{"vintage": {"id": 145536031, "seo_name": "jean-geiler-gewurztraminer-uv", "name": "Jean Geiler Gew\u00fcrztraminer", "statistics": {"status": "Normal", "ratings_count": 444, "ratings_average": 3.8, "labels_count": 430, "reviews_count": 19}, "organic_certification_id": null, "certified_biodynamic": null, "image": {"location": "//images.vivino.com/labels/lGZYwce8TTixY2LNQkGk7w.jpg", "variations": {"large": "//images.vivino.com/thumbs/lGZYwce8TTixY2LNQkGk7w_375x500.jpg", "medium": "//images.vivino.com/thumbs/lGZYwce8TTixY2LNQkGk7w_150x200.jpg", "medium_square": "//images.vivino.com/thumbs/lGZYwce8TTixY2LNQkGk7w_150x150.jpg", "small_square": "//images.vivino.com/thumbs/lGZYwce8TTixY2LNQkGk7w_80x80.jpg"}}, "wine": {"id": 4713058, "name": "Gew\u00fcrztraminer", "seo_name": "gewurztraminer", "type_id": 2, "vintage_type": 0, "is_natural": false, "region": {"id": 387, "name": "Alsace", "name_en": "Vin d'Alsace", "seo_name": "alsace", "country": {"code": "fr", "name": "France", "native_name": "France", "seo_name": "france", "currency": {"code": "EUR", "name": "Euros", "prefix": "\u20ac", "suffix": null}, "regions_count": 1292, "users_count": 5068363, "wines_count": 542471, "wineries_count": 67002, "most_used_grapes": [{"id": 14, "name": "Pinot Noir", "seo_name": "pinot-noir", "has_detailed_info": true, "wines_count": 572334}, {"id": 10, "name": "Merlot", "seo_name": "merlot", "has_detailed_info": true, "wines_count": 566719}, {"id": 5, "name": "Chardonnay", "seo_name": "chardonnay", "has_detailed_info": true, "wines_count": 604208}]}, "parent_id": null, "background_image": {"location": "//images.vivino.com/regions/backgrounds/n9vcTbetTYeiupq175Mgig.jpg", "variations": {"large": "//thumbs.vivino.com/region_backgrounds/n9vcTbetTYeiupq175Mgig_1280x760.jpg", "medium": "//thumbs.vivino.com/region_backgrounds/n9vcTbetTYeiupq175Mgig_600x356.jpg"}}, "class": {"typecast_map": {"background_image": {}, "class": {}}}, "statistics": {"wineries_count": 1612, "wines_count": 21716, "sub_regions_count": 2, "parent_regions_count": 0}}, "review_status": 2, "winery": {"id": 13889, "name": "Jean Geiler", "seo_name": "jean-geiler", "status": 0, "review_status": "Completed", "background_image": null, "statistics": {"ratings_count": 12234, "ratings_average": 3.7, "labels_count": 94597, "wines_count": 110}, "region": {"id": 387, "name": "Alsace", "name_en": "Vin d'Alsace", "seo_name": "alsace", "country": {"code": "fr", "name": "France", "native_name": "France", "seo_name": "france", "currency": {"code": "EUR", "name": "Euros", "prefix": "\u20ac", "suffix": null}, "regions_count": 1292, "users_count": 5068363, "wines_count": 542471, "wineries_count": 67002, "most_used_grapes": [{"id": 14, "name": "Pinot Noir", "seo_name": "pinot-noir", "has_detailed_info": true, "wines_count": 572334}, {"id": 10, "name": "Merlot", "seo_name": "merlot", "has_detailed_info": true, "wines_count": 566719}, {"id": 5, "name": "Chardonnay", "seo_name": "chardonnay", "has_detailed_info": true, "wines_count": 604208}]}, "parent_id": null, "background_image": {"location": "//images.vivino.com/regions/backgrounds/n9vcTbetTYeiupq175Mgig.jpg", "variations": {"large": "//thumbs.vivino.com/region_backgrounds/n9vcTbetTYeiupq175Mgig_1280x760.jpg", "medium": "//thumbs.vivino.com/region_backgrounds/n9vcTbetTYeiupq175Mgig_600x356.jpg"}}, "class": {"typecast_map": {"background_image": {}, "class": {}}}, "statistics": {"wineries_count": 1612, "wines_count": 21716, "sub_regions_count": 2, "parent_regions_count": 0}}, "business_name": "Cave Jean Geiler", "description": "", "specialists_notes": "", "phone": "33 03 89 27 90 27", "email": "vin@geiler.fr", "facebook": "https://www.facebook.com/jeangeiler", "instagram": "", "is_claimed": false, "twitter": "@jeangeiler", "website": "http://www.geiler.fr", "winemaker": null, "wine_maker": null, "address": {"title": null, "name": null, "street": "45 rue de la R\u00e9publique", "street2": null, "neighborhood": null, "city": "Ingersheim", "zip": "68040", "state": null, "country": {"code": "fr", "name": "France", "native_name": "France", "seo_name": "france", "currency": {"code": "EUR", "name": "Euros", "prefix": "\u20ac", "suffix": null}, "regions_count": 1292, "users_count": 5068363, "wines_count": 542471, "wineries_count": 67002, "most_used_grapes": [{"id": 14, "name": "Pinot Noir", "seo_name": "pinot-noir", "has_detailed_info": true, "wines_count": 572334}, {"id": 10, "name": "Merlot", "seo_name": "merlot", "has_detailed_info": true, "wines_count": 566719}, {"id": 5, "name": "Chardonnay", "seo_name": "chardonnay", "has_detailed_info": true, "wines_count": 604208}]}, "company": null, "phone": null, "external_id": null, "residential": null, "vat_number": null, "vat_code": null, "addition": null}, "image": null, "location": {"latitude": 48.09525, "longitude": 7.305026}, "winery_group": null, "first_wines": [], "sponsored_entity_type": null, "sponsored_entity": null}, "statistics": {"status": "Normal", "ratings_count": 444, "ratings_average": 3.8, "labels_count": 3375, "vintages_count": 34}, "rank": {"country": {"description": "Rank within France", "total": 317721, "rank": 24373}, "region": {"description": "Rank within Wine Region", "total": 21296, "rank": 1025}, "winery": {"description": "Rank within Winery", "total": 103, "rank": 5}, "wine_type": {"description": "Rank within all White Wine", "total": 398755, "rank": 21855}, "global": {"description": "Global Rank", "total": 1302068, "rank": 89754}}, "hidden": false, "vintages": [{"id": 163694125, "seo_name": "jean-geiler-gewurztraminer-2020", "name": "Jean Geiler Gew\u00fcrztraminer 2020", "statistics": {"status": "BelowThreshold", "ratings_count": 1, "ratings_average": 0, "labels_count": 8, "reviews_count": 0}, "year": 2020, "grapes": null, "has_valid_ratings": false}, {"id": 161606649, "seo_name": "jean-geiler-gewurztraminer-2019", "name": "Jean Geiler Gew\u00fcrztraminer 2019", "statistics": {"status": "BelowThreshold", "ratings_count": 8, "ratings_average": 0, "labels_count": 105, "reviews_count": 3}, "year": 2019, "grapes": null, "has_valid_ratings": false}, {"id": 158744460, "seo_name": "jean-geiler-gewurztraminer-2018", "name": "Jean Geiler Gew\u00fcrztraminer 2018", "statistics": {"status": "Normal", "ratings_count": 21, "ratings_average": 3.2, "labels_count": 111, "reviews_count": 13}, "year": 2018, "grapes": null, "has_valid_ratings": true}, {"id": 150407582, "seo_name": "jean-geiler-gewurztraminer-2017", "name": "Jean Geiler Gew\u00fcrztraminer 2017", "statistics": {"status": "Normal", "ratings_count": 34, "ratings_average": 4.1, "labels_count": 416, "reviews_count": 12}, "year": 2017, "grapes": null, "has_valid_ratings": true}, {"id": 141970705, "seo_name": "jean-geiler-gewurztraminer-2016", "name": "Jean Geiler Gew\u00fcrztraminer 2016", "statistics": {"status": "Normal", "ratings_count": 43, "ratings_average": 3.7, "labels_count": 750, "reviews_count": 21}, "year": 2016, "grapes": null, "has_valid_ratings": true}, {"id": 122908497, "seo_name": "jean-geiler-gewurztraminer-2015", "name": "Jean Geiler Gew\u00fcrztraminer 2015", "statistics": {"status": "Normal", "ratings_count": 48, "ratings_average": 3.8, "labels_count": 280, "reviews_count": 19}, "year": 2015, "grapes": null, "has_valid_ratings": true}, {"id": 22040026, "seo_name": "jean-geiler-gewurztraminer-2014", "name": "Jean Geiler Gew\u00fcrztraminer 2014", "statistics": {"status": "Normal", "ratings_count": 30, "ratings_average": 3.8, "labels_count": 236, "reviews_count": 10}, "year": 2014, "grapes": null, "has_valid_ratings": true}, {"id": 7010091, "seo_name": "jean-geiler-gewurztraminer-2013", "name": "Jean Geiler Gew\u00fcrztraminer 2013", "statistics": {"status": "Normal", "ratings_count": 97, "ratings_average": 3.8, "labels_count": 509, "reviews_count": 35}, "year": 2013, "grapes": null, "has_valid_ratings": true}, {"id": 3410732, "seo_name": "jean-geiler-gewurztraminer-2012", "name": "Jean Geiler Gew\u00fcrztraminer 2012", "statistics": {"status": "Normal", "ratings_count": 38, "ratings_average": 3.6, "labels_count": 107, "reviews_count": 17}, "year": 2012, "grapes": null, "has_valid_ratings": true}, {"id": 3104362, "seo_name": "jean-geiler-gewurztraminer-2011", "name": "Jean Geiler Gew\u00fcrztraminer 2011", "statistics": {"status": "Normal", "ratings_count": 22, "ratings_average": 3.7, "labels_count": 72, "reviews_count": 4}, "year": 2011, "grapes": null, "has_valid_ratings": true}, {"id": 2899152, "seo_name": "jean-geiler-gewurztraminer-2010", "name": "Jean Geiler Gew\u00fcrztraminer 2010", "statistics": {"status": "BelowThreshold", "ratings_count": 8, "ratings_average": 0, "labels_count": 36, "reviews_count": 3}, "year": 2010, "grapes": null, "has_valid_ratings": false}, {"id": 3454574, "seo_name": "jean-geiler-gewurztraminer-2009", "name": "Jean Geiler Gew\u00fcrztraminer 2009", "statistics": {"status": "BelowThreshold", "ratings_count": 7, "ratings_average": 0, "labels_count": 108, "reviews_count": 0}, "year": 2009, "grapes": null, "has_valid_ratings": false}, {"id": 3315937, "seo_name": "jean-geiler-gewurztraminer-2008", "name": "Jean Geiler Gew\u00fcrztraminer 2008", "statistics": {"status": "Normal", "ratings_count": 11, "ratings_average": 3.6, "labels_count": 117, "reviews_count": 2}, "year": 2008, "grapes": null, "has_valid_ratings": true}, {"id": 3369123, "seo_name": "jean-geiler-gewurztraminer-2007", "name": "Jean Geiler Gew\u00fcrztraminer 2007", "statistics": {"status": "BelowThreshold", "ratings_count": 6, "ratings_average": 0, "labels_count": 23, "reviews_count": 0}, "year": 2007, "grapes": null, "has_valid_ratings": false}, {"id": 23999799, "seo_name": "jean-geiler-gewurztraminer-2005", "name": "Jean Geiler Gew\u00fcrztraminer 2005", "statistics": {"status": "BelowThreshold", "ratings_count": 2, "ratings_average": 0, "labels_count": 4, "reviews_count": 1}, "year": 2005, "grapes": null, "has_valid_ratings": false}, {"id": 79778571, "seo_name": "jean-geiler-gewurztraminer-2004", "name": "Jean Geiler Gew\u00fcrztraminer 2004", "statistics": {"status": "BelowThreshold", "ratings_count": 1, "ratings_average": 0, "labels_count": 6, "reviews_count": 1}, "year": 2004, "grapes": null, "has_valid_ratings": false}, {"id": 4246359, "seo_name": "jean-geiler-gewurztraminer-2003", "name": "Jean Geiler Gew\u00fcrztraminer 2003", "statistics": {"status": "BelowThreshold", "ratings_count": 1, "ratings_average": 0, "labels_count": 5, "reviews_count": 1}, "year": 2003, "grapes": null, "has_valid_ratings": false}, {"id": 12426487, "seo_name": "jean-geiler-gewurztraminer-2002", "name": "Jean Geiler Gew\u00fcrztraminer 2002", "statistics": {"status": "BelowThreshold", "ratings_count": 1, "ratings_average": 0, "labels_count": 3, "reviews_count": 1}, "year": 2002, "grapes": null, "has_valid_ratings": false}, {"id": 96726275, "seo_name": "jean-geiler-gewurztraminer-2000", "name": "Jean Geiler Gew\u00fcrztraminer 2000", "statistics": {"status": "BelowThreshold", "ratings_count": 1, "ratings_average": 0, "labels_count": 4, "reviews_count": 1}, "year": 2000, "grapes": null, "has_valid_ratings": false}, {"id": 145476095, "seo_name": "jean-geiler-gewurztraminer-1985", "name": "Jean Geiler Gew\u00fcrztraminer 1985", "statistics": {"status": "BelowThreshold", "ratings_count": 1, "ratings_average": 0, "labels_count": 1, "reviews_count": 0}, "year": 1985, "grapes": null, "has_valid_ratings": false}, {"id": 145536031, "seo_name": "jean-geiler-gewurztraminer-uv", "name": "Jean Geiler Gew\u00fcrztraminer", "statistics": {"status": "Normal", "ratings_count": 444, "ratings_average": 3.8, "labels_count": 430, "reviews_count": 19}, "year": 0, "grapes": null, "has_valid_ratings": true}], "description": "It has yellow gold robe. Light aromas of overripe nose, honeyed nuances of ripe fruit . The basis of the palace marries delightfully with notes of yellow flowers and spices. This wine is powerful and nuanced, perfect on Thai, spicy and sour , with coconut milk and curry paste .", "grapes": [{"id": 7, "name": "Gew\u00fcrztraminer", "seo_name": "gewurztraminer", "has_detailed_info": true, "wines_count": 58751}], "foods": [{"id": 10, "name": "Pork", "background_image": {"location": "//images.vivino.com/backgrounds/foods/10_pork.png", "variations": {"small": "//images.vivino.com/backgrounds/foods/thumbs/10_pork_932x810.png"}}, "seo_name": "pork"}, {"id": 12, "name": "Rich fish (salmon, tuna etc)", "background_image": {"location": "//images.vivino.com/backgrounds/foods/12_richfish.png", "variations": {"small": "//images.vivino.com/backgrounds/foods/thumbs/12_richfish_932x810.png"}}, "seo_name": null}, {"id": 15, "name": "Spicy food", "background_image": {"location": "//images.vivino.com/backgrounds/foods/15_spicyfood.png", "variations": {"small": "//images.vivino.com/backgrounds/foods/thumbs/15_spicyfood_932x810.png"}}, "seo_name": "spicy-food"}, {"id": 20, "name": "Poultry", "background_image": {"location": "//images.vivino.com/backgrounds/foods/20_chicken.png", "variations": {"small": "//images.vivino.com/backgrounds/foods/thumbs/20_chicken_932x810.png"}}, "seo_name": "poultry"}, {"id": 35, "name": "Mild and soft cheese", "background_image": {"location": "//images.vivino.com/backgrounds/foods/35_softcheese.png", "variations": {"small": "//images.vivino.com/backgrounds/foods/thumbs/35_softcheese_932x810.png"}}, "seo_name": null}], "non_vintage": false, "alcohol": 13.2, "sweetness_id": null, "closure": null, "vintage_mask_raw": null, "updated_at": "2018-03-19T20:37:59Z", "created_at": "2016-08-03T10:30:52Z", "is_first_wine": false, "style": {"id": 83, "seo_name": "alsace-gewurztraminer", "regional_name": "Alsace", "varietal_name": "Gew\u00fcrztraminer", "name": "Alsace Gew\u00fcrztraminer", "image": null, "background_image": null, "description": "Alsace is a wine growing region in Northeast France that borders Germany. Because Alsace is proximal to Germany, cradled in the shadow of the Vosges Mountain range and just west of the Rhine River, it shares many common grape varieties.\n\nGew\u00fcrztraminer can trace its lineage to Alsace, and is the second most planted variety in the region.\n\nGew\u00fcrztraminer is an aromatic grape, this is typically expressed as exotic fruits such as lychee, star fruit, passion fruit or mango. In addition to lush fruit notes, a host of other aromatics makes for a complex and heady elixir\u2014orange peel, roses, honey, and baking spices are also common fragrances. A deep gold color, it tends to be full-bodied with fairly low acidity and sometimes has a lovely spritz (or slight effervescence).\n\nAs a rule, Alsatian Gew\u00fcrztraminer is unoaked, and is produced in both a dry and off-dry style. Late Harvest Gew\u00fcrz are made as well, generally labeled as Vendange Tardive (VT) and S\u00e9lection de Grains Nobles (or SGN meaning that the wines have been affected by Noble Rot).\n\nUniversally known as the wine to pair with spicy Asian cuisine, Gew\u00fcrztraminer has a broader range of pairing potential. Both dry and off-dry Gew\u00fcrztraminer will compliment roast duck, washed-rind cheeses like Epoisses, cream of potato soup, bratwurst, omelets with smoked salmon and pizza with figs and Praga ham. Pair off-dry Gew\u00fcrztraminer with foie gras, apple tartin, or desserts featuring tropical fruit.", "blurb": null, "interesting_facts": ["Literally translated, Gew\u00fcrztraminer means \u201cspicy Traminer\u201d and is thought to be a mutation of Sauvignon Blanc.", "Alsatian wines are bottled in tall, flute shaped bottles called vin du Rhin or \u201cRhine wine bottle\u201d. They are known as hock bottles.", "Alsace wine is heavily influenced by Germany, the nationality of the region has changed several times through history, from France to Germany and vice-versa.", "The last time this change occurred was during World War II, Alsace was annexed by Germany in 1942 and was not returned to France until after the Allied Invasion in 1945."], "body": 5, "body_description": "Very full-bodied", "acidity": 1, "acidity_description": "Low", "country": {"code": "fr", "name": "France", "native_name": "France", "seo_name": "france", "currency": {"code": "EUR", "name": "Euros", "prefix": "\u20ac", "suffix": null}, "regions_count": 1292, "users_count": 5068363, "wines_count": 542471, "wineries_count": 67002, "most_used_grapes": [{"id": 14, "name": "Pinot Noir", "seo_name": "pinot-noir", "has_detailed_info": true, "wines_count": 572334}, {"id": 10, "name": "Merlot", "seo_name": "merlot", "has_detailed_info": true, "wines_count": 566719}, {"id": 5, "name": "Chardonnay", "seo_name": "chardonnay", "has_detailed_info": true, "wines_count": 604208}]}, "wine_type_id": 2, "food": [{"id": 10, "name": "Pork", "background_image": {"location": "//images.vivino.com/backgrounds/foods/10_pork.png", "variations": {"small": "//images.vivino.com/backgrounds/foods/thumbs/10_pork_932x810.png"}}, "seo_name": "pork"}, {"id": 12, "name": "Rich fish (salmon, tuna etc)", "background_image": {"location": "//images.vivino.com/backgrounds/foods/12_richfish.png", "variations": {"small": "//images.vivino.com/backgrounds/foods/thumbs/12_richfish_932x810.png"}}, "seo_name": null}, {"id": 15, "name": "Spicy food", "background_image": {"location": "//images.vivino.com/backgrounds/foods/15_spicyfood.png", "variations": {"small": "//images.vivino.com/backgrounds/foods/thumbs/15_spicyfood_932x810.png"}}, "seo_name": "spicy-food"}, {"id": 20, "name": "Poultry", "background_image": {"location": "//images.vivino.com/backgrounds/foods/20_chicken.png", "variations": {"small": "//images.vivino.com/backgrounds/foods/thumbs/20_chicken_932x810.png"}}, "seo_name": "poultry"}, {"id": 35, "name": "Mild and soft cheese", "background_image": {"location": "//images.vivino.com/backgrounds/foods/35_softcheese.png", "variations": {"small": "//images.vivino.com/backgrounds/foods/thumbs/35_softcheese_932x810.png"}}, "seo_name": null}], "grapes": [{"id": 7, "name": "Gew\u00fcrztraminer", "seo_name": "gewurztraminer", "has_detailed_info": true, "wines_count": 58751}], "region": {"id": 387, "name": "Alsace", "name_en": "Vin d'Alsace", "seo_name": "alsace", "country": {"code": "fr", "name": "France", "native_name": "France", "seo_name": "france", "currency": {"code": "EUR", "name": "Euros", "prefix": "\u20ac", "suffix": null}, "regions_count": 1292, "users_count": 5068363, "wines_count": 542471, "wineries_count": 67002, "most_used_grapes": [{"id": 14, "name": "Pinot Noir", "seo_name": "pinot-noir", "has_detailed_info": true, "wines_count": 572334}, {"id": 10, "name": "Merlot", "seo_name": "merlot", "has_detailed_info": true, "wines_count": 566719}, {"id": 5, "name": "Chardonnay", "seo_name": "chardonnay", "has_detailed_info": true, "wines_count": 604208}]}, "parent_id": null, "background_image": {"location": "//images.vivino.com/regions/backgrounds/n9vcTbetTYeiupq175Mgig.jpg", "variations": {"large": "//thumbs.vivino.com/region_backgrounds/n9vcTbetTYeiupq175Mgig_1280x760.jpg", "medium": "//thumbs.vivino.com/region_backgrounds/n9vcTbetTYeiupq175Mgig_600x356.jpg"}}, "class": {"typecast_map": {"background_image": {}, "class": {}}}, "statistics": {"wineries_count": 1614, "wines_count": 21988, "sub_regions_count": 2, "parent_regions_count": 0}}}, "has_valid_ratings": true}, "description": "", "wine_critic_reviews": [], "awards": [], "ratings_distribution": {"1": 11, "2": 24, "3": 140, "4": 209, "5": 60}, "ranking": {"country": {"description": "Rank within France", "total": 2497606, "rank": 174345}, "region": {"description": "Rank within Wine Region", "total": 161664, "rank": 7253}, "winery": {"description": "Rank within Winery", "total": 1020, "rank": 25}, "global": {"description": "Global Rank", "total": 8944676, "rank": 639172}}, "wine_facts": {}, "winemaker": null, "wine_maker": null, "grape_composition": {}, "year": "", "grapes": null, "has_valid_ratings": true}, "carts": null, "full_region": null, "tastes": null, "wine": {"id": 4713058, "name": "Gew\u00fcrztraminer", "seo_name": "gewurztraminer", "type_id": 2, "vintage_type": 0, "is_natural": false, "region": {"id": 387, "name": "Alsace", "name_en": "Vin d'Alsace", "seo_name": "alsace", "country": {"code": "fr", "name": "France", "native_name": "France", "seo_name": "france", "currency": {"code": "EUR", "name": "Euros", "prefix": "\u20ac", "suffix": null}, "regions_count": 1292, "users_count": 5068363, "wines_count": 542471, "wineries_count": 67002, "most_used_grapes": [{"id": 14, "name": "Pinot Noir", "seo_name": "pinot-noir", "has_detailed_info": true, "wines_count": 572334}, {"id": 10, "name": "Merlot", "seo_name": "merlot", "has_detailed_info": true, "wines_count": 566719}, {"id": 5, "name": "Chardonnay", "seo_name": "chardonnay", "has_detailed_info": true, "wines_count": 604208}]}, "parent_id": null, "background_image": {"location": "//images.vivino.com/regions/backgrounds/n9vcTbetTYeiupq175Mgig.jpg", "variations": {"large": "//thumbs.vivino.com/region_backgrounds/n9vcTbetTYeiupq175Mgig_1280x760.jpg", "medium": "//thumbs.vivino.com/region_backgrounds/n9vcTbetTYeiupq175Mgig_600x356.jpg"}}, "class": {"typecast_map": {"background_image": {}, "class": {}}}, "statistics": {"wineries_count": 1612, "wines_count": 21716, "sub_regions_count": 2, "parent_regions_count": 0}}, "review_status": 2, "winery": {"id": 13889, "name": "Jean Geiler", "seo_name": "jean-geiler", "status": 0, "review_status": "Completed", "background_image": null, "statistics": {"ratings_count": 12234, "ratings_average": 3.7, "labels_count": 94597, "wines_count": 110}, "region": {"id": 387, "name": "Alsace", "name_en": "Vin d'Alsace", "seo_name": "alsace", "country": {"code": "fr", "name": "France", "native_name": "France", "seo_name": "france", "currency": {"code": "EUR", "name": "Euros", "prefix": "\u20ac", "suffix": null}, "regions_count": 1292, "users_count": 5068363, "wines_count": 542471, "wineries_count": 67002, "most_used_grapes": [{"id": 14, "name": "Pinot Noir", "seo_name": "pinot-noir", "has_detailed_info": true, "wines_count": 572334}, {"id": 10, "name": "Merlot", "seo_name": "merlot", "has_detailed_info": true, "wines_count": 566719}, {"id": 5, "name": "Chardonnay", "seo_name": "chardonnay", "has_detailed_info": true, "wines_count": 604208}]}, "parent_id": null, "background_image": {"location": "//images.vivino.com/regions/backgrounds/n9vcTbetTYeiupq175Mgig.jpg", "variations": {"large": "//thumbs.vivino.com/region_backgrounds/n9vcTbetTYeiupq175Mgig_1280x760.jpg", "medium": "//thumbs.vivino.com/region_backgrounds/n9vcTbetTYeiupq175Mgig_600x356.jpg"}}, "class": {"typecast_map": {"background_image": {}, "class": {}}}, "statistics": {"wineries_count": 1612, "wines_count": 21716, "sub_regions_count": 2, "parent_regions_count": 0}}}, "image": {"location": "//images.vivino.com/labels/lGZYwce8TTixY2LNQkGk7w.jpg", "variations": {"large": "//images.vivino.com/thumbs/lGZYwce8TTixY2LNQkGk7w_375x500.jpg", "medium": "//images.vivino.com/thumbs/lGZYwce8TTixY2LNQkGk7w_150x200.jpg", "medium_square": "//images.vivino.com/thumbs/lGZYwce8TTixY2LNQkGk7w_150x150.jpg", "small_square": "//images.vivino.com/thumbs/lGZYwce8TTixY2LNQkGk7w_80x80.jpg"}}, "statistics": {"status": "Normal", "ratings_count": 444, "ratings_average": 3.8, "labels_count": 3375, "vintages_count": 34}, "rank": null, "hidden": false, "vintages": [{"id": 168773354, "seo_name": "jean-geiler-gewurztraminer-2021", "name": "Jean Geiler Gew\u00fcrztraminer 2021", "statistics": {"status": "BelowThreshold", "ratings_count": 0, "ratings_average": 0, "labels_count": 2, "reviews_count": 0}, "year": 2021, "grapes": null, "has_valid_ratings": false}, {"id": 163694125, "seo_name": "jean-geiler-gewurztraminer-2020", "name": "Jean Geiler Gew\u00fcrztraminer 2020", "statistics": {"status": "BelowThreshold", "ratings_count": 1, "ratings_average": 0, "labels_count": 8, "reviews_count": 0}, "year": 2020, "grapes": null, "has_valid_ratings": false}, {"id": 161606649, "seo_name": "jean-geiler-gewurztraminer-2019", "name": "Jean Geiler Gew\u00fcrztraminer 2019", "statistics": {"status": "BelowThreshold", "ratings_count": 8, "ratings_average": 0, "labels_count": 105, "reviews_count": 3}, "year": 2019, "grapes": null, "has_valid_ratings": false}, {"id": 158744460, "seo_name": "jean-geiler-gewurztraminer-2018", "name": "Jean Geiler Gew\u00fcrztraminer 2018", "statistics": {"status": "Normal", "ratings_count": 21, "ratings_average": 3.2, "labels_count": 111, "reviews_count": 13}, "year": 2018, "grapes": null, "has_valid_ratings": true}, {"id": 150407582, "seo_name": "jean-geiler-gewurztraminer-2017", "name": "Jean Geiler Gew\u00fcrztraminer 2017", "statistics": {"status": "Normal", "ratings_count": 34, "ratings_average": 4.1, "labels_count": 416, "reviews_count": 12}, "year": 2017, "grapes": null, "has_valid_ratings": true}, {"id": 141970705, "seo_name": "jean-geiler-gewurztraminer-2016", "name": "Jean Geiler Gew\u00fcrztraminer 2016", "statistics": {"status": "Normal", "ratings_count": 43, "ratings_average": 3.7, "labels_count": 750, "reviews_count": 21}, "year": 2016, "grapes": null, "has_valid_ratings": true}, {"id": 122908497, "seo_name": "jean-geiler-gewurztraminer-2015", "name": "Jean Geiler Gew\u00fcrztraminer 2015", "statistics": {"status": "Normal", "ratings_count": 48, "ratings_average": 3.8, "labels_count": 280, "reviews_count": 19}, "year": 2015, "grapes": null, "has_valid_ratings": true}, {"id": 22040026, "seo_name": "jean-geiler-gewurztraminer-2014", "name": "Jean Geiler Gew\u00fcrztraminer 2014", "statistics": {"status": "Normal", "ratings_count": 30, "ratings_average": 3.8, "labels_count": 236, "reviews_count": 10}, "year": 2014, "grapes": null, "has_valid_ratings": true}, {"id": 7010091, "seo_name": "jean-geiler-gewurztraminer-2013", "name": "Jean Geiler Gew\u00fcrztraminer 2013", "statistics": {"status": "Normal", "ratings_count": 97, "ratings_average": 3.8, "labels_count": 509, "reviews_count": 35}, "year": 2013, "grapes": null, "has_valid_ratings": true}, {"id": 3410732, "seo_name": "jean-geiler-gewurztraminer-2012", "name": "Jean Geiler Gew\u00fcrztraminer 2012", "statistics": {"status": "Normal", "ratings_count": 38, "ratings_average": 3.6, "labels_count": 107, "reviews_count": 17}, "year": 2012, "grapes": null, "has_valid_ratings": true}, {"id": 3104362, "seo_name": "jean-geiler-gewurztraminer-2011", "name": "Jean Geiler Gew\u00fcrztraminer 2011", "statistics": {"status": "Normal", "ratings_count": 22, "ratings_average": 3.7, "labels_count": 72, "reviews_count": 4}, "year": 2011, "grapes": null, "has_valid_ratings": true}, {"id": 2899152, "seo_name": "jean-geiler-gewurztraminer-2010", "name": "Jean Geiler Gew\u00fcrztraminer 2010", "statistics": {"status": "BelowThreshold", "ratings_count": 8, "ratings_average": 0, "labels_count": 36, "reviews_count": 3}, "year": 2010, "grapes": null, "has_valid_ratings": false}, {"id": 3454574, "seo_name": "jean-geiler-gewurztraminer-2009", "name": "Jean Geiler Gew\u00fcrztraminer 2009", "statistics": {"status": "BelowThreshold", "ratings_count": 7, "ratings_average": 0, "labels_count": 108, "reviews_count": 0}, "year": 2009, "grapes": null, "has_valid_ratings": false}, {"id": 3315937, "seo_name": "jean-geiler-gewurztraminer-2008", "name": "Jean Geiler Gew\u00fcrztraminer 2008", "statistics": {"status": "Normal", "ratings_count": 11, "ratings_average": 3.6, "labels_count": 117, "reviews_count": 2}, "year": 2008, "grapes": null, "has_valid_ratings": true}, {"id": 3369123, "seo_name": "jean-geiler-gewurztraminer-2007", "name": "Jean Geiler Gew\u00fcrztraminer 2007", "statistics": {"status": "BelowThreshold", "ratings_count": 6, "ratings_average": 0, "labels_count": 23, "reviews_count": 0}, "year": 2007, "grapes": null, "has_valid_ratings": false}, {"id": 163775198, "seo_name": "jean-geiler-gewurztraminer-2006", "name": "Jean Geiler Gew\u00fcrztraminer 2006", "statistics": {"status": "BelowThreshold", "ratings_count": 0, "ratings_average": 0, "labels_count": 2, "reviews_count": 0}, "year": 2006, "grapes": null, "has_valid_ratings": false}, {"id": 23999799, "seo_name": "jean-geiler-gewurztraminer-2005", "name": "Jean Geiler Gew\u00fcrztraminer 2005", "statistics": {"status": "BelowThreshold", "ratings_count": 2, "ratings_average": 0, "labels_count": 4, "reviews_count": 1}, "year": 2005, "grapes": null, "has_valid_ratings": false}, {"id": 79778571, "seo_name": "jean-geiler-gewurztraminer-2004", "name": "Jean Geiler Gew\u00fcrztraminer 2004", "statistics": {"status": "BelowThreshold", "ratings_count": 1, "ratings_average": 0, "labels_count": 6, "reviews_count": 1}, "year": 2004, "grapes": null, "has_valid_ratings": false}, {"id": 4246359, "seo_name": "jean-geiler-gewurztraminer-2003", "name": "Jean Geiler Gew\u00fcrztraminer 2003", "statistics": {"status": "BelowThreshold", "ratings_count": 1, "ratings_average": 0, "labels_count": 5, "reviews_count": 1}, "year": 2003, "grapes": null, "has_valid_ratings": false}, {"id": 12426487, "seo_name": "jean-geiler-gewurztraminer-2002", "name": "Jean Geiler Gew\u00fcrztraminer 2002", "statistics": {"status": "BelowThreshold", "ratings_count": 1, "ratings_average": 0, "labels_count": 3, "reviews_count": 1}, "year": 2002, "grapes": null, "has_valid_ratings": false}, {"id": 3542323, "seo_name": "jean-geiler-gewurztraminer-2001", "name": "Jean Geiler Gew\u00fcrztraminer 2001", "statistics": {"status": "BelowThreshold", "ratings_count": 0, "ratings_average": 0, "labels_count": 5, "reviews_count": 0}, "year": 2001, "grapes": null, "has_valid_ratings": false}, {"id": 96726275, "seo_name": "jean-geiler-gewurztraminer-2000", "name": "Jean Geiler Gew\u00fcrztraminer 2000", "statistics": {"status": "BelowThreshold", "ratings_count": 1, "ratings_average": 0, "labels_count": 4, "reviews_count": 1}, "year": 2000, "grapes": null, "has_valid_ratings": false}, {"id": 163732525, "seo_name": "jean-geiler-gewurztraminer-1999", "name": "Jean Geiler Gew\u00fcrztraminer 1999", "statistics": {"status": "BelowThreshold", "ratings_count": 0, "ratings_average": 0, "labels_count": 2, "reviews_count": 0}, "year": 1999, "grapes": null, "has_valid_ratings": false}, {"id": 25484301, "seo_name": "jean-geiler-gewurztraminer-1998", "name": "Jean Geiler Gew\u00fcrztraminer 1998", "statistics": {"status": "BelowThreshold", "ratings_count": 0, "ratings_average": 0, "labels_count": 1, "reviews_count": 0}, "year": 1998, "grapes": null, "has_valid_ratings": false}, {"id": 44865008, "seo_name": "jean-geiler-gewurztraminer-1997", "name": "Jean Geiler Gew\u00fcrztraminer 1997", "statistics": {"status": "BelowThreshold", "ratings_count": 0, "ratings_average": 0, "labels_count": 2, "reviews_count": 0}, "year": 1997, "grapes": null, "has_valid_ratings": false}, {"id": 153421422, "seo_name": "jean-geiler-gewurztraminer-1994", "name": "Jean Geiler Gew\u00fcrztraminer 1994", "statistics": {"status": "BelowThreshold", "ratings_count": 0, "ratings_average": 0, "labels_count": 4, "reviews_count": 0}, "year": 1994, "grapes": null, "has_valid_ratings": false}, {"id": 20951529, "seo_name": "jean-geiler-gewurztraminer-1993", "name": "Jean Geiler Gew\u00fcrztraminer 1993", "statistics": {"status": "BelowThreshold", "ratings_count": 0, "ratings_average": 0, "labels_count": 2, "reviews_count": 0}, "year": 1993, "grapes": null, "has_valid_ratings": false}, {"id": 158024635, "seo_name": "jean-geiler-gewurztraminer-1990", "name": "Jean Geiler Gew\u00fcrztraminer 1990", "statistics": {"status": "BelowThreshold", "ratings_count": 0, "ratings_average": 0, "labels_count": 0, "reviews_count": 0}, "year": 1990, "grapes": null, "has_valid_ratings": false}, {"id": 156865704, "seo_name": "jean-geiler-gewurztraminer-1989", "name": "Jean Geiler Gew\u00fcrztraminer 1989", "statistics": {"status": "BelowThreshold", "ratings_count": 0, "ratings_average": 0, "labels_count": 2, "reviews_count": 0}, "year": 1989, "grapes": null, "has_valid_ratings": false}, {"id": 145476095, "seo_name": "jean-geiler-gewurztraminer-1985", "name": "Jean Geiler Gew\u00fcrztraminer 1985", "statistics": {"status": "BelowThreshold", "ratings_count": 1, "ratings_average": 0, "labels_count": 1, "reviews_count": 0}, "year": 1985, "grapes": null, "has_valid_ratings": false}, {"id": 156126987, "seo_name": "jean-geiler-gewurztraminer-1970", "name": "Jean Geiler Gew\u00fcrztraminer 1970", "statistics": {"status": "BelowThreshold", "ratings_count": 0, "ratings_average": 0, "labels_count": 0, "reviews_count": 0}, "year": 1970, "grapes": null, "has_valid_ratings": false}, {"id": 146376167, "seo_name": "jean-geiler-gewurztraminer-1955", "name": "Jean Geiler Gew\u00fcrztraminer 1955", "statistics": {"status": "BelowThreshold", "ratings_count": 0, "ratings_average": 0, "labels_count": 0, "reviews_count": 0}, "year": 1955, "grapes": null, "has_valid_ratings": false}, {"id": 150760073, "seo_name": "jean-geiler-gewurztraminer-1900", "name": "Jean Geiler Gew\u00fcrztraminer 1900", "statistics": {"status": "BelowThreshold", "ratings_count": 0, "ratings_average": 0, "labels_count": 0, "reviews_count": 0}, "year": 1900, "grapes": null, "has_valid_ratings": false}, {"id": 145536031, "seo_name": "jean-geiler-gewurztraminer-uv", "name": "Jean Geiler Gew\u00fcrztraminer", "statistics": {"status": "Normal", "ratings_count": 444, "ratings_average": 3.8, "labels_count": 430, "reviews_count": 19}, "year": 0, "grapes": null, "has_valid_ratings": true}], "description": "It has yellow gold robe. Light aromas of overripe nose, honeyed nuances of ripe fruit . The basis of the palace marries delightfully with notes of yellow flowers and spices. This wine is powerful and nuanced, perfect on Thai, spicy and sour , with coconut milk and curry paste .", "grapes": [{"id": 7, "name": "Gew\u00fcrztraminer", "seo_name": "gewurztraminer", "has_detailed_info": true, "wines_count": 58751}], "foods": [{"id": 10, "name": "Pork", "background_image": {"location": "//images.vivino.com/backgrounds/foods/10_pork.png", "variations": {"small": "//images.vivino.com/backgrounds/foods/thumbs/10_pork_932x810.png"}}, "seo_name": "pork"}, {"id": 12, "name": "Rich fish (salmon, tuna etc)", "background_image": {"location": "//images.vivino.com/backgrounds/foods/12_richfish.png", "variations": {"small": "//images.vivino.com/backgrounds/foods/thumbs/12_richfish_932x810.png"}}, "seo_name": null}, {"id": 15, "name": "Spicy food", "background_image": {"location": "//images.vivino.com/backgrounds/foods/15_spicyfood.png", "variations": {"small": "//images.vivino.com/backgrounds/foods/thumbs/15_spicyfood_932x810.png"}}, "seo_name": "spicy-food"}, {"id": 20, "name": "Poultry", "background_image": {"location": "//images.vivino.com/backgrounds/foods/20_chicken.png", "variations": {"small": "//images.vivino.com/backgrounds/foods/thumbs/20_chicken_932x810.png"}}, "seo_name": "poultry"}, {"id": 35, "name": "Mild and soft cheese", "background_image": {"location": "//images.vivino.com/backgrounds/foods/35_softcheese.png", "variations": {"small": "//images.vivino.com/backgrounds/foods/thumbs/35_softcheese_932x810.png"}}, "seo_name": null}], "non_vintage": false, "alcohol": 13.2, "sweetness_id": null, "closure": null, "vintage_mask_raw": null, "updated_at": "2018-03-19T20:37:59Z", "created_at": "2016-08-03T10:30:52Z", "is_first_wine": false, "style": {"id": 83, "seo_name": "alsace-gewurztraminer", "regional_name": "Alsace", "varietal_name": "Gew\u00fcrztraminer", "name": "Alsace Gew\u00fcrztraminer", "image": null, "background_image": null, "description": "Alsace is a wine growing region in Northeast France that borders Germany. Because Alsace is proximal to Germany, cradled in the shadow of the Vosges Mountain range and just west of the Rhine River, it shares many common grape varieties.\n\nGew\u00fcrztraminer can trace its lineage to Alsace, and is the second most planted variety in the region.\n\nGew\u00fcrztraminer is an aromatic grape, this is typically expressed as exotic fruits such as lychee, star fruit, passion fruit or mango. In addition to lush fruit notes, a host of other aromatics makes for a complex and heady elixir\u2014orange peel, roses, honey, and baking spices are also common fragrances. A deep gold color, it tends to be full-bodied with fairly low acidity and sometimes has a lovely spritz (or slight effervescence).\n\nAs a rule, Alsatian Gew\u00fcrztraminer is unoaked, and is produced in both a dry and off-dry style. Late Harvest Gew\u00fcrz are made as well, generally labeled as Vendange Tardive (VT) and S\u00e9lection de Grains Nobles (or SGN meaning that the wines have been affected by Noble Rot).\n\nUniversally known as the wine to pair with spicy Asian cuisine, Gew\u00fcrztraminer has a broader range of pairing potential. Both dry and off-dry Gew\u00fcrztraminer will compliment roast duck, washed-rind cheeses like Epoisses, cream of potato soup, bratwurst, omelets with smoked salmon and pizza with figs and Praga ham. Pair off-dry Gew\u00fcrztraminer with foie gras, apple tartin, or desserts featuring tropical fruit.", "blurb": null, "interesting_facts": ["Literally translated, Gew\u00fcrztraminer means \u201cspicy Traminer\u201d and is thought to be a mutation of Sauvignon Blanc.", "Alsatian wines are bottled in tall, flute shaped bottles called vin du Rhin or \u201cRhine wine bottle\u201d. They are known as hock bottles.", "Alsace wine is heavily influenced by Germany, the nationality of the region has changed several times through history, from France to Germany and vice-versa.", "The last time this change occurred was during World War II, Alsace was annexed by Germany in 1942 and was not returned to France until after the Allied Invasion in 1945."], "body": 5, "body_description": "Very full-bodied", "acidity": 1, "acidity_description": "Low", "country": {"code": "fr", "name": "France", "native_name": "France", "seo_name": "france", "currency": {"code": "EUR", "name": "Euros", "prefix": "\u20ac", "suffix": null}, "regions_count": 1292, "users_count": 5068363, "wines_count": 542471, "wineries_count": 67002, "most_used_grapes": [{"id": 14, "name": "Pinot Noir", "seo_name": "pinot-noir", "has_detailed_info": true, "wines_count": 572334}, {"id": 10, "name": "Merlot", "seo_name": "merlot", "has_detailed_info": true, "wines_count": 566719}, {"id": 5, "name": "Chardonnay", "seo_name": "chardonnay", "has_detailed_info": true, "wines_count": 604208}]}, "wine_type_id": 2, "food": [{"id": 10, "name": "Pork", "background_image": {"location": "//images.vivino.com/backgrounds/foods/10_pork.png", "variations": {"small": "//images.vivino.com/backgrounds/foods/thumbs/10_pork_932x810.png"}}, "seo_name": "pork"}, {"id": 12, "name": "Rich fish (salmon, tuna etc)", "background_image": {"location": "//images.vivino.com/backgrounds/foods/12_richfish.png", "variations": {"small": "//images.vivino.com/backgrounds/foods/thumbs/12_richfish_932x810.png"}}, "seo_name": null}, {"id": 15, "name": "Spicy food", "background_image": {"location": "//images.vivino.com/backgrounds/foods/15_spicyfood.png", "variations": {"small": "//images.vivino.com/backgrounds/foods/thumbs/15_spicyfood_932x810.png"}}, "seo_name": "spicy-food"}, {"id": 20, "name": "Poultry", "background_image": {"location": "//images.vivino.com/backgrounds/foods/20_chicken.png", "variations": {"small": "//images.vivino.com/backgrounds/foods/thumbs/20_chicken_932x810.png"}}, "seo_name": "poultry"}, {"id": 35, "name": "Mild and soft cheese", "background_image": {"location": "//images.vivino.com/backgrounds/foods/35_softcheese.png", "variations": {"small": "//images.vivino.com/backgrounds/foods/thumbs/35_softcheese_932x810.png"}}, "seo_name": null}], "grapes": [{"id": 7, "name": "Gew\u00fcrztraminer", "seo_name": "gewurztraminer", "has_detailed_info": true, "wines_count": 58751}], "region": {"id": 387, "name": "Alsace", "name_en": "Vin d'Alsace", "seo_name": "alsace", "country": {"code": "fr", "name": "France", "native_name": "France", "seo_name": "france", "currency": {"code": "EUR", "name": "Euros", "prefix": "\u20ac", "suffix": null}, "regions_count": 1292, "users_count": 5068363, "wines_count": 542471, "wineries_count": 67002, "most_used_grapes": [{"id": 14, "name": "Pinot Noir", "seo_name": "pinot-noir", "has_detailed_info": true, "wines_count": 572334}, {"id": 10, "name": "Merlot", "seo_name": "merlot", "has_detailed_info": true, "wines_count": 566719}, {"id": 5, "name": "Chardonnay", "seo_name": "chardonnay", "has_detailed_info": true, "wines_count": 604208}]}, "parent_id": null, "background_image": {"location": "//images.vivino.com/regions/backgrounds/n9vcTbetTYeiupq175Mgig.jpg", "variations": {"large": "//thumbs.vivino.com/region_backgrounds/n9vcTbetTYeiupq175Mgig_1280x760.jpg", "medium": "//thumbs.vivino.com/region_backgrounds/n9vcTbetTYeiupq175Mgig_600x356.jpg"}}, "class": {"typecast_map": {"background_image": {}, "class": {}}}, "statistics": {"wineries_count": 1614, "wines_count": 21988, "sub_regions_count": 2, "parent_regions_count": 0}}}, "has_valid_ratings": true}, "highlights": [{"vintage_id": 150407582, "highlight_type": "best_user_rated", "message": "This vintage rates better than any other year for this wine", "icon": "https://images.vivino.com/highlights/icon/best_user_rated.svg", "metadata": {"price": null, "wine_id": 4713058, "toplist": null, "ws_award": null, "critic_review_id": null, "ratings_average": 4.1, "ratings_count": 34, "vintage_year": "2017", "rank_type": "global", "ranks": {"country": {"description": "Rank within France", "total": 2497606, "rank": 220736}, "region": {"description": "Rank within Wine Region", "total": 161664, "rank": 9838}, "winery": {"description": "Rank within Winery", "total": 1020, "rank": 50}, "global": {"description": "Global Rank", "total": 8944676, "rank": 800768}}, "style": {"id": 83, "seo_name": "alsace-gewurztraminer", "regional_name": "Alsace", "varietal_name": "Gew\u00fcrztraminer", "name": "Alsace Gew\u00fcrztraminer", "image": null, "background_image": null, "description": "Alsace is a wine growing region in Northeast France that borders Germany. Because Alsace is proximal to Germany, cradled in the shadow of the Vosges Mountain range and just west of the Rhine River, it shares many common grape varieties.\n\nGew\u00fcrztraminer can trace its lineage to Alsace, and is the second most planted variety in the region.\n\nGew\u00fcrztraminer is an aromatic grape, this is typically expressed as exotic fruits such as lychee, star fruit, passion fruit or mango. In addition to lush fruit notes, a host of other aromatics makes for a complex and heady elixir\u2014orange peel, roses, honey, and baking spices are also common fragrances. A deep gold color, it tends to be full-bodied with fairly low acidity and sometimes has a lovely spritz (or slight effervescence).\n\nAs a rule, Alsatian Gew\u00fcrztraminer is unoaked, and is produced in both a dry and off-dry style. Late Harvest Gew\u00fcrz are made as well, generally labeled as Vendange Tardive (VT) and S\u00e9lection de Grains Nobles (or SGN meaning that the wines have been affected by Noble Rot).\n\nUniversally known as the wine to pair with spicy Asian cuisine, Gew\u00fcrztraminer has a broader range of pairing potential. Both dry and off-dry Gew\u00fcrztraminer will compliment roast duck, washed-rind cheeses like Epoisses, cream of potato soup, bratwurst, omelets with smoked salmon and pizza with figs and Praga ham. Pair off-dry Gew\u00fcrztraminer with foie gras, apple tartin, or desserts featuring tropical fruit.", "blurb": null, "interesting_facts": ["Literally translated, Gew\u00fcrztraminer means \u201cspicy Traminer\u201d and is thought to be a mutation of Sauvignon Blanc.", "Alsatian wines are bottled in tall, flute shaped bottles called vin du Rhin or \u201cRhine wine bottle\u201d. They are known as hock bottles.", "Alsace wine is heavily influenced by Germany, the nationality of the region has changed several times through history, from France to Germany and vice-versa.", "The last time this change occurred was during World War II, Alsace was annexed by Germany in 1942 and was not returned to France until after the Allied Invasion in 1945."], "body": 5, "body_description": "Very full-bodied", "acidity": 1, "acidity_description": "Low", "country": {"code": "fr", "name": "France", "native_name": "France", "seo_name": "france", "currency": {"code": "EUR", "name": "Euros", "prefix": "\u20ac", "suffix": null}, "regions_count": 1292, "users_count": 5068363, "wines_count": 542471, "wineries_count": 67002, "most_used_grapes": [{"id": 14, "name": "Pinot Noir", "seo_name": "pinot-noir", "has_detailed_info": true, "wines_count": 572334}, {"id": 10, "name": "Merlot", "seo_name": "merlot", "has_detailed_info": true, "wines_count": 566719}, {"id": 5, "name": "Chardonnay", "seo_name": "chardonnay", "has_detailed_info": true, "wines_count": 604208}]}, "wine_type_id": 2, "food": [{"id": 10, "name": "Pork", "background_image": {"location": "//images.vivino.com/backgrounds/foods/10_pork.png", "variations": {"small": "//images.vivino.com/backgrounds/foods/thumbs/10_pork_932x810.png"}}, "seo_name": "pork"}, {"id": 12, "name": "Rich fish (salmon, tuna etc)", "background_image": {"location": "//images.vivino.com/backgrounds/foods/12_richfish.png", "variations": {"small": "//images.vivino.com/backgrounds/foods/thumbs/12_richfish_932x810.png"}}, "seo_name": null}, {"id": 15, "name": "Spicy food", "background_image": {"location": "//images.vivino.com/backgrounds/foods/15_spicyfood.png", "variations": {"small": "//images.vivino.com/backgrounds/foods/thumbs/15_spicyfood_932x810.png"}}, "seo_name": "spicy-food"}, {"id": 20, "name": "Poultry", "background_image": {"location": "//images.vivino.com/backgrounds/foods/20_chicken.png", "variations": {"small": "//images.vivino.com/backgrounds/foods/thumbs/20_chicken_932x810.png"}}, "seo_name": "poultry"}, {"id": 35, "name": "Mild and soft cheese", "background_image": {"location": "//images.vivino.com/backgrounds/foods/35_softcheese.png", "variations": {"small": "//images.vivino.com/backgrounds/foods/thumbs/35_softcheese_932x810.png"}}, "seo_name": null}], "grapes": [{"id": 7, "name": "Gew\u00fcrztraminer", "seo_name": "gewurztraminer", "has_detailed_info": true, "wines_count": 58751}], "region": {"id": 387, "name": "Alsace", "name_en": "Vin d'Alsace", "seo_name": "alsace", "country": {"code": "fr", "name": "France", "native_name": "France", "seo_name": "france", "currency": {"code": "EUR", "name": "Euros", "prefix": "\u20ac", "suffix": null}, "regions_count": 1292, "users_count": 5068363, "wines_count": 542471, "wineries_count": 67002, "most_used_grapes": [{"id": 14, "name": "Pinot Noir", "seo_name": "pinot-noir", "has_detailed_info": true, "wines_count": 572334}, {"id": 10, "name": "Merlot", "seo_name": "merlot", "has_detailed_info": true, "wines_count": 566719}, {"id": 5, "name": "Chardonnay", "seo_name": "chardonnay", "has_detailed_info": true, "wines_count": 604208}]}, "parent_id": null, "background_image": {"location": "//images.vivino.com/regions/backgrounds/n9vcTbetTYeiupq175Mgig.jpg", "variations": {"large": "//thumbs.vivino.com/region_backgrounds/n9vcTbetTYeiupq175Mgig_1280x760.jpg", "medium": "//thumbs.vivino.com/region_backgrounds/n9vcTbetTYeiupq175Mgig_600x356.jpg"}}, "class": {"typecast_map": {"background_image": {}, "class": {}}}, "statistics": {"wineries_count": 1614, "wines_count": 21988, "sub_regions_count": 2, "parent_regions_count": 0}}}}, "vintage_year": 2017}, {"vintage_id": 7010091, "highlight_type": "most_user_rated", "message": "Popular among Vivino users. More than 90 ratings", "icon": "https://images.vivino.com/highlights/icon/most_user_rated.svg", "metadata": {"price": null, "wine_id": 4713058, "toplist": null, "ws_award": null, "critic_review_id": null, "ratings_average": 3.8, "ratings_count": 97, "vintage_year": "2013", "rank_type": "global", "ranks": {"country": {"description": "Rank within France", "total": 2497606, "rank": 199400}, "region": {"description": "Rank within Wine Region", "total": 161664, "rank": 8550}, "winery": {"description": "Rank within Winery", "total": 1020, "rank": 38}, "global": {"description": "Global Rank", "total": 8944676, "rank": 729230}}, "style": {"id": 83, "seo_name": "alsace-gewurztraminer", "regional_name": "Alsace", "varietal_name": "Gew\u00fcrztraminer", "name": "Alsace Gew\u00fcrztraminer", "image": null, "background_image": null, "description": "Alsace is a wine growing region in Northeast France that borders Germany. Because Alsace is proximal to Germany, cradled in the shadow of the Vosges Mountain range and just west of the Rhine River, it shares many common grape varieties.\n\nGew\u00fcrztraminer can trace its lineage to Alsace, and is the second most planted variety in the region.\n\nGew\u00fcrztraminer is an aromatic grape, this is typically expressed as exotic fruits such as lychee, star fruit, passion fruit or mango. In addition to lush fruit notes, a host of other aromatics makes for a complex and heady elixir\u2014orange peel, roses, honey, and baking spices are also common fragrances. A deep gold color, it tends to be full-bodied with fairly low acidity and sometimes has a lovely spritz (or slight effervescence).\n\nAs a rule, Alsatian Gew\u00fcrztraminer is unoaked, and is produced in both a dry and off-dry style. Late Harvest Gew\u00fcrz are made as well, generally labeled as Vendange Tardive (VT) and S\u00e9lection de Grains Nobles (or SGN meaning that the wines have been affected by Noble Rot).\n\nUniversally known as the wine to pair with spicy Asian cuisine, Gew\u00fcrztraminer has a broader range of pairing potential. Both dry and off-dry Gew\u00fcrztraminer will compliment roast duck, washed-rind cheeses like Epoisses, cream of potato soup, bratwurst, omelets with smoked salmon and pizza with figs and Praga ham. Pair off-dry Gew\u00fcrztraminer with foie gras, apple tartin, or desserts featuring tropical fruit.", "blurb": null, "interesting_facts": ["Literally translated, Gew\u00fcrztraminer means \u201cspicy Traminer\u201d and is thought to be a mutation of Sauvignon Blanc.", "Alsatian wines are bottled in tall, flute shaped bottles called vin du Rhin or \u201cRhine wine bottle\u201d. They are known as hock bottles.", "Alsace wine is heavily influenced by Germany, the nationality of the region has changed several times through history, from France to Germany and vice-versa.", "The last time this change occurred was during World War II, Alsace was annexed by Germany in 1942 and was not returned to France until after the Allied Invasion in 1945."], "body": 5, "body_description": "Very full-bodied", "acidity": 1, "acidity_description": "Low", "country": {"code": "fr", "name": "France", "native_name": "France", "seo_name": "france", "currency": {"code": "EUR", "name": "Euros", "prefix": "\u20ac", "suffix": null}, "regions_count": 1292, "users_count": 5068363, "wines_count": 542471, "wineries_count": 67002, "most_used_grapes": [{"id": 14, "name": "Pinot Noir", "seo_name": "pinot-noir", "has_detailed_info": true, "wines_count": 572334}, {"id": 10, "name": "Merlot", "seo_name": "merlot", "has_detailed_info": true, "wines_count": 566719}, {"id": 5, "name": "Chardonnay", "seo_name": "chardonnay", "has_detailed_info": true, "wines_count": 604208}]}, "wine_type_id": 2, "food": [{"id": 10, "name": "Pork", "background_image": {"location": "//images.vivino.com/backgrounds/foods/10_pork.png", "variations": {"small": "//images.vivino.com/backgrounds/foods/thumbs/10_pork_932x810.png"}}, "seo_name": "pork"}, {"id": 12, "name": "Rich fish (salmon, tuna etc)", "background_image": {"location": "//images.vivino.com/backgrounds/foods/12_richfish.png", "variations": {"small": "//images.vivino.com/backgrounds/foods/thumbs/12_richfish_932x810.png"}}, "seo_name": null}, {"id": 15, "name": "Spicy food", "background_image": {"location": "//images.vivino.com/backgrounds/foods/15_spicyfood.png", "variations": {"small": "//images.vivino.com/backgrounds/foods/thumbs/15_spicyfood_932x810.png"}}, "seo_name": "spicy-food"}, {"id": 20, "name": "Poultry", "background_image": {"location": "//images.vivino.com/backgrounds/foods/20_chicken.png", "variations": {"small": "//images.vivino.com/backgrounds/foods/thumbs/20_chicken_932x810.png"}}, "seo_name": "poultry"}, {"id": 35, "name": "Mild and soft cheese", "background_image": {"location": "//images.vivino.com/backgrounds/foods/35_softcheese.png", "variations": {"small": "//images.vivino.com/backgrounds/foods/thumbs/35_softcheese_932x810.png"}}, "seo_name": null}], "grapes": [{"id": 7, "name": "Gew\u00fcrztraminer", "seo_name": "gewurztraminer", "has_detailed_info": true, "wines_count": 58751}], "region": {"id": 387, "name": "Alsace", "name_en": "Vin d'Alsace", "seo_name": "alsace", "country": {"code": "fr", "name": "France", "native_name": "France", "seo_name": "france", "currency": {"code": "EUR", "name": "Euros", "prefix": "\u20ac", "suffix": null}, "regions_count": 1292, "users_count": 5068363, "wines_count": 542471, "wineries_count": 67002, "most_used_grapes": [{"id": 14, "name": "Pinot Noir", "seo_name": "pinot-noir", "has_detailed_info": true, "wines_count": 572334}, {"id": 10, "name": "Merlot", "seo_name": "merlot", "has_detailed_info": true, "wines_count": 566719}, {"id": 5, "name": "Chardonnay", "seo_name": "chardonnay", "has_detailed_info": true, "wines_count": 604208}]}, "parent_id": null, "background_image": {"location": "//images.vivino.com/regions/backgrounds/n9vcTbetTYeiupq175Mgig.jpg", "variations": {"large": "//thumbs.vivino.com/region_backgrounds/n9vcTbetTYeiupq175Mgig_1280x760.jpg", "medium": "//thumbs.vivino.com/region_backgrounds/n9vcTbetTYeiupq175Mgig_600x356.jpg"}}, "class": {"typecast_map": {"background_image": {}, "class": {}}}, "statistics": {"wineries_count": 1614, "wines_count": 21988, "sub_regions_count": 2, "parent_regions_count": 0}}}}, "vintage_year": 2013}], "recommended_vintages": [{"vintage": {"id": 150407582, "seo_name": "jean-geiler-gewurztraminer-2017", "name": "Jean Geiler Gew\u00fcrztraminer 2017", "statistics": {"status": "Normal", "ratings_count": 34, "ratings_average": 4.1, "labels_count": 416, "reviews_count": 12}, "year": 2017, "grapes": null, "has_valid_ratings": true}, "type": "best_user_rated", "highlight_icon": "https://images.vivino.com/highlights/icon/best_user_rated.svg", "price": null}, {"vintage": {"id": 7010091, "seo_name": "jean-geiler-gewurztraminer-2013", "name": "Jean Geiler Gew\u00fcrztraminer 2013", "statistics": {"status": "Normal", "ratings_count": 97, "ratings_average": 3.8, "labels_count": 509, "reviews_count": 35}, "year": 2013, "grapes": null, "has_valid_ratings": true}, "type": "most_user_rated", "highlight_icon": "https://images.vivino.com/highlights/icon/most_user_rated.svg", "price": null}], "prices_and_availabilities": [], "price_range": {"currency": {"code": "EUR", "name": "Euros", "prefix": "\u20ac", "suffix": null}, "price_range": {"minimum": 0, "maximum": 500, "currency_code": "EUR"}, "defaults": {"minimum": 7, "maximum": 30, "currency_code": "EUR"}}, "subtotal_price": null}