{"tastes": {"structure": {"acidity": 4.785967, "fizziness": null, "intensity": 3.243324, "sweetness": 1.3249757, "tannin": null, "user_structure_count": 27, "calculated_structure_count": 58}, "flavor": [{"group": "citrus_fruit", "stats": {"count": 41, "score": 5200, "mentions_count": 52}, "primary_keywords": [{"id": 106, "name": "Zitrone", "count": 24}, {"id": 252, "name": "Limette", "count": 11}, {"id": 190, "name": "Grapefruit", "count": 10}, {"id": 243, "name": "Zitrone", "count": 4}, {"id": 248, "name": "Zitronenw\u00fcrze", "count": 2}, {"id": 274, "name": "Meyerlimette", "count": 1}]}, {"group": "tree_fruit", "stats": {"count": 36, "score": 4600, "mentions_count": 46}, "primary_keywords": [{"id": 195, "name": "Gr\u00fcner Apfel", "count": 14}, {"id": 310, "name": "Pfirsich", "count": 10}, {"id": 315, "name": "Birne", "count": 6}, {"id": 9, "name": "Apfel", "count": 4}, {"id": 11, "name": "Aprikose", "count": 4}, {"id": 458, "name": "Gelber Apfel", "count": 2}, {"id": 432, "name": "Unreifer Pfirsich", "count": 1}, {"id": 271, "name": "Melone", "count": 1}, {"id": 288, "name": "Nektarine", "count": 1}, {"id": 469, "name": "Steinfrucht", "count": 1}, {"id": 461, "name": "Gelbe Pflaume", "count": 1}, {"id": 448, "name": "Wei\u00dfer Pfirsich", "count": 1}]}, {"group": "earth", "stats": {"count": 33, "score": 3871, "mentions_count": 40}, "primary_keywords": [{"id": 276, "name": "Mineralien", "count": 25}, {"id": 218, "name": "Honig", "count": 4}, {"id": 181, "name": "Ingwer", "count": 4}, {"id": 164, "name": "Feuerstein", "count": 3}, {"id": 398, "name": "Stein", "count": 2}, {"id": 242, "name": "Leder", "count": 1}, {"id": 85, "name": "Kreide", "count": 1}]}, {"group": "vegetal", "stats": {"count": 7, "score": 700, "mentions_count": 7}, "primary_keywords": [{"id": 193, "name": "Gras", "count": 3}, {"id": 399, "name": "Stroh", "count": 1}, {"id": 185, "name": "Stachelbeere", "count": 1}, {"id": 16, "name": "Spargel", "count": 1}, {"id": 425, "name": "Tomate", "count": 1}]}, {"group": "floral", "stats": {"count": 4, "score": 400, "mentions_count": 4}, "primary_keywords": [{"id": 157, "name": "Holunderbl\u00fcte", "count": 3}, {"id": 299, "name": "Orangenbl\u00fcte", "count": 1}]}, {"group": "tropical_fruit", "stats": {"count": 4, "score": 400, "mentions_count": 4}, "primary_keywords": [{"id": 329, "name": "Ananas", "count": 2}, {"id": 261, "name": "Mango", "count": 1}, {"id": 428, "name": "Tropisch", "count": 1}]}, {"group": "spices", "stats": {"count": 7, "score": 426, "mentions_count": 3}, "primary_keywords": [{"id": 7, "name": "Anis", "count": 1}, {"id": 375, "name": "Salbei", "count": 1}, {"id": 416, "name": "Thymian", "count": 1}], "secondary_keywords": [{"id": 181, "name": "Ingwer", "count": 4}, {"id": 434, "name": "Vanille", "count": 1}]}, {"group": "microbio", "stats": {"count": 3, "score": 300, "mentions_count": 3}, "primary_keywords": [{"id": 91, "name": "K\u00e4se", "count": 2}, {"id": 295, "name": "\u00d6l", "count": 1}]}, {"group": "red_fruit", "stats": {"count": 2, "score": 200, "mentions_count": 2}, "primary_keywords": [{"id": 400, "name": "Erdbeere", "count": 2}]}, {"group": "oak", "stats": {"count": 2, "score": 194, "mentions_count": 2}, "primary_keywords": [{"id": 434, "name": "Vanille", "count": 1}, {"id": 292, "name": "Eiche", "count": 1}], "secondary_keywords": [{"id": 242, "name": "Leder", "count": 1}]}, {"group": "non_oak", "stats": {"count": 1, "score": 9, "mentions_count": 0}, "secondary_keywords": [{"id": 434, "name": "Vanille", "count": 1}]}]}, "vivino_id": "20044"}