{"tastes": {"structure": {"acidity": 3.6199331, "fizziness": null, "intensity": 3.431424, "sweetness": 1.3541709, "tannin": null, "user_structure_count": 15, "calculated_structure_count": 49}, "flavor": [{"group": "tree_fruit", "stats": {"count": 27, "score": 4500, "mentions_count": 45}, "primary_keywords": [{"id": 271, "name": "Melone", "count": 17}, {"id": 9, "name": "Apfel", "count": 7}, {"id": 310, "name": "Pfirsich", "count": 5}, {"id": 11, "name": "Aprikose", "count": 4}, {"id": 469, "name": "Steinfrucht", "count": 3}, {"id": 195, "name": "Gr\u00fcner Apfel", "count": 3}, {"id": 315, "name": "Birne", "count": 3}, {"id": 461, "name": "Gelbe Pflaume", "count": 2}, {"id": 448, "name": "Wei\u00dfer Pfirsich", "count": 1}]}, {"group": "oak", "stats": {"count": 33, "score": 3232, "mentions_count": 34}, "primary_keywords": [{"id": 292, "name": "Eiche", "count": 26}, {"id": 70, "name": "Butter", "count": 5}, {"id": 79, "name": "Karamell", "count": 2}, {"id": 434, "name": "Vanille", "count": 1}], "secondary_keywords": [{"id": 6, "name": "Mandel", "count": 4}]}, {"group": "citrus_fruit", "stats": {"count": 23, "score": 2900, "mentions_count": 29}, "primary_keywords": [{"id": 106, "name": "Zitrone", "count": 15}, {"id": 252, "name": "Limette", "count": 6}, {"id": 243, "name": "Zitrone", "count": 4}, {"id": 190, "name": "Grapefruit", "count": 4}]}, {"group": "earth", "stats": {"count": 18, "score": 1800, "mentions_count": 18}, "primary_keywords": [{"id": 276, "name": "Mineralien", "count": 5}, {"id": 398, "name": "Stein", "count": 5}, {"id": 218, "name": "Honig", "count": 5}, {"id": 284, "name": "Champignon", "count": 1}, {"id": 181, "name": "Ingwer", "count": 1}, {"id": 164, "name": "Feuerstein", "count": 1}], "secondary_keywords": [{"id": 6, "name": "Mandel", "count": 4}]}, {"group": "microbio", "stats": {"count": 21, "score": 1588, "mentions_count": 13}, "primary_keywords": [{"id": 123, "name": "Creme", "count": 5}, {"id": 91, "name": "K\u00e4se", "count": 4}, {"id": 295, "name": "\u00d6l", "count": 3}, {"id": 23, "name": "Banane", "count": 1}], "secondary_keywords": [{"id": 70, "name": "Butter", "count": 5}, {"id": 6, "name": "Mandel", "count": 4}, {"id": 417, "name": "Toast", "count": 2}, {"id": 284, "name": "Champignon", "count": 1}]}, {"group": "tropical_fruit", "stats": {"count": 9, "score": 1233, "mentions_count": 12}, "primary_keywords": [{"id": 428, "name": "Tropisch", "count": 7}, {"id": 261, "name": "Mango", "count": 2}, {"id": 329, "name": "Ananas", "count": 2}, {"id": 306, "name": "Passionsfrucht", "count": 1}], "secondary_keywords": [{"id": 23, "name": "Banane", "count": 1}]}, {"group": "vegetal", "stats": {"count": 12, "score": 940, "mentions_count": 9}, "primary_keywords": [{"id": 89, "name": "Mangold", "count": 9}], "secondary_keywords": [{"id": 6, "name": "Mandel", "count": 4}]}, {"group": "non_oak", "stats": {"count": 9, "score": 671, "mentions_count": 9}, "primary_keywords": [{"id": 6, "name": "Mandel", "count": 4}, {"id": 417, "name": "Toast", "count": 2}, {"id": 291, "name": "Nussig", "count": 2}, {"id": 362, "name": "Ger\u00f6stete Mandel", "count": 1}], "secondary_keywords": [{"id": 79, "name": "Karamell", "count": 2}, {"id": 434, "name": "Vanille", "count": 1}]}, {"group": "spices", "stats": {"count": 5, "score": 336, "mentions_count": 3}, "primary_keywords": [{"id": 159, "name": "Eukalyptus", "count": 2}, {"id": 449, "name": "Weiter Pfeffer", "count": 1}], "secondary_keywords": [{"id": 434, "name": "Vanille", "count": 1}, {"id": 181, "name": "Ingwer", "count": 1}]}, {"group": "floral", "stats": {"count": 2, "score": 200, "mentions_count": 2}, "primary_keywords": [{"id": 157, "name": "Holunderbl\u00fcte", "count": 2}]}, {"group": "dried_fruit", "stats": {"count": 1, "score": 100, "mentions_count": 1}, "primary_keywords": [{"id": 140, "name": "Getrocknete Aprikose", "count": 1}]}]}, "vivino_id": "1265164"}