{"vintage": {"id": 4827078, "seo_name": "d-arbois-savagnin-arbois-uv", "name": "Ch\u00e2teau B\u00e9thanie Savagnin Arbois", "statistics": {"status": "Normal", "ratings_count": 1017, "ratings_average": 3.7, "labels_count": 85, "reviews_count": 15}, "organic_certification_id": null, "certified_biodynamic": null, "image": {"location": "//images.vivino.com/labels/Bl0lFy_YSS6QCgq2M1VKuw.jpg", "variations": {"large": "//images.vivino.com/thumbs/Bl0lFy_YSS6QCgq2M1VKuw_375x500.jpg", "medium": "//images.vivino.com/thumbs/Bl0lFy_YSS6QCgq2M1VKuw_150x200.jpg", "medium_square": "//images.vivino.com/thumbs/Bl0lFy_YSS6QCgq2M1VKuw_150x150.jpg", "small_square": "//images.vivino.com/thumbs/Bl0lFy_YSS6QCgq2M1VKuw_80x80.jpg"}}, "wine": {"id": 1199856, "name": "Savagnin Arbois", "seo_name": "savagnin-arbois", "type_id": 2, "vintage_type": 0, "is_natural": false, "region": {"id": 768, "name": "Arbois", "name_en": "", "seo_name": "arbois", "country": {"code": "fr", "name": "France", "native_name": "France", "seo_name": "france", "currency": {"code": "EUR", "name": "Euros", "prefix": "\u20ac", "suffix": null}, "regions_count": 1292, "users_count": 5068363, "wines_count": 542471, "wineries_count": 67002, "most_used_grapes": [{"id": 14, "name": "Pinot Noir", "seo_name": "pinot-noir", "has_detailed_info": true, "wines_count": 572334}, {"id": 10, "name": "Merlot", "seo_name": "merlot", "has_detailed_info": true, "wines_count": 566719}, {"id": 5, "name": "Chardonnay", "seo_name": "chardonnay", "has_detailed_info": true, "wines_count": 604208}]}, "parent_id": 2410, "background_image": null, "class": {"typecast_map": {"background_image": {}, "class": {}}}, "statistics": {"wineries_count": 46, "wines_count": 1048, "sub_regions_count": 1, "parent_regions_count": 2}}, "review_status": 2, "winery": {"id": 32519, "name": "Ch\u00e2teau B\u00e9thanie", "seo_name": "d-arbois", "status": 1, "review_status": "Completed", "background_image": null, "statistics": {"ratings_count": 12123, "ratings_average": 3.6, "labels_count": 84717, "wines_count": 77}, "region": {"id": 767, "name": "Jura", "name_en": "", "seo_name": "jura", "country": {"code": "fr", "name": "France", "native_name": "France", "seo_name": "france", "currency": {"code": "EUR", "name": "Euros", "prefix": "\u20ac", "suffix": null}, "regions_count": 1292, "users_count": 5068363, "wines_count": 542471, "wineries_count": 67002, "most_used_grapes": [{"id": 14, "name": "Pinot Noir", "seo_name": "pinot-noir", "has_detailed_info": true, "wines_count": 572334}, {"id": 10, "name": "Merlot", "seo_name": "merlot", "has_detailed_info": true, "wines_count": 566719}, {"id": 5, "name": "Chardonnay", "seo_name": "chardonnay", "has_detailed_info": true, "wines_count": 604208}]}, "parent_id": null, "background_image": null, "statistics": {"wineries_count": 320, "wines_count": 2051, "sub_regions_count": 1, "parent_regions_count": 0}}, "business_name": "Ch\u00e2teau B\u00e9thanie - Fruiti\u00e8re Vinicole d'Arbois", "description": "", "specialists_notes": "", "phone": "0384661167", "email": "contact@chateau-bethanie.fr", "facebook": "https://www.facebook.com/fruitiere.vinicole.arbois.bethanie/", "instagram": "", "is_claimed": true, "twitter": "", "website": "http://www.chateau-bethanie.fr/en/chateau-bethanie-wines-jura-ar", "winemaker": null, "wine_maker": null, "address": {"title": null, "name": null, "street": "2 rue de Foss\u00e9s", "street2": null, "neighborhood": null, "city": "Arbois", "zip": "39600", "state": null, "country": {"code": "fr", "name": "France", "native_name": "France", "seo_name": "france", "currency": {"code": "EUR", "name": "Euros", "prefix": "\u20ac", "suffix": null}, "regions_count": 1292, "users_count": 5068363, "wines_count": 542471, "wineries_count": 67002, "most_used_grapes": [{"id": 14, "name": "Pinot Noir", "seo_name": "pinot-noir", "has_detailed_info": true, "wines_count": 572334}, {"id": 10, "name": "Merlot", "seo_name": "merlot", "has_detailed_info": true, "wines_count": 566719}, {"id": 5, "name": "Chardonnay", "seo_name": "chardonnay", "has_detailed_info": true, "wines_count": 604208}]}, "company": null, "phone": null, "external_id": null, "residential": null, "vat_number": null, "vat_code": null, "addition": null}, "image": null, "location": null, "winery_group": null, "first_wines": [], "sponsored_entity_type": null, "sponsored_entity": null}, "statistics": {"status": "Normal", "ratings_count": 1017, "ratings_average": 3.7, "labels_count": 6702, "vintages_count": 45}, "rank": {"country": {"description": "Rank within France", "total": 317721, "rank": 27839}, "region": {"description": "Rank within Wine Region", "total": 3238, "rank": 384}, "winery": {"description": "Rank within Winery", "total": 70, "rank": 6}, "wine_type": {"description": "Rank within all White Wine", "total": 398755, "rank": 25336}, "global": {"description": "Global Rank", "total": 1302067, "rank": 102129}}, "hidden": false, "vintages": [{"id": 166962255, "seo_name": "d-arbois-savagnin-arbois-2020", "name": "Ch\u00e2teau B\u00e9thanie Savagnin Arbois 2020", "statistics": {"status": "BelowThreshold", "ratings_count": 1, "ratings_average": 0, "labels_count": 4, "reviews_count": 1}, "year": 2020, "grapes": null, "has_valid_ratings": false}, {"id": 157637346, "seo_name": "d-arbois-savagnin-arbois-2018", "name": "Ch\u00e2teau B\u00e9thanie Savagnin Arbois 2018", "statistics": {"status": "BelowThreshold", "ratings_count": 6, "ratings_average": 0, "labels_count": 35, "reviews_count": 2}, "year": 2018, "grapes": null, "has_valid_ratings": false}, {"id": 151080269, "seo_name": "d-arbois-savagnin-arbois-2017", "name": "Ch\u00e2teau B\u00e9thanie Savagnin Arbois 2017", "statistics": {"status": "Normal", "ratings_count": 18, "ratings_average": 3.6, "labels_count": 195, "reviews_count": 11}, "year": 2017, "grapes": null, "has_valid_ratings": true}, {"id": 144739073, "seo_name": "d-arbois-savagnin-arbois-2016", "name": "Ch\u00e2teau B\u00e9thanie Savagnin Arbois 2016", "statistics": {"status": "Normal", "ratings_count": 184, "ratings_average": 3.8, "labels_count": 1582, "reviews_count": 88}, "year": 2016, "grapes": null, "has_valid_ratings": true}, {"id": 55660517, "seo_name": "d-arbois-savagnin-arbois-2015", "name": "Ch\u00e2teau B\u00e9thanie Savagnin Arbois 2015", "statistics": {"status": "Normal", "ratings_count": 141, "ratings_average": 3.8, "labels_count": 1007, "reviews_count": 74}, "year": 2015, "grapes": null, "has_valid_ratings": true}, {"id": 23601524, "seo_name": "d-arbois-savagnin-arbois-2014", "name": "Ch\u00e2teau B\u00e9thanie Savagnin Arbois 2014", "statistics": {"status": "Normal", "ratings_count": 95, "ratings_average": 3.6, "labels_count": 705, "reviews_count": 41}, "year": 2014, "grapes": null, "has_valid_ratings": true}, {"id": 24301872, "seo_name": "d-arbois-savagnin-arbois-2013", "name": "Ch\u00e2teau B\u00e9thanie Savagnin Arbois 2013", "statistics": {"status": "Normal", "ratings_count": 55, "ratings_average": 3.7, "labels_count": 373, "reviews_count": 23}, "year": 2013, "grapes": null, "has_valid_ratings": true}, {"id": 7471617, "seo_name": "d-arbois-savagnin-arbois-2012", "name": "Ch\u00e2teau B\u00e9thanie Savagnin Arbois 2012", "statistics": {"status": "Normal", "ratings_count": 102, "ratings_average": 3.6, "labels_count": 494, "reviews_count": 35}, "year": 2012, "grapes": null, "has_valid_ratings": true}, {"id": 3424193, "seo_name": "d-arbois-savagnin-arbois-2011", "name": "Ch\u00e2teau B\u00e9thanie Savagnin Arbois 2011", "statistics": {"status": "Normal", "ratings_count": 113, "ratings_average": 3.7, "labels_count": 615, "reviews_count": 51}, "year": 2011, "grapes": null, "has_valid_ratings": true}, {"id": 2414914, "seo_name": "d-arbois-savagnin-arbois-2010", "name": "Ch\u00e2teau B\u00e9thanie Savagnin Arbois 2010", "statistics": {"status": "Normal", "ratings_count": 64, "ratings_average": 3.6, "labels_count": 267, "reviews_count": 26}, "year": 2010, "grapes": null, "has_valid_ratings": true}, {"id": 2466594, "seo_name": "d-arbois-savagnin-arbois-2009", "name": "Ch\u00e2teau B\u00e9thanie Savagnin Arbois 2009", "statistics": {"status": "Normal", "ratings_count": 54, "ratings_average": 3.7, "labels_count": 251, "reviews_count": 24}, "year": 2009, "grapes": null, "has_valid_ratings": true}, {"id": 2058228, "seo_name": "d-arbois-savagnin-arbois-2008", "name": "Ch\u00e2teau B\u00e9thanie Savagnin Arbois 2008", "statistics": {"status": "Normal", "ratings_count": 25, "ratings_average": 3.6, "labels_count": 182, "reviews_count": 11}, "year": 2008, "grapes": null, "has_valid_ratings": true}, {"id": 1773311, "seo_name": "d-arbois-savagnin-arbois-2007", "name": "Ch\u00e2teau B\u00e9thanie Savagnin Arbois 2007", "statistics": {"status": "Normal", "ratings_count": 32, "ratings_average": 3.4, "labels_count": 148, "reviews_count": 17}, "year": 2007, "grapes": null, "has_valid_ratings": true}, {"id": 4283170, "seo_name": "d-arbois-savagnin-arbois-2006", "name": "Ch\u00e2teau B\u00e9thanie Savagnin Arbois 2006", "statistics": {"status": "BelowThreshold", "ratings_count": 4, "ratings_average": 0, "labels_count": 43, "reviews_count": 1}, "year": 2006, "grapes": null, "has_valid_ratings": false}, {"id": 1722298, "seo_name": "d-arbois-savagnin-arbois-2005", "name": "Ch\u00e2teau B\u00e9thanie Savagnin Arbois 2005", "statistics": {"status": "Normal", "ratings_count": 13, "ratings_average": 4, "labels_count": 111, "reviews_count": 8}, "year": 2005, "grapes": null, "has_valid_ratings": true}, {"id": 1275852, "seo_name": "d-arbois-savagnin-arbois-2004", "name": "Ch\u00e2teau B\u00e9thanie Savagnin Arbois 2004", "statistics": {"status": "Normal", "ratings_count": 12, "ratings_average": 3.9, "labels_count": 80, "reviews_count": 7}, "year": 2004, "grapes": null, "has_valid_ratings": true}, {"id": 12200781, "seo_name": "d-arbois-savagnin-arbois-2003", "name": "Ch\u00e2teau B\u00e9thanie Savagnin Arbois 2003", "statistics": {"status": "BelowThreshold", "ratings_count": 5, "ratings_average": 0, "labels_count": 39, "reviews_count": 0}, "year": 2003, "grapes": null, "has_valid_ratings": false}, {"id": 4384795, "seo_name": "d-arbois-savagnin-arbois-2002", "name": "Ch\u00e2teau B\u00e9thanie Savagnin Arbois 2002", "statistics": {"status": "BelowThreshold", "ratings_count": 4, "ratings_average": 0, "labels_count": 58, "reviews_count": 2}, "year": 2002, "grapes": null, "has_valid_ratings": false}, {"id": 9466733, "seo_name": "d-arbois-savagnin-arbois-2001", "name": "Ch\u00e2teau B\u00e9thanie Savagnin Arbois 2001", "statistics": {"status": "BelowThreshold", "ratings_count": 7, "ratings_average": 0, "labels_count": 36, "reviews_count": 2}, "year": 2001, "grapes": null, "has_valid_ratings": false}, {"id": 12691385, "seo_name": "d-arbois-savagnin-arbois-2000", "name": "Ch\u00e2teau B\u00e9thanie Savagnin Arbois 2000", "statistics": {"status": "BelowThreshold", "ratings_count": 5, "ratings_average": 0, "labels_count": 62, "reviews_count": 2}, "year": 2000, "grapes": null, "has_valid_ratings": false}, {"id": 6751428, "seo_name": "d-arbois-savagnin-arbois-1999", "name": "Ch\u00e2teau B\u00e9thanie Savagnin Arbois 1999", "statistics": {"status": "BelowThreshold", "ratings_count": 6, "ratings_average": 0, "labels_count": 42, "reviews_count": 0}, "year": 1999, "grapes": null, "has_valid_ratings": false}, {"id": 11415002, "seo_name": "d-arbois-savagnin-arbois-1998", "name": "Ch\u00e2teau B\u00e9thanie Savagnin Arbois 1998", "statistics": {"status": "BelowThreshold", "ratings_count": 4, "ratings_average": 0, "labels_count": 15, "reviews_count": 1}, "year": 1998, "grapes": null, "has_valid_ratings": false}, {"id": 116260774, "seo_name": "d-arbois-savagnin-arbois-1997", "name": "Ch\u00e2teau B\u00e9thanie Savagnin Arbois 1997", "statistics": {"status": "BelowThreshold", "ratings_count": 8, "ratings_average": 0, "labels_count": 28, "reviews_count": 3}, "year": 1997, "grapes": null, "has_valid_ratings": false}, {"id": 10860365, "seo_name": "d-arbois-savagnin-arbois-1996", "name": "Ch\u00e2teau B\u00e9thanie Savagnin Arbois 1996", "statistics": {"status": "BelowThreshold", "ratings_count": 5, "ratings_average": 0, "labels_count": 20, "reviews_count": 5}, "year": 1996, "grapes": null, "has_valid_ratings": false}, {"id": 156583849, "seo_name": "d-arbois-savagnin-arbois-1995", "name": "Ch\u00e2teau B\u00e9thanie Savagnin Arbois 1995", "statistics": {"status": "BelowThreshold", "ratings_count": 1, "ratings_average": 0, "labels_count": 1, "reviews_count": 0}, "year": 1995, "grapes": null, "has_valid_ratings": false}, {"id": 161151500, "seo_name": "d-arbois-savagnin-arbois-1994", "name": "Ch\u00e2teau B\u00e9thanie Savagnin Arbois 1994", "statistics": {"status": "BelowThreshold", "ratings_count": 1, "ratings_average": 0, "labels_count": 7, "reviews_count": 1}, "year": 1994, "grapes": null, "has_valid_ratings": false}, {"id": 25461142, "seo_name": "d-arbois-savagnin-arbois-1993", "name": "Ch\u00e2teau B\u00e9thanie Savagnin Arbois 1993", "statistics": {"status": "BelowThreshold", "ratings_count": 4, "ratings_average": 0, "labels_count": 14, "reviews_count": 1}, "year": 1993, "grapes": null, "has_valid_ratings": false}, {"id": 153401458, "seo_name": "d-arbois-savagnin-arbois-1992", "name": "Ch\u00e2teau B\u00e9thanie Savagnin Arbois 1992", "statistics": {"status": "BelowThreshold", "ratings_count": 3, "ratings_average": 0, "labels_count": 12, "reviews_count": 2}, "year": 1992, "grapes": null, "has_valid_ratings": false}, {"id": 8359873, "seo_name": "d-arbois-savagnin-arbois-1989", "name": "Ch\u00e2teau B\u00e9thanie Savagnin Arbois 1989", "statistics": {"status": "BelowThreshold", "ratings_count": 1, "ratings_average": 0, "labels_count": 12, "reviews_count": 0}, "year": 1989, "grapes": null, "has_valid_ratings": false}, {"id": 6184573, "seo_name": "d-arbois-savagnin-arbois-1987", "name": "Ch\u00e2teau B\u00e9thanie Savagnin Arbois 1987", "statistics": {"status": "BelowThreshold", "ratings_count": 2, "ratings_average": 0, "labels_count": 11, "reviews_count": 0}, "year": 1987, "grapes": null, "has_valid_ratings": false}, {"id": 15969394, "seo_name": "d-arbois-savagnin-arbois-1985", "name": "Ch\u00e2teau B\u00e9thanie Savagnin Arbois 1985", "statistics": {"status": "BelowThreshold", "ratings_count": 2, "ratings_average": 0, "labels_count": 3, "reviews_count": 0}, "year": 1985, "grapes": null, "has_valid_ratings": false}, {"id": 79322867, "seo_name": "d-arbois-savagnin-arbois-1983", "name": "Ch\u00e2teau B\u00e9thanie Savagnin Arbois 1983", "statistics": {"status": "BelowThreshold", "ratings_count": 1, "ratings_average": 0, "labels_count": 1, "reviews_count": 1}, "year": 1983, "grapes": null, "has_valid_ratings": false}, {"id": 4827078, "seo_name": "d-arbois-savagnin-arbois-uv", "name": "Ch\u00e2teau B\u00e9thanie Savagnin Arbois", "statistics": {"status": "Normal", "ratings_count": 1017, "ratings_average": 3.7, "labels_count": 85, "reviews_count": 15}, "year": 0, "grapes": null, "has_valid_ratings": true}], "description": "This wine has powerful aromas of walnut, vanilla and roasted almonds. This expresses itself with lightness and subtlety on the complex tonalities of fresh walnuts and spices typical of the terror.", "grapes": [{"id": 1011, "name": "Savagnin", "seo_name": "savagnin-blanc", "has_detailed_info": false, "wines_count": 12239}], "foods": [{"id": 20, "name": "Poultry", "background_image": {"location": "//images.vivino.com/backgrounds/foods/20_chicken.png", "variations": {"small": "//images.vivino.com/backgrounds/foods/thumbs/20_chicken_932x810.png"}}, "seo_name": "poultry"}, {"id": 34, "name": "Mushrooms", "background_image": {"location": "//images.vivino.com/backgrounds/foods/34_mushrooms.png", "variations": {"small": "//images.vivino.com/backgrounds/foods/thumbs/34_mushrooms_932x810.png"}}, "seo_name": null}, {"id": 35, "name": "Mild and soft cheese", "background_image": {"location": "//images.vivino.com/backgrounds/foods/35_softcheese.png", "variations": {"small": "//images.vivino.com/backgrounds/foods/thumbs/35_softcheese_932x810.png"}}, "seo_name": null}], "non_vintage": false, "alcohol": 13, "sweetness_id": null, "closure": null, "vintage_mask_raw": null, "updated_at": "2018-03-19T15:20:05Z", "created_at": "2011-12-30T06:37:52Z", "is_first_wine": false, "style": {"id": 257, "seo_name": "jura-white", "regional_name": "Jura", "varietal_name": "White", "name": "Jura White", "image": null, "background_image": null, "description": "Made from the region's native grape, Savagnin, Jura whites tend to be low in alcohol with bright acidity, and offer up nutty, savory qualities and can be intensely spicy.\n\nThe typical Jura white is intentionally made in an oxidative style, in barrel under a thin film of yeast, slightly similar to how sherry is produced.\n\nLocated in eastern France, the Jura's climate is relatively cool, with most vines planted on south-facing slopes that benefit from direct sunshine.\n\nThere are also more fruit-forward styles of white produced in the Jura, often from Chardonnay and similar to white Burgundy, but fresher and lighter.", "blurb": null, "interesting_facts": ["The Jura is France's smallest wine-producing region.", "Most Jura producers practice organic or biodynamic winemaking.", "Vin Jaune, the region's ultimate expression of oxidative winemaking, requires six years and three months in barrel.", "Chateau-Chalon is said to make the best Vin Jaune, which is sold in a unique 620 ml bottle called a 'clavelin'."], "body": 3, "body_description": "Medium-bodied", "acidity": 3, "acidity_description": "High", "country": {"code": "fr", "name": "France", "native_name": "France", "seo_name": "france", "currency": {"code": "EUR", "name": "Euros", "prefix": "\u20ac", "suffix": null}, "regions_count": 1292, "users_count": 5068363, "wines_count": 542471, "wineries_count": 67002, "most_used_grapes": [{"id": 14, "name": "Pinot Noir", "seo_name": "pinot-noir", "has_detailed_info": true, "wines_count": 572334}, {"id": 10, "name": "Merlot", "seo_name": "merlot", "has_detailed_info": true, "wines_count": 566719}, {"id": 5, "name": "Chardonnay", "seo_name": "chardonnay", "has_detailed_info": true, "wines_count": 604208}]}, "wine_type_id": 2, "food": [{"id": 20, "name": "Poultry", "background_image": {"location": "//images.vivino.com/backgrounds/foods/20_chicken.png", "variations": {"small": "//images.vivino.com/backgrounds/foods/thumbs/20_chicken_932x810.png"}}, "seo_name": "poultry"}, {"id": 34, "name": "Mushrooms", "background_image": {"location": "//images.vivino.com/backgrounds/foods/34_mushrooms.png", "variations": {"small": "//images.vivino.com/backgrounds/foods/thumbs/34_mushrooms_932x810.png"}}, "seo_name": null}, {"id": 35, "name": "Mild and soft cheese", "background_image": {"location": "//images.vivino.com/backgrounds/foods/35_softcheese.png", "variations": {"small": "//images.vivino.com/backgrounds/foods/thumbs/35_softcheese_932x810.png"}}, "seo_name": null}], "grapes": [{"id": 5, "name": "Chardonnay", "seo_name": "chardonnay", "has_detailed_info": true, "wines_count": 604208}], "region": {"id": 767, "name": "Jura", "name_en": "", "seo_name": "jura", "country": {"code": "fr", "name": "France", "native_name": "France", "seo_name": "france", "currency": {"code": "EUR", "name": "Euros", "prefix": "\u20ac", "suffix": null}, "regions_count": 1292, "users_count": 5068363, "wines_count": 542471, "wineries_count": 67002, "most_used_grapes": [{"id": 14, "name": "Pinot Noir", "seo_name": "pinot-noir", "has_detailed_info": true, "wines_count": 572334}, {"id": 10, "name": "Merlot", "seo_name": "merlot", "has_detailed_info": true, "wines_count": 566719}, {"id": 5, "name": "Chardonnay", "seo_name": "chardonnay", "has_detailed_info": true, "wines_count": 604208}]}, "parent_id": null, "background_image": null, "statistics": {"wineries_count": 319, "wines_count": 2052, "sub_regions_count": 1, "parent_regions_count": 0}}}, "has_valid_ratings": true}, "description": "", "wine_critic_reviews": [], "awards": [], "ratings_distribution": {"1": 33, "2": 56, "3": 344, "4": 471, "5": 113}, "ranking": {"country": {"description": "Rank within France", "total": 2497604, "rank": 361211}, "region": {"description": "Rank within Wine Region", "total": 26380, "rank": 4017}, "winery": {"description": "Rank within Winery", "total": 786, "rank": 50}, "global": {"description": "Global Rank", "total": 8944670, "rank": 1304669}}, "wine_facts": {}, "winemaker": null, "wine_maker": null, "grape_composition": {}, "year": "", "grapes": null, "has_valid_ratings": true}, "carts": null, "full_region": null, "tastes": null, "wine": {"id": 1199856, "name": "Savagnin Arbois", "seo_name": "savagnin-arbois", "type_id": 2, "vintage_type": 0, "is_natural": false, "region": {"id": 768, "name": "Arbois", "name_en": "", "seo_name": "arbois", "country": {"code": "fr", "name": "France", "native_name": "France", "seo_name": "france", "currency": {"code": "EUR", "name": "Euros", "prefix": "\u20ac", "suffix": null}, "regions_count": 1292, "users_count": 5068363, "wines_count": 542471, "wineries_count": 67002, "most_used_grapes": [{"id": 14, "name": "Pinot Noir", "seo_name": "pinot-noir", "has_detailed_info": true, "wines_count": 572334}, {"id": 10, "name": "Merlot", "seo_name": "merlot", "has_detailed_info": true, "wines_count": 566719}, {"id": 5, "name": "Chardonnay", "seo_name": "chardonnay", "has_detailed_info": true, "wines_count": 604208}]}, "parent_id": 2410, "background_image": null, "class": {"typecast_map": {"background_image": {}, "class": {}}}, "statistics": {"wineries_count": 46, "wines_count": 1048, "sub_regions_count": 1, "parent_regions_count": 2}}, "review_status": 2, "winery": {"id": 32519, "name": "Ch\u00e2teau B\u00e9thanie", "seo_name": "d-arbois", "status": 1, "review_status": "Completed", "background_image": null, "statistics": {"ratings_count": 12123, "ratings_average": 3.6, "labels_count": 84717, "wines_count": 77}, "region": {"id": 767, "name": "Jura", "name_en": "", "seo_name": "jura", "country": {"code": "fr", "name": "France", "native_name": "France", "seo_name": "france", "currency": {"code": "EUR", "name": "Euros", "prefix": "\u20ac", "suffix": null}, "regions_count": 1292, "users_count": 5068363, "wines_count": 542471, "wineries_count": 67002, "most_used_grapes": [{"id": 14, "name": "Pinot Noir", "seo_name": "pinot-noir", "has_detailed_info": true, "wines_count": 572334}, {"id": 10, "name": "Merlot", "seo_name": "merlot", "has_detailed_info": true, "wines_count": 566719}, {"id": 5, "name": "Chardonnay", "seo_name": "chardonnay", "has_detailed_info": true, "wines_count": 604208}]}, "parent_id": null, "background_image": null, "statistics": {"wineries_count": 320, "wines_count": 2051, "sub_regions_count": 1, "parent_regions_count": 0}}}, "image": {"location": "//images.vivino.com/labels/Bl0lFy_YSS6QCgq2M1VKuw.jpg", "variations": {"large": "//images.vivino.com/thumbs/Bl0lFy_YSS6QCgq2M1VKuw_375x500.jpg", "medium": "//images.vivino.com/thumbs/Bl0lFy_YSS6QCgq2M1VKuw_150x200.jpg", "medium_square": "//images.vivino.com/thumbs/Bl0lFy_YSS6QCgq2M1VKuw_150x150.jpg", "small_square": "//images.vivino.com/thumbs/Bl0lFy_YSS6QCgq2M1VKuw_80x80.jpg"}}, "statistics": {"status": "Normal", "ratings_count": 1017, "ratings_average": 3.7, "labels_count": 6702, "vintages_count": 45}, "rank": null, "hidden": false, "vintages": [{"id": 166962255, "seo_name": "d-arbois-savagnin-arbois-2020", "name": "Ch\u00e2teau B\u00e9thanie Savagnin Arbois 2020", "statistics": {"status": "BelowThreshold", "ratings_count": 1, "ratings_average": 0, "labels_count": 4, "reviews_count": 1}, "year": 2020, "grapes": null, "has_valid_ratings": false}, {"id": 161555169, "seo_name": "d-arbois-savagnin-arbois-2019", "name": "Ch\u00e2teau B\u00e9thanie Savagnin Arbois 2019", "statistics": {"status": "BelowThreshold", "ratings_count": 0, "ratings_average": 0, "labels_count": 2, "reviews_count": 0}, "year": 2019, "grapes": null, "has_valid_ratings": false}, {"id": 157637346, "seo_name": "d-arbois-savagnin-arbois-2018", "name": "Ch\u00e2teau B\u00e9thanie Savagnin Arbois 2018", "statistics": {"status": "BelowThreshold", "ratings_count": 6, "ratings_average": 0, "labels_count": 35, "reviews_count": 2}, "year": 2018, "grapes": null, "has_valid_ratings": false}, {"id": 151080269, "seo_name": "d-arbois-savagnin-arbois-2017", "name": "Ch\u00e2teau B\u00e9thanie Savagnin Arbois 2017", "statistics": {"status": "Normal", "ratings_count": 18, "ratings_average": 3.6, "labels_count": 195, "reviews_count": 11}, "year": 2017, "grapes": null, "has_valid_ratings": true}, {"id": 144739073, "seo_name": "d-arbois-savagnin-arbois-2016", "name": "Ch\u00e2teau B\u00e9thanie Savagnin Arbois 2016", "statistics": {"status": "Normal", "ratings_count": 184, "ratings_average": 3.8, "labels_count": 1582, "reviews_count": 88}, "year": 2016, "grapes": null, "has_valid_ratings": true}, {"id": 55660517, "seo_name": "d-arbois-savagnin-arbois-2015", "name": "Ch\u00e2teau B\u00e9thanie Savagnin Arbois 2015", "statistics": {"status": "Normal", "ratings_count": 141, "ratings_average": 3.8, "labels_count": 1007, "reviews_count": 74}, "year": 2015, "grapes": null, "has_valid_ratings": true}, {"id": 23601524, "seo_name": "d-arbois-savagnin-arbois-2014", "name": "Ch\u00e2teau B\u00e9thanie Savagnin Arbois 2014", "statistics": {"status": "Normal", "ratings_count": 95, "ratings_average": 3.6, "labels_count": 705, "reviews_count": 41}, "year": 2014, "grapes": null, "has_valid_ratings": true}, {"id": 24301872, "seo_name": "d-arbois-savagnin-arbois-2013", "name": "Ch\u00e2teau B\u00e9thanie Savagnin Arbois 2013", "statistics": {"status": "Normal", "ratings_count": 55, "ratings_average": 3.7, "labels_count": 373, "reviews_count": 23}, "year": 2013, "grapes": null, "has_valid_ratings": true}, {"id": 7471617, "seo_name": "d-arbois-savagnin-arbois-2012", "name": "Ch\u00e2teau B\u00e9thanie Savagnin Arbois 2012", "statistics": {"status": "Normal", "ratings_count": 102, "ratings_average": 3.6, "labels_count": 494, "reviews_count": 35}, "year": 2012, "grapes": null, "has_valid_ratings": true}, {"id": 3424193, "seo_name": "d-arbois-savagnin-arbois-2011", "name": "Ch\u00e2teau B\u00e9thanie Savagnin Arbois 2011", "statistics": {"status": "Normal", "ratings_count": 113, "ratings_average": 3.7, "labels_count": 615, "reviews_count": 51}, "year": 2011, "grapes": null, "has_valid_ratings": true}, {"id": 2414914, "seo_name": "d-arbois-savagnin-arbois-2010", "name": "Ch\u00e2teau B\u00e9thanie Savagnin Arbois 2010", "statistics": {"status": "Normal", "ratings_count": 64, "ratings_average": 3.6, "labels_count": 267, "reviews_count": 26}, "year": 2010, "grapes": null, "has_valid_ratings": true}, {"id": 2466594, "seo_name": "d-arbois-savagnin-arbois-2009", "name": "Ch\u00e2teau B\u00e9thanie Savagnin Arbois 2009", "statistics": {"status": "Normal", "ratings_count": 54, "ratings_average": 3.7, "labels_count": 251, "reviews_count": 24}, "year": 2009, "grapes": null, "has_valid_ratings": true}, {"id": 2058228, "seo_name": "d-arbois-savagnin-arbois-2008", "name": "Ch\u00e2teau B\u00e9thanie Savagnin Arbois 2008", "statistics": {"status": "Normal", "ratings_count": 25, "ratings_average": 3.6, "labels_count": 182, "reviews_count": 11}, "year": 2008, "grapes": null, "has_valid_ratings": true}, {"id": 1773311, "seo_name": "d-arbois-savagnin-arbois-2007", "name": "Ch\u00e2teau B\u00e9thanie Savagnin Arbois 2007", "statistics": {"status": "Normal", "ratings_count": 32, "ratings_average": 3.4, "labels_count": 148, "reviews_count": 17}, "year": 2007, "grapes": null, "has_valid_ratings": true}, {"id": 4283170, "seo_name": "d-arbois-savagnin-arbois-2006", "name": "Ch\u00e2teau B\u00e9thanie Savagnin Arbois 2006", "statistics": {"status": "BelowThreshold", "ratings_count": 4, "ratings_average": 0, "labels_count": 43, "reviews_count": 1}, "year": 2006, "grapes": null, "has_valid_ratings": false}, {"id": 1722298, "seo_name": "d-arbois-savagnin-arbois-2005", "name": "Ch\u00e2teau B\u00e9thanie Savagnin Arbois 2005", "statistics": {"status": "Normal", "ratings_count": 13, "ratings_average": 4, "labels_count": 111, "reviews_count": 8}, "year": 2005, "grapes": null, "has_valid_ratings": true}, {"id": 1275852, "seo_name": "d-arbois-savagnin-arbois-2004", "name": "Ch\u00e2teau B\u00e9thanie Savagnin Arbois 2004", "statistics": {"status": "Normal", "ratings_count": 12, "ratings_average": 3.9, "labels_count": 80, "reviews_count": 7}, "year": 2004, "grapes": null, "has_valid_ratings": true}, {"id": 12200781, "seo_name": "d-arbois-savagnin-arbois-2003", "name": "Ch\u00e2teau B\u00e9thanie Savagnin Arbois 2003", "statistics": {"status": "BelowThreshold", "ratings_count": 5, "ratings_average": 0, "labels_count": 39, "reviews_count": 0}, "year": 2003, "grapes": null, "has_valid_ratings": false}, {"id": 4384795, "seo_name": "d-arbois-savagnin-arbois-2002", "name": "Ch\u00e2teau B\u00e9thanie Savagnin Arbois 2002", "statistics": {"status": "BelowThreshold", "ratings_count": 4, "ratings_average": 0, "labels_count": 58, "reviews_count": 2}, "year": 2002, "grapes": null, "has_valid_ratings": false}, {"id": 9466733, "seo_name": "d-arbois-savagnin-arbois-2001", "name": "Ch\u00e2teau B\u00e9thanie Savagnin Arbois 2001", "statistics": {"status": "BelowThreshold", "ratings_count": 7, "ratings_average": 0, "labels_count": 36, "reviews_count": 2}, "year": 2001, "grapes": null, "has_valid_ratings": false}, {"id": 12691385, "seo_name": "d-arbois-savagnin-arbois-2000", "name": "Ch\u00e2teau B\u00e9thanie Savagnin Arbois 2000", "statistics": {"status": "BelowThreshold", "ratings_count": 5, "ratings_average": 0, "labels_count": 62, "reviews_count": 2}, "year": 2000, "grapes": null, "has_valid_ratings": false}, {"id": 6751428, "seo_name": "d-arbois-savagnin-arbois-1999", "name": "Ch\u00e2teau B\u00e9thanie Savagnin Arbois 1999", "statistics": {"status": "BelowThreshold", "ratings_count": 6, "ratings_average": 0, "labels_count": 42, "reviews_count": 0}, "year": 1999, "grapes": null, "has_valid_ratings": false}, {"id": 11415002, "seo_name": "d-arbois-savagnin-arbois-1998", "name": "Ch\u00e2teau B\u00e9thanie Savagnin Arbois 1998", "statistics": {"status": "BelowThreshold", "ratings_count": 4, "ratings_average": 0, "labels_count": 15, "reviews_count": 1}, "year": 1998, "grapes": null, "has_valid_ratings": false}, {"id": 116260774, "seo_name": "d-arbois-savagnin-arbois-1997", "name": "Ch\u00e2teau B\u00e9thanie Savagnin Arbois 1997", "statistics": {"status": "BelowThreshold", "ratings_count": 8, "ratings_average": 0, "labels_count": 28, "reviews_count": 3}, "year": 1997, "grapes": null, "has_valid_ratings": false}, {"id": 10860365, "seo_name": "d-arbois-savagnin-arbois-1996", "name": "Ch\u00e2teau B\u00e9thanie Savagnin Arbois 1996", "statistics": {"status": "BelowThreshold", "ratings_count": 5, "ratings_average": 0, "labels_count": 20, "reviews_count": 5}, "year": 1996, "grapes": null, "has_valid_ratings": false}, {"id": 156583849, "seo_name": "d-arbois-savagnin-arbois-1995", "name": "Ch\u00e2teau B\u00e9thanie Savagnin Arbois 1995", "statistics": {"status": "BelowThreshold", "ratings_count": 1, "ratings_average": 0, "labels_count": 1, "reviews_count": 0}, "year": 1995, "grapes": null, "has_valid_ratings": false}, {"id": 161151500, "seo_name": "d-arbois-savagnin-arbois-1994", "name": "Ch\u00e2teau B\u00e9thanie Savagnin Arbois 1994", "statistics": {"status": "BelowThreshold", "ratings_count": 1, "ratings_average": 0, "labels_count": 7, "reviews_count": 1}, "year": 1994, "grapes": null, "has_valid_ratings": false}, {"id": 25461142, "seo_name": "d-arbois-savagnin-arbois-1993", "name": "Ch\u00e2teau B\u00e9thanie Savagnin Arbois 1993", "statistics": {"status": "BelowThreshold", "ratings_count": 4, "ratings_average": 0, "labels_count": 14, "reviews_count": 1}, "year": 1993, "grapes": null, "has_valid_ratings": false}, {"id": 153401458, "seo_name": "d-arbois-savagnin-arbois-1992", "name": "Ch\u00e2teau B\u00e9thanie Savagnin Arbois 1992", "statistics": {"status": "BelowThreshold", "ratings_count": 3, "ratings_average": 0, "labels_count": 12, "reviews_count": 2}, "year": 1992, "grapes": null, "has_valid_ratings": false}, {"id": 159122904, "seo_name": "d-arbois-savagnin-arbois-1991", "name": "Ch\u00e2teau B\u00e9thanie Savagnin Arbois 1991", "statistics": {"status": "BelowThreshold", "ratings_count": 0, "ratings_average": 0, "labels_count": 0, "reviews_count": 0}, "year": 1991, "grapes": null, "has_valid_ratings": false}, {"id": 35682470, "seo_name": "d-arbois-savagnin-arbois-1990", "name": "Ch\u00e2teau B\u00e9thanie Savagnin Arbois 1990", "statistics": {"status": "BelowThreshold", "ratings_count": 0, "ratings_average": 0, "labels_count": 10, "reviews_count": 0}, "year": 1990, "grapes": null, "has_valid_ratings": false}, {"id": 8359873, "seo_name": "d-arbois-savagnin-arbois-1989", "name": "Ch\u00e2teau B\u00e9thanie Savagnin Arbois 1989", "statistics": {"status": "BelowThreshold", "ratings_count": 1, "ratings_average": 0, "labels_count": 12, "reviews_count": 0}, "year": 1989, "grapes": null, "has_valid_ratings": false}, {"id": 6358888, "seo_name": "d-arbois-savagnin-arbois-1988", "name": "Ch\u00e2teau B\u00e9thanie Savagnin Arbois 1988", "statistics": {"status": "BelowThreshold", "ratings_count": 0, "ratings_average": 0, "labels_count": 8, "reviews_count": 0}, "year": 1988, "grapes": null, "has_valid_ratings": false}, {"id": 6184573, "seo_name": "d-arbois-savagnin-arbois-1987", "name": "Ch\u00e2teau B\u00e9thanie Savagnin Arbois 1987", "statistics": {"status": "BelowThreshold", "ratings_count": 2, "ratings_average": 0, "labels_count": 11, "reviews_count": 0}, "year": 1987, "grapes": null, "has_valid_ratings": false}, {"id": 6554786, "seo_name": "d-arbois-savagnin-arbois-1986", "name": "Ch\u00e2teau B\u00e9thanie Savagnin Arbois 1986", "statistics": {"status": "BelowThreshold", "ratings_count": 0, "ratings_average": 0, "labels_count": 7, "reviews_count": 0}, "year": 1986, "grapes": null, "has_valid_ratings": false}, {"id": 15969394, "seo_name": "d-arbois-savagnin-arbois-1985", "name": "Ch\u00e2teau B\u00e9thanie Savagnin Arbois 1985", "statistics": {"status": "BelowThreshold", "ratings_count": 2, "ratings_average": 0, "labels_count": 3, "reviews_count": 0}, "year": 1985, "grapes": null, "has_valid_ratings": false}, {"id": 79322867, "seo_name": "d-arbois-savagnin-arbois-1983", "name": "Ch\u00e2teau B\u00e9thanie Savagnin Arbois 1983", "statistics": {"status": "BelowThreshold", "ratings_count": 1, "ratings_average": 0, "labels_count": 1, "reviews_count": 1}, "year": 1983, "grapes": null, "has_valid_ratings": false}, {"id": 159622430, "seo_name": "d-arbois-savagnin-arbois-1981", "name": "Ch\u00e2teau B\u00e9thanie Savagnin Arbois 1981", "statistics": {"status": "BelowThreshold", "ratings_count": 0, "ratings_average": 0, "labels_count": 1, "reviews_count": 0}, "year": 1981, "grapes": null, "has_valid_ratings": false}, {"id": 109613005, "seo_name": "d-arbois-savagnin-arbois-1979", "name": "Ch\u00e2teau B\u00e9thanie Savagnin Arbois 1979", "statistics": {"status": "BelowThreshold", "ratings_count": 0, "ratings_average": 0, "labels_count": 0, "reviews_count": 0}, "year": 1979, "grapes": null, "has_valid_ratings": false}, {"id": 10518689, "seo_name": "d-arbois-savagnin-arbois-1972", "name": "Ch\u00e2teau B\u00e9thanie Savagnin Arbois 1972", "statistics": {"status": "BelowThreshold", "ratings_count": 0, "ratings_average": 0, "labels_count": 0, "reviews_count": 0}, "year": 1972, "grapes": null, "has_valid_ratings": false}, {"id": 19128178, "seo_name": "d-arbois-savagnin-arbois-1966", "name": "Ch\u00e2teau B\u00e9thanie Savagnin Arbois 1966", "statistics": {"status": "BelowThreshold", "ratings_count": 0, "ratings_average": 0, "labels_count": 1, "reviews_count": 0}, "year": 1966, "grapes": null, "has_valid_ratings": false}, {"id": 159158669, "seo_name": "d-arbois-savagnin-arbois-1964", "name": "Ch\u00e2teau B\u00e9thanie Savagnin Arbois 1964", "statistics": {"status": "BelowThreshold", "ratings_count": 0, "ratings_average": 0, "labels_count": 1, "reviews_count": 0}, "year": 1964, "grapes": null, "has_valid_ratings": false}, {"id": 26464960, "seo_name": "d-arbois-savagnin-arbois-1959", "name": "Ch\u00e2teau B\u00e9thanie Savagnin Arbois 1959", "statistics": {"status": "BelowThreshold", "ratings_count": 0, "ratings_average": 0, "labels_count": 0, "reviews_count": 0}, "year": 1959, "grapes": null, "has_valid_ratings": false}, {"id": 150825156, "seo_name": "d-arbois-savagnin-arbois-1900", "name": "Ch\u00e2teau B\u00e9thanie Savagnin Arbois 1900", "statistics": {"status": "BelowThreshold", "ratings_count": 0, "ratings_average": 0, "labels_count": 0, "reviews_count": 0}, "year": 1900, "grapes": null, "has_valid_ratings": false}, {"id": 4827078, "seo_name": "d-arbois-savagnin-arbois-uv", "name": "Ch\u00e2teau B\u00e9thanie Savagnin Arbois", "statistics": {"status": "Normal", "ratings_count": 1017, "ratings_average": 3.7, "labels_count": 85, "reviews_count": 15}, "year": 0, "grapes": null, "has_valid_ratings": true}], "description": "This wine has powerful aromas of walnut, vanilla and roasted almonds. This expresses itself with lightness and subtlety on the complex tonalities of fresh walnuts and spices typical of the terror.", "grapes": [{"id": 1011, "name": "Savagnin", "seo_name": "savagnin-blanc", "has_detailed_info": false, "wines_count": 12239}], "foods": [{"id": 20, "name": "Poultry", "background_image": {"location": "//images.vivino.com/backgrounds/foods/20_chicken.png", "variations": {"small": "//images.vivino.com/backgrounds/foods/thumbs/20_chicken_932x810.png"}}, "seo_name": "poultry"}, {"id": 34, "name": "Mushrooms", "background_image": {"location": "//images.vivino.com/backgrounds/foods/34_mushrooms.png", "variations": {"small": "//images.vivino.com/backgrounds/foods/thumbs/34_mushrooms_932x810.png"}}, "seo_name": null}, {"id": 35, "name": "Mild and soft cheese", "background_image": {"location": "//images.vivino.com/backgrounds/foods/35_softcheese.png", "variations": {"small": "//images.vivino.com/backgrounds/foods/thumbs/35_softcheese_932x810.png"}}, "seo_name": null}], "non_vintage": false, "alcohol": 13, "sweetness_id": null, "closure": null, "vintage_mask_raw": null, "updated_at": "2018-03-19T15:20:05Z", "created_at": "2011-12-30T06:37:52Z", "is_first_wine": false, "style": {"id": 257, "seo_name": "jura-white", "regional_name": "Jura", "varietal_name": "White", "name": "Jura White", "image": null, "background_image": null, "description": "Made from the region's native grape, Savagnin, Jura whites tend to be low in alcohol with bright acidity, and offer up nutty, savory qualities and can be intensely spicy.\n\nThe typical Jura white is intentionally made in an oxidative style, in barrel under a thin film of yeast, slightly similar to how sherry is produced.\n\nLocated in eastern France, the Jura's climate is relatively cool, with most vines planted on south-facing slopes that benefit from direct sunshine.\n\nThere are also more fruit-forward styles of white produced in the Jura, often from Chardonnay and similar to white Burgundy, but fresher and lighter.", "blurb": null, "interesting_facts": ["The Jura is France's smallest wine-producing region.", "Most Jura producers practice organic or biodynamic winemaking.", "Vin Jaune, the region's ultimate expression of oxidative winemaking, requires six years and three months in barrel.", "Chateau-Chalon is said to make the best Vin Jaune, which is sold in a unique 620 ml bottle called a 'clavelin'."], "body": 3, "body_description": "Medium-bodied", "acidity": 3, "acidity_description": "High", "country": {"code": "fr", "name": "France", "native_name": "France", "seo_name": "france", "currency": {"code": "EUR", "name": "Euros", "prefix": "\u20ac", "suffix": null}, "regions_count": 1292, "users_count": 5068363, "wines_count": 542471, "wineries_count": 67002, "most_used_grapes": [{"id": 14, "name": "Pinot Noir", "seo_name": "pinot-noir", "has_detailed_info": true, "wines_count": 572334}, {"id": 10, "name": "Merlot", "seo_name": "merlot", "has_detailed_info": true, "wines_count": 566719}, {"id": 5, "name": "Chardonnay", "seo_name": "chardonnay", "has_detailed_info": true, "wines_count": 604208}]}, "wine_type_id": 2, "food": [{"id": 20, "name": "Poultry", "background_image": {"location": "//images.vivino.com/backgrounds/foods/20_chicken.png", "variations": {"small": "//images.vivino.com/backgrounds/foods/thumbs/20_chicken_932x810.png"}}, "seo_name": "poultry"}, {"id": 34, "name": "Mushrooms", "background_image": {"location": "//images.vivino.com/backgrounds/foods/34_mushrooms.png", "variations": {"small": "//images.vivino.com/backgrounds/foods/thumbs/34_mushrooms_932x810.png"}}, "seo_name": null}, {"id": 35, "name": "Mild and soft cheese", "background_image": {"location": "//images.vivino.com/backgrounds/foods/35_softcheese.png", "variations": {"small": "//images.vivino.com/backgrounds/foods/thumbs/35_softcheese_932x810.png"}}, "seo_name": null}], "grapes": [{"id": 5, "name": "Chardonnay", "seo_name": "chardonnay", "has_detailed_info": true, "wines_count": 604208}], "region": {"id": 767, "name": "Jura", "name_en": "", "seo_name": "jura", "country": {"code": "fr", "name": "France", "native_name": "France", "seo_name": "france", "currency": {"code": "EUR", "name": "Euros", "prefix": "\u20ac", "suffix": null}, "regions_count": 1292, "users_count": 5068363, "wines_count": 542471, "wineries_count": 67002, "most_used_grapes": [{"id": 14, "name": "Pinot Noir", "seo_name": "pinot-noir", "has_detailed_info": true, "wines_count": 572334}, {"id": 10, "name": "Merlot", "seo_name": "merlot", "has_detailed_info": true, "wines_count": 566719}, {"id": 5, "name": "Chardonnay", "seo_name": "chardonnay", "has_detailed_info": true, "wines_count": 604208}]}, "parent_id": null, "background_image": null, "statistics": {"wineries_count": 319, "wines_count": 2052, "sub_regions_count": 1, "parent_regions_count": 0}}}, "has_valid_ratings": true}, "highlights": [{"vintage_id": 1722298, "highlight_type": "best_user_rated", "message": "This vintage rates better than any other year for this wine", "icon": "https://images.vivino.com/highlights/icon/best_user_rated.svg", "metadata": {"price": null, "wine_id": 1199856, "toplist": null, "ws_award": null, "critic_review_id": null, "ratings_average": 4, "ratings_count": 13, "vintage_year": "2005", "rank_type": "winery", "ranks": {"country": {"description": "Rank within France", "total": 2497604, "rank": 390407}, "region": {"description": "Rank within Wine Region", "total": 26380, "rank": 4396}, "winery": {"description": "Rank within Winery", "total": 786, "rank": 59}, "global": {"description": "Global Rank", "total": 8944670, "rank": 1404260}}, "style": {"id": 257, "seo_name": "jura-white", "regional_name": "Jura", "varietal_name": "White", "name": "Jura White", "image": null, "background_image": null, "description": "Made from the region's native grape, Savagnin, Jura whites tend to be low in alcohol with bright acidity, and offer up nutty, savory qualities and can be intensely spicy.\n\nThe typical Jura white is intentionally made in an oxidative style, in barrel under a thin film of yeast, slightly similar to how sherry is produced.\n\nLocated in eastern France, the Jura's climate is relatively cool, with most vines planted on south-facing slopes that benefit from direct sunshine.\n\nThere are also more fruit-forward styles of white produced in the Jura, often from Chardonnay and similar to white Burgundy, but fresher and lighter.", "blurb": null, "interesting_facts": ["The Jura is France's smallest wine-producing region.", "Most Jura producers practice organic or biodynamic winemaking.", "Vin Jaune, the region's ultimate expression of oxidative winemaking, requires six years and three months in barrel.", "Chateau-Chalon is said to make the best Vin Jaune, which is sold in a unique 620 ml bottle called a 'clavelin'."], "body": 3, "body_description": "Medium-bodied", "acidity": 3, "acidity_description": "High", "country": {"code": "fr", "name": "France", "native_name": "France", "seo_name": "france", "currency": {"code": "EUR", "name": "Euros", "prefix": "\u20ac", "suffix": null}, "regions_count": 1292, "users_count": 5068363, "wines_count": 542471, "wineries_count": 67002, "most_used_grapes": [{"id": 14, "name": "Pinot Noir", "seo_name": "pinot-noir", "has_detailed_info": true, "wines_count": 572334}, {"id": 10, "name": "Merlot", "seo_name": "merlot", "has_detailed_info": true, "wines_count": 566719}, {"id": 5, "name": "Chardonnay", "seo_name": "chardonnay", "has_detailed_info": true, "wines_count": 604208}]}, "wine_type_id": 2, "food": [{"id": 20, "name": "Poultry", "background_image": {"location": "//images.vivino.com/backgrounds/foods/20_chicken.png", "variations": {"small": "//images.vivino.com/backgrounds/foods/thumbs/20_chicken_932x810.png"}}, "seo_name": "poultry"}, {"id": 34, "name": "Mushrooms", "background_image": {"location": "//images.vivino.com/backgrounds/foods/34_mushrooms.png", "variations": {"small": "//images.vivino.com/backgrounds/foods/thumbs/34_mushrooms_932x810.png"}}, "seo_name": null}, {"id": 35, "name": "Mild and soft cheese", "background_image": {"location": "//images.vivino.com/backgrounds/foods/35_softcheese.png", "variations": {"small": "//images.vivino.com/backgrounds/foods/thumbs/35_softcheese_932x810.png"}}, "seo_name": null}], "grapes": [{"id": 5, "name": "Chardonnay", "seo_name": "chardonnay", "has_detailed_info": true, "wines_count": 604208}], "region": {"id": 767, "name": "Jura", "name_en": "", "seo_name": "jura", "country": {"code": "fr", "name": "France", "native_name": "France", "seo_name": "france", "currency": {"code": "EUR", "name": "Euros", "prefix": "\u20ac", "suffix": null}, "regions_count": 1292, "users_count": 5068363, "wines_count": 542471, "wineries_count": 67002, "most_used_grapes": [{"id": 14, "name": "Pinot Noir", "seo_name": "pinot-noir", "has_detailed_info": true, "wines_count": 572334}, {"id": 10, "name": "Merlot", "seo_name": "merlot", "has_detailed_info": true, "wines_count": 566719}, {"id": 5, "name": "Chardonnay", "seo_name": "chardonnay", "has_detailed_info": true, "wines_count": 604208}]}, "parent_id": null, "background_image": null, "statistics": {"wineries_count": 319, "wines_count": 2052, "sub_regions_count": 1, "parent_regions_count": 0}}}}, "vintage_year": 2005}, {"vintage_id": 144739073, "highlight_type": "most_user_rated", "message": "Popular among Vivino users. More than 100 ratings", "icon": "https://images.vivino.com/highlights/icon/most_user_rated.svg", "metadata": {"price": null, "wine_id": 1199856, "toplist": null, "ws_award": null, "critic_review_id": null, "ratings_average": 3.8, "ratings_count": 184, "vintage_year": "2016", "rank_type": "global", "ranks": {"country": {"description": "Rank within France", "total": 2497604, "rank": 182445}, "region": {"description": "Rank within Wine Region", "total": 26380, "rank": 2027}, "winery": {"description": "Rank within Winery", "total": 786, "rank": 19}, "global": {"description": "Global Rank", "total": 8944670, "rank": 669985}}, "style": {"id": 257, "seo_name": "jura-white", "regional_name": "Jura", "varietal_name": "White", "name": "Jura White", "image": null, "background_image": null, "description": "Made from the region's native grape, Savagnin, Jura whites tend to be low in alcohol with bright acidity, and offer up nutty, savory qualities and can be intensely spicy.\n\nThe typical Jura white is intentionally made in an oxidative style, in barrel under a thin film of yeast, slightly similar to how sherry is produced.\n\nLocated in eastern France, the Jura's climate is relatively cool, with most vines planted on south-facing slopes that benefit from direct sunshine.\n\nThere are also more fruit-forward styles of white produced in the Jura, often from Chardonnay and similar to white Burgundy, but fresher and lighter.", "blurb": null, "interesting_facts": ["The Jura is France's smallest wine-producing region.", "Most Jura producers practice organic or biodynamic winemaking.", "Vin Jaune, the region's ultimate expression of oxidative winemaking, requires six years and three months in barrel.", "Chateau-Chalon is said to make the best Vin Jaune, which is sold in a unique 620 ml bottle called a 'clavelin'."], "body": 3, "body_description": "Medium-bodied", "acidity": 3, "acidity_description": "High", "country": {"code": "fr", "name": "France", "native_name": "France", "seo_name": "france", "currency": {"code": "EUR", "name": "Euros", "prefix": "\u20ac", "suffix": null}, "regions_count": 1292, "users_count": 5068363, "wines_count": 542471, "wineries_count": 67002, "most_used_grapes": [{"id": 14, "name": "Pinot Noir", "seo_name": "pinot-noir", "has_detailed_info": true, "wines_count": 572334}, {"id": 10, "name": "Merlot", "seo_name": "merlot", "has_detailed_info": true, "wines_count": 566719}, {"id": 5, "name": "Chardonnay", "seo_name": "chardonnay", "has_detailed_info": true, "wines_count": 604208}]}, "wine_type_id": 2, "food": [{"id": 20, "name": "Poultry", "background_image": {"location": "//images.vivino.com/backgrounds/foods/20_chicken.png", "variations": {"small": "//images.vivino.com/backgrounds/foods/thumbs/20_chicken_932x810.png"}}, "seo_name": "poultry"}, {"id": 34, "name": "Mushrooms", "background_image": {"location": "//images.vivino.com/backgrounds/foods/34_mushrooms.png", "variations": {"small": "//images.vivino.com/backgrounds/foods/thumbs/34_mushrooms_932x810.png"}}, "seo_name": null}, {"id": 35, "name": "Mild and soft cheese", "background_image": {"location": "//images.vivino.com/backgrounds/foods/35_softcheese.png", "variations": {"small": "//images.vivino.com/backgrounds/foods/thumbs/35_softcheese_932x810.png"}}, "seo_name": null}], "grapes": [{"id": 5, "name": "Chardonnay", "seo_name": "chardonnay", "has_detailed_info": true, "wines_count": 604208}], "region": {"id": 767, "name": "Jura", "name_en": "", "seo_name": "jura", "country": {"code": "fr", "name": "France", "native_name": "France", "seo_name": "france", "currency": {"code": "EUR", "name": "Euros", "prefix": "\u20ac", "suffix": null}, "regions_count": 1292, "users_count": 5068363, "wines_count": 542471, "wineries_count": 67002, "most_used_grapes": [{"id": 14, "name": "Pinot Noir", "seo_name": "pinot-noir", "has_detailed_info": true, "wines_count": 572334}, {"id": 10, "name": "Merlot", "seo_name": "merlot", "has_detailed_info": true, "wines_count": 566719}, {"id": 5, "name": "Chardonnay", "seo_name": "chardonnay", "has_detailed_info": true, "wines_count": 604208}]}, "parent_id": null, "background_image": null, "statistics": {"wineries_count": 319, "wines_count": 2052, "sub_regions_count": 1, "parent_regions_count": 0}}}}, "vintage_year": 2016}, {"vintage_id": 3424193, "highlight_type": "top_ranked", "message": "Among top 5% of all wines in region", "icon": "https://images.vivino.com/highlights/icon/top_ranked.svg", "metadata": {"price": null, "wine_id": 1199856, "toplist": null, "ws_award": null, "critic_review_id": null, "ratings_average": 3.7, "ratings_count": 113, "vintage_year": "2011", "rank_type": "winery", "ranks": {"country": {"description": "Rank within France", "total": 2497604, "rank": 259285}, "region": {"description": "Rank within Wine Region", "total": 26380, "rank": 2873}, "winery": {"description": "Rank within Winery", "total": 786, "rank": 35}, "global": {"description": "Global Rank", "total": 8944670, "rank": 943416}}, "style": {"id": 257, "seo_name": "jura-white", "regional_name": "Jura", "varietal_name": "White", "name": "Jura White", "image": null, "background_image": null, "description": "Made from the region's native grape, Savagnin, Jura whites tend to be low in alcohol with bright acidity, and offer up nutty, savory qualities and can be intensely spicy.\n\nThe typical Jura white is intentionally made in an oxidative style, in barrel under a thin film of yeast, slightly similar to how sherry is produced.\n\nLocated in eastern France, the Jura's climate is relatively cool, with most vines planted on south-facing slopes that benefit from direct sunshine.\n\nThere are also more fruit-forward styles of white produced in the Jura, often from Chardonnay and similar to white Burgundy, but fresher and lighter.", "blurb": null, "interesting_facts": ["The Jura is France's smallest wine-producing region.", "Most Jura producers practice organic or biodynamic winemaking.", "Vin Jaune, the region's ultimate expression of oxidative winemaking, requires six years and three months in barrel.", "Chateau-Chalon is said to make the best Vin Jaune, which is sold in a unique 620 ml bottle called a 'clavelin'."], "body": 3, "body_description": "Medium-bodied", "acidity": 3, "acidity_description": "High", "country": {"code": "fr", "name": "France", "native_name": "France", "seo_name": "france", "currency": {"code": "EUR", "name": "Euros", "prefix": "\u20ac", "suffix": null}, "regions_count": 1292, "users_count": 5068363, "wines_count": 542471, "wineries_count": 67002, "most_used_grapes": [{"id": 14, "name": "Pinot Noir", "seo_name": "pinot-noir", "has_detailed_info": true, "wines_count": 572334}, {"id": 10, "name": "Merlot", "seo_name": "merlot", "has_detailed_info": true, "wines_count": 566719}, {"id": 5, "name": "Chardonnay", "seo_name": "chardonnay", "has_detailed_info": true, "wines_count": 604208}]}, "wine_type_id": 2, "food": [{"id": 20, "name": "Poultry", "background_image": {"location": "//images.vivino.com/backgrounds/foods/20_chicken.png", "variations": {"small": "//images.vivino.com/backgrounds/foods/thumbs/20_chicken_932x810.png"}}, "seo_name": "poultry"}, {"id": 34, "name": "Mushrooms", "background_image": {"location": "//images.vivino.com/backgrounds/foods/34_mushrooms.png", "variations": {"small": "//images.vivino.com/backgrounds/foods/thumbs/34_mushrooms_932x810.png"}}, "seo_name": null}, {"id": 35, "name": "Mild and soft cheese", "background_image": {"location": "//images.vivino.com/backgrounds/foods/35_softcheese.png", "variations": {"small": "//images.vivino.com/backgrounds/foods/thumbs/35_softcheese_932x810.png"}}, "seo_name": null}], "grapes": [{"id": 5, "name": "Chardonnay", "seo_name": "chardonnay", "has_detailed_info": true, "wines_count": 604208}], "region": {"id": 767, "name": "Jura", "name_en": "", "seo_name": "jura", "country": {"code": "fr", "name": "France", "native_name": "France", "seo_name": "france", "currency": {"code": "EUR", "name": "Euros", "prefix": "\u20ac", "suffix": null}, "regions_count": 1292, "users_count": 5068363, "wines_count": 542471, "wineries_count": 67002, "most_used_grapes": [{"id": 14, "name": "Pinot Noir", "seo_name": "pinot-noir", "has_detailed_info": true, "wines_count": 572334}, {"id": 10, "name": "Merlot", "seo_name": "merlot", "has_detailed_info": true, "wines_count": 566719}, {"id": 5, "name": "Chardonnay", "seo_name": "chardonnay", "has_detailed_info": true, "wines_count": 604208}]}, "parent_id": null, "background_image": null, "statistics": {"wineries_count": 319, "wines_count": 2052, "sub_regions_count": 1, "parent_regions_count": 0}}}}, "vintage_year": 2011}, {"vintage_id": 157637346, "highlight_type": "latest_available", "message": "Latest vintage available", "icon": "https://images.vivino.com/highlights/icon/latest_available.svg", "metadata": {"price": {"id": 20916382, "type": "ppc", "amount": 29.9, "currency": {"code": "EUR", "name": "Euros", "prefix": "\u20ac", "suffix": null}, "discounted_from": null}, "wine_id": 1199856, "toplist": null, "ws_award": null, "critic_review_id": null, "ratings_average": 0, "ratings_count": 6, "vintage_year": "2018", "rank_type": null, "ranks": {"country": {"description": "Rank within France", "total": 2497604, "rank": 2317378}, "region": {"description": "Rank within Wine Region", "total": 26380, "rank": 24397}, "winery": {"description": "Rank within Winery", "total": 786, "rank": 742}, "global": {"description": "Global Rank", "total": 8944670, "rank": 8271972}}, "style": {"id": 257, "seo_name": "jura-white", "regional_name": "Jura", "varietal_name": "White", "name": "Jura White", "image": null, "background_image": null, "description": "Made from the region's native grape, Savagnin, Jura whites tend to be low in alcohol with bright acidity, and offer up nutty, savory qualities and can be intensely spicy.\n\nThe typical Jura white is intentionally made in an oxidative style, in barrel under a thin film of yeast, slightly similar to how sherry is produced.\n\nLocated in eastern France, the Jura's climate is relatively cool, with most vines planted on south-facing slopes that benefit from direct sunshine.\n\nThere are also more fruit-forward styles of white produced in the Jura, often from Chardonnay and similar to white Burgundy, but fresher and lighter.", "blurb": null, "interesting_facts": ["The Jura is France's smallest wine-producing region.", "Most Jura producers practice organic or biodynamic winemaking.", "Vin Jaune, the region's ultimate expression of oxidative winemaking, requires six years and three months in barrel.", "Chateau-Chalon is said to make the best Vin Jaune, which is sold in a unique 620 ml bottle called a 'clavelin'."], "body": 3, "body_description": "Medium-bodied", "acidity": 3, "acidity_description": "High", "country": {"code": "fr", "name": "France", "native_name": "France", "seo_name": "france", "currency": {"code": "EUR", "name": "Euros", "prefix": "\u20ac", "suffix": null}, "regions_count": 1292, "users_count": 5068363, "wines_count": 542471, "wineries_count": 67002, "most_used_grapes": [{"id": 14, "name": "Pinot Noir", "seo_name": "pinot-noir", "has_detailed_info": true, "wines_count": 572334}, {"id": 10, "name": "Merlot", "seo_name": "merlot", "has_detailed_info": true, "wines_count": 566719}, {"id": 5, "name": "Chardonnay", "seo_name": "chardonnay", "has_detailed_info": true, "wines_count": 604208}]}, "wine_type_id": 2, "food": [{"id": 20, "name": "Poultry", "background_image": {"location": "//images.vivino.com/backgrounds/foods/20_chicken.png", "variations": {"small": "//images.vivino.com/backgrounds/foods/thumbs/20_chicken_932x810.png"}}, "seo_name": "poultry"}, {"id": 34, "name": "Mushrooms", "background_image": {"location": "//images.vivino.com/backgrounds/foods/34_mushrooms.png", "variations": {"small": "//images.vivino.com/backgrounds/foods/thumbs/34_mushrooms_932x810.png"}}, "seo_name": null}, {"id": 35, "name": "Mild and soft cheese", "background_image": {"location": "//images.vivino.com/backgrounds/foods/35_softcheese.png", "variations": {"small": "//images.vivino.com/backgrounds/foods/thumbs/35_softcheese_932x810.png"}}, "seo_name": null}], "grapes": [{"id": 5, "name": "Chardonnay", "seo_name": "chardonnay", "has_detailed_info": true, "wines_count": 604208}], "region": {"id": 767, "name": "Jura", "name_en": "", "seo_name": "jura", "country": {"code": "fr", "name": "France", "native_name": "France", "seo_name": "france", "currency": {"code": "EUR", "name": "Euros", "prefix": "\u20ac", "suffix": null}, "regions_count": 1292, "users_count": 5068363, "wines_count": 542471, "wineries_count": 67002, "most_used_grapes": [{"id": 14, "name": "Pinot Noir", "seo_name": "pinot-noir", "has_detailed_info": true, "wines_count": 572334}, {"id": 10, "name": "Merlot", "seo_name": "merlot", "has_detailed_info": true, "wines_count": 566719}, {"id": 5, "name": "Chardonnay", "seo_name": "chardonnay", "has_detailed_info": true, "wines_count": 604208}]}, "parent_id": null, "background_image": null, "statistics": {"wineries_count": 319, "wines_count": 2052, "sub_regions_count": 1, "parent_regions_count": 0}}}}, "vintage_year": 2018}, {"vintage_id": 151080269, "highlight_type": "oldest_available", "message": "Oldest vintage available", "icon": "https://images.vivino.com/highlights/icon/oldest_available.svg", "metadata": {"price": {"id": 20916394, "type": "ppc", "amount": 22.5, "currency": {"code": "EUR", "name": "Euros", "prefix": "\u20ac", "suffix": null}, "discounted_from": null}, "wine_id": 1199856, "toplist": null, "ws_award": null, "critic_review_id": null, "ratings_average": 3.6, "ratings_count": 18, "vintage_year": "2017", "rank_type": null, "ranks": {"country": {"description": "Rank within France", "total": 2497604, "rank": 683440}, "region": {"description": "Rank within Wine Region", "total": 26380, "rank": 7283}, "winery": {"description": "Rank within Winery", "total": 786, "rank": 172}, "global": {"description": "Global Rank", "total": 8944670, "rank": 2475995}}, "style": {"id": 257, "seo_name": "jura-white", "regional_name": "Jura", "varietal_name": "White", "name": "Jura White", "image": null, "background_image": null, "description": "Made from the region's native grape, Savagnin, Jura whites tend to be low in alcohol with bright acidity, and offer up nutty, savory qualities and can be intensely spicy.\n\nThe typical Jura white is intentionally made in an oxidative style, in barrel under a thin film of yeast, slightly similar to how sherry is produced.\n\nLocated in eastern France, the Jura's climate is relatively cool, with most vines planted on south-facing slopes that benefit from direct sunshine.\n\nThere are also more fruit-forward styles of white produced in the Jura, often from Chardonnay and similar to white Burgundy, but fresher and lighter.", "blurb": null, "interesting_facts": ["The Jura is France's smallest wine-producing region.", "Most Jura producers practice organic or biodynamic winemaking.", "Vin Jaune, the region's ultimate expression of oxidative winemaking, requires six years and three months in barrel.", "Chateau-Chalon is said to make the best Vin Jaune, which is sold in a unique 620 ml bottle called a 'clavelin'."], "body": 3, "body_description": "Medium-bodied", "acidity": 3, "acidity_description": "High", "country": {"code": "fr", "name": "France", "native_name": "France", "seo_name": "france", "currency": {"code": "EUR", "name": "Euros", "prefix": "\u20ac", "suffix": null}, "regions_count": 1292, "users_count": 5068363, "wines_count": 542471, "wineries_count": 67002, "most_used_grapes": [{"id": 14, "name": "Pinot Noir", "seo_name": "pinot-noir", "has_detailed_info": true, "wines_count": 572334}, {"id": 10, "name": "Merlot", "seo_name": "merlot", "has_detailed_info": true, "wines_count": 566719}, {"id": 5, "name": "Chardonnay", "seo_name": "chardonnay", "has_detailed_info": true, "wines_count": 604208}]}, "wine_type_id": 2, "food": [{"id": 20, "name": "Poultry", "background_image": {"location": "//images.vivino.com/backgrounds/foods/20_chicken.png", "variations": {"small": "//images.vivino.com/backgrounds/foods/thumbs/20_chicken_932x810.png"}}, "seo_name": "poultry"}, {"id": 34, "name": "Mushrooms", "background_image": {"location": "//images.vivino.com/backgrounds/foods/34_mushrooms.png", "variations": {"small": "//images.vivino.com/backgrounds/foods/thumbs/34_mushrooms_932x810.png"}}, "seo_name": null}, {"id": 35, "name": "Mild and soft cheese", "background_image": {"location": "//images.vivino.com/backgrounds/foods/35_softcheese.png", "variations": {"small": "//images.vivino.com/backgrounds/foods/thumbs/35_softcheese_932x810.png"}}, "seo_name": null}], "grapes": [{"id": 5, "name": "Chardonnay", "seo_name": "chardonnay", "has_detailed_info": true, "wines_count": 604208}], "region": {"id": 767, "name": "Jura", "name_en": "", "seo_name": "jura", "country": {"code": "fr", "name": "France", "native_name": "France", "seo_name": "france", "currency": {"code": "EUR", "name": "Euros", "prefix": "\u20ac", "suffix": null}, "regions_count": 1292, "users_count": 5068363, "wines_count": 542471, "wineries_count": 67002, "most_used_grapes": [{"id": 14, "name": "Pinot Noir", "seo_name": "pinot-noir", "has_detailed_info": true, "wines_count": 572334}, {"id": 10, "name": "Merlot", "seo_name": "merlot", "has_detailed_info": true, "wines_count": 566719}, {"id": 5, "name": "Chardonnay", "seo_name": "chardonnay", "has_detailed_info": true, "wines_count": 604208}]}, "parent_id": null, "background_image": null, "statistics": {"wineries_count": 319, "wines_count": 2052, "sub_regions_count": 1, "parent_regions_count": 0}}}}, "vintage_year": 2017}], "recommended_vintages": [{"vintage": {"id": 1722298, "seo_name": "d-arbois-savagnin-arbois-2005", "name": "Ch\u00e2teau B\u00e9thanie Savagnin Arbois 2005", "statistics": {"status": "Normal", "ratings_count": 13, "ratings_average": 4, "labels_count": 111, "reviews_count": 8}, "year": 2005, "grapes": null, "has_valid_ratings": true}, "type": "best_user_rated", "highlight_icon": "https://images.vivino.com/highlights/icon/best_user_rated.svg", "price": null}, {"vintage": {"id": 144739073, "seo_name": "d-arbois-savagnin-arbois-2016", "name": "Ch\u00e2teau B\u00e9thanie Savagnin Arbois 2016", "statistics": {"status": "Normal", "ratings_count": 184, "ratings_average": 3.8, "labels_count": 1582, "reviews_count": 88}, "year": 2016, "grapes": null, "has_valid_ratings": true}, "type": "most_user_rated", "highlight_icon": "https://images.vivino.com/highlights/icon/most_user_rated.svg", "price": null}, {"vintage": {"id": 3424193, "seo_name": "d-arbois-savagnin-arbois-2011", "name": "Ch\u00e2teau B\u00e9thanie Savagnin Arbois 2011", "statistics": {"status": "Normal", "ratings_count": 113, "ratings_average": 3.7, "labels_count": 615, "reviews_count": 51}, "year": 2011, "grapes": null, "has_valid_ratings": true}, "type": "top_ranked", "highlight_icon": "https://images.vivino.com/highlights/icon/top_ranked.svg", "price": null}, {"vintage": {"id": 157637346, "seo_name": "d-arbois-savagnin-arbois-2018", "name": "Ch\u00e2teau B\u00e9thanie Savagnin Arbois 2018", "statistics": {"status": "BelowThreshold", "ratings_count": 6, "ratings_average": 0, "labels_count": 35, "reviews_count": 2}, "year": 2018, "grapes": null, "has_valid_ratings": false}, "type": "latest_available", "highlight_icon": "https://images.vivino.com/highlights/icon/latest_available.svg", "price": {"id": 20916382, "type": "ppc", "amount": 29.9, "currency": {"code": "EUR", "name": "Euros", "prefix": "\u20ac", "suffix": null}, "discounted_from": null}}, {"vintage": {"id": 151080269, "seo_name": "d-arbois-savagnin-arbois-2017", "name": "Ch\u00e2teau B\u00e9thanie Savagnin Arbois 2017", "statistics": {"status": "Normal", "ratings_count": 18, "ratings_average": 3.6, "labels_count": 195, "reviews_count": 11}, "year": 2017, "grapes": null, "has_valid_ratings": true}, "type": "oldest_available", "highlight_icon": "https://images.vivino.com/highlights/icon/oldest_available.svg", "price": {"id": 20916394, "type": "ppc", "amount": 22.5, "currency": {"code": "EUR", "name": "Euros", "prefix": "\u20ac", "suffix": null}, "discounted_from": null}}], "prices_and_availabilities": [], "price_range": {"currency": {"code": "EUR", "name": "Euros", "prefix": "\u20ac", "suffix": null}, "price_range": {"minimum": 0, "maximum": 500, "currency_code": "EUR"}, "defaults": {"minimum": 7, "maximum": 30, "currency_code": "EUR"}}, "subtotal_price": null}