{"vintage": {"id": 167284981, "seo_name": "tramin-gewurztraminer-2020", "name": "Tramin Gew\u00fcrztraminer 2020", "statistics": {"status": "Normal", "ratings_count": 80, "ratings_average": 3.9, "labels_count": 396, "reviews_count": 36}, "organic_certification_id": null, "certified_biodynamic": null, "image": {"location": "//images.vivino.com/thumbs/IgkEK9vVRKqIXjPkBcKIaw_pl_480x640.png", "variations": {"bottle_large": "//images.vivino.com/thumbs/IgkEK9vVRKqIXjPkBcKIaw_pb_x960.png", "bottle_medium": "//images.vivino.com/thumbs/IgkEK9vVRKqIXjPkBcKIaw_pb_x600.png", "bottle_medium_square": "//images.vivino.com/thumbs/IgkEK9vVRKqIXjPkBcKIaw_pb_600x600.png", "bottle_small": "//images.vivino.com/thumbs/IgkEK9vVRKqIXjPkBcKIaw_pb_x300.png", "bottle_small_square": "//images.vivino.com/thumbs/IgkEK9vVRKqIXjPkBcKIaw_pb_300x300.png", "label": "//images.vivino.com/thumbs/IgkEK9vVRKqIXjPkBcKIaw_pl_480x640.png", "label_large": "//images.vivino.com/thumbs/IgkEK9vVRKqIXjPkBcKIaw_pl_375x500.png", "label_medium": "//images.vivino.com/thumbs/IgkEK9vVRKqIXjPkBcKIaw_pl_150x200.png", "label_medium_square": "//images.vivino.com/thumbs/IgkEK9vVRKqIXjPkBcKIaw_pl_150x150.png", "label_small_square": "//images.vivino.com/thumbs/IgkEK9vVRKqIXjPkBcKIaw_pl_80x80.png", "large": "//images.vivino.com/thumbs/IgkEK9vVRKqIXjPkBcKIaw_pl_375x500.png", "medium": "//images.vivino.com/thumbs/IgkEK9vVRKqIXjPkBcKIaw_pl_150x200.png", "medium_square": "//images.vivino.com/thumbs/IgkEK9vVRKqIXjPkBcKIaw_pl_150x150.png", "small_square": "//images.vivino.com/thumbs/IgkEK9vVRKqIXjPkBcKIaw_pl_80x80.png"}}, "wine": {"id": 1981571, "name": "Gew\u00fcrztraminer", "seo_name": "gewurztraminer", "type_id": 2, "vintage_type": 0, "is_natural": false, "region": {"id": 661, "name": "S\u00fcdtirol - Alto Adige", "name_en": "Alto Adige (S\u00fcdtirol)", "seo_name": "alto-adige", "country": {"code": "it", "name": "Italien", "native_name": "Italia", "seo_name": "italy", "currency": {"code": "EUR", "name": "Euros", "prefix": "\u20ac", "suffix": null}, "regions_count": 555, "users_count": 3800165, "wines_count": 351993, "wineries_count": 41153, "most_used_grapes": [{"id": 16, "name": "Sangiovese", "seo_name": "sangiovese", "has_detailed_info": true, "wines_count": 123993}, {"id": 10, "name": "Merlot", "seo_name": "merlot", "has_detailed_info": true, "wines_count": 560926}, {"id": 5, "name": "Chardonnay", "seo_name": "chardonnay", "has_detailed_info": true, "wines_count": 597329}]}, "parent_id": 576, "background_image": {"location": "//images.vivino.com/regions/backgrounds/fwSJeiXsQKa5CAbMMDKygA.jpeg", "variations": {"large": "//thumbs.vivino.com/region_backgrounds/fwSJeiXsQKa5CAbMMDKygA_1280x760.jpeg", "medium": "//thumbs.vivino.com/region_backgrounds/fwSJeiXsQKa5CAbMMDKygA_600x356.jpeg"}}, "class": {"typecast_map": {"background_image": {}, "class": {}}}, "statistics": {"wineries_count": 298, "wines_count": 3514, "sub_regions_count": 3, "parent_regions_count": 1}}, "review_status": 2, "winery": {"id": 11493, "name": "Tramin", "seo_name": "tramin", "status": 1, "review_status": "Completed", "background_image": null, "statistics": {"ratings_count": 56926, "ratings_average": 3.9, "labels_count": 244719, "wines_count": 63}, "region": {"id": 576, "name": "Trentino-Alto Adige", "name_en": "", "seo_name": "trentino-alto-adige", "country": {"code": "it", "name": "Italien", "native_name": "Italia", "seo_name": "italy", "currency": {"code": "EUR", "name": "Euros", "prefix": "\u20ac", "suffix": null}, "regions_count": 555, "users_count": 3800165, "wines_count": 351993, "wineries_count": 41153, "most_used_grapes": [{"id": 16, "name": "Sangiovese", "seo_name": "sangiovese", "has_detailed_info": true, "wines_count": 123993}, {"id": 10, "name": "Merlot", "seo_name": "merlot", "has_detailed_info": true, "wines_count": 560926}, {"id": 5, "name": "Chardonnay", "seo_name": "chardonnay", "has_detailed_info": true, "wines_count": 597329}]}, "parent_id": null, "background_image": {"location": "//images.vivino.com/regions/backgrounds/SlieaLduQpq_z8wR0eqxEg.jpeg", "variations": {"large": "//thumbs.vivino.com/region_backgrounds/SlieaLduQpq_z8wR0eqxEg_1280x760.jpeg", "medium": "//thumbs.vivino.com/region_backgrounds/SlieaLduQpq_z8wR0eqxEg_600x356.jpeg"}}, "class": {"typecast_map": {"background_image": {}, "class": {}}}, "statistics": {"wineries_count": 962, "wines_count": 8756, "sub_regions_count": 11, "parent_regions_count": 0}}, "business_name": "Cantina Tramin (Tramin Kellerei)", "description": "We work with passion and dedication to reveal the enchanting aromas that lift flavor, and open the heart to an emotional experience. The owners of the winery are the 300 growers who farm vineyards in the sub-zones of Termeno, Ora, Montagna and Egna \u2013 this area, nearly 250 hectares in total, is the cradle of the Gew\u00fcrztraminer grape.", "specialists_notes": "", "phone": "39 0471 096633", "email": "info@cantinatramin.it", "facebook": "https://www.facebook.com/cantinatramin", "instagram": "@cantina_tramin", "is_claimed": true, "twitter": "@CantinaTramin", "website": "http://www.cantinatramin.it/en/", "winemaker": "Willi St\u00fcrz", "wine_maker": {"id": 6938, "name": "Willi St\u00fcrz"}, "address": {"title": null, "name": null, "street": "Strada del Vino, 144", "street2": null, "neighborhood": null, "city": "Termeno", "zip": "39040", "state": null, "country": {"code": "it", "name": "Italien", "native_name": "Italia", "seo_name": "italy", "currency": {"code": "EUR", "name": "Euros", "prefix": "\u20ac", "suffix": null}, "regions_count": 555, "users_count": 3800165, "wines_count": 351993, "wineries_count": 41153, "most_used_grapes": [{"id": 16, "name": "Sangiovese", "seo_name": "sangiovese", "has_detailed_info": true, "wines_count": 123993}, {"id": 10, "name": "Merlot", "seo_name": "merlot", "has_detailed_info": true, "wines_count": 560926}, {"id": 5, "name": "Chardonnay", "seo_name": "chardonnay", "has_detailed_info": true, "wines_count": 597329}]}, "company": null, "phone": null, "external_id": null, "residential": null, "vat_number": null, "vat_code": null, "addition": null}, "image": {"location": "//images.vivino.com/wineries/11493/logos/rQYMxSoGTMyAaPOTZySdMQ.jpeg", "variations": {"large": "//thumbs.vivino.com/wineries/11493/logos/rQYMxSoGTMyAaPOTZySdMQ_500x500.jpeg", "medium": "//thumbs.vivino.com/wineries/11493/logos/rQYMxSoGTMyAaPOTZySdMQ_200x200.jpeg", "small_square": "//thumbs.vivino.com/wineries/11493/logos/rQYMxSoGTMyAaPOTZySdMQ_80x80.jpeg"}}, "location": {"latitude": 46.345413, "longitude": 11.251244}, "winery_group": null, "first_wines": [], "sponsored_entity_type": null, "sponsored_entity": null}, "statistics": {"status": "Normal", "ratings_count": 4270, "ratings_average": 3.9, "labels_count": 17345, "vintages_count": 35}, "rank": {"country": {"description": "Rang von Italien", "total": 210247, "rank": 10922}, "region": {"description": "Rang von Weinregion", "total": 7963, "rank": 551}, "winery": {"description": "Rang vom Weingut", "total": 59, "rank": 13}, "wine_type": {"description": "Rang in allen Wei\u00dfwein", "total": 394072, "rank": 12190}, "global": {"description": "Weltweiter Rang", "total": 1287382, "rank": 54438}}, "hidden": false, "vintages": [{"id": 167284981, "seo_name": "tramin-gewurztraminer-2020", "name": "Tramin Gew\u00fcrztraminer 2020", "statistics": {"status": "Normal", "ratings_count": 80, "ratings_average": 3.9, "labels_count": 396, "reviews_count": 36}, "year": 2020, "grapes": null, "has_valid_ratings": true}, {"id": 161433973, "seo_name": "tramin-gewurztraminer-2019", "name": "Tramin Gew\u00fcrztraminer 2019", "statistics": {"status": "Normal", "ratings_count": 279, "ratings_average": 3.9, "labels_count": 1868, "reviews_count": 119}, "year": 2019, "grapes": null, "has_valid_ratings": true}, {"id": 156203861, "seo_name": "tramin-gewurztraminer-2018", "name": "Tramin Gew\u00fcrztraminer 2018", "statistics": {"status": "Normal", "ratings_count": 407, "ratings_average": 3.7, "labels_count": 1916, "reviews_count": 183}, "year": 2018, "grapes": null, "has_valid_ratings": true}, {"id": 150574700, "seo_name": "tramin-gewurztraminer-2017", "name": "Tramin Gew\u00fcrztraminer 2017", "statistics": {"status": "Normal", "ratings_count": 512, "ratings_average": 4, "labels_count": 2229, "reviews_count": 191}, "year": 2017, "grapes": null, "has_valid_ratings": true}, {"id": 89912703, "seo_name": "tramin-gewurztraminer-2016", "name": "Tramin Gew\u00fcrztraminer 2016", "statistics": {"status": "Normal", "ratings_count": 1034, "ratings_average": 4, "labels_count": 4094, "reviews_count": 323}, "year": 2016, "grapes": null, "has_valid_ratings": true}, {"id": 15224899, "seo_name": "tramin-gewurztraminer-2015", "name": "Tramin Gew\u00fcrztraminer 2015", "statistics": {"status": "Normal", "ratings_count": 864, "ratings_average": 3.8, "labels_count": 3231, "reviews_count": 268}, "year": 2015, "grapes": null, "has_valid_ratings": true}, {"id": 9002610, "seo_name": "tramin-gewurztraminer-2014", "name": "Tramin Gew\u00fcrztraminer 2014", "statistics": {"status": "Normal", "ratings_count": 396, "ratings_average": 3.9, "labels_count": 1162, "reviews_count": 124}, "year": 2014, "grapes": null, "has_valid_ratings": true}, {"id": 3808608, "seo_name": "tramin-gewurztraminer-2013", "name": "Tramin Gew\u00fcrztraminer 2013", "statistics": {"status": "Normal", "ratings_count": 267, "ratings_average": 3.8, "labels_count": 1026, "reviews_count": 85}, "year": 2013, "grapes": null, "has_valid_ratings": true}, {"id": 3573029, "seo_name": "tramin-gewurztraminer-2012", "name": "Tramin Gew\u00fcrztraminer 2012", "statistics": {"status": "Normal", "ratings_count": 83, "ratings_average": 3.8, "labels_count": 397, "reviews_count": 25}, "year": 2012, "grapes": null, "has_valid_ratings": true}, {"id": 3559519, "seo_name": "tramin-gewurztraminer-2011", "name": "Tramin Gew\u00fcrztraminer 2011", "statistics": {"status": "Normal", "ratings_count": 58, "ratings_average": 3.7, "labels_count": 310, "reviews_count": 15}, "year": 2011, "grapes": null, "has_valid_ratings": true}, {"id": 3723180, "seo_name": "tramin-gewurztraminer-2010", "name": "Tramin Gew\u00fcrztraminer 2010", "statistics": {"status": "Normal", "ratings_count": 31, "ratings_average": 4, "labels_count": 189, "reviews_count": 5}, "year": 2010, "grapes": null, "has_valid_ratings": true}, {"id": 9970495, "seo_name": "tramin-gewurztraminer-2009", "name": "Tramin Gew\u00fcrztraminer 2009", "statistics": {"status": "Normal", "ratings_count": 20, "ratings_average": 3.9, "labels_count": 122, "reviews_count": 8}, "year": 2009, "grapes": null, "has_valid_ratings": true}, {"id": 16010696, "seo_name": "tramin-gewurztraminer-2008", "name": "Tramin Gew\u00fcrztraminer 2008", "statistics": {"status": "BelowThreshold", "ratings_count": 4, "ratings_average": 0, "labels_count": 23, "reviews_count": 0}, "year": 2008, "grapes": null, "has_valid_ratings": false}, {"id": 15946952, "seo_name": "tramin-gewurztraminer-2007", "name": "Tramin Gew\u00fcrztraminer 2007", "statistics": {"status": "BelowThreshold", "ratings_count": 5, "ratings_average": 0, "labels_count": 24, "reviews_count": 1}, "year": 2007, "grapes": null, "has_valid_ratings": false}, {"id": 15903050, "seo_name": "tramin-gewurztraminer-2006", "name": "Tramin Gew\u00fcrztraminer 2006", "statistics": {"status": "BelowThreshold", "ratings_count": 8, "ratings_average": 0, "labels_count": 45, "reviews_count": 4}, "year": 2006, "grapes": null, "has_valid_ratings": false}, {"id": 11271084, "seo_name": "tramin-gewurztraminer-2005", "name": "Tramin Gew\u00fcrztraminer 2005", "statistics": {"status": "BelowThreshold", "ratings_count": 2, "ratings_average": 0, "labels_count": 20, "reviews_count": 0}, "year": 2005, "grapes": null, "has_valid_ratings": false}, {"id": 26415642, "seo_name": "tramin-gewurztraminer-2004", "name": "Tramin Gew\u00fcrztraminer 2004", "statistics": {"status": "BelowThreshold", "ratings_count": 3, "ratings_average": 0, "labels_count": 14, "reviews_count": 2}, "year": 2004, "grapes": null, "has_valid_ratings": false}, {"id": 147272108, "seo_name": "tramin-gewurztraminer-2003", "name": "Tramin Gew\u00fcrztraminer 2003", "statistics": {"status": "BelowThreshold", "ratings_count": 2, "ratings_average": 0, "labels_count": 10, "reviews_count": 2}, "year": 2003, "grapes": null, "has_valid_ratings": false}, {"id": 87823540, "seo_name": "tramin-gewurztraminer-2002", "name": "Tramin Gew\u00fcrztraminer 2002", "statistics": {"status": "BelowThreshold", "ratings_count": 1, "ratings_average": 0, "labels_count": 8, "reviews_count": 0}, "year": 2002, "grapes": null, "has_valid_ratings": false}, {"id": 10136984, "seo_name": "tramin-gewurztraminer-2001", "name": "Tramin Gew\u00fcrztraminer 2001", "statistics": {"status": "BelowThreshold", "ratings_count": 1, "ratings_average": 0, "labels_count": 11, "reviews_count": 0}, "year": 2001, "grapes": null, "has_valid_ratings": false}, {"id": 159763181, "seo_name": "tramin-gewurztraminer-1998", "name": "Tramin Gew\u00fcrztraminer 1998", "statistics": {"status": "BelowThreshold", "ratings_count": 1, "ratings_average": 0, "labels_count": 1, "reviews_count": 1}, "year": 1998, "grapes": null, "has_valid_ratings": false}, {"id": 161109417, "seo_name": "tramin-gewurztraminer-1995", "name": "Tramin Gew\u00fcrztraminer 1995", "statistics": {"status": "BelowThreshold", "ratings_count": 1, "ratings_average": 0, "labels_count": 0, "reviews_count": 0}, "year": 1995, "grapes": null, "has_valid_ratings": false}, {"id": 154565720, "seo_name": "tramin-gewurztraminer-1994", "name": "Tramin Gew\u00fcrztraminer 1994", "statistics": {"status": "BelowThreshold", "ratings_count": 1, "ratings_average": 0, "labels_count": 1, "reviews_count": 0}, "year": 1994, "grapes": null, "has_valid_ratings": false}, {"id": 4099434, "seo_name": "tramin-gewurztraminer-uv", "name": "Tramin Gew\u00fcrztraminer", "statistics": {"status": "Normal", "ratings_count": 4270, "ratings_average": 3.9, "labels_count": 216, "reviews_count": 66}, "year": 0, "grapes": null, "has_valid_ratings": true}], "description": "Gewurztraminer has a distinctive reddish-yellow color with green hues when fully mature.The most famous vineyards are in the tomin subzones of soil (sella) and rungg (ronchi),where the wine becomes rich and silky in texture, minerally and structured.It is an elegant wine with intense aromas and flavors of muscat,rose,exotic spice and lychee fruit.", "grapes": [{"id": 7, "name": "Gew\u00fcrztraminer", "seo_name": "gewurztraminer", "has_detailed_info": true, "wines_count": 58148}], "foods": [{"id": 10, "name": "Schweinefleisch", "background_image": {"location": "//images.vivino.com/backgrounds/foods/10_pork.png", "variations": {"small": "//images.vivino.com/backgrounds/foods/thumbs/10_pork_932x810.png"}}, "seo_name": "pork"}, {"id": 12, "name": "Fetthaltiger Fisch (Lachs, Thunfisch etc.)", "background_image": {"location": "//images.vivino.com/backgrounds/foods/12_richfish.png", "variations": {"small": "//images.vivino.com/backgrounds/foods/thumbs/12_richfish_932x810.png"}}, "seo_name": null}, {"id": 15, "name": "Scharfe Gerichte", "background_image": {"location": "//images.vivino.com/backgrounds/foods/15_spicyfood.png", "variations": {"small": "//images.vivino.com/backgrounds/foods/thumbs/15_spicyfood_932x810.png"}}, "seo_name": "spicy-food"}, {"id": 20, "name": "Gefl\u00fcgel", "background_image": {"location": "//images.vivino.com/backgrounds/foods/20_chicken.png", "variations": {"small": "//images.vivino.com/backgrounds/foods/thumbs/20_chicken_932x810.png"}}, "seo_name": "poultry"}, {"id": 35, "name": "Milde K\u00e4sesorten und Weichk\u00e4se", "background_image": {"location": "//images.vivino.com/backgrounds/foods/35_softcheese.png", "variations": {"small": "//images.vivino.com/backgrounds/foods/thumbs/35_softcheese_932x810.png"}}, "seo_name": null}], "non_vintage": false, "alcohol": 13.4, "sweetness_id": null, "closure": null, "vintage_mask_raw": null, "updated_at": "2021-11-05T17:31:17Z", "created_at": "2013-11-18T07:31:44Z", "is_first_wine": false, "style": {"id": 87, "seo_name": "northern-italy-gewurztraminer", "regional_name": "Northern Italy", "varietal_name": "Gew\u00fcrztraminer", "name": "Gew\u00fcrztraminer Norditalien", "image": null, "background_image": null, "description": null, "blurb": null, "interesting_facts": null, "body": 4, "body_description": "Voller K\u00f6rper", "acidity": 1, "acidity_description": "Niedrig", "country": {"code": "it", "name": "Italien", "native_name": "Italia", "seo_name": "italy", "currency": {"code": "EUR", "name": "Euros", "prefix": "\u20ac", "suffix": null}, "regions_count": 555, "users_count": 3800165, "wines_count": 351993, "wineries_count": 41153, "most_used_grapes": [{"id": 16, "name": "Sangiovese", "seo_name": "sangiovese", "has_detailed_info": true, "wines_count": 123993}, {"id": 10, "name": "Merlot", "seo_name": "merlot", "has_detailed_info": true, "wines_count": 560926}, {"id": 5, "name": "Chardonnay", "seo_name": "chardonnay", "has_detailed_info": true, "wines_count": 597329}]}, "wine_type_id": 2, "food": [{"id": 10, "name": "Pork", "background_image": {"location": "//images.vivino.com/backgrounds/foods/10_pork.png", "variations": {"small": "//images.vivino.com/backgrounds/foods/thumbs/10_pork_932x810.png"}}, "seo_name": "pork"}, {"id": 12, "name": "Rich fish (salmon, tuna etc)", "background_image": {"location": "//images.vivino.com/backgrounds/foods/12_richfish.png", "variations": {"small": "//images.vivino.com/backgrounds/foods/thumbs/12_richfish_932x810.png"}}, "seo_name": null}, {"id": 15, "name": "Spicy food", "background_image": {"location": "//images.vivino.com/backgrounds/foods/15_spicyfood.png", "variations": {"small": "//images.vivino.com/backgrounds/foods/thumbs/15_spicyfood_932x810.png"}}, "seo_name": "spicy-food"}, {"id": 20, "name": "Poultry", "background_image": {"location": "//images.vivino.com/backgrounds/foods/20_chicken.png", "variations": {"small": "//images.vivino.com/backgrounds/foods/thumbs/20_chicken_932x810.png"}}, "seo_name": "poultry"}, {"id": 35, "name": "Mild and soft cheese", "background_image": {"location": "//images.vivino.com/backgrounds/foods/35_softcheese.png", "variations": {"small": "//images.vivino.com/backgrounds/foods/thumbs/35_softcheese_932x810.png"}}, "seo_name": null}], "grapes": [{"id": 7, "name": "Gew\u00fcrztraminer", "seo_name": "gewurztraminer", "has_detailed_info": true, "wines_count": 58148}], "region": null}, "has_valid_ratings": true}, "description": "", "expert_reviews": null, "wine_critic_reviews": [], "awards": [], "ratings_distribution": {"1": 2, "2": 1, "3": 21, "4": 49, "5": 7}, "ranking": {"country": {"description": "Rang von Italien", "total": 1543866, "rank": 138328}, "region": {"description": "Rang von Weinregion", "total": 70050, "rank": 6995}, "winery": {"description": "Rang vom Weingut", "total": 781, "rank": 179}, "global": {"description": "Weltweiter Rang", "total": 8825171, "rank": 710192}}, "wine_facts": {"alcohol": 13.5, "residual_sugar_grams_per_liter": 2, "acidity_grams_per_liter": 4, "contains_milk_allergens": false, "contains_egg_allergens": false}, "winemaker": null, "wine_maker": null, "grape_composition": {"7": 100}, "year": 2020, "grapes": [{"id": 7, "name": "Gew\u00fcrztraminer", "seo_name": "gewurztraminer", "has_detailed_info": true, "wines_count": 58148}], "has_valid_ratings": true}, "carts": null, "price_range": {"currency": {"code": "EUR", "name": "Euros", "prefix": "\u20ac", "suffix": null}, "price_range": {"minimum": 0, "maximum": 500, "currency_code": "EUR"}, "defaults": {"minimum": 7, "maximum": 30, "currency_code": "EUR"}}, "subtotal_price": null, "full_region": null, "tastes": null, "wine": {"id": 1981571, "name": "Gew\u00fcrztraminer", "seo_name": "gewurztraminer", "type_id": 2, "vintage_type": 0, "is_natural": false, "region": {"id": 661, "name": "S\u00fcdtirol - Alto Adige", "name_en": "Alto Adige (S\u00fcdtirol)", "seo_name": "alto-adige", "country": {"code": "it", "name": "Italien", "native_name": "Italia", "seo_name": "italy", "currency": {"code": "EUR", "name": "Euros", "prefix": "\u20ac", "suffix": null}, "regions_count": 555, "users_count": 3800165, "wines_count": 351993, "wineries_count": 41153, "most_used_grapes": [{"id": 16, "name": "Sangiovese", "seo_name": "sangiovese", "has_detailed_info": true, "wines_count": 123993}, {"id": 10, "name": "Merlot", "seo_name": "merlot", "has_detailed_info": true, "wines_count": 560926}, {"id": 5, "name": "Chardonnay", "seo_name": "chardonnay", "has_detailed_info": true, "wines_count": 597329}]}, "parent_id": 576, "background_image": {"location": "//images.vivino.com/regions/backgrounds/fwSJeiXsQKa5CAbMMDKygA.jpeg", "variations": {"large": "//thumbs.vivino.com/region_backgrounds/fwSJeiXsQKa5CAbMMDKygA_1280x760.jpeg", "medium": "//thumbs.vivino.com/region_backgrounds/fwSJeiXsQKa5CAbMMDKygA_600x356.jpeg"}}, "class": {"typecast_map": {"background_image": {}, "class": {}}}, "statistics": {"wineries_count": 298, "wines_count": 3514, "sub_regions_count": 3, "parent_regions_count": 1}}, "review_status": 2, "winery": {"id": 11493, "name": "Tramin", "seo_name": "tramin", "status": 1, "review_status": "Completed", "background_image": null, "statistics": {"ratings_count": 56926, "ratings_average": 3.9, "labels_count": 244719, "wines_count": 63}, "region": {"id": 576, "name": "Trentino-Alto Adige", "name_en": "", "seo_name": "trentino-alto-adige", "country": {"code": "it", "name": "Italien", "native_name": "Italia", "seo_name": "italy", "currency": {"code": "EUR", "name": "Euros", "prefix": "\u20ac", "suffix": null}, "regions_count": 555, "users_count": 3800165, "wines_count": 351993, "wineries_count": 41153, "most_used_grapes": [{"id": 16, "name": "Sangiovese", "seo_name": "sangiovese", "has_detailed_info": true, "wines_count": 123993}, {"id": 10, "name": "Merlot", "seo_name": "merlot", "has_detailed_info": true, "wines_count": 560926}, {"id": 5, "name": "Chardonnay", "seo_name": "chardonnay", "has_detailed_info": true, "wines_count": 597329}]}, "parent_id": null, "background_image": {"location": "//images.vivino.com/regions/backgrounds/SlieaLduQpq_z8wR0eqxEg.jpeg", "variations": {"large": "//thumbs.vivino.com/region_backgrounds/SlieaLduQpq_z8wR0eqxEg_1280x760.jpeg", "medium": "//thumbs.vivino.com/region_backgrounds/SlieaLduQpq_z8wR0eqxEg_600x356.jpeg"}}, "class": {"typecast_map": {"background_image": {}, "class": {}}}, "statistics": {"wineries_count": 962, "wines_count": 8756, "sub_regions_count": 11, "parent_regions_count": 0}}, "business_name": "Cantina Tramin (Tramin Kellerei)", "description": "We work with passion and dedication to reveal the enchanting aromas that lift flavor, and open the heart to an emotional experience. The owners of the winery are the 300 growers who farm vineyards in the sub-zones of Termeno, Ora, Montagna and Egna \u2013 this area, nearly 250 hectares in total, is the cradle of the Gew\u00fcrztraminer grape.", "specialists_notes": "", "phone": "39 0471 096633", "email": "info@cantinatramin.it", "facebook": "https://www.facebook.com/cantinatramin", "instagram": "@cantina_tramin", "is_claimed": true, "twitter": "@CantinaTramin", "website": "http://www.cantinatramin.it/en/", "winemaker": "Willi St\u00fcrz", "wine_maker": {"id": 6938, "name": "Willi St\u00fcrz"}, "address": {"title": null, "name": null, "street": "Strada del Vino, 144", "street2": null, "neighborhood": null, "city": "Termeno", "zip": "39040", "state": null, "country": {"code": "it", "name": "Italien", "native_name": "Italia", "seo_name": "italy", "currency": {"code": "EUR", "name": "Euros", "prefix": "\u20ac", "suffix": null}, "regions_count": 555, "users_count": 3800165, "wines_count": 351993, "wineries_count": 41153, "most_used_grapes": [{"id": 16, "name": "Sangiovese", "seo_name": "sangiovese", "has_detailed_info": true, "wines_count": 123993}, {"id": 10, "name": "Merlot", "seo_name": "merlot", "has_detailed_info": true, "wines_count": 560926}, {"id": 5, "name": "Chardonnay", "seo_name": "chardonnay", "has_detailed_info": true, "wines_count": 597329}]}, "company": null, "phone": null, "external_id": null, "residential": null, "vat_number": null, "vat_code": null, "addition": null}, "image": {"location": "//images.vivino.com/wineries/11493/logos/rQYMxSoGTMyAaPOTZySdMQ.jpeg", "variations": {"large": "//thumbs.vivino.com/wineries/11493/logos/rQYMxSoGTMyAaPOTZySdMQ_500x500.jpeg", "medium": "//thumbs.vivino.com/wineries/11493/logos/rQYMxSoGTMyAaPOTZySdMQ_200x200.jpeg", "small_square": "//thumbs.vivino.com/wineries/11493/logos/rQYMxSoGTMyAaPOTZySdMQ_80x80.jpeg"}}, "location": {"latitude": 46.345413, "longitude": 11.251244}, "winery_group": null, "first_wines": [], "sponsored_entity_type": null, "sponsored_entity": null}, "statistics": {"status": "Normal", "ratings_count": 4270, "ratings_average": 3.9, "labels_count": 17345, "vintages_count": 35}, "rank": {"country": {"description": "Rang von Italien", "total": 210247, "rank": 10922}, "region": {"description": "Rang von Weinregion", "total": 7963, "rank": 551}, "winery": {"description": "Rang vom Weingut", "total": 59, "rank": 13}, "wine_type": {"description": "Rang in allen Wei\u00dfwein", "total": 394072, "rank": 12190}, "global": {"description": "Weltweiter Rang", "total": 1287382, "rank": 54438}}, "hidden": false, "vintages": [{"id": 167284981, "seo_name": "tramin-gewurztraminer-2020", "name": "Tramin Gew\u00fcrztraminer 2020", "statistics": {"status": "Normal", "ratings_count": 80, "ratings_average": 3.9, "labels_count": 396, "reviews_count": 36}, "year": 2020, "grapes": null, "has_valid_ratings": true}, {"id": 161433973, "seo_name": "tramin-gewurztraminer-2019", "name": "Tramin Gew\u00fcrztraminer 2019", "statistics": {"status": "Normal", "ratings_count": 279, "ratings_average": 3.9, "labels_count": 1868, "reviews_count": 119}, "year": 2019, "grapes": null, "has_valid_ratings": true}, {"id": 156203861, "seo_name": "tramin-gewurztraminer-2018", "name": "Tramin Gew\u00fcrztraminer 2018", "statistics": {"status": "Normal", "ratings_count": 407, "ratings_average": 3.7, "labels_count": 1916, "reviews_count": 183}, "year": 2018, "grapes": null, "has_valid_ratings": true}, {"id": 150574700, "seo_name": "tramin-gewurztraminer-2017", "name": "Tramin Gew\u00fcrztraminer 2017", "statistics": {"status": "Normal", "ratings_count": 512, "ratings_average": 4, "labels_count": 2229, "reviews_count": 191}, "year": 2017, "grapes": null, "has_valid_ratings": true}, {"id": 89912703, "seo_name": "tramin-gewurztraminer-2016", "name": "Tramin Gew\u00fcrztraminer 2016", "statistics": {"status": "Normal", "ratings_count": 1034, "ratings_average": 4, "labels_count": 4094, "reviews_count": 323}, "year": 2016, "grapes": null, "has_valid_ratings": true}, {"id": 15224899, "seo_name": "tramin-gewurztraminer-2015", "name": "Tramin Gew\u00fcrztraminer 2015", "statistics": {"status": "Normal", "ratings_count": 864, "ratings_average": 3.8, "labels_count": 3231, "reviews_count": 268}, "year": 2015, "grapes": null, "has_valid_ratings": true}, {"id": 9002610, "seo_name": "tramin-gewurztraminer-2014", "name": "Tramin Gew\u00fcrztraminer 2014", "statistics": {"status": "Normal", "ratings_count": 396, "ratings_average": 3.9, "labels_count": 1162, "reviews_count": 124}, "year": 2014, "grapes": null, "has_valid_ratings": true}, {"id": 3808608, "seo_name": "tramin-gewurztraminer-2013", "name": "Tramin Gew\u00fcrztraminer 2013", "statistics": {"status": "Normal", "ratings_count": 267, "ratings_average": 3.8, "labels_count": 1026, "reviews_count": 85}, "year": 2013, "grapes": null, "has_valid_ratings": true}, {"id": 3573029, "seo_name": "tramin-gewurztraminer-2012", "name": "Tramin Gew\u00fcrztraminer 2012", "statistics": {"status": "Normal", "ratings_count": 83, "ratings_average": 3.8, "labels_count": 397, "reviews_count": 25}, "year": 2012, "grapes": null, "has_valid_ratings": true}, {"id": 3559519, "seo_name": "tramin-gewurztraminer-2011", "name": "Tramin Gew\u00fcrztraminer 2011", "statistics": {"status": "Normal", "ratings_count": 58, "ratings_average": 3.7, "labels_count": 310, "reviews_count": 15}, "year": 2011, "grapes": null, "has_valid_ratings": true}, {"id": 3723180, "seo_name": "tramin-gewurztraminer-2010", "name": "Tramin Gew\u00fcrztraminer 2010", "statistics": {"status": "Normal", "ratings_count": 31, "ratings_average": 4, "labels_count": 189, "reviews_count": 5}, "year": 2010, "grapes": null, "has_valid_ratings": true}, {"id": 9970495, "seo_name": "tramin-gewurztraminer-2009", "name": "Tramin Gew\u00fcrztraminer 2009", "statistics": {"status": "Normal", "ratings_count": 20, "ratings_average": 3.9, "labels_count": 122, "reviews_count": 8}, "year": 2009, "grapes": null, "has_valid_ratings": true}, {"id": 16010696, "seo_name": "tramin-gewurztraminer-2008", "name": "Tramin Gew\u00fcrztraminer 2008", "statistics": {"status": "BelowThreshold", "ratings_count": 4, "ratings_average": 0, "labels_count": 23, "reviews_count": 0}, "year": 2008, "grapes": null, "has_valid_ratings": false}, {"id": 15946952, "seo_name": "tramin-gewurztraminer-2007", "name": "Tramin Gew\u00fcrztraminer 2007", "statistics": {"status": "BelowThreshold", "ratings_count": 5, "ratings_average": 0, "labels_count": 24, "reviews_count": 1}, "year": 2007, "grapes": null, "has_valid_ratings": false}, {"id": 15903050, "seo_name": "tramin-gewurztraminer-2006", "name": "Tramin Gew\u00fcrztraminer 2006", "statistics": {"status": "BelowThreshold", "ratings_count": 8, "ratings_average": 0, "labels_count": 45, "reviews_count": 4}, "year": 2006, "grapes": null, "has_valid_ratings": false}, {"id": 11271084, "seo_name": "tramin-gewurztraminer-2005", "name": "Tramin Gew\u00fcrztraminer 2005", "statistics": {"status": "BelowThreshold", "ratings_count": 2, "ratings_average": 0, "labels_count": 20, "reviews_count": 0}, "year": 2005, "grapes": null, "has_valid_ratings": false}, {"id": 26415642, "seo_name": "tramin-gewurztraminer-2004", "name": "Tramin Gew\u00fcrztraminer 2004", "statistics": {"status": "BelowThreshold", "ratings_count": 3, "ratings_average": 0, "labels_count": 14, "reviews_count": 2}, "year": 2004, "grapes": null, "has_valid_ratings": false}, {"id": 147272108, "seo_name": "tramin-gewurztraminer-2003", "name": "Tramin Gew\u00fcrztraminer 2003", "statistics": {"status": "BelowThreshold", "ratings_count": 2, "ratings_average": 0, "labels_count": 10, "reviews_count": 2}, "year": 2003, "grapes": null, "has_valid_ratings": false}, {"id": 87823540, "seo_name": "tramin-gewurztraminer-2002", "name": "Tramin Gew\u00fcrztraminer 2002", "statistics": {"status": "BelowThreshold", "ratings_count": 1, "ratings_average": 0, "labels_count": 8, "reviews_count": 0}, "year": 2002, "grapes": null, "has_valid_ratings": false}, {"id": 10136984, "seo_name": "tramin-gewurztraminer-2001", "name": "Tramin Gew\u00fcrztraminer 2001", "statistics": {"status": "BelowThreshold", "ratings_count": 1, "ratings_average": 0, "labels_count": 11, "reviews_count": 0}, "year": 2001, "grapes": null, "has_valid_ratings": false}, {"id": 159763181, "seo_name": "tramin-gewurztraminer-1998", "name": "Tramin Gew\u00fcrztraminer 1998", "statistics": {"status": "BelowThreshold", "ratings_count": 1, "ratings_average": 0, "labels_count": 1, "reviews_count": 1}, "year": 1998, "grapes": null, "has_valid_ratings": false}, {"id": 161109417, "seo_name": "tramin-gewurztraminer-1995", "name": "Tramin Gew\u00fcrztraminer 1995", "statistics": {"status": "BelowThreshold", "ratings_count": 1, "ratings_average": 0, "labels_count": 0, "reviews_count": 0}, "year": 1995, "grapes": null, "has_valid_ratings": false}, {"id": 154565720, "seo_name": "tramin-gewurztraminer-1994", "name": "Tramin Gew\u00fcrztraminer 1994", "statistics": {"status": "BelowThreshold", "ratings_count": 1, "ratings_average": 0, "labels_count": 1, "reviews_count": 0}, "year": 1994, "grapes": null, "has_valid_ratings": false}, {"id": 4099434, "seo_name": "tramin-gewurztraminer-uv", "name": "Tramin Gew\u00fcrztraminer", "statistics": {"status": "Normal", "ratings_count": 4270, "ratings_average": 3.9, "labels_count": 216, "reviews_count": 66}, "year": 0, "grapes": null, "has_valid_ratings": true}], "description": "Gewurztraminer has a distinctive reddish-yellow color with green hues when fully mature.The most famous vineyards are in the tomin subzones of soil (sella) and rungg (ronchi),where the wine becomes rich and silky in texture, minerally and structured.It is an elegant wine with intense aromas and flavors of muscat,rose,exotic spice and lychee fruit.", "grapes": [{"id": 7, "name": "Gew\u00fcrztraminer", "seo_name": "gewurztraminer", "has_detailed_info": true, "wines_count": 58148}], "foods": [{"id": 10, "name": "Schweinefleisch", "background_image": {"location": "//images.vivino.com/backgrounds/foods/10_pork.png", "variations": {"small": "//images.vivino.com/backgrounds/foods/thumbs/10_pork_932x810.png"}}, "seo_name": "pork"}, {"id": 12, "name": "Fetthaltiger Fisch (Lachs, Thunfisch etc.)", "background_image": {"location": "//images.vivino.com/backgrounds/foods/12_richfish.png", "variations": {"small": "//images.vivino.com/backgrounds/foods/thumbs/12_richfish_932x810.png"}}, "seo_name": null}, {"id": 15, "name": "Scharfe Gerichte", "background_image": {"location": "//images.vivino.com/backgrounds/foods/15_spicyfood.png", "variations": {"small": "//images.vivino.com/backgrounds/foods/thumbs/15_spicyfood_932x810.png"}}, "seo_name": "spicy-food"}, {"id": 20, "name": "Gefl\u00fcgel", "background_image": {"location": "//images.vivino.com/backgrounds/foods/20_chicken.png", "variations": {"small": "//images.vivino.com/backgrounds/foods/thumbs/20_chicken_932x810.png"}}, "seo_name": "poultry"}, {"id": 35, "name": "Milde K\u00e4sesorten und Weichk\u00e4se", "background_image": {"location": "//images.vivino.com/backgrounds/foods/35_softcheese.png", "variations": {"small": "//images.vivino.com/backgrounds/foods/thumbs/35_softcheese_932x810.png"}}, "seo_name": null}], "non_vintage": false, "alcohol": 13.4, "sweetness_id": null, "closure": null, "vintage_mask_raw": null, "updated_at": "2021-11-05T17:31:17Z", "created_at": "2013-11-18T07:31:44Z", "is_first_wine": false, "style": {"id": 87, "seo_name": "northern-italy-gewurztraminer", "regional_name": "Northern Italy", "varietal_name": "Gew\u00fcrztraminer", "name": "Gew\u00fcrztraminer Norditalien", "image": null, "background_image": null, "description": null, "blurb": null, "interesting_facts": null, "body": 4, "body_description": "Voller K\u00f6rper", "acidity": 1, "acidity_description": "Niedrig", "country": {"code": "it", "name": "Italien", "native_name": "Italia", "seo_name": "italy", "currency": {"code": "EUR", "name": "Euros", "prefix": "\u20ac", "suffix": null}, "regions_count": 555, "users_count": 3800165, "wines_count": 351993, "wineries_count": 41153, "most_used_grapes": [{"id": 16, "name": "Sangiovese", "seo_name": "sangiovese", "has_detailed_info": true, "wines_count": 123993}, {"id": 10, "name": "Merlot", "seo_name": "merlot", "has_detailed_info": true, "wines_count": 560926}, {"id": 5, "name": "Chardonnay", "seo_name": "chardonnay", "has_detailed_info": true, "wines_count": 597329}]}, "wine_type_id": 2, "food": [{"id": 10, "name": "Pork", "background_image": {"location": "//images.vivino.com/backgrounds/foods/10_pork.png", "variations": {"small": "//images.vivino.com/backgrounds/foods/thumbs/10_pork_932x810.png"}}, "seo_name": "pork"}, {"id": 12, "name": "Rich fish (salmon, tuna etc)", "background_image": {"location": "//images.vivino.com/backgrounds/foods/12_richfish.png", "variations": {"small": "//images.vivino.com/backgrounds/foods/thumbs/12_richfish_932x810.png"}}, "seo_name": null}, {"id": 15, "name": "Spicy food", "background_image": {"location": "//images.vivino.com/backgrounds/foods/15_spicyfood.png", "variations": {"small": "//images.vivino.com/backgrounds/foods/thumbs/15_spicyfood_932x810.png"}}, "seo_name": "spicy-food"}, {"id": 20, "name": "Poultry", "background_image": {"location": "//images.vivino.com/backgrounds/foods/20_chicken.png", "variations": {"small": "//images.vivino.com/backgrounds/foods/thumbs/20_chicken_932x810.png"}}, "seo_name": "poultry"}, {"id": 35, "name": "Mild and soft cheese", "background_image": {"location": "//images.vivino.com/backgrounds/foods/35_softcheese.png", "variations": {"small": "//images.vivino.com/backgrounds/foods/thumbs/35_softcheese_932x810.png"}}, "seo_name": null}], "grapes": [{"id": 7, "name": "Gew\u00fcrztraminer", "seo_name": "gewurztraminer", "has_detailed_info": true, "wines_count": 58148}], "region": null}, "has_valid_ratings": true}, "price": {"id": 24592453, "vintage_id": 167284981, "amount": 10.9, "type": "vc", "currency": {"code": "EUR", "name": "Euros", "prefix": "\u20ac", "suffix": null}, "bottle_type_id": 1, "inventory_bottles_count": 81, "bottles_sold_count": 2, "url": "https://www.lakaaf.de/Wein-etc/Weisswein/italienischer-Weisswein/Kellerei-Tramin-Gewuerztraminer-DOC-2019-2020-0-75l.html?utm_medium=pref-cpc&utm_source=vivino-ppc", "message": "", "producer_address": "Cantina Tramin | Weinstra\u00dfe 144 | IT-39040 Tramin", "importer_address": "lakaaf.de, Schoeninger Str. 118, 33129 Delbrueck", "discounted_from": null, "bottle_type": {"id": 1, "name": "Flasche (0,75\u00a0l)", "short_name": "Flasche", "short_name_plural": "Flaschen", "volume_ml": 750}}, "highlights": [], "merchant": {"id": 1498, "name": "La Kaaf.de", "seo_name": "la-kaaf-de", "legal_name": "la Kaaf - Weinhandel Inh. Stefan Kaaf", "description": "Versandkostenfrei f\u00fcr Bestellungen ab 80 EUR", "country": {"code": "de", "name": "Deutschland", "native_name": "Deutschland", "seo_name": "germany", "currency": {"code": "EUR", "name": "Euros", "prefix": "\u20ac", "suffix": null}, "regions_count": 210, "users_count": 2117308, "wines_count": 197796, "wineries_count": 13493, "most_used_grapes": [{"id": 15, "name": "Riesling", "seo_name": "riesling", "has_detailed_info": true, "wines_count": 259925}, {"id": 299, "name": "Sp\u00e4tburgunder", "seo_name": "spatburgunder", "has_detailed_info": false, "wines_count": 49659}, {"id": 355, "name": "Weissburgunder", "seo_name": "weissburgunder", "has_detailed_info": false, "wines_count": 33123}]}, "state": null, "status": 3, "image": {"location": "//images.vivino.com/merchants/originals/p1ctf4da00001eq.jpg", "variations": {"large_square": "//images.vivino.com/merchants/thumbs/p1ctf4da00001eq_400x400.jpg", "medium_square": "//images.vivino.com/merchants/thumbs/p1ctf4da00001eq_320x320.jpg", "small_square": "//images.vivino.com/merchants/thumbs/p1ctf4da00001eq_160x160.jpg"}}, "shipping_estimate": "Lieferung voraussichtlich zwischen Di, 21.\u00a0Dez und Di, 28.\u00a0Dez", "impressum_url": "http://www.lakaaf.de/Specials/Impressum/", "tos_url": "http://www.lakaaf.de/Specials/AGB/", "vc_clearing_system": 0, "hidden": false}, "sold_out": false, "prices_and_availability": {"market": {"country": "de", "currency": {"code": "EUR", "name": "Euros", "prefix": "\u20ac", "suffix": null}}, "availability": {"vintage": {"id": 167284981, "year": 2020, "grapes": null, "has_valid_ratings": false}, "median": {"amount": 11.9, "type": "market", "discounted_from": null}, "price": {"id": 24592453, "amount": 10.9, "discounted_from": 0.0, "type": "vc"}}, "merchants_with_prices": [{"merchant": {"id": 1498, "name": "La Kaaf.de", "seo_name": "la-kaaf-de", "legal_name": "la Kaaf - Weinhandel Inh. Stefan Kaaf", "description": "Versandkostenfrei f\u00fcr Bestellungen ab 80 EUR", "country": {"code": "de", "name": "Deutschland", "native_name": "Deutschland", "seo_name": "germany", "currency": {"code": "EUR", "name": "Euros", "prefix": "\u20ac", "suffix": null}, "regions_count": 210, "users_count": 2117308, "wines_count": 197796, "wineries_count": 13493, "most_used_grapes": [{"id": 15, "name": "Riesling", "seo_name": "riesling", "has_detailed_info": true, "wines_count": 259925}, {"id": 299, "name": "Sp\u00e4tburgunder", "seo_name": "spatburgunder", "has_detailed_info": false, "wines_count": 49659}, {"id": 355, "name": "Weissburgunder", "seo_name": "weissburgunder", "has_detailed_info": false, "wines_count": 33123}]}, "state": null, "status": 3, "image": {"location": "//images.vivino.com/merchants/originals/p1ctf4da00001eq.jpg", "variations": {"large_square": "//images.vivino.com/merchants/thumbs/p1ctf4da00001eq_400x400.jpg", "medium_square": "//images.vivino.com/merchants/thumbs/p1ctf4da00001eq_320x320.jpg", "small_square": "//images.vivino.com/merchants/thumbs/p1ctf4da00001eq_160x160.jpg"}}, "shipping_estimate": "Lieferung voraussichtlich zwischen Di, 21.\u00a0Dez und Di, 28.\u00a0Dez", "impressum_url": "http://www.lakaaf.de/Specials/Impressum/", "tos_url": "http://www.lakaaf.de/Specials/AGB/", "vc_clearing_system": 0, "hidden": false}, "prices": [{"id": 24592453, "vintage_id": 167284981, "amount": 10.9, "type": "vc", "currency": {"code": "EUR", "name": "Euros", "prefix": "\u20ac", "suffix": null}, "bottle_type_id": 1, "inventory_bottles_count": 81, "bottles_sold_count": 2, "url": "https://www.lakaaf.de/Wein-etc/Weisswein/italienischer-Weisswein/Kellerei-Tramin-Gewuerztraminer-DOC-2019-2020-0-75l.html?utm_medium=pref-cpc&utm_source=vivino-ppc", "message": "", "producer_address": "Cantina Tramin | Weinstra\u00dfe 144 | IT-39040 Tramin", "importer_address": "lakaaf.de, Schoeninger Str. 118, 33129 Delbrueck", "discounted_from": null, "bottle_type": {"id": 1, "name": "Flasche (0,75\u00a0l)", "short_name": "Flasche", "short_name_plural": "Flaschen", "volume_ml": 750}}]}, {"merchant": {"id": 2692, "name": "Riserva Privata", "seo_name": "riserva-privata", "legal_name": null, "description": "Versandkostenfrei f\u00fcr Bestellungen ab 80 EUR", "country": {"code": "de", "name": "Deutschland", "native_name": "Deutschland", "seo_name": "germany", "currency": {"code": "EUR", "name": "Euros", "prefix": "\u20ac", "suffix": null}, "regions_count": 210, "users_count": 2117308, "wines_count": 197796, "wineries_count": 13493, "most_used_grapes": [{"id": 15, "name": "Riesling", "seo_name": "riesling", "has_detailed_info": true, "wines_count": 259925}, {"id": 299, "name": "Sp\u00e4tburgunder", "seo_name": "spatburgunder", "has_detailed_info": false, "wines_count": 49659}, {"id": 355, "name": "Weissburgunder", "seo_name": "weissburgunder", "has_detailed_info": false, "wines_count": 33123}]}, "state": null, "status": 3, "image": {"location": "//images.vivino.com/merchants/originals/p1d9pulh00002k4.png", "variations": {"large_square": "//images.vivino.com/merchants/thumbs/p1d9pulh00002k4_400x400.jpg", "medium_square": "//images.vivino.com/merchants/thumbs/p1d9pulh00002k4_320x320.jpg", "small_square": "//images.vivino.com/merchants/thumbs/p1d9pulh00002k4_160x160.jpg"}}, "shipping_estimate": "Lieferung voraussichtlich zwischen Di, 21.\u00a0Dez und Mi, 22.\u00a0Dez", "impressum_url": "https://www.riservaprivata.com//impressum", "tos_url": "https://www.riservaprivata.com//agb", "vc_clearing_system": 0, "hidden": false}, "prices": [{"id": 24421702, "vintage_id": 167284981, "amount": 11.6, "type": "vc", "currency": {"code": "EUR", "name": "Euros", "prefix": "\u20ac", "suffix": null}, "bottle_type_id": 1, "inventory_bottles_count": 33, "bottles_sold_count": 48, "url": "https://www.riservaprivata.com/tramin-gewuerztraminer-doc-2020.html?utm_medium=pref-cpc&utm_source=vivino-ppc", "message": "", "producer_address": "", "importer_address": "", "discounted_from": null, "bottle_type": {"id": 1, "name": "Flasche (0,75\u00a0l)", "short_name": "Flasche", "short_name_plural": "Flaschen", "volume_ml": 750}}]}, {"merchant": {"id": 17581, "name": "Vineshop24", "seo_name": "vineshop24", "legal_name": "Vineshop24 GmbH & Co. KG", "description": "Versandkostenfrei f\u00fcr Bestellungen ab 80 EUR", "country": {"code": "de", "name": "Deutschland", "native_name": "Deutschland", "seo_name": "germany", "currency": {"code": "EUR", "name": "Euros", "prefix": "\u20ac", "suffix": null}, "regions_count": 210, "users_count": 2117308, "wines_count": 197796, "wineries_count": 13493, "most_used_grapes": [{"id": 15, "name": "Riesling", "seo_name": "riesling", "has_detailed_info": true, "wines_count": 259925}, {"id": 299, "name": "Sp\u00e4tburgunder", "seo_name": "spatburgunder", "has_detailed_info": false, "wines_count": 49659}, {"id": 355, "name": "Weissburgunder", "seo_name": "weissburgunder", "has_detailed_info": false, "wines_count": 33123}]}, "state": null, "status": 3, "image": {"location": "//images.vivino.com/merchants/originals/p1ei8m730000h5d.png", "variations": {"large_square": "//images.vivino.com/merchants/thumbs/p1ei8m730000h5d_400x400.jpg", "medium_square": "//images.vivino.com/merchants/thumbs/p1ei8m730000h5d_320x320.jpg", "small_square": "//images.vivino.com/merchants/thumbs/p1ei8m730000h5d_160x160.jpg"}}, "shipping_estimate": "Lieferung voraussichtlich zwischen Di, 21.\u00a0Dez und Do, 23.\u00a0Dez", "impressum_url": "https://www.vineshop24.de/info/impressum.html", "tos_url": "https://www.vineshop24.de/info/allgemeine-geschaeftsbedingungen.html", "vc_clearing_system": 0, "hidden": false}, "prices": [{"id": 26442279, "vintage_id": 167284981, "amount": 11.9, "type": "vc", "currency": {"code": "EUR", "name": "Euros", "prefix": "\u20ac", "suffix": null}, "bottle_type_id": 1, "inventory_bottles_count": 1630, "url": "https://www.vineshop24.de/weine-aus-aller-welt/italien/trentino-und-suedtirol/tramin-gewuerztraminer.html?utm_medium=pref-cpc&utm_source=vivino-ppc", "message": "", "producer_address": "Cantina Tramin , Weinstra\u00dfe 144, 39040 Termeno (BZ), Italien", "importer_address": "", "discounted_from": null, "bottle_type": {"id": 1, "name": "Flasche (0,75\u00a0l)", "short_name": "Flasche", "short_name_plural": "Flaschen", "volume_ml": 750}}]}, {"merchant": {"id": 1703, "name": "Billigerweinkaufen.de", "seo_name": "billigerweinkaufen-de", "legal_name": "Weinliebe GmbH", "description": "Versandkostenfrei f\u00fcr Bestellungen ab 80 EUR", "country": {"code": "de", "name": "Deutschland", "native_name": "Deutschland", "seo_name": "germany", "currency": {"code": "EUR", "name": "Euros", "prefix": "\u20ac", "suffix": null}, "regions_count": 210, "users_count": 2117308, "wines_count": 197796, "wineries_count": 13493, "most_used_grapes": [{"id": 15, "name": "Riesling", "seo_name": "riesling", "has_detailed_info": true, "wines_count": 259925}, {"id": 299, "name": "Sp\u00e4tburgunder", "seo_name": "spatburgunder", "has_detailed_info": false, "wines_count": 49659}, {"id": 355, "name": "Weissburgunder", "seo_name": "weissburgunder", "has_detailed_info": false, "wines_count": 33123}]}, "state": null, "status": 3, "image": {"location": "//images.vivino.com/merchants/originals/p1cqtbv100001l7.jpg", "variations": {"large_square": "//images.vivino.com/merchants/thumbs/p1cqtbv100001l7_400x400.jpg", "medium_square": "//images.vivino.com/merchants/thumbs/p1cqtbv100001l7_320x320.jpg", "small_square": "//images.vivino.com/merchants/thumbs/p1cqtbv100001l7_160x160.jpg"}}, "shipping_estimate": "Lieferung voraussichtlich zwischen Di, 21.\u00a0Dez und Mi, 29.\u00a0Dez", "impressum_url": "https://www.billigerweinkaufen.de/impressum", "tos_url": "https://www.billigerweinkaufen.de/agb", "vc_clearing_system": 0, "hidden": false}, "prices": [{"id": 24584310, "vintage_id": 167284981, "amount": 12.7, "type": "vc", "currency": {"code": "EUR", "name": "Euros", "prefix": "\u20ac", "suffix": null}, "bottle_type_id": 1, "inventory_bottles_count": 582, "url": "https://www.billigerweinkaufen.de/tramin-gewuerztraminer-alto-adige/?utm_medium=pref-cpc&utm_source=vivino-ppc", "message": "", "producer_address": "Tramin", "importer_address": "Weinliebe GmbH, Eichholzhof, 45149 Essen, Deutschland", "discounted_from": null, "bottle_type": {"id": 1, "name": "Flasche (0,75\u00a0l)", "short_name": "Flasche", "short_name_plural": "Flaschen", "volume_ml": 750}}]}, {"merchant": {"id": 1491, "name": "Weinzeche Onlinehandel GmbH", "seo_name": "weinzeche-handelsgesellschaft", "legal_name": "Weinzeche Onlinehandel GmbH", "description": "Versandkostenfrei f\u00fcr Bestellungen ab \u20ac80", "country": {"code": "de", "name": "Deutschland", "native_name": "Deutschland", "seo_name": "germany", "currency": {"code": "EUR", "name": "Euros", "prefix": "\u20ac", "suffix": null}, "regions_count": 210, "users_count": 2117308, "wines_count": 197796, "wineries_count": 13493, "most_used_grapes": [{"id": 15, "name": "Riesling", "seo_name": "riesling", "has_detailed_info": true, "wines_count": 259925}, {"id": 299, "name": "Sp\u00e4tburgunder", "seo_name": "spatburgunder", "has_detailed_info": false, "wines_count": 49659}, {"id": 355, "name": "Weissburgunder", "seo_name": "weissburgunder", "has_detailed_info": false, "wines_count": 33123}]}, "state": null, "status": 3, "image": {"location": "//images.vivino.com/merchants/originals/p1fq048400001ej.jpg", "variations": {"large_square": "//images.vivino.com/merchants/thumbs/p1fq048400001ej_400x400.jpg", "medium_square": "//images.vivino.com/merchants/thumbs/p1fq048400001ej_320x320.jpg", "small_square": "//images.vivino.com/merchants/thumbs/p1fq048400001ej_160x160.jpg"}}, "shipping_estimate": "Lieferung voraussichtlich zwischen Di, 21.\u00a0Dez und Fr, 24.\u00a0Dez", "impressum_url": "https://www.weinzeche.de/impressum", "tos_url": "https://www.weinzeche.de/agb", "vc_clearing_system": 0, "hidden": false}, "prices": [{"id": 25405734, "vintage_id": 167284981, "amount": 13.99, "type": "vc", "currency": {"code": "EUR", "name": "Euros", "prefix": "\u20ac", "suffix": null}, "bottle_type_id": 1, "inventory_bottles_count": 62, "url": "https://www.weinzeche.de/20599-kellerei-tramin-gewuerztraminer.html?tracid=vivino&utm_medium=pref-cpc&utm_source=vivino-ppc", "message": "", "producer_address": "", "importer_address": "", "discounted_from": null, "bottle_type": {"id": 1, "name": "Flasche (0,75\u00a0l)", "short_name": "Flasche", "short_name_plural": "Flaschen", "volume_ml": 750}}]}, {"merchant": {"id": 20182, "name": "Maluni.de", "seo_name": "maluni-de", "legal_name": null, "description": "No minimum order. Mobile friendly checkout.", "country": {"code": "de", "name": "Deutschland", "native_name": "Deutschland", "seo_name": "germany", "currency": {"code": "EUR", "name": "Euros", "prefix": "\u20ac", "suffix": null}, "regions_count": 210, "users_count": 2117308, "wines_count": 197796, "wineries_count": 13493, "most_used_grapes": [{"id": 15, "name": "Riesling", "seo_name": "riesling", "has_detailed_info": true, "wines_count": 259925}, {"id": 299, "name": "Sp\u00e4tburgunder", "seo_name": "spatburgunder", "has_detailed_info": false, "wines_count": 49659}, {"id": 355, "name": "Weissburgunder", "seo_name": "weissburgunder", "has_detailed_info": false, "wines_count": 33123}]}, "state": null, "status": 0, "image": null, "shipping_estimate": "Lieferung bis Mi, 22.\u00a0Dez", "impressum_url": null, "tos_url": null, "vc_clearing_system": 0, "hidden": false}, "prices": [{"id": 24588331, "vintage_id": 167284981, "amount": 11.2, "type": "ppc", "currency": {"code": "EUR", "name": "Euros", "prefix": "\u20ac", "suffix": null}, "bottle_type_id": 1, "inventory_bottles_count": null, "url": "https://www.maluni-weine.de/en/2020-gewuerztraminer-cantina-tramin.html?utm_medium=pref-cpc&utm_source=vivino-ppc", "message": "", "producer_address": "", "importer_address": "", "discounted_from": null, "bottle_type": {"id": 1, "name": "Flasche (0,75\u00a0l)", "short_name": "Flasche", "short_name_plural": "Flaschen", "volume_ml": 750}}]}, {"merchant": {"id": 1632, "name": "Bauer GmbH & Co. KG", "seo_name": "bauer-gmbh-co-kg", "legal_name": null, "description": "Mobile-friendly checkout. No minimum order.", "country": {"code": "de", "name": "Deutschland", "native_name": "Deutschland", "seo_name": "germany", "currency": {"code": "EUR", "name": "Euros", "prefix": "\u20ac", "suffix": null}, "regions_count": 210, "users_count": 2117308, "wines_count": 197796, "wineries_count": 13493, "most_used_grapes": [{"id": 15, "name": "Riesling", "seo_name": "riesling", "has_detailed_info": true, "wines_count": 259925}, {"id": 299, "name": "Sp\u00e4tburgunder", "seo_name": "spatburgunder", "has_detailed_info": false, "wines_count": 49659}, {"id": 355, "name": "Weissburgunder", "seo_name": "weissburgunder", "has_detailed_info": false, "wines_count": 33123}]}, "state": null, "status": 0, "image": null, "shipping_estimate": "Lieferung bis Mi, 22.\u00a0Dez", "impressum_url": null, "tos_url": null, "vc_clearing_system": 0, "hidden": false}, "prices": [{"id": 25051716, "vintage_id": 167284981, "amount": 11.6, "type": "ppc", "currency": {"code": "EUR", "name": "Euros", "prefix": "\u20ac", "suffix": null}, "bottle_type_id": 1, "inventory_bottles_count": null, "url": "https://www.bauer-vinothek.de/wein/kellerei-tramin-suedtiroler-gewuerztraminer-doc-trocken.html?utm_medium=pref-cpc&utm_source=vivino-ppc", "message": "", "producer_address": "", "importer_address": "", "discounted_from": null, "bottle_type": {"id": 1, "name": "Flasche (0,75\u00a0l)", "short_name": "Flasche", "short_name_plural": "Flaschen", "volume_ml": 750}}]}, {"merchant": {"id": 2966, "name": "Genussland", "seo_name": "genussland", "legal_name": null, "description": "Mobile-friendly checkout. No minimum order.", "country": {"code": "de", "name": "Deutschland", "native_name": "Deutschland", "seo_name": "germany", "currency": {"code": "EUR", "name": "Euros", "prefix": "\u20ac", "suffix": null}, "regions_count": 210, "users_count": 2117308, "wines_count": 197796, "wineries_count": 13493, "most_used_grapes": [{"id": 15, "name": "Riesling", "seo_name": "riesling", "has_detailed_info": true, "wines_count": 259925}, {"id": 299, "name": "Sp\u00e4tburgunder", "seo_name": "spatburgunder", "has_detailed_info": false, "wines_count": 49659}, {"id": 355, "name": "Weissburgunder", "seo_name": "weissburgunder", "has_detailed_info": false, "wines_count": 33123}]}, "state": null, "status": 0, "image": null, "shipping_estimate": "Lieferung bis Mi, 22.\u00a0Dez", "impressum_url": null, "tos_url": null, "vc_clearing_system": 0, "hidden": false}, "prices": [{"id": 24183528, "vintage_id": 167284981, "amount": 11.8, "type": "ppc", "currency": {"code": "EUR", "name": "Euros", "prefix": "\u20ac", "suffix": null}, "bottle_type_id": 1, "inventory_bottles_count": null, "url": "https://www.genussland.de/weine/wein-aus-italien/cantina-tramin/cantina-tramin-gewuerztraminer-2020?utm_medium=pref-cpc&utm_source=vivino-ppc", "message": "", "producer_address": "", "importer_address": "", "discounted_from": null, "bottle_type": {"id": 1, "name": "Flasche (0,75\u00a0l)", "short_name": "Flasche", "short_name_plural": "Flaschen", "volume_ml": 750}}]}, {"merchant": {"id": 27217, "name": "Siegburg distillery", "seo_name": "siegburg-distillery", "legal_name": null, "description": "Mobile friendly checkout. No minimum order.", "country": {"code": "de", "name": "Deutschland", "native_name": "Deutschland", "seo_name": "germany", "currency": {"code": "EUR", "name": "Euros", "prefix": "\u20ac", "suffix": null}, "regions_count": 210, "users_count": 2117308, "wines_count": 197796, "wineries_count": 13493, "most_used_grapes": [{"id": 15, "name": "Riesling", "seo_name": "riesling", "has_detailed_info": true, "wines_count": 259925}, {"id": 299, "name": "Sp\u00e4tburgunder", "seo_name": "spatburgunder", "has_detailed_info": false, "wines_count": 49659}, {"id": 355, "name": "Weissburgunder", "seo_name": "weissburgunder", "has_detailed_info": false, "wines_count": 33123}]}, "state": null, "status": 0, "image": null, "shipping_estimate": "Lieferung bis Mi, 22.\u00a0Dez", "impressum_url": null, "tos_url": null, "vc_clearing_system": 0, "hidden": false}, "prices": [{"id": 26233460, "vintage_id": 167284981, "amount": 11.9, "type": "ppc", "currency": {"code": "EUR", "name": "Euros", "prefix": "\u20ac", "suffix": null}, "bottle_type_id": 1, "inventory_bottles_count": null, "url": "https://www.siegburger-destille.de/weine/weisswein/italien/1327/cantina-tramin-gewuerztraminer-doc?c=1184&utm_medium=pref-cpc&utm_source=vivino-ppc", "message": "", "producer_address": "", "importer_address": "", "discounted_from": null, "bottle_type": {"id": 1, "name": "Flasche (0,75\u00a0l)", "short_name": "Flasche", "short_name_plural": "Flaschen", "volume_ml": 750}}]}, {"merchant": {"id": 3122, "name": "Weinentdecken", "seo_name": "weinentdecken", "legal_name": null, "description": "Mobile-friendly checkout. Minimum order of 6 bottles.", "country": {"code": "de", "name": "Deutschland", "native_name": "Deutschland", "seo_name": "germany", "currency": {"code": "EUR", "name": "Euros", "prefix": "\u20ac", "suffix": null}, "regions_count": 210, "users_count": 2117308, "wines_count": 197796, "wineries_count": 13493, "most_used_grapes": [{"id": 15, "name": "Riesling", "seo_name": "riesling", "has_detailed_info": true, "wines_count": 259925}, {"id": 299, "name": "Sp\u00e4tburgunder", "seo_name": "spatburgunder", "has_detailed_info": false, "wines_count": 49659}, {"id": 355, "name": "Weissburgunder", "seo_name": "weissburgunder", "has_detailed_info": false, "wines_count": 33123}]}, "state": null, "status": 0, "image": null, "shipping_estimate": "Lieferung bis Mi, 22.\u00a0Dez", "impressum_url": null, "tos_url": null, "vc_clearing_system": 0, "hidden": false}, "prices": [{"id": 24729758, "vintage_id": 167284981, "amount": 11.99, "type": "ppc", "currency": {"code": "EUR", "name": "Euros", "prefix": "\u20ac", "suffix": null}, "bottle_type_id": 1, "inventory_bottles_count": null, "url": "https://www.weinentdecken.de/Trentino-Alto-Adige/Cantina-Tramin-Gewuerztraminer-2020::137.html?utm_medium=pref-cpc&utm_source=vivino-ppc", "message": "", "producer_address": "", "importer_address": "", "discounted_from": null, "bottle_type": {"id": 1, "name": "Flasche (0,75\u00a0l)", "short_name": "Flasche", "short_name_plural": "Flaschen", "volume_ml": 750}}]}, {"merchant": {"id": 5043, "name": "Weinhandlung Dr. Teufel", "seo_name": "weinhandlung-dr-teufel", "legal_name": null, "description": "Mobile friendly checkout. No minimum order.", "country": {"code": "de", "name": "Deutschland", "native_name": "Deutschland", "seo_name": "germany", "currency": {"code": "EUR", "name": "Euros", "prefix": "\u20ac", "suffix": null}, "regions_count": 210, "users_count": 2117308, "wines_count": 197796, "wineries_count": 13493, "most_used_grapes": [{"id": 15, "name": "Riesling", "seo_name": "riesling", "has_detailed_info": true, "wines_count": 259925}, {"id": 299, "name": "Sp\u00e4tburgunder", "seo_name": "spatburgunder", "has_detailed_info": false, "wines_count": 49659}, {"id": 355, "name": "Weissburgunder", "seo_name": "weissburgunder", "has_detailed_info": false, "wines_count": 33123}]}, "state": null, "status": 0, "image": null, "shipping_estimate": "Lieferung bis Mi, 22.\u00a0Dez", "impressum_url": null, "tos_url": null, "vc_clearing_system": 0, "hidden": false}, "prices": [{"id": 24229201, "vintage_id": 167284981, "amount": 12.8, "type": "ppc", "currency": {"code": "EUR", "name": "Euros", "prefix": "\u20ac", "suffix": null}, "bottle_type_id": 1, "inventory_bottles_count": null, "url": "https://weinteufel.de/laender/italien/suedtirol/weisswein/1389/cantina-tramin-gewuerztraminer-2020?utm_medium=pref-cpc&utm_source=vivino-ppc", "message": "", "producer_address": "", "importer_address": "", "discounted_from": null, "bottle_type": {"id": 1, "name": "Flasche (0,75\u00a0l)", "short_name": "Flasche", "short_name_plural": "Flaschen", "volume_ml": 750}}]}, {"merchant": {"id": 364, "name": "Wijnhandel de Haas", "seo_name": "wijnhandel-de-haas", "legal_name": null, "description": "Mobile-friendly checkout. Minimum order of 6 bottles.", "country": {"code": "nl", "name": "Niederlande", "native_name": "Nederland", "seo_name": "netherlands", "currency": {"code": "EUR", "name": "Euros", "prefix": "\u20ac", "suffix": null}, "regions_count": 19, "users_count": 2093336, "wines_count": 1677, "wineries_count": 293, "most_used_grapes": [{"id": 1073, "name": "Johanniter", "seo_name": "johanniter", "has_detailed_info": false, "wines_count": 2820}, {"id": 285, "name": "Regent", "seo_name": "regent", "has_detailed_info": false, "wines_count": 6973}, {"id": 658, "name": "Solaris", "seo_name": "solaris", "has_detailed_info": false, "wines_count": 4684}]}, "state": null, "status": 0, "image": null, "shipping_estimate": "Lieferung bis Mi, 22.\u00a0Dez", "impressum_url": null, "tos_url": null, "vc_clearing_system": 0, "hidden": false}, "prices": [{"id": 25282068, "vintage_id": 167284981, "amount": 13.49, "type": "ppc", "currency": {"code": "EUR", "name": "Euros", "prefix": "\u20ac", "suffix": null}, "bottle_type_id": 1, "inventory_bottles_count": null, "url": "https://www.wijnhandeldehaas.nl/duitsland/gewurztraminer-cantina-tramin.php?utm_medium=pref-cpc&utm_source=vivino-ppc", "message": "", "producer_address": "", "importer_address": "", "discounted_from": null, "bottle_type": {"id": 1, "name": "Flasche (0,75\u00a0l)", "short_name": "Flasche", "short_name_plural": "Flaschen", "volume_ml": 750}}]}]}, "found_by_merchant_and_sku": null, "is_deal_page": false}