{"tastes": {"structure": {"acidity": 3.906415, "fizziness": null, "intensity": 3.0244565, "sweetness": 2.457741, "tannin": null, "user_structure_count": 65, "calculated_structure_count": 63}, "flavor": [{"group": "tree_fruit", "stats": {"count": 40, "score": 6100, "mentions_count": 61}, "primary_keywords": [{"id": 310, "name": "Pfirsich", "count": 25}, {"id": 271, "name": "Melone", "count": 12}, {"id": 195, "name": "Gr\u00fcner Apfel", "count": 9}, {"id": 9, "name": "Apfel", "count": 8}, {"id": 315, "name": "Birne", "count": 5}, {"id": 11, "name": "Aprikose", "count": 1}, {"id": 469, "name": "Steinfrucht", "count": 1}]}, {"group": "citrus_fruit", "stats": {"count": 29, "score": 3600, "mentions_count": 36}, "primary_keywords": [{"id": 243, "name": "Zitrone", "count": 16}, {"id": 106, "name": "Zitrone", "count": 8}, {"id": 252, "name": "Limette", "count": 5}, {"id": 298, "name": "Orange", "count": 3}, {"id": 411, "name": "Mandarine", "count": 1}, {"id": 190, "name": "Grapefruit", "count": 1}, {"id": 253, "name": "Limettenschale", "count": 1}, {"id": 260, "name": "Mandarine", "count": 1}]}, {"group": "earth", "stats": {"count": 17, "score": 2490, "mentions_count": 25}, "primary_keywords": [{"id": 276, "name": "Mineralien", "count": 11}, {"id": 218, "name": "Honig", "count": 5}, {"id": 398, "name": "Stein", "count": 5}, {"id": 284, "name": "Champignon", "count": 1}, {"id": 85, "name": "Kreide", "count": 1}, {"id": 156, "name": "Erdig", "count": 1}, {"id": 317, "name": "Bleistiftmine", "count": 1}], "secondary_keywords": [{"id": 6, "name": "Mandel", "count": 2}]}, {"group": "tropical_fruit", "stats": {"count": 16, "score": 2199, "mentions_count": 21}, "primary_keywords": [{"id": 428, "name": "Tropisch", "count": 12}, {"id": 329, "name": "Ananas", "count": 3}, {"id": 256, "name": "Litschi", "count": 2}, {"id": 261, "name": "Mango", "count": 2}, {"id": 67, "name": "Kaugummi", "count": 1}, {"id": 210, "name": "Guave", "count": 1}], "secondary_keywords": [{"id": 23, "name": "Banane", "count": 3}]}, {"group": "microbio", "stats": {"count": 9, "score": 804, "mentions_count": 8}, "primary_keywords": [{"id": 23, "name": "Banane", "count": 3}, {"id": 295, "name": "\u00d6l", "count": 3}, {"id": 123, "name": "Creme", "count": 2}], "secondary_keywords": [{"id": 6, "name": "Mandel", "count": 2}, {"id": 284, "name": "Champignon", "count": 1}, {"id": 70, "name": "Butter", "count": 1}]}, {"group": "vegetal", "stats": {"count": 9, "score": 720, "mentions_count": 7}, "primary_keywords": [{"id": 185, "name": "Stachelbeere", "count": 2}, {"id": 89, "name": "Mangold", "count": 1}, {"id": 399, "name": "Stroh", "count": 1}, {"id": 403, "name": "Sonnengetrocknete Tomate", "count": 1}, {"id": 193, "name": "Gras", "count": 1}, {"id": 359, "name": "Rhabarber", "count": 1}], "secondary_keywords": [{"id": 6, "name": "Mandel", "count": 2}]}, {"group": "oak", "stats": {"count": 8, "score": 687, "mentions_count": 7}, "primary_keywords": [{"id": 292, "name": "Eiche", "count": 6}, {"id": 70, "name": "Butter", "count": 1}], "secondary_keywords": [{"id": 6, "name": "Mandel", "count": 2}]}, {"group": "floral", "stats": {"count": 5, "score": 500, "mentions_count": 5}, "primary_keywords": [{"id": 221, "name": "Gei\u00dfblatt", "count": 2}, {"id": 230, "name": "Jasmin", "count": 1}, {"id": 157, "name": "Holunderbl\u00fcte", "count": 1}, {"id": 299, "name": "Orangenbl\u00fcte", "count": 1}]}, {"group": "spices", "stats": {"count": 4, "score": 400, "mentions_count": 4}, "primary_keywords": [{"id": 373, "name": "Rosmarin", "count": 3}, {"id": 320, "name": "Pfeffer", "count": 1}]}, {"group": "non_oak", "stats": {"count": 2, "score": 100, "mentions_count": 2}, "primary_keywords": [{"id": 6, "name": "Mandel", "count": 2}]}, {"group": "red_fruit", "stats": {"count": 1, "score": 100, "mentions_count": 1}, "primary_keywords": [{"id": 400, "name": "Erdbeere", "count": 1}]}]}, "vivino_id": "4318240"}