{"tastes": {"structure": {"acidity": 3.6200001, "fizziness": null, "intensity": 2.5217392, "sweetness": 1.0869565, "tannin": null, "user_structure_count": 0, "calculated_structure_count": 4}, "flavor": [{"group": "red_fruit", "stats": {"count": 2, "score": 400, "mentions_count": 4}, "primary_keywords": [{"id": 400, "name": "strawberry", "count": 2}, {"id": 93, "name": "cherry", "count": 2}]}, {"group": "citrus_fruit", "stats": {"count": 3, "score": 300, "mentions_count": 3}, "primary_keywords": [{"id": 106, "name": "citrus", "count": 2}, {"id": 298, "name": "orange", "count": 1}]}, {"group": "tree_fruit", "stats": {"count": 1, "score": 200, "mentions_count": 2}, "primary_keywords": [{"id": 310, "name": "peach", "count": 1}, {"id": 11, "name": "apricot", "count": 1}]}]}, "vivino_id": "6705927"}