{"vintage": {"id": 158388526, "seo_name": "laurent-miquel-chateau-cazal-viel-vieilles-vignes-uv", "name": "Laurent Miquel Ch\u00e2teau Cazal Viel Vieilles Vignes", "statistics": {"status": "Normal", "ratings_count": 81, "ratings_average": 3.6, "labels_count": 146, "reviews_count": 12}, "organic_certification_id": null, "certified_biodynamic": null, "image": {"location": "//images.vivino.com/labels/piH9TkHQTA-VIr6fkVZpPg.jpg", "variations": {"large": "//images.vivino.com/thumbs/piH9TkHQTA-VIr6fkVZpPg_375x500.jpg", "medium": "//images.vivino.com/thumbs/piH9TkHQTA-VIr6fkVZpPg_150x200.jpg", "medium_square": "//images.vivino.com/thumbs/piH9TkHQTA-VIr6fkVZpPg_150x150.jpg", "small_square": "//images.vivino.com/thumbs/piH9TkHQTA-VIr6fkVZpPg_80x80.jpg"}}, "wine": {"id": 6705927, "name": "Ch\u00e2teau Cazal Viel Vieilles Vignes", "seo_name": "chateau-cazal-viel-vieilles-vignes", "type_id": 4, "vintage_type": 0, "is_natural": false, "region": {"id": 3003, "name": "Pays d'Oc", "name_en": "Sud de France", "seo_name": "vin-de-pays-doc", "country": {"code": "fr", "name": "France", "native_name": "France", "seo_name": "france", "currency": {"code": "EUR", "name": "Euros", "prefix": "\u20ac", "suffix": null}, "regions_count": 1292, "users_count": 5068363, "wines_count": 542471, "wineries_count": 67002, "most_used_grapes": [{"id": 14, "name": "Pinot Noir", "seo_name": "pinot-noir", "has_detailed_info": true, "wines_count": 572334}, {"id": 10, "name": "Merlot", "seo_name": "merlot", "has_detailed_info": true, "wines_count": 566719}, {"id": 5, "name": "Chardonnay", "seo_name": "chardonnay", "has_detailed_info": true, "wines_count": 604208}]}, "parent_id": 986, "background_image": {"location": "//images.vivino.com/regions/backgrounds/hBYxUIfHQnmqI_QhKoYxxA.jpg", "variations": {"large": "//thumbs.vivino.com/region_backgrounds/hBYxUIfHQnmqI_QhKoYxxA_1280x760.jpg", "medium": "//thumbs.vivino.com/region_backgrounds/hBYxUIfHQnmqI_QhKoYxxA_600x356.jpg"}}, "class": {"typecast_map": {"background_image": {}, "class": {}}}, "statistics": {"wineries_count": 2168, "wines_count": 25782, "sub_regions_count": 25, "parent_regions_count": 1}}, "review_status": 2, "winery": {"id": 4788, "name": "Laurent Miquel", "seo_name": "laurent-miquel", "status": 1, "review_status": "Completed", "background_image": null, "statistics": {"ratings_count": 43463, "ratings_average": 3.7, "labels_count": 378810, "wines_count": 150}, "region": {"id": 536, "name": "Languedoc-Roussillon", "name_en": "", "seo_name": "languedoc-roussillon", "country": {"code": "fr", "name": "France", "native_name": "France", "seo_name": "france", "currency": {"code": "EUR", "name": "Euros", "prefix": "\u20ac", "suffix": null}, "regions_count": 1292, "users_count": 5068363, "wines_count": 542471, "wineries_count": 67002, "most_used_grapes": [{"id": 14, "name": "Pinot Noir", "seo_name": "pinot-noir", "has_detailed_info": true, "wines_count": 572334}, {"id": 10, "name": "Merlot", "seo_name": "merlot", "has_detailed_info": true, "wines_count": 566719}, {"id": 5, "name": "Chardonnay", "seo_name": "chardonnay", "has_detailed_info": true, "wines_count": 604208}]}, "parent_id": null, "background_image": {"location": "//images.vivino.com/regions/backgrounds/-iw2xwauQ7GnxGGUkTGolw.jpg", "variations": {"large": "//thumbs.vivino.com/region_backgrounds/-iw2xwauQ7GnxGGUkTGolw_1280x760.jpg", "medium": "//thumbs.vivino.com/region_backgrounds/-iw2xwauQ7GnxGGUkTGolw_600x356.jpg"}}, "statistics": {"wineries_count": 6535, "wines_count": 27869, "sub_regions_count": 21, "parent_regions_count": 0}}, "business_name": "Domaine Laurent Miquel", "description": "Wines of character based mainly on Syrah and Viognier in one of France's most exciting wine regions, the Languedoc !", "specialists_notes": "", "phone": "", "email": "marketing@laurent-miquel.com", "facebook": "https://www.facebook.com/laurentmiquelwines", "instagram": "@laurent_miquel", "is_claimed": true, "twitter": "@LaurentMiquel", "website": "http://www.laurent-miquel.com", "winemaker": "Laurent Miquel", "wine_maker": {"id": 2190, "name": "Laurent Miquel"}, "address": {"title": null, "name": null, "street": "Hameau Cazal Viel", "street2": null, "neighborhood": null, "city": "Cessenon sur Orb", "zip": "34460", "state": null, "country": {"code": "fr", "name": "France", "native_name": "France", "seo_name": "france", "currency": {"code": "EUR", "name": "Euros", "prefix": "\u20ac", "suffix": null}, "regions_count": 1292, "users_count": 5068363, "wines_count": 542471, "wineries_count": 67002, "most_used_grapes": [{"id": 14, "name": "Pinot Noir", "seo_name": "pinot-noir", "has_detailed_info": true, "wines_count": 572334}, {"id": 10, "name": "Merlot", "seo_name": "merlot", "has_detailed_info": true, "wines_count": 566719}, {"id": 5, "name": "Chardonnay", "seo_name": "chardonnay", "has_detailed_info": true, "wines_count": 604208}]}, "company": null, "phone": null, "external_id": null, "residential": null, "vat_number": null, "vat_code": null, "addition": null}, "image": {"location": "//images.vivino.com/wineries/4788/logos/9yHiwo9wQjyjLo_rP7hJfg.jpg", "variations": {"large": "//thumbs.vivino.com/wineries/4788/logos/9yHiwo9wQjyjLo_rP7hJfg_500x500.jpg", "medium": "//thumbs.vivino.com/wineries/4788/logos/9yHiwo9wQjyjLo_rP7hJfg_200x200.jpg", "small_square": "//thumbs.vivino.com/wineries/4788/logos/9yHiwo9wQjyjLo_rP7hJfg_80x80.jpg"}}, "location": {"latitude": 43.429707, "longitude": 3.09346}, "winery_group": null, "first_wines": [], "sponsored_entity_type": null, "sponsored_entity": null}, "statistics": {"status": "Normal", "ratings_count": 81, "ratings_average": 3.6, "labels_count": 658, "vintages_count": 17}, "rank": {"country": {"description": "Rank within France", "total": 317717, "rank": 96808}, "region": {"description": "Rank within Wine Region", "total": 40862, "rank": 11169}, "winery": {"description": "Rank within Winery", "total": 146, "rank": 78}, "wine_type": {"description": "Rank within all Ros\u00e9 Wine", "total": 74253, "rank": 13815}, "global": {"description": "Global Rank", "total": 1302036, "rank": 364067}}, "hidden": false, "vintages": [{"id": 163401380, "seo_name": "laurent-miquel-chateau-cazal-viel-vieilles-vignes-2020", "name": "Laurent Miquel Ch\u00e2teau Cazal Viel Vieilles Vignes 2020", "statistics": {"status": "Normal", "ratings_count": 10, "ratings_average": 3.2, "labels_count": 50, "reviews_count": 4}, "year": 2020, "grapes": null, "has_valid_ratings": true}, {"id": 160697397, "seo_name": "laurent-miquel-chateau-cazal-viel-vieilles-vignes-2019", "name": "Laurent Miquel Ch\u00e2teau Cazal Viel Vieilles Vignes 2019", "statistics": {"status": "BelowThreshold", "ratings_count": 3, "ratings_average": 0, "labels_count": 20, "reviews_count": 1}, "year": 2019, "grapes": null, "has_valid_ratings": false}, {"id": 158841171, "seo_name": "laurent-miquel-chateau-cazal-viel-vieilles-vignes-2018", "name": "Laurent Miquel Ch\u00e2teau Cazal Viel Vieilles Vignes 2018", "statistics": {"status": "BelowThreshold", "ratings_count": 6, "ratings_average": 0, "labels_count": 34, "reviews_count": 4}, "year": 2018, "grapes": null, "has_valid_ratings": false}, {"id": 158388527, "seo_name": "laurent-miquel-chateau-cazal-viel-vieilles-vignes-2017", "name": "Laurent Miquel Ch\u00e2teau Cazal Viel Vieilles Vignes 2017", "statistics": {"status": "Normal", "ratings_count": 18, "ratings_average": 3.7, "labels_count": 171, "reviews_count": 7}, "year": 2017, "grapes": null, "has_valid_ratings": true}, {"id": 158393041, "seo_name": "laurent-miquel-chateau-cazal-viel-vieilles-vignes-2016", "name": "Laurent Miquel Ch\u00e2teau Cazal Viel Vieilles Vignes 2016", "statistics": {"status": "Normal", "ratings_count": 14, "ratings_average": 3.7, "labels_count": 163, "reviews_count": 4}, "year": 2016, "grapes": null, "has_valid_ratings": true}, {"id": 158457169, "seo_name": "laurent-miquel-chateau-cazal-viel-vieilles-vignes-2015", "name": "Laurent Miquel Ch\u00e2teau Cazal Viel Vieilles Vignes 2015", "statistics": {"status": "BelowThreshold", "ratings_count": 3, "ratings_average": 0, "labels_count": 44, "reviews_count": 0}, "year": 2015, "grapes": null, "has_valid_ratings": false}, {"id": 158456051, "seo_name": "laurent-miquel-chateau-cazal-viel-vieilles-vignes-2014", "name": "Laurent Miquel Ch\u00e2teau Cazal Viel Vieilles Vignes 2014", "statistics": {"status": "BelowThreshold", "ratings_count": 2, "ratings_average": 0, "labels_count": 10, "reviews_count": 0}, "year": 2014, "grapes": null, "has_valid_ratings": false}, {"id": 164895261, "seo_name": "laurent-miquel-chateau-cazal-viel-vieilles-vignes-2012", "name": "Laurent Miquel Ch\u00e2teau Cazal Viel Vieilles Vignes 2012", "statistics": {"status": "BelowThreshold", "ratings_count": 1, "ratings_average": 0, "labels_count": 6, "reviews_count": 0}, "year": 2012, "grapes": null, "has_valid_ratings": false}, {"id": 158388526, "seo_name": "laurent-miquel-chateau-cazal-viel-vieilles-vignes-uv", "name": "Laurent Miquel Ch\u00e2teau Cazal Viel Vieilles Vignes", "statistics": {"status": "Normal", "ratings_count": 81, "ratings_average": 3.6, "labels_count": 146, "reviews_count": 12}, "year": 0, "grapes": null, "has_valid_ratings": true}], "description": "", "grapes": [{"id": 1, "name": "Shiraz/Syrah", "seo_name": "shiraz-syrah", "has_detailed_info": true, "wines_count": 551112}, {"id": 75, "name": "Cinsault", "seo_name": "cinsault", "has_detailed_info": false, "wines_count": 49347}], "foods": [{"id": 5, "name": "Pasta", "background_image": {"location": "//images.vivino.com/backgrounds/foods/5_pasta.png", "variations": {"small": "//images.vivino.com/backgrounds/foods/thumbs/5_pasta_932x810.png"}}, "seo_name": null}, {"id": 19, "name": "Vegetarian", "background_image": {"location": "//images.vivino.com/backgrounds/foods/19_vegetarian.png", "variations": {"small": "//images.vivino.com/backgrounds/foods/thumbs/19_vegetarian_932x810.png"}}, "seo_name": "vegetarian"}, {"id": 27, "name": "Appetizers and snacks", "background_image": {"location": "//images.vivino.com/backgrounds/foods/27_appetizers-snacks.png", "variations": {"small": "//images.vivino.com/backgrounds/foods/thumbs/27_appetizers-snacks_932x810.png"}}, "seo_name": null}, {"id": 28, "name": "Lean fish", "background_image": {"location": "//images.vivino.com/backgrounds/foods/28_leanfish.png", "variations": {"small": "//images.vivino.com/backgrounds/foods/thumbs/28_leanfish_932x810.png"}}, "seo_name": null}, {"id": 40, "name": "Aperitif", "background_image": {"location": "//images.vivino.com/backgrounds/foods/40_aperitif.png", "variations": {"small": "//images.vivino.com/backgrounds/foods/thumbs/40_aperitif_932x810.png"}}, "seo_name": null}], "non_vintage": false, "alcohol": 0, "sweetness_id": null, "closure": null, "vintage_mask_raw": null, "updated_at": "2018-09-27T17:05:45Z", "created_at": "2018-09-27T08:45:53Z", "is_first_wine": false, "style": {"id": 95, "seo_name": "languedoc-roussillon-rose", "regional_name": "Languedoc-Roussillon", "varietal_name": "Ros\u00e9", "name": "Languedoc-Roussillon Ros\u00e9", "image": null, "background_image": null, "description": null, "blurb": null, "interesting_facts": null, "body": 4, "body_description": "Full-bodied", "acidity": 3, "acidity_description": "High", "country": {"code": "fr", "name": "France", "native_name": "France", "seo_name": "france", "currency": {"code": "EUR", "name": "Euros", "prefix": "\u20ac", "suffix": null}, "regions_count": 1292, "users_count": 5068363, "wines_count": 542471, "wineries_count": 67002, "most_used_grapes": [{"id": 14, "name": "Pinot Noir", "seo_name": "pinot-noir", "has_detailed_info": true, "wines_count": 572334}, {"id": 10, "name": "Merlot", "seo_name": "merlot", "has_detailed_info": true, "wines_count": 566719}, {"id": 5, "name": "Chardonnay", "seo_name": "chardonnay", "has_detailed_info": true, "wines_count": 604208}]}, "wine_type_id": 4, "food": [{"id": 5, "name": "Pasta", "background_image": {"location": "//images.vivino.com/backgrounds/foods/5_pasta.png", "variations": {"small": "//images.vivino.com/backgrounds/foods/thumbs/5_pasta_932x810.png"}}, "seo_name": null}, {"id": 19, "name": "Vegetarian", "background_image": {"location": "//images.vivino.com/backgrounds/foods/19_vegetarian.png", "variations": {"small": "//images.vivino.com/backgrounds/foods/thumbs/19_vegetarian_932x810.png"}}, "seo_name": "vegetarian"}, {"id": 27, "name": "Appetizers and snacks", "background_image": {"location": "//images.vivino.com/backgrounds/foods/27_appetizers-snacks.png", "variations": {"small": "//images.vivino.com/backgrounds/foods/thumbs/27_appetizers-snacks_932x810.png"}}, "seo_name": null}, {"id": 28, "name": "Lean fish", "background_image": {"location": "//images.vivino.com/backgrounds/foods/28_leanfish.png", "variations": {"small": "//images.vivino.com/backgrounds/foods/thumbs/28_leanfish_932x810.png"}}, "seo_name": null}, {"id": 40, "name": "Aperitif", "background_image": {"location": "//images.vivino.com/backgrounds/foods/40_aperitif.png", "variations": {"small": "//images.vivino.com/backgrounds/foods/thumbs/40_aperitif_932x810.png"}}, "seo_name": null}], "grapes": [{"id": 1, "name": "Shiraz/Syrah", "seo_name": "shiraz-syrah", "has_detailed_info": true, "wines_count": 551112}, {"id": 8, "name": "Grenache", "seo_name": "grenache-noir", "has_detailed_info": true, "wines_count": 240002}, {"id": 22, "name": "Mourvedre", "seo_name": "mourvedre", "has_detailed_info": true, "wines_count": 101132}], "region": {"id": 536, "name": "Languedoc-Roussillon", "name_en": "", "seo_name": "languedoc-roussillon", "country": {"code": "fr", "name": "France", "native_name": "France", "seo_name": "france", "currency": {"code": "EUR", "name": "Euros", "prefix": "\u20ac", "suffix": null}, "regions_count": 1292, "users_count": 5068363, "wines_count": 542471, "wineries_count": 67002, "most_used_grapes": [{"id": 14, "name": "Pinot Noir", "seo_name": "pinot-noir", "has_detailed_info": true, "wines_count": 572334}, {"id": 10, "name": "Merlot", "seo_name": "merlot", "has_detailed_info": true, "wines_count": 566719}, {"id": 5, "name": "Chardonnay", "seo_name": "chardonnay", "has_detailed_info": true, "wines_count": 604208}]}, "parent_id": null, "background_image": {"location": "//images.vivino.com/regions/backgrounds/-iw2xwauQ7GnxGGUkTGolw.jpg", "variations": {"large": "//thumbs.vivino.com/region_backgrounds/-iw2xwauQ7GnxGGUkTGolw_1280x760.jpg", "medium": "//thumbs.vivino.com/region_backgrounds/-iw2xwauQ7GnxGGUkTGolw_600x356.jpg"}}, "statistics": {"wineries_count": 6529, "wines_count": 27892, "sub_regions_count": 21, "parent_regions_count": 0}}}, "has_valid_ratings": true}, "description": "", "wine_critic_reviews": [], "awards": [], "ratings_distribution": {"1": 2, "2": 3, "3": 42, "4": 26, "5": 8}, "ranking": {"country": {"description": "Rank within France", "total": 2497582, "rank": 425426}, "region": {"description": "Rank within Wine Region", "total": 276712, "rank": 39921}, "winery": {"description": "Rank within Winery", "total": 1357, "rank": 295}, "global": {"description": "Global Rank", "total": 8944596, "rank": 1539891}}, "wine_facts": {}, "winemaker": null, "wine_maker": null, "grape_composition": {}, "year": "", "grapes": null, "has_valid_ratings": true}, "carts": null, "full_region": null, "tastes": null, "wine": {"id": 6705927, "name": "Ch\u00e2teau Cazal Viel Vieilles Vignes", "seo_name": "chateau-cazal-viel-vieilles-vignes", "type_id": 4, "vintage_type": 0, "is_natural": false, "region": {"id": 3003, "name": "Pays d'Oc", "name_en": "Sud de France", "seo_name": "vin-de-pays-doc", "country": {"code": "fr", "name": "France", "native_name": "France", "seo_name": "france", "currency": {"code": "EUR", "name": "Euros", "prefix": "\u20ac", "suffix": null}, "regions_count": 1292, "users_count": 5068363, "wines_count": 542471, "wineries_count": 67002, "most_used_grapes": [{"id": 14, "name": "Pinot Noir", "seo_name": "pinot-noir", "has_detailed_info": true, "wines_count": 572334}, {"id": 10, "name": "Merlot", "seo_name": "merlot", "has_detailed_info": true, "wines_count": 566719}, {"id": 5, "name": "Chardonnay", "seo_name": "chardonnay", "has_detailed_info": true, "wines_count": 604208}]}, "parent_id": 986, "background_image": {"location": "//images.vivino.com/regions/backgrounds/hBYxUIfHQnmqI_QhKoYxxA.jpg", "variations": {"large": "//thumbs.vivino.com/region_backgrounds/hBYxUIfHQnmqI_QhKoYxxA_1280x760.jpg", "medium": "//thumbs.vivino.com/region_backgrounds/hBYxUIfHQnmqI_QhKoYxxA_600x356.jpg"}}, "class": {"typecast_map": {"background_image": {}, "class": {}}}, "statistics": {"wineries_count": 2168, "wines_count": 25782, "sub_regions_count": 25, "parent_regions_count": 1}}, "review_status": 2, "winery": {"id": 4788, "name": "Laurent Miquel", "seo_name": "laurent-miquel", "status": 1, "review_status": "Completed", "background_image": null, "statistics": {"ratings_count": 43463, "ratings_average": 3.7, "labels_count": 378810, "wines_count": 150}, "region": {"id": 536, "name": "Languedoc-Roussillon", "name_en": "", "seo_name": "languedoc-roussillon", "country": {"code": "fr", "name": "France", "native_name": "France", "seo_name": "france", "currency": {"code": "EUR", "name": "Euros", "prefix": "\u20ac", "suffix": null}, "regions_count": 1292, "users_count": 5068363, "wines_count": 542471, "wineries_count": 67002, "most_used_grapes": [{"id": 14, "name": "Pinot Noir", "seo_name": "pinot-noir", "has_detailed_info": true, "wines_count": 572334}, {"id": 10, "name": "Merlot", "seo_name": "merlot", "has_detailed_info": true, "wines_count": 566719}, {"id": 5, "name": "Chardonnay", "seo_name": "chardonnay", "has_detailed_info": true, "wines_count": 604208}]}, "parent_id": null, "background_image": {"location": "//images.vivino.com/regions/backgrounds/-iw2xwauQ7GnxGGUkTGolw.jpg", "variations": {"large": "//thumbs.vivino.com/region_backgrounds/-iw2xwauQ7GnxGGUkTGolw_1280x760.jpg", "medium": "//thumbs.vivino.com/region_backgrounds/-iw2xwauQ7GnxGGUkTGolw_600x356.jpg"}}, "statistics": {"wineries_count": 6535, "wines_count": 27869, "sub_regions_count": 21, "parent_regions_count": 0}}}, "image": {"location": "//images.vivino.com/labels/piH9TkHQTA-VIr6fkVZpPg.jpg", "variations": {"large": "//images.vivino.com/thumbs/piH9TkHQTA-VIr6fkVZpPg_375x500.jpg", "medium": "//images.vivino.com/thumbs/piH9TkHQTA-VIr6fkVZpPg_150x200.jpg", "medium_square": "//images.vivino.com/thumbs/piH9TkHQTA-VIr6fkVZpPg_150x150.jpg", "small_square": "//images.vivino.com/thumbs/piH9TkHQTA-VIr6fkVZpPg_80x80.jpg"}}, "statistics": {"status": "Normal", "ratings_count": 81, "ratings_average": 3.6, "labels_count": 658, "vintages_count": 17}, "rank": null, "hidden": false, "vintages": [{"id": 163401380, "seo_name": "laurent-miquel-chateau-cazal-viel-vieilles-vignes-2020", "name": "Laurent Miquel Ch\u00e2teau Cazal Viel Vieilles Vignes 2020", "statistics": {"status": "Normal", "ratings_count": 10, "ratings_average": 3.2, "labels_count": 50, "reviews_count": 4}, "year": 2020, "grapes": null, "has_valid_ratings": true}, {"id": 160697397, "seo_name": "laurent-miquel-chateau-cazal-viel-vieilles-vignes-2019", "name": "Laurent Miquel Ch\u00e2teau Cazal Viel Vieilles Vignes 2019", "statistics": {"status": "BelowThreshold", "ratings_count": 3, "ratings_average": 0, "labels_count": 20, "reviews_count": 1}, "year": 2019, "grapes": null, "has_valid_ratings": false}, {"id": 158841171, "seo_name": "laurent-miquel-chateau-cazal-viel-vieilles-vignes-2018", "name": "Laurent Miquel Ch\u00e2teau Cazal Viel Vieilles Vignes 2018", "statistics": {"status": "BelowThreshold", "ratings_count": 6, "ratings_average": 0, "labels_count": 34, "reviews_count": 4}, "year": 2018, "grapes": null, "has_valid_ratings": false}, {"id": 158388527, "seo_name": "laurent-miquel-chateau-cazal-viel-vieilles-vignes-2017", "name": "Laurent Miquel Ch\u00e2teau Cazal Viel Vieilles Vignes 2017", "statistics": {"status": "Normal", "ratings_count": 18, "ratings_average": 3.7, "labels_count": 171, "reviews_count": 7}, "year": 2017, "grapes": null, "has_valid_ratings": true}, {"id": 158393041, "seo_name": "laurent-miquel-chateau-cazal-viel-vieilles-vignes-2016", "name": "Laurent Miquel Ch\u00e2teau Cazal Viel Vieilles Vignes 2016", "statistics": {"status": "Normal", "ratings_count": 14, "ratings_average": 3.7, "labels_count": 163, "reviews_count": 4}, "year": 2016, "grapes": null, "has_valid_ratings": true}, {"id": 158457169, "seo_name": "laurent-miquel-chateau-cazal-viel-vieilles-vignes-2015", "name": "Laurent Miquel Ch\u00e2teau Cazal Viel Vieilles Vignes 2015", "statistics": {"status": "BelowThreshold", "ratings_count": 3, "ratings_average": 0, "labels_count": 44, "reviews_count": 0}, "year": 2015, "grapes": null, "has_valid_ratings": false}, {"id": 158456051, "seo_name": "laurent-miquel-chateau-cazal-viel-vieilles-vignes-2014", "name": "Laurent Miquel Ch\u00e2teau Cazal Viel Vieilles Vignes 2014", "statistics": {"status": "BelowThreshold", "ratings_count": 2, "ratings_average": 0, "labels_count": 10, "reviews_count": 0}, "year": 2014, "grapes": null, "has_valid_ratings": false}, {"id": 159897859, "seo_name": "laurent-miquel-chateau-cazal-viel-vieilles-vignes-2013", "name": "Laurent Miquel Ch\u00e2teau Cazal Viel Vieilles Vignes 2013", "statistics": {"status": "BelowThreshold", "ratings_count": 0, "ratings_average": 0, "labels_count": 1, "reviews_count": 0}, "year": 2013, "grapes": null, "has_valid_ratings": false}, {"id": 164895261, "seo_name": "laurent-miquel-chateau-cazal-viel-vieilles-vignes-2012", "name": "Laurent Miquel Ch\u00e2teau Cazal Viel Vieilles Vignes 2012", "statistics": {"status": "BelowThreshold", "ratings_count": 1, "ratings_average": 0, "labels_count": 6, "reviews_count": 0}, "year": 2012, "grapes": null, "has_valid_ratings": false}, {"id": 159879367, "seo_name": "laurent-miquel-chateau-cazal-viel-vieilles-vignes-2011", "name": "Laurent Miquel Ch\u00e2teau Cazal Viel Vieilles Vignes 2011", "statistics": {"status": "BelowThreshold", "ratings_count": 0, "ratings_average": 0, "labels_count": 4, "reviews_count": 0}, "year": 2011, "grapes": null, "has_valid_ratings": false}, {"id": 168088746, "seo_name": "laurent-miquel-chateau-cazal-viel-vieilles-vignes-2010", "name": "Laurent Miquel Ch\u00e2teau Cazal Viel Vieilles Vignes 2010", "statistics": {"status": "BelowThreshold", "ratings_count": 0, "ratings_average": 0, "labels_count": 2, "reviews_count": 0}, "year": 2010, "grapes": null, "has_valid_ratings": false}, {"id": 158428648, "seo_name": "laurent-miquel-chateau-cazal-viel-vieilles-vignes-2009", "name": "Laurent Miquel Ch\u00e2teau Cazal Viel Vieilles Vignes 2009", "statistics": {"status": "BelowThreshold", "ratings_count": 0, "ratings_average": 0, "labels_count": 8, "reviews_count": 0}, "year": 2009, "grapes": null, "has_valid_ratings": false}, {"id": 161325716, "seo_name": "laurent-miquel-chateau-cazal-viel-vieilles-vignes-2008", "name": "Laurent Miquel Ch\u00e2teau Cazal Viel Vieilles Vignes 2008", "statistics": {"status": "BelowThreshold", "ratings_count": 0, "ratings_average": 0, "labels_count": 0, "reviews_count": 0}, "year": 2008, "grapes": null, "has_valid_ratings": false}, {"id": 161325713, "seo_name": "laurent-miquel-chateau-cazal-viel-vieilles-vignes-2000", "name": "Laurent Miquel Ch\u00e2teau Cazal Viel Vieilles Vignes 2000", "statistics": {"status": "BelowThreshold", "ratings_count": 0, "ratings_average": 0, "labels_count": 1, "reviews_count": 0}, "year": 2000, "grapes": null, "has_valid_ratings": false}, {"id": 161325708, "seo_name": "laurent-miquel-chateau-cazal-viel-vieilles-vignes-1992", "name": "Laurent Miquel Ch\u00e2teau Cazal Viel Vieilles Vignes 1992", "statistics": {"status": "BelowThreshold", "ratings_count": 0, "ratings_average": 0, "labels_count": 0, "reviews_count": 0}, "year": 1992, "grapes": null, "has_valid_ratings": false}, {"id": 161325711, "seo_name": "laurent-miquel-chateau-cazal-viel-vieilles-vignes-1988", "name": "Laurent Miquel Ch\u00e2teau Cazal Viel Vieilles Vignes 1988", "statistics": {"status": "BelowThreshold", "ratings_count": 0, "ratings_average": 0, "labels_count": 0, "reviews_count": 0}, "year": 1988, "grapes": null, "has_valid_ratings": false}, {"id": 158388526, "seo_name": "laurent-miquel-chateau-cazal-viel-vieilles-vignes-uv", "name": "Laurent Miquel Ch\u00e2teau Cazal Viel Vieilles Vignes", "statistics": {"status": "Normal", "ratings_count": 81, "ratings_average": 3.6, "labels_count": 146, "reviews_count": 12}, "year": 0, "grapes": null, "has_valid_ratings": true}], "description": "", "grapes": [{"id": 1, "name": "Shiraz/Syrah", "seo_name": "shiraz-syrah", "has_detailed_info": true, "wines_count": 551112}, {"id": 75, "name": "Cinsault", "seo_name": "cinsault", "has_detailed_info": false, "wines_count": 49347}], "foods": [{"id": 5, "name": "Pasta", "background_image": {"location": "//images.vivino.com/backgrounds/foods/5_pasta.png", "variations": {"small": "//images.vivino.com/backgrounds/foods/thumbs/5_pasta_932x810.png"}}, "seo_name": null}, {"id": 19, "name": "Vegetarian", "background_image": {"location": "//images.vivino.com/backgrounds/foods/19_vegetarian.png", "variations": {"small": "//images.vivino.com/backgrounds/foods/thumbs/19_vegetarian_932x810.png"}}, "seo_name": "vegetarian"}, {"id": 27, "name": "Appetizers and snacks", "background_image": {"location": "//images.vivino.com/backgrounds/foods/27_appetizers-snacks.png", "variations": {"small": "//images.vivino.com/backgrounds/foods/thumbs/27_appetizers-snacks_932x810.png"}}, "seo_name": null}, {"id": 28, "name": "Lean fish", "background_image": {"location": "//images.vivino.com/backgrounds/foods/28_leanfish.png", "variations": {"small": "//images.vivino.com/backgrounds/foods/thumbs/28_leanfish_932x810.png"}}, "seo_name": null}, {"id": 40, "name": "Aperitif", "background_image": {"location": "//images.vivino.com/backgrounds/foods/40_aperitif.png", "variations": {"small": "//images.vivino.com/backgrounds/foods/thumbs/40_aperitif_932x810.png"}}, "seo_name": null}], "non_vintage": false, "alcohol": 0, "sweetness_id": null, "closure": null, "vintage_mask_raw": null, "updated_at": "2018-09-27T17:05:45Z", "created_at": "2018-09-27T08:45:53Z", "is_first_wine": false, "style": {"id": 95, "seo_name": "languedoc-roussillon-rose", "regional_name": "Languedoc-Roussillon", "varietal_name": "Ros\u00e9", "name": "Languedoc-Roussillon Ros\u00e9", "image": null, "background_image": null, "description": null, "blurb": null, "interesting_facts": null, "body": 4, "body_description": "Full-bodied", "acidity": 3, "acidity_description": "High", "country": {"code": "fr", "name": "France", "native_name": "France", "seo_name": "france", "currency": {"code": "EUR", "name": "Euros", "prefix": "\u20ac", "suffix": null}, "regions_count": 1292, "users_count": 5068363, "wines_count": 542471, "wineries_count": 67002, "most_used_grapes": [{"id": 14, "name": "Pinot Noir", "seo_name": "pinot-noir", "has_detailed_info": true, "wines_count": 572334}, {"id": 10, "name": "Merlot", "seo_name": "merlot", "has_detailed_info": true, "wines_count": 566719}, {"id": 5, "name": "Chardonnay", "seo_name": "chardonnay", "has_detailed_info": true, "wines_count": 604208}]}, "wine_type_id": 4, "food": [{"id": 5, "name": "Pasta", "background_image": {"location": "//images.vivino.com/backgrounds/foods/5_pasta.png", "variations": {"small": "//images.vivino.com/backgrounds/foods/thumbs/5_pasta_932x810.png"}}, "seo_name": null}, {"id": 19, "name": "Vegetarian", "background_image": {"location": "//images.vivino.com/backgrounds/foods/19_vegetarian.png", "variations": {"small": "//images.vivino.com/backgrounds/foods/thumbs/19_vegetarian_932x810.png"}}, "seo_name": "vegetarian"}, {"id": 27, "name": "Appetizers and snacks", "background_image": {"location": "//images.vivino.com/backgrounds/foods/27_appetizers-snacks.png", "variations": {"small": "//images.vivino.com/backgrounds/foods/thumbs/27_appetizers-snacks_932x810.png"}}, "seo_name": null}, {"id": 28, "name": "Lean fish", "background_image": {"location": "//images.vivino.com/backgrounds/foods/28_leanfish.png", "variations": {"small": "//images.vivino.com/backgrounds/foods/thumbs/28_leanfish_932x810.png"}}, "seo_name": null}, {"id": 40, "name": "Aperitif", "background_image": {"location": "//images.vivino.com/backgrounds/foods/40_aperitif.png", "variations": {"small": "//images.vivino.com/backgrounds/foods/thumbs/40_aperitif_932x810.png"}}, "seo_name": null}], "grapes": [{"id": 1, "name": "Shiraz/Syrah", "seo_name": "shiraz-syrah", "has_detailed_info": true, "wines_count": 551112}, {"id": 8, "name": "Grenache", "seo_name": "grenache-noir", "has_detailed_info": true, "wines_count": 240002}, {"id": 22, "name": "Mourvedre", "seo_name": "mourvedre", "has_detailed_info": true, "wines_count": 101132}], "region": {"id": 536, "name": "Languedoc-Roussillon", "name_en": "", "seo_name": "languedoc-roussillon", "country": {"code": "fr", "name": "France", "native_name": "France", "seo_name": "france", "currency": {"code": "EUR", "name": "Euros", "prefix": "\u20ac", "suffix": null}, "regions_count": 1292, "users_count": 5068363, "wines_count": 542471, "wineries_count": 67002, "most_used_grapes": [{"id": 14, "name": "Pinot Noir", "seo_name": "pinot-noir", "has_detailed_info": true, "wines_count": 572334}, {"id": 10, "name": "Merlot", "seo_name": "merlot", "has_detailed_info": true, "wines_count": 566719}, {"id": 5, "name": "Chardonnay", "seo_name": "chardonnay", "has_detailed_info": true, "wines_count": 604208}]}, "parent_id": null, "background_image": {"location": "//images.vivino.com/regions/backgrounds/-iw2xwauQ7GnxGGUkTGolw.jpg", "variations": {"large": "//thumbs.vivino.com/region_backgrounds/-iw2xwauQ7GnxGGUkTGolw_1280x760.jpg", "medium": "//thumbs.vivino.com/region_backgrounds/-iw2xwauQ7GnxGGUkTGolw_600x356.jpg"}}, "statistics": {"wineries_count": 6529, "wines_count": 27892, "sub_regions_count": 21, "parent_regions_count": 0}}}, "has_valid_ratings": true}, "highlights": [{"vintage_id": 158388527, "highlight_type": "best_user_rated", "message": "This vintage rates better than any other year for this wine", "icon": "https://images.vivino.com/highlights/icon/best_user_rated.svg", "metadata": {"price": null, "wine_id": 6705927, "toplist": null, "ws_award": null, "critic_review_id": null, "ratings_average": 3.7, "ratings_count": 18, "vintage_year": "2017", "rank_type": null, "ranks": {"country": {"description": "Rank within France", "total": 2497582, "rank": 613579}, "region": {"description": "Rank within Wine Region", "total": 276712, "rank": 64541}, "winery": {"description": "Rank within Winery", "total": 1357, "rank": 455}, "global": {"description": "Global Rank", "total": 8944596, "rank": 2217597}}, "style": {"id": 95, "seo_name": "languedoc-roussillon-rose", "regional_name": "Languedoc-Roussillon", "varietal_name": "Ros\u00e9", "name": "Languedoc-Roussillon Ros\u00e9", "image": null, "background_image": null, "description": null, "blurb": null, "interesting_facts": null, "body": 4, "body_description": "Full-bodied", "acidity": 3, "acidity_description": "High", "country": {"code": "fr", "name": "France", "native_name": "France", "seo_name": "france", "currency": {"code": "EUR", "name": "Euros", "prefix": "\u20ac", "suffix": null}, "regions_count": 1292, "users_count": 5068363, "wines_count": 542471, "wineries_count": 67002, "most_used_grapes": [{"id": 14, "name": "Pinot Noir", "seo_name": "pinot-noir", "has_detailed_info": true, "wines_count": 572334}, {"id": 10, "name": "Merlot", "seo_name": "merlot", "has_detailed_info": true, "wines_count": 566719}, {"id": 5, "name": "Chardonnay", "seo_name": "chardonnay", "has_detailed_info": true, "wines_count": 604208}]}, "wine_type_id": 4, "food": [{"id": 5, "name": "Pasta", "background_image": {"location": "//images.vivino.com/backgrounds/foods/5_pasta.png", "variations": {"small": "//images.vivino.com/backgrounds/foods/thumbs/5_pasta_932x810.png"}}, "seo_name": null}, {"id": 19, "name": "Vegetarian", "background_image": {"location": "//images.vivino.com/backgrounds/foods/19_vegetarian.png", "variations": {"small": "//images.vivino.com/backgrounds/foods/thumbs/19_vegetarian_932x810.png"}}, "seo_name": "vegetarian"}, {"id": 27, "name": "Appetizers and snacks", "background_image": {"location": "//images.vivino.com/backgrounds/foods/27_appetizers-snacks.png", "variations": {"small": "//images.vivino.com/backgrounds/foods/thumbs/27_appetizers-snacks_932x810.png"}}, "seo_name": null}, {"id": 28, "name": "Lean fish", "background_image": {"location": "//images.vivino.com/backgrounds/foods/28_leanfish.png", "variations": {"small": "//images.vivino.com/backgrounds/foods/thumbs/28_leanfish_932x810.png"}}, "seo_name": null}, {"id": 40, "name": "Aperitif", "background_image": {"location": "//images.vivino.com/backgrounds/foods/40_aperitif.png", "variations": {"small": "//images.vivino.com/backgrounds/foods/thumbs/40_aperitif_932x810.png"}}, "seo_name": null}], "grapes": [{"id": 1, "name": "Shiraz/Syrah", "seo_name": "shiraz-syrah", "has_detailed_info": true, "wines_count": 551112}, {"id": 8, "name": "Grenache", "seo_name": "grenache-noir", "has_detailed_info": true, "wines_count": 240002}, {"id": 22, "name": "Mourvedre", "seo_name": "mourvedre", "has_detailed_info": true, "wines_count": 101132}], "region": {"id": 536, "name": "Languedoc-Roussillon", "name_en": "", "seo_name": "languedoc-roussillon", "country": {"code": "fr", "name": "France", "native_name": "France", "seo_name": "france", "currency": {"code": "EUR", "name": "Euros", "prefix": "\u20ac", "suffix": null}, "regions_count": 1292, "users_count": 5068363, "wines_count": 542471, "wineries_count": 67002, "most_used_grapes": [{"id": 14, "name": "Pinot Noir", "seo_name": "pinot-noir", "has_detailed_info": true, "wines_count": 572334}, {"id": 10, "name": "Merlot", "seo_name": "merlot", "has_detailed_info": true, "wines_count": 566719}, {"id": 5, "name": "Chardonnay", "seo_name": "chardonnay", "has_detailed_info": true, "wines_count": 604208}]}, "parent_id": null, "background_image": {"location": "//images.vivino.com/regions/backgrounds/-iw2xwauQ7GnxGGUkTGolw.jpg", "variations": {"large": "//thumbs.vivino.com/region_backgrounds/-iw2xwauQ7GnxGGUkTGolw_1280x760.jpg", "medium": "//thumbs.vivino.com/region_backgrounds/-iw2xwauQ7GnxGGUkTGolw_600x356.jpg"}}, "statistics": {"wineries_count": 6529, "wines_count": 27892, "sub_regions_count": 21, "parent_regions_count": 0}}}}, "vintage_year": 2017}], "recommended_vintages": [{"vintage": {"id": 158388527, "seo_name": "laurent-miquel-chateau-cazal-viel-vieilles-vignes-2017", "name": "Laurent Miquel Ch\u00e2teau Cazal Viel Vieilles Vignes 2017", "statistics": {"status": "Normal", "ratings_count": 18, "ratings_average": 3.7, "labels_count": 171, "reviews_count": 7}, "year": 2017, "grapes": null, "has_valid_ratings": true}, "type": "best_user_rated", "highlight_icon": "https://images.vivino.com/highlights/icon/best_user_rated.svg", "price": null}], "prices_and_availabilities": [], "price_range": {"currency": {"code": "EUR", "name": "Euros", "prefix": "\u20ac", "suffix": null}, "price_range": {"minimum": 0, "maximum": 500, "currency_code": "EUR"}, "defaults": {"minimum": 7, "maximum": 30, "currency_code": "EUR"}}, "subtotal_price": null}