Unnamed: 0.1,Unnamed: 0.1.1,Unnamed: 0.1.1.1,Unnamed: 0.1.1.1.1,datetime,link,local_id
0.0,0.0,0.0,0.0,1643101993.8867788,/DE/en/wines/15795520,847
2.0,2.0,2.0,2.0,1643101993.91404,/DE/en/wines/43638096,847
6.0,6.0,6.0,6.0,1643102076.026274,/DE/en/wines/2230571,3
8.0,8.0,8.0,8.0,1643102076.0344489,/DE/en/wines/3714957,3
9.0,9.0,9.0,9.0,1643102079.208286,/DE/en/wines/1856879,68
11.0,11.0,11.0,11.0,1643102079.216222,/DE/en/wines/1657773,68
12.0,12.0,12.0,12.0,1643102081.680655,/DE/en/wines/3187326,937
14.0,14.0,14.0,14.0,1643102081.688138,/DE/en/wines/124391195,937
15.0,15.0,15.0,15.0,1643102083.8603709,/DE/en/wines/1514728,401
17.0,17.0,17.0,17.0,1643102083.867882,/DE/en/wines/163060532,401
18.0,18.0,18.0,18.0,1643102086.849225,/DE/en/wines/3572961,675
20.0,20.0,20.0,20.0,1643102086.856736,/DE/en/wines/4901418,675
21.0,21.0,21.0,21.0,1643102089.163594,/DE/en/wines/2181419,31
23.0,23.0,23.0,23.0,1643102089.171107,/DE/en/wines/9296878,31
24.0,24.0,24.0,24.0,1643102091.747766,/DE/en/wines/3092593,255
26.0,26.0,26.0,26.0,1643102091.7560089,/DE/en/wines/2437313,255
36.0,36.0,36.0,36.0,1643102102.389685,/DE/en/wines/4901412,596
38.0,38.0,38.0,38.0,1643102102.3987122,/DE/en/wines/156693957,596
39.0,39.0,39.0,39.0,1643102104.9209611,/DE/en/wines/149987659,158
41.0,41.0,41.0,41.0,1643102104.9284182,/DE/en/wines/157161705,158
42.0,42.0,42.0,42.0,1643102107.373334,/DE/en/wines/164943191,917
44.0,44.0,44.0,44.0,1643102107.380943,/DE/en/wines/6383857,917
45.0,45.0,45.0,45.0,1643102109.844673,/DE/en/wines/2469761,524
47.0,47.0,47.0,47.0,1643102109.852265,/DE/en/wines/3091893,524
48.0,48.0,48.0,48.0,1643102112.162839,/DE/en/wines/166739749,387
50.0,50.0,50.0,50.0,1643102112.170387,/DE/en/wines/16708273,387
51.0,51.0,51.0,51.0,1643102113.9916968,/DE/en/wines/156822446,104
53.0,53.0,53.0,53.0,1643102116.163423,/DE/en/wines/1557114,228
55.0,55.0,55.0,55.0,1643102116.170891,/DE/en/wines/2195409,228
59.0,59.0,59.0,59.0,1643102121.2341702,/DE/en/wines/1856407,246
61.0,61.0,61.0,61.0,1643102121.241614,/DE/en/wines/7965711,246
65.0,65.0,65.0,65.0,1643102125.101569,/DE/en/wines/163790754,495
69.0,69.0,69.0,69.0,1643102129.513257,/DE/en/wines/4723202,260
71.0,71.0,71.0,71.0,1643102129.520996,/DE/en/wines/4723220,260
72.0,72.0,72.0,72.0,1643102131.640062,/DE/en/wines/2258707,374
74.0,74.0,74.0,74.0,1643102131.647973,/DE/en/wines/4729992,374
78.0,78.0,78.0,78.0,1643102136.042374,/DE/en/wines/155767209,162
80.0,80.0,80.0,80.0,1643102136.051557,/DE/en/wines/165917065,162
84.0,84.0,84.0,84.0,1643102140.398575,/DE/en/wines/3899337,1
86.0,86.0,86.0,86.0,1643102142.968634,/DE/en/wines/4729383,566
88.0,88.0,88.0,88.0,1643102142.983118,/DE/en/wines/4276140,566
92.0,92.0,92.0,92.0,1643102148.060575,/DE/en/wines/144172959,633
94.0,94.0,94.0,94.0,1643102148.070466,/DE/en/wines/1897136,633
98.0,98.0,98.0,98.0,1643102154.562877,/DE/en/wines/4820573,640
100.0,100.0,100.0,100.0,1643102154.586602,/DE/en/wines/23729404,640
101.0,101.0,101.0,101.0,1643102157.589859,/DE/en/wines/167191462,364
103.0,103.0,103.0,103.0,1643102157.608664,/DE/en/wines/9609853,364
104.0,104.0,104.0,104.0,1643102160.1981828,/DE/en/wines/4851685,864
106.0,106.0,106.0,106.0,1643102160.227896,/DE/en/wines/4225307,864
113.0,113.0,113.0,113.0,1643102168.547758,/DE/en/wines/6408051,542
115.0,115.0,115.0,115.0,1643102168.557347,/DE/en/wines/2725682,542
119.0,119.0,119.0,119.0,1643102172.991851,/DE/en/wines/150728136,586
121.0,121.0,121.0,121.0,1643102173.000514,/DE/en/wines/156854191,586
128.0,128.0,128.0,128.0,1643102180.064212,/DE/en/wines/4485278,517
130.0,130.0,130.0,130.0,1643102180.073062,/DE/en/wines/2582533,517
131.0,131.0,131.0,131.0,1643102182.648741,/DE/en/wines/3487935,125
133.0,133.0,133.0,133.0,1643102182.66396,/DE/en/wines/164487842,125
134.0,134.0,134.0,134.0,1643102184.873445,/DE/en/wines/156541290,869
136.0,136.0,136.0,136.0,1643102184.886555,/DE/en/wines/149887448,869
140.0,140.0,140.0,140.0,1643102189.1875122,/DE/en/wines/168101807,43
142.0,142.0,142.0,142.0,1643102189.195414,/DE/en/wines/2702607,43
143.0,143.0,143.0,143.0,1643102191.239176,/DE/en/wines/4901401,620
149.0,149.0,149.0,149.0,1643102195.765461,/DE/en/wines/43636341,876
170.0,170.0,170.0,170.0,1643102212.0773911,/DE/en/wines/2537027,537
172.0,172.0,172.0,172.0,1643102212.085761,/DE/en/wines/4903784,537
173.0,173.0,173.0,173.0,1643102213.864966,/DE/en/wines/2280566,896
175.0,175.0,175.0,175.0,1643102213.872512,/DE/en/wines/1936991,896
181.0,181.0,181.0,,1643109258.8682098,/DE/de/wines/4723202,61
183.0,183.0,183.0,,1643109258.886812,/DE/de/wines/4723220,61
187.0,187.0,187.0,,1643109273.040899,/DE/de/wines/43637322,836
189.0,189.0,189.0,,1643109273.049699,/DE/de/wines/4733790,836
196.0,196.0,196.0,,1643109292.78352,/DE/de/wines/19418818,540
198.0,198.0,198.0,,1643109292.794333,/DE/de/wines/22425725,540
199.0,199.0,199.0,,1643109299.148947,/DE/de/wines/4685354,535
201.0,201.0,201.0,,1643109299.1585448,/DE/de/wines/15848453,535
202.0,202.0,202.0,,1643109305.6817422,/DE/de/wines/170020687,24
204.0,204.0,204.0,,1643109305.6905642,/DE/de/wines/24150810,24
205.0,205.0,205.0,,1643109311.82363,/DE/de/wines/1754446,6
207.0,207.0,207.0,,1643109318.1331892,/DE/de/wines/43639440,883
209.0,209.0,209.0,,1643109318.142874,/DE/de/wines/1903174,883
216.0,216.0,216.0,,1643109338.006007,/DE/de/wines/1647305,467
218.0,218.0,218.0,,1643109338.014666,/DE/de/wines/1628249,467
219.0,219.0,219.0,,1643109344.5457752,/DE/de/wines/156272805,656
221.0,221.0,221.0,,1643109344.555767,/DE/de/wines/161974536,656
225.0,225.0,225.0,,1643109357.6549451,/DE/de/wines/156541290,654
227.0,227.0,227.0,,1643109357.6649978,/DE/de/wines/149887448,654
231.0,231.0,231.0,,1643109370.363445,/DE/de/wines/168101807,161
233.0,233.0,233.0,,1643109370.373853,/DE/de/wines/2702607,161
236.0,236.0,236.0,,1643109376.9474628,/DE/de/wines/170112330,0
237.0,237.0,237.0,,1643109383.4496908,/DE/de/wines/43636341,707
239.0,239.0,239.0,,1643109383.459865,/DE/de/wines/15795520,707
246.0,246.0,246.0,,1643109403.436518,/DE/de/wines/4851685,774
248.0,248.0,248.0,,1643109403.447057,/DE/de/wines/4864034,774
252.0,252.0,252.0,,1643109417.160579,/DE/de/wines/2537027,538
254.0,254.0,254.0,,1643109417.169879,/DE/de/wines/4903784,538
255.0,255.0,255.0,,1643109423.9406762,/DE/de/wines/2244062,338
257.0,257.0,257.0,,1643109423.949435,/DE/de/wines/1856407,338
258.0,258.0,258.0,,1643109430.959805,/DE/de/wines/16915113,285
260.0,260.0,260.0,,1643109430.968695,/DE/de/wines/1507702,285
264.0,264.0,264.0,,1643109443.301782,/DE/de/wines/3662498,575
266.0,266.0,266.0,,1643109443.311972,/DE/de/wines/15736244,575
272.0,272.0,272.0,,1643109456.2048588,/DE/de/wines/43638096,888
279.0,279.0,279.0,,1643109475.2909791,/DE/de/wines/2227090,34
281.0,281.0,281.0,,1643109475.301827,/DE/de/wines/163166068,34
282.0,282.0,282.0,,1643109481.944333,/DE/de/wines/2353295,782
284.0,284.0,284.0,,1643109481.9530208,/DE/de/wines/17695385,782
288.0,288.0,288.0,,1643109495.464683,/DE/de/wines/4901401,649
290.0,290.0,290.0,,1643109495.475293,/DE/de/wines/3572961,649
294.0,294.0,294.0,,1643109508.273658,/DE/de/wines/154962121,369
296.0,296.0,296.0,,1643109508.28273,/DE/de/wines/4730003,369
297.0,297.0,297.0,,1643109514.623152,/DE/de/wines/157161705,735
299.0,299.0,299.0,,1643109514.631946,/DE/de/wines/152584847,735
300.0,300.0,300.0,,1643109521.1510851,/DE/de/wines/82924626,906
302.0,302.0,302.0,,1643109521.159777,/DE/de/wines/15651119,906
303.0,303.0,303.0,,1643109527.4909,/DE/de/wines/113057467,424
305.0,305.0,305.0,,1643109527.499603,/DE/de/wines/161911640,424
309.0,309.0,309.0,,1643109540.3124712,/DE/de/wines/4758364,393
311.0,311.0,311.0,,1643109540.322027,/DE/de/wines/4758383,393
318.0,318.0,318.0,,1643109561.460204,/DE/de/wines/90087649,481
320.0,320.0,320.0,,1643109561.468798,/DE/de/wines/157788920,481
321.0,321.0,321.0,,1643109567.871895,/DE/de/wines/151587754,657
323.0,323.0,323.0,,1643109567.880883,/DE/de/wines/4195069,657
333.0,333.0,333.0,,1643109594.618625,/DE/de/wines/167340345,699
335.0,335.0,335.0,,1643109594.627249,/DE/de/wines/16066437,699
336.0,336.0,336.0,,1643109602.366786,/DE/de/wines/4982407,356
338.0,338.0,338.0,,1643109602.375423,/DE/de/wines/148469633,356
339.0,339.0,339.0,,1643109609.160349,/DE/de/wines/1485036,754
341.0,341.0,341.0,,1643109609.16984,/DE/de/wines/1911955,754
345.0,345.0,345.0,,1643109622.524174,/DE/de/wines/4728501,722
347.0,347.0,347.0,,1643109622.533133,/DE/de/wines/155505937,722
351.0,351.0,351.0,,1643109634.891744,/DE/de/wines/1866366,149
353.0,353.0,353.0,,1643109634.902092,/DE/de/wines/1621097,149
357.0,357.0,357.0,,1643109648.351757,/DE/de/wines/1518668,67
359.0,359.0,359.0,,1643109648.360349,/DE/de/wines/1657773,67
360.0,360.0,360.0,,1643109667.4140868,/DE/de/wines/4915196,385
362.0,362.0,362.0,,1643109667.4246,/DE/de/wines/15701651,385
363.0,363.0,363.0,,1643109674.668994,/DE/de/wines/1528937,230
367.0,367.0,367.0,,1643109688.200432,/DE/de/wines/3916504,49
369.0,369.0,369.0,,1643109688.209465,/DE/de/wines/1515717,49
373.0,373.0,373.0,,1643109700.9662888,/DE/de/wines/2955658,324
375.0,375.0,375.0,,1643109707.65403,/DE/de/wines/161741081,582
377.0,377.0,377.0,,1643109707.6627378,/DE/de/wines/1526859,582
378.0,378.0,378.0,,1643109714.2093198,/DE/de/wines/158120633,879
380.0,380.0,380.0,,1643109714.218343,/DE/de/wines/4818447,879
387.0,387.0,387.0,,1643109734.047669,/DE/de/wines/149727759,882
389.0,389.0,389.0,,1643109734.059117,/DE/de/wines/152068920,882
393.0,393.0,393.0,,1643109747.295752,/DE/de/wines/1559832,106
395.0,395.0,395.0,,1643109747.304471,/DE/de/wines/145126973,106
399.0,399.0,399.0,,1643109762.252524,/DE/de/wines/158776341,379
401.0,401.0,401.0,,1643109762.2611089,/DE/de/wines/170533742,379
423.0,423.0,423.0,,1643109813.742728,/DE/de/wines/170585397,629
425.0,425.0,425.0,,1643109813.751599,/DE/de/wines/154224716,629
426.0,426.0,426.0,,1643109820.322958,/DE/de/wines/4730004,682
428.0,428.0,428.0,,1643109820.332984,/DE/de/wines/2748360,682
429.0,429.0,429.0,,1643109826.646618,/DE/de/wines/4163876,577
431.0,431.0,431.0,,1643109826.656628,/DE/de/wines/4758356,577
435.0,435.0,435.0,,1643109839.578649,/DE/de/wines/2211231,57
439.0,439.0,439.0,,1643109852.2939498,/DE/de/wines/149391457,926
441.0,441.0,441.0,,1643109852.302609,/DE/de/wines/3962824,926
442.0,442.0,442.0,,1643109858.90524,/DE/de/wines/4826741,520
444.0,444.0,444.0,,1643109858.915875,/DE/de/wines/169411356,520
445.0,445.0,445.0,,1643109865.6690502,/DE/de/wines/1516852,95
448.0,448.0,448.0,,1643109872.250182,/DE/de/wines/4775389,352
450.0,450.0,450.0,,1643109872.260737,/DE/de/wines/3874251,352
451.0,451.0,451.0,,1643109878.939921,/DE/de/wines/167191462,33
453.0,453.0,453.0,,1643109878.9503958,/DE/de/wines/1500250,33
454.0,454.0,454.0,,1643109885.6437602,/DE/de/wines/1759850,686
456.0,456.0,456.0,,1643109885.653512,/DE/de/wines/2258707,686
463.0,463.0,463.0,,1643109905.130197,/DE/de/wines/15655498,560
465.0,465.0,465.0,,1643109905.140141,/DE/de/wines/151186953,560
466.0,466.0,466.0,,1643109911.535887,/DE/de/wines/1918573,139
468.0,468.0,468.0,,1643109911.5457869,/DE/de/wines/3909098,139
469.0,469.0,469.0,,1643109918.158344,/DE/de/wines/4710461,685
471.0,471.0,471.0,,1643109918.167158,/DE/de/wines/26894647,685
478.0,478.0,478.0,,1643109937.305085,/DE/de/wines/158126062,528
480.0,480.0,480.0,,1643109937.3137238,/DE/de/wines/161460832,528
481.0,481.0,481.0,,1643109943.404416,/DE/de/wines/1527116,731
485.0,485.0,485.0,,1643109949.916209,/DE/de/wines/5022894,435
486.0,486.0,486.0,,1643109956.293175,/DE/de/wines/1815895,191
488.0,488.0,488.0,,1643109956.3027048,/DE/de/wines/1855862,191
501.0,501.0,501.0,,1643109989.884191,/DE/de/wines/3279573,585
503.0,503.0,503.0,,1643109989.892832,/DE/de/wines/2022381,585
504.0,504.0,504.0,,1643109996.481667,/DE/de/wines/4826707,469
506.0,506.0,506.0,,1643109996.490404,/DE/de/wines/160199812,469
509.0,509.0,509.0,,1643110003.380207,/DE/de/wines/4787134,353
510.0,510.0,510.0,,1643110010.030331,/DE/de/wines/3483357,741
512.0,512.0,512.0,,1643110010.03921,/DE/de/wines/2448869,741
516.0,516.0,516.0,,1643110023.4147232,/DE/de/wines/144455393,350
518.0,518.0,518.0,,1643110023.423778,/DE/de/wines/19112365,350
521.0,521.0,521.0,,1643110030.739468,/DE/de/wines/158903317,462
528.0,528.0,528.0,,1643110050.482646,/DE/de/wines/160457098,664
530.0,530.0,530.0,,1643110050.491439,/DE/de/wines/159426042,664
534.0,534.0,534.0,,1643110064.377496,/DE/de/wines/2198236,755
536.0,536.0,536.0,,1643110064.386284,/DE/de/wines/4746318,755
542.0,542.0,542.0,,1643110077.288793,/DE/de/wines/2288190,58
555.0,555.0,555.0,,1643110109.53405,/DE/de/wines/4733757,801
573.0,573.0,573.0,,1643110148.7487109,/DE/de/wines/8902172,736
575.0,575.0,575.0,,1643110148.7577732,/DE/de/wines/13339194,736
576.0,576.0,576.0,,1643110155.274179,/DE/de/wines/1542726,282
579.0,579.0,,,1643110257.763915,/DE/en/wines/1542726,298
581.0,581.0,,,1643110257.778191,/DE/en/wines/1507702,298
582.0,582.0,,,1643110264.734505,/DE/en/wines/156035558,663
584.0,584.0,,,1643110264.743783,/DE/en/wines/154816178,663
588.0,588.0,,,1643110278.703887,/DE/en/wines/118764769,756
590.0,590.0,,,1643110278.7129989,/DE/en/wines/170520008,756
594.0,594.0,,,1643110292.674806,/DE/en/wines/154330263,757
596.0,596.0,,,1643110292.684145,/DE/en/wines/2353295,757
600.0,600.0,,,1643110306.271656,/DE/en/wines/10792022,444
602.0,602.0,,,1643110306.28085,/DE/en/wines/4337811,444
603.0,603.0,,,1643110313.014844,/DE/en/wines/1513233,5
607.0,607.0,,,1643110319.709512,/DE/en/wines/2720603,908
608.0,608.0,,,1643110326.157294,/DE/en/wines/82924626,897
610.0,610.0,,,1643110326.166635,/DE/en/wines/15651119,897
611.0,611.0,,,1643110332.581792,/DE/en/wines/4710461,427
613.0,613.0,,,1643110332.5911748,/DE/en/wines/26894647,427
620.0,620.0,,,1643110351.77557,/DE/en/wines/157547004,610
622.0,622.0,,,1643110351.78477,/DE/en/wines/154707656,610
623.0,623.0,,,1643110358.496351,/DE/en/wines/168246452,209
625.0,625.0,,,1643110358.5058272,/DE/en/wines/151811730,209
629.0,629.0,,,1643110370.7939851,/DE/en/wines/1734564,909
631.0,631.0,,,1643110377.686638,/DE/en/wines/168047871,561
633.0,633.0,,,1643110377.695713,/DE/en/wines/3347685,561
634.0,634.0,,,1643110384.07422,/DE/en/wines/4730004,571
636.0,636.0,,,1643110384.083415,/DE/en/wines/2748360,571
640.0,640.0,,,1643110397.639532,/DE/en/wines/4758364,392
642.0,642.0,,,1643110397.649014,/DE/en/wines/4758383,392
645.0,645.0,,,1643110403.945011,/DE/en/wines/4709823,553
646.0,646.0,,,1643110410.438038,/DE/en/wines/1759850,592
652.0,652.0,,,1643110422.961762,/DE/en/wines/24150810,739
654.0,654.0,,,1643110429.056171,/DE/en/wines/1743701,930
656.0,656.0,,,1643110435.647413,/DE/en/wines/2429356,765
658.0,658.0,,,1643110435.656533,/DE/en/wines/13938876,765
665.0,665.0,,,1643110455.175767,/DE/en/wines/2128046,408
667.0,667.0,,,1643110455.1849642,/DE/en/wines/9073397,408
668.0,668.0,,,1643110461.796609,/DE/en/wines/167340345,698
670.0,670.0,,,1643110461.80569,/DE/en/wines/16066437,698
671.0,671.0,,,1643110468.510562,/DE/en/wines/2225115,505
673.0,673.0,,,1643110468.519888,/DE/en/wines/1942205,505
674.0,674.0,,,1643110475.15052,/DE/en/wines/10956654,638
676.0,676.0,,,1643110475.159644,/DE/en/wines/35489139,638
683.0,683.0,,,1643110495.41358,/DE/en/wines/1545243,532
685.0,685.0,,,1643110495.424434,/DE/en/wines/160480666,532
686.0,686.0,,,1643110501.976047,/DE/en/wines/2105687,519
688.0,688.0,,,1643110501.9852622,/DE/en/wines/20873967,519
689.0,689.0,,,1643110508.687284,/DE/en/wines/4381401,673
691.0,691.0,,,1643110508.696372,/DE/en/wines/4755205,673
692.0,692.0,,,1643110515.459862,/DE/en/wines/155358707,52
694.0,694.0,,,1643110515.468957,/DE/en/wines/49451943,52
695.0,695.0,,,1643110522.05548,/DE/en/wines/4756477,443
697.0,697.0,,,1643110522.0649118,/DE/en/wines/143996198,443
698.0,698.0,,,1643110528.574386,/DE/en/wines/160769440,419
700.0,700.0,,,1643110528.583504,/DE/en/wines/1703140,419
703.0,703.0,,,1643110535.013286,/DE/en/wines/147341244,607
707.0,707.0,,,1643110547.7017012,/DE/en/wines/17628576,112
709.0,709.0,,,1643110547.711023,/DE/en/wines/1769096,112
710.0,710.0,,,1643110554.645087,/DE/en/wines/103945266,198
712.0,712.0,,,1643110554.654201,/DE/en/wines/2464453,198
719.0,719.0,,,1643110574.481417,/DE/en/wines/2045909,856
721.0,721.0,,,1643110574.4905128,/DE/en/wines/43639440,856
728.0,728.0,,,1643110593.134815,/DE/en/wines/4723216,297
730.0,730.0,,,1643110593.1445189,/DE/en/wines/158388557,297
737.0,737.0,,,1643110611.47062,/DE/en/wines/159955717,601
744.0,744.0,,,1643110624.698718,/DE/en/wines/164942889,920
745.0,745.0,,,1643110631.1852438,/DE/en/wines/3916504,264
747.0,747.0,,,1643110631.194326,/DE/en/wines/1515717,264
748.0,748.0,,,1643110638.118178,/DE/en/wines/4063194,464
750.0,750.0,,,1643110638.127282,/DE/en/wines/144989859,464
754.0,754.0,,,1643110651.4828842,/DE/en/wines/4723207,190
756.0,756.0,,,1643110651.49194,/DE/en/wines/2789359,190
757.0,757.0,,,1643110658.938049,/DE/en/wines/163809538,819
759.0,759.0,,,1643110658.947147,/DE/en/wines/159097720,819
763.0,763.0,,,1643110671.7551649,/DE/en/wines/5843232,413
765.0,765.0,,,1643110671.76421,/DE/en/wines/2293051,413
766.0,766.0,,,1643110678.319793,/DE/en/wines/5434797,15
768.0,768.0,,,1643110678.3288152,/DE/en/wines/146451376,15
772.0,772.0,,,1643110691.447624,/DE/en/wines/4724749,365
774.0,774.0,,,1643110691.456699,/DE/en/wines/4939354,365
775.0,775.0,,,1643110697.7474592,/DE/en/wines/159007462,829
777.0,777.0,,,1643110697.756498,/DE/en/wines/15537722,829
780.0,780.0,,,1643110704.218184,/DE/en/wines/156685130,574
784.0,784.0,,,1643110716.81866,/DE/en/wines/3013890,907
787.0,787.0,,,1643110723.488642,/DE/en/wines/1515494,166
789.0,789.0,,,1643110723.497675,/DE/en/wines/164180391,166
790.0,790.0,,,1643110730.072648,/DE/en/wines/4678510,483
792.0,792.0,,,1643110730.081695,/DE/en/wines/1677514,483
793.0,793.0,,,1643110736.1327622,/DE/en/wines/3778001,135
795.0,795.0,,,1643110736.1429582,/DE/en/wines/3321417,135
796.0,796.0,,,1643110742.723725,/DE/en/wines/2677553,728
798.0,798.0,,,1643110742.733734,/DE/en/wines/49965430,728
799.0,799.0,,,1643110749.3036969,/DE/en/wines/2729939,196
801.0,801.0,,,1643110749.313165,/DE/en/wines/2936323,196
811.0,811.0,,,1643110775.715098,/DE/en/wines/4845527,348
813.0,813.0,,,1643110775.724179,/DE/en/wines/4866038,348
814.0,814.0,,,1643110781.669499,/DE/en/wines/164942610,929
816.0,816.0,,,1643110781.678865,/DE/en/wines/1469405,929
817.0,817.0,,,1643110788.341558,/DE/en/wines/4901433,599
819.0,819.0,,,1643110788.350673,/DE/en/wines/83844478,599
823.0,823.0,,,1643110802.279099,/DE/en/wines/1490158,36
825.0,825.0,,,1643110802.288161,/DE/en/wines/2033272,36
826.0,826.0,,,1643110809.198545,/DE/en/wines/1658093,670
828.0,828.0,,,1643110809.207629,/DE/en/wines/165301160,670
829.0,829.0,,,1643110815.7784462,/DE/en/wines/10332389,714
831.0,831.0,,,1643110815.7878258,/DE/en/wines/165238304,714
832.0,832.0,,,1643110821.953112,/DE/en/wines/104956133,76
834.0,834.0,,,1643110828.6334531,/DE/en/wines/4725201,156
836.0,836.0,,,1643110828.642533,/DE/en/wines/1695543,156
837.0,837.0,,,1643110835.191762,/DE/en/wines/152926805,32
839.0,839.0,,,1643110835.201024,/DE/en/wines/3455122,32
840.0,840.0,,,1643110841.763788,/DE/en/wines/4774943,624
842.0,842.0,,,1643110841.77284,/DE/en/wines/4774953,624
843.0,843.0,,,1643110848.2968352,/DE/en/wines/157987829,482
845.0,845.0,,,1643110848.306025,/DE/en/wines/148230764,482
846.0,846.0,,,1643110854.951796,/DE/en/wines/2610009,895
848.0,848.0,,,1643110854.9608262,/DE/en/wines/167278453,895
849.0,849.0,,,1643110861.796507,/DE/en/wines/16713144,923
851.0,851.0,,,1643110861.8056,/DE/en/wines/26955026,923
852.0,852.0,,,1643110868.2938712,/DE/en/wines/1486344,140
854.0,854.0,,,1643110868.302955,/DE/en/wines/1824174,140
857.0,857.0,,,1643110874.61761,/DE/en/wines/145214263,853
864.0,864.0,,,1643110894.048269,/DE/en/wines/158321090,425
866.0,866.0,,,1643110894.058571,/DE/en/wines/36663702,425
869.0,869.0,,,1643110900.3187149,/DE/en/wines/4775888,488
873.0,873.0,,,1643110912.945457,/DE/en/wines/2145887,523
875.0,875.0,,,1643110912.9549482,/DE/en/wines/4826739,523
876.0,876.0,,,1643110919.480559,/DE/en/wines/159715292,380
878.0,878.0,,,1643110919.4896278,/DE/en/wines/153372045,380
879.0,879.0,,,1643110926.159001,/DE/en/wines/4826741,521
881.0,881.0,,,1643110926.1680598,/DE/en/wines/3108086,521
882.0,882.0,,,1643110932.745427,/DE/en/wines/1496773,939
884.0,884.0,,,1643110932.7544472,/DE/en/wines/1554770,939
885.0,885.0,,,1643110939.114125,/DE/en/wines/158007722,420
887.0,887.0,,,1643110939.123172,/DE/en/wines/167479568,420
888.0,888.0,,,1643110945.766783,/DE/en/wines/2105369,206
890.0,890.0,,,1643110945.775908,/DE/en/wines/1594857,206
891.0,891.0,,,1643110952.001282,/DE/en/wines/1846387,341
893.0,893.0,,,1643110958.711793,/DE/en/wines/8383822,470
895.0,895.0,,,1643110958.720899,/DE/en/wines/4986465,470
899.0,899.0,,,1643110971.861444,/DE/en/wines/158866242,359
901.0,901.0,,,1643110971.870612,/DE/en/wines/1495917,359
902.0,902.0,,,1643110978.592337,/DE/en/wines/4856461,768
904.0,904.0,,,1643110978.6015182,/DE/en/wines/167279979,768
908.0,908.0,,,1643110991.320359,/DE/en/wines/4728455,700
910.0,910.0,,,1643110991.3294458,/DE/en/wines/159123971,700
911.0,911.0,,,1643110998.101864,/DE/en/wines/155142442,504
913.0,913.0,,,1643110998.110933,/DE/en/wines/5017979,504
914.0,914.0,,,1643111004.679067,/DE/en/wines/162028529,414
916.0,916.0,,,1643111004.6880782,/DE/en/wines/164360211,414
920.0,920.0,,,1643111017.186183,/DE/en/wines/1571115,81
922.0,922.0,,,1643111017.195252,/DE/en/wines/168057984,81
923.0,923.0,,,1643111023.945833,/DE/en/wines/2527189,309
925.0,925.0,,,1643111023.954981,/DE/en/wines/157824711,309
926.0,926.0,,,1643111030.6908622,/DE/en/wines/15756514,355
928.0,928.0,,,1643111030.699937,/DE/en/wines/167735179,355
929.0,929.0,,,1643111036.641473,/DE/en/wines/1646436,332
931.0,931.0,,,1643111043.142557,/DE/en/wines/168590068,476
933.0,933.0,,,1643111043.151597,/DE/en/wines/4767915,476
934.0,934.0,,,1643111049.950279,/DE/en/wines/154538351,458
936.0,936.0,,,1643111049.9595442,/DE/en/wines/2785345,458
937.0,937.0,,,1643111056.510994,/DE/en/wines/111096278,449
939.0,939.0,,,1643111056.520013,/DE/en/wines/144541755,449
943.0,943.0,,,1643111069.899404,/DE/en/wines/152313242,880
945.0,945.0,,,1643111069.9084349,/DE/en/wines/158924716,880
952.0,952.0,,,1643111089.835871,/DE/en/wines/157376858,696
954.0,954.0,,,1643111089.845338,/DE/en/wines/18926214,696
958.0,958.0,,,1643111103.46617,/DE/en/wines/147286810,894
960.0,960.0,,,1643111103.475352,/DE/en/wines/159714463,894
961.0,961.0,,,1643111110.092373,/DE/en/wines/4826729,473
963.0,963.0,,,1643111110.1016388,/DE/en/wines/4826724,473
964.0,964.0,,,1643111116.742014,/DE/en/wines/162253541,434
966.0,966.0,,,1643111116.751076,/DE/en/wines/152250328,434
967.0,967.0,,,1643111125.443317,/DE/en/wines/4728420,460
969.0,969.0,,,1643111125.454758,/DE/en/wines/157022238,460
976.0,976.0,,,1643111144.7111602,/DE/en/wines/1557346,900
978.0,978.0,,,1643111151.435544,/DE/en/wines/1783754,466
980.0,980.0,,,1643111151.444729,/DE/en/wines/3118704,466
981.0,981.0,,,1643111158.344415,/DE/en/wines/15720460,436
983.0,983.0,,,1643111158.353621,/DE/en/wines/161673397,436
984.0,984.0,,,1643111164.6063108,/DE/en/wines/4895802,878
986.0,986.0,,,1643111164.6154728,/DE/en/wines/4720977,878
993.0,993.0,,,1643111183.652642,/DE/en/wines/156550922,677
995.0,995.0,,,1643111183.661858,/DE/en/wines/6304648,677
996.0,996.0,,,1643111190.0753338,/DE/en/wines/158954879,702
999.0,999.0,,,1643111196.73798,/DE/en/wines/157591776,201
1001.0,1001.0,,,1643111196.74703,/DE/en/wines/1672010,201
1005.0,1005.0,,,1643111209.849162,/DE/en/wines/169411356,404
1007.0,1007.0,,,1643111209.858636,/DE/en/wines/5022894,404
1008.0,1008.0,,,1643111216.804258,/DE/en/wines/3024589,660
1010.0,1010.0,,,1643111216.813309,/DE/en/wines/4901430,660
1014.0,1014.0,,,1643111233.721421,/DE/en/wines/152794236,18
1016.0,1016.0,,,1643111233.730491,/DE/en/wines/23010687,18
1020.0,1020.0,,,1643111246.141154,/DE/en/wines/4679233,93
1022.0,1022.0,,,1643111246.150267,/DE/en/wines/1330286,93
1023.0,1023.0,,,1643111252.611448,/DE/en/wines/4849004,456
1025.0,1025.0,,,1643111252.620532,/DE/en/wines/154883963,456
1026.0,1026.0,,,1643111259.470455,/DE/en/wines/4904228,659
1028.0,1028.0,,,1643111259.479497,/DE/en/wines/145855079,659
1029.0,1029.0,,,1643111265.979038,/DE/en/wines/1469461,133
1031.0,1031.0,,,1643111265.988101,/DE/en/wines/3522660,133
1035.0,1035.0,,,1643111808.295159,/DE/en/wines/143330233,622
1037.0,1037.0,,,1643111808.304205,/DE/en/wines/17499711,622
1038.0,1038.0,,,1643111814.992624,/DE/en/wines/156847419,725
1040.0,1040.0,,,1643111815.001659,/DE/en/wines/12586094,725
1041.0,1041.0,,,1643111821.797506,/DE/en/wines/2472727,468
1043.0,1043.0,,,1643111821.806576,/DE/en/wines/159993448,468
1044.0,1044.0,,,1643112931.4808152,/DE/en/wines/4818448,889
1046.0,1046.0,,,1643112931.492993,/DE/en/wines/2128220,889
1059.0,1059.0,,,1643112964.94291,/DE/en/wines/154187257,485
1061.0,1061.0,,,1643112964.951982,/DE/en/wines/163885407,485
1062.0,1062.0,,,1643112971.702636,/DE/en/wines/1581163,205
1064.0,1064.0,,,1643112971.712094,/DE/en/wines/2905817,205
1065.0,1065.0,,,1643112978.304903,/DE/en/wines/4901436,512
1068.0,1068.0,,,1643112984.981604,/DE/en/wines/5269368,389
1070.0,1070.0,,,1643112984.9906209,/DE/en/wines/1826702,389
1071.0,1071.0,,,1643112991.575827,/DE/en/wines/4516247,584
1073.0,1073.0,,,1643112991.58488,/DE/en/wines/146227395,584
1077.0,1077.0,,,1643113004.4026182,/DE/en/wines/157706605,122
1079.0,1079.0,,,1643113010.712726,/DE/en/wines/163536201,116
1081.0,1081.0,,,1643113017.077595,/DE/en/wines/1470077,150
1083.0,1083.0,,,1643113017.08692,/DE/en/wines/1979086,150
1090.0,1090.0,,,1643113037.1364522,/DE/en/wines/1647305,465
1092.0,1092.0,,,1643113037.1454809,/DE/en/wines/13071649,465
1099.0,1099.0,,,1643113056.194601,/DE/en/wines/1898987,525
1101.0,1101.0,,,1643113056.203598,/DE/en/wines/53500292,525
1102.0,1102.0,,,1643113414.8328938,/DE/en/wines/4826721,718
1104.0,1104.0,,,1643113414.842093,/DE/en/wines/4754891,718
1105.0,1105.0,,,1643113421.38524,/DE/en/wines/158926229,922
1108.0,1108.0,,,1643113427.658934,/DE/en/wines/168047870,349
1120.0,1120.0,,,1643113455.022281,/DE/en/wines/2622142,578
1122.0,1122.0,,,1643113455.031444,/DE/en/wines/15736244,578
1126.0,1126.0,,,1643113466.893047,/DE/en/wines/1472086,316
1128.0,1128.0,,,1643113466.903304,/DE/en/wines/2253321,316
1129.0,1129.0,,,1643113472.9045131,/DE/en/wines/157028971,631
1131.0,1131.0,,,1643113642.6984372,/DE/en/wines/4851695,773
1133.0,1133.0,,,1643113642.707464,/DE/en/wines/4851689,773
1137.0,1137.0,,,1643113656.234068,/DE/en/wines/4758376,396
1139.0,1139.0,,,1643113656.246464,/DE/en/wines/158142294,396
1143.0,1143.0,,,1643113672.0672529,/DE/en/wines/4901434,597
1148.0,,,,1643116980.032028,/DE/en/wines/152385182,772
1150.0,,,,1643116980.04715,/DE/en/wines/161603823,772
1154.0,,,,1643116994.0813,/DE/en/wines/113057467,816
1156.0,,,,1643116994.091046,/DE/en/wines/161911640,816
1168.0,,,,1643117020.195032,/DE/en/wines/154161025,918
1171.0,,,,1643117026.304985,/DE/en/wines/156694299,471
1174.0,,,,1643117032.343624,/DE/en/wines/157869262,475
1196.0,,,,1643117083.356706,/DE/en/wines/3480037,172
1198.0,,,,1643117083.368181,/DE/en/wines/1471074,172
1202.0,,,,1643117095.97962,/DE/en/wines/1484846,301
1208.0,,,,1643117108.6303658,/DE/en/wines/167742154,484
1210.0,,,,1643117108.6406531,/DE/en/wines/157706721,484
1213.0,,,,1643117114.647916,/DE/en/wines/168966990,421
1217.0,,,,1643117126.860782,/DE/en/wines/161517314,273
1219.0,,,,1643117126.871095,/DE/en/wines/9947028,273
1223.0,,,,1643117139.076415,/DE/en/wines/4570115,363
1226.0,,,,1643117145.2197802,/DE/en/wines/4818447,798
1228.0,,,,1643117145.2294002,/DE/en/wines/159391163,798
1235.0,,,,1643117163.76734,/DE/en/wines/5598778,779
1237.0,,,,1643117163.77703,/DE/en/wines/4746307,779
1253.0,,,,1643117201.620356,/DE/en/wines/4479315,516
1255.0,,,,1643117201.629925,/DE/en/wines/18481899,516
1256.0,,,,1643117207.523243,/DE/en/wines/1695921,4
1258.0,,,,1643117214.370104,/DE/en/wines/3361255,501
1260.0,,,,1643117214.3796558,/DE/en/wines/76814304,501
1264.0,,,,1643117226.810693,/DE/en/wines/163920170,219
1266.0,,,,1643117226.820404,/DE/en/wines/1741712,219
1267.0,,,,1643117233.1504908,/DE/en/wines/1471488,336
1273.0,,,,1643117245.2932749,/DE/en/wines/1469826,30
1275.0,,,,1643117245.302828,/DE/en/wines/1718255,30
1279.0,,,,1643117257.825387,/DE/en/wines/124010475,178
1281.0,,,,1643117257.834972,/DE/en/wines/143814086,178
1282.0,,,,1643117263.8461912,/DE/en/wines/2612491,933
1284.0,,,,1643117263.856305,/DE/en/wines/15082723,933
1285.0,,,,1643117270.310833,/DE/en/wines/1564070,931
1287.0,,,,1643117270.320429,/DE/en/wines/164942767,931
1288.0,,,,1643117276.7127302,/DE/en/wines/168919018,486
1291.0,,,,1643117282.8141649,/DE/en/wines/4915202,383
1293.0,,,,1643117282.823694,/DE/en/wines/157240379,383
1294.0,,,,1643117288.723001,/DE/en/wines/86288955,775
1300.0,,,,1643117301.1779351,/DE/en/wines/4758356,398
1302.0,,,,1643117301.188075,/DE/en/wines/4163876,398
1303.0,,,,1643117307.310222,/DE/en/wines/5869578,625
1305.0,,,,1643117307.319797,/DE/en/wines/5022455,625
1306.0,,,,1643117313.336807,/DE/en/wines/147097103,386
1308.0,,,,1643117313.347105,/DE/en/wines/164685009,386
1309.0,,,,1643117319.545585,/DE/en/wines/2829989,732
1311.0,,,,1643117319.555113,/DE/en/wines/4789508,732
1312.0,,,,1643117325.635086,/DE/en/wines/17873733,511
1314.0,,,,1643117325.644652,/DE/en/wines/163120102,511
1315.0,,,,1643117331.639026,/DE/en/wines/5635857,296
1317.0,,,,1643117331.64939,/DE/en/wines/165464147,296
1318.0,,,,1643117337.7374232,/DE/en/wines/15124185,459
1320.0,,,,1643117337.7469382,/DE/en/wines/4849003,459
1330.0,,,,1643117362.7929869,/DE/en/wines/2582539,626
1332.0,,,,1643117362.802442,/DE/en/wines/156687720,626
1339.0,,,,1643117381.658082,/DE/en/wines/10046827,415
1341.0,,,,1643117381.667757,/DE/en/wines/155497260,415
1345.0,,,,1643117394.123997,/DE/en/wines/157732689,715
1348.0,,,,1643117400.607025,/DE/en/wines/4066075,581
1350.0,,,,1643117400.616561,/DE/en/wines/82837375,581
1353.0,,,,1643117406.934185,/DE/en/wines/4988973,598
1357.0,,,,1643117419.032971,/DE/en/wines/4778458,334
1359.0,,,,1643117419.042602,/DE/en/wines/144127960,334
1369.0,,,,1643117444.5408692,/DE/en/wines/2633323,679
1371.0,,,,1643117444.550362,/DE/en/wines/1471406,679
1374.0,,,,1643117456.8089778,/DE/en/wines/156466938,737
1376.0,,,,1643117456.819467,/DE/en/wines/159759902,737
1377.0,,,,1643117463.201219,/DE/en/wines/62404680,167
1379.0,,,,1643117463.2131462,/DE/en/wines/157529040,167
1383.0,,,,1643117475.6164942,/DE/en/wines/152296583,455
1386.0,,,,1643117481.6326668,/DE/en/wines/4915198,603
1388.0,,,,1643117481.6426392,/DE/en/wines/160409814,603
1392.0,,,,1643117493.863056,/DE/en/wines/1512936,38
1394.0,,,,1643117493.87295,/DE/en/wines/4777712,38
1395.0,,,,1643117500.701073,/DE/en/wines/1668838,317
1397.0,,,,1643117500.7110112,/DE/en/wines/1994560,317
1404.0,,,,1643117518.809267,/DE/en/wines/4790703,515
1406.0,,,,1643117518.818757,/DE/en/wines/158471039,515
1407.0,,,,1643117525.0163789,/DE/en/wines/158140270,124
1409.0,,,,1643117531.734818,/DE/en/wines/27425490,73
1411.0,,,,1643117531.744303,/DE/en/wines/147311850,73
1424.0,,,,1643117563.200644,/DE/en/wines/170566972,107
1426.0,,,,1643117563.210124,/DE/en/wines/169780762,107
1429.0,,,,1643117569.567652,/DE/en/wines/1556493,97
1430.0,,,,1643117575.7112162,/DE/en/wines/4760412,727
1432.0,,,,1643117575.720717,/DE/en/wines/17769907,727
1433.0,,,,1643117581.816592,/DE/en/wines/2301890,530
1435.0,,,,1643117587.924381,/DE/en/wines/5338294,898
1437.0,,,,1643117587.93484,/DE/en/wines/2121390,898
1438.0,,,,1643117594.082825,/DE/en/wines/1726700,812
1440.0,,,,1643117594.0924711,/DE/en/wines/4199419,812
1444.0,,,,1643117606.44351,/DE/en/wines/114378037,113
1446.0,,,,1643117606.453034,/DE/en/wines/2468755,113
1447.0,,,,1643117612.8840718,/DE/en/wines/2449052,916
1449.0,,,,1643117612.894964,/DE/en/wines/150838641,916
1450.0,,,,1643117618.904704,/DE/en/wines/16305430,706
1452.0,,,,1643117618.914755,/DE/en/wines/167453122,706
1453.0,,,,1643117624.8845592,/DE/en/wines/2654536,19
1455.0,,,,1643117624.894422,/DE/en/wines/2654344,19
1461.0,,,,1643117643.710273,/DE/en/wines/161326947,666
1473.0,,,,1643117668.825602,/DE/en/wines/3876998,533
1475.0,,,,1643117668.837187,/DE/en/wines/165927041,533
1478.0,,,,1643117674.998485,/DE/en/wines/4723210,187
1484.0,,,,1643117687.6040409,/DE/en/wines/2821461,247
1494.0,,,,1643117716.0479832,/DE/en/wines/4310157,307
1497.0,,,,1643117722.3897731,/DE/en/wines/78543041,928
1499.0,,,,1643117722.401221,/DE/en/wines/124688242,928
1500.0,,,,1643117728.47459,/DE/en/wines/4826738,665
1502.0,,,,1643117728.486474,/DE/en/wines/165411030,665
1509.0,,,,1643117746.933076,/DE/en/wines/156265188,214
1511.0,,,,1643117746.943608,/DE/en/wines/4165229,214
1512.0,,,,1643117879.887518,/DE/en/wines/152050674,250
1514.0,,,,1643117886.774168,/DE/en/wines/1480507,44
1516.0,,,,1643117886.786108,/DE/en/wines/158463966,44
1517.0,,,,1643117893.324482,/DE/en/wines/156824348,457
1519.0,,,,1643117893.334216,/DE/en/wines/154294711,457
,,,,1643118046.636707,/DE/en/wines/3105314,446
,,,,1643118046.6506,/DE/en/wines/4946414,446
,,,,1643118053.452966,/DE/en/wines/1577844,88
,,,,1643118060.416959,/DE/en/wines/1563353,278
,,,,1643118073.081888,/DE/en/wines/4339784,311
,,,,1643118073.0919092,/DE/en/wines/167924134,311
,,,,1643118094.1594582,/DE/en/wines/161447853,23
,,,,1643118094.169356,/DE/en/wines/132952831,23
,,,,1643118100.7772212,/DE/en/wines/4780839,503
,,,,1643118100.787078,/DE/en/wines/4733767,503
,,,,1643118107.394498,/DE/en/wines/1488810,78
,,,,1643118113.542272,/DE/en/wines/1802046,490
,,,,1643118121.531052,/DE/en/wines/160919685,705
,,,,1643118121.54112,/DE/en/wines/4723645,705
,,,,1643118128.529087,/DE/en/wines/162108896,803
,,,,1643118128.539116,/DE/en/wines/164708655,803
,,,,1643118140.919702,/DE/en/wines/4141460,229
,,,,1643118147.592493,/DE/en/wines/2210080,602
,,,,1643118147.602814,/DE/en/wines/4728663,602
,,,,1643118154.1877198,/DE/en/wines/11209995,218
,,,,1643118154.197612,/DE/en/wines/22123650,218
,,,,1643118186.123637,/DE/en/wines/4849555,452
,,,,1643118186.133421,/DE/en/wines/162961688,452
,,,,1643118192.7576802,/DE/en/wines/9130413,658
,,,,1643118192.767446,/DE/en/wines/100384879,658
,,,,1643118199.351518,/DE/en/wines/169375097,559
,,,,1643118199.361308,/DE/en/wines/34578897,559
,,,,1643118212.215103,/DE/en/wines/165429114,593
,,,,1643118218.368397,/DE/en/wines/1827380,292
,,,,1643118231.5851011,/DE/en/wines/4906186,437
,,,,1643118231.595531,/DE/en/wines/153378697,437
,,,,1643118262.874211,/DE/en/wines/19990360,448
,,,,1643118262.884028,/DE/en/wines/27474016,448
,,,,1643118269.3156202,/DE/en/wines/158534423,105
,,,,1643118269.326627,/DE/en/wines/161621531,105
,,,,1643118275.6525922,/DE/en/wines/4881803,22
,,,,1643118275.6623769,/DE/en/wines/39591611,22
,,,,1643118282.229443,/DE/en/wines/3637864,321
,,,,1643118282.239269,/DE/en/wines/4766667,321
,,,,1643118302.126549,/DE/en/wines/163896556,716
,,,,1643118308.888139,/DE/en/wines/161726882,914
,,,,1643118308.897952,/DE/en/wines/156539669,914
,,,,1643118315.511679,/DE/en/wines/2078294,333
,,,,1643118315.522792,/DE/en/wines/51952721,333
,,,,1643118334.55383,/DE/en/wines/3372744,85
,,,,1643118334.5637472,/DE/en/wines/4289862,85
,,,,1643118340.578536,/DE/en/wines/16291519,41
,,,,1643118346.710201,/DE/en/wines/4741355,110
,,,,1643118353.0173922,/DE/en/wines/2227090,45
,,,,1643118353.028146,/DE/en/wines/1498225,45
,,,,1643118360.878162,/DE/en/wines/161912072,40
,,,,1643118367.2132008,/DE/en/wines/154977985,935
,,,,1643118373.226943,/DE/en/wines/154838597,671
,,,,1643118380.0077891,/DE/en/wines/4771402,84
,,,,1643118380.01758,/DE/en/wines/4771408,84
,,,,1643118386.643229,/DE/en/wines/4723452,258
,,,,1643118386.653345,/DE/en/wines/3438421,258
,,,,1643118393.3439958,/DE/en/wines/6594110,314
,,,,1643118393.353854,/DE/en/wines/5015182,314
,,,,1643118399.899629,/DE/en/wines/2079637,272
,,,,1643118399.909369,/DE/en/wines/4830877,272
,,,,1643118406.403647,/DE/en/wines/2366773,96
,,,,1643118413.630746,/DE/en/wines/1755841,388
,,,,1643118413.640978,/DE/en/wines/156700895,388
,,,,1643118419.4799528,/DE/en/wines/1729486,335
,,,,1643118426.210072,/DE/en/wines/2949684,320
,,,,1643118426.2217338,/DE/en/wines/24126517,320
,,,,1643118470.262411,/DE/en/wines/12677800,189
,,,,1643118470.272179,/DE/en/wines/4723219,189
,,,,1643118476.865209,/DE/en/wines/4860520,527
,,,,1643118476.874961,/DE/en/wines/161317139,527
,,,,1643118483.832908,/DE/en/wines/3242258,787
,,,,1643118483.842727,/DE/en/wines/4916713,787
,,,,1643118521.250119,/DE/en/wines/147623573,234
,,,,1643118521.259906,/DE/en/wines/2980841,234
,,,,1643118533.797726,/DE/en/wines/1603710,42
,,,,1643118540.422598,/DE/en/wines/167924649,911
,,,,1643118540.432479,/DE/en/wines/162912317,911
,,,,1643118546.994883,/DE/en/wines/1527892,233
,,,,1643118547.00467,/DE/en/wines/23004781,233
,,,,1643118559.870251,/DE/en/wines/149651113,903
,,,,1643118559.88,/DE/en/wines/168254005,903
,,,,1643118566.4250538,/DE/en/wines/3383504,46
,,,,1643118566.434849,/DE/en/wines/166426867,46
,,,,1643118573.241387,/DE/en/wines/2710700,683
,,,,1643118573.2512178,/DE/en/wines/152049789,683
,,,,1643118579.2201111,/DE/en/wines/1512935,35
,,,,1643118585.955659,/DE/en/wines/1495677,174
,,,,1643118585.965507,/DE/en/wines/3502393,174
,,,,1643118598.495138,/DE/en/wines/12419892,613
,,,,1643118598.5049229,/DE/en/wines/159523506,613
,,,,1643118605.030926,/DE/en/wines/158902165,153
,,,,1643118605.0411189,/DE/en/wines/1523468,153
,,,,1643118611.4376478,/DE/en/wines/156562769,14
,,,,1643118611.4474,/DE/en/wines/155155843,14
,,,,1643118624.749861,/DE/en/wines/160435688,637
,,,,1643118624.7598138,/DE/en/wines/16936831,637
,,,,1643118631.121878,/DE/en/wines/87112547,382
,,,,1643118631.131745,/DE/en/wines/160151443,382
,,,,1643118637.7278888,/DE/en/wines/1539796,37
,,,,1643118637.737666,/DE/en/wines/4914024,37
,,,,1643118644.021986,/DE/en/wines/145683442,740
,,,,1643118644.031986,/DE/en/wines/164557133,740
,,,,1643118650.832258,/DE/en/wines/4723223,390
,,,,1643118650.8420632,/DE/en/wines/159108838,390
,,,,1643118657.4504378,/DE/en/wines/1527187,92
,,,,1643118670.73012,/DE/en/wines/11463430,154
,,,,1643118676.966893,/DE/en/wines/4796534,790
,,,,1643118676.976702,/DE/en/wines/159761816,790
,,,,1643118709.186084,/DE/en/wines/164416467,730
,,,,1643118709.1961348,/DE/en/wines/154502693,730
,,,,1643118715.708509,/DE/en/wines/2008483,326
,,,,1643118715.718296,/DE/en/wines/153321715,326
,,,,1643118728.931264,/DE/en/wines/1767117,118
,,,,1643118728.9410508,/DE/en/wines/4743836,118
,,,,1643118742.051671,/DE/en/wines/141241893,176
,,,,1643118742.061497,/DE/en/wines/151233352,176
,,,,1643118748.581443,/DE/en/wines/1964315,643
,,,,1643118748.5913012,/DE/en/wines/3288944,643
,,,,1643118754.4949708,/DE/en/wines/2367345,478
,,,,1643118760.743669,/DE/en/wines/3427393,744
,,,,1643118760.753432,/DE/en/wines/60570323,744
,,,,1643118773.42408,/DE/en/wines/4485192,180
,,,,1643118779.676223,/DE/en/wines/1469185,82
,,,,1643118785.804081,/DE/en/wines/157487638,119
,,,,1643118791.802446,/DE/en/wines/6246388,211
,,,,1643118791.812172,/DE/en/wines/161980692,211
,,,,1643118798.074278,/DE/en/wines/155767530,75
,,,,1643118804.423622,/DE/en/wines/157593062,940
,,,,1643118812.701805,/DE/en/wines/2978177,80
,,,,1643118812.712223,/DE/en/wines/147337034,80
,,,,1643118818.959468,/DE/en/wines/159723710,788
,,,,1643118818.969374,/DE/en/wines/1780725,788
,,,,1643118843.836596,/DE/en/wines/4914897,47
,,,,1643118843.846404,/DE/en/wines/4953555,47
,,,,1643118850.577488,/DE/en/wines/4930745,152
,,,,1643118850.587248,/DE/en/wines/162544059,152
,,,,1643118857.108513,/DE/en/wines/2783267,90
,,,,1643118863.980334,/DE/en/wines/4798402,733
,,,,1643118863.990132,/DE/en/wines/4851394,733
,,,,1643118877.186978,/DE/en/wines/4719977,280
,,,,1643118877.196773,/DE/en/wines/165182053,280
,,,,1643118890.107906,/DE/en/wines/168807449,508
,,,,1643118890.117663,/DE/en/wines/49758587,508
,,,,1643118908.9220889,/DE/en/wines/2090416,270
,,,,1643118908.931926,/DE/en/wines/2194959,270
,,,,1643118927.76451,/DE/en/wines/16274019,74
,,,,1643118934.186452,/DE/en/wines/4879658,641
,,,,1643118934.196278,/DE/en/wines/11174399,641
,,,,1643118939.878309,/DE/en/wines/2441917,573
,,,,1643118946.471572,/DE/en/wines/2125255,83
,,,,1643118946.481544,/DE/en/wines/4952380,83
,,,,1643118959.047004,/DE/en/wines/1516739,343
,,,,1643118959.056821,/DE/en/wines/1938926,343
,,,,1643118965.754942,/DE/en/wines/95560982,789
,,,,1643118965.764724,/DE/en/wines/163030523,789
,,,,1643118985.514911,/DE/en/wines/4724760,366
,,,,1643118985.524677,/DE/en/wines/3805413,366
,,,,1643118992.049761,/DE/en/wines/16302979,477
,,,,1643118992.059562,/DE/en/wines/4147269,477
,,,,1643118998.73104,/DE/en/wines/4723450,261
,,,,1643118998.7407758,/DE/en/wines/3371953,261
,,,,1643119005.061852,/DE/en/wines/150871542,295
,,,,1643119005.071694,/DE/en/wines/150871425,295
,,,,1643119011.82706,/DE/en/wines/2852434,783
,,,,1643119011.836918,/DE/en/wines/6586241,783
,,,,1643119024.6179,/DE/en/wines/1997629,177
,,,,1643119024.627715,/DE/en/wines/163282236,177
,,,,1643119031.753408,/DE/en/wines/163505833,179
,,,,1643119038.000576,/DE/en/wines/3078270,143
,,,,1643119038.010337,/DE/en/wines/164575172,143
,,,,1643119044.7815092,/DE/en/wines/2058517,304
,,,,1643119044.7914329,/DE/en/wines/4905206,304
,,,,1643119058.0456011,/DE/en/wines/23395093,713
,,,,1643119058.0555332,/DE/en/wines/2781747,713
,,,,1643119064.522738,/DE/en/wines/4749911,450
,,,,1643119064.533261,/DE/en/wines/2090662,450
,,,,1643119076.903036,/DE/en/wines/2102144,306
,,,,1643119076.912882,/DE/en/wines/2289351,306
,,,,1643119082.96425,/DE/en/wines/1486387,142
,,,,1643119082.975458,/DE/en/wines/157803349,142
,,,,1643119089.51233,/DE/en/wines/4833921,79
,,,,1643119089.523316,/DE/en/wines/164737899,79
,,,,1643119096.824197,/DE/en/wines/17374513,267
,,,,1643119096.834937,/DE/en/wines/9882323,267
,,,,1643119103.396468,/DE/en/wines/4177164,283
,,,,1643119103.406259,/DE/en/wines/158825685,283
,,,,1643119123.518053,/DE/en/wines/16044110,287
,,,,1643119123.527982,/DE/en/wines/10324769,287
,,,,1643119129.661096,/DE/en/wines/1519894,941
,,,,1643119136.280658,/DE/en/wines/159454141,506
,,,,1643119136.290571,/DE/en/wines/4942267,506
,,,,1643119155.4995892,/DE/en/wines/4836304,697
,,,,1643119155.509321,/DE/en/wines/1811287,697
,,,,1643119163.49387,/DE/en/wines/158205543,120
,,,,1643119163.503636,/DE/en/wines/169288155,120
,,,,1643119189.4405398,/DE/en/wines/1819296,279
,,,,1643119189.4503,/DE/en/wines/1730921,279
,,,,1643119195.6063738,/DE/en/wines/4849556,451
,,,,1643119204.535619,/DE/en/wines/157487784,662
,,,,1643119824.645961,/DE/en/wines/152183551,479
,,,,1643119830.9914129,/DE/en/wines/1532320,331
,,,,1643119831.001219,/DE/en/wines/4732834,331
,,,,1643119844.572806,/DE/en/wines/4856471,101
,,,,1643119844.5827022,/DE/en/wines/4856469,101
,,,,1643119869.615476,/DE/en/wines/159618755,303
,,,,1643119876.1799822,/DE/en/wines/1599678,322
,,,,1643119876.1898298,/DE/en/wines/4958787,322
,,,,1643119882.514079,/DE/en/wines/2407613,342
,,,,1643119882.523814,/DE/en/wines/157066848,342
,,,,1643119889.23079,/DE/en/wines/162243436,199
,,,,1643119889.240541,/DE/en/wines/142322300,199
,,,,1643119895.4524329,/DE/en/wines/6663490,323
,,,,1643119895.462402,/DE/en/wines/3543269,323
,,,,1643119901.8858109,/DE/en/wines/18686914,128
,,,,1643119901.895885,/DE/en/wines/164210596,128
,,,,1643119914.377525,/DE/en/wines/151568425,215
,,,,1643119914.387678,/DE/en/wines/147669720,215
,,,,1643119927.499876,/DE/en/wines/157271753,144
,,,,1643119927.5118122,/DE/en/wines/156581067,144
,,,,1643119948.372934,/DE/en/wines/52803582,117
,,,,1643119961.0134609,/DE/en/wines/4099809,770
,,,,1643119979.368453,/DE/en/wines/152260686,328
,,,,1643119985.406301,/DE/en/wines/7494568,274
,,,,1643119991.949558,/DE/en/wines/4856462,103
,,,,1643119991.9592671,/DE/en/wines/156767812,103
,,,,1643119997.9022,/DE/en/wines/1663401,340
,,,,1643119997.9129689,/DE/en/wines/4423791,340
,,,,1643120010.131628,/DE/en/wines/2906704,904
,,,,1643120010.1417909,/DE/en/wines/4846416,904
,,,,1643120023.172419,/DE/en/wines/2871947,249
,,,,1643120023.1821818,/DE/en/wines/3005147,249
,,,,1643120029.78448,/DE/en/wines/2283218,221
,,,,1643120029.7941918,/DE/en/wines/2789185,221
,,,,1643120036.45146,/DE/en/wines/151982965,729
,,,,1643120036.4613671,/DE/en/wines/3345048,729
,,,,1643120042.9011672,/DE/en/wines/160409574,764
,,,,1643120042.910881,/DE/en/wines/4938274,764
,,,,1643120055.00826,/DE/en/wines/4890738,830
,,,,1643120067.767765,/DE/en/wines/141152018,130
,,,,1643120067.777926,/DE/en/wines/1528859,130
,,,,1643120074.200714,/DE/en/wines/4746402,222
,,,,1643120074.210527,/DE/en/wines/4746403,222
,,,,1643120087.225735,/DE/en/wines/2154317,29
,,,,1643120087.237291,/DE/en/wines/2383692,29
,,,,1643120093.6236238,/DE/en/wines/1724265,202
,,,,1643120093.633454,/DE/en/wines/148205813,202
,,,,1643120119.3342478,/DE/en/wines/1486713,293
,,,,1643120119.344401,/DE/en/wines/1476802,293
,,,,1643120125.863015,/DE/en/wines/4717845,86
,,,,1643120125.873024,/DE/en/wines/4717853,86
,,,,1643120132.439562,/DE/en/wines/4904954,361
,,,,1643120132.449513,/DE/en/wines/5965507,361
,,,,1643120145.2421818,/DE/en/wines/4871307,248
,,,,1643120151.556672,/DE/en/wines/26066190,111
,,,,1643120151.566438,/DE/en/wines/166625700,111
,,,,1643120158.131475,/DE/en/wines/2728130,400
,,,,1643120158.147514,/DE/en/wines/24675819,400
,,,,1643120164.3774452,/DE/en/wines/1487348,531
,,,,1643120170.9703429,/DE/en/wines/2337253,244
,,,,1643120170.9809852,/DE/en/wines/57098131,244
,,,,1643120184.331713,/DE/en/wines/2493129,204
,,,,1643120184.341565,/DE/en/wines/4864935,204
,,,,1643120197.4127228,/DE/en/wines/1522929,294
,,,,1643120197.4227562,/DE/en/wines/1529828,294
,,,,1643120203.533529,/DE/en/wines/148948120,238
,,,,1643120215.877655,/DE/en/wines/159478374,87
,,,,1643120235.384282,/DE/en/wines/154294770,672
,,,,1643120235.3940392,/DE/en/wines/4978257,672
,,,,1643120248.404258,/DE/en/wines/17088840,905
,,,,1643120248.414381,/DE/en/wines/147724732,905
,,,,1643120255.087765,/DE/en/wines/4719983,281
,,,,1643120255.0975769,/DE/en/wines/4844755,281
,,,,1643120261.528021,/DE/en/wines/4741681,701
,,,,1643120261.537771,/DE/en/wines/160090369,701
,,,,1643120267.825013,/DE/en/wines/2074150,325
,,,,1643120267.83492,/DE/en/wines/2348232,325
