{"tastes": {"structure": {"acidity": 4.0588374, "fizziness": null, "intensity": 4.0106974, "sweetness": 1.6953487, "tannin": 3.686977, "user_structure_count": 0, "calculated_structure_count": 2}, "flavor": [{"group": "non_oak", "stats": {"count": 1, "score": 67, "mentions_count": 1}, "primary_keywords": [{"id": 417, "name": "toast", "count": 1}]}, {"group": "microbio", "stats": {"count": 1, "score": 33, "mentions_count": 0}, "secondary_keywords": [{"id": 417, "name": "toast", "count": 1}]}]}, "vivino_id": "4277568"}