{"vintage": {"id": 152967813, "seo_name": "cesar-principe-charlatan-garnacha-negra-uv", "name": "C\u00e9sar Principe Charlat\u00e1n Garnacha Negra", "statistics": {"status": "Normal", "ratings_count": 137, "ratings_average": 3.8, "labels_count": 67, "reviews_count": 11}, "organic_certification_id": null, "certified_biodynamic": null, "image": {"location": "//images.vivino.com/thumbs/ZCKduILDRqqYCK9u9vVzNw_pl_480x640.png", "variations": {"bottle_large": "//images.vivino.com/thumbs/ZCKduILDRqqYCK9u9vVzNw_pb_x960.png", "bottle_medium": "//images.vivino.com/thumbs/ZCKduILDRqqYCK9u9vVzNw_pb_x600.png", "bottle_medium_square": "//images.vivino.com/thumbs/ZCKduILDRqqYCK9u9vVzNw_pb_600x600.png", "bottle_small": "//images.vivino.com/thumbs/ZCKduILDRqqYCK9u9vVzNw_pb_x300.png", "bottle_small_square": "//images.vivino.com/thumbs/ZCKduILDRqqYCK9u9vVzNw_pb_300x300.png", "label": "//images.vivino.com/thumbs/ZCKduILDRqqYCK9u9vVzNw_pl_480x640.png", "label_large": "//images.vivino.com/thumbs/ZCKduILDRqqYCK9u9vVzNw_pl_375x500.png", "label_medium": "//images.vivino.com/thumbs/ZCKduILDRqqYCK9u9vVzNw_pl_150x200.png", "label_medium_square": "//images.vivino.com/thumbs/ZCKduILDRqqYCK9u9vVzNw_pl_150x150.png", "label_small_square": "//images.vivino.com/thumbs/ZCKduILDRqqYCK9u9vVzNw_pl_80x80.png", "large": "//images.vivino.com/thumbs/ZCKduILDRqqYCK9u9vVzNw_pl_375x500.png", "medium": "//images.vivino.com/thumbs/ZCKduILDRqqYCK9u9vVzNw_pl_150x200.png", "medium_square": "//images.vivino.com/thumbs/ZCKduILDRqqYCK9u9vVzNw_pl_150x150.png", "small_square": "//images.vivino.com/thumbs/ZCKduILDRqqYCK9u9vVzNw_pl_80x80.png"}}, "wine": {"id": 5518155, "name": "Charlat\u00e1n Garnacha Negra", "seo_name": "charlatan-garnacha-negra", "type_id": 4, "vintage_type": 0, "is_natural": false, "region": {"id": 1726, "name": "Cigales", "name_en": "", "seo_name": "cigales", "country": {"code": "es", "name": "Spain", "native_name": "Espa\u00f1a", "seo_name": "spain", "currency": {"code": "EUR", "name": "Euros", "prefix": "\u20ac", "suffix": null}, "regions_count": 152, "users_count": 2042968, "wines_count": 131377, "wineries_count": 17630, "most_used_grapes": [{"id": 19, "name": "Tempranillo", "seo_name": "tempranillo", "has_detailed_info": true, "wines_count": 172842}, {"id": 142, "name": "Garnacha", "seo_name": "garnacha", "has_detailed_info": true, "wines_count": 58111}, {"id": 2, "name": "Cabernet Sauvignon", "seo_name": "cabernet-sauvignon", "has_detailed_info": true, "wines_count": 801751}]}, "parent_id": 404, "background_image": null, "class": {"typecast_map": {"background_image": {}, "class": {}}}, "statistics": {"wineries_count": 33, "wines_count": 259, "sub_regions_count": 0, "parent_regions_count": 1}}, "review_status": 2, "winery": {"id": 17275, "name": "C\u00e9sar Principe", "seo_name": "cesar-principe", "status": 0, "review_status": "Completed", "background_image": null, "statistics": {"ratings_count": 3246, "ratings_average": 3.9, "labels_count": 13260, "wines_count": 6}, "region": {"id": 1726, "name": "Cigales", "name_en": "", "seo_name": "cigales", "country": {"code": "es", "name": "Spain", "native_name": "Espa\u00f1a", "seo_name": "spain", "currency": {"code": "EUR", "name": "Euros", "prefix": "\u20ac", "suffix": null}, "regions_count": 152, "users_count": 2042968, "wines_count": 131377, "wineries_count": 17630, "most_used_grapes": [{"id": 19, "name": "Tempranillo", "seo_name": "tempranillo", "has_detailed_info": true, "wines_count": 172842}, {"id": 142, "name": "Garnacha", "seo_name": "garnacha", "has_detailed_info": true, "wines_count": 58111}, {"id": 2, "name": "Cabernet Sauvignon", "seo_name": "cabernet-sauvignon", "has_detailed_info": true, "wines_count": 801751}]}, "parent_id": 404, "background_image": null, "class": {"typecast_map": {"background_image": {}, "class": {}}}, "statistics": {"wineries_count": 33, "wines_count": 259, "sub_regions_count": 0, "parent_regions_count": 1}}, "business_name": "Bodegas C\u00e9sar Principe", "description": "", "specialists_notes": "", "phone": "34983663123", "email": "cesarprincipe@cesarprincipe.es", "facebook": "https://www.facebook.com/bodegascesarprincipe/", "instagram": "", "is_claimed": false, "twitter": "", "website": "https://cesarprincipe.es/?fbclid=IwAR3dO6Bao2In77A1LoZ8FYlFy73by", "winemaker": "Cesar Munoz", "wine_maker": {"id": 6211, "name": "Cesar Munoz"}, "address": {"title": null, "name": null, "street": "Calle Ronda, 22,", "street2": null, "neighborhood": null, "city": "Fuensalda\u00f1a, ", "zip": "47194 ", "state": null, "country": {"code": "es", "name": "Spain", "native_name": "Espa\u00f1a", "seo_name": "spain", "currency": {"code": "EUR", "name": "Euros", "prefix": "\u20ac", "suffix": null}, "regions_count": 152, "users_count": 2042968, "wines_count": 131377, "wineries_count": 17630, "most_used_grapes": [{"id": 19, "name": "Tempranillo", "seo_name": "tempranillo", "has_detailed_info": true, "wines_count": 172842}, {"id": 142, "name": "Garnacha", "seo_name": "garnacha", "has_detailed_info": true, "wines_count": 58111}, {"id": 2, "name": "Cabernet Sauvignon", "seo_name": "cabernet-sauvignon", "has_detailed_info": true, "wines_count": 801751}]}, "company": null, "phone": null, "external_id": null, "residential": null, "vat_number": null, "vat_code": null, "addition": null}, "image": null, "location": null, "winery_group": null, "first_wines": [], "sponsored_entity_type": null, "sponsored_entity": null}, "statistics": {"status": "Normal", "ratings_count": 137, "ratings_average": 3.8, "labels_count": 466, "vintages_count": 11}, "rank": {"country": {"description": "Rank within Spain", "total": 80034, "rank": 17184}, "region": {"description": "Rank within Wine Region", "total": 137, "rank": 39}, "winery": {"description": "Rank within Winery", "total": 6, "rank": 3}, "wine_type": {"description": "Rank within all Ros\u00e9 Wine", "total": 74253, "rank": 6996}, "global": {"description": "Global Rank", "total": 1302036, "rank": 216338}}, "hidden": false, "vintages": [{"id": 168029483, "seo_name": "cesar-principe-charlatan-garnacha-negra-2020", "name": "C\u00e9sar Principe Charlat\u00e1n Garnacha Negra 2020", "statistics": {"status": "BelowThreshold", "ratings_count": 4, "ratings_average": 0, "labels_count": 10, "reviews_count": 2}, "year": 2020, "grapes": null, "has_valid_ratings": false}, {"id": 160158574, "seo_name": "cesar-principe-charlatan-garnacha-negra-2019", "name": "C\u00e9sar Principe Charlat\u00e1n Garnacha Negra 2019", "statistics": {"status": "Normal", "ratings_count": 34, "ratings_average": 3.8, "labels_count": 125, "reviews_count": 10}, "year": 2019, "grapes": null, "has_valid_ratings": true}, {"id": 156507565, "seo_name": "cesar-principe-charlatan-garnacha-negra-2018", "name": "C\u00e9sar Principe Charlat\u00e1n Garnacha Negra 2018", "statistics": {"status": "Normal", "ratings_count": 55, "ratings_average": 3.7, "labels_count": 197, "reviews_count": 22}, "year": 2018, "grapes": null, "has_valid_ratings": true}, {"id": 156885953, "seo_name": "cesar-principe-charlatan-garnacha-negra-2017", "name": "C\u00e9sar Principe Charlat\u00e1n Garnacha Negra 2017", "statistics": {"status": "BelowThreshold", "ratings_count": 6, "ratings_average": 0, "labels_count": 17, "reviews_count": 3}, "year": 2017, "grapes": null, "has_valid_ratings": false}, {"id": 153334985, "seo_name": "cesar-principe-charlatan-garnacha-negra-2016", "name": "C\u00e9sar Principe Charlat\u00e1n Garnacha Negra 2016", "statistics": {"status": "BelowThreshold", "ratings_count": 4, "ratings_average": 0, "labels_count": 14, "reviews_count": 3}, "year": 2016, "grapes": null, "has_valid_ratings": false}, {"id": 153092496, "seo_name": "cesar-principe-charlatan-garnacha-negra-2014", "name": "C\u00e9sar Principe Charlat\u00e1n Garnacha Negra 2014", "statistics": {"status": "BelowThreshold", "ratings_count": 1, "ratings_average": 0, "labels_count": 1, "reviews_count": 0}, "year": 2014, "grapes": null, "has_valid_ratings": false}, {"id": 152967813, "seo_name": "cesar-principe-charlatan-garnacha-negra-uv", "name": "C\u00e9sar Principe Charlat\u00e1n Garnacha Negra", "statistics": {"status": "Normal", "ratings_count": 137, "ratings_average": 3.8, "labels_count": 67, "reviews_count": 11}, "year": 0, "grapes": null, "has_valid_ratings": true}], "description": "", "grapes": [{"id": 142, "name": "Garnacha", "seo_name": "garnacha", "has_detailed_info": true, "wines_count": 58111}], "foods": [{"id": 4, "name": "Beef", "background_image": {"location": "//images.vivino.com/backgrounds/foods/4_beef.png", "variations": {"small": "//images.vivino.com/backgrounds/foods/thumbs/4_beef_932x810.png"}}, "seo_name": "beef"}, {"id": 8, "name": "Lamb", "background_image": {"location": "//images.vivino.com/backgrounds/foods/8_lamb.png", "variations": {"small": "//images.vivino.com/backgrounds/foods/thumbs/8_lamb_932x810.png"}}, "seo_name": "lamb"}, {"id": 10, "name": "Pork", "background_image": {"location": "//images.vivino.com/backgrounds/foods/10_pork.png", "variations": {"small": "//images.vivino.com/backgrounds/foods/thumbs/10_pork_932x810.png"}}, "seo_name": "pork"}, {"id": 17, "name": "Mature and hard cheese", "background_image": {"location": "//images.vivino.com/backgrounds/foods/17_hardcheese.png", "variations": {"small": "//images.vivino.com/backgrounds/foods/thumbs/17_hardcheese_932x810.png"}}, "seo_name": null}], "non_vintage": false, "alcohol": 0, "sweetness_id": null, "closure": null, "vintage_mask_raw": null, "updated_at": "2018-10-12T05:44:07Z", "created_at": "2017-05-19T14:23:13Z", "is_first_wine": false, "style": null, "has_valid_ratings": true}, "description": "", "wine_critic_reviews": [], "awards": [], "ratings_distribution": {"1": 0, "2": 5, "3": 54, "4": 72, "5": 6}, "ranking": {"country": {"description": "Rank within Spain", "total": 608775, "rank": 121180}, "region": {"description": "Rank within Wine Region", "total": 1161, "rank": 313}, "winery": {"description": "Rank within Winery", "total": 85, "rank": 37}, "global": {"description": "Global Rank", "total": 8944602, "rank": 1682056}}, "wine_facts": {}, "winemaker": null, "wine_maker": null, "grape_composition": {}, "year": "", "grapes": null, "has_valid_ratings": true}, "carts": null, "full_region": null, "tastes": null, "wine": {"id": 5518155, "name": "Charlat\u00e1n Garnacha Negra", "seo_name": "charlatan-garnacha-negra", "type_id": 4, "vintage_type": 0, "is_natural": false, "region": {"id": 1726, "name": "Cigales", "name_en": "", "seo_name": "cigales", "country": {"code": "es", "name": "Spain", "native_name": "Espa\u00f1a", "seo_name": "spain", "currency": {"code": "EUR", "name": "Euros", "prefix": "\u20ac", "suffix": null}, "regions_count": 152, "users_count": 2042968, "wines_count": 131377, "wineries_count": 17630, "most_used_grapes": [{"id": 19, "name": "Tempranillo", "seo_name": "tempranillo", "has_detailed_info": true, "wines_count": 172842}, {"id": 142, "name": "Garnacha", "seo_name": "garnacha", "has_detailed_info": true, "wines_count": 58111}, {"id": 2, "name": "Cabernet Sauvignon", "seo_name": "cabernet-sauvignon", "has_detailed_info": true, "wines_count": 801751}]}, "parent_id": 404, "background_image": null, "class": {"typecast_map": {"background_image": {}, "class": {}}}, "statistics": {"wineries_count": 33, "wines_count": 259, "sub_regions_count": 0, "parent_regions_count": 1}}, "review_status": 2, "winery": {"id": 17275, "name": "C\u00e9sar Principe", "seo_name": "cesar-principe", "status": 0, "review_status": "Completed", "background_image": null, "statistics": {"ratings_count": 3246, "ratings_average": 3.9, "labels_count": 13260, "wines_count": 6}, "region": {"id": 1726, "name": "Cigales", "name_en": "", "seo_name": "cigales", "country": {"code": "es", "name": "Spain", "native_name": "Espa\u00f1a", "seo_name": "spain", "currency": {"code": "EUR", "name": "Euros", "prefix": "\u20ac", "suffix": null}, "regions_count": 152, "users_count": 2042968, "wines_count": 131377, "wineries_count": 17630, "most_used_grapes": [{"id": 19, "name": "Tempranillo", "seo_name": "tempranillo", "has_detailed_info": true, "wines_count": 172842}, {"id": 142, "name": "Garnacha", "seo_name": "garnacha", "has_detailed_info": true, "wines_count": 58111}, {"id": 2, "name": "Cabernet Sauvignon", "seo_name": "cabernet-sauvignon", "has_detailed_info": true, "wines_count": 801751}]}, "parent_id": 404, "background_image": null, "class": {"typecast_map": {"background_image": {}, "class": {}}}, "statistics": {"wineries_count": 33, "wines_count": 259, "sub_regions_count": 0, "parent_regions_count": 1}}}, "image": {"location": "//images.vivino.com/thumbs/ZCKduILDRqqYCK9u9vVzNw_pl_480x640.png", "variations": {"bottle_large": "//images.vivino.com/thumbs/ZCKduILDRqqYCK9u9vVzNw_pb_x960.png", "bottle_medium": "//images.vivino.com/thumbs/ZCKduILDRqqYCK9u9vVzNw_pb_x600.png", "bottle_medium_square": "//images.vivino.com/thumbs/ZCKduILDRqqYCK9u9vVzNw_pb_600x600.png", "bottle_small": "//images.vivino.com/thumbs/ZCKduILDRqqYCK9u9vVzNw_pb_x300.png", "bottle_small_square": "//images.vivino.com/thumbs/ZCKduILDRqqYCK9u9vVzNw_pb_300x300.png", "label": "//images.vivino.com/thumbs/ZCKduILDRqqYCK9u9vVzNw_pl_480x640.png", "label_large": "//images.vivino.com/thumbs/ZCKduILDRqqYCK9u9vVzNw_pl_375x500.png", "label_medium": "//images.vivino.com/thumbs/ZCKduILDRqqYCK9u9vVzNw_pl_150x200.png", "label_medium_square": "//images.vivino.com/thumbs/ZCKduILDRqqYCK9u9vVzNw_pl_150x150.png", "label_small_square": "//images.vivino.com/thumbs/ZCKduILDRqqYCK9u9vVzNw_pl_80x80.png", "large": "//images.vivino.com/thumbs/ZCKduILDRqqYCK9u9vVzNw_pl_375x500.png", "medium": "//images.vivino.com/thumbs/ZCKduILDRqqYCK9u9vVzNw_pl_150x200.png", "medium_square": "//images.vivino.com/thumbs/ZCKduILDRqqYCK9u9vVzNw_pl_150x150.png", "small_square": "//images.vivino.com/thumbs/ZCKduILDRqqYCK9u9vVzNw_pl_80x80.png"}}, "statistics": {"status": "Normal", "ratings_count": 137, "ratings_average": 3.8, "labels_count": 466, "vintages_count": 11}, "rank": null, "hidden": false, "vintages": [{"id": 170598658, "seo_name": "cesar-principe-charlatan-garnacha-negra-2022", "name": "C\u00e9sar Principe Charlat\u00e1n Garnacha Negra 2022", "statistics": {"status": "BelowThreshold", "ratings_count": 0, "ratings_average": 0, "labels_count": 0, "reviews_count": 0}, "year": 2022, "grapes": null, "has_valid_ratings": false}, {"id": 170188110, "seo_name": "cesar-principe-charlatan-garnacha-negra-2021", "name": "C\u00e9sar Principe Charlat\u00e1n Garnacha Negra 2021", "statistics": {"status": "BelowThreshold", "ratings_count": 0, "ratings_average": 0, "labels_count": 0, "reviews_count": 0}, "year": 2021, "grapes": null, "has_valid_ratings": false}, {"id": 168029483, "seo_name": "cesar-principe-charlatan-garnacha-negra-2020", "name": "C\u00e9sar Principe Charlat\u00e1n Garnacha Negra 2020", "statistics": {"status": "BelowThreshold", "ratings_count": 4, "ratings_average": 0, "labels_count": 10, "reviews_count": 2}, "year": 2020, "grapes": null, "has_valid_ratings": false}, {"id": 160158574, "seo_name": "cesar-principe-charlatan-garnacha-negra-2019", "name": "C\u00e9sar Principe Charlat\u00e1n Garnacha Negra 2019", "statistics": {"status": "Normal", "ratings_count": 34, "ratings_average": 3.8, "labels_count": 125, "reviews_count": 10}, "year": 2019, "grapes": null, "has_valid_ratings": true}, {"id": 156507565, "seo_name": "cesar-principe-charlatan-garnacha-negra-2018", "name": "C\u00e9sar Principe Charlat\u00e1n Garnacha Negra 2018", "statistics": {"status": "Normal", "ratings_count": 55, "ratings_average": 3.7, "labels_count": 197, "reviews_count": 22}, "year": 2018, "grapes": null, "has_valid_ratings": true}, {"id": 156885953, "seo_name": "cesar-principe-charlatan-garnacha-negra-2017", "name": "C\u00e9sar Principe Charlat\u00e1n Garnacha Negra 2017", "statistics": {"status": "BelowThreshold", "ratings_count": 6, "ratings_average": 0, "labels_count": 17, "reviews_count": 3}, "year": 2017, "grapes": null, "has_valid_ratings": false}, {"id": 153334985, "seo_name": "cesar-principe-charlatan-garnacha-negra-2016", "name": "C\u00e9sar Principe Charlat\u00e1n Garnacha Negra 2016", "statistics": {"status": "BelowThreshold", "ratings_count": 4, "ratings_average": 0, "labels_count": 14, "reviews_count": 3}, "year": 2016, "grapes": null, "has_valid_ratings": false}, {"id": 157887671, "seo_name": "cesar-principe-charlatan-garnacha-negra-2015", "name": "C\u00e9sar Principe Charlat\u00e1n Garnacha Negra 2015", "statistics": {"status": "BelowThreshold", "ratings_count": 0, "ratings_average": 0, "labels_count": 0, "reviews_count": 0}, "year": 2015, "grapes": null, "has_valid_ratings": false}, {"id": 153092496, "seo_name": "cesar-principe-charlatan-garnacha-negra-2014", "name": "C\u00e9sar Principe Charlat\u00e1n Garnacha Negra 2014", "statistics": {"status": "BelowThreshold", "ratings_count": 1, "ratings_average": 0, "labels_count": 1, "reviews_count": 0}, "year": 2014, "grapes": null, "has_valid_ratings": false}, {"id": 153334986, "seo_name": "cesar-principe-charlatan-garnacha-negra-2013", "name": "C\u00e9sar Principe Charlat\u00e1n Garnacha Negra 2013", "statistics": {"status": "BelowThreshold", "ratings_count": 0, "ratings_average": 0, "labels_count": 0, "reviews_count": 0}, "year": 2013, "grapes": null, "has_valid_ratings": false}, {"id": 152967813, "seo_name": "cesar-principe-charlatan-garnacha-negra-uv", "name": "C\u00e9sar Principe Charlat\u00e1n Garnacha Negra", "statistics": {"status": "Normal", "ratings_count": 137, "ratings_average": 3.8, "labels_count": 67, "reviews_count": 11}, "year": 0, "grapes": null, "has_valid_ratings": true}], "description": "", "grapes": [{"id": 142, "name": "Garnacha", "seo_name": "garnacha", "has_detailed_info": true, "wines_count": 58111}], "foods": [{"id": 4, "name": "Beef", "background_image": {"location": "//images.vivino.com/backgrounds/foods/4_beef.png", "variations": {"small": "//images.vivino.com/backgrounds/foods/thumbs/4_beef_932x810.png"}}, "seo_name": "beef"}, {"id": 8, "name": "Lamb", "background_image": {"location": "//images.vivino.com/backgrounds/foods/8_lamb.png", "variations": {"small": "//images.vivino.com/backgrounds/foods/thumbs/8_lamb_932x810.png"}}, "seo_name": "lamb"}, {"id": 10, "name": "Pork", "background_image": {"location": "//images.vivino.com/backgrounds/foods/10_pork.png", "variations": {"small": "//images.vivino.com/backgrounds/foods/thumbs/10_pork_932x810.png"}}, "seo_name": "pork"}, {"id": 17, "name": "Mature and hard cheese", "background_image": {"location": "//images.vivino.com/backgrounds/foods/17_hardcheese.png", "variations": {"small": "//images.vivino.com/backgrounds/foods/thumbs/17_hardcheese_932x810.png"}}, "seo_name": null}], "non_vintage": false, "alcohol": 0, "sweetness_id": null, "closure": null, "vintage_mask_raw": null, "updated_at": "2018-10-12T05:44:07Z", "created_at": "2017-05-19T14:23:13Z", "is_first_wine": false, "style": null, "has_valid_ratings": true}, "highlights": [{"vintage_id": 160158574, "highlight_type": "best_user_rated", "message": "This vintage rates better than any other year for this wine", "icon": "https://images.vivino.com/highlights/icon/best_user_rated.svg", "metadata": {"price": null, "wine_id": 5518155, "toplist": null, "ws_award": null, "critic_review_id": null, "ratings_average": 3.8, "ratings_count": 34, "vintage_year": "2019", "rank_type": null, "ranks": {"country": {"description": "Rank within Spain", "total": 608775, "rank": 120234}, "region": {"description": "Rank within Wine Region", "total": 1161, "rank": 312}, "winery": {"description": "Rank within Winery", "total": 85, "rank": 36}, "global": {"description": "Global Rank", "total": 8944602, "rank": 1668022}}, "style": null}, "vintage_year": 2019}, {"vintage_id": 156507565, "highlight_type": "most_user_rated", "message": "Popular among Vivino users. More than 50 ratings", "icon": "https://images.vivino.com/highlights/icon/most_user_rated.svg", "metadata": {"price": null, "wine_id": 5518155, "toplist": null, "ws_award": null, "critic_review_id": null, "ratings_average": 3.7, "ratings_count": 55, "vintage_year": "2018", "rank_type": null, "ranks": {"country": {"description": "Rank within Spain", "total": 608775, "rank": 117160}, "region": {"description": "Rank within Wine Region", "total": 1161, "rank": 304}, "winery": {"description": "Rank within Winery", "total": 85, "rank": 34}, "global": {"description": "Global Rank", "total": 8944602, "rank": 1623961}}, "style": null}, "vintage_year": 2018}], "recommended_vintages": [{"vintage": {"id": 160158574, "seo_name": "cesar-principe-charlatan-garnacha-negra-2019", "name": "C\u00e9sar Principe Charlat\u00e1n Garnacha Negra 2019", "statistics": {"status": "Normal", "ratings_count": 34, "ratings_average": 3.8, "labels_count": 125, "reviews_count": 10}, "year": 2019, "grapes": null, "has_valid_ratings": true}, "type": "best_user_rated", "highlight_icon": "https://images.vivino.com/highlights/icon/best_user_rated.svg", "price": null}, {"vintage": {"id": 156507565, "seo_name": "cesar-principe-charlatan-garnacha-negra-2018", "name": "C\u00e9sar Principe Charlat\u00e1n Garnacha Negra 2018", "statistics": {"status": "Normal", "ratings_count": 55, "ratings_average": 3.7, "labels_count": 197, "reviews_count": 22}, "year": 2018, "grapes": null, "has_valid_ratings": true}, "type": "most_user_rated", "highlight_icon": "https://images.vivino.com/highlights/icon/most_user_rated.svg", "price": null}], "prices_and_availabilities": [], "price_range": {"currency": {"code": "EUR", "name": "Euros", "prefix": "\u20ac", "suffix": null}, "price_range": {"minimum": 0, "maximum": 500, "currency_code": "EUR"}, "defaults": {"minimum": 7, "maximum": 30, "currency_code": "EUR"}}, "subtotal_price": null}