{"tastes": {"structure": {"acidity": 3.2955832, "fizziness": null, "intensity": 3.4166405, "sweetness": 2.245521, "tannin": null, "user_structure_count": 31, "calculated_structure_count": 17}, "flavor": [{"group": "tree_fruit", "stats": {"count": 13, "score": 2300, "mentions_count": 23}, "primary_keywords": [{"id": 310, "name": "Pfirsich", "count": 6}, {"id": 195, "name": "Gr\u00fcner Apfel", "count": 5}, {"id": 11, "name": "Aprikose", "count": 4}, {"id": 315, "name": "Birne", "count": 4}, {"id": 12, "name": "Aprikosenkonfit\u00fcre", "count": 2}, {"id": 271, "name": "Melone", "count": 1}, {"id": 461, "name": "Gelbe Pflaume", "count": 1}]}, {"group": "earth", "stats": {"count": 8, "score": 800, "mentions_count": 8}, "primary_keywords": [{"id": 218, "name": "Honig", "count": 7}, {"id": 276, "name": "Mineralien", "count": 1}]}, {"group": "tropical_fruit", "stats": {"count": 5, "score": 800, "mentions_count": 8}, "primary_keywords": [{"id": 329, "name": "Ananas", "count": 3}, {"id": 428, "name": "Tropisch", "count": 2}, {"id": 256, "name": "Litschi", "count": 2}, {"id": 237, "name": "Kiwi", "count": 1}]}, {"group": "citrus_fruit", "stats": {"count": 5, "score": 600, "mentions_count": 6}, "primary_keywords": [{"id": 243, "name": "Zitrone", "count": 3}, {"id": 106, "name": "Zitrone", "count": 1}, {"id": 252, "name": "Limette", "count": 1}, {"id": 298, "name": "Orange", "count": 1}]}, {"group": "vegetal", "stats": {"count": 2, "score": 200, "mentions_count": 2}, "primary_keywords": [{"id": 16, "name": "Spargel", "count": 1}, {"id": 185, "name": "Stachelbeere", "count": 1}]}, {"group": "spices", "stats": {"count": 2, "score": 106, "mentions_count": 1}, "primary_keywords": [{"id": 320, "name": "Pfeffer", "count": 1}], "secondary_keywords": [{"id": 434, "name": "Vanille", "count": 1}]}, {"group": "microbio", "stats": {"count": 1, "score": 100, "mentions_count": 1}, "primary_keywords": [{"id": 91, "name": "K\u00e4se", "count": 1}]}, {"group": "non_oak", "stats": {"count": 1, "score": 109, "mentions_count": 1}, "primary_keywords": [{"id": 438, "name": "Walnuss", "count": 1}], "secondary_keywords": [{"id": 434, "name": "Vanille", "count": 1}]}, {"group": "oak", "stats": {"count": 1, "score": 85, "mentions_count": 1}, "primary_keywords": [{"id": 434, "name": "Vanille", "count": 1}]}]}, "vivino_id": "1219129"}