{"vintage": {"id": 2898504, "seo_name": "paolo-manzone-barolo-serralunga-d-alba-uv", "name": "Paolo Manzone Barolo Serralunga d\u2019Alba", "statistics": {"status": "Normal", "ratings_count": 2864, "ratings_average": 4.1, "labels_count": 80, "reviews_count": 21}, "organic_certification_id": null, "certified_biodynamic": null, "image": {"location": "//images.vivino.com/thumbs/L1sqkHXjTXe02Y0NqiFyhw_pl_480x640.png", "variations": {"bottle_large": "//images.vivino.com/thumbs/L1sqkHXjTXe02Y0NqiFyhw_pb_x960.png", "bottle_medium": "//images.vivino.com/thumbs/L1sqkHXjTXe02Y0NqiFyhw_pb_x600.png", "bottle_medium_square": "//images.vivino.com/thumbs/L1sqkHXjTXe02Y0NqiFyhw_pb_600x600.png", "bottle_small": "//images.vivino.com/thumbs/L1sqkHXjTXe02Y0NqiFyhw_pb_x300.png", "bottle_small_square": "//images.vivino.com/thumbs/L1sqkHXjTXe02Y0NqiFyhw_pb_300x300.png", "label": "//images.vivino.com/thumbs/L1sqkHXjTXe02Y0NqiFyhw_pl_480x640.png", "label_large": "//images.vivino.com/thumbs/L1sqkHXjTXe02Y0NqiFyhw_pl_375x500.png", "label_medium": "//images.vivino.com/thumbs/L1sqkHXjTXe02Y0NqiFyhw_pl_150x200.png", "label_medium_square": "//images.vivino.com/thumbs/L1sqkHXjTXe02Y0NqiFyhw_pl_150x150.png", "label_small_square": "//images.vivino.com/thumbs/L1sqkHXjTXe02Y0NqiFyhw_pl_80x80.png", "large": "//images.vivino.com/thumbs/L1sqkHXjTXe02Y0NqiFyhw_pl_375x500.png", "medium": "//images.vivino.com/thumbs/L1sqkHXjTXe02Y0NqiFyhw_pl_150x200.png", "medium_square": "//images.vivino.com/thumbs/L1sqkHXjTXe02Y0NqiFyhw_pl_150x150.png", "small_square": "//images.vivino.com/thumbs/L1sqkHXjTXe02Y0NqiFyhw_pl_80x80.png"}}, "wine": {"id": 1138791, "name": "Barolo Serralunga d\u2019Alba", "seo_name": "barolo-serralunga-d-alba", "type_id": 1, "vintage_type": 0, "is_natural": false, "region": {"id": 504, "name": "Barolo", "name_en": "", "seo_name": "barolo", "country": {"code": "it", "name": "Italy", "native_name": "Italia", "seo_name": "italy", "currency": {"code": "EUR", "name": "Euros", "prefix": "\u20ac", "suffix": null}, "regions_count": 557, "users_count": 3875564, "wines_count": 355339, "wineries_count": 41362, "most_used_grapes": [{"id": 16, "name": "Sangiovese", "seo_name": "sangiovese", "has_detailed_info": true, "wines_count": 125094}, {"id": 10, "name": "Merlot", "seo_name": "merlot", "has_detailed_info": true, "wines_count": 566719}, {"id": 5, "name": "Chardonnay", "seo_name": "chardonnay", "has_detailed_info": true, "wines_count": 604208}]}, "parent_id": 389, "background_image": {"location": "//images.vivino.com/regions/backgrounds/a-efi6VCTsmjG447UJcw3g.jpg", "variations": {"large": "//thumbs.vivino.com/region_backgrounds/a-efi6VCTsmjG447UJcw3g_1280x760.jpg", "medium": "//thumbs.vivino.com/region_backgrounds/a-efi6VCTsmjG447UJcw3g_600x356.jpg"}}, "class": {"typecast_map": {"background_image": {}, "class": {}}}, "statistics": {"wineries_count": 345, "wines_count": 3624, "sub_regions_count": 2, "parent_regions_count": 1}}, "review_status": 2, "winery": {"id": 14505, "name": "Paolo Manzone", "seo_name": "paolo-manzone", "status": 0, "review_status": "Completed", "background_image": null, "statistics": {"ratings_count": 7861, "ratings_average": 3.9, "labels_count": 48689, "wines_count": 19}, "region": {"id": 389, "name": "Piemonte", "name_en": "Piedmont", "seo_name": "piedmont", "country": {"code": "it", "name": "Italy", "native_name": "Italia", "seo_name": "italy", "currency": {"code": "EUR", "name": "Euros", "prefix": "\u20ac", "suffix": null}, "regions_count": 557, "users_count": 3875564, "wines_count": 355339, "wineries_count": 41362, "most_used_grapes": [{"id": 16, "name": "Sangiovese", "seo_name": "sangiovese", "has_detailed_info": true, "wines_count": 125094}, {"id": 10, "name": "Merlot", "seo_name": "merlot", "has_detailed_info": true, "wines_count": 566719}, {"id": 5, "name": "Chardonnay", "seo_name": "chardonnay", "has_detailed_info": true, "wines_count": 604208}]}, "parent_id": null, "background_image": {"location": "//images.vivino.com/regions/backgrounds/QCMFDiiuTVmD66CZfZFvBA.jpg", "variations": {"large": "//thumbs.vivino.com/region_backgrounds/QCMFDiiuTVmD66CZfZFvBA_1280x760.jpg", "medium": "//thumbs.vivino.com/region_backgrounds/QCMFDiiuTVmD66CZfZFvBA_600x356.jpg"}}, "class": {"typecast_map": {"background_image": {}, "class": {}}}, "statistics": {"wineries_count": 5926, "wines_count": 39016, "sub_regions_count": 56, "parent_regions_count": 0}}, "business_name": "Paolo Manzone - Barolo Meriame", "description": "", "specialists_notes": "", "phone": "0173613113 ", "email": "paolomanzone@barolomeriame.com", "facebook": "", "instagram": "", "is_claimed": false, "twitter": "", "website": "http://www.barolomeriame.com/", "winemaker": null, "wine_maker": null, "address": {"title": null, "name": null, "street": "Localit\u00e0 Meriame, 1", "street2": null, "neighborhood": null, "city": "Serralunga d'Alba", "zip": "12050 ", "state": null, "country": {"code": "it", "name": "Italy", "native_name": "Italia", "seo_name": "italy", "currency": {"code": "EUR", "name": "Euros", "prefix": "\u20ac", "suffix": null}, "regions_count": 557, "users_count": 3875564, "wines_count": 355339, "wineries_count": 41362, "most_used_grapes": [{"id": 16, "name": "Sangiovese", "seo_name": "sangiovese", "has_detailed_info": true, "wines_count": 125094}, {"id": 10, "name": "Merlot", "seo_name": "merlot", "has_detailed_info": true, "wines_count": 566719}, {"id": 5, "name": "Chardonnay", "seo_name": "chardonnay", "has_detailed_info": true, "wines_count": 604208}]}, "company": null, "phone": null, "external_id": null, "residential": null, "vat_number": null, "vat_code": null, "addition": null}, "image": null, "location": {"latitude": 44.62198, "longitude": 7.992434}, "winery_group": null, "first_wines": [], "sponsored_entity_type": null, "sponsored_entity": null}, "statistics": {"status": "Normal", "ratings_count": 2864, "ratings_average": 4.1, "labels_count": 22617, "vintages_count": 42}, "rank": {"country": {"description": "Rank within Italy", "total": 212328, "rank": 4112}, "region": {"description": "Rank within Wine Region", "total": 35540, "rank": 897}, "winery": {"description": "Rank within Winery", "total": 19, "rank": 3}, "wine_type": {"description": "Rank within all Red Wine", "total": 659132, "rank": 14709}, "global": {"description": "Global Rank", "total": 1302045, "rank": 21050}}, "hidden": false, "vintages": [{"id": 161743416, "seo_name": "paolo-manzone-barolo-serralunga-d-alba-2019", "name": "Paolo Manzone Barolo Serralunga d\u2019Alba 2019", "statistics": {"status": "BelowThreshold", "ratings_count": 1, "ratings_average": 0, "labels_count": 18, "reviews_count": 1}, "year": 2019, "grapes": null, "has_valid_ratings": false}, {"id": 159921260, "seo_name": "paolo-manzone-barolo-serralunga-d-alba-2018", "name": "Paolo Manzone Barolo Serralunga d\u2019Alba 2018", "statistics": {"status": "BelowThreshold", "ratings_count": 4, "ratings_average": 0, "labels_count": 37, "reviews_count": 1}, "year": 2018, "grapes": null, "has_valid_ratings": false}, {"id": 152684100, "seo_name": "paolo-manzone-barolo-serralunga-d-alba-2017", "name": "Paolo Manzone Barolo Serralunga d\u2019Alba 2017", "statistics": {"status": "Normal", "ratings_count": 105, "ratings_average": 4.1, "labels_count": 648, "reviews_count": 44}, "year": 2017, "grapes": null, "has_valid_ratings": true}, {"id": 130770551, "seo_name": "paolo-manzone-barolo-serralunga-d-alba-2016", "name": "Paolo Manzone Barolo Serralunga d\u2019Alba 2016", "statistics": {"status": "Normal", "ratings_count": 287, "ratings_average": 4.2, "labels_count": 2335, "reviews_count": 104}, "year": 2016, "grapes": null, "has_valid_ratings": true}, {"id": 15036104, "seo_name": "paolo-manzone-barolo-serralunga-d-alba-2015", "name": "Paolo Manzone Barolo Serralunga d\u2019Alba 2015", "statistics": {"status": "Normal", "ratings_count": 314, "ratings_average": 4.2, "labels_count": 2574, "reviews_count": 102}, "year": 2015, "grapes": null, "has_valid_ratings": true}, {"id": 87785415, "seo_name": "paolo-manzone-barolo-serralunga-d-alba-2014", "name": "Paolo Manzone Barolo Serralunga d\u2019Alba 2014", "statistics": {"status": "Normal", "ratings_count": 286, "ratings_average": 3.9, "labels_count": 2866, "reviews_count": 101}, "year": 2014, "grapes": null, "has_valid_ratings": true}, {"id": 19269095, "seo_name": "paolo-manzone-barolo-serralunga-d-alba-2013", "name": "Paolo Manzone Barolo Serralunga d\u2019Alba 2013", "statistics": {"status": "Normal", "ratings_count": 365, "ratings_average": 4.2, "labels_count": 3058, "reviews_count": 122}, "year": 2013, "grapes": null, "has_valid_ratings": true}, {"id": 20410105, "seo_name": "paolo-manzone-barolo-serralunga-d-alba-2012", "name": "Paolo Manzone Barolo Serralunga d\u2019Alba 2012", "statistics": {"status": "Normal", "ratings_count": 317, "ratings_average": 4.1, "labels_count": 2804, "reviews_count": 88}, "year": 2012, "grapes": null, "has_valid_ratings": true}, {"id": 1721986, "seo_name": "paolo-manzone-barolo-serralunga-d-alba-2011", "name": "Paolo Manzone Barolo Serralunga d\u2019Alba 2011", "statistics": {"status": "Normal", "ratings_count": 239, "ratings_average": 4, "labels_count": 2005, "reviews_count": 78}, "year": 2011, "grapes": null, "has_valid_ratings": true}, {"id": 2365506, "seo_name": "paolo-manzone-barolo-serralunga-d-alba-2010", "name": "Paolo Manzone Barolo Serralunga d\u2019Alba 2010", "statistics": {"status": "Normal", "ratings_count": 214, "ratings_average": 4.1, "labels_count": 1517, "reviews_count": 78}, "year": 2010, "grapes": null, "has_valid_ratings": true}, {"id": 2230356, "seo_name": "paolo-manzone-barolo-serralunga-d-alba-2009", "name": "Paolo Manzone Barolo Serralunga d\u2019Alba 2009", "statistics": {"status": "Normal", "ratings_count": 157, "ratings_average": 4, "labels_count": 1133, "reviews_count": 53}, "year": 2009, "grapes": null, "has_valid_ratings": true}, {"id": 1283761, "seo_name": "paolo-manzone-barolo-serralunga-d-alba-2008", "name": "Paolo Manzone Barolo Serralunga d\u2019Alba 2008", "statistics": {"status": "Normal", "ratings_count": 172, "ratings_average": 4.2, "labels_count": 1117, "reviews_count": 40}, "year": 2008, "grapes": null, "has_valid_ratings": true}, {"id": 1198418, "seo_name": "paolo-manzone-barolo-serralunga-d-alba-2007", "name": "Paolo Manzone Barolo Serralunga d\u2019Alba 2007", "statistics": {"status": "Normal", "ratings_count": 73, "ratings_average": 4.2, "labels_count": 579, "reviews_count": 27}, "year": 2007, "grapes": null, "has_valid_ratings": true}, {"id": 1167566, "seo_name": "paolo-manzone-barolo-serralunga-d-alba-2006", "name": "Paolo Manzone Barolo Serralunga d\u2019Alba 2006", "statistics": {"status": "Normal", "ratings_count": 73, "ratings_average": 3.9, "labels_count": 426, "reviews_count": 20}, "year": 2006, "grapes": null, "has_valid_ratings": true}, {"id": 1167565, "seo_name": "paolo-manzone-barolo-serralunga-d-alba-2005", "name": "Paolo Manzone Barolo Serralunga d\u2019Alba 2005", "statistics": {"status": "Normal", "ratings_count": 53, "ratings_average": 4.3, "labels_count": 364, "reviews_count": 13}, "year": 2005, "grapes": null, "has_valid_ratings": true}, {"id": 1200246, "seo_name": "paolo-manzone-barolo-serralunga-d-alba-2004", "name": "Paolo Manzone Barolo Serralunga d\u2019Alba 2004", "statistics": {"status": "Normal", "ratings_count": 61, "ratings_average": 4.1, "labels_count": 456, "reviews_count": 13}, "year": 2004, "grapes": null, "has_valid_ratings": true}, {"id": 1175901, "seo_name": "paolo-manzone-barolo-serralunga-d-alba-2003", "name": "Paolo Manzone Barolo Serralunga d\u2019Alba 2003", "statistics": {"status": "Normal", "ratings_count": 21, "ratings_average": 4.2, "labels_count": 129, "reviews_count": 8}, "year": 2003, "grapes": null, "has_valid_ratings": true}, {"id": 3230280, "seo_name": "paolo-manzone-barolo-serralunga-d-alba-2002", "name": "Paolo Manzone Barolo Serralunga d\u2019Alba 2002", "statistics": {"status": "BelowThreshold", "ratings_count": 3, "ratings_average": 0, "labels_count": 47, "reviews_count": 1}, "year": 2002, "grapes": null, "has_valid_ratings": false}, {"id": 3144091, "seo_name": "paolo-manzone-barolo-serralunga-d-alba-2001", "name": "Paolo Manzone Barolo Serralunga d\u2019Alba 2001", "statistics": {"status": "Normal", "ratings_count": 12, "ratings_average": 4.2, "labels_count": 109, "reviews_count": 4}, "year": 2001, "grapes": null, "has_valid_ratings": true}, {"id": 1797804, "seo_name": "paolo-manzone-barolo-serralunga-d-alba-2000", "name": "Paolo Manzone Barolo Serralunga d\u2019Alba 2000", "statistics": {"status": "Normal", "ratings_count": 17, "ratings_average": 4.1, "labels_count": 69, "reviews_count": 7}, "year": 2000, "grapes": null, "has_valid_ratings": true}, {"id": 1574551, "seo_name": "paolo-manzone-barolo-serralunga-d-alba-1999", "name": "Paolo Manzone Barolo Serralunga d\u2019Alba 1999", "statistics": {"status": "BelowThreshold", "ratings_count": 8, "ratings_average": 0, "labels_count": 57, "reviews_count": 2}, "year": 1999, "grapes": null, "has_valid_ratings": false}, {"id": 152659147, "seo_name": "paolo-manzone-barolo-serralunga-d-alba-1993", "name": "Paolo Manzone Barolo Serralunga d\u2019Alba 1993", "statistics": {"status": "BelowThreshold", "ratings_count": 1, "ratings_average": 0, "labels_count": 1, "reviews_count": 0}, "year": 1993, "grapes": null, "has_valid_ratings": false}, {"id": 2898504, "seo_name": "paolo-manzone-barolo-serralunga-d-alba-uv", "name": "Paolo Manzone Barolo Serralunga d\u2019Alba", "statistics": {"status": "Normal", "ratings_count": 2864, "ratings_average": 4.1, "labels_count": 80, "reviews_count": 21}, "year": 0, "grapes": null, "has_valid_ratings": true}], "description": "", "grapes": [{"id": 12, "name": "Nebbiolo", "seo_name": "nebbiolo", "has_detailed_info": true, "wines_count": 55983}], "foods": [{"id": 4, "name": "Beef", "background_image": {"location": "//images.vivino.com/backgrounds/foods/4_beef.png", "variations": {"small": "//images.vivino.com/backgrounds/foods/thumbs/4_beef_932x810.png"}}, "seo_name": "beef"}, {"id": 5, "name": "Pasta", "background_image": {"location": "//images.vivino.com/backgrounds/foods/5_pasta.png", "variations": {"small": "//images.vivino.com/backgrounds/foods/thumbs/5_pasta_932x810.png"}}, "seo_name": null}, {"id": 8, "name": "Lamb", "background_image": {"location": "//images.vivino.com/backgrounds/foods/8_lamb.png", "variations": {"small": "//images.vivino.com/backgrounds/foods/thumbs/8_lamb_932x810.png"}}, "seo_name": "lamb"}, {"id": 11, "name": "Game (deer, venison)", "background_image": {"location": "//images.vivino.com/backgrounds/foods/11_venison.png", "variations": {"small": "//images.vivino.com/backgrounds/foods/thumbs/11_venison_932x810.png"}}, "seo_name": "game"}], "non_vintage": false, "alcohol": 14, "sweetness_id": null, "closure": null, "vintage_mask_raw": null, "updated_at": "2021-08-20T17:59:59Z", "created_at": "2010-12-31T12:47:52Z", "is_first_wine": false, "style": {"id": 7, "seo_name": "italian-barolo", "regional_name": "Italian", "varietal_name": "Barolo", "name": "Italian Barolo", "image": null, "background_image": null, "description": "Barolo is a delicious red wine from the Piedmont region of Northern Italy. It is made strictly from Nebbiolo grapes.\n\nAromatic with rich tannins and characteristics of old oak, these wines are considered by most to be some Italy's finest.\n\nTraditionally a wine enjoyed by gentry, Barolo grows in the region's finest plots of soil.\n\nThis wine is robust with evident notes of red flowers on the nose. The palate will enjoy significant acid and strong, long, earthy finish. These wines collect well, although consult a specialist to get a hold of of the best vintages.\n\nPair this food with big and flavorful pastas, or proteins - steak and well-spiced veal. Avoid underseasoned vegetables, leafy greens, or seafood.\n\nThe Nebbiolo grape does not travel well and is high maintenance, which is why it has never thrived quite as well elsewhere as on the Piemontese slopes. Like its top contender, Pinot Noir, Nebbiolo takes kindly to its terroir, thus displaying the subtleties of its environment.", "blurb": "Nebbiolo-based DOCG wine from Piedmont", "interesting_facts": ["Barolo is one of Italy's most expensive wines.", "Barolo is referred to as \u201cThe King of Wines.\u201d It is also called the \u201cWine of Kings.\u201d", "Barolo is aged for more than 5 years - usually 3 of them in oak. The wine can take many more years to soften.", "Barolo is made from the grape Nebbiolo, which name is believed to derive from the Italian word for fog, \u201cNebbia.\u201d"], "body": 5, "body_description": "Very full-bodied", "acidity": 3, "acidity_description": "High", "country": {"code": "it", "name": "Italy", "native_name": "Italia", "seo_name": "italy", "currency": {"code": "EUR", "name": "Euros", "prefix": "\u20ac", "suffix": null}, "regions_count": 557, "users_count": 3875564, "wines_count": 355339, "wineries_count": 41362, "most_used_grapes": [{"id": 16, "name": "Sangiovese", "seo_name": "sangiovese", "has_detailed_info": true, "wines_count": 125094}, {"id": 10, "name": "Merlot", "seo_name": "merlot", "has_detailed_info": true, "wines_count": 566719}, {"id": 5, "name": "Chardonnay", "seo_name": "chardonnay", "has_detailed_info": true, "wines_count": 604208}]}, "wine_type_id": 1, "food": [{"id": 4, "name": "Beef", "background_image": {"location": "//images.vivino.com/backgrounds/foods/4_beef.png", "variations": {"small": "//images.vivino.com/backgrounds/foods/thumbs/4_beef_932x810.png"}}, "seo_name": "beef"}, {"id": 5, "name": "Pasta", "background_image": {"location": "//images.vivino.com/backgrounds/foods/5_pasta.png", "variations": {"small": "//images.vivino.com/backgrounds/foods/thumbs/5_pasta_932x810.png"}}, "seo_name": null}, {"id": 8, "name": "Lamb", "background_image": {"location": "//images.vivino.com/backgrounds/foods/8_lamb.png", "variations": {"small": "//images.vivino.com/backgrounds/foods/thumbs/8_lamb_932x810.png"}}, "seo_name": "lamb"}, {"id": 11, "name": "Game (deer, venison)", "background_image": {"location": "//images.vivino.com/backgrounds/foods/11_venison.png", "variations": {"small": "//images.vivino.com/backgrounds/foods/thumbs/11_venison_932x810.png"}}, "seo_name": "game"}], "grapes": [{"id": 12, "name": "Nebbiolo", "seo_name": "nebbiolo", "has_detailed_info": true, "wines_count": 55983}], "region": {"id": 389, "name": "Piemonte", "name_en": "Piedmont", "seo_name": "piedmont", "country": {"code": "it", "name": "Italy", "native_name": "Italia", "seo_name": "italy", "currency": {"code": "EUR", "name": "Euros", "prefix": "\u20ac", "suffix": null}, "regions_count": 557, "users_count": 3875564, "wines_count": 355339, "wineries_count": 41362, "most_used_grapes": [{"id": 16, "name": "Sangiovese", "seo_name": "sangiovese", "has_detailed_info": true, "wines_count": 125094}, {"id": 10, "name": "Merlot", "seo_name": "merlot", "has_detailed_info": true, "wines_count": 566719}, {"id": 5, "name": "Chardonnay", "seo_name": "chardonnay", "has_detailed_info": true, "wines_count": 604208}]}, "parent_id": null, "background_image": {"location": "//images.vivino.com/regions/backgrounds/QCMFDiiuTVmD66CZfZFvBA.jpg", "variations": {"large": "//thumbs.vivino.com/region_backgrounds/QCMFDiiuTVmD66CZfZFvBA_1280x760.jpg", "medium": "//thumbs.vivino.com/region_backgrounds/QCMFDiiuTVmD66CZfZFvBA_600x356.jpg"}}, "class": {"typecast_map": {"background_image": {}, "class": {}}}, "statistics": {"wineries_count": 5926, "wines_count": 39016, "sub_regions_count": 56, "parent_regions_count": 0}}}, "has_valid_ratings": true}, "description": "", "wine_critic_reviews": [], "awards": [], "ratings_distribution": {"1": 13, "2": 39, "3": 478, "4": 1871, "5": 463}, "ranking": {"country": {"description": "Rank within Italy", "total": 1562221, "rank": 30604}, "region": {"description": "Rank within Wine Region", "total": 284281, "rank": 6880}, "winery": {"description": "Rank within Winery", "total": 237, "rank": 17}, "global": {"description": "Global Rank", "total": 8944549, "rank": 156787}}, "wine_facts": {}, "winemaker": null, "wine_maker": null, "grape_composition": {}, "year": "", "grapes": null, "has_valid_ratings": true}, "carts": null, "full_region": null, "tastes": null, "wine": {"id": 1138791, "name": "Barolo Serralunga d\u2019Alba", "seo_name": "barolo-serralunga-d-alba", "type_id": 1, "vintage_type": 0, "is_natural": false, "region": {"id": 504, "name": "Barolo", "name_en": "", "seo_name": "barolo", "country": {"code": "it", "name": "Italy", "native_name": "Italia", "seo_name": "italy", "currency": {"code": "EUR", "name": "Euros", "prefix": "\u20ac", "suffix": null}, "regions_count": 557, "users_count": 3875564, "wines_count": 355339, "wineries_count": 41362, "most_used_grapes": [{"id": 16, "name": "Sangiovese", "seo_name": "sangiovese", "has_detailed_info": true, "wines_count": 125094}, {"id": 10, "name": "Merlot", "seo_name": "merlot", "has_detailed_info": true, "wines_count": 566719}, {"id": 5, "name": "Chardonnay", "seo_name": "chardonnay", "has_detailed_info": true, "wines_count": 604208}]}, "parent_id": 389, "background_image": {"location": "//images.vivino.com/regions/backgrounds/a-efi6VCTsmjG447UJcw3g.jpg", "variations": {"large": "//thumbs.vivino.com/region_backgrounds/a-efi6VCTsmjG447UJcw3g_1280x760.jpg", "medium": "//thumbs.vivino.com/region_backgrounds/a-efi6VCTsmjG447UJcw3g_600x356.jpg"}}, "class": {"typecast_map": {"background_image": {}, "class": {}}}, "statistics": {"wineries_count": 345, "wines_count": 3624, "sub_regions_count": 2, "parent_regions_count": 1}}, "review_status": 2, "winery": {"id": 14505, "name": "Paolo Manzone", "seo_name": "paolo-manzone", "status": 0, "review_status": "Completed", "background_image": null, "statistics": {"ratings_count": 7861, "ratings_average": 3.9, "labels_count": 48689, "wines_count": 19}, "region": {"id": 389, "name": "Piemonte", "name_en": "Piedmont", "seo_name": "piedmont", "country": {"code": "it", "name": "Italy", "native_name": "Italia", "seo_name": "italy", "currency": {"code": "EUR", "name": "Euros", "prefix": "\u20ac", "suffix": null}, "regions_count": 557, "users_count": 3875564, "wines_count": 355339, "wineries_count": 41362, "most_used_grapes": [{"id": 16, "name": "Sangiovese", "seo_name": "sangiovese", "has_detailed_info": true, "wines_count": 125094}, {"id": 10, "name": "Merlot", "seo_name": "merlot", "has_detailed_info": true, "wines_count": 566719}, {"id": 5, "name": "Chardonnay", "seo_name": "chardonnay", "has_detailed_info": true, "wines_count": 604208}]}, "parent_id": null, "background_image": {"location": "//images.vivino.com/regions/backgrounds/QCMFDiiuTVmD66CZfZFvBA.jpg", "variations": {"large": "//thumbs.vivino.com/region_backgrounds/QCMFDiiuTVmD66CZfZFvBA_1280x760.jpg", "medium": "//thumbs.vivino.com/region_backgrounds/QCMFDiiuTVmD66CZfZFvBA_600x356.jpg"}}, "class": {"typecast_map": {"background_image": {}, "class": {}}}, "statistics": {"wineries_count": 5926, "wines_count": 39016, "sub_regions_count": 56, "parent_regions_count": 0}}}, "image": {"location": "//images.vivino.com/thumbs/L1sqkHXjTXe02Y0NqiFyhw_pl_480x640.png", "variations": {"bottle_large": "//images.vivino.com/thumbs/L1sqkHXjTXe02Y0NqiFyhw_pb_x960.png", "bottle_medium": "//images.vivino.com/thumbs/L1sqkHXjTXe02Y0NqiFyhw_pb_x600.png", "bottle_medium_square": "//images.vivino.com/thumbs/L1sqkHXjTXe02Y0NqiFyhw_pb_600x600.png", "bottle_small": "//images.vivino.com/thumbs/L1sqkHXjTXe02Y0NqiFyhw_pb_x300.png", "bottle_small_square": "//images.vivino.com/thumbs/L1sqkHXjTXe02Y0NqiFyhw_pb_300x300.png", "label": "//images.vivino.com/thumbs/L1sqkHXjTXe02Y0NqiFyhw_pl_480x640.png", "label_large": "//images.vivino.com/thumbs/L1sqkHXjTXe02Y0NqiFyhw_pl_375x500.png", "label_medium": "//images.vivino.com/thumbs/L1sqkHXjTXe02Y0NqiFyhw_pl_150x200.png", "label_medium_square": "//images.vivino.com/thumbs/L1sqkHXjTXe02Y0NqiFyhw_pl_150x150.png", "label_small_square": "//images.vivino.com/thumbs/L1sqkHXjTXe02Y0NqiFyhw_pl_80x80.png", "large": "//images.vivino.com/thumbs/L1sqkHXjTXe02Y0NqiFyhw_pl_375x500.png", "medium": "//images.vivino.com/thumbs/L1sqkHXjTXe02Y0NqiFyhw_pl_150x200.png", "medium_square": "//images.vivino.com/thumbs/L1sqkHXjTXe02Y0NqiFyhw_pl_150x150.png", "small_square": "//images.vivino.com/thumbs/L1sqkHXjTXe02Y0NqiFyhw_pl_80x80.png"}}, "statistics": {"status": "Normal", "ratings_count": 2864, "ratings_average": 4.1, "labels_count": 22617, "vintages_count": 42}, "rank": null, "hidden": false, "vintages": [{"id": 170669757, "seo_name": "paolo-manzone-barolo-serralunga-d-alba-2022", "name": "Paolo Manzone Barolo Serralunga d\u2019Alba 2022", "statistics": {"status": "BelowThreshold", "ratings_count": 0, "ratings_average": 0, "labels_count": 0, "reviews_count": 0}, "year": 2022, "grapes": null, "has_valid_ratings": false}, {"id": 169705780, "seo_name": "paolo-manzone-barolo-serralunga-d-alba-2021", "name": "Paolo Manzone Barolo Serralunga d\u2019Alba 2021", "statistics": {"status": "BelowThreshold", "ratings_count": 0, "ratings_average": 0, "labels_count": 0, "reviews_count": 0}, "year": 2021, "grapes": null, "has_valid_ratings": false}, {"id": 163696686, "seo_name": "paolo-manzone-barolo-serralunga-d-alba-2020", "name": "Paolo Manzone Barolo Serralunga d\u2019Alba 2020", "statistics": {"status": "BelowThreshold", "ratings_count": 0, "ratings_average": 0, "labels_count": 0, "reviews_count": 0}, "year": 2020, "grapes": null, "has_valid_ratings": false}, {"id": 161743416, "seo_name": "paolo-manzone-barolo-serralunga-d-alba-2019", "name": "Paolo Manzone Barolo Serralunga d\u2019Alba 2019", "statistics": {"status": "BelowThreshold", "ratings_count": 1, "ratings_average": 0, "labels_count": 18, "reviews_count": 1}, "year": 2019, "grapes": null, "has_valid_ratings": false}, {"id": 159921260, "seo_name": "paolo-manzone-barolo-serralunga-d-alba-2018", "name": "Paolo Manzone Barolo Serralunga d\u2019Alba 2018", "statistics": {"status": "BelowThreshold", "ratings_count": 4, "ratings_average": 0, "labels_count": 37, "reviews_count": 1}, "year": 2018, "grapes": null, "has_valid_ratings": false}, {"id": 152684100, "seo_name": "paolo-manzone-barolo-serralunga-d-alba-2017", "name": "Paolo Manzone Barolo Serralunga d\u2019Alba 2017", "statistics": {"status": "Normal", "ratings_count": 105, "ratings_average": 4.1, "labels_count": 648, "reviews_count": 44}, "year": 2017, "grapes": null, "has_valid_ratings": true}, {"id": 130770551, "seo_name": "paolo-manzone-barolo-serralunga-d-alba-2016", "name": "Paolo Manzone Barolo Serralunga d\u2019Alba 2016", "statistics": {"status": "Normal", "ratings_count": 287, "ratings_average": 4.2, "labels_count": 2335, "reviews_count": 104}, "year": 2016, "grapes": null, "has_valid_ratings": true}, {"id": 15036104, "seo_name": "paolo-manzone-barolo-serralunga-d-alba-2015", "name": "Paolo Manzone Barolo Serralunga d\u2019Alba 2015", "statistics": {"status": "Normal", "ratings_count": 314, "ratings_average": 4.2, "labels_count": 2574, "reviews_count": 102}, "year": 2015, "grapes": null, "has_valid_ratings": true}, {"id": 87785415, "seo_name": "paolo-manzone-barolo-serralunga-d-alba-2014", "name": "Paolo Manzone Barolo Serralunga d\u2019Alba 2014", "statistics": {"status": "Normal", "ratings_count": 286, "ratings_average": 3.9, "labels_count": 2866, "reviews_count": 101}, "year": 2014, "grapes": null, "has_valid_ratings": true}, {"id": 19269095, "seo_name": "paolo-manzone-barolo-serralunga-d-alba-2013", "name": "Paolo Manzone Barolo Serralunga d\u2019Alba 2013", "statistics": {"status": "Normal", "ratings_count": 365, "ratings_average": 4.2, "labels_count": 3058, "reviews_count": 122}, "year": 2013, "grapes": null, "has_valid_ratings": true}, {"id": 20410105, "seo_name": "paolo-manzone-barolo-serralunga-d-alba-2012", "name": "Paolo Manzone Barolo Serralunga d\u2019Alba 2012", "statistics": {"status": "Normal", "ratings_count": 317, "ratings_average": 4.1, "labels_count": 2804, "reviews_count": 88}, "year": 2012, "grapes": null, "has_valid_ratings": true}, {"id": 1721986, "seo_name": "paolo-manzone-barolo-serralunga-d-alba-2011", "name": "Paolo Manzone Barolo Serralunga d\u2019Alba 2011", "statistics": {"status": "Normal", "ratings_count": 239, "ratings_average": 4, "labels_count": 2005, "reviews_count": 78}, "year": 2011, "grapes": null, "has_valid_ratings": true}, {"id": 2365506, "seo_name": "paolo-manzone-barolo-serralunga-d-alba-2010", "name": "Paolo Manzone Barolo Serralunga d\u2019Alba 2010", "statistics": {"status": "Normal", "ratings_count": 214, "ratings_average": 4.1, "labels_count": 1517, "reviews_count": 78}, "year": 2010, "grapes": null, "has_valid_ratings": true}, {"id": 2230356, "seo_name": "paolo-manzone-barolo-serralunga-d-alba-2009", "name": "Paolo Manzone Barolo Serralunga d\u2019Alba 2009", "statistics": {"status": "Normal", "ratings_count": 157, "ratings_average": 4, "labels_count": 1133, "reviews_count": 53}, "year": 2009, "grapes": null, "has_valid_ratings": true}, {"id": 1283761, "seo_name": "paolo-manzone-barolo-serralunga-d-alba-2008", "name": "Paolo Manzone Barolo Serralunga d\u2019Alba 2008", "statistics": {"status": "Normal", "ratings_count": 172, "ratings_average": 4.2, "labels_count": 1117, "reviews_count": 40}, "year": 2008, "grapes": null, "has_valid_ratings": true}, {"id": 1198418, "seo_name": "paolo-manzone-barolo-serralunga-d-alba-2007", "name": "Paolo Manzone Barolo Serralunga d\u2019Alba 2007", "statistics": {"status": "Normal", "ratings_count": 73, "ratings_average": 4.2, "labels_count": 579, "reviews_count": 27}, "year": 2007, "grapes": null, "has_valid_ratings": true}, {"id": 1167566, "seo_name": "paolo-manzone-barolo-serralunga-d-alba-2006", "name": "Paolo Manzone Barolo Serralunga d\u2019Alba 2006", "statistics": {"status": "Normal", "ratings_count": 73, "ratings_average": 3.9, "labels_count": 426, "reviews_count": 20}, "year": 2006, "grapes": null, "has_valid_ratings": true}, {"id": 1167565, "seo_name": "paolo-manzone-barolo-serralunga-d-alba-2005", "name": "Paolo Manzone Barolo Serralunga d\u2019Alba 2005", "statistics": {"status": "Normal", "ratings_count": 53, "ratings_average": 4.3, "labels_count": 364, "reviews_count": 13}, "year": 2005, "grapes": null, "has_valid_ratings": true}, {"id": 1200246, "seo_name": "paolo-manzone-barolo-serralunga-d-alba-2004", "name": "Paolo Manzone Barolo Serralunga d\u2019Alba 2004", "statistics": {"status": "Normal", "ratings_count": 61, "ratings_average": 4.1, "labels_count": 456, "reviews_count": 13}, "year": 2004, "grapes": null, "has_valid_ratings": true}, {"id": 1175901, "seo_name": "paolo-manzone-barolo-serralunga-d-alba-2003", "name": "Paolo Manzone Barolo Serralunga d\u2019Alba 2003", "statistics": {"status": "Normal", "ratings_count": 21, "ratings_average": 4.2, "labels_count": 129, "reviews_count": 8}, "year": 2003, "grapes": null, "has_valid_ratings": true}, {"id": 3230280, "seo_name": "paolo-manzone-barolo-serralunga-d-alba-2002", "name": "Paolo Manzone Barolo Serralunga d\u2019Alba 2002", "statistics": {"status": "BelowThreshold", "ratings_count": 3, "ratings_average": 0, "labels_count": 47, "reviews_count": 1}, "year": 2002, "grapes": null, "has_valid_ratings": false}, {"id": 3144091, "seo_name": "paolo-manzone-barolo-serralunga-d-alba-2001", "name": "Paolo Manzone Barolo Serralunga d\u2019Alba 2001", "statistics": {"status": "Normal", "ratings_count": 12, "ratings_average": 4.2, "labels_count": 109, "reviews_count": 4}, "year": 2001, "grapes": null, "has_valid_ratings": true}, {"id": 1797804, "seo_name": "paolo-manzone-barolo-serralunga-d-alba-2000", "name": "Paolo Manzone Barolo Serralunga d\u2019Alba 2000", "statistics": {"status": "Normal", "ratings_count": 17, "ratings_average": 4.1, "labels_count": 69, "reviews_count": 7}, "year": 2000, "grapes": null, "has_valid_ratings": true}, {"id": 1574551, "seo_name": "paolo-manzone-barolo-serralunga-d-alba-1999", "name": "Paolo Manzone Barolo Serralunga d\u2019Alba 1999", "statistics": {"status": "BelowThreshold", "ratings_count": 8, "ratings_average": 0, "labels_count": 57, "reviews_count": 2}, "year": 1999, "grapes": null, "has_valid_ratings": false}, {"id": 150082120, "seo_name": "paolo-manzone-barolo-serralunga-d-alba-1998", "name": "Paolo Manzone Barolo Serralunga d\u2019Alba 1998", "statistics": {"status": "BelowThreshold", "ratings_count": 0, "ratings_average": 0, "labels_count": 0, "reviews_count": 0}, "year": 1998, "grapes": null, "has_valid_ratings": false}, {"id": 150605485, "seo_name": "paolo-manzone-barolo-serralunga-d-alba-1997", "name": "Paolo Manzone Barolo Serralunga d\u2019Alba 1997", "statistics": {"status": "BelowThreshold", "ratings_count": 0, "ratings_average": 0, "labels_count": 0, "reviews_count": 0}, "year": 1997, "grapes": null, "has_valid_ratings": false}, {"id": 152193689, "seo_name": "paolo-manzone-barolo-serralunga-d-alba-1996", "name": "Paolo Manzone Barolo Serralunga d\u2019Alba 1996", "statistics": {"status": "BelowThreshold", "ratings_count": 0, "ratings_average": 0, "labels_count": 1, "reviews_count": 0}, "year": 1996, "grapes": null, "has_valid_ratings": false}, {"id": 154899278, "seo_name": "paolo-manzone-barolo-serralunga-d-alba-1995", "name": "Paolo Manzone Barolo Serralunga d\u2019Alba 1995", "statistics": {"status": "BelowThreshold", "ratings_count": 0, "ratings_average": 0, "labels_count": 1, "reviews_count": 0}, "year": 1995, "grapes": null, "has_valid_ratings": false}, {"id": 143391852, "seo_name": "paolo-manzone-barolo-serralunga-d-alba-1994", "name": "Paolo Manzone Barolo Serralunga d\u2019Alba 1994", "statistics": {"status": "BelowThreshold", "ratings_count": 0, "ratings_average": 0, "labels_count": 1, "reviews_count": 0}, "year": 1994, "grapes": null, "has_valid_ratings": false}, {"id": 152659147, "seo_name": "paolo-manzone-barolo-serralunga-d-alba-1993", "name": "Paolo Manzone Barolo Serralunga d\u2019Alba 1993", "statistics": {"status": "BelowThreshold", "ratings_count": 1, "ratings_average": 0, "labels_count": 1, "reviews_count": 0}, "year": 1993, "grapes": null, "has_valid_ratings": false}, {"id": 167843854, "seo_name": "paolo-manzone-barolo-serralunga-d-alba-1991", "name": "Paolo Manzone Barolo Serralunga d\u2019Alba 1991", "statistics": {"status": "BelowThreshold", "ratings_count": 0, "ratings_average": 0, "labels_count": 0, "reviews_count": 0}, "year": 1991, "grapes": null, "has_valid_ratings": false}, {"id": 4497022, "seo_name": "paolo-manzone-barolo-serralunga-d-alba-1990", "name": "Paolo Manzone Barolo Serralunga d\u2019Alba 1990", "statistics": {"status": "BelowThreshold", "ratings_count": 0, "ratings_average": 0, "labels_count": 0, "reviews_count": 0}, "year": 1990, "grapes": null, "has_valid_ratings": false}, {"id": 147322342, "seo_name": "paolo-manzone-barolo-serralunga-d-alba-1985", "name": "Paolo Manzone Barolo Serralunga d\u2019Alba 1985", "statistics": {"status": "BelowThreshold", "ratings_count": 0, "ratings_average": 0, "labels_count": 0, "reviews_count": 0}, "year": 1985, "grapes": null, "has_valid_ratings": false}, {"id": 4389674, "seo_name": "paolo-manzone-barolo-serralunga-d-alba-1983", "name": "Paolo Manzone Barolo Serralunga d\u2019Alba 1983", "statistics": {"status": "BelowThreshold", "ratings_count": 0, "ratings_average": 0, "labels_count": 0, "reviews_count": 0}, "year": 1983, "grapes": null, "has_valid_ratings": false}, {"id": 150382242, "seo_name": "paolo-manzone-barolo-serralunga-d-alba-1982", "name": "Paolo Manzone Barolo Serralunga d\u2019Alba 1982", "statistics": {"status": "BelowThreshold", "ratings_count": 0, "ratings_average": 0, "labels_count": 1, "reviews_count": 0}, "year": 1982, "grapes": null, "has_valid_ratings": false}, {"id": 6664849, "seo_name": "paolo-manzone-barolo-serralunga-d-alba-1979", "name": "Paolo Manzone Barolo Serralunga d\u2019Alba 1979", "statistics": {"status": "BelowThreshold", "ratings_count": 0, "ratings_average": 0, "labels_count": 2, "reviews_count": 0}, "year": 1979, "grapes": null, "has_valid_ratings": false}, {"id": 4175522, "seo_name": "paolo-manzone-barolo-serralunga-d-alba-1971", "name": "Paolo Manzone Barolo Serralunga d\u2019Alba 1971", "statistics": {"status": "BelowThreshold", "ratings_count": 0, "ratings_average": 0, "labels_count": 1, "reviews_count": 0}, "year": 1971, "grapes": null, "has_valid_ratings": false}, {"id": 148183908, "seo_name": "paolo-manzone-barolo-serralunga-d-alba-1969", "name": "Paolo Manzone Barolo Serralunga d\u2019Alba 1969", "statistics": {"status": "BelowThreshold", "ratings_count": 0, "ratings_average": 0, "labels_count": 1, "reviews_count": 0}, "year": 1969, "grapes": null, "has_valid_ratings": false}, {"id": 150476798, "seo_name": "paolo-manzone-barolo-serralunga-d-alba-1967", "name": "Paolo Manzone Barolo Serralunga d\u2019Alba 1967", "statistics": {"status": "BelowThreshold", "ratings_count": 0, "ratings_average": 0, "labels_count": 1, "reviews_count": 0}, "year": 1967, "grapes": null, "has_valid_ratings": false}, {"id": 147322326, "seo_name": "paolo-manzone-barolo-serralunga-d-alba-1963", "name": "Paolo Manzone Barolo Serralunga d\u2019Alba 1963", "statistics": {"status": "BelowThreshold", "ratings_count": 0, "ratings_average": 0, "labels_count": 0, "reviews_count": 0}, "year": 1963, "grapes": null, "has_valid_ratings": false}, {"id": 150794695, "seo_name": "paolo-manzone-barolo-serralunga-d-alba-1958", "name": "Paolo Manzone Barolo Serralunga d\u2019Alba 1958", "statistics": {"status": "BelowThreshold", "ratings_count": 0, "ratings_average": 0, "labels_count": 1, "reviews_count": 0}, "year": 1958, "grapes": null, "has_valid_ratings": false}, {"id": 2898504, "seo_name": "paolo-manzone-barolo-serralunga-d-alba-uv", "name": "Paolo Manzone Barolo Serralunga d\u2019Alba", "statistics": {"status": "Normal", "ratings_count": 2864, "ratings_average": 4.1, "labels_count": 80, "reviews_count": 21}, "year": 0, "grapes": null, "has_valid_ratings": true}], "description": "", "grapes": [{"id": 12, "name": "Nebbiolo", "seo_name": "nebbiolo", "has_detailed_info": true, "wines_count": 55983}], "foods": [{"id": 4, "name": "Beef", "background_image": {"location": "//images.vivino.com/backgrounds/foods/4_beef.png", "variations": {"small": "//images.vivino.com/backgrounds/foods/thumbs/4_beef_932x810.png"}}, "seo_name": "beef"}, {"id": 5, "name": "Pasta", "background_image": {"location": "//images.vivino.com/backgrounds/foods/5_pasta.png", "variations": {"small": "//images.vivino.com/backgrounds/foods/thumbs/5_pasta_932x810.png"}}, "seo_name": null}, {"id": 8, "name": "Lamb", "background_image": {"location": "//images.vivino.com/backgrounds/foods/8_lamb.png", "variations": {"small": "//images.vivino.com/backgrounds/foods/thumbs/8_lamb_932x810.png"}}, "seo_name": "lamb"}, {"id": 11, "name": "Game (deer, venison)", "background_image": {"location": "//images.vivino.com/backgrounds/foods/11_venison.png", "variations": {"small": "//images.vivino.com/backgrounds/foods/thumbs/11_venison_932x810.png"}}, "seo_name": "game"}], "non_vintage": false, "alcohol": 14, "sweetness_id": null, "closure": null, "vintage_mask_raw": null, "updated_at": "2021-08-20T17:59:59Z", "created_at": "2010-12-31T12:47:52Z", "is_first_wine": false, "style": {"id": 7, "seo_name": "italian-barolo", "regional_name": "Italian", "varietal_name": "Barolo", "name": "Italian Barolo", "image": null, "background_image": null, "description": "Barolo is a delicious red wine from the Piedmont region of Northern Italy. It is made strictly from Nebbiolo grapes.\n\nAromatic with rich tannins and characteristics of old oak, these wines are considered by most to be some Italy's finest.\n\nTraditionally a wine enjoyed by gentry, Barolo grows in the region's finest plots of soil.\n\nThis wine is robust with evident notes of red flowers on the nose. The palate will enjoy significant acid and strong, long, earthy finish. These wines collect well, although consult a specialist to get a hold of of the best vintages.\n\nPair this food with big and flavorful pastas, or proteins - steak and well-spiced veal. Avoid underseasoned vegetables, leafy greens, or seafood.\n\nThe Nebbiolo grape does not travel well and is high maintenance, which is why it has never thrived quite as well elsewhere as on the Piemontese slopes. Like its top contender, Pinot Noir, Nebbiolo takes kindly to its terroir, thus displaying the subtleties of its environment.", "blurb": "Nebbiolo-based DOCG wine from Piedmont", "interesting_facts": ["Barolo is one of Italy's most expensive wines.", "Barolo is referred to as \u201cThe King of Wines.\u201d It is also called the \u201cWine of Kings.\u201d", "Barolo is aged for more than 5 years - usually 3 of them in oak. The wine can take many more years to soften.", "Barolo is made from the grape Nebbiolo, which name is believed to derive from the Italian word for fog, \u201cNebbia.\u201d"], "body": 5, "body_description": "Very full-bodied", "acidity": 3, "acidity_description": "High", "country": {"code": "it", "name": "Italy", "native_name": "Italia", "seo_name": "italy", "currency": {"code": "EUR", "name": "Euros", "prefix": "\u20ac", "suffix": null}, "regions_count": 557, "users_count": 3875564, "wines_count": 355339, "wineries_count": 41362, "most_used_grapes": [{"id": 16, "name": "Sangiovese", "seo_name": "sangiovese", "has_detailed_info": true, "wines_count": 125094}, {"id": 10, "name": "Merlot", "seo_name": "merlot", "has_detailed_info": true, "wines_count": 566719}, {"id": 5, "name": "Chardonnay", "seo_name": "chardonnay", "has_detailed_info": true, "wines_count": 604208}]}, "wine_type_id": 1, "food": [{"id": 4, "name": "Beef", "background_image": {"location": "//images.vivino.com/backgrounds/foods/4_beef.png", "variations": {"small": "//images.vivino.com/backgrounds/foods/thumbs/4_beef_932x810.png"}}, "seo_name": "beef"}, {"id": 5, "name": "Pasta", "background_image": {"location": "//images.vivino.com/backgrounds/foods/5_pasta.png", "variations": {"small": "//images.vivino.com/backgrounds/foods/thumbs/5_pasta_932x810.png"}}, "seo_name": null}, {"id": 8, "name": "Lamb", "background_image": {"location": "//images.vivino.com/backgrounds/foods/8_lamb.png", "variations": {"small": "//images.vivino.com/backgrounds/foods/thumbs/8_lamb_932x810.png"}}, "seo_name": "lamb"}, {"id": 11, "name": "Game (deer, venison)", "background_image": {"location": "//images.vivino.com/backgrounds/foods/11_venison.png", "variations": {"small": "//images.vivino.com/backgrounds/foods/thumbs/11_venison_932x810.png"}}, "seo_name": "game"}], "grapes": [{"id": 12, "name": "Nebbiolo", "seo_name": "nebbiolo", "has_detailed_info": true, "wines_count": 55983}], "region": {"id": 389, "name": "Piemonte", "name_en": "Piedmont", "seo_name": "piedmont", "country": {"code": "it", "name": "Italy", "native_name": "Italia", "seo_name": "italy", "currency": {"code": "EUR", "name": "Euros", "prefix": "\u20ac", "suffix": null}, "regions_count": 557, "users_count": 3875564, "wines_count": 355339, "wineries_count": 41362, "most_used_grapes": [{"id": 16, "name": "Sangiovese", "seo_name": "sangiovese", "has_detailed_info": true, "wines_count": 125094}, {"id": 10, "name": "Merlot", "seo_name": "merlot", "has_detailed_info": true, "wines_count": 566719}, {"id": 5, "name": "Chardonnay", "seo_name": "chardonnay", "has_detailed_info": true, "wines_count": 604208}]}, "parent_id": null, "background_image": {"location": "//images.vivino.com/regions/backgrounds/QCMFDiiuTVmD66CZfZFvBA.jpg", "variations": {"large": "//thumbs.vivino.com/region_backgrounds/QCMFDiiuTVmD66CZfZFvBA_1280x760.jpg", "medium": "//thumbs.vivino.com/region_backgrounds/QCMFDiiuTVmD66CZfZFvBA_600x356.jpg"}}, "class": {"typecast_map": {"background_image": {}, "class": {}}}, "statistics": {"wineries_count": 5926, "wines_count": 39016, "sub_regions_count": 56, "parent_regions_count": 0}}}, "has_valid_ratings": true}, "highlights": [{"vintage_id": 152684100, "highlight_type": "price_qpr", "message": "Good value for money. Similar wines usually cost 54% more.", "icon": "https://images.vivino.com/highlights/icon/price_qpr.svg", "metadata": {"price": {"id": 26255079, "type": "ppc", "amount": 29.2, "currency": {"code": "EUR", "name": "Euros", "prefix": "\u20ac", "suffix": null}, "discounted_from": null}, "wine_id": 1138791, "toplist": null, "ws_award": null, "critic_review_id": null, "ratings_average": 4.1, "ratings_count": 105, "vintage_year": "2017", "rank_type": "global", "ranks": {"country": {"description": "Rank within Italy", "total": 1562221, "rank": 41270}, "region": {"description": "Rank within Wine Region", "total": 284281, "rank": 9254}, "winery": {"description": "Rank within Winery", "total": 237, "rank": 21}, "global": {"description": "Global Rank", "total": 8944549, "rank": 203277}}, "style": {"id": 7, "seo_name": "italian-barolo", "regional_name": "Italian", "varietal_name": "Barolo", "name": "Italian Barolo", "image": null, "background_image": null, "description": "Barolo is a delicious red wine from the Piedmont region of Northern Italy. It is made strictly from Nebbiolo grapes.\n\nAromatic with rich tannins and characteristics of old oak, these wines are considered by most to be some Italy's finest.\n\nTraditionally a wine enjoyed by gentry, Barolo grows in the region's finest plots of soil.\n\nThis wine is robust with evident notes of red flowers on the nose. The palate will enjoy significant acid and strong, long, earthy finish. These wines collect well, although consult a specialist to get a hold of of the best vintages.\n\nPair this food with big and flavorful pastas, or proteins - steak and well-spiced veal. Avoid underseasoned vegetables, leafy greens, or seafood.\n\nThe Nebbiolo grape does not travel well and is high maintenance, which is why it has never thrived quite as well elsewhere as on the Piemontese slopes. Like its top contender, Pinot Noir, Nebbiolo takes kindly to its terroir, thus displaying the subtleties of its environment.", "blurb": "Nebbiolo-based DOCG wine from Piedmont", "interesting_facts": ["Barolo is one of Italy's most expensive wines.", "Barolo is referred to as \u201cThe King of Wines.\u201d It is also called the \u201cWine of Kings.\u201d", "Barolo is aged for more than 5 years - usually 3 of them in oak. The wine can take many more years to soften.", "Barolo is made from the grape Nebbiolo, which name is believed to derive from the Italian word for fog, \u201cNebbia.\u201d"], "body": 5, "body_description": "Very full-bodied", "acidity": 3, "acidity_description": "High", "country": {"code": "it", "name": "Italy", "native_name": "Italia", "seo_name": "italy", "currency": {"code": "EUR", "name": "Euros", "prefix": "\u20ac", "suffix": null}, "regions_count": 557, "users_count": 3875564, "wines_count": 355339, "wineries_count": 41362, "most_used_grapes": [{"id": 16, "name": "Sangiovese", "seo_name": "sangiovese", "has_detailed_info": true, "wines_count": 125094}, {"id": 10, "name": "Merlot", "seo_name": "merlot", "has_detailed_info": true, "wines_count": 566719}, {"id": 5, "name": "Chardonnay", "seo_name": "chardonnay", "has_detailed_info": true, "wines_count": 604208}]}, "wine_type_id": 1, "food": [{"id": 4, "name": "Beef", "background_image": {"location": "//images.vivino.com/backgrounds/foods/4_beef.png", "variations": {"small": "//images.vivino.com/backgrounds/foods/thumbs/4_beef_932x810.png"}}, "seo_name": "beef"}, {"id": 5, "name": "Pasta", "background_image": {"location": "//images.vivino.com/backgrounds/foods/5_pasta.png", "variations": {"small": "//images.vivino.com/backgrounds/foods/thumbs/5_pasta_932x810.png"}}, "seo_name": null}, {"id": 8, "name": "Lamb", "background_image": {"location": "//images.vivino.com/backgrounds/foods/8_lamb.png", "variations": {"small": "//images.vivino.com/backgrounds/foods/thumbs/8_lamb_932x810.png"}}, "seo_name": "lamb"}, {"id": 11, "name": "Game (deer, venison)", "background_image": {"location": "//images.vivino.com/backgrounds/foods/11_venison.png", "variations": {"small": "//images.vivino.com/backgrounds/foods/thumbs/11_venison_932x810.png"}}, "seo_name": "game"}], "grapes": [{"id": 12, "name": "Nebbiolo", "seo_name": "nebbiolo", "has_detailed_info": true, "wines_count": 55983}], "region": {"id": 389, "name": "Piemonte", "name_en": "Piedmont", "seo_name": "piedmont", "country": {"code": "it", "name": "Italy", "native_name": "Italia", "seo_name": "italy", "currency": {"code": "EUR", "name": "Euros", "prefix": "\u20ac", "suffix": null}, "regions_count": 557, "users_count": 3875564, "wines_count": 355339, "wineries_count": 41362, "most_used_grapes": [{"id": 16, "name": "Sangiovese", "seo_name": "sangiovese", "has_detailed_info": true, "wines_count": 125094}, {"id": 10, "name": "Merlot", "seo_name": "merlot", "has_detailed_info": true, "wines_count": 566719}, {"id": 5, "name": "Chardonnay", "seo_name": "chardonnay", "has_detailed_info": true, "wines_count": 604208}]}, "parent_id": null, "background_image": {"location": "//images.vivino.com/regions/backgrounds/QCMFDiiuTVmD66CZfZFvBA.jpg", "variations": {"large": "//thumbs.vivino.com/region_backgrounds/QCMFDiiuTVmD66CZfZFvBA_1280x760.jpg", "medium": "//thumbs.vivino.com/region_backgrounds/QCMFDiiuTVmD66CZfZFvBA_600x356.jpg"}}, "class": {"typecast_map": {"background_image": {}, "class": {}}}, "statistics": {"wineries_count": 5926, "wines_count": 39016, "sub_regions_count": 56, "parent_regions_count": 0}}}}, "vintage_year": 2017}, {"vintage_id": 1167565, "highlight_type": "best_user_rated", "message": "This vintage rates better than any other year for this wine", "icon": "https://images.vivino.com/highlights/icon/best_user_rated.svg", "metadata": {"price": null, "wine_id": 1138791, "toplist": null, "ws_award": null, "critic_review_id": null, "ratings_average": 4.3, "ratings_count": 53, "vintage_year": "2005", "rank_type": "global", "ranks": {"country": {"description": "Rank within Italy", "total": 1562221, "rank": 46838}, "region": {"description": "Rank within Wine Region", "total": 284281, "rank": 10622}, "winery": {"description": "Rank within Winery", "total": 237, "rank": 27}, "global": {"description": "Global Rank", "total": 8944549, "rank": 236275}}, "style": {"id": 7, "seo_name": "italian-barolo", "regional_name": "Italian", "varietal_name": "Barolo", "name": "Italian Barolo", "image": null, "background_image": null, "description": "Barolo is a delicious red wine from the Piedmont region of Northern Italy. It is made strictly from Nebbiolo grapes.\n\nAromatic with rich tannins and characteristics of old oak, these wines are considered by most to be some Italy's finest.\n\nTraditionally a wine enjoyed by gentry, Barolo grows in the region's finest plots of soil.\n\nThis wine is robust with evident notes of red flowers on the nose. The palate will enjoy significant acid and strong, long, earthy finish. These wines collect well, although consult a specialist to get a hold of of the best vintages.\n\nPair this food with big and flavorful pastas, or proteins - steak and well-spiced veal. Avoid underseasoned vegetables, leafy greens, or seafood.\n\nThe Nebbiolo grape does not travel well and is high maintenance, which is why it has never thrived quite as well elsewhere as on the Piemontese slopes. Like its top contender, Pinot Noir, Nebbiolo takes kindly to its terroir, thus displaying the subtleties of its environment.", "blurb": "Nebbiolo-based DOCG wine from Piedmont", "interesting_facts": ["Barolo is one of Italy's most expensive wines.", "Barolo is referred to as \u201cThe King of Wines.\u201d It is also called the \u201cWine of Kings.\u201d", "Barolo is aged for more than 5 years - usually 3 of them in oak. The wine can take many more years to soften.", "Barolo is made from the grape Nebbiolo, which name is believed to derive from the Italian word for fog, \u201cNebbia.\u201d"], "body": 5, "body_description": "Very full-bodied", "acidity": 3, "acidity_description": "High", "country": {"code": "it", "name": "Italy", "native_name": "Italia", "seo_name": "italy", "currency": {"code": "EUR", "name": "Euros", "prefix": "\u20ac", "suffix": null}, "regions_count": 557, "users_count": 3875564, "wines_count": 355339, "wineries_count": 41362, "most_used_grapes": [{"id": 16, "name": "Sangiovese", "seo_name": "sangiovese", "has_detailed_info": true, "wines_count": 125094}, {"id": 10, "name": "Merlot", "seo_name": "merlot", "has_detailed_info": true, "wines_count": 566719}, {"id": 5, "name": "Chardonnay", "seo_name": "chardonnay", "has_detailed_info": true, "wines_count": 604208}]}, "wine_type_id": 1, "food": [{"id": 4, "name": "Beef", "background_image": {"location": "//images.vivino.com/backgrounds/foods/4_beef.png", "variations": {"small": "//images.vivino.com/backgrounds/foods/thumbs/4_beef_932x810.png"}}, "seo_name": "beef"}, {"id": 5, "name": "Pasta", "background_image": {"location": "//images.vivino.com/backgrounds/foods/5_pasta.png", "variations": {"small": "//images.vivino.com/backgrounds/foods/thumbs/5_pasta_932x810.png"}}, "seo_name": null}, {"id": 8, "name": "Lamb", "background_image": {"location": "//images.vivino.com/backgrounds/foods/8_lamb.png", "variations": {"small": "//images.vivino.com/backgrounds/foods/thumbs/8_lamb_932x810.png"}}, "seo_name": "lamb"}, {"id": 11, "name": "Game (deer, venison)", "background_image": {"location": "//images.vivino.com/backgrounds/foods/11_venison.png", "variations": {"small": "//images.vivino.com/backgrounds/foods/thumbs/11_venison_932x810.png"}}, "seo_name": "game"}], "grapes": [{"id": 12, "name": "Nebbiolo", "seo_name": "nebbiolo", "has_detailed_info": true, "wines_count": 55983}], "region": {"id": 389, "name": "Piemonte", "name_en": "Piedmont", "seo_name": "piedmont", "country": {"code": "it", "name": "Italy", "native_name": "Italia", "seo_name": "italy", "currency": {"code": "EUR", "name": "Euros", "prefix": "\u20ac", "suffix": null}, "regions_count": 557, "users_count": 3875564, "wines_count": 355339, "wineries_count": 41362, "most_used_grapes": [{"id": 16, "name": "Sangiovese", "seo_name": "sangiovese", "has_detailed_info": true, "wines_count": 125094}, {"id": 10, "name": "Merlot", "seo_name": "merlot", "has_detailed_info": true, "wines_count": 566719}, {"id": 5, "name": "Chardonnay", "seo_name": "chardonnay", "has_detailed_info": true, "wines_count": 604208}]}, "parent_id": null, "background_image": {"location": "//images.vivino.com/regions/backgrounds/QCMFDiiuTVmD66CZfZFvBA.jpg", "variations": {"large": "//thumbs.vivino.com/region_backgrounds/QCMFDiiuTVmD66CZfZFvBA_1280x760.jpg", "medium": "//thumbs.vivino.com/region_backgrounds/QCMFDiiuTVmD66CZfZFvBA_600x356.jpg"}}, "class": {"typecast_map": {"background_image": {}, "class": {}}}, "statistics": {"wineries_count": 5926, "wines_count": 39016, "sub_regions_count": 56, "parent_regions_count": 0}}}}, "vintage_year": 2005}, {"vintage_id": 19269095, "highlight_type": "most_user_rated", "message": "Popular among Vivino users. More than 300 ratings", "icon": "https://images.vivino.com/highlights/icon/most_user_rated.svg", "metadata": {"price": null, "wine_id": 1138791, "toplist": null, "ws_award": null, "critic_review_id": 2512584, "ratings_average": 4.2, "ratings_count": 365, "vintage_year": "2013", "rank_type": "global", "ranks": {"country": {"description": "Rank within Italy", "total": 1562221, "rank": 18907}, "region": {"description": "Rank within Wine Region", "total": 284281, "rank": 4117}, "winery": {"description": "Rank within Winery", "total": 237, "rank": 9}, "global": {"description": "Global Rank", "total": 8944549, "rank": 95630}}, "style": {"id": 7, "seo_name": "italian-barolo", "regional_name": "Italian", "varietal_name": "Barolo", "name": "Italian Barolo", "image": null, "background_image": null, "description": "Barolo is a delicious red wine from the Piedmont region of Northern Italy. It is made strictly from Nebbiolo grapes.\n\nAromatic with rich tannins and characteristics of old oak, these wines are considered by most to be some Italy's finest.\n\nTraditionally a wine enjoyed by gentry, Barolo grows in the region's finest plots of soil.\n\nThis wine is robust with evident notes of red flowers on the nose. The palate will enjoy significant acid and strong, long, earthy finish. These wines collect well, although consult a specialist to get a hold of of the best vintages.\n\nPair this food with big and flavorful pastas, or proteins - steak and well-spiced veal. Avoid underseasoned vegetables, leafy greens, or seafood.\n\nThe Nebbiolo grape does not travel well and is high maintenance, which is why it has never thrived quite as well elsewhere as on the Piemontese slopes. Like its top contender, Pinot Noir, Nebbiolo takes kindly to its terroir, thus displaying the subtleties of its environment.", "blurb": "Nebbiolo-based DOCG wine from Piedmont", "interesting_facts": ["Barolo is one of Italy's most expensive wines.", "Barolo is referred to as \u201cThe King of Wines.\u201d It is also called the \u201cWine of Kings.\u201d", "Barolo is aged for more than 5 years - usually 3 of them in oak. The wine can take many more years to soften.", "Barolo is made from the grape Nebbiolo, which name is believed to derive from the Italian word for fog, \u201cNebbia.\u201d"], "body": 5, "body_description": "Very full-bodied", "acidity": 3, "acidity_description": "High", "country": {"code": "it", "name": "Italy", "native_name": "Italia", "seo_name": "italy", "currency": {"code": "EUR", "name": "Euros", "prefix": "\u20ac", "suffix": null}, "regions_count": 557, "users_count": 3875564, "wines_count": 355339, "wineries_count": 41362, "most_used_grapes": [{"id": 16, "name": "Sangiovese", "seo_name": "sangiovese", "has_detailed_info": true, "wines_count": 125094}, {"id": 10, "name": "Merlot", "seo_name": "merlot", "has_detailed_info": true, "wines_count": 566719}, {"id": 5, "name": "Chardonnay", "seo_name": "chardonnay", "has_detailed_info": true, "wines_count": 604208}]}, "wine_type_id": 1, "food": [{"id": 4, "name": "Beef", "background_image": {"location": "//images.vivino.com/backgrounds/foods/4_beef.png", "variations": {"small": "//images.vivino.com/backgrounds/foods/thumbs/4_beef_932x810.png"}}, "seo_name": "beef"}, {"id": 5, "name": "Pasta", "background_image": {"location": "//images.vivino.com/backgrounds/foods/5_pasta.png", "variations": {"small": "//images.vivino.com/backgrounds/foods/thumbs/5_pasta_932x810.png"}}, "seo_name": null}, {"id": 8, "name": "Lamb", "background_image": {"location": "//images.vivino.com/backgrounds/foods/8_lamb.png", "variations": {"small": "//images.vivino.com/backgrounds/foods/thumbs/8_lamb_932x810.png"}}, "seo_name": "lamb"}, {"id": 11, "name": "Game (deer, venison)", "background_image": {"location": "//images.vivino.com/backgrounds/foods/11_venison.png", "variations": {"small": "//images.vivino.com/backgrounds/foods/thumbs/11_venison_932x810.png"}}, "seo_name": "game"}], "grapes": [{"id": 12, "name": "Nebbiolo", "seo_name": "nebbiolo", "has_detailed_info": true, "wines_count": 55983}], "region": {"id": 389, "name": "Piemonte", "name_en": "Piedmont", "seo_name": "piedmont", "country": {"code": "it", "name": "Italy", "native_name": "Italia", "seo_name": "italy", "currency": {"code": "EUR", "name": "Euros", "prefix": "\u20ac", "suffix": null}, "regions_count": 557, "users_count": 3875564, "wines_count": 355339, "wineries_count": 41362, "most_used_grapes": [{"id": 16, "name": "Sangiovese", "seo_name": "sangiovese", "has_detailed_info": true, "wines_count": 125094}, {"id": 10, "name": "Merlot", "seo_name": "merlot", "has_detailed_info": true, "wines_count": 566719}, {"id": 5, "name": "Chardonnay", "seo_name": "chardonnay", "has_detailed_info": true, "wines_count": 604208}]}, "parent_id": null, "background_image": {"location": "//images.vivino.com/regions/backgrounds/QCMFDiiuTVmD66CZfZFvBA.jpg", "variations": {"large": "//thumbs.vivino.com/region_backgrounds/QCMFDiiuTVmD66CZfZFvBA_1280x760.jpg", "medium": "//thumbs.vivino.com/region_backgrounds/QCMFDiiuTVmD66CZfZFvBA_600x356.jpg"}}, "class": {"typecast_map": {"background_image": {}, "class": {}}}, "statistics": {"wineries_count": 5926, "wines_count": 39016, "sub_regions_count": 56, "parent_regions_count": 0}}}}, "vintage_year": 2013}, {"vintage_id": 15036104, "highlight_type": "top_ranked", "message": "Among top 2% of all wines in the world", "icon": "https://images.vivino.com/highlights/icon/top_ranked.svg", "metadata": {"price": null, "wine_id": 1138791, "toplist": null, "ws_award": null, "critic_review_id": null, "ratings_average": 4.2, "ratings_count": 314, "vintage_year": "2015", "rank_type": "global", "ranks": {"country": {"description": "Rank within Italy", "total": 1562221, "rank": 19364}, "region": {"description": "Rank within Wine Region", "total": 284281, "rank": 4222}, "winery": {"description": "Rank within Winery", "total": 237, "rank": 10}, "global": {"description": "Global Rank", "total": 8944549, "rank": 97452}}, "style": {"id": 7, "seo_name": "italian-barolo", "regional_name": "Italian", "varietal_name": "Barolo", "name": "Italian Barolo", "image": null, "background_image": null, "description": "Barolo is a delicious red wine from the Piedmont region of Northern Italy. It is made strictly from Nebbiolo grapes.\n\nAromatic with rich tannins and characteristics of old oak, these wines are considered by most to be some Italy's finest.\n\nTraditionally a wine enjoyed by gentry, Barolo grows in the region's finest plots of soil.\n\nThis wine is robust with evident notes of red flowers on the nose. The palate will enjoy significant acid and strong, long, earthy finish. These wines collect well, although consult a specialist to get a hold of of the best vintages.\n\nPair this food with big and flavorful pastas, or proteins - steak and well-spiced veal. Avoid underseasoned vegetables, leafy greens, or seafood.\n\nThe Nebbiolo grape does not travel well and is high maintenance, which is why it has never thrived quite as well elsewhere as on the Piemontese slopes. Like its top contender, Pinot Noir, Nebbiolo takes kindly to its terroir, thus displaying the subtleties of its environment.", "blurb": "Nebbiolo-based DOCG wine from Piedmont", "interesting_facts": ["Barolo is one of Italy's most expensive wines.", "Barolo is referred to as \u201cThe King of Wines.\u201d It is also called the \u201cWine of Kings.\u201d", "Barolo is aged for more than 5 years - usually 3 of them in oak. The wine can take many more years to soften.", "Barolo is made from the grape Nebbiolo, which name is believed to derive from the Italian word for fog, \u201cNebbia.\u201d"], "body": 5, "body_description": "Very full-bodied", "acidity": 3, "acidity_description": "High", "country": {"code": "it", "name": "Italy", "native_name": "Italia", "seo_name": "italy", "currency": {"code": "EUR", "name": "Euros", "prefix": "\u20ac", "suffix": null}, "regions_count": 557, "users_count": 3875564, "wines_count": 355339, "wineries_count": 41362, "most_used_grapes": [{"id": 16, "name": "Sangiovese", "seo_name": "sangiovese", "has_detailed_info": true, "wines_count": 125094}, {"id": 10, "name": "Merlot", "seo_name": "merlot", "has_detailed_info": true, "wines_count": 566719}, {"id": 5, "name": "Chardonnay", "seo_name": "chardonnay", "has_detailed_info": true, "wines_count": 604208}]}, "wine_type_id": 1, "food": [{"id": 4, "name": "Beef", "background_image": {"location": "//images.vivino.com/backgrounds/foods/4_beef.png", "variations": {"small": "//images.vivino.com/backgrounds/foods/thumbs/4_beef_932x810.png"}}, "seo_name": "beef"}, {"id": 5, "name": "Pasta", "background_image": {"location": "//images.vivino.com/backgrounds/foods/5_pasta.png", "variations": {"small": "//images.vivino.com/backgrounds/foods/thumbs/5_pasta_932x810.png"}}, "seo_name": null}, {"id": 8, "name": "Lamb", "background_image": {"location": "//images.vivino.com/backgrounds/foods/8_lamb.png", "variations": {"small": "//images.vivino.com/backgrounds/foods/thumbs/8_lamb_932x810.png"}}, "seo_name": "lamb"}, {"id": 11, "name": "Game (deer, venison)", "background_image": {"location": "//images.vivino.com/backgrounds/foods/11_venison.png", "variations": {"small": "//images.vivino.com/backgrounds/foods/thumbs/11_venison_932x810.png"}}, "seo_name": "game"}], "grapes": [{"id": 12, "name": "Nebbiolo", "seo_name": "nebbiolo", "has_detailed_info": true, "wines_count": 55983}], "region": {"id": 389, "name": "Piemonte", "name_en": "Piedmont", "seo_name": "piedmont", "country": {"code": "it", "name": "Italy", "native_name": "Italia", "seo_name": "italy", "currency": {"code": "EUR", "name": "Euros", "prefix": "\u20ac", "suffix": null}, "regions_count": 557, "users_count": 3875564, "wines_count": 355339, "wineries_count": 41362, "most_used_grapes": [{"id": 16, "name": "Sangiovese", "seo_name": "sangiovese", "has_detailed_info": true, "wines_count": 125094}, {"id": 10, "name": "Merlot", "seo_name": "merlot", "has_detailed_info": true, "wines_count": 566719}, {"id": 5, "name": "Chardonnay", "seo_name": "chardonnay", "has_detailed_info": true, "wines_count": 604208}]}, "parent_id": null, "background_image": {"location": "//images.vivino.com/regions/backgrounds/QCMFDiiuTVmD66CZfZFvBA.jpg", "variations": {"large": "//thumbs.vivino.com/region_backgrounds/QCMFDiiuTVmD66CZfZFvBA_1280x760.jpg", "medium": "//thumbs.vivino.com/region_backgrounds/QCMFDiiuTVmD66CZfZFvBA_600x356.jpg"}}, "class": {"typecast_map": {"background_image": {}, "class": {}}}, "statistics": {"wineries_count": 5926, "wines_count": 39016, "sub_regions_count": 56, "parent_regions_count": 0}}}}, "vintage_year": 2015}], "recommended_vintages": [{"vintage": {"id": 152684100, "seo_name": "paolo-manzone-barolo-serralunga-d-alba-2017", "name": "Paolo Manzone Barolo Serralunga d\u2019Alba 2017", "statistics": {"status": "Normal", "ratings_count": 105, "ratings_average": 4.1, "labels_count": 648, "reviews_count": 44}, "year": 2017, "grapes": null, "has_valid_ratings": true}, "type": "price_qpr", "highlight_icon": "https://images.vivino.com/highlights/icon/price_qpr.svg", "price": {"id": 26255079, "type": "ppc", "amount": 29.2, "currency": {"code": "EUR", "name": "Euros", "prefix": "\u20ac", "suffix": null}, "discounted_from": null}}, {"vintage": {"id": 1167565, "seo_name": "paolo-manzone-barolo-serralunga-d-alba-2005", "name": "Paolo Manzone Barolo Serralunga d\u2019Alba 2005", "statistics": {"status": "Normal", "ratings_count": 53, "ratings_average": 4.3, "labels_count": 364, "reviews_count": 13}, "year": 2005, "grapes": null, "has_valid_ratings": true}, "type": "best_user_rated", "highlight_icon": "https://images.vivino.com/highlights/icon/best_user_rated.svg", "price": null}, {"vintage": {"id": 19269095, "seo_name": "paolo-manzone-barolo-serralunga-d-alba-2013", "name": "Paolo Manzone Barolo Serralunga d\u2019Alba 2013", "statistics": {"status": "Normal", "ratings_count": 365, "ratings_average": 4.2, "labels_count": 3058, "reviews_count": 122}, "year": 2013, "grapes": null, "has_valid_ratings": true}, "type": "most_user_rated", "highlight_icon": "https://images.vivino.com/highlights/icon/most_user_rated.svg", "price": null}, {"vintage": {"id": 15036104, "seo_name": "paolo-manzone-barolo-serralunga-d-alba-2015", "name": "Paolo Manzone Barolo Serralunga d\u2019Alba 2015", "statistics": {"status": "Normal", "ratings_count": 314, "ratings_average": 4.2, "labels_count": 2574, "reviews_count": 102}, "year": 2015, "grapes": null, "has_valid_ratings": true}, "type": "top_ranked", "highlight_icon": "https://images.vivino.com/highlights/icon/top_ranked.svg", "price": null}], "prices_and_availabilities": [], "price_range": {"currency": {"code": "EUR", "name": "Euros", "prefix": "\u20ac", "suffix": null}, "price_range": {"minimum": 0, "maximum": 500, "currency_code": "EUR"}, "defaults": {"minimum": 7, "maximum": 30, "currency_code": "EUR"}}, "subtotal_price": null}