{"tastes": {"structure": {"acidity": 4.088288, "fizziness": null, "intensity": 1.6590091, "sweetness": 1.5388589, "tannin": 2.338889, "user_structure_count": 39, "calculated_structure_count": 31}, "flavor": [{"group": "red_fruit", "stats": {"count": 28, "score": 4713, "mentions_count": 47}, "primary_keywords": [{"id": 93, "name": "cherry", "count": 16}, {"id": 354, "name": "red fruit", "count": 9}, {"id": 348, "name": "raspberry", "count": 8}, {"id": 400, "name": "strawberry", "count": 5}, {"id": 122, "name": "cranberry", "count": 4}, {"id": 361, "name": "ripe strawberry", "count": 3}, {"id": 452, "name": "wild strawberry", "count": 1}, {"id": 171, "name": "fresh strawberry", "count": 1}], "secondary_keywords": [{"id": 38, "name": "black cherry", "count": 1}]}, {"group": "oak", "stats": {"count": 24, "score": 3165, "mentions_count": 35}, "primary_keywords": [{"id": 292, "name": "oak", "count": 16}, {"id": 422, "name": "tobacco", "count": 8}, {"id": 434, "name": "vanilla", "count": 4}, {"id": 5, "name": "allspice", "count": 2}, {"id": 101, "name": "chocolate", "count": 1}, {"id": 117, "name": "coffee", "count": 1}, {"id": 112, "name": "clove", "count": 1}, {"id": 115, "name": "coconut", "count": 1}, {"id": 70, "name": "butter", "count": 1}], "secondary_keywords": [{"id": 384, "name": "smoke", "count": 2}, {"id": 242, "name": "leather", "count": 1}, {"id": 65, "name": "brown sugar", "count": 1}, {"id": 105, "name": "cinnamon", "count": 1}, {"id": 423, "name": "tobacco leaf", "count": 1}, {"id": 14, "name": "ash", "count": 1}]}, {"group": "earth", "stats": {"count": 20, "score": 2616, "mentions_count": 26}, "primary_keywords": [{"id": 156, "name": "earthy", "count": 7}, {"id": 165, "name": "forest floor", "count": 6}, {"id": 276, "name": "minerals", "count": 4}, {"id": 384, "name": "smoke", "count": 2}, {"id": 242, "name": "leather", "count": 1}, {"id": 412, "name": "tar", "count": 1}, {"id": 398, "name": "stone", "count": 1}, {"id": 284, "name": "mushroom", "count": 1}, {"id": 423, "name": "tobacco leaf", "count": 1}, {"id": 207, "name": "grilled meat", "count": 1}, {"id": 14, "name": "ash", "count": 1}], "secondary_keywords": [{"id": 422, "name": "tobacco", "count": 8}, {"id": 5, "name": "allspice", "count": 2}]}, {"group": "black_fruit", "stats": {"count": 8, "score": 787, "mentions_count": 8}, "primary_keywords": [{"id": 334, "name": "plum", "count": 4}, {"id": 55, "name": "blueberry", "count": 2}, {"id": 38, "name": "black cherry", "count": 1}, {"id": 52, "name": "blackcurrant", "count": 1}]}, {"group": "non_oak", "stats": {"count": 16, "score": 523, "mentions_count": 3}, "primary_keywords": [{"id": 65, "name": "brown sugar", "count": 1}, {"id": 438, "name": "walnut", "count": 1}, {"id": 291, "name": "nutty", "count": 1}], "secondary_keywords": [{"id": 422, "name": "tobacco", "count": 8}, {"id": 434, "name": "vanilla", "count": 4}, {"id": 384, "name": "smoke", "count": 2}, {"id": 5, "name": "allspice", "count": 2}, {"id": 117, "name": "coffee", "count": 1}, {"id": 112, "name": "clove", "count": 1}, {"id": 105, "name": "cinnamon", "count": 1}, {"id": 423, "name": "tobacco leaf", "count": 1}]}, {"group": "spices", "stats": {"count": 6, "score": 293, "mentions_count": 3}, "primary_keywords": [{"id": 249, "name": "licorice", "count": 1}, {"id": 26, "name": "bay leaf", "count": 1}, {"id": 105, "name": "cinnamon", "count": 1}], "secondary_keywords": [{"id": 434, "name": "vanilla", "count": 4}, {"id": 112, "name": "clove", "count": 1}]}, {"group": "vegetal", "stats": {"count": 4, "score": 320, "mentions_count": 3}, "primary_keywords": [{"id": 16, "name": "asparagus", "count": 2}, {"id": 426, "name": "tomato leaf", "count": 1}], "secondary_keywords": [{"id": 423, "name": "tobacco leaf", "count": 1}]}, {"group": "microbio", "stats": {"count": 4, "score": 283, "mentions_count": 2}, "primary_keywords": [{"id": 91, "name": "cheese", "count": 1}, {"id": 123, "name": "cream", "count": 1}], "secondary_keywords": [{"id": 284, "name": "mushroom", "count": 1}, {"id": 70, "name": "butter", "count": 1}]}, {"group": "dried_fruit", "stats": {"count": 1, "score": 100, "mentions_count": 1}, "primary_keywords": [{"id": 144, "name": "dried cranberry", "count": 1}]}]}, "vivino_id": "6542104"}