{"tastes": {"structure": {"acidity": 4.6372776, "fizziness": null, "intensity": 3.0284913, "sweetness": 2.6261113, "tannin": null, "user_structure_count": 123, "calculated_structure_count": 106}, "flavor": [{"group": "earth", "stats": {"count": 111, "score": 17965, "mentions_count": 184}, "primary_keywords": [{"id": 218, "name": "honey", "count": 65}, {"id": 276, "name": "minerals", "count": 33}, {"id": 325, "name": "petroleum", "count": 26}, {"id": 398, "name": "stone", "count": 17}, {"id": 383, "name": "slate", "count": 11}, {"id": 164, "name": "flint", "count": 9}, {"id": 384, "name": "smoke", "count": 5}, {"id": 181, "name": "ginger", "count": 4}, {"id": 284, "name": "mushroom", "count": 2}, {"id": 219, "name": "honeycomb", "count": 2}, {"id": 441, "name": "wax", "count": 2}, {"id": 444, "name": "wet slate", "count": 1}, {"id": 85, "name": "chalk", "count": 1}, {"id": 239, "name": "lanolin", "count": 1}, {"id": 377, "name": "salt", "count": 1}, {"id": 235, "name": "kerosene", "count": 1}, {"id": 226, "name": "iron", "count": 1}, {"id": 466, "name": "plastic", "count": 1}, {"id": 376, "name": "saline", "count": 1}], "secondary_keywords": [{"id": 6, "name": "almond", "count": 1}, {"id": 267, "name": "marzipan", "count": 1}]}, {"group": "tree_fruit", "stats": {"count": 87, "score": 15500, "mentions_count": 155}, "primary_keywords": [{"id": 310, "name": "peach", "count": 49}, {"id": 11, "name": "apricot", "count": 30}, {"id": 9, "name": "apple", "count": 19}, {"id": 271, "name": "melon", "count": 16}, {"id": 315, "name": "pear", "count": 13}, {"id": 448, "name": "white peach", "count": 6}, {"id": 469, "name": "stone fruit", "count": 6}, {"id": 195, "name": "green apple", "count": 4}, {"id": 343, "name": "quince", "count": 3}, {"id": 288, "name": "nectarine", "count": 3}, {"id": 461, "name": "yellow plum", "count": 2}, {"id": 458, "name": "yellow apple", "count": 2}, {"id": 460, "name": "yellow peach", "count": 1}, {"id": 19, "name": "baked apple", "count": 1}]}, {"group": "citrus_fruit", "stats": {"count": 67, "score": 8500, "mentions_count": 85}, "primary_keywords": [{"id": 106, "name": "citrus", "count": 31}, {"id": 243, "name": "lemon", "count": 19}, {"id": 252, "name": "lime", "count": 11}, {"id": 411, "name": "tangerine", "count": 5}, {"id": 298, "name": "orange", "count": 4}, {"id": 300, "name": "orange peel", "count": 4}, {"id": 109, "name": "citrus zest", "count": 2}, {"id": 246, "name": "lemon peel", "count": 2}, {"id": 248, "name": "lemon zest", "count": 1}, {"id": 266, "name": "marmalade", "count": 1}, {"id": 274, "name": "meyer lemon", "count": 1}, {"id": 236, "name": "key lime", "count": 1}, {"id": 260, "name": "mandarin orange", "count": 1}, {"id": 254, "name": "lime zest", "count": 1}, {"id": 190, "name": "grapefruit", "count": 1}]}, {"group": "tropical_fruit", "stats": {"count": 43, "score": 5333, "mentions_count": 53}, "primary_keywords": [{"id": 428, "name": "tropical", "count": 25}, {"id": 329, "name": "pineapple", "count": 15}, {"id": 256, "name": "lychee", "count": 4}, {"id": 261, "name": "mango", "count": 3}, {"id": 306, "name": "passion fruit", "count": 3}, {"id": 396, "name": "starfruit", "count": 1}, {"id": 208, "name": "grilled pineapple", "count": 1}, {"id": 237, "name": "kiwi", "count": 1}], "secondary_keywords": [{"id": 23, "name": "banana", "count": 1}]}, {"group": "oak", "stats": {"count": 23, "score": 2083, "mentions_count": 22}, "primary_keywords": [{"id": 434, "name": "vanilla", "count": 7}, {"id": 70, "name": "butter", "count": 3}, {"id": 292, "name": "oak", "count": 3}, {"id": 424, "name": "toffee", "count": 2}, {"id": 83, "name": "cedar", "count": 2}, {"id": 115, "name": "coconut", "count": 2}, {"id": 79, "name": "caramel", "count": 1}, {"id": 138, "name": "dill", "count": 1}, {"id": 290, "name": "nutmeg", "count": 1}], "secondary_keywords": [{"id": 384, "name": "smoke", "count": 5}, {"id": 6, "name": "almond", "count": 1}, {"id": 267, "name": "marzipan", "count": 1}]}, {"group": "microbio", "stats": {"count": 26, "score": 2124, "mentions_count": 18}, "primary_keywords": [{"id": 123, "name": "cream", "count": 6}, {"id": 295, "name": "oil", "count": 5}, {"id": 91, "name": "cheese", "count": 3}, {"id": 457, "name": "yeast", "count": 3}, {"id": 23, "name": "banana", "count": 1}], "secondary_keywords": [{"id": 70, "name": "butter", "count": 3}, {"id": 284, "name": "mushroom", "count": 2}, {"id": 424, "name": "toffee", "count": 2}, {"id": 417, "name": "toast", "count": 2}, {"id": 6, "name": "almond", "count": 1}, {"id": 239, "name": "lanolin", "count": 1}]}, {"group": "floral", "stats": {"count": 9, "score": 1300, "mentions_count": 13}, "primary_keywords": [{"id": 230, "name": "jasmine", "count": 4}, {"id": 2, "name": "acacia", "count": 2}, {"id": 157, "name": "elderflower", "count": 2}, {"id": 372, "name": "rose water", "count": 1}, {"id": 132, "name": "daffodil", "count": 1}, {"id": 241, "name": "lavender", "count": 1}, {"id": 322, "name": "perfume", "count": 1}, {"id": 221, "name": "honeysuckle", "count": 1}]}, {"group": "dried_fruit", "stats": {"count": 12, "score": 1200, "mentions_count": 12}, "primary_keywords": [{"id": 140, "name": "dried apricot", "count": 5}, {"id": 347, "name": "raisin", "count": 3}, {"id": 184, "name": "golden raisin", "count": 3}, {"id": 150, "name": "dried mango", "count": 1}]}, {"group": "vegetal", "stats": {"count": 8, "score": 1210, "mentions_count": 12}, "primary_keywords": [{"id": 193, "name": "grass", "count": 5}, {"id": 399, "name": "straw", "count": 5}, {"id": 185, "name": "gooseberry", "count": 2}], "secondary_keywords": [{"id": 6, "name": "almond", "count": 1}]}, {"group": "non_oak", "stats": {"count": 21, "score": 682, "mentions_count": 7}, "primary_keywords": [{"id": 291, "name": "nutty", "count": 2}, {"id": 417, "name": "toast", "count": 2}, {"id": 6, "name": "almond", "count": 1}, {"id": 267, "name": "marzipan", "count": 1}, {"id": 438, "name": "walnut", "count": 1}], "secondary_keywords": [{"id": 434, "name": "vanilla", "count": 7}, {"id": 384, "name": "smoke", "count": 5}, {"id": 83, "name": "cedar", "count": 2}, {"id": 79, "name": "caramel", "count": 1}, {"id": 290, "name": "nutmeg", "count": 1}]}, {"group": "red_fruit", "stats": {"count": 2, "score": 300, "mentions_count": 3}, "primary_keywords": [{"id": 452, "name": "wild strawberry", "count": 1}, {"id": 361, "name": "ripe strawberry", "count": 1}, {"id": 348, "name": "raspberry", "count": 1}]}, {"group": "spices", "stats": {"count": 14, "score": 403, "mentions_count": 2}, "primary_keywords": [{"id": 249, "name": "licorice", "count": 1}, {"id": 320, "name": "pepper", "count": 1}], "secondary_keywords": [{"id": 434, "name": "vanilla", "count": 7}, {"id": 181, "name": "ginger", "count": 4}, {"id": 138, "name": "dill", "count": 1}, {"id": 290, "name": "nutmeg", "count": 1}]}, {"group": "black_fruit", "stats": {"count": 1, "score": 100, "mentions_count": 1}, "primary_keywords": [{"id": 49, "name": "blackberry", "count": 1}]}]}, "vivino_id": "86686"}