{"tastes": {"structure": null, "flavor": [{"group": "oak", "stats": {"count": 2, "score": 176, "mentions_count": 2}, "primary_keywords": [{"id": 280, "name": "mocha", "count": 1}, {"id": 292, "name": "oak", "count": 1}]}, {"group": "red_fruit", "stats": {"count": 1, "score": 200, "mentions_count": 2}, "primary_keywords": [{"id": 93, "name": "cherry", "count": 1}, {"id": 400, "name": "strawberry", "count": 1}]}, {"group": "black_fruit", "stats": {"count": 1, "score": 100, "mentions_count": 1}, "primary_keywords": [{"id": 55, "name": "blueberry", "count": 1}]}, {"group": "earth", "stats": {"count": 1, "score": 112, "mentions_count": 1}, "primary_keywords": [{"id": 465, "name": "rubber", "count": 1}], "secondary_keywords": [{"id": 280, "name": "mocha", "count": 1}]}, {"group": "microbio", "stats": {"count": 1, "score": 100, "mentions_count": 1}, "primary_keywords": [{"id": 73, "name": "campfire", "count": 1}]}, {"group": "non_oak", "stats": {"count": 1, "score": 12, "mentions_count": 0}, "secondary_keywords": [{"id": 280, "name": "mocha", "count": 1}]}]}, "vivino_id": "3536744"}