{"tastes": {"structure": {"acidity": 4.119368, "fizziness": null, "intensity": 2.4257336, "sweetness": 1.3943115, "tannin": null, "user_structure_count": 24, "calculated_structure_count": 15}, "flavor": [{"group": "vegetal", "stats": {"count": 12, "score": 1600, "mentions_count": 16}, "primary_keywords": [{"id": 185, "name": "Stachelbeere", "count": 8}, {"id": 425, "name": "Tomate", "count": 2}, {"id": 29, "name": "Paprika", "count": 1}, {"id": 468, "name": "Katzenurin", "count": 1}, {"id": 359, "name": "Rhabarber", "count": 1}, {"id": 193, "name": "Gras", "count": 1}, {"id": 399, "name": "Stroh", "count": 1}, {"id": 197, "name": "Gr\u00fcne Paprika", "count": 1}]}, {"group": "tropical_fruit", "stats": {"count": 12, "score": 1500, "mentions_count": 15}, "primary_keywords": [{"id": 428, "name": "Tropisch", "count": 6}, {"id": 306, "name": "Passionsfrucht", "count": 6}, {"id": 329, "name": "Ananas", "count": 2}, {"id": 210, "name": "Guave", "count": 1}]}, {"group": "citrus_fruit", "stats": {"count": 9, "score": 1000, "mentions_count": 10}, "primary_keywords": [{"id": 106, "name": "Zitrone", "count": 4}, {"id": 243, "name": "Zitrone", "count": 4}, {"id": 190, "name": "Grapefruit", "count": 1}, {"id": 252, "name": "Limette", "count": 1}]}, {"group": "tree_fruit", "stats": {"count": 6, "score": 800, "mentions_count": 8}, "primary_keywords": [{"id": 195, "name": "Gr\u00fcner Apfel", "count": 4}, {"id": 315, "name": "Birne", "count": 1}, {"id": 310, "name": "Pfirsich", "count": 1}, {"id": 9, "name": "Apfel", "count": 1}, {"id": 11, "name": "Aprikose", "count": 1}]}, {"group": "earth", "stats": {"count": 5, "score": 600, "mentions_count": 6}, "primary_keywords": [{"id": 276, "name": "Mineralien", "count": 4}, {"id": 398, "name": "Stein", "count": 1}, {"id": 85, "name": "Kreide", "count": 1}]}, {"group": "spices", "stats": {"count": 2, "score": 300, "mentions_count": 3}, "primary_keywords": [{"id": 375, "name": "Salbei", "count": 1}, {"id": 320, "name": "Pfeffer", "count": 1}, {"id": 413, "name": "Estragon", "count": 1}]}, {"group": "microbio", "stats": {"count": 2, "score": 133, "mentions_count": 1}, "primary_keywords": [{"id": 91, "name": "K\u00e4se", "count": 1}], "secondary_keywords": [{"id": 70, "name": "Butter", "count": 1}]}, {"group": "dried_fruit", "stats": {"count": 1, "score": 91, "mentions_count": 1}, "primary_keywords": [{"id": 163, "name": "Feige", "count": 1}]}, {"group": "oak", "stats": {"count": 1, "score": 67, "mentions_count": 1}, "primary_keywords": [{"id": 70, "name": "Butter", "count": 1}]}, {"group": "non_oak", "stats": {"count": 1, "score": 9, "mentions_count": 0}, "secondary_keywords": [{"id": 163, "name": "Feige", "count": 1}]}]}, "vivino_id": "1735525"}