{"vintage": {"id": 167487153, "seo_name": "groiss-gruner-veltliner-weinviertel-2020", "name": "Ingrid Groiss Gr\u00fcner Veltliner Weinviertel 2020", "statistics": {"status": "Normal", "ratings_count": 145, "ratings_average": 3.9, "labels_count": 444, "reviews_count": 64}, "organic_certification_id": null, "certified_biodynamic": null, "image": {"location": "//images.vivino.com/thumbs/LjT5141vT7Ot-HxKZf0fgw_pl_480x640.png", "variations": {"bottle_large": "//images.vivino.com/thumbs/LjT5141vT7Ot-HxKZf0fgw_pb_x960.png", "bottle_medium": "//images.vivino.com/thumbs/LjT5141vT7Ot-HxKZf0fgw_pb_x600.png", "bottle_medium_square": "//images.vivino.com/thumbs/LjT5141vT7Ot-HxKZf0fgw_pb_600x600.png", "bottle_small": "//images.vivino.com/thumbs/LjT5141vT7Ot-HxKZf0fgw_pb_x300.png", "bottle_small_square": "//images.vivino.com/thumbs/LjT5141vT7Ot-HxKZf0fgw_pb_300x300.png", "label": "//images.vivino.com/thumbs/LjT5141vT7Ot-HxKZf0fgw_pl_480x640.png", "label_large": "//images.vivino.com/thumbs/LjT5141vT7Ot-HxKZf0fgw_pl_375x500.png", "label_medium": "//images.vivino.com/thumbs/LjT5141vT7Ot-HxKZf0fgw_pl_150x200.png", "label_medium_square": "//images.vivino.com/thumbs/LjT5141vT7Ot-HxKZf0fgw_pl_150x150.png", "label_small_square": "//images.vivino.com/thumbs/LjT5141vT7Ot-HxKZf0fgw_pl_80x80.png", "large": "//images.vivino.com/thumbs/LjT5141vT7Ot-HxKZf0fgw_pl_375x500.png", "medium": "//images.vivino.com/thumbs/LjT5141vT7Ot-HxKZf0fgw_pl_150x200.png", "medium_square": "//images.vivino.com/thumbs/LjT5141vT7Ot-HxKZf0fgw_pl_150x150.png", "small_square": "//images.vivino.com/thumbs/LjT5141vT7Ot-HxKZf0fgw_pl_80x80.png"}}, "wine": {"id": 1711457, "name": "Gr\u00fcner Veltliner Weinviertel", "seo_name": "gruner-veltliner-weinviertel", "type_id": 2, "vintage_type": 0, "is_natural": false, "region": {"id": 888, "name": "Weinviertel", "name_en": "", "seo_name": "weinviertel", "country": {"code": "at", "name": "\u00d6sterreich", "native_name": "\u00d6sterreich", "seo_name": "austria", "currency": {"code": "EUR", "name": "Euros", "prefix": "\u20ac", "suffix": null}, "regions_count": 29, "users_count": 198116, "wines_count": 53278, "wineries_count": 4638, "most_used_grapes": [{"id": 233, "name": "Gr\u00fcner Veltliner", "seo_name": "gruner-veltliner", "has_detailed_info": false, "wines_count": 37953}, {"id": 257, "name": "Zweigelt", "seo_name": "zweigelt", "has_detailed_info": false, "wines_count": 31578}, {"id": 15, "name": "Riesling", "seo_name": "riesling", "has_detailed_info": true, "wines_count": 259925}]}, "parent_id": 583, "background_image": null, "class": {"typecast_map": {"background_image": {}, "class": {}}}, "statistics": {"wineries_count": 294, "wines_count": 2843, "sub_regions_count": 0, "parent_regions_count": 2}}, "review_status": 2, "winery": {"id": 70429, "name": "Ingrid Groiss", "seo_name": "groiss", "status": 1, "review_status": "Completed", "background_image": null, "statistics": {"ratings_count": 2962, "ratings_average": 4, "labels_count": 8618, "wines_count": 16}, "region": {"id": 888, "name": "Weinviertel", "name_en": "", "seo_name": "weinviertel", "country": {"code": "at", "name": "\u00d6sterreich", "native_name": "\u00d6sterreich", "seo_name": "austria", "currency": {"code": "EUR", "name": "Euros", "prefix": "\u20ac", "suffix": null}, "regions_count": 29, "users_count": 198116, "wines_count": 53278, "wineries_count": 4638, "most_used_grapes": [{"id": 233, "name": "Gr\u00fcner Veltliner", "seo_name": "gruner-veltliner", "has_detailed_info": false, "wines_count": 37953}, {"id": 257, "name": "Zweigelt", "seo_name": "zweigelt", "has_detailed_info": false, "wines_count": 31578}, {"id": 15, "name": "Riesling", "seo_name": "riesling", "has_detailed_info": true, "wines_count": 259925}]}, "parent_id": 583, "background_image": null, "class": {"typecast_map": {"background_image": {}, "class": {}}}, "statistics": {"wineries_count": 294, "wines_count": 2843, "sub_regions_count": 0, "parent_regions_count": 2}}, "business_name": "Weingut Ingrid Groiss", "description": "", "specialists_notes": "", "phone": "0676 3927703", "email": "info@ingrid-groiss.at", "facebook": "https://www.facebook.com/weingutingridgroiss", "instagram": "", "is_claimed": true, "twitter": "@ingrid_groiss", "website": "http://www.ingrid-groiss.at", "winemaker": "Dorne Waters", "wine_maker": {"id": 6071, "name": "Dorne Waters"}, "address": {"title": null, "name": null, "street": "Herrengasse", "street2": null, "neighborhood": null, "city": "Breitenwaida", "zip": "2014", "state": null, "country": {"code": "at", "name": "\u00d6sterreich", "native_name": "\u00d6sterreich", "seo_name": "austria", "currency": {"code": "EUR", "name": "Euros", "prefix": "\u20ac", "suffix": null}, "regions_count": 29, "users_count": 198116, "wines_count": 53278, "wineries_count": 4638, "most_used_grapes": [{"id": 233, "name": "Gr\u00fcner Veltliner", "seo_name": "gruner-veltliner", "has_detailed_info": false, "wines_count": 37953}, {"id": 257, "name": "Zweigelt", "seo_name": "zweigelt", "has_detailed_info": false, "wines_count": 31578}, {"id": 15, "name": "Riesling", "seo_name": "riesling", "has_detailed_info": true, "wines_count": 259925}]}, "company": null, "phone": null, "external_id": null, "residential": null, "vat_number": null, "vat_code": null, "addition": null}, "image": {"location": "//images.vivino.com/wineries/70429/logos/7AW3LHqNRNyxHbXmp6tLCQ.gif", "variations": {"large": "//thumbs.vivino.com/wineries/70429/logos/7AW3LHqNRNyxHbXmp6tLCQ_500x500.gif", "medium": "//thumbs.vivino.com/wineries/70429/logos/7AW3LHqNRNyxHbXmp6tLCQ_200x200.gif", "small_square": "//thumbs.vivino.com/wineries/70429/logos/7AW3LHqNRNyxHbXmp6tLCQ_80x80.gif"}}, "location": null, "winery_group": null, "first_wines": [], "sponsored_entity_type": null, "sponsored_entity": null}, "statistics": {"status": "Normal", "ratings_count": 1277, "ratings_average": 3.9, "labels_count": 3711, "vintages_count": 14}, "rank": {"country": {"description": "Rang von \u00d6sterreich", "total": 34949, "rank": 641}, "region": {"description": "Rang von Weinregion", "total": 2183, "rank": 15}, "winery": {"description": "Rang vom Weingut", "total": 15, "rank": 2}, "wine_type": {"description": "Rang in allen Wei\u00dfwein", "total": 394072, "rank": 10205}, "global": {"description": "Weltweiter Rang", "total": 1287382, "rank": 47143}}, "hidden": false, "vintages": [{"id": 167487153, "seo_name": "groiss-gruner-veltliner-weinviertel-2020", "name": "Ingrid Groiss Gr\u00fcner Veltliner Weinviertel 2020", "statistics": {"status": "Normal", "ratings_count": 145, "ratings_average": 3.9, "labels_count": 444, "reviews_count": 64}, "year": 2020, "grapes": null, "has_valid_ratings": true}, {"id": 163469462, "seo_name": "groiss-gruner-veltliner-weinviertel-2019", "name": "Ingrid Groiss Gr\u00fcner Veltliner Weinviertel 2019", "statistics": {"status": "Normal", "ratings_count": 286, "ratings_average": 4, "labels_count": 869, "reviews_count": 97}, "year": 2019, "grapes": null, "has_valid_ratings": true}, {"id": 156244058, "seo_name": "groiss-gruner-veltliner-weinviertel-2018", "name": "Ingrid Groiss Gr\u00fcner Veltliner Weinviertel 2018", "statistics": {"status": "Normal", "ratings_count": 242, "ratings_average": 4.1, "labels_count": 774, "reviews_count": 94}, "year": 2018, "grapes": null, "has_valid_ratings": true}, {"id": 153271363, "seo_name": "groiss-gruner-veltliner-weinviertel-2017", "name": "Ingrid Groiss Gr\u00fcner Veltliner Weinviertel 2017", "statistics": {"status": "Normal", "ratings_count": 161, "ratings_average": 3.8, "labels_count": 608, "reviews_count": 58}, "year": 2017, "grapes": null, "has_valid_ratings": true}, {"id": 146797582, "seo_name": "groiss-gruner-veltliner-weinviertel-2016", "name": "Ingrid Groiss Gr\u00fcner Veltliner Weinviertel 2016", "statistics": {"status": "Normal", "ratings_count": 87, "ratings_average": 3.9, "labels_count": 207, "reviews_count": 28}, "year": 2016, "grapes": null, "has_valid_ratings": true}, {"id": 109917872, "seo_name": "groiss-gruner-veltliner-weinviertel-2015", "name": "Ingrid Groiss Gr\u00fcner Veltliner Weinviertel 2015", "statistics": {"status": "Normal", "ratings_count": 77, "ratings_average": 3.9, "labels_count": 227, "reviews_count": 21}, "year": 2015, "grapes": null, "has_valid_ratings": true}, {"id": 18740636, "seo_name": "groiss-gruner-veltliner-weinviertel-2014", "name": "Ingrid Groiss Gr\u00fcner Veltliner Weinviertel 2014", "statistics": {"status": "Normal", "ratings_count": 60, "ratings_average": 3.7, "labels_count": 169, "reviews_count": 28}, "year": 2014, "grapes": null, "has_valid_ratings": true}, {"id": 4462303, "seo_name": "groiss-gruner-veltliner-weinviertel-2013", "name": "Ingrid Groiss Gr\u00fcner Veltliner Weinviertel 2013", "statistics": {"status": "Normal", "ratings_count": 84, "ratings_average": 3.9, "labels_count": 266, "reviews_count": 41}, "year": 2013, "grapes": null, "has_valid_ratings": true}, {"id": 3739785, "seo_name": "groiss-gruner-veltliner-weinviertel-2012", "name": "Ingrid Groiss Gr\u00fcner Veltliner Weinviertel 2012", "statistics": {"status": "BelowThreshold", "ratings_count": 6, "ratings_average": 0, "labels_count": 9, "reviews_count": 2}, "year": 2012, "grapes": null, "has_valid_ratings": false}, {"id": 2701089, "seo_name": "groiss-gruner-veltliner-weinviertel-uv", "name": "Ingrid Groiss Gr\u00fcner Veltliner Weinviertel", "statistics": {"status": "Normal", "ratings_count": 1277, "ratings_average": 3.9, "labels_count": 121, "reviews_count": 55}, "year": 0, "grapes": null, "has_valid_ratings": true}], "description": "Shiny golden with green nuances, fresh yellow and juicy fruits, red ripe pomegranate, yellow apple and elegant white blossom, full-bodied and mineralic on the palate, lively structure and acidity as well as a long finish.", "grapes": [{"id": 233, "name": "Gr\u00fcner Veltliner", "seo_name": "gruner-veltliner", "has_detailed_info": false, "wines_count": 37953}], "foods": [{"id": 10, "name": "Schweinefleisch", "background_image": {"location": "//images.vivino.com/backgrounds/foods/10_pork.png", "variations": {"small": "//images.vivino.com/backgrounds/foods/thumbs/10_pork_932x810.png"}}, "seo_name": "pork"}, {"id": 19, "name": "Vegetarische Gerichte", "background_image": {"location": "//images.vivino.com/backgrounds/foods/19_vegetarian.png", "variations": {"small": "//images.vivino.com/backgrounds/foods/thumbs/19_vegetarian_932x810.png"}}, "seo_name": "vegetarian"}, {"id": 20, "name": "Gefl\u00fcgel", "background_image": {"location": "//images.vivino.com/backgrounds/foods/20_chicken.png", "variations": {"small": "//images.vivino.com/backgrounds/foods/thumbs/20_chicken_932x810.png"}}, "seo_name": "poultry"}, {"id": 28, "name": "Magerer Fisch", "background_image": {"location": "//images.vivino.com/backgrounds/foods/28_leanfish.png", "variations": {"small": "//images.vivino.com/backgrounds/foods/thumbs/28_leanfish_932x810.png"}}, "seo_name": null}, {"id": 41, "name": "Ger\u00e4ucherte Fleischprodukte", "background_image": {"location": "//images.vivino.com/backgrounds/foods/41_curedmeat.png", "variations": {"small": "//images.vivino.com/backgrounds/foods/thumbs/41_curedmeat_932x810.png"}}, "seo_name": null}], "non_vintage": false, "alcohol": 13, "sweetness_id": null, "closure": null, "vintage_mask_raw": null, "updated_at": "2021-11-06T19:27:07Z", "created_at": "2013-07-11T15:34:00Z", "is_first_wine": false, "style": {"id": 93, "seo_name": "austrian-gruner-veltliner", "regional_name": "Austrian", "varietal_name": "Gr\u00fcner Veltliner", "name": "Gr\u00fcner Veltliner \u00d6sterreich", "image": null, "background_image": null, "description": "Gr\u00fcner Veltliner is the signature grape of Austria. Following strict fermentation and bottling standards, is it difficult to find a poorly made Gr\u00fcner.\n\nVery similar to Sauvignon Blanc, in many respects, Gr\u00fcner Veltliner is a great alternative to explore, expressing nuances that will make your nose and palate crave more. Although hard to find, sparkling Gr\u00fcner are exceptionally fun to try.\n\nDry, delicate, with a tingly finish, this wine imparts significant citrus flavors of lime, lemon, and grapefruit. Some Gr\u00fcner also have a prevailing nectarine note as well. For non-fruits Gr\u00fcner, you can expect white pepper, and slight bitterness of flavors of vegetables like radish.\n\nIf oaked, which not all are, you will taste and smell nut and cream. These wines do not have significant shelf life, and are best enjoyed within 2 years of bottling.\n\nWhen pairing with food think light delicate proteins such as veal, pat\u00e9, or roasted pork. This wine goes also well with light flaky fish, and mollusks such as oysters and mussels. Gr\u00fcner goes particularly well with soft cows' milk or goat cheese, and is traditionally paired with Wienerschnitzel.", "blurb": null, "interesting_facts": ["Austria is the home to some of the oldest wine grapes dating as far back as 2000 BC.", "Gr\u00fcner Veltliner has been around since Roman times.", "Strict Austrian wine regulations allow vendors and wine makers to import only as much wine as they export in order to control price and quality."], "body": 3, "body_description": "Mittlerer K\u00f6rper", "acidity": 3, "acidity_description": "Hoch", "country": {"code": "at", "name": "\u00d6sterreich", "native_name": "\u00d6sterreich", "seo_name": "austria", "currency": {"code": "EUR", "name": "Euros", "prefix": "\u20ac", "suffix": null}, "regions_count": 29, "users_count": 198116, "wines_count": 53278, "wineries_count": 4638, "most_used_grapes": [{"id": 233, "name": "Gr\u00fcner Veltliner", "seo_name": "gruner-veltliner", "has_detailed_info": false, "wines_count": 37953}, {"id": 257, "name": "Zweigelt", "seo_name": "zweigelt", "has_detailed_info": false, "wines_count": 31578}, {"id": 15, "name": "Riesling", "seo_name": "riesling", "has_detailed_info": true, "wines_count": 259925}]}, "wine_type_id": 2, "food": [{"id": 10, "name": "Pork", "background_image": {"location": "//images.vivino.com/backgrounds/foods/10_pork.png", "variations": {"small": "//images.vivino.com/backgrounds/foods/thumbs/10_pork_932x810.png"}}, "seo_name": "pork"}, {"id": 19, "name": "Vegetarian", "background_image": {"location": "//images.vivino.com/backgrounds/foods/19_vegetarian.png", "variations": {"small": "//images.vivino.com/backgrounds/foods/thumbs/19_vegetarian_932x810.png"}}, "seo_name": "vegetarian"}, {"id": 20, "name": "Poultry", "background_image": {"location": "//images.vivino.com/backgrounds/foods/20_chicken.png", "variations": {"small": "//images.vivino.com/backgrounds/foods/thumbs/20_chicken_932x810.png"}}, "seo_name": "poultry"}, {"id": 28, "name": "Lean fish", "background_image": {"location": "//images.vivino.com/backgrounds/foods/28_leanfish.png", "variations": {"small": "//images.vivino.com/backgrounds/foods/thumbs/28_leanfish_932x810.png"}}, "seo_name": null}, {"id": 41, "name": "Cured Meat", "background_image": {"location": "//images.vivino.com/backgrounds/foods/41_curedmeat.png", "variations": {"small": "//images.vivino.com/backgrounds/foods/thumbs/41_curedmeat_932x810.png"}}, "seo_name": null}], "grapes": [{"id": 233, "name": "Gr\u00fcner Veltliner", "seo_name": "gruner-veltliner", "has_detailed_info": false, "wines_count": 37953}], "region": null}, "has_valid_ratings": true}, "description": "", "expert_reviews": null, "wine_critic_reviews": [], "awards": [], "ratings_distribution": {"1": 0, "2": 3, "3": 47, "4": 81, "5": 14}, "ranking": {"country": {"description": "Rang von \u00d6sterreich", "total": 201209, "rank": 5765}, "region": {"description": "Rang von Weinregion", "total": 11158, "rank": 185}, "winery": {"description": "Rang vom Weingut", "total": 118, "rank": 15}, "global": {"description": "Weltweiter Rang", "total": 8825179, "rank": 460400}}, "top_list_rankings": [{"rank": 16, "previous_rank": 16, "description": null, "top_list": {"id": 86456, "name": "Derzeit topbewertete 25 Austrian Gr\u00fcner Veltliner Weine in Deutschland", "seo_name": "top-25-austrian-gruner-veltliner-wines-germany-right-now-ger", "country": "de", "state": null, "level": 0, "intro_header": null, "description": "Dies sind die topbewerteten 25 Austrian Gr\u00fcner Veltliner Weine, die k\u00fcrzlich so von Vivino-Nutzern in Deutschland bewertet wurden.<br><br>M\u00f6chten Sie Ihre Favoriten in der Liste sehen? Denken Sie daran, sie zu bewerten und pr\u00fcfen Sie jede Woche die Liste.<br>N\u00e4chste Aktualisierung in 6 Tage", "short_description": "Dies sind die topbewerteten 25Austrian Gr\u00fcner Veltliner Weine, die so von Vivino-Nutzern bewertet wurden und die jede Woche aktualisiert werden.", "updated_at": "2021-12-17T02:16:12.000Z", "image": {"location": "//images.vivino.com/top_lists/toplist_chart_expensive.png", "variations": {"medium": "//images.vivino.com/top_lists/toplist_chart_expensive_468x276.png"}}, "icon": null, "author": null}}], "wine_facts": {}, "winemaker": null, "wine_maker": null, "grape_composition": {"233": 100}, "year": 2020, "grapes": [{"id": 233, "name": "Gr\u00fcner Veltliner", "seo_name": "gruner-veltliner", "has_detailed_info": false, "wines_count": 37953}], "has_valid_ratings": true}, "carts": null, "price_range": {"currency": {"code": "EUR", "name": "Euros", "prefix": "\u20ac", "suffix": null}, "price_range": {"minimum": 0, "maximum": 500, "currency_code": "EUR"}, "defaults": {"minimum": 7, "maximum": 30, "currency_code": "EUR"}}, "subtotal_price": null, "full_region": null, "tastes": null, "wine": {"id": 1711457, "name": "Gr\u00fcner Veltliner Weinviertel", "seo_name": "gruner-veltliner-weinviertel", "type_id": 2, "vintage_type": 0, "is_natural": false, "region": {"id": 888, "name": "Weinviertel", "name_en": "", "seo_name": "weinviertel", "country": {"code": "at", "name": "\u00d6sterreich", "native_name": "\u00d6sterreich", "seo_name": "austria", "currency": {"code": "EUR", "name": "Euros", "prefix": "\u20ac", "suffix": null}, "regions_count": 29, "users_count": 198116, "wines_count": 53278, "wineries_count": 4638, "most_used_grapes": [{"id": 233, "name": "Gr\u00fcner Veltliner", "seo_name": "gruner-veltliner", "has_detailed_info": false, "wines_count": 37953}, {"id": 257, "name": "Zweigelt", "seo_name": "zweigelt", "has_detailed_info": false, "wines_count": 31578}, {"id": 15, "name": "Riesling", "seo_name": "riesling", "has_detailed_info": true, "wines_count": 259925}]}, "parent_id": 583, "background_image": null, "class": {"typecast_map": {"background_image": {}, "class": {}}}, "statistics": {"wineries_count": 294, "wines_count": 2843, "sub_regions_count": 0, "parent_regions_count": 2}}, "review_status": 2, "winery": {"id": 70429, "name": "Ingrid Groiss", "seo_name": "groiss", "status": 1, "review_status": "Completed", "background_image": null, "statistics": {"ratings_count": 2962, "ratings_average": 4, "labels_count": 8618, "wines_count": 16}, "region": {"id": 888, "name": "Weinviertel", "name_en": "", "seo_name": "weinviertel", "country": {"code": "at", "name": "\u00d6sterreich", "native_name": "\u00d6sterreich", "seo_name": "austria", "currency": {"code": "EUR", "name": "Euros", "prefix": "\u20ac", "suffix": null}, "regions_count": 29, "users_count": 198116, "wines_count": 53278, "wineries_count": 4638, "most_used_grapes": [{"id": 233, "name": "Gr\u00fcner Veltliner", "seo_name": "gruner-veltliner", "has_detailed_info": false, "wines_count": 37953}, {"id": 257, "name": "Zweigelt", "seo_name": "zweigelt", "has_detailed_info": false, "wines_count": 31578}, {"id": 15, "name": "Riesling", "seo_name": "riesling", "has_detailed_info": true, "wines_count": 259925}]}, "parent_id": 583, "background_image": null, "class": {"typecast_map": {"background_image": {}, "class": {}}}, "statistics": {"wineries_count": 294, "wines_count": 2843, "sub_regions_count": 0, "parent_regions_count": 2}}, "business_name": "Weingut Ingrid Groiss", "description": "", "specialists_notes": "", "phone": "0676 3927703", "email": "info@ingrid-groiss.at", "facebook": "https://www.facebook.com/weingutingridgroiss", "instagram": "", "is_claimed": true, "twitter": "@ingrid_groiss", "website": "http://www.ingrid-groiss.at", "winemaker": "Dorne Waters", "wine_maker": {"id": 6071, "name": "Dorne Waters"}, "address": {"title": null, "name": null, "street": "Herrengasse", "street2": null, "neighborhood": null, "city": "Breitenwaida", "zip": "2014", "state": null, "country": {"code": "at", "name": "\u00d6sterreich", "native_name": "\u00d6sterreich", "seo_name": "austria", "currency": {"code": "EUR", "name": "Euros", "prefix": "\u20ac", "suffix": null}, "regions_count": 29, "users_count": 198116, "wines_count": 53278, "wineries_count": 4638, "most_used_grapes": [{"id": 233, "name": "Gr\u00fcner Veltliner", "seo_name": "gruner-veltliner", "has_detailed_info": false, "wines_count": 37953}, {"id": 257, "name": "Zweigelt", "seo_name": "zweigelt", "has_detailed_info": false, "wines_count": 31578}, {"id": 15, "name": "Riesling", "seo_name": "riesling", "has_detailed_info": true, "wines_count": 259925}]}, "company": null, "phone": null, "external_id": null, "residential": null, "vat_number": null, "vat_code": null, "addition": null}, "image": {"location": "//images.vivino.com/wineries/70429/logos/7AW3LHqNRNyxHbXmp6tLCQ.gif", "variations": {"large": "//thumbs.vivino.com/wineries/70429/logos/7AW3LHqNRNyxHbXmp6tLCQ_500x500.gif", "medium": "//thumbs.vivino.com/wineries/70429/logos/7AW3LHqNRNyxHbXmp6tLCQ_200x200.gif", "small_square": "//thumbs.vivino.com/wineries/70429/logos/7AW3LHqNRNyxHbXmp6tLCQ_80x80.gif"}}, "location": null, "winery_group": null, "first_wines": [], "sponsored_entity_type": null, "sponsored_entity": null}, "statistics": {"status": "Normal", "ratings_count": 1277, "ratings_average": 3.9, "labels_count": 3711, "vintages_count": 14}, "rank": {"country": {"description": "Rang von \u00d6sterreich", "total": 34949, "rank": 641}, "region": {"description": "Rang von Weinregion", "total": 2183, "rank": 15}, "winery": {"description": "Rang vom Weingut", "total": 15, "rank": 2}, "wine_type": {"description": "Rang in allen Wei\u00dfwein", "total": 394072, "rank": 10205}, "global": {"description": "Weltweiter Rang", "total": 1287382, "rank": 47143}}, "hidden": false, "vintages": [{"id": 167487153, "seo_name": "groiss-gruner-veltliner-weinviertel-2020", "name": "Ingrid Groiss Gr\u00fcner Veltliner Weinviertel 2020", "statistics": {"status": "Normal", "ratings_count": 145, "ratings_average": 3.9, "labels_count": 444, "reviews_count": 64}, "year": 2020, "grapes": null, "has_valid_ratings": true}, {"id": 163469462, "seo_name": "groiss-gruner-veltliner-weinviertel-2019", "name": "Ingrid Groiss Gr\u00fcner Veltliner Weinviertel 2019", "statistics": {"status": "Normal", "ratings_count": 286, "ratings_average": 4, "labels_count": 869, "reviews_count": 97}, "year": 2019, "grapes": null, "has_valid_ratings": true}, {"id": 156244058, "seo_name": "groiss-gruner-veltliner-weinviertel-2018", "name": "Ingrid Groiss Gr\u00fcner Veltliner Weinviertel 2018", "statistics": {"status": "Normal", "ratings_count": 242, "ratings_average": 4.1, "labels_count": 774, "reviews_count": 94}, "year": 2018, "grapes": null, "has_valid_ratings": true}, {"id": 153271363, "seo_name": "groiss-gruner-veltliner-weinviertel-2017", "name": "Ingrid Groiss Gr\u00fcner Veltliner Weinviertel 2017", "statistics": {"status": "Normal", "ratings_count": 161, "ratings_average": 3.8, "labels_count": 608, "reviews_count": 58}, "year": 2017, "grapes": null, "has_valid_ratings": true}, {"id": 146797582, "seo_name": "groiss-gruner-veltliner-weinviertel-2016", "name": "Ingrid Groiss Gr\u00fcner Veltliner Weinviertel 2016", "statistics": {"status": "Normal", "ratings_count": 87, "ratings_average": 3.9, "labels_count": 207, "reviews_count": 28}, "year": 2016, "grapes": null, "has_valid_ratings": true}, {"id": 109917872, "seo_name": "groiss-gruner-veltliner-weinviertel-2015", "name": "Ingrid Groiss Gr\u00fcner Veltliner Weinviertel 2015", "statistics": {"status": "Normal", "ratings_count": 77, "ratings_average": 3.9, "labels_count": 227, "reviews_count": 21}, "year": 2015, "grapes": null, "has_valid_ratings": true}, {"id": 18740636, "seo_name": "groiss-gruner-veltliner-weinviertel-2014", "name": "Ingrid Groiss Gr\u00fcner Veltliner Weinviertel 2014", "statistics": {"status": "Normal", "ratings_count": 60, "ratings_average": 3.7, "labels_count": 169, "reviews_count": 28}, "year": 2014, "grapes": null, "has_valid_ratings": true}, {"id": 4462303, "seo_name": "groiss-gruner-veltliner-weinviertel-2013", "name": "Ingrid Groiss Gr\u00fcner Veltliner Weinviertel 2013", "statistics": {"status": "Normal", "ratings_count": 84, "ratings_average": 3.9, "labels_count": 266, "reviews_count": 41}, "year": 2013, "grapes": null, "has_valid_ratings": true}, {"id": 3739785, "seo_name": "groiss-gruner-veltliner-weinviertel-2012", "name": "Ingrid Groiss Gr\u00fcner Veltliner Weinviertel 2012", "statistics": {"status": "BelowThreshold", "ratings_count": 6, "ratings_average": 0, "labels_count": 9, "reviews_count": 2}, "year": 2012, "grapes": null, "has_valid_ratings": false}, {"id": 2701089, "seo_name": "groiss-gruner-veltliner-weinviertel-uv", "name": "Ingrid Groiss Gr\u00fcner Veltliner Weinviertel", "statistics": {"status": "Normal", "ratings_count": 1277, "ratings_average": 3.9, "labels_count": 121, "reviews_count": 55}, "year": 0, "grapes": null, "has_valid_ratings": true}], "description": "Shiny golden with green nuances, fresh yellow and juicy fruits, red ripe pomegranate, yellow apple and elegant white blossom, full-bodied and mineralic on the palate, lively structure and acidity as well as a long finish.", "grapes": [{"id": 233, "name": "Gr\u00fcner Veltliner", "seo_name": "gruner-veltliner", "has_detailed_info": false, "wines_count": 37953}], "foods": [{"id": 10, "name": "Schweinefleisch", "background_image": {"location": "//images.vivino.com/backgrounds/foods/10_pork.png", "variations": {"small": "//images.vivino.com/backgrounds/foods/thumbs/10_pork_932x810.png"}}, "seo_name": "pork"}, {"id": 19, "name": "Vegetarische Gerichte", "background_image": {"location": "//images.vivino.com/backgrounds/foods/19_vegetarian.png", "variations": {"small": "//images.vivino.com/backgrounds/foods/thumbs/19_vegetarian_932x810.png"}}, "seo_name": "vegetarian"}, {"id": 20, "name": "Gefl\u00fcgel", "background_image": {"location": "//images.vivino.com/backgrounds/foods/20_chicken.png", "variations": {"small": "//images.vivino.com/backgrounds/foods/thumbs/20_chicken_932x810.png"}}, "seo_name": "poultry"}, {"id": 28, "name": "Magerer Fisch", "background_image": {"location": "//images.vivino.com/backgrounds/foods/28_leanfish.png", "variations": {"small": "//images.vivino.com/backgrounds/foods/thumbs/28_leanfish_932x810.png"}}, "seo_name": null}, {"id": 41, "name": "Ger\u00e4ucherte Fleischprodukte", "background_image": {"location": "//images.vivino.com/backgrounds/foods/41_curedmeat.png", "variations": {"small": "//images.vivino.com/backgrounds/foods/thumbs/41_curedmeat_932x810.png"}}, "seo_name": null}], "non_vintage": false, "alcohol": 13, "sweetness_id": null, "closure": null, "vintage_mask_raw": null, "updated_at": "2021-11-06T19:27:07Z", "created_at": "2013-07-11T15:34:00Z", "is_first_wine": false, "style": {"id": 93, "seo_name": "austrian-gruner-veltliner", "regional_name": "Austrian", "varietal_name": "Gr\u00fcner Veltliner", "name": "Gr\u00fcner Veltliner \u00d6sterreich", "image": null, "background_image": null, "description": "Gr\u00fcner Veltliner is the signature grape of Austria. Following strict fermentation and bottling standards, is it difficult to find a poorly made Gr\u00fcner.\n\nVery similar to Sauvignon Blanc, in many respects, Gr\u00fcner Veltliner is a great alternative to explore, expressing nuances that will make your nose and palate crave more. Although hard to find, sparkling Gr\u00fcner are exceptionally fun to try.\n\nDry, delicate, with a tingly finish, this wine imparts significant citrus flavors of lime, lemon, and grapefruit. Some Gr\u00fcner also have a prevailing nectarine note as well. For non-fruits Gr\u00fcner, you can expect white pepper, and slight bitterness of flavors of vegetables like radish.\n\nIf oaked, which not all are, you will taste and smell nut and cream. These wines do not have significant shelf life, and are best enjoyed within 2 years of bottling.\n\nWhen pairing with food think light delicate proteins such as veal, pat\u00e9, or roasted pork. This wine goes also well with light flaky fish, and mollusks such as oysters and mussels. Gr\u00fcner goes particularly well with soft cows' milk or goat cheese, and is traditionally paired with Wienerschnitzel.", "blurb": null, "interesting_facts": ["Austria is the home to some of the oldest wine grapes dating as far back as 2000 BC.", "Gr\u00fcner Veltliner has been around since Roman times.", "Strict Austrian wine regulations allow vendors and wine makers to import only as much wine as they export in order to control price and quality."], "body": 3, "body_description": "Mittlerer K\u00f6rper", "acidity": 3, "acidity_description": "Hoch", "country": {"code": "at", "name": "\u00d6sterreich", "native_name": "\u00d6sterreich", "seo_name": "austria", "currency": {"code": "EUR", "name": "Euros", "prefix": "\u20ac", "suffix": null}, "regions_count": 29, "users_count": 198116, "wines_count": 53278, "wineries_count": 4638, "most_used_grapes": [{"id": 233, "name": "Gr\u00fcner Veltliner", "seo_name": "gruner-veltliner", "has_detailed_info": false, "wines_count": 37953}, {"id": 257, "name": "Zweigelt", "seo_name": "zweigelt", "has_detailed_info": false, "wines_count": 31578}, {"id": 15, "name": "Riesling", "seo_name": "riesling", "has_detailed_info": true, "wines_count": 259925}]}, "wine_type_id": 2, "food": [{"id": 10, "name": "Pork", "background_image": {"location": "//images.vivino.com/backgrounds/foods/10_pork.png", "variations": {"small": "//images.vivino.com/backgrounds/foods/thumbs/10_pork_932x810.png"}}, "seo_name": "pork"}, {"id": 19, "name": "Vegetarian", "background_image": {"location": "//images.vivino.com/backgrounds/foods/19_vegetarian.png", "variations": {"small": "//images.vivino.com/backgrounds/foods/thumbs/19_vegetarian_932x810.png"}}, "seo_name": "vegetarian"}, {"id": 20, "name": "Poultry", "background_image": {"location": "//images.vivino.com/backgrounds/foods/20_chicken.png", "variations": {"small": "//images.vivino.com/backgrounds/foods/thumbs/20_chicken_932x810.png"}}, "seo_name": "poultry"}, {"id": 28, "name": "Lean fish", "background_image": {"location": "//images.vivino.com/backgrounds/foods/28_leanfish.png", "variations": {"small": "//images.vivino.com/backgrounds/foods/thumbs/28_leanfish_932x810.png"}}, "seo_name": null}, {"id": 41, "name": "Cured Meat", "background_image": {"location": "//images.vivino.com/backgrounds/foods/41_curedmeat.png", "variations": {"small": "//images.vivino.com/backgrounds/foods/thumbs/41_curedmeat_932x810.png"}}, "seo_name": null}], "grapes": [{"id": 233, "name": "Gr\u00fcner Veltliner", "seo_name": "gruner-veltliner", "has_detailed_info": false, "wines_count": 37953}], "region": null}, "has_valid_ratings": true}, "price": {"id": 24329663, "vintage_id": 167487153, "amount": 10.95, "type": "vc", "currency": {"code": "EUR", "name": "Euros", "prefix": "\u20ac", "suffix": null}, "bottle_type_id": 1, "inventory_bottles_count": null, "bottles_sold_count": 15, "url": "https://www.vinopolis.de/Wein/Weisswein/Gruener-Veltliner-Weinviertel-Bio-DAC-2020-Ingrid-Groiss.html?utm_medium=pref-cpc&utm_source=vivino-ppc", "message": "", "producer_address": "", "importer_address": "", "discounted_from": null, "bottle_type": {"id": 1, "name": "Flasche (0,75\u00a0l)", "short_name": "Flasche", "short_name_plural": "Flaschen", "volume_ml": 750}}, "highlights": [], "merchant": {"id": 1886, "name": "Vinopolis (Germany)", "seo_name": "vinopolis-germany", "legal_name": "Vinopolis GMBH und ToKG", "description": "Versandkostenfrei f\u00fcr Bestellungen ab 80 EUR", "country": {"code": "de", "name": "Deutschland", "native_name": "Deutschland", "seo_name": "germany", "currency": {"code": "EUR", "name": "Euros", "prefix": "\u20ac", "suffix": null}, "regions_count": 210, "users_count": 2117308, "wines_count": 197796, "wineries_count": 13493, "most_used_grapes": [{"id": 15, "name": "Riesling", "seo_name": "riesling", "has_detailed_info": true, "wines_count": 259925}, {"id": 299, "name": "Sp\u00e4tburgunder", "seo_name": "spatburgunder", "has_detailed_info": false, "wines_count": 49659}, {"id": 355, "name": "Weissburgunder", "seo_name": "weissburgunder", "has_detailed_info": false, "wines_count": 33123}]}, "state": null, "status": 3, "image": {"location": "//images.vivino.com/merchants/originals/p1cv3g5j00001qu.jpg", "variations": {"large_square": "//images.vivino.com/merchants/thumbs/p1cv3g5j00001qu_400x400.jpg", "medium_square": "//images.vivino.com/merchants/thumbs/p1cv3g5j00001qu_320x320.jpg", "small_square": "//images.vivino.com/merchants/thumbs/p1cv3g5j00001qu_160x160.jpg"}}, "shipping_estimate": "Lieferung voraussichtlich zwischen Di, 21.\u00a0Dez und Mi, 22.\u00a0Dez", "impressum_url": "http://www.vinopolis.de/Impressum/", "tos_url": "http://www.vinopolis.de/AGB/", "vc_clearing_system": 0, "hidden": false}, "sold_out": false, "prices_and_availability": {"market": {"country": "de", "currency": {"code": "EUR", "name": "Euros", "prefix": "\u20ac", "suffix": null}}, "availability": {"vintage": {"id": 167487153, "year": 2020, "grapes": null, "has_valid_ratings": false}, "median": {"amount": 10.95, "type": "market", "discounted_from": null}, "price": {"id": 24329663, "amount": 10.95, "discounted_from": 0.0, "type": "vc"}}, "merchants_with_prices": [{"merchant": {"id": 1886, "name": "Vinopolis (Germany)", "seo_name": "vinopolis-germany", "legal_name": "Vinopolis GMBH und ToKG", "description": "Versandkostenfrei f\u00fcr Bestellungen ab 80 EUR", "country": {"code": "de", "name": "Deutschland", "native_name": "Deutschland", "seo_name": "germany", "currency": {"code": "EUR", "name": "Euros", "prefix": "\u20ac", "suffix": null}, "regions_count": 210, "users_count": 2117308, "wines_count": 197796, "wineries_count": 13493, "most_used_grapes": [{"id": 15, "name": "Riesling", "seo_name": "riesling", "has_detailed_info": true, "wines_count": 259925}, {"id": 299, "name": "Sp\u00e4tburgunder", "seo_name": "spatburgunder", "has_detailed_info": false, "wines_count": 49659}, {"id": 355, "name": "Weissburgunder", "seo_name": "weissburgunder", "has_detailed_info": false, "wines_count": 33123}]}, "state": null, "status": 3, "image": {"location": "//images.vivino.com/merchants/originals/p1cv3g5j00001qu.jpg", "variations": {"large_square": "//images.vivino.com/merchants/thumbs/p1cv3g5j00001qu_400x400.jpg", "medium_square": "//images.vivino.com/merchants/thumbs/p1cv3g5j00001qu_320x320.jpg", "small_square": "//images.vivino.com/merchants/thumbs/p1cv3g5j00001qu_160x160.jpg"}}, "shipping_estimate": "Lieferung voraussichtlich zwischen Di, 21.\u00a0Dez und Mi, 22.\u00a0Dez", "impressum_url": "http://www.vinopolis.de/Impressum/", "tos_url": "http://www.vinopolis.de/AGB/", "vc_clearing_system": 0, "hidden": false}, "prices": [{"id": 24329663, "vintage_id": 167487153, "amount": 10.95, "type": "vc", "currency": {"code": "EUR", "name": "Euros", "prefix": "\u20ac", "suffix": null}, "bottle_type_id": 1, "inventory_bottles_count": null, "bottles_sold_count": 15, "url": "https://www.vinopolis.de/Wein/Weisswein/Gruener-Veltliner-Weinviertel-Bio-DAC-2020-Ingrid-Groiss.html?utm_medium=pref-cpc&utm_source=vivino-ppc", "message": "", "producer_address": "", "importer_address": "", "discounted_from": null, "bottle_type": {"id": 1, "name": "Flasche (0,75\u00a0l)", "short_name": "Flasche", "short_name_plural": "Flaschen", "volume_ml": 750}}]}, {"merchant": {"id": 163, "name": "IWB - Hubert Fohringer", "seo_name": "iwb-hubert-fohringer", "legal_name": null, "description": "Mobile-friendly checkout. Minimum order quantity 250 EUR.", "country": {"code": "at", "name": "\u00d6sterreich", "native_name": "\u00d6sterreich", "seo_name": "austria", "currency": {"code": "EUR", "name": "Euros", "prefix": "\u20ac", "suffix": null}, "regions_count": 29, "users_count": 198116, "wines_count": 53278, "wineries_count": 4638, "most_used_grapes": [{"id": 233, "name": "Gr\u00fcner Veltliner", "seo_name": "gruner-veltliner", "has_detailed_info": false, "wines_count": 37953}, {"id": 257, "name": "Zweigelt", "seo_name": "zweigelt", "has_detailed_info": false, "wines_count": 31578}, {"id": 15, "name": "Riesling", "seo_name": "riesling", "has_detailed_info": true, "wines_count": 259925}]}, "state": null, "status": 0, "image": {"location": "//images.vivino.com/merchants/originals/p1bpntbh0000053.jpg", "variations": {"large_square": "//images.vivino.com/merchants/thumbs/p1bpntbh0000053_400x400.jpg", "medium_square": "//images.vivino.com/merchants/thumbs/p1bpntbh0000053_320x320.jpg", "small_square": "//images.vivino.com/merchants/thumbs/p1bpntbh0000053_160x160.jpg"}}, "shipping_estimate": "Lieferung bis Mi, 22.\u00a0Dez", "impressum_url": null, "tos_url": null, "vc_clearing_system": 0, "hidden": false}, "prices": [{"id": 23892957, "vintage_id": 167487153, "amount": 8.5, "type": "ppc", "currency": {"code": "EUR", "name": "Euros", "prefix": "\u20ac", "suffix": null}, "bottle_type_id": 1, "inventory_bottles_count": null, "url": "https://www.fohringer.at/en/AUSTRIA/Weinviertel/Groiss-Ingrid/2020-Gr-Veltliner-Weinviertel-DAC-Bio-Groiss-Ingrid.html?utm_medium=pref-cpc&utm_source=vivino-ppc", "message": "", "producer_address": "", "importer_address": "", "discounted_from": null, "bottle_type": {"id": 1, "name": "Flasche (0,75\u00a0l)", "short_name": "Flasche", "short_name_plural": "Flaschen", "volume_ml": 750}}]}]}, "found_by_merchant_and_sku": null, "is_deal_page": false}