{"vintage": {"id": 20602328, "seo_name": "pago-del-cielo-celeste-crianza-ribera-del-duero-uv", "name": "Pago del Cielo Celeste Crianza", "statistics": {"status": "Normal", "ratings_count": 39780, "ratings_average": 3.9, "labels_count": 631, "reviews_count": 553}, "organic_certification_id": null, "certified_biodynamic": null, "image": {"location": "//images.vivino.com/thumbs/KBkM4wHwTo6zktud5RhRNQ_pl_480x640.png", "variations": {"bottle_large": "//images.vivino.com/thumbs/KBkM4wHwTo6zktud5RhRNQ_pb_x960.png", "bottle_medium": "//images.vivino.com/thumbs/KBkM4wHwTo6zktud5RhRNQ_pb_x600.png", "bottle_medium_square": "//images.vivino.com/thumbs/KBkM4wHwTo6zktud5RhRNQ_pb_600x600.png", "bottle_small": "//images.vivino.com/thumbs/KBkM4wHwTo6zktud5RhRNQ_pb_x300.png", "bottle_small_square": "//images.vivino.com/thumbs/KBkM4wHwTo6zktud5RhRNQ_pb_300x300.png", "label": "//images.vivino.com/thumbs/KBkM4wHwTo6zktud5RhRNQ_pl_480x640.png", "label_large": "//images.vivino.com/thumbs/KBkM4wHwTo6zktud5RhRNQ_pl_375x500.png", "label_medium": "//images.vivino.com/thumbs/KBkM4wHwTo6zktud5RhRNQ_pl_150x200.png", "label_medium_square": "//images.vivino.com/thumbs/KBkM4wHwTo6zktud5RhRNQ_pl_150x150.png", "label_small_square": "//images.vivino.com/thumbs/KBkM4wHwTo6zktud5RhRNQ_pl_80x80.png", "large": "//images.vivino.com/thumbs/KBkM4wHwTo6zktud5RhRNQ_pl_375x500.png", "medium": "//images.vivino.com/thumbs/KBkM4wHwTo6zktud5RhRNQ_pl_150x200.png", "medium_square": "//images.vivino.com/thumbs/KBkM4wHwTo6zktud5RhRNQ_pl_150x150.png", "small_square": "//images.vivino.com/thumbs/KBkM4wHwTo6zktud5RhRNQ_pl_80x80.png"}}, "wine": {"id": 3313942, "name": "Celeste Crianza", "seo_name": "celeste-crianza-ribera-del-duero", "type_id": 1, "vintage_type": 0, "is_natural": false, "region": {"id": 405, "name": "Ribera del Duero", "name_en": "", "seo_name": "ribera-del-duero", "country": {"code": "es", "name": "Spain", "native_name": "Espa\u00f1a", "seo_name": "spain", "currency": {"code": "EUR", "name": "Euros", "prefix": "\u20ac", "suffix": null}, "regions_count": 152, "users_count": 2042968, "wines_count": 131377, "wineries_count": 17630, "most_used_grapes": [{"id": 19, "name": "Tempranillo", "seo_name": "tempranillo", "has_detailed_info": true, "wines_count": 172842}, {"id": 142, "name": "Garnacha", "seo_name": "garnacha", "has_detailed_info": true, "wines_count": 58111}, {"id": 2, "name": "Cabernet Sauvignon", "seo_name": "cabernet-sauvignon", "has_detailed_info": true, "wines_count": 801751}]}, "parent_id": 404, "background_image": {"location": "//images.vivino.com/regions/backgrounds/_nMNiDRrQG-Y6aphFjOyYQ.jpeg", "variations": {"large": "//thumbs.vivino.com/region_backgrounds/_nMNiDRrQG-Y6aphFjOyYQ_1280x760.jpeg", "medium": "//thumbs.vivino.com/region_backgrounds/_nMNiDRrQG-Y6aphFjOyYQ_600x356.jpeg"}}, "statistics": {"wineries_count": 657, "wines_count": 4565, "sub_regions_count": 0, "parent_regions_count": 1}}, "review_status": 2, "winery": {"id": 276070, "name": "Pago del Cielo", "seo_name": "pago-del-cielo", "status": 0, "review_status": "Completed", "background_image": null, "statistics": {"ratings_count": 55695, "ratings_average": 3.8, "labels_count": 357962, "wines_count": 5}, "region": {"id": 405, "name": "Ribera del Duero", "name_en": "", "seo_name": "ribera-del-duero", "country": {"code": "es", "name": "Spain", "native_name": "Espa\u00f1a", "seo_name": "spain", "currency": {"code": "EUR", "name": "Euros", "prefix": "\u20ac", "suffix": null}, "regions_count": 152, "users_count": 2042968, "wines_count": 131377, "wineries_count": 17630, "most_used_grapes": [{"id": 19, "name": "Tempranillo", "seo_name": "tempranillo", "has_detailed_info": true, "wines_count": 172842}, {"id": 142, "name": "Garnacha", "seo_name": "garnacha", "has_detailed_info": true, "wines_count": 58111}, {"id": 2, "name": "Cabernet Sauvignon", "seo_name": "cabernet-sauvignon", "has_detailed_info": true, "wines_count": 801751}]}, "parent_id": 404, "background_image": {"location": "//images.vivino.com/regions/backgrounds/_nMNiDRrQG-Y6aphFjOyYQ.jpeg", "variations": {"large": "//thumbs.vivino.com/region_backgrounds/_nMNiDRrQG-Y6aphFjOyYQ_1280x760.jpeg", "medium": "//thumbs.vivino.com/region_backgrounds/_nMNiDRrQG-Y6aphFjOyYQ_600x356.jpeg"}}, "statistics": {"wineries_count": 657, "wines_count": 4565, "sub_regions_count": 0, "parent_regions_count": 1}}, "business_name": "Pago del Cielo", "description": "", "specialists_notes": "", "phone": "", "email": "", "facebook": "", "instagram": "", "is_claimed": false, "twitter": "", "website": "https://www.torres.es/en/blog/wine-planet/pago-del-cielo", "winemaker": null, "wine_maker": null, "address": {"title": null, "name": null, "street": null, "street2": null, "neighborhood": null, "city": null, "zip": null, "state": null, "country": {"code": "es", "name": "Spain", "native_name": "Espa\u00f1a", "seo_name": "spain", "currency": {"code": "EUR", "name": "Euros", "prefix": "\u20ac", "suffix": null}, "regions_count": 152, "users_count": 2042968, "wines_count": 131377, "wineries_count": 17630, "most_used_grapes": [{"id": 19, "name": "Tempranillo", "seo_name": "tempranillo", "has_detailed_info": true, "wines_count": 172842}, {"id": 142, "name": "Garnacha", "seo_name": "garnacha", "has_detailed_info": true, "wines_count": 58111}, {"id": 2, "name": "Cabernet Sauvignon", "seo_name": "cabernet-sauvignon", "has_detailed_info": true, "wines_count": 801751}]}, "company": null, "phone": null, "external_id": null, "residential": null, "vat_number": null, "vat_code": null, "addition": null}, "image": null, "location": null, "winery_group": {"id": 18, "name": "Miguel Torres", "website": "http://www.torres.es/"}, "first_wines": [], "sponsored_entity_type": null, "sponsored_entity": null}, "statistics": {"status": "Normal", "ratings_count": 39780, "ratings_average": 3.9, "labels_count": 242993, "vintages_count": 64}, "rank": {"country": {"description": "Rank within Spain", "total": 80034, "rank": 3282}, "region": {"description": "Rank within Wine Region", "total": 2843, "rank": 344}, "winery": {"description": "Rank within Winery", "total": 5, "rank": 2}, "wine_type": {"description": "Rank within all Red Wine", "total": 659126, "rank": 32756}, "global": {"description": "Global Rank", "total": 1302037, "rank": 50660}}, "hidden": false, "vintages": [{"id": 162918392, "seo_name": "pago-del-cielo-celeste-crianza-ribera-del-duero-2020", "name": "Pago del Cielo Celeste Crianza 2020", "statistics": {"status": "Normal", "ratings_count": 20, "ratings_average": 4, "labels_count": 349, "reviews_count": 7}, "year": 2020, "grapes": null, "has_valid_ratings": true}, {"id": 159669704, "seo_name": "pago-del-cielo-celeste-crianza-ribera-del-duero-2019", "name": "Pago del Cielo Celeste Crianza 2019", "statistics": {"status": "BelowThreshold", "ratings_count": 9, "ratings_average": 0, "labels_count": 146, "reviews_count": 1}, "year": 2019, "grapes": null, "has_valid_ratings": false}, {"id": 156139836, "seo_name": "pago-del-cielo-celeste-crianza-ribera-del-duero-2018", "name": "Pago del Cielo Celeste Crianza 2018", "statistics": {"status": "Normal", "ratings_count": 2897, "ratings_average": 4, "labels_count": 27883, "reviews_count": 1031}, "year": 2018, "grapes": null, "has_valid_ratings": true}, {"id": 150314169, "seo_name": "pago-del-cielo-celeste-crianza-ribera-del-duero-2017", "name": "Pago del Cielo Celeste Crianza 2017", "statistics": {"status": "Normal", "ratings_count": 4389, "ratings_average": 3.9, "labels_count": 36797, "reviews_count": 1596}, "year": 2017, "grapes": null, "has_valid_ratings": true}, {"id": 87014453, "seo_name": "pago-del-cielo-celeste-crianza-ribera-del-duero-2016", "name": "Pago del Cielo Celeste Crianza 2016", "statistics": {"status": "Normal", "ratings_count": 5659, "ratings_average": 4, "labels_count": 43240, "reviews_count": 1972}, "year": 2016, "grapes": null, "has_valid_ratings": true}, {"id": 21261168, "seo_name": "pago-del-cielo-celeste-crianza-ribera-del-duero-2015", "name": "Pago del Cielo Celeste Crianza 2015", "statistics": {"status": "Normal", "ratings_count": 4958, "ratings_average": 4, "labels_count": 32870, "reviews_count": 1636}, "year": 2015, "grapes": null, "has_valid_ratings": true}, {"id": 21335463, "seo_name": "pago-del-cielo-celeste-crianza-ribera-del-duero-2014", "name": "Pago del Cielo Celeste Crianza 2014", "statistics": {"status": "Normal", "ratings_count": 4344, "ratings_average": 3.9, "labels_count": 28125, "reviews_count": 1344}, "year": 2014, "grapes": null, "has_valid_ratings": true}, {"id": 20780410, "seo_name": "pago-del-cielo-celeste-crianza-ribera-del-duero-2013", "name": "Pago del Cielo Celeste Crianza 2013", "statistics": {"status": "Normal", "ratings_count": 3463, "ratings_average": 3.8, "labels_count": 19856, "reviews_count": 1042}, "year": 2013, "grapes": null, "has_valid_ratings": true}, {"id": 20695485, "seo_name": "pago-del-cielo-celeste-crianza-ribera-del-duero-2012", "name": "Pago del Cielo Celeste Crianza 2012", "statistics": {"status": "Normal", "ratings_count": 2916, "ratings_average": 3.8, "labels_count": 14151, "reviews_count": 905}, "year": 2012, "grapes": null, "has_valid_ratings": true}, {"id": 20613489, "seo_name": "pago-del-cielo-celeste-crianza-ribera-del-duero-2011", "name": "Pago del Cielo Celeste Crianza 2011", "statistics": {"status": "Normal", "ratings_count": 3295, "ratings_average": 3.8, "labels_count": 14342, "reviews_count": 1081}, "year": 2011, "grapes": null, "has_valid_ratings": true}, {"id": 20695233, "seo_name": "pago-del-cielo-celeste-crianza-ribera-del-duero-2010", "name": "Pago del Cielo Celeste Crianza 2010", "statistics": {"status": "Normal", "ratings_count": 3007, "ratings_average": 3.8, "labels_count": 12546, "reviews_count": 849}, "year": 2010, "grapes": null, "has_valid_ratings": true}, {"id": 20977473, "seo_name": "pago-del-cielo-celeste-crianza-ribera-del-duero-2009", "name": "Pago del Cielo Celeste Crianza 2009", "statistics": {"status": "Normal", "ratings_count": 1569, "ratings_average": 3.7, "labels_count": 6365, "reviews_count": 336}, "year": 2009, "grapes": null, "has_valid_ratings": true}, {"id": 20906615, "seo_name": "pago-del-cielo-celeste-crianza-ribera-del-duero-2008", "name": "Pago del Cielo Celeste Crianza 2008", "statistics": {"status": "Normal", "ratings_count": 460, "ratings_average": 3.8, "labels_count": 1639, "reviews_count": 88}, "year": 2008, "grapes": null, "has_valid_ratings": true}, {"id": 21333698, "seo_name": "pago-del-cielo-celeste-crianza-ribera-del-duero-2007", "name": "Pago del Cielo Celeste Crianza 2007", "statistics": {"status": "Normal", "ratings_count": 410, "ratings_average": 3.8, "labels_count": 1839, "reviews_count": 75}, "year": 2007, "grapes": null, "has_valid_ratings": true}, {"id": 22051228, "seo_name": "pago-del-cielo-celeste-crianza-ribera-del-duero-2006", "name": "Pago del Cielo Celeste Crianza 2006", "statistics": {"status": "Normal", "ratings_count": 171, "ratings_average": 3.8, "labels_count": 829, "reviews_count": 49}, "year": 2006, "grapes": null, "has_valid_ratings": true}, {"id": 21231954, "seo_name": "pago-del-cielo-celeste-crianza-ribera-del-duero-2005", "name": "Pago del Cielo Celeste Crianza 2005", "statistics": {"status": "Normal", "ratings_count": 45, "ratings_average": 4.1, "labels_count": 377, "reviews_count": 13}, "year": 2005, "grapes": null, "has_valid_ratings": true}, {"id": 22737799, "seo_name": "pago-del-cielo-celeste-crianza-ribera-del-duero-2004", "name": "Pago del Cielo Celeste Crianza 2004", "statistics": {"status": "Normal", "ratings_count": 48, "ratings_average": 4, "labels_count": 199, "reviews_count": 18}, "year": 2004, "grapes": null, "has_valid_ratings": true}, {"id": 25155249, "seo_name": "pago-del-cielo-celeste-crianza-ribera-del-duero-2003", "name": "Pago del Cielo Celeste Crianza 2003", "statistics": {"status": "Normal", "ratings_count": 13, "ratings_average": 3.7, "labels_count": 101, "reviews_count": 2}, "year": 2003, "grapes": null, "has_valid_ratings": true}, {"id": 26269421, "seo_name": "pago-del-cielo-celeste-crianza-ribera-del-duero-2002", "name": "Pago del Cielo Celeste Crianza 2002", "statistics": {"status": "BelowThreshold", "ratings_count": 5, "ratings_average": 0, "labels_count": 51, "reviews_count": 1}, "year": 2002, "grapes": null, "has_valid_ratings": false}, {"id": 29344578, "seo_name": "pago-del-cielo-celeste-crianza-ribera-del-duero-2001", "name": "Pago del Cielo Celeste Crianza 2001", "statistics": {"status": "Normal", "ratings_count": 15, "ratings_average": 3.7, "labels_count": 120, "reviews_count": 1}, "year": 2001, "grapes": null, "has_valid_ratings": true}, {"id": 24365560, "seo_name": "pago-del-cielo-celeste-crianza-ribera-del-duero-2000", "name": "Pago del Cielo Celeste Crianza 2000", "statistics": {"status": "BelowThreshold", "ratings_count": 5, "ratings_average": 0, "labels_count": 57, "reviews_count": 1}, "year": 2000, "grapes": null, "has_valid_ratings": false}, {"id": 13476235, "seo_name": "pago-del-cielo-celeste-crianza-ribera-del-duero-1998", "name": "Pago del Cielo Celeste Crianza 1998", "statistics": {"status": "BelowThreshold", "ratings_count": 1, "ratings_average": 0, "labels_count": 6, "reviews_count": 1}, "year": 1998, "grapes": null, "has_valid_ratings": false}, {"id": 43197792, "seo_name": "pago-del-cielo-celeste-crianza-ribera-del-duero-1991", "name": "Pago del Cielo Celeste Crianza 1991", "statistics": {"status": "BelowThreshold", "ratings_count": 1, "ratings_average": 0, "labels_count": 10, "reviews_count": 0}, "year": 1991, "grapes": null, "has_valid_ratings": false}, {"id": 90297814, "seo_name": "pago-del-cielo-celeste-crianza-ribera-del-duero-1985", "name": "Pago del Cielo Celeste Crianza 1985", "statistics": {"status": "BelowThreshold", "ratings_count": 1, "ratings_average": 0, "labels_count": 2, "reviews_count": 0}, "year": 1985, "grapes": null, "has_valid_ratings": false}, {"id": 11410452, "seo_name": "pago-del-cielo-celeste-crianza-ribera-del-duero-1984", "name": "Pago del Cielo Celeste Crianza 1984", "statistics": {"status": "BelowThreshold", "ratings_count": 2, "ratings_average": 0, "labels_count": 2, "reviews_count": 0}, "year": 1984, "grapes": null, "has_valid_ratings": false}, {"id": 3970885, "seo_name": "pago-del-cielo-celeste-crianza-ribera-del-duero-1981", "name": "Pago del Cielo Celeste Crianza 1981", "statistics": {"status": "BelowThreshold", "ratings_count": 1, "ratings_average": 0, "labels_count": 7, "reviews_count": 1}, "year": 1981, "grapes": null, "has_valid_ratings": false}, {"id": 12340009, "seo_name": "pago-del-cielo-celeste-crianza-ribera-del-duero-1978", "name": "Pago del Cielo Celeste Crianza 1978", "statistics": {"status": "BelowThreshold", "ratings_count": 7, "ratings_average": 0, "labels_count": 146, "reviews_count": 2}, "year": 1978, "grapes": null, "has_valid_ratings": false}, {"id": 10762316, "seo_name": "pago-del-cielo-celeste-crianza-ribera-del-duero-1970", "name": "Pago del Cielo Celeste Crianza 1970", "statistics": {"status": "BelowThreshold", "ratings_count": 1, "ratings_average": 0, "labels_count": 33, "reviews_count": 1}, "year": 1970, "grapes": null, "has_valid_ratings": false}, {"id": 12158339, "seo_name": "pago-del-cielo-celeste-crianza-ribera-del-duero-1969", "name": "Pago del Cielo Celeste Crianza 1969", "statistics": {"status": "BelowThreshold", "ratings_count": 1, "ratings_average": 0, "labels_count": 7, "reviews_count": 1}, "year": 1969, "grapes": null, "has_valid_ratings": false}, {"id": 11245946, "seo_name": "pago-del-cielo-celeste-crianza-ribera-del-duero-1968", "name": "Pago del Cielo Celeste Crianza 1968", "statistics": {"status": "BelowThreshold", "ratings_count": 6, "ratings_average": 0, "labels_count": 54, "reviews_count": 1}, "year": 1968, "grapes": null, "has_valid_ratings": false}, {"id": 20602328, "seo_name": "pago-del-cielo-celeste-crianza-ribera-del-duero-uv", "name": "Pago del Cielo Celeste Crianza", "statistics": {"status": "Normal", "ratings_count": 39780, "ratings_average": 3.9, "labels_count": 631, "reviews_count": 553}, "year": 0, "grapes": null, "has_valid_ratings": true}], "description": "Dark cherry red with garnet highlights. Intense dark fruit aroma (wild blackberries, blueberry jam) with smoky and roasted (coffee) notes against a wonderfully elegant oaky backdrop. A serious wine with juicy tannins, velvety and round thanks to the perfume of oak aging (dried plums).", "grapes": [{"id": 19, "name": "Tempranillo", "seo_name": "tempranillo", "has_detailed_info": true, "wines_count": 172842}], "foods": [{"id": 4, "name": "Beef", "background_image": {"location": "//images.vivino.com/backgrounds/foods/4_beef.png", "variations": {"small": "//images.vivino.com/backgrounds/foods/thumbs/4_beef_932x810.png"}}, "seo_name": "beef"}, {"id": 8, "name": "Lamb", "background_image": {"location": "//images.vivino.com/backgrounds/foods/8_lamb.png", "variations": {"small": "//images.vivino.com/backgrounds/foods/thumbs/8_lamb_932x810.png"}}, "seo_name": "lamb"}, {"id": 11, "name": "Game (deer, venison)", "background_image": {"location": "//images.vivino.com/backgrounds/foods/11_venison.png", "variations": {"small": "//images.vivino.com/backgrounds/foods/thumbs/11_venison_932x810.png"}}, "seo_name": "game"}], "non_vintage": false, "alcohol": 0, "sweetness_id": 5, "closure": "cork", "vintage_mask_raw": null, "updated_at": "2022-01-15T11:41:53Z", "created_at": "2015-04-09T01:28:28Z", "is_first_wine": false, "style": {"id": 180, "seo_name": "spanish-ribera-del-duero-red", "regional_name": "Spanish", "varietal_name": "Ribera Del Duero Red", "name": "Spanish Ribera Del Duero Red", "image": null, "background_image": {"location": "//images.vivino.com/backgrounds/styles/jvbiWuqtTdSCco23mOd8eA.jpg", "variations": {"small": "//images.vivino.com/backgrounds/styles/thumbs/jvbiWuqtTdSCco23mOd8eA_932x810.jpg"}}, "description": "Rioja may be the most famous region in Spain, but Ribera del Duero is no slouch. These classic wines are made mostly from the grape Tempranillo.\n\nRibera del Duero wines are known for being strong, dark-colored wines filled with dark fruit, tobacco and vanilla flavors.\n\nThe sensual wines of Ribera del Duero are dark, brooding, and exciting. They are famous for taking the traditional Spanish grape Tempranillo and blending it with Bordeaux grapes Cabernet Sauvignon and Merlot. This practice makes wines that are strong, dark and beautiful.\n\nThis specific grape blend makes these wines very delicious, but their popularity slipped drastically in the 1970s. Extremely long barrel aging and old winemaking practices made the wines extremely inconsistent. Even bottles in the same vintage could be very different.\n\nNow, with modern winemaking practices and attention to detail these wines are becoming as consistently incredible as they should be!", "blurb": "Often Tempranillo-based", "interesting_facts": ["In Ribera del Duero, the grape Tempranillo is called Tinto Fino.", "Vega Sicilia in Ribera del Duero has historically been Spain's most expensive wine.", "The DO classification for Ribera del Duero was created in 1982.", "Ribera del Duero translates to \u201calongside the Duero River\u201d, which is apt because the Duero River runs through it."], "body": 5, "body_description": "Very full-bodied", "acidity": 3, "acidity_description": "High", "country": {"code": "es", "name": "Spain", "native_name": "Espa\u00f1a", "seo_name": "spain", "currency": {"code": "EUR", "name": "Euros", "prefix": "\u20ac", "suffix": null}, "regions_count": 152, "users_count": 2042968, "wines_count": 131377, "wineries_count": 17630, "most_used_grapes": [{"id": 19, "name": "Tempranillo", "seo_name": "tempranillo", "has_detailed_info": true, "wines_count": 172842}, {"id": 142, "name": "Garnacha", "seo_name": "garnacha", "has_detailed_info": true, "wines_count": 58111}, {"id": 2, "name": "Cabernet Sauvignon", "seo_name": "cabernet-sauvignon", "has_detailed_info": true, "wines_count": 801751}]}, "wine_type_id": 1, "food": [{"id": 4, "name": "Beef", "background_image": {"location": "//images.vivino.com/backgrounds/foods/4_beef.png", "variations": {"small": "//images.vivino.com/backgrounds/foods/thumbs/4_beef_932x810.png"}}, "seo_name": "beef"}, {"id": 8, "name": "Lamb", "background_image": {"location": "//images.vivino.com/backgrounds/foods/8_lamb.png", "variations": {"small": "//images.vivino.com/backgrounds/foods/thumbs/8_lamb_932x810.png"}}, "seo_name": "lamb"}, {"id": 11, "name": "Game (deer, venison)", "background_image": {"location": "//images.vivino.com/backgrounds/foods/11_venison.png", "variations": {"small": "//images.vivino.com/backgrounds/foods/thumbs/11_venison_932x810.png"}}, "seo_name": "game"}], "grapes": [{"id": 19, "name": "Tempranillo", "seo_name": "tempranillo", "has_detailed_info": true, "wines_count": 172842}], "region": {"id": 405, "name": "Ribera del Duero", "name_en": "", "seo_name": "ribera-del-duero", "country": {"code": "es", "name": "Spain", "native_name": "Espa\u00f1a", "seo_name": "spain", "currency": {"code": "EUR", "name": "Euros", "prefix": "\u20ac", "suffix": null}, "regions_count": 152, "users_count": 2042968, "wines_count": 131377, "wineries_count": 17630, "most_used_grapes": [{"id": 19, "name": "Tempranillo", "seo_name": "tempranillo", "has_detailed_info": true, "wines_count": 172842}, {"id": 142, "name": "Garnacha", "seo_name": "garnacha", "has_detailed_info": true, "wines_count": 58111}, {"id": 2, "name": "Cabernet Sauvignon", "seo_name": "cabernet-sauvignon", "has_detailed_info": true, "wines_count": 801751}]}, "parent_id": 404, "background_image": {"location": "//images.vivino.com/regions/backgrounds/_nMNiDRrQG-Y6aphFjOyYQ.jpeg", "variations": {"large": "//thumbs.vivino.com/region_backgrounds/_nMNiDRrQG-Y6aphFjOyYQ_1280x760.jpeg", "medium": "//thumbs.vivino.com/region_backgrounds/_nMNiDRrQG-Y6aphFjOyYQ_600x356.jpeg"}}, "statistics": {"wineries_count": 657, "wines_count": 4565, "sub_regions_count": 0, "parent_regions_count": 1}}}, "has_valid_ratings": true}, "description": "", "wine_critic_reviews": [], "awards": [], "ratings_distribution": {"1": 248, "2": 867, "3": 11034, "4": 23012, "5": 4619}, "ranking": {"country": {"description": "Rank within Spain", "total": 608778, "rank": 25633}, "region": {"description": "Rank within Wine Region", "total": 28490, "rank": 3102}, "winery": {"description": "Rank within Winery", "total": 111, "rank": 9}, "global": {"description": "Global Rank", "total": 8944641, "rank": 413976}}, "wine_facts": {"alcohol": 14}, "winemaker": null, "wine_maker": null, "grape_composition": {"19": 100}, "year": "", "grapes": [{"id": 19, "name": "Tempranillo", "seo_name": "tempranillo", "has_detailed_info": true, "wines_count": 172842}], "has_valid_ratings": true}, "carts": null, "full_region": null, "tastes": null, "wine": {"id": 3313942, "name": "Celeste Crianza", "seo_name": "celeste-crianza-ribera-del-duero", "type_id": 1, "vintage_type": 0, "is_natural": false, "region": {"id": 405, "name": "Ribera del Duero", "name_en": "", "seo_name": "ribera-del-duero", "country": {"code": "es", "name": "Spain", "native_name": "Espa\u00f1a", "seo_name": "spain", "currency": {"code": "EUR", "name": "Euros", "prefix": "\u20ac", "suffix": null}, "regions_count": 152, "users_count": 2042968, "wines_count": 131377, "wineries_count": 17630, "most_used_grapes": [{"id": 19, "name": "Tempranillo", "seo_name": "tempranillo", "has_detailed_info": true, "wines_count": 172842}, {"id": 142, "name": "Garnacha", "seo_name": "garnacha", "has_detailed_info": true, "wines_count": 58111}, {"id": 2, "name": "Cabernet Sauvignon", "seo_name": "cabernet-sauvignon", "has_detailed_info": true, "wines_count": 801751}]}, "parent_id": 404, "background_image": {"location": "//images.vivino.com/regions/backgrounds/_nMNiDRrQG-Y6aphFjOyYQ.jpeg", "variations": {"large": "//thumbs.vivino.com/region_backgrounds/_nMNiDRrQG-Y6aphFjOyYQ_1280x760.jpeg", "medium": "//thumbs.vivino.com/region_backgrounds/_nMNiDRrQG-Y6aphFjOyYQ_600x356.jpeg"}}, "statistics": {"wineries_count": 657, "wines_count": 4565, "sub_regions_count": 0, "parent_regions_count": 1}}, "review_status": 2, "winery": {"id": 276070, "name": "Pago del Cielo", "seo_name": "pago-del-cielo", "status": 0, "review_status": "Completed", "background_image": null, "statistics": {"ratings_count": 55695, "ratings_average": 3.8, "labels_count": 357962, "wines_count": 5}, "region": {"id": 405, "name": "Ribera del Duero", "name_en": "", "seo_name": "ribera-del-duero", "country": {"code": "es", "name": "Spain", "native_name": "Espa\u00f1a", "seo_name": "spain", "currency": {"code": "EUR", "name": "Euros", "prefix": "\u20ac", "suffix": null}, "regions_count": 152, "users_count": 2042968, "wines_count": 131377, "wineries_count": 17630, "most_used_grapes": [{"id": 19, "name": "Tempranillo", "seo_name": "tempranillo", "has_detailed_info": true, "wines_count": 172842}, {"id": 142, "name": "Garnacha", "seo_name": "garnacha", "has_detailed_info": true, "wines_count": 58111}, {"id": 2, "name": "Cabernet Sauvignon", "seo_name": "cabernet-sauvignon", "has_detailed_info": true, "wines_count": 801751}]}, "parent_id": 404, "background_image": {"location": "//images.vivino.com/regions/backgrounds/_nMNiDRrQG-Y6aphFjOyYQ.jpeg", "variations": {"large": "//thumbs.vivino.com/region_backgrounds/_nMNiDRrQG-Y6aphFjOyYQ_1280x760.jpeg", "medium": "//thumbs.vivino.com/region_backgrounds/_nMNiDRrQG-Y6aphFjOyYQ_600x356.jpeg"}}, "statistics": {"wineries_count": 657, "wines_count": 4565, "sub_regions_count": 0, "parent_regions_count": 1}}}, "image": {"location": "//images.vivino.com/thumbs/KBkM4wHwTo6zktud5RhRNQ_pl_480x640.png", "variations": {"bottle_large": "//images.vivino.com/thumbs/KBkM4wHwTo6zktud5RhRNQ_pb_x960.png", "bottle_medium": "//images.vivino.com/thumbs/KBkM4wHwTo6zktud5RhRNQ_pb_x600.png", "bottle_medium_square": "//images.vivino.com/thumbs/KBkM4wHwTo6zktud5RhRNQ_pb_600x600.png", "bottle_small": "//images.vivino.com/thumbs/KBkM4wHwTo6zktud5RhRNQ_pb_x300.png", "bottle_small_square": "//images.vivino.com/thumbs/KBkM4wHwTo6zktud5RhRNQ_pb_300x300.png", "label": "//images.vivino.com/thumbs/KBkM4wHwTo6zktud5RhRNQ_pl_480x640.png", "label_large": "//images.vivino.com/thumbs/KBkM4wHwTo6zktud5RhRNQ_pl_375x500.png", "label_medium": "//images.vivino.com/thumbs/KBkM4wHwTo6zktud5RhRNQ_pl_150x200.png", "label_medium_square": "//images.vivino.com/thumbs/KBkM4wHwTo6zktud5RhRNQ_pl_150x150.png", "label_small_square": "//images.vivino.com/thumbs/KBkM4wHwTo6zktud5RhRNQ_pl_80x80.png", "large": "//images.vivino.com/thumbs/KBkM4wHwTo6zktud5RhRNQ_pl_375x500.png", "medium": "//images.vivino.com/thumbs/KBkM4wHwTo6zktud5RhRNQ_pl_150x200.png", "medium_square": "//images.vivino.com/thumbs/KBkM4wHwTo6zktud5RhRNQ_pl_150x150.png", "small_square": "//images.vivino.com/thumbs/KBkM4wHwTo6zktud5RhRNQ_pl_80x80.png"}}, "statistics": {"status": "Normal", "ratings_count": 39780, "ratings_average": 3.9, "labels_count": 242993, "vintages_count": 64}, "rank": null, "hidden": false, "vintages": [{"id": 170507063, "seo_name": "pago-del-cielo-celeste-crianza-ribera-del-duero-2022", "name": "Pago del Cielo Celeste Crianza 2022", "statistics": {"status": "BelowThreshold", "ratings_count": 0, "ratings_average": 0, "labels_count": 0, "reviews_count": 0}, "year": 2022, "grapes": null, "has_valid_ratings": false}, {"id": 167183537, "seo_name": "pago-del-cielo-celeste-crianza-ribera-del-duero-2021", "name": "Pago del Cielo Celeste Crianza 2021", "statistics": {"status": "BelowThreshold", "ratings_count": 0, "ratings_average": 0, "labels_count": 0, "reviews_count": 0}, "year": 2021, "grapes": null, "has_valid_ratings": false}, {"id": 162918392, "seo_name": "pago-del-cielo-celeste-crianza-ribera-del-duero-2020", "name": "Pago del Cielo Celeste Crianza 2020", "statistics": {"status": "Normal", "ratings_count": 20, "ratings_average": 4, "labels_count": 349, "reviews_count": 7}, "year": 2020, "grapes": null, "has_valid_ratings": true}, {"id": 159669704, "seo_name": "pago-del-cielo-celeste-crianza-ribera-del-duero-2019", "name": "Pago del Cielo Celeste Crianza 2019", "statistics": {"status": "BelowThreshold", "ratings_count": 9, "ratings_average": 0, "labels_count": 146, "reviews_count": 1}, "year": 2019, "grapes": null, "has_valid_ratings": false}, {"id": 156139836, "seo_name": "pago-del-cielo-celeste-crianza-ribera-del-duero-2018", "name": "Pago del Cielo Celeste Crianza 2018", "statistics": {"status": "Normal", "ratings_count": 2897, "ratings_average": 4, "labels_count": 27883, "reviews_count": 1031}, "year": 2018, "grapes": null, "has_valid_ratings": true}, {"id": 150314169, "seo_name": "pago-del-cielo-celeste-crianza-ribera-del-duero-2017", "name": "Pago del Cielo Celeste Crianza 2017", "statistics": {"status": "Normal", "ratings_count": 4389, "ratings_average": 3.9, "labels_count": 36797, "reviews_count": 1596}, "year": 2017, "grapes": null, "has_valid_ratings": true}, {"id": 87014453, "seo_name": "pago-del-cielo-celeste-crianza-ribera-del-duero-2016", "name": "Pago del Cielo Celeste Crianza 2016", "statistics": {"status": "Normal", "ratings_count": 5659, "ratings_average": 4, "labels_count": 43240, "reviews_count": 1972}, "year": 2016, "grapes": null, "has_valid_ratings": true}, {"id": 21261168, "seo_name": "pago-del-cielo-celeste-crianza-ribera-del-duero-2015", "name": "Pago del Cielo Celeste Crianza 2015", "statistics": {"status": "Normal", "ratings_count": 4958, "ratings_average": 4, "labels_count": 32870, "reviews_count": 1636}, "year": 2015, "grapes": null, "has_valid_ratings": true}, {"id": 21335463, "seo_name": "pago-del-cielo-celeste-crianza-ribera-del-duero-2014", "name": "Pago del Cielo Celeste Crianza 2014", "statistics": {"status": "Normal", "ratings_count": 4344, "ratings_average": 3.9, "labels_count": 28125, "reviews_count": 1344}, "year": 2014, "grapes": null, "has_valid_ratings": true}, {"id": 20780410, "seo_name": "pago-del-cielo-celeste-crianza-ribera-del-duero-2013", "name": "Pago del Cielo Celeste Crianza 2013", "statistics": {"status": "Normal", "ratings_count": 3463, "ratings_average": 3.8, "labels_count": 19856, "reviews_count": 1042}, "year": 2013, "grapes": null, "has_valid_ratings": true}, {"id": 20695485, "seo_name": "pago-del-cielo-celeste-crianza-ribera-del-duero-2012", "name": "Pago del Cielo Celeste Crianza 2012", "statistics": {"status": "Normal", "ratings_count": 2916, "ratings_average": 3.8, "labels_count": 14151, "reviews_count": 905}, "year": 2012, "grapes": null, "has_valid_ratings": true}, {"id": 20613489, "seo_name": "pago-del-cielo-celeste-crianza-ribera-del-duero-2011", "name": "Pago del Cielo Celeste Crianza 2011", "statistics": {"status": "Normal", "ratings_count": 3295, "ratings_average": 3.8, "labels_count": 14342, "reviews_count": 1081}, "year": 2011, "grapes": null, "has_valid_ratings": true}, {"id": 20695233, "seo_name": "pago-del-cielo-celeste-crianza-ribera-del-duero-2010", "name": "Pago del Cielo Celeste Crianza 2010", "statistics": {"status": "Normal", "ratings_count": 3007, "ratings_average": 3.8, "labels_count": 12546, "reviews_count": 849}, "year": 2010, "grapes": null, "has_valid_ratings": true}, {"id": 20977473, "seo_name": "pago-del-cielo-celeste-crianza-ribera-del-duero-2009", "name": "Pago del Cielo Celeste Crianza 2009", "statistics": {"status": "Normal", "ratings_count": 1569, "ratings_average": 3.7, "labels_count": 6365, "reviews_count": 336}, "year": 2009, "grapes": null, "has_valid_ratings": true}, {"id": 20906615, "seo_name": "pago-del-cielo-celeste-crianza-ribera-del-duero-2008", "name": "Pago del Cielo Celeste Crianza 2008", "statistics": {"status": "Normal", "ratings_count": 460, "ratings_average": 3.8, "labels_count": 1639, "reviews_count": 88}, "year": 2008, "grapes": null, "has_valid_ratings": true}, {"id": 21333698, "seo_name": "pago-del-cielo-celeste-crianza-ribera-del-duero-2007", "name": "Pago del Cielo Celeste Crianza 2007", "statistics": {"status": "Normal", "ratings_count": 410, "ratings_average": 3.8, "labels_count": 1839, "reviews_count": 75}, "year": 2007, "grapes": null, "has_valid_ratings": true}, {"id": 22051228, "seo_name": "pago-del-cielo-celeste-crianza-ribera-del-duero-2006", "name": "Pago del Cielo Celeste Crianza 2006", "statistics": {"status": "Normal", "ratings_count": 171, "ratings_average": 3.8, "labels_count": 829, "reviews_count": 49}, "year": 2006, "grapes": null, "has_valid_ratings": true}, {"id": 21231954, "seo_name": "pago-del-cielo-celeste-crianza-ribera-del-duero-2005", "name": "Pago del Cielo Celeste Crianza 2005", "statistics": {"status": "Normal", "ratings_count": 45, "ratings_average": 4.1, "labels_count": 377, "reviews_count": 13}, "year": 2005, "grapes": null, "has_valid_ratings": true}, {"id": 22737799, "seo_name": "pago-del-cielo-celeste-crianza-ribera-del-duero-2004", "name": "Pago del Cielo Celeste Crianza 2004", "statistics": {"status": "Normal", "ratings_count": 48, "ratings_average": 4, "labels_count": 199, "reviews_count": 18}, "year": 2004, "grapes": null, "has_valid_ratings": true}, {"id": 25155249, "seo_name": "pago-del-cielo-celeste-crianza-ribera-del-duero-2003", "name": "Pago del Cielo Celeste Crianza 2003", "statistics": {"status": "Normal", "ratings_count": 13, "ratings_average": 3.7, "labels_count": 101, "reviews_count": 2}, "year": 2003, "grapes": null, "has_valid_ratings": true}, {"id": 26269421, "seo_name": "pago-del-cielo-celeste-crianza-ribera-del-duero-2002", "name": "Pago del Cielo Celeste Crianza 2002", "statistics": {"status": "BelowThreshold", "ratings_count": 5, "ratings_average": 0, "labels_count": 51, "reviews_count": 1}, "year": 2002, "grapes": null, "has_valid_ratings": false}, {"id": 29344578, "seo_name": "pago-del-cielo-celeste-crianza-ribera-del-duero-2001", "name": "Pago del Cielo Celeste Crianza 2001", "statistics": {"status": "Normal", "ratings_count": 15, "ratings_average": 3.7, "labels_count": 120, "reviews_count": 1}, "year": 2001, "grapes": null, "has_valid_ratings": true}, {"id": 24365560, "seo_name": "pago-del-cielo-celeste-crianza-ribera-del-duero-2000", "name": "Pago del Cielo Celeste Crianza 2000", "statistics": {"status": "BelowThreshold", "ratings_count": 5, "ratings_average": 0, "labels_count": 57, "reviews_count": 1}, "year": 2000, "grapes": null, "has_valid_ratings": false}, {"id": 59734112, "seo_name": "pago-del-cielo-celeste-crianza-ribera-del-duero-1999", "name": "Pago del Cielo Celeste Crianza 1999", "statistics": {"status": "BelowThreshold", "ratings_count": 0, "ratings_average": 0, "labels_count": 7, "reviews_count": 0}, "year": 1999, "grapes": null, "has_valid_ratings": false}, {"id": 13476235, "seo_name": "pago-del-cielo-celeste-crianza-ribera-del-duero-1998", "name": "Pago del Cielo Celeste Crianza 1998", "statistics": {"status": "BelowThreshold", "ratings_count": 1, "ratings_average": 0, "labels_count": 6, "reviews_count": 1}, "year": 1998, "grapes": null, "has_valid_ratings": false}, {"id": 2406395, "seo_name": "pago-del-cielo-celeste-crianza-ribera-del-duero-1997", "name": "Pago del Cielo Celeste Crianza 1997", "statistics": {"status": "BelowThreshold", "ratings_count": 0, "ratings_average": 0, "labels_count": 1, "reviews_count": 0}, "year": 1997, "grapes": null, "has_valid_ratings": false}, {"id": 102514755, "seo_name": "pago-del-cielo-celeste-crianza-ribera-del-duero-1996", "name": "Pago del Cielo Celeste Crianza 1996", "statistics": {"status": "BelowThreshold", "ratings_count": 0, "ratings_average": 0, "labels_count": 1, "reviews_count": 0}, "year": 1996, "grapes": null, "has_valid_ratings": false}, {"id": 3700060, "seo_name": "pago-del-cielo-celeste-crianza-ribera-del-duero-1995", "name": "Pago del Cielo Celeste Crianza 1995", "statistics": {"status": "BelowThreshold", "ratings_count": 0, "ratings_average": 0, "labels_count": 5, "reviews_count": 0}, "year": 1995, "grapes": null, "has_valid_ratings": false}, {"id": 29772094, "seo_name": "pago-del-cielo-celeste-crianza-ribera-del-duero-1993", "name": "Pago del Cielo Celeste Crianza 1993", "statistics": {"status": "BelowThreshold", "ratings_count": 0, "ratings_average": 0, "labels_count": 1, "reviews_count": 0}, "year": 1993, "grapes": null, "has_valid_ratings": false}, {"id": 43197792, "seo_name": "pago-del-cielo-celeste-crianza-ribera-del-duero-1991", "name": "Pago del Cielo Celeste Crianza 1991", "statistics": {"status": "BelowThreshold", "ratings_count": 1, "ratings_average": 0, "labels_count": 10, "reviews_count": 0}, "year": 1991, "grapes": null, "has_valid_ratings": false}, {"id": 80619204, "seo_name": "pago-del-cielo-celeste-crianza-ribera-del-duero-1990", "name": "Pago del Cielo Celeste Crianza 1990", "statistics": {"status": "BelowThreshold", "ratings_count": 0, "ratings_average": 0, "labels_count": 1, "reviews_count": 0}, "year": 1990, "grapes": null, "has_valid_ratings": false}, {"id": 64558887, "seo_name": "pago-del-cielo-celeste-crianza-ribera-del-duero-1989", "name": "Pago del Cielo Celeste Crianza 1989", "statistics": {"status": "BelowThreshold", "ratings_count": 0, "ratings_average": 0, "labels_count": 0, "reviews_count": 0}, "year": 1989, "grapes": null, "has_valid_ratings": false}, {"id": 3309211, "seo_name": "pago-del-cielo-celeste-crianza-ribera-del-duero-1988", "name": "Pago del Cielo Celeste Crianza 1988", "statistics": {"status": "BelowThreshold", "ratings_count": 0, "ratings_average": 0, "labels_count": 1, "reviews_count": 0}, "year": 1988, "grapes": null, "has_valid_ratings": false}, {"id": 12546397, "seo_name": "pago-del-cielo-celeste-crianza-ribera-del-duero-1987", "name": "Pago del Cielo Celeste Crianza 1987", "statistics": {"status": "BelowThreshold", "ratings_count": 0, "ratings_average": 0, "labels_count": 2, "reviews_count": 0}, "year": 1987, "grapes": null, "has_valid_ratings": false}, {"id": 11410443, "seo_name": "pago-del-cielo-celeste-crianza-ribera-del-duero-1986", "name": "Pago del Cielo Celeste Crianza 1986", "statistics": {"status": "BelowThreshold", "ratings_count": 0, "ratings_average": 0, "labels_count": 0, "reviews_count": 0}, "year": 1986, "grapes": null, "has_valid_ratings": false}, {"id": 90297814, "seo_name": "pago-del-cielo-celeste-crianza-ribera-del-duero-1985", "name": "Pago del Cielo Celeste Crianza 1985", "statistics": {"status": "BelowThreshold", "ratings_count": 1, "ratings_average": 0, "labels_count": 2, "reviews_count": 0}, "year": 1985, "grapes": null, "has_valid_ratings": false}, {"id": 11410452, "seo_name": "pago-del-cielo-celeste-crianza-ribera-del-duero-1984", "name": "Pago del Cielo Celeste Crianza 1984", "statistics": {"status": "BelowThreshold", "ratings_count": 2, "ratings_average": 0, "labels_count": 2, "reviews_count": 0}, "year": 1984, "grapes": null, "has_valid_ratings": false}, {"id": 22133258, "seo_name": "pago-del-cielo-celeste-crianza-ribera-del-duero-1983", "name": "Pago del Cielo Celeste Crianza 1983", "statistics": {"status": "BelowThreshold", "ratings_count": 0, "ratings_average": 0, "labels_count": 0, "reviews_count": 0}, "year": 1983, "grapes": null, "has_valid_ratings": false}, {"id": 21920857, "seo_name": "pago-del-cielo-celeste-crianza-ribera-del-duero-1982", "name": "Pago del Cielo Celeste Crianza 1982", "statistics": {"status": "BelowThreshold", "ratings_count": 0, "ratings_average": 0, "labels_count": 0, "reviews_count": 0}, "year": 1982, "grapes": null, "has_valid_ratings": false}, {"id": 3970885, "seo_name": "pago-del-cielo-celeste-crianza-ribera-del-duero-1981", "name": "Pago del Cielo Celeste Crianza 1981", "statistics": {"status": "BelowThreshold", "ratings_count": 1, "ratings_average": 0, "labels_count": 7, "reviews_count": 1}, "year": 1981, "grapes": null, "has_valid_ratings": false}, {"id": 11955090, "seo_name": "pago-del-cielo-celeste-crianza-ribera-del-duero-1980", "name": "Pago del Cielo Celeste Crianza 1980", "statistics": {"status": "BelowThreshold", "ratings_count": 0, "ratings_average": 0, "labels_count": 4, "reviews_count": 0}, "year": 1980, "grapes": null, "has_valid_ratings": false}, {"id": 7463692, "seo_name": "pago-del-cielo-celeste-crianza-ribera-del-duero-1979", "name": "Pago del Cielo Celeste Crianza 1979", "statistics": {"status": "BelowThreshold", "ratings_count": 0, "ratings_average": 0, "labels_count": 0, "reviews_count": 0}, "year": 1979, "grapes": null, "has_valid_ratings": false}, {"id": 12340009, "seo_name": "pago-del-cielo-celeste-crianza-ribera-del-duero-1978", "name": "Pago del Cielo Celeste Crianza 1978", "statistics": {"status": "BelowThreshold", "ratings_count": 7, "ratings_average": 0, "labels_count": 146, "reviews_count": 2}, "year": 1978, "grapes": null, "has_valid_ratings": false}, {"id": 21886938, "seo_name": "pago-del-cielo-celeste-crianza-ribera-del-duero-1973", "name": "Pago del Cielo Celeste Crianza 1973", "statistics": {"status": "BelowThreshold", "ratings_count": 0, "ratings_average": 0, "labels_count": 3, "reviews_count": 0}, "year": 1973, "grapes": null, "has_valid_ratings": false}, {"id": 147745986, "seo_name": "pago-del-cielo-celeste-crianza-ribera-del-duero-1972", "name": "Pago del Cielo Celeste Crianza 1972", "statistics": {"status": "BelowThreshold", "ratings_count": 0, "ratings_average": 0, "labels_count": 0, "reviews_count": 0}, "year": 1972, "grapes": null, "has_valid_ratings": false}, {"id": 4352521, "seo_name": "pago-del-cielo-celeste-crianza-ribera-del-duero-1971", "name": "Pago del Cielo Celeste Crianza 1971", "statistics": {"status": "BelowThreshold", "ratings_count": 0, "ratings_average": 0, "labels_count": 11, "reviews_count": 0}, "year": 1971, "grapes": null, "has_valid_ratings": false}, {"id": 10762316, "seo_name": "pago-del-cielo-celeste-crianza-ribera-del-duero-1970", "name": "Pago del Cielo Celeste Crianza 1970", "statistics": {"status": "BelowThreshold", "ratings_count": 1, "ratings_average": 0, "labels_count": 33, "reviews_count": 1}, "year": 1970, "grapes": null, "has_valid_ratings": false}, {"id": 12158339, "seo_name": "pago-del-cielo-celeste-crianza-ribera-del-duero-1969", "name": "Pago del Cielo Celeste Crianza 1969", "statistics": {"status": "BelowThreshold", "ratings_count": 1, "ratings_average": 0, "labels_count": 7, "reviews_count": 1}, "year": 1969, "grapes": null, "has_valid_ratings": false}, {"id": 11245946, "seo_name": "pago-del-cielo-celeste-crianza-ribera-del-duero-1968", "name": "Pago del Cielo Celeste Crianza 1968", "statistics": {"status": "BelowThreshold", "ratings_count": 6, "ratings_average": 0, "labels_count": 54, "reviews_count": 1}, "year": 1968, "grapes": null, "has_valid_ratings": false}, {"id": 4638398, "seo_name": "pago-del-cielo-celeste-crianza-ribera-del-duero-1967", "name": "Pago del Cielo Celeste Crianza 1967", "statistics": {"status": "BelowThreshold", "ratings_count": 0, "ratings_average": 0, "labels_count": 0, "reviews_count": 0}, "year": 1967, "grapes": null, "has_valid_ratings": false}, {"id": 14683093, "seo_name": "pago-del-cielo-celeste-crianza-ribera-del-duero-1961", "name": "Pago del Cielo Celeste Crianza 1961", "statistics": {"status": "BelowThreshold", "ratings_count": 0, "ratings_average": 0, "labels_count": 0, "reviews_count": 0}, "year": 1961, "grapes": null, "has_valid_ratings": false}, {"id": 34378025, "seo_name": "pago-del-cielo-celeste-crianza-ribera-del-duero-1960", "name": "Pago del Cielo Celeste Crianza 1960", "statistics": {"status": "BelowThreshold", "ratings_count": 0, "ratings_average": 0, "labels_count": 1, "reviews_count": 0}, "year": 1960, "grapes": null, "has_valid_ratings": false}, {"id": 156998628, "seo_name": "pago-del-cielo-celeste-crianza-ribera-del-duero-1958", "name": "Pago del Cielo Celeste Crianza 1958", "statistics": {"status": "BelowThreshold", "ratings_count": 0, "ratings_average": 0, "labels_count": 0, "reviews_count": 0}, "year": 1958, "grapes": null, "has_valid_ratings": false}, {"id": 6317463, "seo_name": "pago-del-cielo-celeste-crianza-ribera-del-duero-1945", "name": "Pago del Cielo Celeste Crianza 1945", "statistics": {"status": "BelowThreshold", "ratings_count": 0, "ratings_average": 0, "labels_count": 0, "reviews_count": 0}, "year": 1945, "grapes": null, "has_valid_ratings": false}, {"id": 13215670, "seo_name": "pago-del-cielo-celeste-crianza-ribera-del-duero-1943", "name": "Pago del Cielo Celeste Crianza 1943", "statistics": {"status": "BelowThreshold", "ratings_count": 0, "ratings_average": 0, "labels_count": 0, "reviews_count": 0}, "year": 1943, "grapes": null, "has_valid_ratings": false}, {"id": 154536796, "seo_name": "pago-del-cielo-celeste-crianza-ribera-del-duero-1932", "name": "Pago del Cielo Celeste Crianza 1932", "statistics": {"status": "BelowThreshold", "ratings_count": 0, "ratings_average": 0, "labels_count": 0, "reviews_count": 0}, "year": 1932, "grapes": null, "has_valid_ratings": false}, {"id": 72473973, "seo_name": "pago-del-cielo-celeste-crianza-ribera-del-duero-1930", "name": "Pago del Cielo Celeste Crianza 1930", "statistics": {"status": "BelowThreshold", "ratings_count": 0, "ratings_average": 0, "labels_count": 0, "reviews_count": 0}, "year": 1930, "grapes": null, "has_valid_ratings": false}, {"id": 149417033, "seo_name": "pago-del-cielo-celeste-crianza-ribera-del-duero-1914", "name": "Pago del Cielo Celeste Crianza 1914", "statistics": {"status": "BelowThreshold", "ratings_count": 0, "ratings_average": 0, "labels_count": 0, "reviews_count": 0}, "year": 1914, "grapes": null, "has_valid_ratings": false}, {"id": 150714753, "seo_name": "pago-del-cielo-celeste-crianza-ribera-del-duero-1900", "name": "Pago del Cielo Celeste Crianza 1900", "statistics": {"status": "BelowThreshold", "ratings_count": 0, "ratings_average": 0, "labels_count": 0, "reviews_count": 0}, "year": 1900, "grapes": null, "has_valid_ratings": false}, {"id": 147353766, "seo_name": "pago-del-cielo-celeste-crianza-ribera-del-duero-1894", "name": "Pago del Cielo Celeste Crianza 1894", "statistics": {"status": "BelowThreshold", "ratings_count": 0, "ratings_average": 0, "labels_count": 0, "reviews_count": 0}, "year": 1894, "grapes": null, "has_valid_ratings": false}, {"id": 145813494, "seo_name": "pago-del-cielo-celeste-crianza-ribera-del-duero-1893", "name": "Pago del Cielo Celeste Crianza 1893", "statistics": {"status": "BelowThreshold", "ratings_count": 0, "ratings_average": 0, "labels_count": 0, "reviews_count": 0}, "year": 1893, "grapes": null, "has_valid_ratings": false}, {"id": 155083013, "seo_name": "pago-del-cielo-celeste-crianza-ribera-del-duero-1879", "name": "Pago del Cielo Celeste Crianza 1879", "statistics": {"status": "BelowThreshold", "ratings_count": 0, "ratings_average": 0, "labels_count": 0, "reviews_count": 0}, "year": 1879, "grapes": null, "has_valid_ratings": false}, {"id": 19524460, "seo_name": "pago-del-cielo-celeste-crianza-ribera-del-duero-1790", "name": "Pago del Cielo Celeste Crianza 1790", "statistics": {"status": "BelowThreshold", "ratings_count": 0, "ratings_average": 0, "labels_count": 0, "reviews_count": 0}, "year": 1790, "grapes": null, "has_valid_ratings": false}, {"id": 20602328, "seo_name": "pago-del-cielo-celeste-crianza-ribera-del-duero-uv", "name": "Pago del Cielo Celeste Crianza", "statistics": {"status": "Normal", "ratings_count": 39780, "ratings_average": 3.9, "labels_count": 631, "reviews_count": 553}, "year": 0, "grapes": null, "has_valid_ratings": true}], "description": "Dark cherry red with garnet highlights. Intense dark fruit aroma (wild blackberries, blueberry jam) with smoky and roasted (coffee) notes against a wonderfully elegant oaky backdrop. A serious wine with juicy tannins, velvety and round thanks to the perfume of oak aging (dried plums).", "grapes": [{"id": 19, "name": "Tempranillo", "seo_name": "tempranillo", "has_detailed_info": true, "wines_count": 172842}], "foods": [{"id": 4, "name": "Beef", "background_image": {"location": "//images.vivino.com/backgrounds/foods/4_beef.png", "variations": {"small": "//images.vivino.com/backgrounds/foods/thumbs/4_beef_932x810.png"}}, "seo_name": "beef"}, {"id": 8, "name": "Lamb", "background_image": {"location": "//images.vivino.com/backgrounds/foods/8_lamb.png", "variations": {"small": "//images.vivino.com/backgrounds/foods/thumbs/8_lamb_932x810.png"}}, "seo_name": "lamb"}, {"id": 11, "name": "Game (deer, venison)", "background_image": {"location": "//images.vivino.com/backgrounds/foods/11_venison.png", "variations": {"small": "//images.vivino.com/backgrounds/foods/thumbs/11_venison_932x810.png"}}, "seo_name": "game"}], "non_vintage": false, "alcohol": 0, "sweetness_id": 5, "closure": "cork", "vintage_mask_raw": null, "updated_at": "2022-01-15T11:41:53Z", "created_at": "2015-04-09T01:28:28Z", "is_first_wine": false, "style": {"id": 180, "seo_name": "spanish-ribera-del-duero-red", "regional_name": "Spanish", "varietal_name": "Ribera Del Duero Red", "name": "Spanish Ribera Del Duero Red", "image": null, "background_image": {"location": "//images.vivino.com/backgrounds/styles/jvbiWuqtTdSCco23mOd8eA.jpg", "variations": {"small": "//images.vivino.com/backgrounds/styles/thumbs/jvbiWuqtTdSCco23mOd8eA_932x810.jpg"}}, "description": "Rioja may be the most famous region in Spain, but Ribera del Duero is no slouch. These classic wines are made mostly from the grape Tempranillo.\n\nRibera del Duero wines are known for being strong, dark-colored wines filled with dark fruit, tobacco and vanilla flavors.\n\nThe sensual wines of Ribera del Duero are dark, brooding, and exciting. They are famous for taking the traditional Spanish grape Tempranillo and blending it with Bordeaux grapes Cabernet Sauvignon and Merlot. This practice makes wines that are strong, dark and beautiful.\n\nThis specific grape blend makes these wines very delicious, but their popularity slipped drastically in the 1970s. Extremely long barrel aging and old winemaking practices made the wines extremely inconsistent. Even bottles in the same vintage could be very different.\n\nNow, with modern winemaking practices and attention to detail these wines are becoming as consistently incredible as they should be!", "blurb": "Often Tempranillo-based", "interesting_facts": ["In Ribera del Duero, the grape Tempranillo is called Tinto Fino.", "Vega Sicilia in Ribera del Duero has historically been Spain's most expensive wine.", "The DO classification for Ribera del Duero was created in 1982.", "Ribera del Duero translates to \u201calongside the Duero River\u201d, which is apt because the Duero River runs through it."], "body": 5, "body_description": "Very full-bodied", "acidity": 3, "acidity_description": "High", "country": {"code": "es", "name": "Spain", "native_name": "Espa\u00f1a", "seo_name": "spain", "currency": {"code": "EUR", "name": "Euros", "prefix": "\u20ac", "suffix": null}, "regions_count": 152, "users_count": 2042968, "wines_count": 131377, "wineries_count": 17630, "most_used_grapes": [{"id": 19, "name": "Tempranillo", "seo_name": "tempranillo", "has_detailed_info": true, "wines_count": 172842}, {"id": 142, "name": "Garnacha", "seo_name": "garnacha", "has_detailed_info": true, "wines_count": 58111}, {"id": 2, "name": "Cabernet Sauvignon", "seo_name": "cabernet-sauvignon", "has_detailed_info": true, "wines_count": 801751}]}, "wine_type_id": 1, "food": [{"id": 4, "name": "Beef", "background_image": {"location": "//images.vivino.com/backgrounds/foods/4_beef.png", "variations": {"small": "//images.vivino.com/backgrounds/foods/thumbs/4_beef_932x810.png"}}, "seo_name": "beef"}, {"id": 8, "name": "Lamb", "background_image": {"location": "//images.vivino.com/backgrounds/foods/8_lamb.png", "variations": {"small": "//images.vivino.com/backgrounds/foods/thumbs/8_lamb_932x810.png"}}, "seo_name": "lamb"}, {"id": 11, "name": "Game (deer, venison)", "background_image": {"location": "//images.vivino.com/backgrounds/foods/11_venison.png", "variations": {"small": "//images.vivino.com/backgrounds/foods/thumbs/11_venison_932x810.png"}}, "seo_name": "game"}], "grapes": [{"id": 19, "name": "Tempranillo", "seo_name": "tempranillo", "has_detailed_info": true, "wines_count": 172842}], "region": {"id": 405, "name": "Ribera del Duero", "name_en": "", "seo_name": "ribera-del-duero", "country": {"code": "es", "name": "Spain", "native_name": "Espa\u00f1a", "seo_name": "spain", "currency": {"code": "EUR", "name": "Euros", "prefix": "\u20ac", "suffix": null}, "regions_count": 152, "users_count": 2042968, "wines_count": 131377, "wineries_count": 17630, "most_used_grapes": [{"id": 19, "name": "Tempranillo", "seo_name": "tempranillo", "has_detailed_info": true, "wines_count": 172842}, {"id": 142, "name": "Garnacha", "seo_name": "garnacha", "has_detailed_info": true, "wines_count": 58111}, {"id": 2, "name": "Cabernet Sauvignon", "seo_name": "cabernet-sauvignon", "has_detailed_info": true, "wines_count": 801751}]}, "parent_id": 404, "background_image": {"location": "//images.vivino.com/regions/backgrounds/_nMNiDRrQG-Y6aphFjOyYQ.jpeg", "variations": {"large": "//thumbs.vivino.com/region_backgrounds/_nMNiDRrQG-Y6aphFjOyYQ_1280x760.jpeg", "medium": "//thumbs.vivino.com/region_backgrounds/_nMNiDRrQG-Y6aphFjOyYQ_600x356.jpeg"}}, "statistics": {"wineries_count": 657, "wines_count": 4565, "sub_regions_count": 0, "parent_regions_count": 1}}}, "has_valid_ratings": true}, "highlights": [{"vintage_id": 156139836, "highlight_type": "best_user_rated", "message": "A top rated year for this wine", "icon": "https://images.vivino.com/highlights/icon/best_user_rated.svg", "metadata": {"price": {"id": 24949042, "type": "vc", "amount": 16.39, "currency": {"code": "EUR", "name": "Euros", "prefix": "\u20ac", "suffix": null}, "discounted_from": null}, "wine_id": 3313942, "toplist": null, "ws_award": null, "critic_review_id": null, "ratings_average": 4, "ratings_count": 2897, "vintage_year": "2018", "rank_type": "global", "ranks": {"country": {"description": "Rank within Spain", "total": 608778, "rank": 16276}, "region": {"description": "Rank within Wine Region", "total": 28490, "rank": 2330}, "winery": {"description": "Rank within Winery", "total": 111, "rank": 5}, "global": {"description": "Global Rank", "total": 8944641, "rank": 267003}}, "style": {"id": 180, "seo_name": "spanish-ribera-del-duero-red", "regional_name": "Spanish", "varietal_name": "Ribera Del Duero Red", "name": "Spanish Ribera Del Duero Red", "image": null, "background_image": {"location": "//images.vivino.com/backgrounds/styles/jvbiWuqtTdSCco23mOd8eA.jpg", "variations": {"small": "//images.vivino.com/backgrounds/styles/thumbs/jvbiWuqtTdSCco23mOd8eA_932x810.jpg"}}, "description": "Rioja may be the most famous region in Spain, but Ribera del Duero is no slouch. These classic wines are made mostly from the grape Tempranillo.\n\nRibera del Duero wines are known for being strong, dark-colored wines filled with dark fruit, tobacco and vanilla flavors.\n\nThe sensual wines of Ribera del Duero are dark, brooding, and exciting. They are famous for taking the traditional Spanish grape Tempranillo and blending it with Bordeaux grapes Cabernet Sauvignon and Merlot. This practice makes wines that are strong, dark and beautiful.\n\nThis specific grape blend makes these wines very delicious, but their popularity slipped drastically in the 1970s. Extremely long barrel aging and old winemaking practices made the wines extremely inconsistent. Even bottles in the same vintage could be very different.\n\nNow, with modern winemaking practices and attention to detail these wines are becoming as consistently incredible as they should be!", "blurb": "Often Tempranillo-based", "interesting_facts": ["In Ribera del Duero, the grape Tempranillo is called Tinto Fino.", "Vega Sicilia in Ribera del Duero has historically been Spain's most expensive wine.", "The DO classification for Ribera del Duero was created in 1982.", "Ribera del Duero translates to \u201calongside the Duero River\u201d, which is apt because the Duero River runs through it."], "body": 5, "body_description": "Very full-bodied", "acidity": 3, "acidity_description": "High", "country": {"code": "es", "name": "Spain", "native_name": "Espa\u00f1a", "seo_name": "spain", "currency": {"code": "EUR", "name": "Euros", "prefix": "\u20ac", "suffix": null}, "regions_count": 152, "users_count": 2042968, "wines_count": 131377, "wineries_count": 17630, "most_used_grapes": [{"id": 19, "name": "Tempranillo", "seo_name": "tempranillo", "has_detailed_info": true, "wines_count": 172842}, {"id": 142, "name": "Garnacha", "seo_name": "garnacha", "has_detailed_info": true, "wines_count": 58111}, {"id": 2, "name": "Cabernet Sauvignon", "seo_name": "cabernet-sauvignon", "has_detailed_info": true, "wines_count": 801751}]}, "wine_type_id": 1, "food": [{"id": 4, "name": "Beef", "background_image": {"location": "//images.vivino.com/backgrounds/foods/4_beef.png", "variations": {"small": "//images.vivino.com/backgrounds/foods/thumbs/4_beef_932x810.png"}}, "seo_name": "beef"}, {"id": 8, "name": "Lamb", "background_image": {"location": "//images.vivino.com/backgrounds/foods/8_lamb.png", "variations": {"small": "//images.vivino.com/backgrounds/foods/thumbs/8_lamb_932x810.png"}}, "seo_name": "lamb"}, {"id": 11, "name": "Game (deer, venison)", "background_image": {"location": "//images.vivino.com/backgrounds/foods/11_venison.png", "variations": {"small": "//images.vivino.com/backgrounds/foods/thumbs/11_venison_932x810.png"}}, "seo_name": "game"}], "grapes": [{"id": 19, "name": "Tempranillo", "seo_name": "tempranillo", "has_detailed_info": true, "wines_count": 172842}], "region": {"id": 405, "name": "Ribera del Duero", "name_en": "", "seo_name": "ribera-del-duero", "country": {"code": "es", "name": "Spain", "native_name": "Espa\u00f1a", "seo_name": "spain", "currency": {"code": "EUR", "name": "Euros", "prefix": "\u20ac", "suffix": null}, "regions_count": 152, "users_count": 2042968, "wines_count": 131377, "wineries_count": 17630, "most_used_grapes": [{"id": 19, "name": "Tempranillo", "seo_name": "tempranillo", "has_detailed_info": true, "wines_count": 172842}, {"id": 142, "name": "Garnacha", "seo_name": "garnacha", "has_detailed_info": true, "wines_count": 58111}, {"id": 2, "name": "Cabernet Sauvignon", "seo_name": "cabernet-sauvignon", "has_detailed_info": true, "wines_count": 801751}]}, "parent_id": 404, "background_image": {"location": "//images.vivino.com/regions/backgrounds/_nMNiDRrQG-Y6aphFjOyYQ.jpeg", "variations": {"large": "//thumbs.vivino.com/region_backgrounds/_nMNiDRrQG-Y6aphFjOyYQ_1280x760.jpeg", "medium": "//thumbs.vivino.com/region_backgrounds/_nMNiDRrQG-Y6aphFjOyYQ_600x356.jpeg"}}, "statistics": {"wineries_count": 657, "wines_count": 4565, "sub_regions_count": 0, "parent_regions_count": 1}}}}, "vintage_year": 2018}, {"vintage_id": 150314169, "highlight_type": "most_user_rated", "message": "Popular among Vivino users. More than 4300 ratings", "icon": "https://images.vivino.com/highlights/icon/most_user_rated.svg", "metadata": {"price": {"id": 27243500, "type": "vc", "amount": 40.75, "currency": {"code": "EUR", "name": "Euros", "prefix": "\u20ac", "suffix": null}, "discounted_from": null}, "wine_id": 3313942, "toplist": null, "ws_award": null, "critic_review_id": null, "ratings_average": 3.9, "ratings_count": 4389, "vintage_year": "2017", "rank_type": "global", "ranks": {"country": {"description": "Rank within Spain", "total": 608778, "rank": 25767}, "region": {"description": "Rank within Wine Region", "total": 28490, "rank": 3114}, "winery": {"description": "Rank within Winery", "total": 111, "rank": 10}, "global": {"description": "Global Rank", "total": 8944641, "rank": 415102}}, "style": {"id": 180, "seo_name": "spanish-ribera-del-duero-red", "regional_name": "Spanish", "varietal_name": "Ribera Del Duero Red", "name": "Spanish Ribera Del Duero Red", "image": null, "background_image": {"location": "//images.vivino.com/backgrounds/styles/jvbiWuqtTdSCco23mOd8eA.jpg", "variations": {"small": "//images.vivino.com/backgrounds/styles/thumbs/jvbiWuqtTdSCco23mOd8eA_932x810.jpg"}}, "description": "Rioja may be the most famous region in Spain, but Ribera del Duero is no slouch. These classic wines are made mostly from the grape Tempranillo.\n\nRibera del Duero wines are known for being strong, dark-colored wines filled with dark fruit, tobacco and vanilla flavors.\n\nThe sensual wines of Ribera del Duero are dark, brooding, and exciting. They are famous for taking the traditional Spanish grape Tempranillo and blending it with Bordeaux grapes Cabernet Sauvignon and Merlot. This practice makes wines that are strong, dark and beautiful.\n\nThis specific grape blend makes these wines very delicious, but their popularity slipped drastically in the 1970s. Extremely long barrel aging and old winemaking practices made the wines extremely inconsistent. Even bottles in the same vintage could be very different.\n\nNow, with modern winemaking practices and attention to detail these wines are becoming as consistently incredible as they should be!", "blurb": "Often Tempranillo-based", "interesting_facts": ["In Ribera del Duero, the grape Tempranillo is called Tinto Fino.", "Vega Sicilia in Ribera del Duero has historically been Spain's most expensive wine.", "The DO classification for Ribera del Duero was created in 1982.", "Ribera del Duero translates to \u201calongside the Duero River\u201d, which is apt because the Duero River runs through it."], "body": 5, "body_description": "Very full-bodied", "acidity": 3, "acidity_description": "High", "country": {"code": "es", "name": "Spain", "native_name": "Espa\u00f1a", "seo_name": "spain", "currency": {"code": "EUR", "name": "Euros", "prefix": "\u20ac", "suffix": null}, "regions_count": 152, "users_count": 2042968, "wines_count": 131377, "wineries_count": 17630, "most_used_grapes": [{"id": 19, "name": "Tempranillo", "seo_name": "tempranillo", "has_detailed_info": true, "wines_count": 172842}, {"id": 142, "name": "Garnacha", "seo_name": "garnacha", "has_detailed_info": true, "wines_count": 58111}, {"id": 2, "name": "Cabernet Sauvignon", "seo_name": "cabernet-sauvignon", "has_detailed_info": true, "wines_count": 801751}]}, "wine_type_id": 1, "food": [{"id": 4, "name": "Beef", "background_image": {"location": "//images.vivino.com/backgrounds/foods/4_beef.png", "variations": {"small": "//images.vivino.com/backgrounds/foods/thumbs/4_beef_932x810.png"}}, "seo_name": "beef"}, {"id": 8, "name": "Lamb", "background_image": {"location": "//images.vivino.com/backgrounds/foods/8_lamb.png", "variations": {"small": "//images.vivino.com/backgrounds/foods/thumbs/8_lamb_932x810.png"}}, "seo_name": "lamb"}, {"id": 11, "name": "Game (deer, venison)", "background_image": {"location": "//images.vivino.com/backgrounds/foods/11_venison.png", "variations": {"small": "//images.vivino.com/backgrounds/foods/thumbs/11_venison_932x810.png"}}, "seo_name": "game"}], "grapes": [{"id": 19, "name": "Tempranillo", "seo_name": "tempranillo", "has_detailed_info": true, "wines_count": 172842}], "region": {"id": 405, "name": "Ribera del Duero", "name_en": "", "seo_name": "ribera-del-duero", "country": {"code": "es", "name": "Spain", "native_name": "Espa\u00f1a", "seo_name": "spain", "currency": {"code": "EUR", "name": "Euros", "prefix": "\u20ac", "suffix": null}, "regions_count": 152, "users_count": 2042968, "wines_count": 131377, "wineries_count": 17630, "most_used_grapes": [{"id": 19, "name": "Tempranillo", "seo_name": "tempranillo", "has_detailed_info": true, "wines_count": 172842}, {"id": 142, "name": "Garnacha", "seo_name": "garnacha", "has_detailed_info": true, "wines_count": 58111}, {"id": 2, "name": "Cabernet Sauvignon", "seo_name": "cabernet-sauvignon", "has_detailed_info": true, "wines_count": 801751}]}, "parent_id": 404, "background_image": {"location": "//images.vivino.com/regions/backgrounds/_nMNiDRrQG-Y6aphFjOyYQ.jpeg", "variations": {"large": "//thumbs.vivino.com/region_backgrounds/_nMNiDRrQG-Y6aphFjOyYQ_1280x760.jpeg", "medium": "//thumbs.vivino.com/region_backgrounds/_nMNiDRrQG-Y6aphFjOyYQ_600x356.jpeg"}}, "statistics": {"wineries_count": 657, "wines_count": 4565, "sub_regions_count": 0, "parent_regions_count": 1}}}}, "vintage_year": 2017}, {"vintage_id": 87014453, "highlight_type": "top_ranked", "message": "Among top 3% of all wines in the world", "icon": "https://images.vivino.com/highlights/icon/top_ranked.svg", "metadata": {"price": null, "wine_id": 3313942, "toplist": null, "ws_award": null, "critic_review_id": 3503135, "ratings_average": 4, "ratings_count": 5659, "vintage_year": "2016", "rank_type": "global", "ranks": {"country": {"description": "Rank within Spain", "total": 608778, "rank": 16140}, "region": {"description": "Rank within Wine Region", "total": 28490, "rank": 2309}, "winery": {"description": "Rank within Winery", "total": 111, "rank": 3}, "global": {"description": "Global Rank", "total": 8944641, "rank": 265993}}, "style": {"id": 180, "seo_name": "spanish-ribera-del-duero-red", "regional_name": "Spanish", "varietal_name": "Ribera Del Duero Red", "name": "Spanish Ribera Del Duero Red", "image": null, "background_image": {"location": "//images.vivino.com/backgrounds/styles/jvbiWuqtTdSCco23mOd8eA.jpg", "variations": {"small": "//images.vivino.com/backgrounds/styles/thumbs/jvbiWuqtTdSCco23mOd8eA_932x810.jpg"}}, "description": "Rioja may be the most famous region in Spain, but Ribera del Duero is no slouch. These classic wines are made mostly from the grape Tempranillo.\n\nRibera del Duero wines are known for being strong, dark-colored wines filled with dark fruit, tobacco and vanilla flavors.\n\nThe sensual wines of Ribera del Duero are dark, brooding, and exciting. They are famous for taking the traditional Spanish grape Tempranillo and blending it with Bordeaux grapes Cabernet Sauvignon and Merlot. This practice makes wines that are strong, dark and beautiful.\n\nThis specific grape blend makes these wines very delicious, but their popularity slipped drastically in the 1970s. Extremely long barrel aging and old winemaking practices made the wines extremely inconsistent. Even bottles in the same vintage could be very different.\n\nNow, with modern winemaking practices and attention to detail these wines are becoming as consistently incredible as they should be!", "blurb": "Often Tempranillo-based", "interesting_facts": ["In Ribera del Duero, the grape Tempranillo is called Tinto Fino.", "Vega Sicilia in Ribera del Duero has historically been Spain's most expensive wine.", "The DO classification for Ribera del Duero was created in 1982.", "Ribera del Duero translates to \u201calongside the Duero River\u201d, which is apt because the Duero River runs through it."], "body": 5, "body_description": "Very full-bodied", "acidity": 3, "acidity_description": "High", "country": {"code": "es", "name": "Spain", "native_name": "Espa\u00f1a", "seo_name": "spain", "currency": {"code": "EUR", "name": "Euros", "prefix": "\u20ac", "suffix": null}, "regions_count": 152, "users_count": 2042968, "wines_count": 131377, "wineries_count": 17630, "most_used_grapes": [{"id": 19, "name": "Tempranillo", "seo_name": "tempranillo", "has_detailed_info": true, "wines_count": 172842}, {"id": 142, "name": "Garnacha", "seo_name": "garnacha", "has_detailed_info": true, "wines_count": 58111}, {"id": 2, "name": "Cabernet Sauvignon", "seo_name": "cabernet-sauvignon", "has_detailed_info": true, "wines_count": 801751}]}, "wine_type_id": 1, "food": [{"id": 4, "name": "Beef", "background_image": {"location": "//images.vivino.com/backgrounds/foods/4_beef.png", "variations": {"small": "//images.vivino.com/backgrounds/foods/thumbs/4_beef_932x810.png"}}, "seo_name": "beef"}, {"id": 8, "name": "Lamb", "background_image": {"location": "//images.vivino.com/backgrounds/foods/8_lamb.png", "variations": {"small": "//images.vivino.com/backgrounds/foods/thumbs/8_lamb_932x810.png"}}, "seo_name": "lamb"}, {"id": 11, "name": "Game (deer, venison)", "background_image": {"location": "//images.vivino.com/backgrounds/foods/11_venison.png", "variations": {"small": "//images.vivino.com/backgrounds/foods/thumbs/11_venison_932x810.png"}}, "seo_name": "game"}], "grapes": [{"id": 19, "name": "Tempranillo", "seo_name": "tempranillo", "has_detailed_info": true, "wines_count": 172842}], "region": {"id": 405, "name": "Ribera del Duero", "name_en": "", "seo_name": "ribera-del-duero", "country": {"code": "es", "name": "Spain", "native_name": "Espa\u00f1a", "seo_name": "spain", "currency": {"code": "EUR", "name": "Euros", "prefix": "\u20ac", "suffix": null}, "regions_count": 152, "users_count": 2042968, "wines_count": 131377, "wineries_count": 17630, "most_used_grapes": [{"id": 19, "name": "Tempranillo", "seo_name": "tempranillo", "has_detailed_info": true, "wines_count": 172842}, {"id": 142, "name": "Garnacha", "seo_name": "garnacha", "has_detailed_info": true, "wines_count": 58111}, {"id": 2, "name": "Cabernet Sauvignon", "seo_name": "cabernet-sauvignon", "has_detailed_info": true, "wines_count": 801751}]}, "parent_id": 404, "background_image": {"location": "//images.vivino.com/regions/backgrounds/_nMNiDRrQG-Y6aphFjOyYQ.jpeg", "variations": {"large": "//thumbs.vivino.com/region_backgrounds/_nMNiDRrQG-Y6aphFjOyYQ_1280x760.jpeg", "medium": "//thumbs.vivino.com/region_backgrounds/_nMNiDRrQG-Y6aphFjOyYQ_600x356.jpeg"}}, "statistics": {"wineries_count": 657, "wines_count": 4565, "sub_regions_count": 0, "parent_regions_count": 1}}}}, "vintage_year": 2016}], "recommended_vintages": [{"vintage": {"id": 156139836, "seo_name": "pago-del-cielo-celeste-crianza-ribera-del-duero-2018", "name": "Pago del Cielo Celeste Crianza 2018", "statistics": {"status": "Normal", "ratings_count": 2897, "ratings_average": 4, "labels_count": 27883, "reviews_count": 1031}, "year": 2018, "grapes": null, "has_valid_ratings": true}, "type": "best_user_rated", "highlight_icon": "https://images.vivino.com/highlights/icon/best_user_rated.svg", "price": {"id": 24949042, "type": "vc", "amount": 16.39, "currency": {"code": "EUR", "name": "Euros", "prefix": "\u20ac", "suffix": null}, "discounted_from": null}}, {"vintage": {"id": 150314169, "seo_name": "pago-del-cielo-celeste-crianza-ribera-del-duero-2017", "name": "Pago del Cielo Celeste Crianza 2017", "statistics": {"status": "Normal", "ratings_count": 4389, "ratings_average": 3.9, "labels_count": 36797, "reviews_count": 1596}, "year": 2017, "grapes": null, "has_valid_ratings": true}, "type": "most_user_rated", "highlight_icon": "https://images.vivino.com/highlights/icon/most_user_rated.svg", "price": {"id": 27243500, "type": "vc", "amount": 40.75, "currency": {"code": "EUR", "name": "Euros", "prefix": "\u20ac", "suffix": null}, "discounted_from": null}}, {"vintage": {"id": 87014453, "seo_name": "pago-del-cielo-celeste-crianza-ribera-del-duero-2016", "name": "Pago del Cielo Celeste Crianza 2016", "statistics": {"status": "Normal", "ratings_count": 5659, "ratings_average": 4, "labels_count": 43240, "reviews_count": 1972}, "year": 2016, "grapes": null, "has_valid_ratings": true}, "type": "top_ranked", "highlight_icon": "https://images.vivino.com/highlights/icon/top_ranked.svg", "price": null}], "prices_and_availabilities": [], "price_range": {"currency": {"code": "EUR", "name": "Euros", "prefix": "\u20ac", "suffix": null}, "price_range": {"minimum": 0, "maximum": 500, "currency_code": "EUR"}, "defaults": {"minimum": 7, "maximum": 30, "currency_code": "EUR"}}, "subtotal_price": null}