{"vintage": {"id": 157578520, "seo_name": "e-von-keller-weissburgunder-uv", "name": "E. von Keller Weissburgunder", "statistics": {"status": "Normal", "ratings_count": 54, "ratings_average": 3.4, "labels_count": 1, "reviews_count": 0}, "organic_certification_id": null, "certified_biodynamic": null, "image": {"location": "//images.vivino.com/labels/slICgSH-Qc-7IUBt3z_bLQ.jpg", "variations": {"large": "//images.vivino.com/thumbs/slICgSH-Qc-7IUBt3z_bLQ_375x500.jpg", "medium": "//images.vivino.com/thumbs/slICgSH-Qc-7IUBt3z_bLQ_150x200.jpg", "medium_square": "//images.vivino.com/thumbs/slICgSH-Qc-7IUBt3z_bLQ_150x150.jpg", "small_square": "//images.vivino.com/thumbs/slICgSH-Qc-7IUBt3z_bLQ_80x80.jpg"}}, "wine": {"id": 6472907, "name": "Weissburgunder", "seo_name": "weissburgunder", "type_id": 2, "vintage_type": 0, "is_natural": false, "region": {"id": 661, "name": "S\u00fcdtirol - Alto Adige", "name_en": "Alto Adige (S\u00fcdtirol)", "seo_name": "alto-adige", "country": {"code": "it", "name": "Italy", "native_name": "Italia", "seo_name": "italy", "currency": {"code": "EUR", "name": "Euros", "prefix": "\u20ac", "suffix": null}, "regions_count": 557, "users_count": 3875564, "wines_count": 355339, "wineries_count": 41362, "most_used_grapes": [{"id": 16, "name": "Sangiovese", "seo_name": "sangiovese", "has_detailed_info": true, "wines_count": 125094}, {"id": 10, "name": "Merlot", "seo_name": "merlot", "has_detailed_info": true, "wines_count": 566719}, {"id": 5, "name": "Chardonnay", "seo_name": "chardonnay", "has_detailed_info": true, "wines_count": 604208}]}, "parent_id": 576, "background_image": {"location": "//images.vivino.com/regions/backgrounds/fwSJeiXsQKa5CAbMMDKygA.jpeg", "variations": {"large": "//thumbs.vivino.com/region_backgrounds/fwSJeiXsQKa5CAbMMDKygA_1280x760.jpeg", "medium": "//thumbs.vivino.com/region_backgrounds/fwSJeiXsQKa5CAbMMDKygA_600x356.jpeg"}}, "class": {"typecast_map": {"background_image": {}, "class": {}}}, "statistics": {"wineries_count": 296, "wines_count": 3492, "sub_regions_count": 3, "parent_regions_count": 1}}, "review_status": 2, "winery": {"id": 76968, "name": "E. von Keller", "seo_name": "e-von-keller", "status": 0, "review_status": "Completed", "background_image": null, "statistics": {"ratings_count": 435, "ratings_average": 3.6, "labels_count": 3627, "wines_count": 9}, "region": {"id": 661, "name": "S\u00fcdtirol - Alto Adige", "name_en": "Alto Adige (S\u00fcdtirol)", "seo_name": "alto-adige", "country": {"code": "it", "name": "Italy", "native_name": "Italia", "seo_name": "italy", "currency": {"code": "EUR", "name": "Euros", "prefix": "\u20ac", "suffix": null}, "regions_count": 557, "users_count": 3875564, "wines_count": 355339, "wineries_count": 41362, "most_used_grapes": [{"id": 16, "name": "Sangiovese", "seo_name": "sangiovese", "has_detailed_info": true, "wines_count": 125094}, {"id": 10, "name": "Merlot", "seo_name": "merlot", "has_detailed_info": true, "wines_count": 566719}, {"id": 5, "name": "Chardonnay", "seo_name": "chardonnay", "has_detailed_info": true, "wines_count": 604208}]}, "parent_id": 576, "background_image": {"location": "//images.vivino.com/regions/backgrounds/fwSJeiXsQKa5CAbMMDKygA.jpeg", "variations": {"large": "//thumbs.vivino.com/region_backgrounds/fwSJeiXsQKa5CAbMMDKygA_1280x760.jpeg", "medium": "//thumbs.vivino.com/region_backgrounds/fwSJeiXsQKa5CAbMMDKygA_600x356.jpeg"}}, "class": {"typecast_map": {"background_image": {}, "class": {}}}, "statistics": {"wineries_count": 296, "wines_count": 3492, "sub_regions_count": 3, "parent_regions_count": 1}}, "business_name": "E. von Keller", "description": "", "specialists_notes": "", "phone": "", "email": "", "facebook": "", "instagram": "", "is_claimed": false, "twitter": "", "website": "", "winemaker": null, "wine_maker": null, "address": {"title": null, "name": null, "street": null, "street2": null, "neighborhood": null, "city": null, "zip": null, "state": null, "country": {"code": "it", "name": "Italy", "native_name": "Italia", "seo_name": "italy", "currency": {"code": "EUR", "name": "Euros", "prefix": "\u20ac", "suffix": null}, "regions_count": 557, "users_count": 3875564, "wines_count": 355339, "wineries_count": 41362, "most_used_grapes": [{"id": 16, "name": "Sangiovese", "seo_name": "sangiovese", "has_detailed_info": true, "wines_count": 125094}, {"id": 10, "name": "Merlot", "seo_name": "merlot", "has_detailed_info": true, "wines_count": 566719}, {"id": 5, "name": "Chardonnay", "seo_name": "chardonnay", "has_detailed_info": true, "wines_count": 604208}]}, "company": null, "phone": null, "external_id": null, "residential": null, "vat_number": null, "vat_code": null, "addition": null}, "image": null, "location": null, "winery_group": null, "first_wines": [], "sponsored_entity_type": null, "sponsored_entity": null}, "statistics": {"status": "Normal", "ratings_count": 54, "ratings_average": 3.4, "labels_count": 275, "vintages_count": 10}, "rank": {"country": {"description": "Rank within Italy", "total": 212329, "rank": 107468}, "region": {"description": "Rank within Wine Region", "total": 2956, "rank": 1946}, "winery": {"description": "Rank within Winery", "total": 9, "rank": 5}, "wine_type": {"description": "Rank within all White Wine", "total": 398755, "rank": 188472}, "global": {"description": "Global Rank", "total": 1302068, "rank": 640633}}, "hidden": false, "vintages": [{"id": 167927576, "seo_name": "e-von-keller-weissburgunder-2020", "name": "E. von Keller Weissburgunder 2020", "statistics": {"status": "BelowThreshold", "ratings_count": 7, "ratings_average": 0, "labels_count": 39, "reviews_count": 4}, "year": 2020, "grapes": null, "has_valid_ratings": false}, {"id": 163633772, "seo_name": "e-von-keller-weissburgunder-2019", "name": "E. von Keller Weissburgunder 2019", "statistics": {"status": "BelowThreshold", "ratings_count": 9, "ratings_average": 0, "labels_count": 69, "reviews_count": 5}, "year": 2019, "grapes": null, "has_valid_ratings": false}, {"id": 160368993, "seo_name": "e-von-keller-weissburgunder-2018", "name": "E. von Keller Weissburgunder 2018", "statistics": {"status": "Normal", "ratings_count": 20, "ratings_average": 3.3, "labels_count": 81, "reviews_count": 6}, "year": 2018, "grapes": null, "has_valid_ratings": true}, {"id": 157691573, "seo_name": "e-von-keller-weissburgunder-2017", "name": "E. von Keller Weissburgunder 2017", "statistics": {"status": "Normal", "ratings_count": 15, "ratings_average": 3.4, "labels_count": 66, "reviews_count": 9}, "year": 2017, "grapes": null, "has_valid_ratings": true}, {"id": 158593843, "seo_name": "e-von-keller-weissburgunder-2016", "name": "E. von Keller Weissburgunder 2016", "statistics": {"status": "BelowThreshold", "ratings_count": 2, "ratings_average": 0, "labels_count": 11, "reviews_count": 2}, "year": 2016, "grapes": null, "has_valid_ratings": false}, {"id": 160558509, "seo_name": "e-von-keller-weissburgunder-2015", "name": "E. von Keller Weissburgunder 2015", "statistics": {"status": "BelowThreshold", "ratings_count": 1, "ratings_average": 0, "labels_count": 1, "reviews_count": 0}, "year": 2015, "grapes": null, "has_valid_ratings": false}, {"id": 157578520, "seo_name": "e-von-keller-weissburgunder-uv", "name": "E. von Keller Weissburgunder", "statistics": {"status": "Normal", "ratings_count": 54, "ratings_average": 3.4, "labels_count": 1, "reviews_count": 0}, "year": 0, "grapes": null, "has_valid_ratings": true}], "description": "", "grapes": [{"id": 355, "name": "Weissburgunder", "seo_name": "weissburgunder", "has_detailed_info": false, "wines_count": 33464}], "foods": [{"id": 12, "name": "Rich fish (salmon, tuna etc)", "background_image": {"location": "//images.vivino.com/backgrounds/foods/12_richfish.png", "variations": {"small": "//images.vivino.com/backgrounds/foods/thumbs/12_richfish_932x810.png"}}, "seo_name": null}, {"id": 13, "name": "Shellfish", "background_image": {"location": "//images.vivino.com/backgrounds/foods/13_shellfish.png", "variations": {"small": "//images.vivino.com/backgrounds/foods/thumbs/13_shellfish_932x810.png"}}, "seo_name": "shellfish"}, {"id": 35, "name": "Mild and soft cheese", "background_image": {"location": "//images.vivino.com/backgrounds/foods/35_softcheese.png", "variations": {"small": "//images.vivino.com/backgrounds/foods/thumbs/35_softcheese_932x810.png"}}, "seo_name": null}, {"id": 41, "name": "Cured Meat", "background_image": {"location": "//images.vivino.com/backgrounds/foods/41_curedmeat.png", "variations": {"small": "//images.vivino.com/backgrounds/foods/thumbs/41_curedmeat_932x810.png"}}, "seo_name": null}], "non_vintage": false, "alcohol": 0, "sweetness_id": null, "closure": null, "vintage_mask_raw": null, "updated_at": "2018-10-10T07:29:54Z", "created_at": "2018-06-17T10:03:01Z", "is_first_wine": false, "style": {"id": 142, "seo_name": "northern-italy-pinot-blanc", "regional_name": "Northern Italy", "varietal_name": "Pinot Blanc", "name": "Northern Italy Pinot Blanc", "image": null, "background_image": null, "description": null, "blurb": null, "interesting_facts": null, "body": 3, "body_description": "Medium-bodied", "acidity": 3, "acidity_description": "High", "country": {"code": "it", "name": "Italy", "native_name": "Italia", "seo_name": "italy", "currency": {"code": "EUR", "name": "Euros", "prefix": "\u20ac", "suffix": null}, "regions_count": 557, "users_count": 3875564, "wines_count": 355339, "wineries_count": 41362, "most_used_grapes": [{"id": 16, "name": "Sangiovese", "seo_name": "sangiovese", "has_detailed_info": true, "wines_count": 125094}, {"id": 10, "name": "Merlot", "seo_name": "merlot", "has_detailed_info": true, "wines_count": 566719}, {"id": 5, "name": "Chardonnay", "seo_name": "chardonnay", "has_detailed_info": true, "wines_count": 604208}]}, "wine_type_id": 2, "food": [{"id": 12, "name": "Rich fish (salmon, tuna etc)", "background_image": {"location": "//images.vivino.com/backgrounds/foods/12_richfish.png", "variations": {"small": "//images.vivino.com/backgrounds/foods/thumbs/12_richfish_932x810.png"}}, "seo_name": null}, {"id": 13, "name": "Shellfish", "background_image": {"location": "//images.vivino.com/backgrounds/foods/13_shellfish.png", "variations": {"small": "//images.vivino.com/backgrounds/foods/thumbs/13_shellfish_932x810.png"}}, "seo_name": "shellfish"}, {"id": 35, "name": "Mild and soft cheese", "background_image": {"location": "//images.vivino.com/backgrounds/foods/35_softcheese.png", "variations": {"small": "//images.vivino.com/backgrounds/foods/thumbs/35_softcheese_932x810.png"}}, "seo_name": null}, {"id": 41, "name": "Cured Meat", "background_image": {"location": "//images.vivino.com/backgrounds/foods/41_curedmeat.png", "variations": {"small": "//images.vivino.com/backgrounds/foods/thumbs/41_curedmeat_932x810.png"}}, "seo_name": null}], "grapes": [{"id": 36, "name": "Pinot Blanc", "seo_name": "pinot-blanc", "has_detailed_info": false, "wines_count": 48765}], "region": null}, "has_valid_ratings": true}, "description": "", "wine_critic_reviews": [], "awards": [], "ratings_distribution": {"1": 1, "2": 6, "3": 30, "4": 16, "5": 1}, "ranking": {"country": {"description": "Rank within Italy", "total": 1562237, "rank": 606465}, "region": {"description": "Rank within Wine Region", "total": 27494, "rank": 13152}, "winery": {"description": "Rank within Winery", "total": 77, "rank": 19}, "global": {"description": "Global Rank", "total": 8944666, "rank": 3243596}}, "wine_facts": {}, "winemaker": null, "wine_maker": null, "grape_composition": {}, "year": "", "grapes": null, "has_valid_ratings": true}, "carts": null, "full_region": null, "tastes": null, "wine": {"id": 6472907, "name": "Weissburgunder", "seo_name": "weissburgunder", "type_id": 2, "vintage_type": 0, "is_natural": false, "region": {"id": 661, "name": "S\u00fcdtirol - Alto Adige", "name_en": "Alto Adige (S\u00fcdtirol)", "seo_name": "alto-adige", "country": {"code": "it", "name": "Italy", "native_name": "Italia", "seo_name": "italy", "currency": {"code": "EUR", "name": "Euros", "prefix": "\u20ac", "suffix": null}, "regions_count": 557, "users_count": 3875564, "wines_count": 355339, "wineries_count": 41362, "most_used_grapes": [{"id": 16, "name": "Sangiovese", "seo_name": "sangiovese", "has_detailed_info": true, "wines_count": 125094}, {"id": 10, "name": "Merlot", "seo_name": "merlot", "has_detailed_info": true, "wines_count": 566719}, {"id": 5, "name": "Chardonnay", "seo_name": "chardonnay", "has_detailed_info": true, "wines_count": 604208}]}, "parent_id": 576, "background_image": {"location": "//images.vivino.com/regions/backgrounds/fwSJeiXsQKa5CAbMMDKygA.jpeg", "variations": {"large": "//thumbs.vivino.com/region_backgrounds/fwSJeiXsQKa5CAbMMDKygA_1280x760.jpeg", "medium": "//thumbs.vivino.com/region_backgrounds/fwSJeiXsQKa5CAbMMDKygA_600x356.jpeg"}}, "class": {"typecast_map": {"background_image": {}, "class": {}}}, "statistics": {"wineries_count": 296, "wines_count": 3492, "sub_regions_count": 3, "parent_regions_count": 1}}, "review_status": 2, "winery": {"id": 76968, "name": "E. von Keller", "seo_name": "e-von-keller", "status": 0, "review_status": "Completed", "background_image": null, "statistics": {"ratings_count": 435, "ratings_average": 3.6, "labels_count": 3627, "wines_count": 9}, "region": {"id": 661, "name": "S\u00fcdtirol - Alto Adige", "name_en": "Alto Adige (S\u00fcdtirol)", "seo_name": "alto-adige", "country": {"code": "it", "name": "Italy", "native_name": "Italia", "seo_name": "italy", "currency": {"code": "EUR", "name": "Euros", "prefix": "\u20ac", "suffix": null}, "regions_count": 557, "users_count": 3875564, "wines_count": 355339, "wineries_count": 41362, "most_used_grapes": [{"id": 16, "name": "Sangiovese", "seo_name": "sangiovese", "has_detailed_info": true, "wines_count": 125094}, {"id": 10, "name": "Merlot", "seo_name": "merlot", "has_detailed_info": true, "wines_count": 566719}, {"id": 5, "name": "Chardonnay", "seo_name": "chardonnay", "has_detailed_info": true, "wines_count": 604208}]}, "parent_id": 576, "background_image": {"location": "//images.vivino.com/regions/backgrounds/fwSJeiXsQKa5CAbMMDKygA.jpeg", "variations": {"large": "//thumbs.vivino.com/region_backgrounds/fwSJeiXsQKa5CAbMMDKygA_1280x760.jpeg", "medium": "//thumbs.vivino.com/region_backgrounds/fwSJeiXsQKa5CAbMMDKygA_600x356.jpeg"}}, "class": {"typecast_map": {"background_image": {}, "class": {}}}, "statistics": {"wineries_count": 296, "wines_count": 3492, "sub_regions_count": 3, "parent_regions_count": 1}}}, "image": {"location": "//images.vivino.com/labels/slICgSH-Qc-7IUBt3z_bLQ.jpg", "variations": {"large": "//images.vivino.com/thumbs/slICgSH-Qc-7IUBt3z_bLQ_375x500.jpg", "medium": "//images.vivino.com/thumbs/slICgSH-Qc-7IUBt3z_bLQ_150x200.jpg", "medium_square": "//images.vivino.com/thumbs/slICgSH-Qc-7IUBt3z_bLQ_150x150.jpg", "small_square": "//images.vivino.com/thumbs/slICgSH-Qc-7IUBt3z_bLQ_80x80.jpg"}}, "statistics": {"status": "Normal", "ratings_count": 54, "ratings_average": 3.4, "labels_count": 275, "vintages_count": 10}, "rank": null, "hidden": false, "vintages": [{"id": 167927576, "seo_name": "e-von-keller-weissburgunder-2020", "name": "E. von Keller Weissburgunder 2020", "statistics": {"status": "BelowThreshold", "ratings_count": 7, "ratings_average": 0, "labels_count": 39, "reviews_count": 4}, "year": 2020, "grapes": null, "has_valid_ratings": false}, {"id": 163633772, "seo_name": "e-von-keller-weissburgunder-2019", "name": "E. von Keller Weissburgunder 2019", "statistics": {"status": "BelowThreshold", "ratings_count": 9, "ratings_average": 0, "labels_count": 69, "reviews_count": 5}, "year": 2019, "grapes": null, "has_valid_ratings": false}, {"id": 160368993, "seo_name": "e-von-keller-weissburgunder-2018", "name": "E. von Keller Weissburgunder 2018", "statistics": {"status": "Normal", "ratings_count": 20, "ratings_average": 3.3, "labels_count": 81, "reviews_count": 6}, "year": 2018, "grapes": null, "has_valid_ratings": true}, {"id": 157691573, "seo_name": "e-von-keller-weissburgunder-2017", "name": "E. von Keller Weissburgunder 2017", "statistics": {"status": "Normal", "ratings_count": 15, "ratings_average": 3.4, "labels_count": 66, "reviews_count": 9}, "year": 2017, "grapes": null, "has_valid_ratings": true}, {"id": 158593843, "seo_name": "e-von-keller-weissburgunder-2016", "name": "E. von Keller Weissburgunder 2016", "statistics": {"status": "BelowThreshold", "ratings_count": 2, "ratings_average": 0, "labels_count": 11, "reviews_count": 2}, "year": 2016, "grapes": null, "has_valid_ratings": false}, {"id": 160558509, "seo_name": "e-von-keller-weissburgunder-2015", "name": "E. von Keller Weissburgunder 2015", "statistics": {"status": "BelowThreshold", "ratings_count": 1, "ratings_average": 0, "labels_count": 1, "reviews_count": 0}, "year": 2015, "grapes": null, "has_valid_ratings": false}, {"id": 158206694, "seo_name": "e-von-keller-weissburgunder-2014", "name": "E. von Keller Weissburgunder 2014", "statistics": {"status": "BelowThreshold", "ratings_count": 0, "ratings_average": 0, "labels_count": 2, "reviews_count": 0}, "year": 2014, "grapes": null, "has_valid_ratings": false}, {"id": 162765494, "seo_name": "e-von-keller-weissburgunder-2012", "name": "E. von Keller Weissburgunder 2012", "statistics": {"status": "BelowThreshold", "ratings_count": 0, "ratings_average": 0, "labels_count": 1, "reviews_count": 0}, "year": 2012, "grapes": null, "has_valid_ratings": false}, {"id": 163832869, "seo_name": "e-von-keller-weissburgunder-2010", "name": "E. von Keller Weissburgunder 2010", "statistics": {"status": "BelowThreshold", "ratings_count": 0, "ratings_average": 0, "labels_count": 0, "reviews_count": 0}, "year": 2010, "grapes": null, "has_valid_ratings": false}, {"id": 157578520, "seo_name": "e-von-keller-weissburgunder-uv", "name": "E. von Keller Weissburgunder", "statistics": {"status": "Normal", "ratings_count": 54, "ratings_average": 3.4, "labels_count": 1, "reviews_count": 0}, "year": 0, "grapes": null, "has_valid_ratings": true}], "description": "", "grapes": [{"id": 355, "name": "Weissburgunder", "seo_name": "weissburgunder", "has_detailed_info": false, "wines_count": 33464}], "foods": [{"id": 12, "name": "Rich fish (salmon, tuna etc)", "background_image": {"location": "//images.vivino.com/backgrounds/foods/12_richfish.png", "variations": {"small": "//images.vivino.com/backgrounds/foods/thumbs/12_richfish_932x810.png"}}, "seo_name": null}, {"id": 13, "name": "Shellfish", "background_image": {"location": "//images.vivino.com/backgrounds/foods/13_shellfish.png", "variations": {"small": "//images.vivino.com/backgrounds/foods/thumbs/13_shellfish_932x810.png"}}, "seo_name": "shellfish"}, {"id": 35, "name": "Mild and soft cheese", "background_image": {"location": "//images.vivino.com/backgrounds/foods/35_softcheese.png", "variations": {"small": "//images.vivino.com/backgrounds/foods/thumbs/35_softcheese_932x810.png"}}, "seo_name": null}, {"id": 41, "name": "Cured Meat", "background_image": {"location": "//images.vivino.com/backgrounds/foods/41_curedmeat.png", "variations": {"small": "//images.vivino.com/backgrounds/foods/thumbs/41_curedmeat_932x810.png"}}, "seo_name": null}], "non_vintage": false, "alcohol": 0, "sweetness_id": null, "closure": null, "vintage_mask_raw": null, "updated_at": "2018-10-10T07:29:54Z", "created_at": "2018-06-17T10:03:01Z", "is_first_wine": false, "style": {"id": 142, "seo_name": "northern-italy-pinot-blanc", "regional_name": "Northern Italy", "varietal_name": "Pinot Blanc", "name": "Northern Italy Pinot Blanc", "image": null, "background_image": null, "description": null, "blurb": null, "interesting_facts": null, "body": 3, "body_description": "Medium-bodied", "acidity": 3, "acidity_description": "High", "country": {"code": "it", "name": "Italy", "native_name": "Italia", "seo_name": "italy", "currency": {"code": "EUR", "name": "Euros", "prefix": "\u20ac", "suffix": null}, "regions_count": 557, "users_count": 3875564, "wines_count": 355339, "wineries_count": 41362, "most_used_grapes": [{"id": 16, "name": "Sangiovese", "seo_name": "sangiovese", "has_detailed_info": true, "wines_count": 125094}, {"id": 10, "name": "Merlot", "seo_name": "merlot", "has_detailed_info": true, "wines_count": 566719}, {"id": 5, "name": "Chardonnay", "seo_name": "chardonnay", "has_detailed_info": true, "wines_count": 604208}]}, "wine_type_id": 2, "food": [{"id": 12, "name": "Rich fish (salmon, tuna etc)", "background_image": {"location": "//images.vivino.com/backgrounds/foods/12_richfish.png", "variations": {"small": "//images.vivino.com/backgrounds/foods/thumbs/12_richfish_932x810.png"}}, "seo_name": null}, {"id": 13, "name": "Shellfish", "background_image": {"location": "//images.vivino.com/backgrounds/foods/13_shellfish.png", "variations": {"small": "//images.vivino.com/backgrounds/foods/thumbs/13_shellfish_932x810.png"}}, "seo_name": "shellfish"}, {"id": 35, "name": "Mild and soft cheese", "background_image": {"location": "//images.vivino.com/backgrounds/foods/35_softcheese.png", "variations": {"small": "//images.vivino.com/backgrounds/foods/thumbs/35_softcheese_932x810.png"}}, "seo_name": null}, {"id": 41, "name": "Cured Meat", "background_image": {"location": "//images.vivino.com/backgrounds/foods/41_curedmeat.png", "variations": {"small": "//images.vivino.com/backgrounds/foods/thumbs/41_curedmeat_932x810.png"}}, "seo_name": null}], "grapes": [{"id": 36, "name": "Pinot Blanc", "seo_name": "pinot-blanc", "has_detailed_info": false, "wines_count": 48765}], "region": null}, "has_valid_ratings": true}, "highlights": [{"vintage_id": 157691573, "highlight_type": "best_user_rated", "message": "This vintage rates better than any other year for this wine", "icon": "https://images.vivino.com/highlights/icon/best_user_rated.svg", "metadata": {"price": null, "wine_id": 6472907, "toplist": null, "ws_award": null, "critic_review_id": null, "ratings_average": 3.4, "ratings_count": 15, "vintage_year": "2017", "rank_type": null, "ranks": {"country": {"description": "Rank within Italy", "total": 1562237, "rank": 588538}, "region": {"description": "Rank within Wine Region", "total": 27494, "rank": 12888}, "winery": {"description": "Rank within Winery", "total": 77, "rank": 18}, "global": {"description": "Global Rank", "total": 8944666, "rank": 3146962}}, "style": {"id": 142, "seo_name": "northern-italy-pinot-blanc", "regional_name": "Northern Italy", "varietal_name": "Pinot Blanc", "name": "Northern Italy Pinot Blanc", "image": null, "background_image": null, "description": null, "blurb": null, "interesting_facts": null, "body": 3, "body_description": "Medium-bodied", "acidity": 3, "acidity_description": "High", "country": {"code": "it", "name": "Italy", "native_name": "Italia", "seo_name": "italy", "currency": {"code": "EUR", "name": "Euros", "prefix": "\u20ac", "suffix": null}, "regions_count": 557, "users_count": 3875564, "wines_count": 355339, "wineries_count": 41362, "most_used_grapes": [{"id": 16, "name": "Sangiovese", "seo_name": "sangiovese", "has_detailed_info": true, "wines_count": 125094}, {"id": 10, "name": "Merlot", "seo_name": "merlot", "has_detailed_info": true, "wines_count": 566719}, {"id": 5, "name": "Chardonnay", "seo_name": "chardonnay", "has_detailed_info": true, "wines_count": 604208}]}, "wine_type_id": 2, "food": [{"id": 12, "name": "Rich fish (salmon, tuna etc)", "background_image": {"location": "//images.vivino.com/backgrounds/foods/12_richfish.png", "variations": {"small": "//images.vivino.com/backgrounds/foods/thumbs/12_richfish_932x810.png"}}, "seo_name": null}, {"id": 13, "name": "Shellfish", "background_image": {"location": "//images.vivino.com/backgrounds/foods/13_shellfish.png", "variations": {"small": "//images.vivino.com/backgrounds/foods/thumbs/13_shellfish_932x810.png"}}, "seo_name": "shellfish"}, {"id": 35, "name": "Mild and soft cheese", "background_image": {"location": "//images.vivino.com/backgrounds/foods/35_softcheese.png", "variations": {"small": "//images.vivino.com/backgrounds/foods/thumbs/35_softcheese_932x810.png"}}, "seo_name": null}, {"id": 41, "name": "Cured Meat", "background_image": {"location": "//images.vivino.com/backgrounds/foods/41_curedmeat.png", "variations": {"small": "//images.vivino.com/backgrounds/foods/thumbs/41_curedmeat_932x810.png"}}, "seo_name": null}], "grapes": [{"id": 36, "name": "Pinot Blanc", "seo_name": "pinot-blanc", "has_detailed_info": false, "wines_count": 48765}], "region": null}}, "vintage_year": 2017}, {"vintage_id": 160368993, "highlight_type": "most_user_rated", "message": "Popular among Vivino users. More than 20 ratings", "icon": "https://images.vivino.com/highlights/icon/most_user_rated.svg", "metadata": {"price": null, "wine_id": 6472907, "toplist": null, "ws_award": null, "critic_review_id": null, "ratings_average": 3.3, "ratings_count": 20, "vintage_year": "2018", "rank_type": null, "ranks": {"country": {"description": "Rank within Italy", "total": 1562237, "rank": 615835}, "region": {"description": "Rank within Wine Region", "total": 27494, "rank": 13262}, "winery": {"description": "Rank within Winery", "total": 77, "rank": 21}, "global": {"description": "Global Rank", "total": 8944666, "rank": 3293507}}, "style": {"id": 142, "seo_name": "northern-italy-pinot-blanc", "regional_name": "Northern Italy", "varietal_name": "Pinot Blanc", "name": "Northern Italy Pinot Blanc", "image": null, "background_image": null, "description": null, "blurb": null, "interesting_facts": null, "body": 3, "body_description": "Medium-bodied", "acidity": 3, "acidity_description": "High", "country": {"code": "it", "name": "Italy", "native_name": "Italia", "seo_name": "italy", "currency": {"code": "EUR", "name": "Euros", "prefix": "\u20ac", "suffix": null}, "regions_count": 557, "users_count": 3875564, "wines_count": 355339, "wineries_count": 41362, "most_used_grapes": [{"id": 16, "name": "Sangiovese", "seo_name": "sangiovese", "has_detailed_info": true, "wines_count": 125094}, {"id": 10, "name": "Merlot", "seo_name": "merlot", "has_detailed_info": true, "wines_count": 566719}, {"id": 5, "name": "Chardonnay", "seo_name": "chardonnay", "has_detailed_info": true, "wines_count": 604208}]}, "wine_type_id": 2, "food": [{"id": 12, "name": "Rich fish (salmon, tuna etc)", "background_image": {"location": "//images.vivino.com/backgrounds/foods/12_richfish.png", "variations": {"small": "//images.vivino.com/backgrounds/foods/thumbs/12_richfish_932x810.png"}}, "seo_name": null}, {"id": 13, "name": "Shellfish", "background_image": {"location": "//images.vivino.com/backgrounds/foods/13_shellfish.png", "variations": {"small": "//images.vivino.com/backgrounds/foods/thumbs/13_shellfish_932x810.png"}}, "seo_name": "shellfish"}, {"id": 35, "name": "Mild and soft cheese", "background_image": {"location": "//images.vivino.com/backgrounds/foods/35_softcheese.png", "variations": {"small": "//images.vivino.com/backgrounds/foods/thumbs/35_softcheese_932x810.png"}}, "seo_name": null}, {"id": 41, "name": "Cured Meat", "background_image": {"location": "//images.vivino.com/backgrounds/foods/41_curedmeat.png", "variations": {"small": "//images.vivino.com/backgrounds/foods/thumbs/41_curedmeat_932x810.png"}}, "seo_name": null}], "grapes": [{"id": 36, "name": "Pinot Blanc", "seo_name": "pinot-blanc", "has_detailed_info": false, "wines_count": 48765}], "region": null}}, "vintage_year": 2018}], "recommended_vintages": [{"vintage": {"id": 157691573, "seo_name": "e-von-keller-weissburgunder-2017", "name": "E. von Keller Weissburgunder 2017", "statistics": {"status": "Normal", "ratings_count": 15, "ratings_average": 3.4, "labels_count": 66, "reviews_count": 9}, "year": 2017, "grapes": null, "has_valid_ratings": true}, "type": "best_user_rated", "highlight_icon": "https://images.vivino.com/highlights/icon/best_user_rated.svg", "price": null}, {"vintage": {"id": 160368993, "seo_name": "e-von-keller-weissburgunder-2018", "name": "E. von Keller Weissburgunder 2018", "statistics": {"status": "Normal", "ratings_count": 20, "ratings_average": 3.3, "labels_count": 81, "reviews_count": 6}, "year": 2018, "grapes": null, "has_valid_ratings": true}, "type": "most_user_rated", "highlight_icon": "https://images.vivino.com/highlights/icon/most_user_rated.svg", "price": null}], "prices_and_availabilities": [], "price_range": {"currency": {"code": "EUR", "name": "Euros", "prefix": "\u20ac", "suffix": null}, "price_range": {"minimum": 0, "maximum": 500, "currency_code": "EUR"}, "defaults": {"minimum": 7, "maximum": 30, "currency_code": "EUR"}}, "subtotal_price": null}