{"vintage": {"id": 159861562, "seo_name": "neil-ellis-sauvignon-blanc-groenekloof-2019", "name": "Neil Ellis Sauvignon Blanc 2019", "statistics": {"status": "Normal", "ratings_count": 331, "ratings_average": 3.7, "labels_count": 2615, "reviews_count": 159}, "organic_certification_id": null, "certified_biodynamic": null, "image": {"location": "//images.vivino.com/thumbs/evVic3ByRNSGNsGRTa7i7A_pl_480x640.png", "variations": {"bottle_large": "//images.vivino.com/thumbs/evVic3ByRNSGNsGRTa7i7A_pb_x960.png", "bottle_medium": "//images.vivino.com/thumbs/evVic3ByRNSGNsGRTa7i7A_pb_x600.png", "bottle_medium_square": "//images.vivino.com/thumbs/evVic3ByRNSGNsGRTa7i7A_pb_600x600.png", "bottle_small": "//images.vivino.com/thumbs/evVic3ByRNSGNsGRTa7i7A_pb_x300.png", "bottle_small_square": "//images.vivino.com/thumbs/evVic3ByRNSGNsGRTa7i7A_pb_300x300.png", "label": "//images.vivino.com/thumbs/evVic3ByRNSGNsGRTa7i7A_pl_480x640.png", "label_large": "//images.vivino.com/thumbs/evVic3ByRNSGNsGRTa7i7A_pl_375x500.png", "label_medium": "//images.vivino.com/thumbs/evVic3ByRNSGNsGRTa7i7A_pl_150x200.png", "label_medium_square": "//images.vivino.com/thumbs/evVic3ByRNSGNsGRTa7i7A_pl_150x150.png", "label_small_square": "//images.vivino.com/thumbs/evVic3ByRNSGNsGRTa7i7A_pl_80x80.png", "large": "//images.vivino.com/thumbs/evVic3ByRNSGNsGRTa7i7A_pl_375x500.png", "medium": "//images.vivino.com/thumbs/evVic3ByRNSGNsGRTa7i7A_pl_150x200.png", "medium_square": "//images.vivino.com/thumbs/evVic3ByRNSGNsGRTa7i7A_pl_150x150.png", "small_square": "//images.vivino.com/thumbs/evVic3ByRNSGNsGRTa7i7A_pl_80x80.png"}}, "wine": {"id": 88265, "name": "Sauvignon Blanc", "seo_name": "sauvignon-blanc-groenekloof", "type_id": 2, "vintage_type": 0, "is_natural": false, "region": {"id": 4303, "name": "Groenekloof", "name_en": "", "seo_name": "groenekloof", "country": {"code": "za", "name": "S\u00fcdafrika", "native_name": "South Africa", "seo_name": "south-africa", "currency": {"code": "ZAR", "name": "South African Rand", "prefix": "R", "suffix": null}, "regions_count": 110, "users_count": 232908, "wines_count": 37408, "wineries_count": 4048, "most_used_grapes": [{"id": 2, "name": "Cabernet Sauvignon", "seo_name": "cabernet-sauvignon", "has_detailed_info": true, "wines_count": 794022}, {"id": 1, "name": "Shiraz/Syrah", "seo_name": "shiraz-syrah", "has_detailed_info": true, "wines_count": 545850}, {"id": 10, "name": "Merlot", "seo_name": "merlot", "has_detailed_info": true, "wines_count": 560926}]}, "parent_id": 932, "background_image": null, "class": {"typecast_map": {"background_image": {}, "class": {}}}, "statistics": {"wineries_count": 1, "wines_count": 16, "sub_regions_count": 0, "parent_regions_count": 3}}, "review_status": 2, "winery": {"id": 2923, "name": "Neil Ellis", "seo_name": "neil-ellis", "status": 0, "review_status": "Completed", "background_image": null, "statistics": {"ratings_count": 17772, "ratings_average": 3.8, "labels_count": 94376, "wines_count": 59}, "region": {"id": 533, "name": "Stellenbosch", "name_en": "", "seo_name": "stellenbosch", "country": {"code": "za", "name": "S\u00fcdafrika", "native_name": "South Africa", "seo_name": "south-africa", "currency": {"code": "ZAR", "name": "South African Rand", "prefix": "R", "suffix": null}, "regions_count": 110, "users_count": 232908, "wines_count": 37408, "wineries_count": 4048, "most_used_grapes": [{"id": 2, "name": "Cabernet Sauvignon", "seo_name": "cabernet-sauvignon", "has_detailed_info": true, "wines_count": 794022}, {"id": 1, "name": "Shiraz/Syrah", "seo_name": "shiraz-syrah", "has_detailed_info": true, "wines_count": 545850}, {"id": 10, "name": "Merlot", "seo_name": "merlot", "has_detailed_info": true, "wines_count": 560926}]}, "parent_id": 741, "background_image": {"location": "//images.vivino.com/regions/backgrounds/YxTAMWZ7Q_KqrupzCUn7rg.jpeg", "variations": {"large": "//thumbs.vivino.com/region_backgrounds/YxTAMWZ7Q_KqrupzCUn7rg_1280x760.jpeg", "medium": "//thumbs.vivino.com/region_backgrounds/YxTAMWZ7Q_KqrupzCUn7rg_600x356.jpeg"}}, "statistics": {"wineries_count": 673, "wines_count": 6001, "sub_regions_count": 7, "parent_regions_count": 2}}, "business_name": "Neil Ellis Wines", "description": "", "specialists_notes": "", "phone": "27-21-887-0649", "email": "info@neilellis.com", "facebook": "https://www.facebook.com/pages/Neil-Ellis-Winery/162359930558368", "instagram": "", "is_claimed": false, "twitter": "@neilelliswine", "website": "http://www.neilellis.com", "winemaker": "Neil Ellis", "wine_maker": {"id": 1412, "name": "Neil Ellis"}, "address": {"title": null, "name": null, "street": " P.O. Box 917, R310 Helshoogte Road", "street2": null, "neighborhood": null, "city": "Stellenbosch", "zip": "7599", "state": null, "country": {"code": "za", "name": "S\u00fcdafrika", "native_name": "South Africa", "seo_name": "south-africa", "currency": {"code": "ZAR", "name": "South African Rand", "prefix": "R", "suffix": null}, "regions_count": 110, "users_count": 232908, "wines_count": 37408, "wineries_count": 4048, "most_used_grapes": [{"id": 2, "name": "Cabernet Sauvignon", "seo_name": "cabernet-sauvignon", "has_detailed_info": true, "wines_count": 794022}, {"id": 1, "name": "Shiraz/Syrah", "seo_name": "shiraz-syrah", "has_detailed_info": true, "wines_count": 545850}, {"id": 10, "name": "Merlot", "seo_name": "merlot", "has_detailed_info": true, "wines_count": 560926}]}, "company": null, "phone": null, "external_id": null, "residential": null, "vat_number": null, "vat_code": null, "addition": null}, "image": null, "location": {"latitude": -30.559483, "longitude": 22.937506}, "winery_group": null, "first_wines": [], "sponsored_entity_type": null, "sponsored_entity": null}, "statistics": {"status": "Normal", "ratings_count": 2107, "ratings_average": 3.7, "labels_count": 11394, "vintages_count": 31}, "rank": {"country": {"description": "Rang von S\u00fcdafrika", "total": 24685, "rank": 2575}, "region": {"description": "Rang von Weinregion", "total": 5686, "rank": 892}, "winery": {"description": "Rang vom Weingut", "total": 58, "rank": 17}, "wine_type": {"description": "Rang in allen Wei\u00dfwein", "total": 394073, "rank": 24453}, "global": {"description": "Weltweiter Rang", "total": 1287385, "rank": 98964}}, "hidden": false, "vintages": [{"id": 167764546, "seo_name": "neil-ellis-sauvignon-blanc-groenekloof-2021", "name": "Neil Ellis Sauvignon Blanc 2021", "statistics": {"status": "BelowThreshold", "ratings_count": 3, "ratings_average": 0, "labels_count": 29, "reviews_count": 2}, "year": 2021, "grapes": null, "has_valid_ratings": false}, {"id": 165701856, "seo_name": "neil-ellis-sauvignon-blanc-groenekloof-2020", "name": "Neil Ellis Sauvignon Blanc 2020", "statistics": {"status": "Normal", "ratings_count": 39, "ratings_average": 3.8, "labels_count": 266, "reviews_count": 24}, "year": 2020, "grapes": null, "has_valid_ratings": true}, {"id": 159861562, "seo_name": "neil-ellis-sauvignon-blanc-groenekloof-2019", "name": "Neil Ellis Sauvignon Blanc 2019", "statistics": {"status": "Normal", "ratings_count": 331, "ratings_average": 3.7, "labels_count": 2615, "reviews_count": 159}, "year": 2019, "grapes": null, "has_valid_ratings": true}, {"id": 156365129, "seo_name": "neil-ellis-sauvignon-blanc-groenekloof-2018", "name": "Neil Ellis Sauvignon Blanc 2018", "statistics": {"status": "Normal", "ratings_count": 239, "ratings_average": 3.7, "labels_count": 1740, "reviews_count": 93}, "year": 2018, "grapes": null, "has_valid_ratings": true}, {"id": 151525234, "seo_name": "neil-ellis-sauvignon-blanc-groenekloof-2017", "name": "Neil Ellis Sauvignon Blanc 2017", "statistics": {"status": "Normal", "ratings_count": 367, "ratings_average": 3.8, "labels_count": 1964, "reviews_count": 143}, "year": 2017, "grapes": null, "has_valid_ratings": true}, {"id": 142338006, "seo_name": "neil-ellis-sauvignon-blanc-groenekloof-2016", "name": "Neil Ellis Sauvignon Blanc 2016", "statistics": {"status": "Normal", "ratings_count": 220, "ratings_average": 3.7, "labels_count": 913, "reviews_count": 89}, "year": 2016, "grapes": null, "has_valid_ratings": true}, {"id": 23461381, "seo_name": "neil-ellis-sauvignon-blanc-groenekloof-2015", "name": "Neil Ellis Sauvignon Blanc 2015", "statistics": {"status": "Normal", "ratings_count": 261, "ratings_average": 3.9, "labels_count": 1124, "reviews_count": 98}, "year": 2015, "grapes": null, "has_valid_ratings": true}, {"id": 5347894, "seo_name": "neil-ellis-sauvignon-blanc-groenekloof-2014", "name": "Neil Ellis Sauvignon Blanc 2014", "statistics": {"status": "Normal", "ratings_count": 162, "ratings_average": 3.6, "labels_count": 707, "reviews_count": 63}, "year": 2014, "grapes": null, "has_valid_ratings": true}, {"id": 3402681, "seo_name": "neil-ellis-sauvignon-blanc-groenekloof-2013", "name": "Neil Ellis Sauvignon Blanc 2013", "statistics": {"status": "Normal", "ratings_count": 92, "ratings_average": 3.5, "labels_count": 407, "reviews_count": 45}, "year": 2013, "grapes": null, "has_valid_ratings": true}, {"id": 1356340, "seo_name": "neil-ellis-sauvignon-blanc-groenekloof-2012", "name": "Neil Ellis Sauvignon Blanc 2012", "statistics": {"status": "Normal", "ratings_count": 108, "ratings_average": 3.4, "labels_count": 513, "reviews_count": 50}, "year": 2012, "grapes": null, "has_valid_ratings": true}, {"id": 1485807, "seo_name": "neil-ellis-sauvignon-blanc-groenekloof-2011", "name": "Neil Ellis Sauvignon Blanc 2011", "statistics": {"status": "Normal", "ratings_count": 55, "ratings_average": 3.3, "labels_count": 284, "reviews_count": 19}, "year": 2011, "grapes": null, "has_valid_ratings": true}, {"id": 1248896, "seo_name": "neil-ellis-sauvignon-blanc-groenekloof-2010", "name": "Neil Ellis Sauvignon Blanc 2010", "statistics": {"status": "Normal", "ratings_count": 86, "ratings_average": 3.9, "labels_count": 411, "reviews_count": 21}, "year": 2010, "grapes": null, "has_valid_ratings": true}, {"id": 1214173, "seo_name": "neil-ellis-sauvignon-blanc-groenekloof-2009", "name": "Neil Ellis Sauvignon Blanc 2009", "statistics": {"status": "Normal", "ratings_count": 18, "ratings_average": 3.6, "labels_count": 74, "reviews_count": 6}, "year": 2009, "grapes": null, "has_valid_ratings": true}, {"id": 1123419, "seo_name": "neil-ellis-sauvignon-blanc-groenekloof-2008", "name": "Neil Ellis Sauvignon Blanc 2008", "statistics": {"status": "Normal", "ratings_count": 18, "ratings_average": 3.9, "labels_count": 98, "reviews_count": 4}, "year": 2008, "grapes": null, "has_valid_ratings": true}, {"id": 106631, "seo_name": "neil-ellis-sauvignon-blanc-groenekloof-2007", "name": "Neil Ellis Sauvignon Blanc 2007", "statistics": {"status": "BelowThreshold", "ratings_count": 5, "ratings_average": 0, "labels_count": 43, "reviews_count": 3}, "year": 2007, "grapes": null, "has_valid_ratings": false}, {"id": 106996, "seo_name": "neil-ellis-sauvignon-blanc-groenekloof-2006", "name": "Neil Ellis Sauvignon Blanc 2006", "statistics": {"status": "BelowThreshold", "ratings_count": 5, "ratings_average": 0, "labels_count": 30, "reviews_count": 2}, "year": 2006, "grapes": null, "has_valid_ratings": false}, {"id": 1356341, "seo_name": "neil-ellis-sauvignon-blanc-groenekloof-2005", "name": "Neil Ellis Sauvignon Blanc 2005", "statistics": {"status": "BelowThreshold", "ratings_count": 6, "ratings_average": 0, "labels_count": 35, "reviews_count": 1}, "year": 2005, "grapes": null, "has_valid_ratings": false}, {"id": 2233797, "seo_name": "neil-ellis-sauvignon-blanc-groenekloof-2004", "name": "Neil Ellis Sauvignon Blanc 2004", "statistics": {"status": "BelowThreshold", "ratings_count": 2, "ratings_average": 0, "labels_count": 14, "reviews_count": 1}, "year": 2004, "grapes": null, "has_valid_ratings": false}, {"id": 2560037, "seo_name": "neil-ellis-sauvignon-blanc-groenekloof-2003", "name": "Neil Ellis Sauvignon Blanc 2003", "statistics": {"status": "BelowThreshold", "ratings_count": 5, "ratings_average": 0, "labels_count": 24, "reviews_count": 3}, "year": 2003, "grapes": null, "has_valid_ratings": false}, {"id": 14894482, "seo_name": "neil-ellis-sauvignon-blanc-groenekloof-2002", "name": "Neil Ellis Sauvignon Blanc 2002", "statistics": {"status": "BelowThreshold", "ratings_count": 1, "ratings_average": 0, "labels_count": 18, "reviews_count": 0}, "year": 2002, "grapes": null, "has_valid_ratings": false}, {"id": 16218344, "seo_name": "neil-ellis-sauvignon-blanc-groenekloof-2001", "name": "Neil Ellis Sauvignon Blanc 2001", "statistics": {"status": "BelowThreshold", "ratings_count": 4, "ratings_average": 0, "labels_count": 21, "reviews_count": 2}, "year": 2001, "grapes": null, "has_valid_ratings": false}, {"id": 2378003, "seo_name": "neil-ellis-sauvignon-blanc-groenekloof-2000", "name": "Neil Ellis Sauvignon Blanc 2000", "statistics": {"status": "BelowThreshold", "ratings_count": 1, "ratings_average": 0, "labels_count": 10, "reviews_count": 0}, "year": 2000, "grapes": null, "has_valid_ratings": false}, {"id": 16646321, "seo_name": "neil-ellis-sauvignon-blanc-groenekloof-1999", "name": "Neil Ellis Sauvignon Blanc 1999", "statistics": {"status": "BelowThreshold", "ratings_count": 1, "ratings_average": 0, "labels_count": 5, "reviews_count": 1}, "year": 1999, "grapes": null, "has_valid_ratings": false}, {"id": 1555871, "seo_name": "neil-ellis-sauvignon-blanc-groenekloof-uv", "name": "Neil Ellis Sauvignon Blanc", "statistics": {"status": "Normal", "ratings_count": 2107, "ratings_average": 3.7, "labels_count": 12, "reviews_count": 25}, "year": 0, "grapes": null, "has_valid_ratings": true}], "description": "It has predominant flavours are those of tropical fruit with herbaceous overtones, whilst the overall impression is of elegance and delicacy with a long flavoursome finish.", "grapes": [{"id": 17, "name": "Sauvignon Blanc", "seo_name": "sauvignon-blanc", "has_detailed_info": true, "wines_count": 289542}], "foods": [{"id": 13, "name": "Schalentiere", "background_image": {"location": "//images.vivino.com/backgrounds/foods/13_shellfish.png", "variations": {"small": "//images.vivino.com/backgrounds/foods/thumbs/13_shellfish_932x810.png"}}, "seo_name": "shellfish"}, {"id": 19, "name": "Vegetarische Gerichte", "background_image": {"location": "//images.vivino.com/backgrounds/foods/19_vegetarian.png", "variations": {"small": "//images.vivino.com/backgrounds/foods/thumbs/19_vegetarian_932x810.png"}}, "seo_name": "vegetarian"}, {"id": 39, "name": "Ziegenk\u00e4se", "background_image": {"location": "//images.vivino.com/backgrounds/foods/39_goatcheese.png", "variations": {"small": "//images.vivino.com/backgrounds/foods/thumbs/39_goatcheese_932x810.png"}}, "seo_name": null}], "non_vintage": false, "alcohol": 13.5, "sweetness_id": 5, "closure": "screw", "vintage_mask_raw": null, "updated_at": "2021-11-04T10:50:34Z", "created_at": "2009-12-11T13:25:45Z", "is_first_wine": false, "style": {"id": 203, "seo_name": "south-african-sauvignon-blanc", "regional_name": "South African", "varietal_name": "Sauvignon Blanc", "name": "Sauvignon Blanc S\u00fcdafrika", "image": null, "background_image": null, "description": "The refreshing Sauvignon Blanc grape is perfectly at home in South Africa. The diverse growing regions make for wines that can be nice and grassy with plenty of grapefruit and green apple skins.\n\nWhile the quality is high, the price is still low. South African Sauvignon Blanc offers you an excellent alternative to the considerably more expensive counterparts from New Zealand.\n\nSouth Africa was said to be producing some of the finest wines in the world in the 1700s, though some years later phylloxera wiped out most of the vines, and in the 20th century Apartheid significantly set back wine production.\n\nSouth Africa's stock in the world of wine is climbing rapidly. In the 80s and 90s they were well known for producing bottom shelf swill, but things have changed and the smart money is on the country becoming one of the next massive fine wine producing regions.\n\nWhen it comes to pairing, seafood always works fabulously with Sauvignon Blanc. You can also work some asparagus, cilantro or thyme into the mix as they will work wonderfully with the grassier elements of the wine.", "blurb": null, "interesting_facts": ["The Overberg region is regarded as being one of the finest for Sauvignon Blanc production.", "Sauvignon Blanc originated in the Loire Valley in France, and is happiest in cool climates.", "Sauvignon Blanc is one of the few wines that can pair well with sushi."], "body": 2, "body_description": "Leichter K\u00f6rper", "acidity": 3, "acidity_description": "Hoch", "country": {"code": "za", "name": "S\u00fcdafrika", "native_name": "South Africa", "seo_name": "south-africa", "currency": {"code": "ZAR", "name": "South African Rand", "prefix": "R", "suffix": null}, "regions_count": 110, "users_count": 232908, "wines_count": 37408, "wineries_count": 4048, "most_used_grapes": [{"id": 2, "name": "Cabernet Sauvignon", "seo_name": "cabernet-sauvignon", "has_detailed_info": true, "wines_count": 794022}, {"id": 1, "name": "Shiraz/Syrah", "seo_name": "shiraz-syrah", "has_detailed_info": true, "wines_count": 545850}, {"id": 10, "name": "Merlot", "seo_name": "merlot", "has_detailed_info": true, "wines_count": 560926}]}, "wine_type_id": 2, "food": [{"id": 13, "name": "Shellfish", "background_image": {"location": "//images.vivino.com/backgrounds/foods/13_shellfish.png", "variations": {"small": "//images.vivino.com/backgrounds/foods/thumbs/13_shellfish_932x810.png"}}, "seo_name": "shellfish"}, {"id": 19, "name": "Vegetarian", "background_image": {"location": "//images.vivino.com/backgrounds/foods/19_vegetarian.png", "variations": {"small": "//images.vivino.com/backgrounds/foods/thumbs/19_vegetarian_932x810.png"}}, "seo_name": "vegetarian"}, {"id": 39, "name": "Goat cheese", "background_image": {"location": "//images.vivino.com/backgrounds/foods/39_goatcheese.png", "variations": {"small": "//images.vivino.com/backgrounds/foods/thumbs/39_goatcheese_932x810.png"}}, "seo_name": null}], "grapes": [{"id": 17, "name": "Sauvignon Blanc", "seo_name": "sauvignon-blanc", "has_detailed_info": true, "wines_count": 289542}], "region": null}, "has_valid_ratings": true}, "description": "", "expert_reviews": null, "wine_critic_reviews": [], "awards": [], "ratings_distribution": {"1": 3, "2": 16, "3": 122, "4": 172, "5": 18}, "ranking": {"country": {"description": "Rang von S\u00fcdafrika", "total": 189504, "rank": 21389}, "region": {"description": "Rang von Weinregion", "total": 49219, "rank": 7794}, "winery": {"description": "Rang vom Weingut", "total": 719, "rank": 123}, "global": {"description": "Weltweiter Rang", "total": 8825167, "rank": 878709}}, "wine_facts": {"alcohol": 13, "residual_sugar_grams_per_liter": 2, "acidity_grams_per_liter": 6, "ph": 3, "contains_milk_allergens": false, "contains_egg_allergens": false, "drink_until": 2024}, "winemaker": null, "wine_maker": null, "grape_composition": {"17": 100}, "year": 2019, "grapes": [{"id": 17, "name": "Sauvignon Blanc", "seo_name": "sauvignon-blanc", "has_detailed_info": true, "wines_count": 289542}], "has_valid_ratings": true}, "carts": null, "price_range": {"currency": {"code": "EUR", "name": "Euros", "prefix": "\u20ac", "suffix": null}, "price_range": {"minimum": 0, "maximum": 500, "currency_code": "EUR"}, "defaults": {"minimum": 7, "maximum": 30, "currency_code": "EUR"}}, "subtotal_price": null, "full_region": null, "tastes": null, "wine": {"id": 88265, "name": "Sauvignon Blanc", "seo_name": "sauvignon-blanc-groenekloof", "type_id": 2, "vintage_type": 0, "is_natural": false, "region": {"id": 4303, "name": "Groenekloof", "name_en": "", "seo_name": "groenekloof", "country": {"code": "za", "name": "S\u00fcdafrika", "native_name": "South Africa", "seo_name": "south-africa", "currency": {"code": "ZAR", "name": "South African Rand", "prefix": "R", "suffix": null}, "regions_count": 110, "users_count": 232908, "wines_count": 37408, "wineries_count": 4048, "most_used_grapes": [{"id": 2, "name": "Cabernet Sauvignon", "seo_name": "cabernet-sauvignon", "has_detailed_info": true, "wines_count": 794022}, {"id": 1, "name": "Shiraz/Syrah", "seo_name": "shiraz-syrah", "has_detailed_info": true, "wines_count": 545850}, {"id": 10, "name": "Merlot", "seo_name": "merlot", "has_detailed_info": true, "wines_count": 560926}]}, "parent_id": 932, "background_image": null, "class": {"typecast_map": {"background_image": {}, "class": {}}}, "statistics": {"wineries_count": 1, "wines_count": 16, "sub_regions_count": 0, "parent_regions_count": 3}}, "review_status": 2, "winery": {"id": 2923, "name": "Neil Ellis", "seo_name": "neil-ellis", "status": 0, "review_status": "Completed", "background_image": null, "statistics": {"ratings_count": 17772, "ratings_average": 3.8, "labels_count": 94376, "wines_count": 59}, "region": {"id": 533, "name": "Stellenbosch", "name_en": "", "seo_name": "stellenbosch", "country": {"code": "za", "name": "S\u00fcdafrika", "native_name": "South Africa", "seo_name": "south-africa", "currency": {"code": "ZAR", "name": "South African Rand", "prefix": "R", "suffix": null}, "regions_count": 110, "users_count": 232908, "wines_count": 37408, "wineries_count": 4048, "most_used_grapes": [{"id": 2, "name": "Cabernet Sauvignon", "seo_name": "cabernet-sauvignon", "has_detailed_info": true, "wines_count": 794022}, {"id": 1, "name": "Shiraz/Syrah", "seo_name": "shiraz-syrah", "has_detailed_info": true, "wines_count": 545850}, {"id": 10, "name": "Merlot", "seo_name": "merlot", "has_detailed_info": true, "wines_count": 560926}]}, "parent_id": 741, "background_image": {"location": "//images.vivino.com/regions/backgrounds/YxTAMWZ7Q_KqrupzCUn7rg.jpeg", "variations": {"large": "//thumbs.vivino.com/region_backgrounds/YxTAMWZ7Q_KqrupzCUn7rg_1280x760.jpeg", "medium": "//thumbs.vivino.com/region_backgrounds/YxTAMWZ7Q_KqrupzCUn7rg_600x356.jpeg"}}, "statistics": {"wineries_count": 673, "wines_count": 6001, "sub_regions_count": 7, "parent_regions_count": 2}}, "business_name": "Neil Ellis Wines", "description": "", "specialists_notes": "", "phone": "27-21-887-0649", "email": "info@neilellis.com", "facebook": "https://www.facebook.com/pages/Neil-Ellis-Winery/162359930558368", "instagram": "", "is_claimed": false, "twitter": "@neilelliswine", "website": "http://www.neilellis.com", "winemaker": "Neil Ellis", "wine_maker": {"id": 1412, "name": "Neil Ellis"}, "address": {"title": null, "name": null, "street": " P.O. Box 917, R310 Helshoogte Road", "street2": null, "neighborhood": null, "city": "Stellenbosch", "zip": "7599", "state": null, "country": {"code": "za", "name": "S\u00fcdafrika", "native_name": "South Africa", "seo_name": "south-africa", "currency": {"code": "ZAR", "name": "South African Rand", "prefix": "R", "suffix": null}, "regions_count": 110, "users_count": 232908, "wines_count": 37408, "wineries_count": 4048, "most_used_grapes": [{"id": 2, "name": "Cabernet Sauvignon", "seo_name": "cabernet-sauvignon", "has_detailed_info": true, "wines_count": 794022}, {"id": 1, "name": "Shiraz/Syrah", "seo_name": "shiraz-syrah", "has_detailed_info": true, "wines_count": 545850}, {"id": 10, "name": "Merlot", "seo_name": "merlot", "has_detailed_info": true, "wines_count": 560926}]}, "company": null, "phone": null, "external_id": null, "residential": null, "vat_number": null, "vat_code": null, "addition": null}, "image": null, "location": {"latitude": -30.559483, "longitude": 22.937506}, "winery_group": null, "first_wines": [], "sponsored_entity_type": null, "sponsored_entity": null}, "statistics": {"status": "Normal", "ratings_count": 2107, "ratings_average": 3.7, "labels_count": 11394, "vintages_count": 31}, "rank": {"country": {"description": "Rang von S\u00fcdafrika", "total": 24685, "rank": 2575}, "region": {"description": "Rang von Weinregion", "total": 5686, "rank": 892}, "winery": {"description": "Rang vom Weingut", "total": 58, "rank": 17}, "wine_type": {"description": "Rang in allen Wei\u00dfwein", "total": 394073, "rank": 24453}, "global": {"description": "Weltweiter Rang", "total": 1287385, "rank": 98964}}, "hidden": false, "vintages": [{"id": 167764546, "seo_name": "neil-ellis-sauvignon-blanc-groenekloof-2021", "name": "Neil Ellis Sauvignon Blanc 2021", "statistics": {"status": "BelowThreshold", "ratings_count": 3, "ratings_average": 0, "labels_count": 29, "reviews_count": 2}, "year": 2021, "grapes": null, "has_valid_ratings": false}, {"id": 165701856, "seo_name": "neil-ellis-sauvignon-blanc-groenekloof-2020", "name": "Neil Ellis Sauvignon Blanc 2020", "statistics": {"status": "Normal", "ratings_count": 39, "ratings_average": 3.8, "labels_count": 266, "reviews_count": 24}, "year": 2020, "grapes": null, "has_valid_ratings": true}, {"id": 159861562, "seo_name": "neil-ellis-sauvignon-blanc-groenekloof-2019", "name": "Neil Ellis Sauvignon Blanc 2019", "statistics": {"status": "Normal", "ratings_count": 331, "ratings_average": 3.7, "labels_count": 2615, "reviews_count": 159}, "year": 2019, "grapes": null, "has_valid_ratings": true}, {"id": 156365129, "seo_name": "neil-ellis-sauvignon-blanc-groenekloof-2018", "name": "Neil Ellis Sauvignon Blanc 2018", "statistics": {"status": "Normal", "ratings_count": 239, "ratings_average": 3.7, "labels_count": 1740, "reviews_count": 93}, "year": 2018, "grapes": null, "has_valid_ratings": true}, {"id": 151525234, "seo_name": "neil-ellis-sauvignon-blanc-groenekloof-2017", "name": "Neil Ellis Sauvignon Blanc 2017", "statistics": {"status": "Normal", "ratings_count": 367, "ratings_average": 3.8, "labels_count": 1964, "reviews_count": 143}, "year": 2017, "grapes": null, "has_valid_ratings": true}, {"id": 142338006, "seo_name": "neil-ellis-sauvignon-blanc-groenekloof-2016", "name": "Neil Ellis Sauvignon Blanc 2016", "statistics": {"status": "Normal", "ratings_count": 220, "ratings_average": 3.7, "labels_count": 913, "reviews_count": 89}, "year": 2016, "grapes": null, "has_valid_ratings": true}, {"id": 23461381, "seo_name": "neil-ellis-sauvignon-blanc-groenekloof-2015", "name": "Neil Ellis Sauvignon Blanc 2015", "statistics": {"status": "Normal", "ratings_count": 261, "ratings_average": 3.9, "labels_count": 1124, "reviews_count": 98}, "year": 2015, "grapes": null, "has_valid_ratings": true}, {"id": 5347894, "seo_name": "neil-ellis-sauvignon-blanc-groenekloof-2014", "name": "Neil Ellis Sauvignon Blanc 2014", "statistics": {"status": "Normal", "ratings_count": 162, "ratings_average": 3.6, "labels_count": 707, "reviews_count": 63}, "year": 2014, "grapes": null, "has_valid_ratings": true}, {"id": 3402681, "seo_name": "neil-ellis-sauvignon-blanc-groenekloof-2013", "name": "Neil Ellis Sauvignon Blanc 2013", "statistics": {"status": "Normal", "ratings_count": 92, "ratings_average": 3.5, "labels_count": 407, "reviews_count": 45}, "year": 2013, "grapes": null, "has_valid_ratings": true}, {"id": 1356340, "seo_name": "neil-ellis-sauvignon-blanc-groenekloof-2012", "name": "Neil Ellis Sauvignon Blanc 2012", "statistics": {"status": "Normal", "ratings_count": 108, "ratings_average": 3.4, "labels_count": 513, "reviews_count": 50}, "year": 2012, "grapes": null, "has_valid_ratings": true}, {"id": 1485807, "seo_name": "neil-ellis-sauvignon-blanc-groenekloof-2011", "name": "Neil Ellis Sauvignon Blanc 2011", "statistics": {"status": "Normal", "ratings_count": 55, "ratings_average": 3.3, "labels_count": 284, "reviews_count": 19}, "year": 2011, "grapes": null, "has_valid_ratings": true}, {"id": 1248896, "seo_name": "neil-ellis-sauvignon-blanc-groenekloof-2010", "name": "Neil Ellis Sauvignon Blanc 2010", "statistics": {"status": "Normal", "ratings_count": 86, "ratings_average": 3.9, "labels_count": 411, "reviews_count": 21}, "year": 2010, "grapes": null, "has_valid_ratings": true}, {"id": 1214173, "seo_name": "neil-ellis-sauvignon-blanc-groenekloof-2009", "name": "Neil Ellis Sauvignon Blanc 2009", "statistics": {"status": "Normal", "ratings_count": 18, "ratings_average": 3.6, "labels_count": 74, "reviews_count": 6}, "year": 2009, "grapes": null, "has_valid_ratings": true}, {"id": 1123419, "seo_name": "neil-ellis-sauvignon-blanc-groenekloof-2008", "name": "Neil Ellis Sauvignon Blanc 2008", "statistics": {"status": "Normal", "ratings_count": 18, "ratings_average": 3.9, "labels_count": 98, "reviews_count": 4}, "year": 2008, "grapes": null, "has_valid_ratings": true}, {"id": 106631, "seo_name": "neil-ellis-sauvignon-blanc-groenekloof-2007", "name": "Neil Ellis Sauvignon Blanc 2007", "statistics": {"status": "BelowThreshold", "ratings_count": 5, "ratings_average": 0, "labels_count": 43, "reviews_count": 3}, "year": 2007, "grapes": null, "has_valid_ratings": false}, {"id": 106996, "seo_name": "neil-ellis-sauvignon-blanc-groenekloof-2006", "name": "Neil Ellis Sauvignon Blanc 2006", "statistics": {"status": "BelowThreshold", "ratings_count": 5, "ratings_average": 0, "labels_count": 30, "reviews_count": 2}, "year": 2006, "grapes": null, "has_valid_ratings": false}, {"id": 1356341, "seo_name": "neil-ellis-sauvignon-blanc-groenekloof-2005", "name": "Neil Ellis Sauvignon Blanc 2005", "statistics": {"status": "BelowThreshold", "ratings_count": 6, "ratings_average": 0, "labels_count": 35, "reviews_count": 1}, "year": 2005, "grapes": null, "has_valid_ratings": false}, {"id": 2233797, "seo_name": "neil-ellis-sauvignon-blanc-groenekloof-2004", "name": "Neil Ellis Sauvignon Blanc 2004", "statistics": {"status": "BelowThreshold", "ratings_count": 2, "ratings_average": 0, "labels_count": 14, "reviews_count": 1}, "year": 2004, "grapes": null, "has_valid_ratings": false}, {"id": 2560037, "seo_name": "neil-ellis-sauvignon-blanc-groenekloof-2003", "name": "Neil Ellis Sauvignon Blanc 2003", "statistics": {"status": "BelowThreshold", "ratings_count": 5, "ratings_average": 0, "labels_count": 24, "reviews_count": 3}, "year": 2003, "grapes": null, "has_valid_ratings": false}, {"id": 14894482, "seo_name": "neil-ellis-sauvignon-blanc-groenekloof-2002", "name": "Neil Ellis Sauvignon Blanc 2002", "statistics": {"status": "BelowThreshold", "ratings_count": 1, "ratings_average": 0, "labels_count": 18, "reviews_count": 0}, "year": 2002, "grapes": null, "has_valid_ratings": false}, {"id": 16218344, "seo_name": "neil-ellis-sauvignon-blanc-groenekloof-2001", "name": "Neil Ellis Sauvignon Blanc 2001", "statistics": {"status": "BelowThreshold", "ratings_count": 4, "ratings_average": 0, "labels_count": 21, "reviews_count": 2}, "year": 2001, "grapes": null, "has_valid_ratings": false}, {"id": 2378003, "seo_name": "neil-ellis-sauvignon-blanc-groenekloof-2000", "name": "Neil Ellis Sauvignon Blanc 2000", "statistics": {"status": "BelowThreshold", "ratings_count": 1, "ratings_average": 0, "labels_count": 10, "reviews_count": 0}, "year": 2000, "grapes": null, "has_valid_ratings": false}, {"id": 16646321, "seo_name": "neil-ellis-sauvignon-blanc-groenekloof-1999", "name": "Neil Ellis Sauvignon Blanc 1999", "statistics": {"status": "BelowThreshold", "ratings_count": 1, "ratings_average": 0, "labels_count": 5, "reviews_count": 1}, "year": 1999, "grapes": null, "has_valid_ratings": false}, {"id": 1555871, "seo_name": "neil-ellis-sauvignon-blanc-groenekloof-uv", "name": "Neil Ellis Sauvignon Blanc", "statistics": {"status": "Normal", "ratings_count": 2107, "ratings_average": 3.7, "labels_count": 12, "reviews_count": 25}, "year": 0, "grapes": null, "has_valid_ratings": true}], "description": "It has predominant flavours are those of tropical fruit with herbaceous overtones, whilst the overall impression is of elegance and delicacy with a long flavoursome finish.", "grapes": [{"id": 17, "name": "Sauvignon Blanc", "seo_name": "sauvignon-blanc", "has_detailed_info": true, "wines_count": 289542}], "foods": [{"id": 13, "name": "Schalentiere", "background_image": {"location": "//images.vivino.com/backgrounds/foods/13_shellfish.png", "variations": {"small": "//images.vivino.com/backgrounds/foods/thumbs/13_shellfish_932x810.png"}}, "seo_name": "shellfish"}, {"id": 19, "name": "Vegetarische Gerichte", "background_image": {"location": "//images.vivino.com/backgrounds/foods/19_vegetarian.png", "variations": {"small": "//images.vivino.com/backgrounds/foods/thumbs/19_vegetarian_932x810.png"}}, "seo_name": "vegetarian"}, {"id": 39, "name": "Ziegenk\u00e4se", "background_image": {"location": "//images.vivino.com/backgrounds/foods/39_goatcheese.png", "variations": {"small": "//images.vivino.com/backgrounds/foods/thumbs/39_goatcheese_932x810.png"}}, "seo_name": null}], "non_vintage": false, "alcohol": 13.5, "sweetness_id": 5, "closure": "screw", "vintage_mask_raw": null, "updated_at": "2021-11-04T10:50:34Z", "created_at": "2009-12-11T13:25:45Z", "is_first_wine": false, "style": {"id": 203, "seo_name": "south-african-sauvignon-blanc", "regional_name": "South African", "varietal_name": "Sauvignon Blanc", "name": "Sauvignon Blanc S\u00fcdafrika", "image": null, "background_image": null, "description": "The refreshing Sauvignon Blanc grape is perfectly at home in South Africa. The diverse growing regions make for wines that can be nice and grassy with plenty of grapefruit and green apple skins.\n\nWhile the quality is high, the price is still low. South African Sauvignon Blanc offers you an excellent alternative to the considerably more expensive counterparts from New Zealand.\n\nSouth Africa was said to be producing some of the finest wines in the world in the 1700s, though some years later phylloxera wiped out most of the vines, and in the 20th century Apartheid significantly set back wine production.\n\nSouth Africa's stock in the world of wine is climbing rapidly. In the 80s and 90s they were well known for producing bottom shelf swill, but things have changed and the smart money is on the country becoming one of the next massive fine wine producing regions.\n\nWhen it comes to pairing, seafood always works fabulously with Sauvignon Blanc. You can also work some asparagus, cilantro or thyme into the mix as they will work wonderfully with the grassier elements of the wine.", "blurb": null, "interesting_facts": ["The Overberg region is regarded as being one of the finest for Sauvignon Blanc production.", "Sauvignon Blanc originated in the Loire Valley in France, and is happiest in cool climates.", "Sauvignon Blanc is one of the few wines that can pair well with sushi."], "body": 2, "body_description": "Leichter K\u00f6rper", "acidity": 3, "acidity_description": "Hoch", "country": {"code": "za", "name": "S\u00fcdafrika", "native_name": "South Africa", "seo_name": "south-africa", "currency": {"code": "ZAR", "name": "South African Rand", "prefix": "R", "suffix": null}, "regions_count": 110, "users_count": 232908, "wines_count": 37408, "wineries_count": 4048, "most_used_grapes": [{"id": 2, "name": "Cabernet Sauvignon", "seo_name": "cabernet-sauvignon", "has_detailed_info": true, "wines_count": 794022}, {"id": 1, "name": "Shiraz/Syrah", "seo_name": "shiraz-syrah", "has_detailed_info": true, "wines_count": 545850}, {"id": 10, "name": "Merlot", "seo_name": "merlot", "has_detailed_info": true, "wines_count": 560926}]}, "wine_type_id": 2, "food": [{"id": 13, "name": "Shellfish", "background_image": {"location": "//images.vivino.com/backgrounds/foods/13_shellfish.png", "variations": {"small": "//images.vivino.com/backgrounds/foods/thumbs/13_shellfish_932x810.png"}}, "seo_name": "shellfish"}, {"id": 19, "name": "Vegetarian", "background_image": {"location": "//images.vivino.com/backgrounds/foods/19_vegetarian.png", "variations": {"small": "//images.vivino.com/backgrounds/foods/thumbs/19_vegetarian_932x810.png"}}, "seo_name": "vegetarian"}, {"id": 39, "name": "Goat cheese", "background_image": {"location": "//images.vivino.com/backgrounds/foods/39_goatcheese.png", "variations": {"small": "//images.vivino.com/backgrounds/foods/thumbs/39_goatcheese_932x810.png"}}, "seo_name": null}], "grapes": [{"id": 17, "name": "Sauvignon Blanc", "seo_name": "sauvignon-blanc", "has_detailed_info": true, "wines_count": 289542}], "region": null}, "has_valid_ratings": true}, "price": {"id": 26331456, "vintage_id": 159861562, "amount": 10.75, "type": "vc", "currency": {"code": "EUR", "name": "Euros", "prefix": "\u20ac", "suffix": null}, "bottle_type_id": 1, "inventory_bottles_count": 17, "url": "https://www.vinehouse.de/neil-ellis-groenekloof-sauvignon-blanc?utm_medium=pref-cpc&utm_source=vivino-ppc", "message": "", "producer_address": "", "importer_address": "Weinland Ariane Abayan GmbH & Co. KGK\u00f6nigswinterer Str. 552 53227 Bonn", "discounted_from": null, "bottle_type": {"id": 1, "name": "Flasche (0,75\u00a0l)", "short_name": "Flasche", "short_name_plural": "Flaschen", "volume_ml": 750}}, "highlights": [{"vintage_id": 159861562, "highlight_type": "cheapest_available", "message": "G\u00fcnstigster verf\u00fcgbarer Jahrgang", "icon": "https://images.vivino.com/highlights/icon/cheapest_available.svg", "metadata": {"price": {"id": 26331456, "type": "vc", "amount": 10.75, "currency": {"code": "EUR", "name": "Euros", "prefix": "\u20ac", "suffix": null}, "discounted_from": null}, "wine_id": 88265, "toplist": null, "ws_award": null, "critic_review_id": null, "ratings_average": 3.7, "ratings_count": 331, "vintage_year": "2019", "rank_type": "global", "ranks": {"country": {"description": "Rang von S\u00fcdafrika", "total": 189504, "rank": 21389}, "region": {"description": "Rang von Weinregion", "total": 49219, "rank": 7794}, "winery": {"description": "Rang vom Weingut", "total": 719, "rank": 123}, "global": {"description": "Weltweiter Rang", "total": 8825167, "rank": 878709}}, "style": {"id": 203, "seo_name": "south-african-sauvignon-blanc", "regional_name": "South African", "varietal_name": "Sauvignon Blanc", "name": "Sauvignon Blanc S\u00fcdafrika", "image": null, "background_image": null, "description": "The refreshing Sauvignon Blanc grape is perfectly at home in South Africa. The diverse growing regions make for wines that can be nice and grassy with plenty of grapefruit and green apple skins.\n\nWhile the quality is high, the price is still low. South African Sauvignon Blanc offers you an excellent alternative to the considerably more expensive counterparts from New Zealand.\n\nSouth Africa was said to be producing some of the finest wines in the world in the 1700s, though some years later phylloxera wiped out most of the vines, and in the 20th century Apartheid significantly set back wine production.\n\nSouth Africa's stock in the world of wine is climbing rapidly. In the 80s and 90s they were well known for producing bottom shelf swill, but things have changed and the smart money is on the country becoming one of the next massive fine wine producing regions.\n\nWhen it comes to pairing, seafood always works fabulously with Sauvignon Blanc. You can also work some asparagus, cilantro or thyme into the mix as they will work wonderfully with the grassier elements of the wine.", "blurb": null, "interesting_facts": ["The Overberg region is regarded as being one of the finest for Sauvignon Blanc production.", "Sauvignon Blanc originated in the Loire Valley in France, and is happiest in cool climates.", "Sauvignon Blanc is one of the few wines that can pair well with sushi."], "body": 2, "body_description": "Leichter K\u00f6rper", "acidity": 3, "acidity_description": "Hoch", "country": {"code": "za", "name": "S\u00fcdafrika", "native_name": "South Africa", "seo_name": "south-africa", "currency": {"code": "ZAR", "name": "South African Rand", "prefix": "R", "suffix": null}, "regions_count": 110, "users_count": 232908, "wines_count": 37408, "wineries_count": 4048, "most_used_grapes": [{"id": 2, "name": "Cabernet Sauvignon", "seo_name": "cabernet-sauvignon", "has_detailed_info": true, "wines_count": 794022}, {"id": 1, "name": "Shiraz/Syrah", "seo_name": "shiraz-syrah", "has_detailed_info": true, "wines_count": 545850}, {"id": 10, "name": "Merlot", "seo_name": "merlot", "has_detailed_info": true, "wines_count": 560926}]}, "wine_type_id": 2, "food": [{"id": 13, "name": "Shellfish", "background_image": {"location": "//images.vivino.com/backgrounds/foods/13_shellfish.png", "variations": {"small": "//images.vivino.com/backgrounds/foods/thumbs/13_shellfish_932x810.png"}}, "seo_name": "shellfish"}, {"id": 19, "name": "Vegetarian", "background_image": {"location": "//images.vivino.com/backgrounds/foods/19_vegetarian.png", "variations": {"small": "//images.vivino.com/backgrounds/foods/thumbs/19_vegetarian_932x810.png"}}, "seo_name": "vegetarian"}, {"id": 39, "name": "Goat cheese", "background_image": {"location": "//images.vivino.com/backgrounds/foods/39_goatcheese.png", "variations": {"small": "//images.vivino.com/backgrounds/foods/thumbs/39_goatcheese_932x810.png"}}, "seo_name": null}], "grapes": [{"id": 17, "name": "Sauvignon Blanc", "seo_name": "sauvignon-blanc", "has_detailed_info": true, "wines_count": 289542}], "region": null}}}], "merchant": {"id": 1411, "name": "Vinehouse.de", "seo_name": "vinehouse-de", "legal_name": "VINEHOUSE.de", "description": "Versandkostenfrei f\u00fcr Bestellungen ab 80 EUR", "country": {"code": "de", "name": "Deutschland", "native_name": "Deutschland", "seo_name": "germany", "currency": {"code": "EUR", "name": "Euros", "prefix": "\u20ac", "suffix": null}, "regions_count": 210, "users_count": 2117308, "wines_count": 197796, "wineries_count": 13493, "most_used_grapes": [{"id": 15, "name": "Riesling", "seo_name": "riesling", "has_detailed_info": true, "wines_count": 259925}, {"id": 299, "name": "Sp\u00e4tburgunder", "seo_name": "spatburgunder", "has_detailed_info": false, "wines_count": 49659}, {"id": 355, "name": "Weissburgunder", "seo_name": "weissburgunder", "has_detailed_info": false, "wines_count": 33123}]}, "state": null, "status": 3, "image": {"location": "//images.vivino.com/merchants/originals/p1b6jm1v00001c3.jpg", "variations": {"large_square": "//images.vivino.com/merchants/thumbs/p1b6jm1v00001c3_400x400.jpg", "medium_square": "//images.vivino.com/merchants/thumbs/p1b6jm1v00001c3_320x320.jpg", "small_square": "//images.vivino.com/merchants/thumbs/p1b6jm1v00001c3_160x160.jpg"}}, "shipping_estimate": "Lieferung voraussichtlich zwischen Di, 21.\u00a0Dez und Mi, 22.\u00a0Dez", "impressum_url": "https://www.vinehouse.de/impressum", "tos_url": "https://www.vinehouse.de/allgemeine-geschaeftsbedingungen-mit-kundeninformationen", "vc_clearing_system": 0, "hidden": false}, "sold_out": false, "prices_and_availability": {"market": {"country": "de", "currency": {"code": "EUR", "name": "Euros", "prefix": "\u20ac", "suffix": null}}, "availability": {"vintage": {"id": 159861562, "year": 2019, "grapes": null, "has_valid_ratings": false}, "median": {"amount": 10.9, "type": "market", "discounted_from": null}, "price": {"id": 26331456, "amount": 10.75, "discounted_from": 0.0, "type": "vc"}}, "merchants_with_prices": [{"merchant": {"id": 1411, "name": "Vinehouse.de", "seo_name": "vinehouse-de", "legal_name": "VINEHOUSE.de", "description": "Versandkostenfrei f\u00fcr Bestellungen ab 80 EUR", "country": {"code": "de", "name": "Deutschland", "native_name": "Deutschland", "seo_name": "germany", "currency": {"code": "EUR", "name": "Euros", "prefix": "\u20ac", "suffix": null}, "regions_count": 210, "users_count": 2117308, "wines_count": 197796, "wineries_count": 13493, "most_used_grapes": [{"id": 15, "name": "Riesling", "seo_name": "riesling", "has_detailed_info": true, "wines_count": 259925}, {"id": 299, "name": "Sp\u00e4tburgunder", "seo_name": "spatburgunder", "has_detailed_info": false, "wines_count": 49659}, {"id": 355, "name": "Weissburgunder", "seo_name": "weissburgunder", "has_detailed_info": false, "wines_count": 33123}]}, "state": null, "status": 3, "image": {"location": "//images.vivino.com/merchants/originals/p1b6jm1v00001c3.jpg", "variations": {"large_square": "//images.vivino.com/merchants/thumbs/p1b6jm1v00001c3_400x400.jpg", "medium_square": "//images.vivino.com/merchants/thumbs/p1b6jm1v00001c3_320x320.jpg", "small_square": "//images.vivino.com/merchants/thumbs/p1b6jm1v00001c3_160x160.jpg"}}, "shipping_estimate": "Lieferung voraussichtlich zwischen Di, 21.\u00a0Dez und Mi, 22.\u00a0Dez", "impressum_url": "https://www.vinehouse.de/impressum", "tos_url": "https://www.vinehouse.de/allgemeine-geschaeftsbedingungen-mit-kundeninformationen", "vc_clearing_system": 0, "hidden": false}, "prices": [{"id": 26331456, "vintage_id": 159861562, "amount": 10.75, "type": "vc", "currency": {"code": "EUR", "name": "Euros", "prefix": "\u20ac", "suffix": null}, "bottle_type_id": 1, "inventory_bottles_count": 17, "url": "https://www.vinehouse.de/neil-ellis-groenekloof-sauvignon-blanc?utm_medium=pref-cpc&utm_source=vivino-ppc", "message": "", "producer_address": "", "importer_address": "Weinland Ariane Abayan GmbH & Co. KGK\u00f6nigswinterer Str. 552 53227 Bonn", "discounted_from": null, "bottle_type": {"id": 1, "name": "Flasche (0,75\u00a0l)", "short_name": "Flasche", "short_name_plural": "Flaschen", "volume_ml": 750}}]}, {"merchant": {"id": 17581, "name": "Vineshop24", "seo_name": "vineshop24", "legal_name": "Vineshop24 GmbH & Co. KG", "description": "Versandkostenfrei f\u00fcr Bestellungen ab 80 EUR", "country": {"code": "de", "name": "Deutschland", "native_name": "Deutschland", "seo_name": "germany", "currency": {"code": "EUR", "name": "Euros", "prefix": "\u20ac", "suffix": null}, "regions_count": 210, "users_count": 2117308, "wines_count": 197796, "wineries_count": 13493, "most_used_grapes": [{"id": 15, "name": "Riesling", "seo_name": "riesling", "has_detailed_info": true, "wines_count": 259925}, {"id": 299, "name": "Sp\u00e4tburgunder", "seo_name": "spatburgunder", "has_detailed_info": false, "wines_count": 49659}, {"id": 355, "name": "Weissburgunder", "seo_name": "weissburgunder", "has_detailed_info": false, "wines_count": 33123}]}, "state": null, "status": 3, "image": {"location": "//images.vivino.com/merchants/originals/p1ei8m730000h5d.png", "variations": {"large_square": "//images.vivino.com/merchants/thumbs/p1ei8m730000h5d_400x400.jpg", "medium_square": "//images.vivino.com/merchants/thumbs/p1ei8m730000h5d_320x320.jpg", "small_square": "//images.vivino.com/merchants/thumbs/p1ei8m730000h5d_160x160.jpg"}}, "shipping_estimate": "Lieferung voraussichtlich zwischen Di, 21.\u00a0Dez und Do, 23.\u00a0Dez", "impressum_url": "https://www.vineshop24.de/info/impressum.html", "tos_url": "https://www.vineshop24.de/info/allgemeine-geschaeftsbedingungen.html", "vc_clearing_system": 0, "hidden": false}, "prices": [{"id": 23346355, "vintage_id": 159861562, "amount": 10.9, "type": "vc", "currency": {"code": "EUR", "name": "Euros", "prefix": "\u20ac", "suffix": null}, "bottle_type_id": 1, "inventory_bottles_count": 1121, "bottles_sold_count": 6, "url": "https://www.vineshop24.de/weine-aus-aller-welt/suedafrika/neil-ellis-groenekloof-sauvignon-blanc.html?utm_medium=pref-cpc&utm_source=vivino-ppc", "message": "Preis f\u00fcr 6 oder mehr Flaschen. (Preis \u20ac11.50 einzelne Flasche)", "producer_address": "", "importer_address": "Wein Wolf Import GmbH & Co. Verwaltungs KG , K\u00f6nigswinterer Str. 552, 53227 Bonn", "discounted_from": null, "bottle_type": {"id": 1, "name": "Flasche (0,75\u00a0l)", "short_name": "Flasche", "short_name_plural": "Flaschen", "volume_ml": 750}}]}]}, "found_by_merchant_and_sku": null, "is_deal_page": false}