{"tastes": {"structure": {"acidity": 2.1730769, "fizziness": null, "intensity": 4, "sweetness": 1, "tannin": null, "user_structure_count": 0, "calculated_structure_count": 1}, "flavor": [{"group": "citrus_fruit", "stats": {"count": 1, "score": 300, "mentions_count": 3}, "primary_keywords": [{"id": 106, "name": "citrus", "count": 1}, {"id": 190, "name": "grapefruit", "count": 1}, {"id": 243, "name": "lemon", "count": 1}]}, {"group": "tree_fruit", "stats": {"count": 1, "score": 200, "mentions_count": 2}, "primary_keywords": [{"id": 310, "name": "peach", "count": 1}, {"id": 469, "name": "stone fruit", "count": 1}]}, {"group": "vegetal", "stats": {"count": 1, "score": 100, "mentions_count": 1}, "primary_keywords": [{"id": 193, "name": "grass", "count": 1}]}, {"group": "earth", "stats": {"count": 1, "score": 100, "mentions_count": 1}, "primary_keywords": [{"id": 398, "name": "stone", "count": 1}]}]}, "vivino_id": "5194049"}