{"vintage": {"id": 154260609, "seo_name": "weingut-eric-grunewald-munster-sarmsheim-kapellenberg-edition-genesis-riesling-trocken-uv", "name": "Weingut Eric Gr\u00fcnewald M\u00fcnster-Sarmsheim Kapellenberg Edition Genesis Riesling Trocken", "statistics": {"status": "BelowThreshold", "ratings_count": 5, "ratings_average": 0, "labels_count": 0, "reviews_count": 0}, "organic_certification_id": null, "certified_biodynamic": null, "image": {"location": "//images.vivino.com/thumbs/FQMRdUBHTG2d4xv_qJt25A_pl_480x640.png", "variations": {"bottle_large": "//images.vivino.com/thumbs/FQMRdUBHTG2d4xv_qJt25A_pb_x960.png", "bottle_medium": "//images.vivino.com/thumbs/FQMRdUBHTG2d4xv_qJt25A_pb_x600.png", "bottle_medium_square": "//images.vivino.com/thumbs/FQMRdUBHTG2d4xv_qJt25A_pb_600x600.png", "bottle_small": "//images.vivino.com/thumbs/FQMRdUBHTG2d4xv_qJt25A_pb_x300.png", "bottle_small_square": "//images.vivino.com/thumbs/FQMRdUBHTG2d4xv_qJt25A_pb_300x300.png", "label": "//images.vivino.com/thumbs/FQMRdUBHTG2d4xv_qJt25A_pl_480x640.png", "label_large": "//images.vivino.com/thumbs/FQMRdUBHTG2d4xv_qJt25A_pl_375x500.png", "label_medium": "//images.vivino.com/thumbs/FQMRdUBHTG2d4xv_qJt25A_pl_150x200.png", "label_medium_square": "//images.vivino.com/thumbs/FQMRdUBHTG2d4xv_qJt25A_pl_150x150.png", "label_small_square": "//images.vivino.com/thumbs/FQMRdUBHTG2d4xv_qJt25A_pl_80x80.png", "large": "//images.vivino.com/thumbs/FQMRdUBHTG2d4xv_qJt25A_pl_375x500.png", "medium": "//images.vivino.com/thumbs/FQMRdUBHTG2d4xv_qJt25A_pl_150x200.png", "medium_square": "//images.vivino.com/thumbs/FQMRdUBHTG2d4xv_qJt25A_pl_150x150.png", "small_square": "//images.vivino.com/thumbs/FQMRdUBHTG2d4xv_qJt25A_pl_80x80.png"}}, "wine": {"id": 5645665, "name": "M\u00fcnster-Sarmsheim Kapellenberg Edition Genesis Riesling Trocken", "seo_name": "munster-sarmsheim-kapellenberg-edition-genesis-riesling-trocken", "type_id": 2, "vintage_type": 0, "is_natural": false, "region": {"id": 578, "name": "Nahe", "name_en": "", "seo_name": "nahe", "country": {"code": "de", "name": "Germany", "native_name": "Deutschland", "seo_name": "germany", "currency": {"code": "EUR", "name": "Euros", "prefix": "\u20ac", "suffix": null}, "regions_count": 210, "users_count": 2175366, "wines_count": 199914, "wineries_count": 13512, "most_used_grapes": [{"id": 15, "name": "Riesling", "seo_name": "riesling", "has_detailed_info": true, "wines_count": 262136}, {"id": 299, "name": "Sp\u00e4tburgunder", "seo_name": "spatburgunder", "has_detailed_info": false, "wines_count": 50164}, {"id": 355, "name": "Weissburgunder", "seo_name": "weissburgunder", "has_detailed_info": false, "wines_count": 33464}]}, "parent_id": null, "background_image": null, "class": {"typecast_map": {"background_image": {}, "class": {}}}, "statistics": {"wineries_count": 613, "wines_count": 8226, "sub_regions_count": 13, "parent_regions_count": 0}}, "review_status": 2, "winery": {"id": 221674, "name": "Weingut Eric Gr\u00fcnewald", "seo_name": "weingut-eric-grunewald", "status": 0, "review_status": "Completed", "background_image": null, "statistics": {"ratings_count": 36, "ratings_average": 3.5, "labels_count": 271, "wines_count": 23}, "region": {"id": 578, "name": "Nahe", "name_en": "", "seo_name": "nahe", "country": {"code": "de", "name": "Germany", "native_name": "Deutschland", "seo_name": "germany", "currency": {"code": "EUR", "name": "Euros", "prefix": "\u20ac", "suffix": null}, "regions_count": 210, "users_count": 2175366, "wines_count": 199914, "wineries_count": 13512, "most_used_grapes": [{"id": 15, "name": "Riesling", "seo_name": "riesling", "has_detailed_info": true, "wines_count": 262136}, {"id": 299, "name": "Sp\u00e4tburgunder", "seo_name": "spatburgunder", "has_detailed_info": false, "wines_count": 50164}, {"id": 355, "name": "Weissburgunder", "seo_name": "weissburgunder", "has_detailed_info": false, "wines_count": 33464}]}, "parent_id": null, "background_image": null, "class": {"typecast_map": {"background_image": {}, "class": {}}}, "statistics": {"wineries_count": 613, "wines_count": 8226, "sub_regions_count": 13, "parent_regions_count": 0}}, "business_name": "Weingut Eric Gr\u00fcnewald", "description": "", "specialists_notes": "", "phone": "+49 6721 32622", "email": "weingutgruenewald@gmx.de", "facebook": "https://www.facebook.com/Weingut-Eric-Gr%C3%BCnewald-124376694277820/", "instagram": "", "is_claimed": false, "twitter": "", "website": "http://weingut-gruenewald-weiler.de/", "winemaker": null, "wine_maker": null, "address": {"title": null, "name": null, "street": "Weiler bei Bingen", "street2": null, "neighborhood": null, "city": null, "zip": "55413 ", "state": null, "country": {"code": "de", "name": "Germany", "native_name": "Deutschland", "seo_name": "germany", "currency": {"code": "EUR", "name": "Euros", "prefix": "\u20ac", "suffix": null}, "regions_count": 210, "users_count": 2175366, "wines_count": 199914, "wineries_count": 13512, "most_used_grapes": [{"id": 15, "name": "Riesling", "seo_name": "riesling", "has_detailed_info": true, "wines_count": 262136}, {"id": 299, "name": "Sp\u00e4tburgunder", "seo_name": "spatburgunder", "has_detailed_info": false, "wines_count": 50164}, {"id": 355, "name": "Weissburgunder", "seo_name": "weissburgunder", "has_detailed_info": false, "wines_count": 33464}]}, "company": null, "phone": null, "external_id": null, "residential": null, "vat_number": null, "vat_code": null, "addition": null}, "image": null, "location": null, "winery_group": null, "first_wines": [], "sponsored_entity_type": null, "sponsored_entity": null}, "statistics": {"status": "BelowThreshold", "ratings_count": 5, "ratings_average": 0, "labels_count": 32, "vintages_count": 8}, "rank": {"country": {"description": "Rank within Germany", "total": 117619, "rank": 89640}, "region": {"description": "Rank within Wine Region", "total": 6199, "rank": 4728}, "winery": {"description": "Rank within Winery", "total": 14, "rank": 7}, "wine_type": {"description": "Rank within all White Wine", "total": 398746, "rank": 310984}, "global": {"description": "Global Rank", "total": 1302038, "rank": 1020726}}, "hidden": false, "vintages": [{"id": 158396478, "seo_name": "weingut-eric-grunewald-munster-sarmsheim-kapellenberg-edition-genesis-riesling-trocken-2017", "name": "Weingut Eric Gr\u00fcnewald M\u00fcnster-Sarmsheim Kapellenberg Edition Genesis Riesling Trocken 2017", "statistics": {"status": "BelowThreshold", "ratings_count": 2, "ratings_average": 0, "labels_count": 17, "reviews_count": 2}, "year": 2017, "grapes": null, "has_valid_ratings": false}, {"id": 154260611, "seo_name": "weingut-eric-grunewald-munster-sarmsheim-kapellenberg-edition-genesis-riesling-trocken-2016", "name": "Weingut Eric Gr\u00fcnewald M\u00fcnster-Sarmsheim Kapellenberg Edition Genesis Riesling Trocken 2016", "statistics": {"status": "BelowThreshold", "ratings_count": 3, "ratings_average": 0, "labels_count": 14, "reviews_count": 0}, "year": 2016, "grapes": null, "has_valid_ratings": false}, {"id": 154260609, "seo_name": "weingut-eric-grunewald-munster-sarmsheim-kapellenberg-edition-genesis-riesling-trocken-uv", "name": "Weingut Eric Gr\u00fcnewald M\u00fcnster-Sarmsheim Kapellenberg Edition Genesis Riesling Trocken", "statistics": {"status": "BelowThreshold", "ratings_count": 5, "ratings_average": 0, "labels_count": 0, "reviews_count": 0}, "year": 0, "grapes": null, "has_valid_ratings": false}], "description": "", "grapes": [{"id": 15, "name": "Riesling", "seo_name": "riesling", "has_detailed_info": true, "wines_count": 262136}], "foods": [{"id": 10, "name": "Pork", "background_image": {"location": "//images.vivino.com/backgrounds/foods/10_pork.png", "variations": {"small": "//images.vivino.com/backgrounds/foods/thumbs/10_pork_932x810.png"}}, "seo_name": "pork"}, {"id": 13, "name": "Shellfish", "background_image": {"location": "//images.vivino.com/backgrounds/foods/13_shellfish.png", "variations": {"small": "//images.vivino.com/backgrounds/foods/thumbs/13_shellfish_932x810.png"}}, "seo_name": "shellfish"}, {"id": 15, "name": "Spicy food", "background_image": {"location": "//images.vivino.com/backgrounds/foods/15_spicyfood.png", "variations": {"small": "//images.vivino.com/backgrounds/foods/thumbs/15_spicyfood_932x810.png"}}, "seo_name": "spicy-food"}, {"id": 20, "name": "Poultry", "background_image": {"location": "//images.vivino.com/backgrounds/foods/20_chicken.png", "variations": {"small": "//images.vivino.com/backgrounds/foods/thumbs/20_chicken_932x810.png"}}, "seo_name": "poultry"}, {"id": 41, "name": "Cured Meat", "background_image": {"location": "//images.vivino.com/backgrounds/foods/41_curedmeat.png", "variations": {"small": "//images.vivino.com/backgrounds/foods/thumbs/41_curedmeat_932x810.png"}}, "seo_name": null}], "non_vintage": false, "alcohol": 12, "sweetness_id": 5, "closure": null, "vintage_mask_raw": null, "updated_at": "2022-01-19T02:23:26Z", "created_at": "2017-07-13T11:34:12Z", "is_first_wine": false, "style": {"id": 186, "seo_name": "german-riesling", "regional_name": "German", "varietal_name": "Riesling", "name": "German Riesling", "image": null, "background_image": {"location": "//images.vivino.com/backgrounds/styles/sUyLeO_TQuaROKfLr65xsg.jpg", "variations": {"small": "//images.vivino.com/backgrounds/styles/thumbs/sUyLeO_TQuaROKfLr65xsg_932x810.jpg"}}, "description": "Riesling is without question Germany's favorite grape. Widely planted, though once derided, Riesling is the superstar of the white wine world at the moment.\n\nThere is a lot of scope for versatility with this sweet, viscous wine, though you can expect to get hints of tropical fruit, nectarine, melon and pineapple from a solid Riesling.\n\nThe grape originated in the Rhine region of Germany, and the best of them are said to grow along the banks of the Mosel River on the beautiful steep, south facing hills.\n\nThere are six categories of Riesling which indicate the ripeness of the grapes. Kabinett is considered \u201coff-dry\u201d and is a typically ripe grape. Sp\u00e4tlese is riper and therefor sweeter, and Auslese is even riper still. Beyond on that you have Beerenauslese, Trockenbeerenauslese and Eiswein (or ice wine), all getting sweeter, more viscous and more expensive.\n\nIt's a favorite in the food and beverage industry because of its willingness to play with a wide variety of foods, particular spicy dishes. The current Asian fusion boom is thought to have had a tremendous effect on Riesling's popularity.", "blurb": null, "interesting_facts": ["Riesling is grown all over the world and thrives in cool to warm climates.", "Riesling is one of the few white wines that develops and improves with age.", "There are an unusually high number of German Riesling producers that carry the prefix \u201cDr.\u201d"], "body": 2, "body_description": "Light-bodied", "acidity": 3, "acidity_description": "High", "country": {"code": "de", "name": "Germany", "native_name": "Deutschland", "seo_name": "germany", "currency": {"code": "EUR", "name": "Euros", "prefix": "\u20ac", "suffix": null}, "regions_count": 210, "users_count": 2175366, "wines_count": 199914, "wineries_count": 13512, "most_used_grapes": [{"id": 15, "name": "Riesling", "seo_name": "riesling", "has_detailed_info": true, "wines_count": 262136}, {"id": 299, "name": "Sp\u00e4tburgunder", "seo_name": "spatburgunder", "has_detailed_info": false, "wines_count": 50164}, {"id": 355, "name": "Weissburgunder", "seo_name": "weissburgunder", "has_detailed_info": false, "wines_count": 33464}]}, "wine_type_id": 2, "food": [{"id": 10, "name": "Pork", "background_image": {"location": "//images.vivino.com/backgrounds/foods/10_pork.png", "variations": {"small": "//images.vivino.com/backgrounds/foods/thumbs/10_pork_932x810.png"}}, "seo_name": "pork"}, {"id": 13, "name": "Shellfish", "background_image": {"location": "//images.vivino.com/backgrounds/foods/13_shellfish.png", "variations": {"small": "//images.vivino.com/backgrounds/foods/thumbs/13_shellfish_932x810.png"}}, "seo_name": "shellfish"}, {"id": 15, "name": "Spicy food", "background_image": {"location": "//images.vivino.com/backgrounds/foods/15_spicyfood.png", "variations": {"small": "//images.vivino.com/backgrounds/foods/thumbs/15_spicyfood_932x810.png"}}, "seo_name": "spicy-food"}, {"id": 20, "name": "Poultry", "background_image": {"location": "//images.vivino.com/backgrounds/foods/20_chicken.png", "variations": {"small": "//images.vivino.com/backgrounds/foods/thumbs/20_chicken_932x810.png"}}, "seo_name": "poultry"}, {"id": 41, "name": "Cured Meat", "background_image": {"location": "//images.vivino.com/backgrounds/foods/41_curedmeat.png", "variations": {"small": "//images.vivino.com/backgrounds/foods/thumbs/41_curedmeat_932x810.png"}}, "seo_name": null}], "grapes": [{"id": 15, "name": "Riesling", "seo_name": "riesling", "has_detailed_info": true, "wines_count": 262136}], "region": null}, "has_valid_ratings": false}, "description": "", "wine_critic_reviews": [], "awards": [], "ratings_distribution": {"1": 0, "2": 0, "3": 3, "4": 2, "5": 0}, "ranking": {"country": {"description": "Rank within Germany", "total": 614813, "rank": 562520}, "region": {"description": "Rank within Wine Region", "total": 30314, "rank": 27842}, "winery": {"description": "Rank within Winery", "total": 42, "rank": 40}, "global": {"description": "Global Rank", "total": 8944630, "rank": 8188870}}, "wine_facts": {}, "winemaker": null, "wine_maker": null, "grape_composition": {}, "year": "", "grapes": null, "has_valid_ratings": false}, "carts": null, "full_region": null, "tastes": null, "wine": {"id": 5645665, "name": "M\u00fcnster-Sarmsheim Kapellenberg Edition Genesis Riesling Trocken", "seo_name": "munster-sarmsheim-kapellenberg-edition-genesis-riesling-trocken", "type_id": 2, "vintage_type": 0, "is_natural": false, "region": {"id": 578, "name": "Nahe", "name_en": "", "seo_name": "nahe", "country": {"code": "de", "name": "Germany", "native_name": "Deutschland", "seo_name": "germany", "currency": {"code": "EUR", "name": "Euros", "prefix": "\u20ac", "suffix": null}, "regions_count": 210, "users_count": 2175366, "wines_count": 199914, "wineries_count": 13512, "most_used_grapes": [{"id": 15, "name": "Riesling", "seo_name": "riesling", "has_detailed_info": true, "wines_count": 262136}, {"id": 299, "name": "Sp\u00e4tburgunder", "seo_name": "spatburgunder", "has_detailed_info": false, "wines_count": 50164}, {"id": 355, "name": "Weissburgunder", "seo_name": "weissburgunder", "has_detailed_info": false, "wines_count": 33464}]}, "parent_id": null, "background_image": null, "class": {"typecast_map": {"background_image": {}, "class": {}}}, "statistics": {"wineries_count": 613, "wines_count": 8226, "sub_regions_count": 13, "parent_regions_count": 0}}, "review_status": 2, "winery": {"id": 221674, "name": "Weingut Eric Gr\u00fcnewald", "seo_name": "weingut-eric-grunewald", "status": 0, "review_status": "Completed", "background_image": null, "statistics": {"ratings_count": 36, "ratings_average": 3.5, "labels_count": 271, "wines_count": 23}, "region": {"id": 578, "name": "Nahe", "name_en": "", "seo_name": "nahe", "country": {"code": "de", "name": "Germany", "native_name": "Deutschland", "seo_name": "germany", "currency": {"code": "EUR", "name": "Euros", "prefix": "\u20ac", "suffix": null}, "regions_count": 210, "users_count": 2175366, "wines_count": 199914, "wineries_count": 13512, "most_used_grapes": [{"id": 15, "name": "Riesling", "seo_name": "riesling", "has_detailed_info": true, "wines_count": 262136}, {"id": 299, "name": "Sp\u00e4tburgunder", "seo_name": "spatburgunder", "has_detailed_info": false, "wines_count": 50164}, {"id": 355, "name": "Weissburgunder", "seo_name": "weissburgunder", "has_detailed_info": false, "wines_count": 33464}]}, "parent_id": null, "background_image": null, "class": {"typecast_map": {"background_image": {}, "class": {}}}, "statistics": {"wineries_count": 613, "wines_count": 8226, "sub_regions_count": 13, "parent_regions_count": 0}}}, "image": {"location": "//images.vivino.com/thumbs/FQMRdUBHTG2d4xv_qJt25A_pl_480x640.png", "variations": {"bottle_large": "//images.vivino.com/thumbs/FQMRdUBHTG2d4xv_qJt25A_pb_x960.png", "bottle_medium": "//images.vivino.com/thumbs/FQMRdUBHTG2d4xv_qJt25A_pb_x600.png", "bottle_medium_square": "//images.vivino.com/thumbs/FQMRdUBHTG2d4xv_qJt25A_pb_600x600.png", "bottle_small": "//images.vivino.com/thumbs/FQMRdUBHTG2d4xv_qJt25A_pb_x300.png", "bottle_small_square": "//images.vivino.com/thumbs/FQMRdUBHTG2d4xv_qJt25A_pb_300x300.png", "label": "//images.vivino.com/thumbs/FQMRdUBHTG2d4xv_qJt25A_pl_480x640.png", "label_large": "//images.vivino.com/thumbs/FQMRdUBHTG2d4xv_qJt25A_pl_375x500.png", "label_medium": "//images.vivino.com/thumbs/FQMRdUBHTG2d4xv_qJt25A_pl_150x200.png", "label_medium_square": "//images.vivino.com/thumbs/FQMRdUBHTG2d4xv_qJt25A_pl_150x150.png", "label_small_square": "//images.vivino.com/thumbs/FQMRdUBHTG2d4xv_qJt25A_pl_80x80.png", "large": "//images.vivino.com/thumbs/FQMRdUBHTG2d4xv_qJt25A_pl_375x500.png", "medium": "//images.vivino.com/thumbs/FQMRdUBHTG2d4xv_qJt25A_pl_150x200.png", "medium_square": "//images.vivino.com/thumbs/FQMRdUBHTG2d4xv_qJt25A_pl_150x150.png", "small_square": "//images.vivino.com/thumbs/FQMRdUBHTG2d4xv_qJt25A_pl_80x80.png"}}, "statistics": {"status": "BelowThreshold", "ratings_count": 5, "ratings_average": 0, "labels_count": 32, "vintages_count": 8}, "rank": null, "hidden": false, "vintages": [{"id": 170577358, "seo_name": "weingut-eric-grunewald-munster-sarmsheim-kapellenberg-edition-genesis-riesling-trocken-2020", "name": "Weingut Eric Gr\u00fcnewald M\u00fcnster-Sarmsheim Kapellenberg Edition Genesis Riesling Trocken 2020", "statistics": {"status": "BelowThreshold", "ratings_count": 0, "ratings_average": 0, "labels_count": 0, "reviews_count": 0}, "year": 2020, "grapes": null, "has_valid_ratings": false}, {"id": 166669982, "seo_name": "weingut-eric-grunewald-munster-sarmsheim-kapellenberg-edition-genesis-riesling-trocken-2019", "name": "Weingut Eric Gr\u00fcnewald M\u00fcnster-Sarmsheim Kapellenberg Edition Genesis Riesling Trocken 2019", "statistics": {"status": "BelowThreshold", "ratings_count": 0, "ratings_average": 0, "labels_count": 0, "reviews_count": 0}, "year": 2019, "grapes": null, "has_valid_ratings": false}, {"id": 165366992, "seo_name": "weingut-eric-grunewald-munster-sarmsheim-kapellenberg-edition-genesis-riesling-trocken-2018", "name": "Weingut Eric Gr\u00fcnewald M\u00fcnster-Sarmsheim Kapellenberg Edition Genesis Riesling Trocken 2018", "statistics": {"status": "BelowThreshold", "ratings_count": 0, "ratings_average": 0, "labels_count": 0, "reviews_count": 0}, "year": 2018, "grapes": null, "has_valid_ratings": false}, {"id": 158396478, "seo_name": "weingut-eric-grunewald-munster-sarmsheim-kapellenberg-edition-genesis-riesling-trocken-2017", "name": "Weingut Eric Gr\u00fcnewald M\u00fcnster-Sarmsheim Kapellenberg Edition Genesis Riesling Trocken 2017", "statistics": {"status": "BelowThreshold", "ratings_count": 2, "ratings_average": 0, "labels_count": 17, "reviews_count": 2}, "year": 2017, "grapes": null, "has_valid_ratings": false}, {"id": 154260611, "seo_name": "weingut-eric-grunewald-munster-sarmsheim-kapellenberg-edition-genesis-riesling-trocken-2016", "name": "Weingut Eric Gr\u00fcnewald M\u00fcnster-Sarmsheim Kapellenberg Edition Genesis Riesling Trocken 2016", "statistics": {"status": "BelowThreshold", "ratings_count": 3, "ratings_average": 0, "labels_count": 14, "reviews_count": 0}, "year": 2016, "grapes": null, "has_valid_ratings": false}, {"id": 160412542, "seo_name": "weingut-eric-grunewald-munster-sarmsheim-kapellenberg-edition-genesis-riesling-trocken-2015", "name": "Weingut Eric Gr\u00fcnewald M\u00fcnster-Sarmsheim Kapellenberg Edition Genesis Riesling Trocken 2015", "statistics": {"status": "BelowThreshold", "ratings_count": 0, "ratings_average": 0, "labels_count": 1, "reviews_count": 0}, "year": 2015, "grapes": null, "has_valid_ratings": false}, {"id": 155443347, "seo_name": "weingut-eric-grunewald-munster-sarmsheim-kapellenberg-edition-genesis-riesling-trocken-2014", "name": "Weingut Eric Gr\u00fcnewald M\u00fcnster-Sarmsheim Kapellenberg Edition Genesis Riesling Trocken 2014", "statistics": {"status": "BelowThreshold", "ratings_count": 0, "ratings_average": 0, "labels_count": 0, "reviews_count": 0}, "year": 2014, "grapes": null, "has_valid_ratings": false}, {"id": 154824836, "seo_name": "weingut-eric-grunewald-munster-sarmsheim-kapellenberg-edition-genesis-riesling-trocken-2012", "name": "Weingut Eric Gr\u00fcnewald M\u00fcnster-Sarmsheim Kapellenberg Edition Genesis Riesling Trocken 2012", "statistics": {"status": "BelowThreshold", "ratings_count": 0, "ratings_average": 0, "labels_count": 0, "reviews_count": 0}, "year": 2012, "grapes": null, "has_valid_ratings": false}, {"id": 154260609, "seo_name": "weingut-eric-grunewald-munster-sarmsheim-kapellenberg-edition-genesis-riesling-trocken-uv", "name": "Weingut Eric Gr\u00fcnewald M\u00fcnster-Sarmsheim Kapellenberg Edition Genesis Riesling Trocken", "statistics": {"status": "BelowThreshold", "ratings_count": 5, "ratings_average": 0, "labels_count": 0, "reviews_count": 0}, "year": 0, "grapes": null, "has_valid_ratings": false}], "description": "", "grapes": [{"id": 15, "name": "Riesling", "seo_name": "riesling", "has_detailed_info": true, "wines_count": 262136}], "foods": [{"id": 10, "name": "Pork", "background_image": {"location": "//images.vivino.com/backgrounds/foods/10_pork.png", "variations": {"small": "//images.vivino.com/backgrounds/foods/thumbs/10_pork_932x810.png"}}, "seo_name": "pork"}, {"id": 13, "name": "Shellfish", "background_image": {"location": "//images.vivino.com/backgrounds/foods/13_shellfish.png", "variations": {"small": "//images.vivino.com/backgrounds/foods/thumbs/13_shellfish_932x810.png"}}, "seo_name": "shellfish"}, {"id": 15, "name": "Spicy food", "background_image": {"location": "//images.vivino.com/backgrounds/foods/15_spicyfood.png", "variations": {"small": "//images.vivino.com/backgrounds/foods/thumbs/15_spicyfood_932x810.png"}}, "seo_name": "spicy-food"}, {"id": 20, "name": "Poultry", "background_image": {"location": "//images.vivino.com/backgrounds/foods/20_chicken.png", "variations": {"small": "//images.vivino.com/backgrounds/foods/thumbs/20_chicken_932x810.png"}}, "seo_name": "poultry"}, {"id": 41, "name": "Cured Meat", "background_image": {"location": "//images.vivino.com/backgrounds/foods/41_curedmeat.png", "variations": {"small": "//images.vivino.com/backgrounds/foods/thumbs/41_curedmeat_932x810.png"}}, "seo_name": null}], "non_vintage": false, "alcohol": 12, "sweetness_id": 5, "closure": null, "vintage_mask_raw": null, "updated_at": "2022-01-19T02:23:26Z", "created_at": "2017-07-13T11:34:12Z", "is_first_wine": false, "style": {"id": 186, "seo_name": "german-riesling", "regional_name": "German", "varietal_name": "Riesling", "name": "German Riesling", "image": null, "background_image": {"location": "//images.vivino.com/backgrounds/styles/sUyLeO_TQuaROKfLr65xsg.jpg", "variations": {"small": "//images.vivino.com/backgrounds/styles/thumbs/sUyLeO_TQuaROKfLr65xsg_932x810.jpg"}}, "description": "Riesling is without question Germany's favorite grape. Widely planted, though once derided, Riesling is the superstar of the white wine world at the moment.\n\nThere is a lot of scope for versatility with this sweet, viscous wine, though you can expect to get hints of tropical fruit, nectarine, melon and pineapple from a solid Riesling.\n\nThe grape originated in the Rhine region of Germany, and the best of them are said to grow along the banks of the Mosel River on the beautiful steep, south facing hills.\n\nThere are six categories of Riesling which indicate the ripeness of the grapes. Kabinett is considered \u201coff-dry\u201d and is a typically ripe grape. Sp\u00e4tlese is riper and therefor sweeter, and Auslese is even riper still. Beyond on that you have Beerenauslese, Trockenbeerenauslese and Eiswein (or ice wine), all getting sweeter, more viscous and more expensive.\n\nIt's a favorite in the food and beverage industry because of its willingness to play with a wide variety of foods, particular spicy dishes. The current Asian fusion boom is thought to have had a tremendous effect on Riesling's popularity.", "blurb": null, "interesting_facts": ["Riesling is grown all over the world and thrives in cool to warm climates.", "Riesling is one of the few white wines that develops and improves with age.", "There are an unusually high number of German Riesling producers that carry the prefix \u201cDr.\u201d"], "body": 2, "body_description": "Light-bodied", "acidity": 3, "acidity_description": "High", "country": {"code": "de", "name": "Germany", "native_name": "Deutschland", "seo_name": "germany", "currency": {"code": "EUR", "name": "Euros", "prefix": "\u20ac", "suffix": null}, "regions_count": 210, "users_count": 2175366, "wines_count": 199914, "wineries_count": 13512, "most_used_grapes": [{"id": 15, "name": "Riesling", "seo_name": "riesling", "has_detailed_info": true, "wines_count": 262136}, {"id": 299, "name": "Sp\u00e4tburgunder", "seo_name": "spatburgunder", "has_detailed_info": false, "wines_count": 50164}, {"id": 355, "name": "Weissburgunder", "seo_name": "weissburgunder", "has_detailed_info": false, "wines_count": 33464}]}, "wine_type_id": 2, "food": [{"id": 10, "name": "Pork", "background_image": {"location": "//images.vivino.com/backgrounds/foods/10_pork.png", "variations": {"small": "//images.vivino.com/backgrounds/foods/thumbs/10_pork_932x810.png"}}, "seo_name": "pork"}, {"id": 13, "name": "Shellfish", "background_image": {"location": "//images.vivino.com/backgrounds/foods/13_shellfish.png", "variations": {"small": "//images.vivino.com/backgrounds/foods/thumbs/13_shellfish_932x810.png"}}, "seo_name": "shellfish"}, {"id": 15, "name": "Spicy food", "background_image": {"location": "//images.vivino.com/backgrounds/foods/15_spicyfood.png", "variations": {"small": "//images.vivino.com/backgrounds/foods/thumbs/15_spicyfood_932x810.png"}}, "seo_name": "spicy-food"}, {"id": 20, "name": "Poultry", "background_image": {"location": "//images.vivino.com/backgrounds/foods/20_chicken.png", "variations": {"small": "//images.vivino.com/backgrounds/foods/thumbs/20_chicken_932x810.png"}}, "seo_name": "poultry"}, {"id": 41, "name": "Cured Meat", "background_image": {"location": "//images.vivino.com/backgrounds/foods/41_curedmeat.png", "variations": {"small": "//images.vivino.com/backgrounds/foods/thumbs/41_curedmeat_932x810.png"}}, "seo_name": null}], "grapes": [{"id": 15, "name": "Riesling", "seo_name": "riesling", "has_detailed_info": true, "wines_count": 262136}], "region": null}, "has_valid_ratings": false}, "highlights": [], "recommended_vintages": [], "prices_and_availabilities": [], "price_range": {"currency": {"code": "EUR", "name": "Euros", "prefix": "\u20ac", "suffix": null}, "price_range": {"minimum": 0, "maximum": 500, "currency_code": "EUR"}, "defaults": {"minimum": 7, "maximum": 30, "currency_code": "EUR"}}, "subtotal_price": null}