{"vintage": {"id": 164094567, "seo_name": "schneider-grauburgunder-2020", "name": "Schneider Grauburgunder 2020", "statistics": {"status": "Normal", "ratings_count": 180, "ratings_average": 4, "labels_count": 1002, "reviews_count": 71}, "organic_certification_id": null, "certified_biodynamic": null, "image": {"location": "//images.vivino.com/thumbs/kDYi9-5aSiuRXtPkBp4Auw_pl_480x640.png", "variations": {"bottle_large": "//images.vivino.com/thumbs/kDYi9-5aSiuRXtPkBp4Auw_pb_x960.png", "bottle_medium": "//images.vivino.com/thumbs/kDYi9-5aSiuRXtPkBp4Auw_pb_x600.png", "bottle_medium_square": "//images.vivino.com/thumbs/kDYi9-5aSiuRXtPkBp4Auw_pb_600x600.png", "bottle_small": "//images.vivino.com/thumbs/kDYi9-5aSiuRXtPkBp4Auw_pb_x300.png", "bottle_small_square": "//images.vivino.com/thumbs/kDYi9-5aSiuRXtPkBp4Auw_pb_300x300.png", "label": "//images.vivino.com/thumbs/kDYi9-5aSiuRXtPkBp4Auw_pl_480x640.png", "label_large": "//images.vivino.com/thumbs/kDYi9-5aSiuRXtPkBp4Auw_pl_375x500.png", "label_medium": "//images.vivino.com/thumbs/kDYi9-5aSiuRXtPkBp4Auw_pl_150x200.png", "label_medium_square": "//images.vivino.com/thumbs/kDYi9-5aSiuRXtPkBp4Auw_pl_150x150.png", "label_small_square": "//images.vivino.com/thumbs/kDYi9-5aSiuRXtPkBp4Auw_pl_80x80.png", "large": "//images.vivino.com/thumbs/kDYi9-5aSiuRXtPkBp4Auw_pl_375x500.png", "medium": "//images.vivino.com/thumbs/kDYi9-5aSiuRXtPkBp4Auw_pl_150x200.png", "medium_square": "//images.vivino.com/thumbs/kDYi9-5aSiuRXtPkBp4Auw_pl_150x150.png", "small_square": "//images.vivino.com/thumbs/kDYi9-5aSiuRXtPkBp4Auw_pl_80x80.png"}}, "wine": {"id": 96527, "name": "Grauburgunder", "seo_name": "grauburgunder", "type_id": 2, "vintage_type": 0, "is_natural": false, "region": {"id": 649, "name": "Pfalz", "name_en": "Palatinate", "seo_name": "pfalz", "country": {"code": "de", "name": "Deutschland", "native_name": "Deutschland", "seo_name": "germany", "currency": {"code": "EUR", "name": "Euros", "prefix": "\u20ac", "suffix": null}, "regions_count": 210, "users_count": 2117308, "wines_count": 197796, "wineries_count": 13493, "most_used_grapes": [{"id": 15, "name": "Riesling", "seo_name": "riesling", "has_detailed_info": true, "wines_count": 259925}, {"id": 299, "name": "Sp\u00e4tburgunder", "seo_name": "spatburgunder", "has_detailed_info": false, "wines_count": 49659}, {"id": 355, "name": "Weissburgunder", "seo_name": "weissburgunder", "has_detailed_info": false, "wines_count": 33123}]}, "parent_id": null, "background_image": {"location": "//images.vivino.com/regions/backgrounds/klw147B8QSi16e-qNdUAYA.jpg", "variations": {"large": "//thumbs.vivino.com/region_backgrounds/klw147B8QSi16e-qNdUAYA_1280x760.jpg", "medium": "//thumbs.vivino.com/region_backgrounds/klw147B8QSi16e-qNdUAYA_600x356.jpg"}}, "class": {"typecast_map": {"background_image": {}, "class": {}}}, "statistics": {"wineries_count": 2235, "wines_count": 31591, "sub_regions_count": 24, "parent_regions_count": 0}}, "review_status": 2, "winery": {"id": 11991, "name": "Schneider", "seo_name": "schneider", "status": 0, "review_status": "Completed", "background_image": null, "statistics": {"ratings_count": 46836, "ratings_average": 4, "labels_count": 213674, "wines_count": 105}, "region": {"id": 649, "name": "Pfalz", "name_en": "Palatinate", "seo_name": "pfalz", "country": {"code": "de", "name": "Deutschland", "native_name": "Deutschland", "seo_name": "germany", "currency": {"code": "EUR", "name": "Euros", "prefix": "\u20ac", "suffix": null}, "regions_count": 210, "users_count": 2117308, "wines_count": 197796, "wineries_count": 13493, "most_used_grapes": [{"id": 15, "name": "Riesling", "seo_name": "riesling", "has_detailed_info": true, "wines_count": 259925}, {"id": 299, "name": "Sp\u00e4tburgunder", "seo_name": "spatburgunder", "has_detailed_info": false, "wines_count": 49659}, {"id": 355, "name": "Weissburgunder", "seo_name": "weissburgunder", "has_detailed_info": false, "wines_count": 33123}]}, "parent_id": null, "background_image": {"location": "//images.vivino.com/regions/backgrounds/klw147B8QSi16e-qNdUAYA.jpg", "variations": {"large": "//thumbs.vivino.com/region_backgrounds/klw147B8QSi16e-qNdUAYA_1280x760.jpg", "medium": "//thumbs.vivino.com/region_backgrounds/klw147B8QSi16e-qNdUAYA_600x356.jpg"}}, "class": {"typecast_map": {"background_image": {}, "class": {}}}, "statistics": {"wineries_count": 2235, "wines_count": 31591, "sub_regions_count": 24, "parent_regions_count": 0}}, "business_name": "Weingut Markus Schneider", "description": "", "specialists_notes": "", "phone": "49062377288", "email": "Info@black-print.net", "facebook": "https://www.facebook.com/weingut.markus.schneider", "instagram": "", "is_claimed": false, "twitter": "", "website": "http://www.markus-schneider-weine.de/markus-schneider-merlot-200", "winemaker": "Markus Schneider", "wine_maker": {"id": 8805, "name": "Markus Schneider"}, "address": {"title": null, "name": null, "street": "Am Hogen Weg 1", "street2": null, "neighborhood": null, "city": "Ellerstadt", "zip": "67158", "state": null, "country": {"code": "de", "name": "Deutschland", "native_name": "Deutschland", "seo_name": "germany", "currency": {"code": "EUR", "name": "Euros", "prefix": "\u20ac", "suffix": null}, "regions_count": 210, "users_count": 2117308, "wines_count": 197796, "wineries_count": 13493, "most_used_grapes": [{"id": 15, "name": "Riesling", "seo_name": "riesling", "has_detailed_info": true, "wines_count": 259925}, {"id": 299, "name": "Sp\u00e4tburgunder", "seo_name": "spatburgunder", "has_detailed_info": false, "wines_count": 49659}, {"id": 355, "name": "Weissburgunder", "seo_name": "weissburgunder", "has_detailed_info": false, "wines_count": 33123}]}, "company": null, "phone": null, "external_id": null, "residential": null, "vat_number": null, "vat_code": null, "addition": null}, "image": null, "location": {"latitude": 49.458557, "longitude": 8.262597}, "winery_group": null, "first_wines": [], "sponsored_entity_type": null, "sponsored_entity": null}, "statistics": {"status": "Normal", "ratings_count": 2083, "ratings_average": 4, "labels_count": 8494, "vintages_count": 27}, "rank": {"country": {"description": "Rang von Deutschland", "total": 115919, "rank": 843}, "region": {"description": "Rang von Weinregion", "total": 25511, "rank": 205}, "winery": {"description": "Rang vom Weingut", "total": 101, "rank": 13}, "wine_type": {"description": "Rang in allen Wei\u00dfwein", "total": 394072, "rank": 6998}, "global": {"description": "Weltweiter Rang", "total": 1287383, "rank": 34746}}, "hidden": false, "vintages": [{"id": 164094567, "seo_name": "schneider-grauburgunder-2020", "name": "Schneider Grauburgunder 2020", "statistics": {"status": "Normal", "ratings_count": 180, "ratings_average": 4, "labels_count": 1002, "reviews_count": 71}, "year": 2020, "grapes": null, "has_valid_ratings": true}, {"id": 159986292, "seo_name": "schneider-grauburgunder-2019", "name": "Schneider Grauburgunder 2019", "statistics": {"status": "Normal", "ratings_count": 334, "ratings_average": 4, "labels_count": 1743, "reviews_count": 115}, "year": 2019, "grapes": null, "has_valid_ratings": true}, {"id": 156220423, "seo_name": "schneider-grauburgunder-2018", "name": "Schneider Grauburgunder 2018", "statistics": {"status": "Normal", "ratings_count": 336, "ratings_average": 4.1, "labels_count": 1615, "reviews_count": 109}, "year": 2018, "grapes": null, "has_valid_ratings": true}, {"id": 152645159, "seo_name": "schneider-grauburgunder-2017", "name": "Schneider Grauburgunder 2017", "statistics": {"status": "Normal", "ratings_count": 266, "ratings_average": 4, "labels_count": 1181, "reviews_count": 74}, "year": 2017, "grapes": null, "has_valid_ratings": true}, {"id": 141382917, "seo_name": "schneider-grauburgunder-2016", "name": "Schneider Grauburgunder 2016", "statistics": {"status": "Normal", "ratings_count": 239, "ratings_average": 3.9, "labels_count": 1154, "reviews_count": 83}, "year": 2016, "grapes": null, "has_valid_ratings": true}, {"id": 28058477, "seo_name": "schneider-grauburgunder-2015", "name": "Schneider Grauburgunder 2015", "statistics": {"status": "Normal", "ratings_count": 204, "ratings_average": 3.9, "labels_count": 869, "reviews_count": 56}, "year": 2015, "grapes": null, "has_valid_ratings": true}, {"id": 9357693, "seo_name": "schneider-grauburgunder-2014", "name": "Schneider Grauburgunder 2014", "statistics": {"status": "Normal", "ratings_count": 73, "ratings_average": 3.9, "labels_count": 238, "reviews_count": 27}, "year": 2014, "grapes": null, "has_valid_ratings": true}, {"id": 4124990, "seo_name": "schneider-grauburgunder-2013", "name": "Schneider Grauburgunder 2013", "statistics": {"status": "Normal", "ratings_count": 154, "ratings_average": 3.9, "labels_count": 411, "reviews_count": 52}, "year": 2013, "grapes": null, "has_valid_ratings": true}, {"id": 2345435, "seo_name": "schneider-grauburgunder-2012", "name": "Schneider Grauburgunder 2012", "statistics": {"status": "Normal", "ratings_count": 36, "ratings_average": 3.9, "labels_count": 99, "reviews_count": 7}, "year": 2012, "grapes": null, "has_valid_ratings": true}, {"id": 1559974, "seo_name": "schneider-grauburgunder-2011", "name": "Schneider Grauburgunder 2011", "statistics": {"status": "Normal", "ratings_count": 16, "ratings_average": 3, "labels_count": 61, "reviews_count": 5}, "year": 2011, "grapes": null, "has_valid_ratings": true}, {"id": 1289553, "seo_name": "schneider-grauburgunder-2010", "name": "Schneider Grauburgunder 2010", "statistics": {"status": "Normal", "ratings_count": 18, "ratings_average": 3.8, "labels_count": 69, "reviews_count": 5}, "year": 2010, "grapes": null, "has_valid_ratings": true}, {"id": 153284065, "seo_name": "schneider-grauburgunder-2007", "name": "Schneider Grauburgunder 2007", "statistics": {"status": "BelowThreshold", "ratings_count": 1, "ratings_average": 0, "labels_count": 3, "reviews_count": 0}, "year": 2007, "grapes": null, "has_valid_ratings": false}, {"id": 4186976, "seo_name": "schneider-grauburgunder-uv", "name": "Schneider Grauburgunder", "statistics": {"status": "Normal", "ratings_count": 2083, "ratings_average": 4, "labels_count": 11, "reviews_count": 54}, "year": 0, "grapes": null, "has_valid_ratings": true}], "description": "", "grapes": [{"id": 147, "name": "Grauburgunder", "seo_name": "grauburgunder", "has_detailed_info": false, "wines_count": 24286}], "foods": [{"id": 10, "name": "Schweinefleisch", "background_image": {"location": "//images.vivino.com/backgrounds/foods/10_pork.png", "variations": {"small": "//images.vivino.com/backgrounds/foods/thumbs/10_pork_932x810.png"}}, "seo_name": "pork"}, {"id": 15, "name": "Scharfe Gerichte", "background_image": {"location": "//images.vivino.com/backgrounds/foods/15_spicyfood.png", "variations": {"small": "//images.vivino.com/backgrounds/foods/thumbs/15_spicyfood_932x810.png"}}, "seo_name": "spicy-food"}, {"id": 34, "name": "Pilze", "background_image": {"location": "//images.vivino.com/backgrounds/foods/34_mushrooms.png", "variations": {"small": "//images.vivino.com/backgrounds/foods/thumbs/34_mushrooms_932x810.png"}}, "seo_name": null}, {"id": 41, "name": "Ger\u00e4ucherte Fleischprodukte", "background_image": {"location": "//images.vivino.com/backgrounds/foods/41_curedmeat.png", "variations": {"small": "//images.vivino.com/backgrounds/foods/thumbs/41_curedmeat_932x810.png"}}, "seo_name": null}], "non_vintage": false, "alcohol": 12.5, "sweetness_id": 5, "closure": "screw", "vintage_mask_raw": null, "updated_at": "2021-11-17T15:46:19Z", "created_at": "2010-01-23T01:59:28Z", "is_first_wine": false, "style": {"id": 148, "seo_name": "german-grauburgunder", "regional_name": "German", "varietal_name": "Grauburgunder", "name": "Grauburgunder Deutschland", "image": null, "background_image": null, "description": null, "blurb": "Also known as Pinot Gris", "interesting_facts": null, "body": 3, "body_description": "Mittlerer K\u00f6rper", "acidity": 3, "acidity_description": "Hoch", "country": {"code": "de", "name": "Deutschland", "native_name": "Deutschland", "seo_name": "germany", "currency": {"code": "EUR", "name": "Euros", "prefix": "\u20ac", "suffix": null}, "regions_count": 210, "users_count": 2117308, "wines_count": 197796, "wineries_count": 13493, "most_used_grapes": [{"id": 15, "name": "Riesling", "seo_name": "riesling", "has_detailed_info": true, "wines_count": 259925}, {"id": 299, "name": "Sp\u00e4tburgunder", "seo_name": "spatburgunder", "has_detailed_info": false, "wines_count": 49659}, {"id": 355, "name": "Weissburgunder", "seo_name": "weissburgunder", "has_detailed_info": false, "wines_count": 33123}]}, "wine_type_id": 2, "food": [{"id": 10, "name": "Pork", "background_image": {"location": "//images.vivino.com/backgrounds/foods/10_pork.png", "variations": {"small": "//images.vivino.com/backgrounds/foods/thumbs/10_pork_932x810.png"}}, "seo_name": "pork"}, {"id": 15, "name": "Spicy food", "background_image": {"location": "//images.vivino.com/backgrounds/foods/15_spicyfood.png", "variations": {"small": "//images.vivino.com/backgrounds/foods/thumbs/15_spicyfood_932x810.png"}}, "seo_name": "spicy-food"}, {"id": 34, "name": "Mushrooms", "background_image": {"location": "//images.vivino.com/backgrounds/foods/34_mushrooms.png", "variations": {"small": "//images.vivino.com/backgrounds/foods/thumbs/34_mushrooms_932x810.png"}}, "seo_name": null}, {"id": 41, "name": "Cured Meat", "background_image": {"location": "//images.vivino.com/backgrounds/foods/41_curedmeat.png", "variations": {"small": "//images.vivino.com/backgrounds/foods/thumbs/41_curedmeat_932x810.png"}}, "seo_name": null}], "grapes": [{"id": 13, "name": "Pinot Gris", "seo_name": "pinot-gris", "has_detailed_info": true, "wines_count": 71820}], "region": null}, "has_valid_ratings": true}, "description": "", "expert_reviews": null, "wine_critic_reviews": [], "awards": [], "ratings_distribution": {"1": 0, "2": 3, "3": 41, "4": 115, "5": 21}, "ranking": {"country": {"description": "Rang von Deutschland", "total": 604728, "rank": 6700}, "region": {"description": "Rang von Weinregion", "total": 129252, "rank": 1385}, "winery": {"description": "Rang vom Weingut", "total": 852, "rank": 89}, "global": {"description": "Weltweiter Rang", "total": 8825177, "rank": 295839}}, "top_list_rankings": [{"rank": 8, "previous_rank": 9, "description": null, "top_list": {"id": 6086, "name": "Derzeit topbewertete 25 German Grauburgunder Weine in Deutschland", "seo_name": "top-25-german-grauburgunder-wines-germany-right-now-germany", "country": "de", "state": null, "level": 0, "intro_header": null, "description": "Dies sind die topbewerteten 25 German Grauburgunder Weine, die k\u00fcrzlich so von Vivino-Nutzern in Deutschland bewertet wurden.<br><br>M\u00f6chten Sie Ihre Favoriten in der Liste sehen? Denken Sie daran, sie zu bewerten und pr\u00fcfen Sie jede Woche die Liste.<br>N\u00e4chste Aktualisierung in 6 Tage", "short_description": "Dies sind die topbewerteten 25German Grauburgunder Weine, die so von Vivino-Nutzern bewertet wurden und die jede Woche aktualisiert werden.", "updated_at": "2021-12-17T02:16:09.000Z", "image": {"location": "//images.vivino.com/top_lists/toplist_chart_expensive.png", "variations": {"medium": "//images.vivino.com/top_lists/toplist_chart_expensive_468x276.png"}}, "icon": null, "author": null}}], "wine_facts": {"alcohol": 12.5, "closure": "screw"}, "winemaker": null, "wine_maker": null, "grape_composition": {"34": 100}, "year": 2020, "grapes": [{"id": 34, "name": "Pinot Grigio", "seo_name": "pinot-grigio", "has_detailed_info": true, "wines_count": 49351}], "has_valid_ratings": true}, "carts": null, "price_range": {"currency": {"code": "EUR", "name": "Euros", "prefix": "\u20ac", "suffix": null}, "price_range": {"minimum": 0, "maximum": 500, "currency_code": "EUR"}, "defaults": {"minimum": 7, "maximum": 30, "currency_code": "EUR"}}, "subtotal_price": null, "full_region": null, "tastes": null, "wine": {"id": 96527, "name": "Grauburgunder", "seo_name": "grauburgunder", "type_id": 2, "vintage_type": 0, "is_natural": false, "region": {"id": 649, "name": "Pfalz", "name_en": "Palatinate", "seo_name": "pfalz", "country": {"code": "de", "name": "Deutschland", "native_name": "Deutschland", "seo_name": "germany", "currency": {"code": "EUR", "name": "Euros", "prefix": "\u20ac", "suffix": null}, "regions_count": 210, "users_count": 2117308, "wines_count": 197796, "wineries_count": 13493, "most_used_grapes": [{"id": 15, "name": "Riesling", "seo_name": "riesling", "has_detailed_info": true, "wines_count": 259925}, {"id": 299, "name": "Sp\u00e4tburgunder", "seo_name": "spatburgunder", "has_detailed_info": false, "wines_count": 49659}, {"id": 355, "name": "Weissburgunder", "seo_name": "weissburgunder", "has_detailed_info": false, "wines_count": 33123}]}, "parent_id": null, "background_image": {"location": "//images.vivino.com/regions/backgrounds/klw147B8QSi16e-qNdUAYA.jpg", "variations": {"large": "//thumbs.vivino.com/region_backgrounds/klw147B8QSi16e-qNdUAYA_1280x760.jpg", "medium": "//thumbs.vivino.com/region_backgrounds/klw147B8QSi16e-qNdUAYA_600x356.jpg"}}, "class": {"typecast_map": {"background_image": {}, "class": {}}}, "statistics": {"wineries_count": 2235, "wines_count": 31591, "sub_regions_count": 24, "parent_regions_count": 0}}, "review_status": 2, "winery": {"id": 11991, "name": "Schneider", "seo_name": "schneider", "status": 0, "review_status": "Completed", "background_image": null, "statistics": {"ratings_count": 46836, "ratings_average": 4, "labels_count": 213674, "wines_count": 105}, "region": {"id": 649, "name": "Pfalz", "name_en": "Palatinate", "seo_name": "pfalz", "country": {"code": "de", "name": "Deutschland", "native_name": "Deutschland", "seo_name": "germany", "currency": {"code": "EUR", "name": "Euros", "prefix": "\u20ac", "suffix": null}, "regions_count": 210, "users_count": 2117308, "wines_count": 197796, "wineries_count": 13493, "most_used_grapes": [{"id": 15, "name": "Riesling", "seo_name": "riesling", "has_detailed_info": true, "wines_count": 259925}, {"id": 299, "name": "Sp\u00e4tburgunder", "seo_name": "spatburgunder", "has_detailed_info": false, "wines_count": 49659}, {"id": 355, "name": "Weissburgunder", "seo_name": "weissburgunder", "has_detailed_info": false, "wines_count": 33123}]}, "parent_id": null, "background_image": {"location": "//images.vivino.com/regions/backgrounds/klw147B8QSi16e-qNdUAYA.jpg", "variations": {"large": "//thumbs.vivino.com/region_backgrounds/klw147B8QSi16e-qNdUAYA_1280x760.jpg", "medium": "//thumbs.vivino.com/region_backgrounds/klw147B8QSi16e-qNdUAYA_600x356.jpg"}}, "class": {"typecast_map": {"background_image": {}, "class": {}}}, "statistics": {"wineries_count": 2235, "wines_count": 31591, "sub_regions_count": 24, "parent_regions_count": 0}}, "business_name": "Weingut Markus Schneider", "description": "", "specialists_notes": "", "phone": "49062377288", "email": "Info@black-print.net", "facebook": "https://www.facebook.com/weingut.markus.schneider", "instagram": "", "is_claimed": false, "twitter": "", "website": "http://www.markus-schneider-weine.de/markus-schneider-merlot-200", "winemaker": "Markus Schneider", "wine_maker": {"id": 8805, "name": "Markus Schneider"}, "address": {"title": null, "name": null, "street": "Am Hogen Weg 1", "street2": null, "neighborhood": null, "city": "Ellerstadt", "zip": "67158", "state": null, "country": {"code": "de", "name": "Deutschland", "native_name": "Deutschland", "seo_name": "germany", "currency": {"code": "EUR", "name": "Euros", "prefix": "\u20ac", "suffix": null}, "regions_count": 210, "users_count": 2117308, "wines_count": 197796, "wineries_count": 13493, "most_used_grapes": [{"id": 15, "name": "Riesling", "seo_name": "riesling", "has_detailed_info": true, "wines_count": 259925}, {"id": 299, "name": "Sp\u00e4tburgunder", "seo_name": "spatburgunder", "has_detailed_info": false, "wines_count": 49659}, {"id": 355, "name": "Weissburgunder", "seo_name": "weissburgunder", "has_detailed_info": false, "wines_count": 33123}]}, "company": null, "phone": null, "external_id": null, "residential": null, "vat_number": null, "vat_code": null, "addition": null}, "image": null, "location": {"latitude": 49.458557, "longitude": 8.262597}, "winery_group": null, "first_wines": [], "sponsored_entity_type": null, "sponsored_entity": null}, "statistics": {"status": "Normal", "ratings_count": 2083, "ratings_average": 4, "labels_count": 8494, "vintages_count": 27}, "rank": {"country": {"description": "Rang von Deutschland", "total": 115919, "rank": 843}, "region": {"description": "Rang von Weinregion", "total": 25511, "rank": 205}, "winery": {"description": "Rang vom Weingut", "total": 101, "rank": 13}, "wine_type": {"description": "Rang in allen Wei\u00dfwein", "total": 394072, "rank": 6998}, "global": {"description": "Weltweiter Rang", "total": 1287383, "rank": 34746}}, "hidden": false, "vintages": [{"id": 164094567, "seo_name": "schneider-grauburgunder-2020", "name": "Schneider Grauburgunder 2020", "statistics": {"status": "Normal", "ratings_count": 180, "ratings_average": 4, "labels_count": 1002, "reviews_count": 71}, "year": 2020, "grapes": null, "has_valid_ratings": true}, {"id": 159986292, "seo_name": "schneider-grauburgunder-2019", "name": "Schneider Grauburgunder 2019", "statistics": {"status": "Normal", "ratings_count": 334, "ratings_average": 4, "labels_count": 1743, "reviews_count": 115}, "year": 2019, "grapes": null, "has_valid_ratings": true}, {"id": 156220423, "seo_name": "schneider-grauburgunder-2018", "name": "Schneider Grauburgunder 2018", "statistics": {"status": "Normal", "ratings_count": 336, "ratings_average": 4.1, "labels_count": 1615, "reviews_count": 109}, "year": 2018, "grapes": null, "has_valid_ratings": true}, {"id": 152645159, "seo_name": "schneider-grauburgunder-2017", "name": "Schneider Grauburgunder 2017", "statistics": {"status": "Normal", "ratings_count": 266, "ratings_average": 4, "labels_count": 1181, "reviews_count": 74}, "year": 2017, "grapes": null, "has_valid_ratings": true}, {"id": 141382917, "seo_name": "schneider-grauburgunder-2016", "name": "Schneider Grauburgunder 2016", "statistics": {"status": "Normal", "ratings_count": 239, "ratings_average": 3.9, "labels_count": 1154, "reviews_count": 83}, "year": 2016, "grapes": null, "has_valid_ratings": true}, {"id": 28058477, "seo_name": "schneider-grauburgunder-2015", "name": "Schneider Grauburgunder 2015", "statistics": {"status": "Normal", "ratings_count": 204, "ratings_average": 3.9, "labels_count": 869, "reviews_count": 56}, "year": 2015, "grapes": null, "has_valid_ratings": true}, {"id": 9357693, "seo_name": "schneider-grauburgunder-2014", "name": "Schneider Grauburgunder 2014", "statistics": {"status": "Normal", "ratings_count": 73, "ratings_average": 3.9, "labels_count": 238, "reviews_count": 27}, "year": 2014, "grapes": null, "has_valid_ratings": true}, {"id": 4124990, "seo_name": "schneider-grauburgunder-2013", "name": "Schneider Grauburgunder 2013", "statistics": {"status": "Normal", "ratings_count": 154, "ratings_average": 3.9, "labels_count": 411, "reviews_count": 52}, "year": 2013, "grapes": null, "has_valid_ratings": true}, {"id": 2345435, "seo_name": "schneider-grauburgunder-2012", "name": "Schneider Grauburgunder 2012", "statistics": {"status": "Normal", "ratings_count": 36, "ratings_average": 3.9, "labels_count": 99, "reviews_count": 7}, "year": 2012, "grapes": null, "has_valid_ratings": true}, {"id": 1559974, "seo_name": "schneider-grauburgunder-2011", "name": "Schneider Grauburgunder 2011", "statistics": {"status": "Normal", "ratings_count": 16, "ratings_average": 3, "labels_count": 61, "reviews_count": 5}, "year": 2011, "grapes": null, "has_valid_ratings": true}, {"id": 1289553, "seo_name": "schneider-grauburgunder-2010", "name": "Schneider Grauburgunder 2010", "statistics": {"status": "Normal", "ratings_count": 18, "ratings_average": 3.8, "labels_count": 69, "reviews_count": 5}, "year": 2010, "grapes": null, "has_valid_ratings": true}, {"id": 153284065, "seo_name": "schneider-grauburgunder-2007", "name": "Schneider Grauburgunder 2007", "statistics": {"status": "BelowThreshold", "ratings_count": 1, "ratings_average": 0, "labels_count": 3, "reviews_count": 0}, "year": 2007, "grapes": null, "has_valid_ratings": false}, {"id": 4186976, "seo_name": "schneider-grauburgunder-uv", "name": "Schneider Grauburgunder", "statistics": {"status": "Normal", "ratings_count": 2083, "ratings_average": 4, "labels_count": 11, "reviews_count": 54}, "year": 0, "grapes": null, "has_valid_ratings": true}], "description": "", "grapes": [{"id": 147, "name": "Grauburgunder", "seo_name": "grauburgunder", "has_detailed_info": false, "wines_count": 24286}], "foods": [{"id": 10, "name": "Schweinefleisch", "background_image": {"location": "//images.vivino.com/backgrounds/foods/10_pork.png", "variations": {"small": "//images.vivino.com/backgrounds/foods/thumbs/10_pork_932x810.png"}}, "seo_name": "pork"}, {"id": 15, "name": "Scharfe Gerichte", "background_image": {"location": "//images.vivino.com/backgrounds/foods/15_spicyfood.png", "variations": {"small": "//images.vivino.com/backgrounds/foods/thumbs/15_spicyfood_932x810.png"}}, "seo_name": "spicy-food"}, {"id": 34, "name": "Pilze", "background_image": {"location": "//images.vivino.com/backgrounds/foods/34_mushrooms.png", "variations": {"small": "//images.vivino.com/backgrounds/foods/thumbs/34_mushrooms_932x810.png"}}, "seo_name": null}, {"id": 41, "name": "Ger\u00e4ucherte Fleischprodukte", "background_image": {"location": "//images.vivino.com/backgrounds/foods/41_curedmeat.png", "variations": {"small": "//images.vivino.com/backgrounds/foods/thumbs/41_curedmeat_932x810.png"}}, "seo_name": null}], "non_vintage": false, "alcohol": 12.5, "sweetness_id": 5, "closure": "screw", "vintage_mask_raw": null, "updated_at": "2021-11-17T15:46:19Z", "created_at": "2010-01-23T01:59:28Z", "is_first_wine": false, "style": {"id": 148, "seo_name": "german-grauburgunder", "regional_name": "German", "varietal_name": "Grauburgunder", "name": "Grauburgunder Deutschland", "image": null, "background_image": null, "description": null, "blurb": "Also known as Pinot Gris", "interesting_facts": null, "body": 3, "body_description": "Mittlerer K\u00f6rper", "acidity": 3, "acidity_description": "Hoch", "country": {"code": "de", "name": "Deutschland", "native_name": "Deutschland", "seo_name": "germany", "currency": {"code": "EUR", "name": "Euros", "prefix": "\u20ac", "suffix": null}, "regions_count": 210, "users_count": 2117308, "wines_count": 197796, "wineries_count": 13493, "most_used_grapes": [{"id": 15, "name": "Riesling", "seo_name": "riesling", "has_detailed_info": true, "wines_count": 259925}, {"id": 299, "name": "Sp\u00e4tburgunder", "seo_name": "spatburgunder", "has_detailed_info": false, "wines_count": 49659}, {"id": 355, "name": "Weissburgunder", "seo_name": "weissburgunder", "has_detailed_info": false, "wines_count": 33123}]}, "wine_type_id": 2, "food": [{"id": 10, "name": "Pork", "background_image": {"location": "//images.vivino.com/backgrounds/foods/10_pork.png", "variations": {"small": "//images.vivino.com/backgrounds/foods/thumbs/10_pork_932x810.png"}}, "seo_name": "pork"}, {"id": 15, "name": "Spicy food", "background_image": {"location": "//images.vivino.com/backgrounds/foods/15_spicyfood.png", "variations": {"small": "//images.vivino.com/backgrounds/foods/thumbs/15_spicyfood_932x810.png"}}, "seo_name": "spicy-food"}, {"id": 34, "name": "Mushrooms", "background_image": {"location": "//images.vivino.com/backgrounds/foods/34_mushrooms.png", "variations": {"small": "//images.vivino.com/backgrounds/foods/thumbs/34_mushrooms_932x810.png"}}, "seo_name": null}, {"id": 41, "name": "Cured Meat", "background_image": {"location": "//images.vivino.com/backgrounds/foods/41_curedmeat.png", "variations": {"small": "//images.vivino.com/backgrounds/foods/thumbs/41_curedmeat_932x810.png"}}, "seo_name": null}], "grapes": [{"id": 13, "name": "Pinot Gris", "seo_name": "pinot-gris", "has_detailed_info": true, "wines_count": 71820}], "region": null}, "has_valid_ratings": true}, "price": {"id": 24190830, "vintage_id": 164094567, "amount": 10.9, "type": "vc", "currency": {"code": "EUR", "name": "Euros", "prefix": "\u20ac", "suffix": null}, "bottle_type_id": 1, "inventory_bottles_count": 687, "bottles_sold_count": 263, "url": "https://sentivini.de/weine/weinart/weissweine/1872/markus-schneider-grauburgunder-2020?sPartner=Vivino&utm_medium=pref-cpc&utm_source=vivino-ppc", "message": "", "producer_address": "    \t    \t    \t    \t    \t    \t    \t    \t    \t    \t    \t    \t    \t    \t    \t    \t    \t    \t    \t    \t    \t    \t    \t    \t    \t    \t    \t    \t    \t    \t    \t    \t    \t    \t    \t    \t    \t    \t    \tMarkus Schneider, Am Hohen Weg 1, 67158 Ellerstadt, Pfalz, Deutschland    \t    \t    \t    \t    \t    \t    \t    \t    \t    \t    \t    \t    \t    \t    \t    \t    \t    \t    \t    \t    \t    \t    \t    \t    \t    \t    \t    \t    \t    \t    \t    \t    \t    \t    \t    \t    \t    \t    \t    \t    \t    \t    \t    \t    \t    \t    \t    \t    \t    \t", "importer_address": "", "discounted_from": null, "bottle_type": {"id": 1, "name": "Flasche (0,75\u00a0l)", "short_name": "Flasche", "short_name_plural": "Flaschen", "volume_ml": 750}}, "highlights": [], "merchant": {"id": 26046, "name": "Senti Vini Weinhandels GmbH", "seo_name": "senti-vini-weinhandels-gmbh", "legal_name": "Senti Vini Weinhandels GmbH", "description": "Versandkostenfrei f\u00fcr Bestellungen ab 80 EUR", "country": {"code": "de", "name": "Deutschland", "native_name": "Deutschland", "seo_name": "germany", "currency": {"code": "EUR", "name": "Euros", "prefix": "\u20ac", "suffix": null}, "regions_count": 210, "users_count": 2117308, "wines_count": 197796, "wineries_count": 13493, "most_used_grapes": [{"id": 15, "name": "Riesling", "seo_name": "riesling", "has_detailed_info": true, "wines_count": 259925}, {"id": 299, "name": "Sp\u00e4tburgunder", "seo_name": "spatburgunder", "has_detailed_info": false, "wines_count": 49659}, {"id": 355, "name": "Weissburgunder", "seo_name": "weissburgunder", "has_detailed_info": false, "wines_count": 33123}]}, "state": null, "status": 3, "image": {"location": "//images.vivino.com/merchants/originals/p1d1o6o70000pdu.png", "variations": {"large_square": "//images.vivino.com/merchants/thumbs/p1d1o6o70000pdu_400x400.jpg", "medium_square": "//images.vivino.com/merchants/thumbs/p1d1o6o70000pdu_320x320.jpg", "small_square": "//images.vivino.com/merchants/thumbs/p1d1o6o70000pdu_160x160.jpg"}}, "shipping_estimate": "Lieferung voraussichtlich zwischen Mo, 20.\u00a0Dez und Mi, 22.\u00a0Dez", "impressum_url": "https://www.sentivini.de/impressum/", "tos_url": "https://www.sentivini.de/agb/", "vc_clearing_system": 0, "hidden": false}, "sold_out": false, "prices_and_availability": {"market": {"country": "de", "currency": {"code": "EUR", "name": "Euros", "prefix": "\u20ac", "suffix": null}}, "availability": {"vintage": {"id": 164094567, "year": 2020, "grapes": null, "has_valid_ratings": false}, "median": {"amount": 10.9, "type": "market", "discounted_from": null}, "price": {"id": 24190830, "amount": 10.9, "discounted_from": 0.0, "type": "vc"}}, "merchants_with_prices": [{"merchant": {"id": 26046, "name": "Senti Vini Weinhandels GmbH", "seo_name": "senti-vini-weinhandels-gmbh", "legal_name": "Senti Vini Weinhandels GmbH", "description": "Versandkostenfrei f\u00fcr Bestellungen ab 80 EUR", "country": {"code": "de", "name": "Deutschland", "native_name": "Deutschland", "seo_name": "germany", "currency": {"code": "EUR", "name": "Euros", "prefix": "\u20ac", "suffix": null}, "regions_count": 210, "users_count": 2117308, "wines_count": 197796, "wineries_count": 13493, "most_used_grapes": [{"id": 15, "name": "Riesling", "seo_name": "riesling", "has_detailed_info": true, "wines_count": 259925}, {"id": 299, "name": "Sp\u00e4tburgunder", "seo_name": "spatburgunder", "has_detailed_info": false, "wines_count": 49659}, {"id": 355, "name": "Weissburgunder", "seo_name": "weissburgunder", "has_detailed_info": false, "wines_count": 33123}]}, "state": null, "status": 3, "image": {"location": "//images.vivino.com/merchants/originals/p1d1o6o70000pdu.png", "variations": {"large_square": "//images.vivino.com/merchants/thumbs/p1d1o6o70000pdu_400x400.jpg", "medium_square": "//images.vivino.com/merchants/thumbs/p1d1o6o70000pdu_320x320.jpg", "small_square": "//images.vivino.com/merchants/thumbs/p1d1o6o70000pdu_160x160.jpg"}}, "shipping_estimate": "Lieferung voraussichtlich zwischen Mo, 20.\u00a0Dez und Mi, 22.\u00a0Dez", "impressum_url": "https://www.sentivini.de/impressum/", "tos_url": "https://www.sentivini.de/agb/", "vc_clearing_system": 0, "hidden": false}, "prices": [{"id": 24190830, "vintage_id": 164094567, "amount": 10.9, "type": "vc", "currency": {"code": "EUR", "name": "Euros", "prefix": "\u20ac", "suffix": null}, "bottle_type_id": 1, "inventory_bottles_count": 687, "bottles_sold_count": 263, "url": "https://sentivini.de/weine/weinart/weissweine/1872/markus-schneider-grauburgunder-2020?sPartner=Vivino&utm_medium=pref-cpc&utm_source=vivino-ppc", "message": "", "producer_address": "    \t    \t    \t    \t    \t    \t    \t    \t    \t    \t    \t    \t    \t    \t    \t    \t    \t    \t    \t    \t    \t    \t    \t    \t    \t    \t    \t    \t    \t    \t    \t    \t    \t    \t    \t    \t    \t    \t    \tMarkus Schneider, Am Hohen Weg 1, 67158 Ellerstadt, Pfalz, Deutschland    \t    \t    \t    \t    \t    \t    \t    \t    \t    \t    \t    \t    \t    \t    \t    \t    \t    \t    \t    \t    \t    \t    \t    \t    \t    \t    \t    \t    \t    \t    \t    \t    \t    \t    \t    \t    \t    \t    \t    \t    \t    \t    \t    \t    \t    \t    \t    \t    \t    \t", "importer_address": "", "discounted_from": null, "bottle_type": {"id": 1, "name": "Flasche (0,75\u00a0l)", "short_name": "Flasche", "short_name_plural": "Flaschen", "volume_ml": 750}}]}, {"merchant": {"id": 1886, "name": "Vinopolis (Germany)", "seo_name": "vinopolis-germany", "legal_name": "Vinopolis GMBH und ToKG", "description": "Versandkostenfrei f\u00fcr Bestellungen ab 80 EUR", "country": {"code": "de", "name": "Deutschland", "native_name": "Deutschland", "seo_name": "germany", "currency": {"code": "EUR", "name": "Euros", "prefix": "\u20ac", "suffix": null}, "regions_count": 210, "users_count": 2117308, "wines_count": 197796, "wineries_count": 13493, "most_used_grapes": [{"id": 15, "name": "Riesling", "seo_name": "riesling", "has_detailed_info": true, "wines_count": 259925}, {"id": 299, "name": "Sp\u00e4tburgunder", "seo_name": "spatburgunder", "has_detailed_info": false, "wines_count": 49659}, {"id": 355, "name": "Weissburgunder", "seo_name": "weissburgunder", "has_detailed_info": false, "wines_count": 33123}]}, "state": null, "status": 3, "image": {"location": "//images.vivino.com/merchants/originals/p1cv3g5j00001qu.jpg", "variations": {"large_square": "//images.vivino.com/merchants/thumbs/p1cv3g5j00001qu_400x400.jpg", "medium_square": "//images.vivino.com/merchants/thumbs/p1cv3g5j00001qu_320x320.jpg", "small_square": "//images.vivino.com/merchants/thumbs/p1cv3g5j00001qu_160x160.jpg"}}, "shipping_estimate": "Lieferung voraussichtlich zwischen Di, 21.\u00a0Dez und Mi, 22.\u00a0Dez", "impressum_url": "http://www.vinopolis.de/Impressum/", "tos_url": "http://www.vinopolis.de/AGB/", "vc_clearing_system": 0, "hidden": false}, "prices": [{"id": 24214604, "vintage_id": 164094567, "amount": 11.25, "type": "vc", "currency": {"code": "EUR", "name": "Euros", "prefix": "\u20ac", "suffix": null}, "bottle_type_id": 1, "inventory_bottles_count": null, "bottles_sold_count": 223, "url": "https://www.vinopolis.de/Wein/Weisswein/Grauburgunder-Pfalz-QbA-2020-Markus-Schneider.html?utm_medium=pref-cpc&utm_source=vivino-ppc", "message": "", "producer_address": "", "importer_address": "", "discounted_from": null, "bottle_type": {"id": 1, "name": "Flasche (0,75\u00a0l)", "short_name": "Flasche", "short_name_plural": "Flaschen", "volume_ml": 750}}]}, {"merchant": {"id": 19195, "name": "Wein.de", "seo_name": "wein-de", "legal_name": "DLG-Verlag Gmbh", "description": "Versandkostenfrei f\u00fcr Bestellungen ab 80 EUR", "country": {"code": "de", "name": "Deutschland", "native_name": "Deutschland", "seo_name": "germany", "currency": {"code": "EUR", "name": "Euros", "prefix": "\u20ac", "suffix": null}, "regions_count": 210, "users_count": 2117308, "wines_count": 197796, "wineries_count": 13493, "most_used_grapes": [{"id": 15, "name": "Riesling", "seo_name": "riesling", "has_detailed_info": true, "wines_count": 259925}, {"id": 299, "name": "Sp\u00e4tburgunder", "seo_name": "spatburgunder", "has_detailed_info": false, "wines_count": 49659}, {"id": 355, "name": "Weissburgunder", "seo_name": "weissburgunder", "has_detailed_info": false, "wines_count": 33123}]}, "state": null, "status": 3, "image": {"location": "//images.vivino.com/merchants/originals/p1cl34tp0000inr.jpg", "variations": {"large_square": "//images.vivino.com/merchants/thumbs/p1cl34tp0000inr_400x400.jpg", "medium_square": "//images.vivino.com/merchants/thumbs/p1cl34tp0000inr_320x320.jpg", "small_square": "//images.vivino.com/merchants/thumbs/p1cl34tp0000inr_160x160.jpg"}}, "shipping_estimate": "Lieferung voraussichtlich zwischen Di, 21.\u00a0Dez und Di, 28.\u00a0Dez", "impressum_url": "https://www.wein.de/de/impressum/", "tos_url": "https://www.wein.de/de/allgemeine-geschaeftsbedingungen/", "vc_clearing_system": 0, "hidden": false}, "prices": [{"id": 24145734, "vintage_id": 164094567, "amount": 12.9, "type": "vc", "currency": {"code": "EUR", "name": "Euros", "prefix": "\u20ac", "suffix": null}, "bottle_type_id": 1, "inventory_bottles_count": 108, "bottles_sold_count": 2, "url": "https://www.wein.de/wein/markus-schneider-grauburgunder-trocken-2020-markus-schneider-dry-deutscher-qualitaetswein?utm_medium=pref-cpc&utm_source=vivino-ppc", "message": "Preis pro Flasche, Kiste mit 6", "producer_address": "Am Hohen Weg 1, 67158 Ellerstadt, DE", "importer_address": "", "discounted_from": null, "bottle_type": {"id": 1, "name": "Flasche (0,75\u00a0l)", "short_name": "Flasche", "short_name_plural": "Flaschen", "volume_ml": 750}}]}, {"merchant": {"id": 8352, "name": "Matthias Dorner Weinlager", "seo_name": "matthias-dorner-weinlager", "legal_name": null, "description": "Mobile-friendly checkout. No minimum order.", "country": {"code": "de", "name": "Deutschland", "native_name": "Deutschland", "seo_name": "germany", "currency": {"code": "EUR", "name": "Euros", "prefix": "\u20ac", "suffix": null}, "regions_count": 210, "users_count": 2117308, "wines_count": 197796, "wineries_count": 13493, "most_used_grapes": [{"id": 15, "name": "Riesling", "seo_name": "riesling", "has_detailed_info": true, "wines_count": 259925}, {"id": 299, "name": "Sp\u00e4tburgunder", "seo_name": "spatburgunder", "has_detailed_info": false, "wines_count": 49659}, {"id": 355, "name": "Weissburgunder", "seo_name": "weissburgunder", "has_detailed_info": false, "wines_count": 33123}]}, "state": null, "status": 0, "image": null, "shipping_estimate": "Lieferung bis Mi, 22.\u00a0Dez", "impressum_url": null, "tos_url": null, "vc_clearing_system": 0, "hidden": false}, "prices": [{"id": 25096846, "vintage_id": 164094567, "amount": 9.8, "type": "ppc", "currency": {"code": "EUR", "name": "Euros", "prefix": "\u20ac", "suffix": null}, "bottle_type_id": 1, "inventory_bottles_count": null, "url": "https://www.dorner-wein.de/collections/weisswein/products/2018-grauburgunder-schneider?utm_medium=pref-cpc&utm_source=vivino-ppc", "message": "", "producer_address": "", "importer_address": "", "discounted_from": null, "bottle_type": {"id": 1, "name": "Flasche (0,75\u00a0l)", "short_name": "Flasche", "short_name_plural": "Flaschen", "volume_ml": 750}}]}, {"merchant": {"id": 1955, "name": "WeinPalette Essen", "seo_name": "weinpalette-essen", "legal_name": null, "description": "Mobile-friendly checkout. No minimum order.", "country": {"code": "de", "name": "Deutschland", "native_name": "Deutschland", "seo_name": "germany", "currency": {"code": "EUR", "name": "Euros", "prefix": "\u20ac", "suffix": null}, "regions_count": 210, "users_count": 2117308, "wines_count": 197796, "wineries_count": 13493, "most_used_grapes": [{"id": 15, "name": "Riesling", "seo_name": "riesling", "has_detailed_info": true, "wines_count": 259925}, {"id": 299, "name": "Sp\u00e4tburgunder", "seo_name": "spatburgunder", "has_detailed_info": false, "wines_count": 49659}, {"id": 355, "name": "Weissburgunder", "seo_name": "weissburgunder", "has_detailed_info": false, "wines_count": 33123}]}, "state": null, "status": 0, "image": {"location": "//images.vivino.com/merchants/originals/p1ctuv0r00001t3.jpg", "variations": {"large_square": "//images.vivino.com/merchants/thumbs/p1ctuv0r00001t3_400x400.jpg", "medium_square": "//images.vivino.com/merchants/thumbs/p1ctuv0r00001t3_320x320.jpg", "small_square": "//images.vivino.com/merchants/thumbs/p1ctuv0r00001t3_160x160.jpg"}}, "shipping_estimate": "Lieferung bis Mi, 22.\u00a0Dez", "impressum_url": "http://www.weinpalette-essen.de/Impressum:_:4.html", "tos_url": "http://www.weinpalette-essen.de/AGBs:_:3.html", "vc_clearing_system": 0, "hidden": false}, "prices": [{"id": 24211697, "vintage_id": 164094567, "amount": 10.7, "type": "ppc", "currency": {"code": "EUR", "name": "Euros", "prefix": "\u20ac", "suffix": null}, "bottle_type_id": 1, "inventory_bottles_count": null, "url": "https://www.weinpalette-essen.de/Deutschland/Pfalz/Markus-Schneider/Markus-Schneider-Grauburgunder-2020::3040.html?utm_medium=pref-cpc&utm_source=vivino-ppc", "message": "", "producer_address": "", "importer_address": "", "discounted_from": null, "bottle_type": {"id": 1, "name": "Flasche (0,75\u00a0l)", "short_name": "Flasche", "short_name_plural": "Flaschen", "volume_ml": 750}}]}, {"merchant": {"id": 1299, "name": "Weinhandelshaus Scholzen", "seo_name": "weinhandelshaus-scholzen", "legal_name": null, "description": "No minimum order.", "country": {"code": "de", "name": "Deutschland", "native_name": "Deutschland", "seo_name": "germany", "currency": {"code": "EUR", "name": "Euros", "prefix": "\u20ac", "suffix": null}, "regions_count": 210, "users_count": 2117308, "wines_count": 197796, "wineries_count": 13493, "most_used_grapes": [{"id": 15, "name": "Riesling", "seo_name": "riesling", "has_detailed_info": true, "wines_count": 259925}, {"id": 299, "name": "Sp\u00e4tburgunder", "seo_name": "spatburgunder", "has_detailed_info": false, "wines_count": 49659}, {"id": 355, "name": "Weissburgunder", "seo_name": "weissburgunder", "has_detailed_info": false, "wines_count": 33123}]}, "state": null, "status": 0, "image": null, "shipping_estimate": "Lieferung bis Mi, 22.\u00a0Dez", "impressum_url": null, "tos_url": null, "vc_clearing_system": 0, "hidden": false}, "prices": [{"id": 24880725, "vintage_id": 164094567, "amount": 10.7, "type": "ppc", "currency": {"code": "EUR", "name": "Euros", "prefix": "\u20ac", "suffix": null}, "bottle_type_id": 1, "inventory_bottles_count": null, "url": "https://weinpalais.de/shop/produkt/10289-grauburgunder-markus-schneider-2020/category_pathway-159?utm_medium=pref-cpc&utm_source=vivino-ppc", "message": "", "producer_address": "", "importer_address": "", "discounted_from": null, "bottle_type": {"id": 1, "name": "Flasche (0,75\u00a0l)", "short_name": "Flasche", "short_name_plural": "Flaschen", "volume_ml": 750}}, {"id": 24880721, "vintage_id": 164094567, "amount": 10.7, "type": "ppc", "currency": {"code": "EUR", "name": "Euros", "prefix": "\u20ac", "suffix": null}, "bottle_type_id": 1, "inventory_bottles_count": null, "url": "https://weinpalais.de/shop/produkt/10290-p9er-paket-frei-haus-grauburgunder-markus-schneider/category_pathway-159?utm_medium=pref-cpc&utm_source=vivino-ppc", "message": "Preis pro Flasche, Kiste mit 9", "producer_address": "", "importer_address": "", "discounted_from": null, "bottle_type": {"id": 1, "name": "Flasche (0,75\u00a0l)", "short_name": "Flasche", "short_name_plural": "Flaschen", "volume_ml": 750}}]}, {"merchant": {"id": 3141, "name": "IlBarile e.K", "seo_name": "ilbarile-e-k", "legal_name": null, "description": "Mobile-friendly checkout. No minimum order.", "country": {"code": "de", "name": "Deutschland", "native_name": "Deutschland", "seo_name": "germany", "currency": {"code": "EUR", "name": "Euros", "prefix": "\u20ac", "suffix": null}, "regions_count": 210, "users_count": 2117308, "wines_count": 197796, "wineries_count": 13493, "most_used_grapes": [{"id": 15, "name": "Riesling", "seo_name": "riesling", "has_detailed_info": true, "wines_count": 259925}, {"id": 299, "name": "Sp\u00e4tburgunder", "seo_name": "spatburgunder", "has_detailed_info": false, "wines_count": 49659}, {"id": 355, "name": "Weissburgunder", "seo_name": "weissburgunder", "has_detailed_info": false, "wines_count": 33123}]}, "state": null, "status": 0, "image": null, "shipping_estimate": "Lieferung bis Mi, 22.\u00a0Dez", "impressum_url": null, "tos_url": null, "vc_clearing_system": 0, "hidden": false}, "prices": [{"id": 24021778, "vintage_id": 164094567, "amount": 10.7, "type": "ppc", "currency": {"code": "EUR", "name": "Euros", "prefix": "\u20ac", "suffix": null}, "bottle_type_id": 1, "inventory_bottles_count": null, "url": "https://shop.ilbarile.com/collections/weisswein/products/markus-schneider-grauburgunder-2019?utm_medium=pref-cpc&utm_source=vivino-ppc", "message": "", "producer_address": "", "importer_address": "", "discounted_from": null, "bottle_type": {"id": 1, "name": "Flasche (0,75\u00a0l)", "short_name": "Flasche", "short_name_plural": "Flaschen", "volume_ml": 750}}]}, {"merchant": {"id": 2966, "name": "Genussland", "seo_name": "genussland", "legal_name": null, "description": "Mobile-friendly checkout. No minimum order.", "country": {"code": "de", "name": "Deutschland", "native_name": "Deutschland", "seo_name": "germany", "currency": {"code": "EUR", "name": "Euros", "prefix": "\u20ac", "suffix": null}, "regions_count": 210, "users_count": 2117308, "wines_count": 197796, "wineries_count": 13493, "most_used_grapes": [{"id": 15, "name": "Riesling", "seo_name": "riesling", "has_detailed_info": true, "wines_count": 259925}, {"id": 299, "name": "Sp\u00e4tburgunder", "seo_name": "spatburgunder", "has_detailed_info": false, "wines_count": 49659}, {"id": 355, "name": "Weissburgunder", "seo_name": "weissburgunder", "has_detailed_info": false, "wines_count": 33123}]}, "state": null, "status": 0, "image": null, "shipping_estimate": "Lieferung bis Mi, 22.\u00a0Dez", "impressum_url": null, "tos_url": null, "vc_clearing_system": 0, "hidden": false}, "prices": [{"id": 23614886, "vintage_id": 164094567, "amount": 10.7, "type": "ppc", "currency": {"code": "EUR", "name": "Euros", "prefix": "\u20ac", "suffix": null}, "bottle_type_id": 1, "inventory_bottles_count": null, "url": "https://www.genussland.de/weine/markus-schneider/markus-schneider-grauburgunder-2020?utm_medium=pref-cpc&utm_source=vivino-ppc", "message": "", "producer_address": "", "importer_address": "", "discounted_from": null, "bottle_type": {"id": 1, "name": "Flasche (0,75\u00a0l)", "short_name": "Flasche", "short_name_plural": "Flaschen", "volume_ml": 750}}]}, {"merchant": {"id": 1530, "name": "Wein Refugium", "seo_name": "wein-refugium", "legal_name": null, "description": "Mobile friendly checkout. The minimum order value is 80 EUR.", "country": {"code": "de", "name": "Deutschland", "native_name": "Deutschland", "seo_name": "germany", "currency": {"code": "EUR", "name": "Euros", "prefix": "\u20ac", "suffix": null}, "regions_count": 210, "users_count": 2117308, "wines_count": 197796, "wineries_count": 13493, "most_used_grapes": [{"id": 15, "name": "Riesling", "seo_name": "riesling", "has_detailed_info": true, "wines_count": 259925}, {"id": 299, "name": "Sp\u00e4tburgunder", "seo_name": "spatburgunder", "has_detailed_info": false, "wines_count": 49659}, {"id": 355, "name": "Weissburgunder", "seo_name": "weissburgunder", "has_detailed_info": false, "wines_count": 33123}]}, "state": null, "status": 0, "image": null, "shipping_estimate": "Lieferung bis Mi, 22.\u00a0Dez", "impressum_url": null, "tos_url": null, "vc_clearing_system": 0, "hidden": false}, "prices": [{"id": 24064026, "vintage_id": 164094567, "amount": 10.7, "type": "ppc", "currency": {"code": "EUR", "name": "Euros", "prefix": "\u20ac", "suffix": null}, "bottle_type_id": 1, "inventory_bottles_count": null, "url": "http://www.weinrefugium.de/listen/produkte/sortiment/8528-grauburgunder?utm_medium=pref-cpc&utm_source=vivino-ppc", "message": "", "producer_address": "", "importer_address": "", "discounted_from": null, "bottle_type": {"id": 1, "name": "Flasche (0,75\u00a0l)", "short_name": "Flasche", "short_name_plural": "Flaschen", "volume_ml": 750}}]}, {"merchant": {"id": 2079, "name": "Feinkost Scholz GmbH", "seo_name": "feinkost-scholz-gmbh", "legal_name": null, "description": "Mobile-friendly checkout,No minimum Order.", "country": {"code": "de", "name": "Deutschland", "native_name": "Deutschland", "seo_name": "germany", "currency": {"code": "EUR", "name": "Euros", "prefix": "\u20ac", "suffix": null}, "regions_count": 210, "users_count": 2117308, "wines_count": 197796, "wineries_count": 13493, "most_used_grapes": [{"id": 15, "name": "Riesling", "seo_name": "riesling", "has_detailed_info": true, "wines_count": 259925}, {"id": 299, "name": "Sp\u00e4tburgunder", "seo_name": "spatburgunder", "has_detailed_info": false, "wines_count": 49659}, {"id": 355, "name": "Weissburgunder", "seo_name": "weissburgunder", "has_detailed_info": false, "wines_count": 33123}]}, "state": null, "status": 0, "image": null, "shipping_estimate": "Lieferung bis Mi, 22.\u00a0Dez", "impressum_url": null, "tos_url": null, "vc_clearing_system": 0, "hidden": false}, "prices": [{"id": 23875504, "vintage_id": 164094567, "amount": 10.7, "type": "ppc", "currency": {"code": "EUR", "name": "Euros", "prefix": "\u20ac", "suffix": null}, "bottle_type_id": 1, "inventory_bottles_count": null, "url": "https://www.wein-direktimport.de/weine/deutschland/pfalz/weingut-markus-schneider/3759/2020-grauburgunder?c=334&utm_medium=pref-cpc&utm_source=vivino-ppc", "message": "", "producer_address": "", "importer_address": "", "discounted_from": null, "bottle_type": {"id": 1, "name": "Flasche (0,75\u00a0l)", "short_name": "Flasche", "short_name_plural": "Flaschen", "volume_ml": 750}}]}, {"merchant": {"id": 20205, "name": "Lieblings-weine.de", "seo_name": "lieblings-weine-de", "legal_name": null, "description": "Mobile-friendly checkout. No minimum order.", "country": {"code": "de", "name": "Deutschland", "native_name": "Deutschland", "seo_name": "germany", "currency": {"code": "EUR", "name": "Euros", "prefix": "\u20ac", "suffix": null}, "regions_count": 210, "users_count": 2117308, "wines_count": 197796, "wineries_count": 13493, "most_used_grapes": [{"id": 15, "name": "Riesling", "seo_name": "riesling", "has_detailed_info": true, "wines_count": 259925}, {"id": 299, "name": "Sp\u00e4tburgunder", "seo_name": "spatburgunder", "has_detailed_info": false, "wines_count": 49659}, {"id": 355, "name": "Weissburgunder", "seo_name": "weissburgunder", "has_detailed_info": false, "wines_count": 33123}]}, "state": null, "status": 0, "image": {"location": "//images.vivino.com/merchants/originals/p1chrl9e0000jnd.jpg", "variations": {"large_square": "//images.vivino.com/merchants/thumbs/p1chrl9e0000jnd_400x400.jpg", "medium_square": "//images.vivino.com/merchants/thumbs/p1chrl9e0000jnd_320x320.jpg", "small_square": "//images.vivino.com/merchants/thumbs/p1chrl9e0000jnd_160x160.jpg"}}, "shipping_estimate": "Lieferung bis Mi, 22.\u00a0Dez", "impressum_url": null, "tos_url": null, "vc_clearing_system": 0, "hidden": false}, "prices": [{"id": 24065866, "vintage_id": 164094567, "amount": 10.7, "type": "ppc", "currency": {"code": "EUR", "name": "Euros", "prefix": "\u20ac", "suffix": null}, "bottle_type_id": 1, "inventory_bottles_count": null, "url": "https://lieblings-weine.de/produkt/markus-schneider-grauburgunder-qw-trocken-2020/?utm_medium=pref-cpc&utm_source=vivino-ppc", "message": "", "producer_address": "", "importer_address": "", "discounted_from": null, "bottle_type": {"id": 1, "name": "Flasche (0,75\u00a0l)", "short_name": "Flasche", "short_name_plural": "Flaschen", "volume_ml": 750}}]}, {"merchant": {"id": 1656, "name": "La Cantina Italiana GmbH", "seo_name": "la-cantina-italiana-gmbh", "legal_name": null, "description": "Seit 1994 importieren wir im gro\u00dfen Stil italienische Weine.", "country": {"code": "de", "name": "Deutschland", "native_name": "Deutschland", "seo_name": "germany", "currency": {"code": "EUR", "name": "Euros", "prefix": "\u20ac", "suffix": null}, "regions_count": 210, "users_count": 2117308, "wines_count": 197796, "wineries_count": 13493, "most_used_grapes": [{"id": 15, "name": "Riesling", "seo_name": "riesling", "has_detailed_info": true, "wines_count": 259925}, {"id": 299, "name": "Sp\u00e4tburgunder", "seo_name": "spatburgunder", "has_detailed_info": false, "wines_count": 49659}, {"id": 355, "name": "Weissburgunder", "seo_name": "weissburgunder", "has_detailed_info": false, "wines_count": 33123}]}, "state": null, "status": 0, "image": {"location": "//images.vivino.com/merchants/originals/p1b7hb9o00001jo.jpg", "variations": {"large_square": "//images.vivino.com/merchants/thumbs/p1b7hb9o00001jo_400x400.jpg", "medium_square": "//images.vivino.com/merchants/thumbs/p1b7hb9o00001jo_320x320.jpg", "small_square": "//images.vivino.com/merchants/thumbs/p1b7hb9o00001jo_160x160.jpg"}}, "shipping_estimate": "Lieferung bis Mi, 22.\u00a0Dez", "impressum_url": null, "tos_url": null, "vc_clearing_system": 0, "hidden": false}, "prices": [{"id": 24766806, "vintage_id": 164094567, "amount": 10.7, "type": "ppc", "currency": {"code": "EUR", "name": "Euros", "prefix": "\u20ac", "suffix": null}, "bottle_type_id": 1, "inventory_bottles_count": null, "url": "https://www.la-cantina-italiana.de/grauburgunder-trocken-2018-markus-schneider.html?utm_medium=pref-cpc&utm_source=vivino-ppc", "message": "", "producer_address": "", "importer_address": "", "discounted_from": null, "bottle_type": {"id": 1, "name": "Flasche (0,75\u00a0l)", "short_name": "Flasche", "short_name_plural": "Flaschen", "volume_ml": 750}}]}, {"merchant": {"id": 1463, "name": "LUNAS Delikatessen", "seo_name": "lunas-delikatessen", "legal_name": null, "description": "Mobile-friendly checkout. No minimum order.", "country": {"code": "de", "name": "Deutschland", "native_name": "Deutschland", "seo_name": "germany", "currency": {"code": "EUR", "name": "Euros", "prefix": "\u20ac", "suffix": null}, "regions_count": 210, "users_count": 2117308, "wines_count": 197796, "wineries_count": 13493, "most_used_grapes": [{"id": 15, "name": "Riesling", "seo_name": "riesling", "has_detailed_info": true, "wines_count": 259925}, {"id": 299, "name": "Sp\u00e4tburgunder", "seo_name": "spatburgunder", "has_detailed_info": false, "wines_count": 49659}, {"id": 355, "name": "Weissburgunder", "seo_name": "weissburgunder", "has_detailed_info": false, "wines_count": 33123}]}, "state": null, "status": 0, "image": null, "shipping_estimate": "Lieferung bis Mi, 22.\u00a0Dez", "impressum_url": null, "tos_url": null, "vc_clearing_system": 0, "hidden": false}, "prices": [{"id": 24287954, "vintage_id": 164094567, "amount": 10.7, "type": "ppc", "currency": {"code": "EUR", "name": "Euros", "prefix": "\u20ac", "suffix": null}, "bottle_type_id": 1, "inventory_bottles_count": null, "url": "https://lunas-weinhandel.de/wein/weissweine/grauburgunder-qba-2020-markus-schneider?c=542&utm_medium=pref-cpc&utm_source=vivino-ppc", "message": "", "producer_address": "", "importer_address": "", "discounted_from": null, "bottle_type": {"id": 1, "name": "Flasche (0,75\u00a0l)", "short_name": "Flasche", "short_name_plural": "Flaschen", "volume_ml": 750}}]}, {"merchant": {"id": 2151, "name": "Weinhaus Lengerich", "seo_name": "weinhaus-lengerich", "legal_name": null, "description": "Mobile friendly checkout. No minimum order.", "country": {"code": "de", "name": "Deutschland", "native_name": "Deutschland", "seo_name": "germany", "currency": {"code": "EUR", "name": "Euros", "prefix": "\u20ac", "suffix": null}, "regions_count": 210, "users_count": 2117308, "wines_count": 197796, "wineries_count": 13493, "most_used_grapes": [{"id": 15, "name": "Riesling", "seo_name": "riesling", "has_detailed_info": true, "wines_count": 259925}, {"id": 299, "name": "Sp\u00e4tburgunder", "seo_name": "spatburgunder", "has_detailed_info": false, "wines_count": 49659}, {"id": 355, "name": "Weissburgunder", "seo_name": "weissburgunder", "has_detailed_info": false, "wines_count": 33123}]}, "state": null, "status": 0, "image": null, "shipping_estimate": "Lieferung bis Mi, 22.\u00a0Dez", "impressum_url": null, "tos_url": null, "vc_clearing_system": 0, "hidden": false}, "prices": [{"id": 24203602, "vintage_id": 164094567, "amount": 10.7, "type": "ppc", "currency": {"code": "EUR", "name": "Euros", "prefix": "\u20ac", "suffix": null}, "bottle_type_id": 1, "inventory_bottles_count": null, "url": "http://www.weinhaus-lengerich.de/grauburgundertrocken2020markusschneider-p-86-1.html?utm_medium=pref-cpc&utm_source=vivino-ppc", "message": "", "producer_address": "", "importer_address": "", "discounted_from": null, "bottle_type": {"id": 1, "name": "Flasche (0,75\u00a0l)", "short_name": "Flasche", "short_name_plural": "Flaschen", "volume_ml": 750}}]}, {"merchant": {"id": 19982, "name": "Deliagenten.de", "seo_name": "deliagenten-de", "legal_name": null, "description": "Mobile-friendly checkout. No minimum order.", "country": {"code": "de", "name": "Deutschland", "native_name": "Deutschland", "seo_name": "germany", "currency": {"code": "EUR", "name": "Euros", "prefix": "\u20ac", "suffix": null}, "regions_count": 210, "users_count": 2117308, "wines_count": 197796, "wineries_count": 13493, "most_used_grapes": [{"id": 15, "name": "Riesling", "seo_name": "riesling", "has_detailed_info": true, "wines_count": 259925}, {"id": 299, "name": "Sp\u00e4tburgunder", "seo_name": "spatburgunder", "has_detailed_info": false, "wines_count": 49659}, {"id": 355, "name": "Weissburgunder", "seo_name": "weissburgunder", "has_detailed_info": false, "wines_count": 33123}]}, "state": null, "status": 0, "image": null, "shipping_estimate": "Lieferung bis Mi, 22.\u00a0Dez", "impressum_url": null, "tos_url": null, "vc_clearing_system": 0, "hidden": false}, "prices": [{"id": 24163636, "vintage_id": 164094567, "amount": 10.7, "type": "ppc", "currency": {"code": "EUR", "name": "Euros", "prefix": "\u20ac", "suffix": null}, "bottle_type_id": 1, "inventory_bottles_count": null, "url": "https://www.nurgutes.de/markus-schneider-grauburgunder-2019?utm_medium=pref-cpc&utm_source=vivino-ppc", "message": "", "producer_address": "", "importer_address": "", "discounted_from": null, "bottle_type": {"id": 1, "name": "Flasche (0,75\u00a0l)", "short_name": "Flasche", "short_name_plural": "Flaschen", "volume_ml": 750}}]}, {"merchant": {"id": 1968, "name": "W. Spies & Co. GmbH", "seo_name": "w-spies-co-gmbh", "legal_name": null, "description": "No minimum order.", "country": {"code": "de", "name": "Deutschland", "native_name": "Deutschland", "seo_name": "germany", "currency": {"code": "EUR", "name": "Euros", "prefix": "\u20ac", "suffix": null}, "regions_count": 210, "users_count": 2117308, "wines_count": 197796, "wineries_count": 13493, "most_used_grapes": [{"id": 15, "name": "Riesling", "seo_name": "riesling", "has_detailed_info": true, "wines_count": 259925}, {"id": 299, "name": "Sp\u00e4tburgunder", "seo_name": "spatburgunder", "has_detailed_info": false, "wines_count": 49659}, {"id": 355, "name": "Weissburgunder", "seo_name": "weissburgunder", "has_detailed_info": false, "wines_count": 33123}]}, "state": null, "status": 0, "image": null, "shipping_estimate": "Lieferung bis Mi, 22.\u00a0Dez", "impressum_url": null, "tos_url": null, "vc_clearing_system": 0, "hidden": false}, "prices": [{"id": 26734136, "vintage_id": 164094567, "amount": 10.7, "type": "ppc", "currency": {"code": "EUR", "name": "Euros", "prefix": "\u20ac", "suffix": null}, "bottle_type_id": 1, "inventory_bottles_count": null, "url": "https://weine-spirituosen-spies.de/weine/weisswein/1010/2020-grauburgunder?c=11&utm_medium=pref-cpc&utm_source=vivino-ppc", "message": "", "producer_address": "", "importer_address": "", "discounted_from": null, "bottle_type": {"id": 1, "name": "Flasche (0,75\u00a0l)", "short_name": "Flasche", "short_name_plural": "Flaschen", "volume_ml": 750}}]}, {"merchant": {"id": 27054, "name": "Hauschild Weine", "seo_name": "hauschild-weine", "legal_name": null, "description": "Mobile-friendly checkout. No minimum order.", "country": {"code": "de", "name": "Deutschland", "native_name": "Deutschland", "seo_name": "germany", "currency": {"code": "EUR", "name": "Euros", "prefix": "\u20ac", "suffix": null}, "regions_count": 210, "users_count": 2117308, "wines_count": 197796, "wineries_count": 13493, "most_used_grapes": [{"id": 15, "name": "Riesling", "seo_name": "riesling", "has_detailed_info": true, "wines_count": 259925}, {"id": 299, "name": "Sp\u00e4tburgunder", "seo_name": "spatburgunder", "has_detailed_info": false, "wines_count": 49659}, {"id": 355, "name": "Weissburgunder", "seo_name": "weissburgunder", "has_detailed_info": false, "wines_count": 33123}]}, "state": null, "status": 0, "image": null, "shipping_estimate": "Lieferung bis Mi, 22.\u00a0Dez", "impressum_url": null, "tos_url": null, "vc_clearing_system": 0, "hidden": false}, "prices": [{"id": 24405942, "vintage_id": 164094567, "amount": 10.7, "type": "ppc", "currency": {"code": "EUR", "name": "Euros", "prefix": "\u20ac", "suffix": null}, "bottle_type_id": 1, "inventory_bottles_count": null, "url": "http://www.hauschildweine.de/epages/62767137.sf/de_DE/?ObjectPath=/Shops/62767137/Products/D_pfs_03&utm_medium=pref-cpc&utm_source=vivino-ppc", "message": "", "producer_address": "", "importer_address": "", "discounted_from": null, "bottle_type": {"id": 1, "name": "Flasche (0,75\u00a0l)", "short_name": "Flasche", "short_name_plural": "Flaschen", "volume_ml": 750}}]}, {"merchant": {"id": 28121, "name": " Wein Direktimport", "seo_name": "wein-direktimport", "legal_name": null, "description": "Mobile-friendly checkout. Minimum order of 3 bottles.", "country": {"code": "de", "name": "Deutschland", "native_name": "Deutschland", "seo_name": "germany", "currency": {"code": "EUR", "name": "Euros", "prefix": "\u20ac", "suffix": null}, "regions_count": 210, "users_count": 2117308, "wines_count": 197796, "wineries_count": 13493, "most_used_grapes": [{"id": 15, "name": "Riesling", "seo_name": "riesling", "has_detailed_info": true, "wines_count": 259925}, {"id": 299, "name": "Sp\u00e4tburgunder", "seo_name": "spatburgunder", "has_detailed_info": false, "wines_count": 49659}, {"id": 355, "name": "Weissburgunder", "seo_name": "weissburgunder", "has_detailed_info": false, "wines_count": 33123}]}, "state": null, "status": 0, "image": null, "shipping_estimate": "Lieferung bis Mi, 22.\u00a0Dez", "impressum_url": null, "tos_url": null, "vc_clearing_system": 0, "hidden": false}, "prices": [{"id": 23873755, "vintage_id": 164094567, "amount": 10.7, "type": "ppc", "currency": {"code": "EUR", "name": "Euros", "prefix": "\u20ac", "suffix": null}, "bottle_type_id": 1, "inventory_bottles_count": null, "url": "https://www.wein-direktimport.de/weine/deutschland/pfalz/weingut-markus-schneider/3759/2020-grauburgunder?c=559&utm_medium=pref-cpc&utm_source=vivino-ppc", "message": "", "producer_address": "", "importer_address": "", "discounted_from": null, "bottle_type": {"id": 1, "name": "Flasche (0,75\u00a0l)", "short_name": "Flasche", "short_name_plural": "Flaschen", "volume_ml": 750}}]}, {"merchant": {"id": 21879, "name": "Wasgau Weinshop", "seo_name": "wasgau-weinshop", "legal_name": null, "description": "Mobile-friendly checkout. No minimum order.", "country": {"code": "de", "name": "Deutschland", "native_name": "Deutschland", "seo_name": "germany", "currency": {"code": "EUR", "name": "Euros", "prefix": "\u20ac", "suffix": null}, "regions_count": 210, "users_count": 2117308, "wines_count": 197796, "wineries_count": 13493, "most_used_grapes": [{"id": 15, "name": "Riesling", "seo_name": "riesling", "has_detailed_info": true, "wines_count": 259925}, {"id": 299, "name": "Sp\u00e4tburgunder", "seo_name": "spatburgunder", "has_detailed_info": false, "wines_count": 49659}, {"id": 355, "name": "Weissburgunder", "seo_name": "weissburgunder", "has_detailed_info": false, "wines_count": 33123}]}, "state": null, "status": 0, "image": null, "shipping_estimate": "Lieferung bis Mi, 22.\u00a0Dez", "impressum_url": null, "tos_url": null, "vc_clearing_system": 0, "hidden": false}, "prices": [{"id": 23140174, "vintage_id": 164094567, "amount": 10.79, "type": "ppc", "currency": {"code": "EUR", "name": "Euros", "prefix": "\u20ac", "suffix": null}, "bottle_type_id": 1, "inventory_bottles_count": null, "url": "https://www.wasgau-weinshop.de/weingut-markus-schneider-grauburgunder-trocken?utm_medium=pref-cpc&utm_source=vivino-ppc", "message": "", "producer_address": "", "importer_address": "", "discounted_from": null, "bottle_type": {"id": 1, "name": "Flasche (0,75\u00a0l)", "short_name": "Flasche", "short_name_plural": "Flaschen", "volume_ml": 750}}]}, {"merchant": {"id": 2918, "name": "Weinhandel Fertsch", "seo_name": "weinhandel-fertsch", "legal_name": null, "description": "No minimum order. Mobile friendly checkout.", "country": {"code": "de", "name": "Deutschland", "native_name": "Deutschland", "seo_name": "germany", "currency": {"code": "EUR", "name": "Euros", "prefix": "\u20ac", "suffix": null}, "regions_count": 210, "users_count": 2117308, "wines_count": 197796, "wineries_count": 13493, "most_used_grapes": [{"id": 15, "name": "Riesling", "seo_name": "riesling", "has_detailed_info": true, "wines_count": 259925}, {"id": 299, "name": "Sp\u00e4tburgunder", "seo_name": "spatburgunder", "has_detailed_info": false, "wines_count": 49659}, {"id": 355, "name": "Weissburgunder", "seo_name": "weissburgunder", "has_detailed_info": false, "wines_count": 33123}]}, "state": null, "status": 0, "image": null, "shipping_estimate": "Lieferung bis Mi, 22.\u00a0Dez", "impressum_url": null, "tos_url": null, "vc_clearing_system": 0, "hidden": false}, "prices": [{"id": 24507211, "vintage_id": 164094567, "amount": 10.9, "type": "ppc", "currency": {"code": "EUR", "name": "Euros", "prefix": "\u20ac", "suffix": null}, "bottle_type_id": 1, "inventory_bottles_count": null, "url": "https://www.weinhandel-fertsch.de/wein/weinart/weisswein/grauburgunder-2020-markus-schneider?utm_medium=pref-cpc&utm_source=vivino-ppc", "message": "", "producer_address": "", "importer_address": "", "discounted_from": null, "bottle_type": {"id": 1, "name": "Flasche (0,75\u00a0l)", "short_name": "Flasche", "short_name_plural": "Flaschen", "volume_ml": 750}}]}, {"merchant": {"id": 1546, "name": "Weinundkunst.info", "seo_name": "weinundkunst-info", "legal_name": null, "description": "No Minimum Order.", "country": {"code": "de", "name": "Deutschland", "native_name": "Deutschland", "seo_name": "germany", "currency": {"code": "EUR", "name": "Euros", "prefix": "\u20ac", "suffix": null}, "regions_count": 210, "users_count": 2117308, "wines_count": 197796, "wineries_count": 13493, "most_used_grapes": [{"id": 15, "name": "Riesling", "seo_name": "riesling", "has_detailed_info": true, "wines_count": 259925}, {"id": 299, "name": "Sp\u00e4tburgunder", "seo_name": "spatburgunder", "has_detailed_info": false, "wines_count": 49659}, {"id": 355, "name": "Weissburgunder", "seo_name": "weissburgunder", "has_detailed_info": false, "wines_count": 33123}]}, "state": null, "status": 0, "image": null, "shipping_estimate": "Lieferung bis Mi, 22.\u00a0Dez", "impressum_url": null, "tos_url": null, "vc_clearing_system": 0, "hidden": false}, "prices": [{"id": 24183590, "vintage_id": 164094567, "amount": 10.9, "type": "ppc", "currency": {"code": "EUR", "name": "Euros", "prefix": "\u20ac", "suffix": null}, "bottle_type_id": 1, "inventory_bottles_count": null, "url": "https://weinundkunst.shop/de/wein/lifestyle/einsteiger-bestseller/grauburgunder-qualitaetswein-pfalz-weingut-markus-schneider-5419548.html?utm_medium=pref-cpc&utm_source=vivino-ppc", "message": "", "producer_address": "", "importer_address": "", "discounted_from": null, "bottle_type": {"id": 1, "name": "Flasche (0,75\u00a0l)", "short_name": "Flasche", "short_name_plural": "Flaschen", "volume_ml": 750}}]}, {"merchant": {"id": 2501, "name": "Wein Port", "seo_name": "wein-port", "legal_name": null, "description": "No minimum order. Mobile friendly checkout.", "country": {"code": "de", "name": "Deutschland", "native_name": "Deutschland", "seo_name": "germany", "currency": {"code": "EUR", "name": "Euros", "prefix": "\u20ac", "suffix": null}, "regions_count": 210, "users_count": 2117308, "wines_count": 197796, "wineries_count": 13493, "most_used_grapes": [{"id": 15, "name": "Riesling", "seo_name": "riesling", "has_detailed_info": true, "wines_count": 259925}, {"id": 299, "name": "Sp\u00e4tburgunder", "seo_name": "spatburgunder", "has_detailed_info": false, "wines_count": 49659}, {"id": 355, "name": "Weissburgunder", "seo_name": "weissburgunder", "has_detailed_info": false, "wines_count": 33123}]}, "state": null, "status": 0, "image": null, "shipping_estimate": "Lieferung bis Mi, 22.\u00a0Dez", "impressum_url": null, "tos_url": null, "vc_clearing_system": 0, "hidden": false}, "prices": [{"id": 24197987, "vintage_id": 164094567, "amount": 10.9, "type": "ppc", "currency": {"code": "EUR", "name": "Euros", "prefix": "\u20ac", "suffix": null}, "bottle_type_id": 1, "inventory_bottles_count": null, "url": "https://www.wein-port.de/Weissweine/schneider-grauburgunder-1527.html?utm_medium=pref-cpc&utm_source=vivino-ppc", "message": "", "producer_address": "", "importer_address": "", "discounted_from": null, "bottle_type": {"id": 1, "name": "Flasche (0,75\u00a0l)", "short_name": "Flasche", "short_name_plural": "Flaschen", "volume_ml": 750}}]}, {"merchant": {"id": 3308, "name": "La Tienda", "seo_name": "la-tienda", "legal_name": null, "description": "No minimum order. Mobile friendly checkout.", "country": {"code": "de", "name": "Deutschland", "native_name": "Deutschland", "seo_name": "germany", "currency": {"code": "EUR", "name": "Euros", "prefix": "\u20ac", "suffix": null}, "regions_count": 210, "users_count": 2117308, "wines_count": 197796, "wineries_count": 13493, "most_used_grapes": [{"id": 15, "name": "Riesling", "seo_name": "riesling", "has_detailed_info": true, "wines_count": 259925}, {"id": 299, "name": "Sp\u00e4tburgunder", "seo_name": "spatburgunder", "has_detailed_info": false, "wines_count": 49659}, {"id": 355, "name": "Weissburgunder", "seo_name": "weissburgunder", "has_detailed_info": false, "wines_count": 33123}]}, "state": null, "status": 0, "image": null, "shipping_estimate": "Lieferung bis Mi, 22.\u00a0Dez", "impressum_url": null, "tos_url": null, "vc_clearing_system": 0, "hidden": false}, "prices": [{"id": 24316919, "vintage_id": 164094567, "amount": 10.9, "type": "ppc", "currency": {"code": "EUR", "name": "Euros", "prefix": "\u20ac", "suffix": null}, "bottle_type_id": 1, "inventory_bottles_count": null, "url": "http://www.la-tienda.de/epages/LaTiendaWeine_Feinkost.sf/de_DE/?ObjectPath=/Shops/LaTiendaWeine_Feinkost/Products/1420720&utm_medium=pref-cpc&utm_source=vivino-ppc", "message": "", "producer_address": "", "importer_address": "", "discounted_from": null, "bottle_type": {"id": 1, "name": "Flasche (0,75\u00a0l)", "short_name": "Flasche", "short_name_plural": "Flaschen", "volume_ml": 750}}]}, {"merchant": {"id": 1821, "name": "Cava & Wein", "seo_name": "cava-wein", "legal_name": null, "description": "Mobile-friendly checkout. No minimum order.", "country": {"code": "de", "name": "Deutschland", "native_name": "Deutschland", "seo_name": "germany", "currency": {"code": "EUR", "name": "Euros", "prefix": "\u20ac", "suffix": null}, "regions_count": 210, "users_count": 2117308, "wines_count": 197796, "wineries_count": 13493, "most_used_grapes": [{"id": 15, "name": "Riesling", "seo_name": "riesling", "has_detailed_info": true, "wines_count": 259925}, {"id": 299, "name": "Sp\u00e4tburgunder", "seo_name": "spatburgunder", "has_detailed_info": false, "wines_count": 49659}, {"id": 355, "name": "Weissburgunder", "seo_name": "weissburgunder", "has_detailed_info": false, "wines_count": 33123}]}, "state": null, "status": 0, "image": null, "shipping_estimate": "Lieferung bis Mi, 22.\u00a0Dez", "impressum_url": null, "tos_url": null, "vc_clearing_system": 0, "hidden": false}, "prices": [{"id": 24458464, "vintage_id": 164094567, "amount": 10.95, "type": "ppc", "currency": {"code": "EUR", "name": "Euros", "prefix": "\u20ac", "suffix": null}, "bottle_type_id": 1, "inventory_bottles_count": null, "url": "https://www.cava-wein.de/Weine/Deutschland/Weisswein/Trocken/2020er-Grauburgunder-QbA-trocken-Markus-Schneider-Pfalz::217.html?utm_medium=pref-cpc&utm_source=vivino-ppc", "message": "", "producer_address": "", "importer_address": "", "discounted_from": null, "bottle_type": {"id": 1, "name": "Flasche (0,75\u00a0l)", "short_name": "Flasche", "short_name_plural": "Flaschen", "volume_ml": 750}}]}, {"merchant": {"id": 5113, "name": "Champa.de", "seo_name": "champa-de", "legal_name": null, "description": "No minimum order. Mobile friendly checkout.", "country": {"code": "de", "name": "Deutschland", "native_name": "Deutschland", "seo_name": "germany", "currency": {"code": "EUR", "name": "Euros", "prefix": "\u20ac", "suffix": null}, "regions_count": 210, "users_count": 2117308, "wines_count": 197796, "wineries_count": 13493, "most_used_grapes": [{"id": 15, "name": "Riesling", "seo_name": "riesling", "has_detailed_info": true, "wines_count": 259925}, {"id": 299, "name": "Sp\u00e4tburgunder", "seo_name": "spatburgunder", "has_detailed_info": false, "wines_count": 49659}, {"id": 355, "name": "Weissburgunder", "seo_name": "weissburgunder", "has_detailed_info": false, "wines_count": 33123}]}, "state": null, "status": 0, "image": null, "shipping_estimate": "Lieferung bis Mi, 22.\u00a0Dez", "impressum_url": null, "tos_url": null, "vc_clearing_system": 0, "hidden": false}, "prices": [{"id": 24853140, "vintage_id": 164094567, "amount": 11, "type": "ppc", "currency": {"code": "EUR", "name": "Euros", "prefix": "\u20ac", "suffix": null}, "bottle_type_id": 1, "inventory_bottles_count": null, "url": "https://www.champa.de/produkt/markus-schneider-grauburgunder-2020/?utm_medium=pref-cpc&utm_source=vivino-ppc", "message": "", "producer_address": "", "importer_address": "", "discounted_from": null, "bottle_type": {"id": 1, "name": "Flasche (0,75\u00a0l)", "short_name": "Flasche", "short_name_plural": "Flaschen", "volume_ml": 750}}, {"id": 24853153, "vintage_id": 164094567, "amount": 23, "type": "ppc", "currency": {"code": "EUR", "name": "Euros", "prefix": "\u20ac", "suffix": null}, "bottle_type_id": 4, "inventory_bottles_count": null, "url": "https://www.champa.de/produkt/markus-schneider-grauburgunder-2020/?utm_medium=pref-cpc&utm_source=vivino-ppc", "message": "Preis pro Magnum-Flasche (1,5\u00a0l)", "producer_address": "", "importer_address": "", "discounted_from": null, "bottle_type": {"id": 4, "name": "Magnum-Flasche (1,5\u00a0l)", "short_name": "Magnum", "short_name_plural": "Magnums", "volume_ml": 1500}}]}, {"merchant": {"id": 2557, "name": "Wein Weuste", "seo_name": "wein-weuste", "legal_name": null, "description": "No minimum order.", "country": {"code": "de", "name": "Deutschland", "native_name": "Deutschland", "seo_name": "germany", "currency": {"code": "EUR", "name": "Euros", "prefix": "\u20ac", "suffix": null}, "regions_count": 210, "users_count": 2117308, "wines_count": 197796, "wineries_count": 13493, "most_used_grapes": [{"id": 15, "name": "Riesling", "seo_name": "riesling", "has_detailed_info": true, "wines_count": 259925}, {"id": 299, "name": "Sp\u00e4tburgunder", "seo_name": "spatburgunder", "has_detailed_info": false, "wines_count": 49659}, {"id": 355, "name": "Weissburgunder", "seo_name": "weissburgunder", "has_detailed_info": false, "wines_count": 33123}]}, "state": null, "status": 0, "image": null, "shipping_estimate": "Lieferung bis Mi, 22.\u00a0Dez", "impressum_url": null, "tos_url": null, "vc_clearing_system": 0, "hidden": false}, "prices": [{"id": 24222496, "vintage_id": 164094567, "amount": 11.5, "type": "ppc", "currency": {"code": "EUR", "name": "Euros", "prefix": "\u20ac", "suffix": null}, "bottle_type_id": 1, "inventory_bottles_count": null, "url": "https://www.wein-weuste.de/catalog/product/view/id/315/s/grauburgunder-trocken-markus-schneider/category/21/?utm_medium=pref-cpc&utm_source=vivino-ppc", "message": "", "producer_address": "", "importer_address": "", "discounted_from": null, "bottle_type": {"id": 1, "name": "Flasche (0,75\u00a0l)", "short_name": "Flasche", "short_name_plural": "Flaschen", "volume_ml": 750}}]}, {"merchant": {"id": 2436, "name": "Gottler Weine", "seo_name": "gottler-weine", "legal_name": null, "description": "No minimum order. Mobile friendly checkout.", "country": {"code": "de", "name": "Deutschland", "native_name": "Deutschland", "seo_name": "germany", "currency": {"code": "EUR", "name": "Euros", "prefix": "\u20ac", "suffix": null}, "regions_count": 210, "users_count": 2117308, "wines_count": 197796, "wineries_count": 13493, "most_used_grapes": [{"id": 15, "name": "Riesling", "seo_name": "riesling", "has_detailed_info": true, "wines_count": 259925}, {"id": 299, "name": "Sp\u00e4tburgunder", "seo_name": "spatburgunder", "has_detailed_info": false, "wines_count": 49659}, {"id": 355, "name": "Weissburgunder", "seo_name": "weissburgunder", "has_detailed_info": false, "wines_count": 33123}]}, "state": null, "status": 0, "image": null, "shipping_estimate": "Lieferung bis Mi, 22.\u00a0Dez", "impressum_url": null, "tos_url": null, "vc_clearing_system": 0, "hidden": false}, "prices": [{"id": 23619222, "vintage_id": 164094567, "amount": 11.5, "type": "ppc", "currency": {"code": "EUR", "name": "Euros", "prefix": "\u20ac", "suffix": null}, "bottle_type_id": 1, "inventory_bottles_count": null, "url": "http://www.goettler-weine.de/Markus-Schneider-Grauburgunder-trocken-2020?utm_medium=pref-cpc&utm_source=vivino-ppc", "message": "", "producer_address": "", "importer_address": "", "discounted_from": null, "bottle_type": {"id": 1, "name": "Flasche (0,75\u00a0l)", "short_name": "Flasche", "short_name_plural": "Flaschen", "volume_ml": 750}}]}, {"merchant": {"id": 9835, "name": "Maringer Weinfachhandel", "seo_name": "maringer-weinfachhandel", "legal_name": null, "description": "Mobile-friendly checkout,No minimum order.", "country": {"code": "de", "name": "Deutschland", "native_name": "Deutschland", "seo_name": "germany", "currency": {"code": "EUR", "name": "Euros", "prefix": "\u20ac", "suffix": null}, "regions_count": 210, "users_count": 2117308, "wines_count": 197796, "wineries_count": 13493, "most_used_grapes": [{"id": 15, "name": "Riesling", "seo_name": "riesling", "has_detailed_info": true, "wines_count": 259925}, {"id": 299, "name": "Sp\u00e4tburgunder", "seo_name": "spatburgunder", "has_detailed_info": false, "wines_count": 49659}, {"id": 355, "name": "Weissburgunder", "seo_name": "weissburgunder", "has_detailed_info": false, "wines_count": 33123}]}, "state": null, "status": 0, "image": null, "shipping_estimate": "Lieferung bis Mi, 22.\u00a0Dez", "impressum_url": null, "tos_url": null, "vc_clearing_system": 0, "hidden": false}, "prices": [{"id": 24405347, "vintage_id": 164094567, "amount": 11.5, "type": "ppc", "currency": {"code": "EUR", "name": "Euros", "prefix": "\u20ac", "suffix": null}, "bottle_type_id": 1, "inventory_bottles_count": null, "url": "https://www.maringer-weine.de/schneider-grauburgunder?utm_medium=pref-cpc&utm_source=vivino-ppc", "message": "", "producer_address": "", "importer_address": "", "discounted_from": null, "bottle_type": {"id": 1, "name": "Flasche (0,75\u00a0l)", "short_name": "Flasche", "short_name_plural": "Flaschen", "volume_ml": 750}}]}, {"merchant": {"id": 3265, "name": "Weindotcom", "seo_name": "weindotcom", "legal_name": null, "description": "Mobile-friendly checkout. No minimum order.", "country": {"code": "de", "name": "Deutschland", "native_name": "Deutschland", "seo_name": "germany", "currency": {"code": "EUR", "name": "Euros", "prefix": "\u20ac", "suffix": null}, "regions_count": 210, "users_count": 2117308, "wines_count": 197796, "wineries_count": 13493, "most_used_grapes": [{"id": 15, "name": "Riesling", "seo_name": "riesling", "has_detailed_info": true, "wines_count": 259925}, {"id": 299, "name": "Sp\u00e4tburgunder", "seo_name": "spatburgunder", "has_detailed_info": false, "wines_count": 49659}, {"id": 355, "name": "Weissburgunder", "seo_name": "weissburgunder", "has_detailed_info": false, "wines_count": 33123}]}, "state": null, "status": 0, "image": null, "shipping_estimate": "Lieferung bis Mi, 22.\u00a0Dez", "impressum_url": null, "tos_url": null, "vc_clearing_system": 0, "hidden": false}, "prices": [{"id": 23890871, "vintage_id": 164094567, "amount": 11.95, "type": "ppc", "currency": {"code": "EUR", "name": "Euros", "prefix": "\u20ac", "suffix": null}, "bottle_type_id": 1, "inventory_bottles_count": null, "url": "https://www.weindotcom.de/schneider-grauburgunder-2020?c=7&utm_medium=pref-cpc&utm_source=vivino-ppc", "message": "", "producer_address": "", "importer_address": "", "discounted_from": null, "bottle_type": {"id": 1, "name": "Flasche (0,75\u00a0l)", "short_name": "Flasche", "short_name_plural": "Flaschen", "volume_ml": 750}}]}, {"merchant": {"id": 5982, "name": "Sansibar", "seo_name": "sansibar", "legal_name": null, "description": "Mobile-friendly checkout. No minimum order.", "country": {"code": "de", "name": "Deutschland", "native_name": "Deutschland", "seo_name": "germany", "currency": {"code": "EUR", "name": "Euros", "prefix": "\u20ac", "suffix": null}, "regions_count": 210, "users_count": 2117308, "wines_count": 197796, "wineries_count": 13493, "most_used_grapes": [{"id": 15, "name": "Riesling", "seo_name": "riesling", "has_detailed_info": true, "wines_count": 259925}, {"id": 299, "name": "Sp\u00e4tburgunder", "seo_name": "spatburgunder", "has_detailed_info": false, "wines_count": 49659}, {"id": 355, "name": "Weissburgunder", "seo_name": "weissburgunder", "has_detailed_info": false, "wines_count": 33123}]}, "state": null, "status": 0, "image": null, "shipping_estimate": "Lieferung bis Mi, 22.\u00a0Dez", "impressum_url": null, "tos_url": null, "vc_clearing_system": 0, "hidden": false}, "prices": [{"id": 24500510, "vintage_id": 164094567, "amount": 12.5, "type": "ppc", "currency": {"code": "EUR", "name": "Euros", "prefix": "\u20ac", "suffix": null}, "bottle_type_id": 1, "inventory_bottles_count": null, "url": "https://www.sansibar.de/sansibar/de/Only-Sansibar/2020-Schneider-Grauburgunder-\"only-Sansibar\"-0,75l-/p/000000000000306972?utm_medium=pref-cpc&utm_source=vivino-ppc", "message": "", "producer_address": "", "importer_address": "", "discounted_from": null, "bottle_type": {"id": 1, "name": "Flasche (0,75\u00a0l)", "short_name": "Flasche", "short_name_plural": "Flaschen", "volume_ml": 750}}]}, {"merchant": {"id": 547, "name": "Weinquelle Helmut L\u00fchmann", "seo_name": "weinquelle-helmut-luhmann", "legal_name": null, "description": "No minimum order.", "country": {"code": "de", "name": "Deutschland", "native_name": "Deutschland", "seo_name": "germany", "currency": {"code": "EUR", "name": "Euros", "prefix": "\u20ac", "suffix": null}, "regions_count": 210, "users_count": 2117308, "wines_count": 197796, "wineries_count": 13493, "most_used_grapes": [{"id": 15, "name": "Riesling", "seo_name": "riesling", "has_detailed_info": true, "wines_count": 259925}, {"id": 299, "name": "Sp\u00e4tburgunder", "seo_name": "spatburgunder", "has_detailed_info": false, "wines_count": 49659}, {"id": 355, "name": "Weissburgunder", "seo_name": "weissburgunder", "has_detailed_info": false, "wines_count": 33123}]}, "state": null, "status": 0, "image": null, "shipping_estimate": "Lieferung bis Mi, 22.\u00a0Dez", "impressum_url": null, "tos_url": null, "vc_clearing_system": 0, "hidden": false}, "prices": [{"id": 24776916, "vintage_id": 164094567, "amount": 13.9, "type": "ppc", "currency": {"code": "EUR", "name": "Euros", "prefix": "\u20ac", "suffix": null}, "bottle_type_id": 1, "inventory_bottles_count": null, "url": "https://www.weinquelle.com/artikel/Deutschland_Markus_Schneider_Pfalz_6923.html?utm_medium=pref-cpc&utm_source=vivino-ppc", "message": "", "producer_address": "", "importer_address": "", "discounted_from": null, "bottle_type": {"id": 1, "name": "Flasche (0,75\u00a0l)", "short_name": "Flasche", "short_name_plural": "Flaschen", "volume_ml": 750}}]}, {"merchant": {"id": 1887, "name": "Wein & Glas Compagnie", "seo_name": "wein-glas-compagnie", "legal_name": null, "description": "Mobile-friendly checkout. No minimum order.", "country": {"code": "de", "name": "Deutschland", "native_name": "Deutschland", "seo_name": "germany", "currency": {"code": "EUR", "name": "Euros", "prefix": "\u20ac", "suffix": null}, "regions_count": 210, "users_count": 2117308, "wines_count": 197796, "wineries_count": 13493, "most_used_grapes": [{"id": 15, "name": "Riesling", "seo_name": "riesling", "has_detailed_info": true, "wines_count": 259925}, {"id": 299, "name": "Sp\u00e4tburgunder", "seo_name": "spatburgunder", "has_detailed_info": false, "wines_count": 49659}, {"id": 355, "name": "Weissburgunder", "seo_name": "weissburgunder", "has_detailed_info": false, "wines_count": 33123}]}, "state": null, "status": 0, "image": null, "shipping_estimate": "Lieferung bis Mi, 22.\u00a0Dez", "impressum_url": null, "tos_url": null, "vc_clearing_system": 0, "hidden": false}, "prices": [{"id": 23891560, "vintage_id": 164094567, "amount": 14.2, "type": "ppc", "currency": {"code": "EUR", "name": "Euros", "prefix": "\u20ac", "suffix": null}, "bottle_type_id": 1, "inventory_bottles_count": null, "url": "https://shop.weinundglas.com/details/2020-grauburgunder-trocken?c=6&utm_medium=pref-cpc&utm_source=vivino-ppc", "message": "", "producer_address": "", "importer_address": "", "discounted_from": null, "bottle_type": {"id": 1, "name": "Flasche (0,75\u00a0l)", "short_name": "Flasche", "short_name_plural": "Flaschen", "volume_ml": 750}}]}, {"merchant": {"id": 3108, "name": "Weinhandlung Hardy", "seo_name": "weinhandlung-hardy", "legal_name": null, "description": "Mobile friendly checkout. No minimum order.", "country": {"code": "de", "name": "Deutschland", "native_name": "Deutschland", "seo_name": "germany", "currency": {"code": "EUR", "name": "Euros", "prefix": "\u20ac", "suffix": null}, "regions_count": 210, "users_count": 2117308, "wines_count": 197796, "wineries_count": 13493, "most_used_grapes": [{"id": 15, "name": "Riesling", "seo_name": "riesling", "has_detailed_info": true, "wines_count": 259925}, {"id": 299, "name": "Sp\u00e4tburgunder", "seo_name": "spatburgunder", "has_detailed_info": false, "wines_count": 49659}, {"id": 355, "name": "Weissburgunder", "seo_name": "weissburgunder", "has_detailed_info": false, "wines_count": 33123}]}, "state": null, "status": 0, "image": null, "shipping_estimate": "Lieferung bis Mi, 22.\u00a0Dez", "impressum_url": null, "tos_url": null, "vc_clearing_system": 0, "hidden": false}, "prices": [{"id": 25235120, "vintage_id": 164094567, "amount": 14.5, "type": "ppc", "currency": {"code": "EUR", "name": "Euros", "prefix": "\u20ac", "suffix": null}, "bottle_type_id": 1, "inventory_bottles_count": null, "url": "https://www.hardy-weine.de/produkt/grauburgunder-trocken?utm_medium=pref-cpc&utm_source=vivino-ppc", "message": "", "producer_address": "", "importer_address": "", "discounted_from": null, "bottle_type": {"id": 1, "name": "Flasche (0,75\u00a0l)", "short_name": "Flasche", "short_name_plural": "Flaschen", "volume_ml": 750}}]}, {"merchant": {"id": 20131, "name": "Kafer", "seo_name": "kafer", "legal_name": null, "description": "Mobile-friendly checkout. No minimum order.", "country": {"code": "de", "name": "Deutschland", "native_name": "Deutschland", "seo_name": "germany", "currency": {"code": "EUR", "name": "Euros", "prefix": "\u20ac", "suffix": null}, "regions_count": 210, "users_count": 2117308, "wines_count": 197796, "wineries_count": 13493, "most_used_grapes": [{"id": 15, "name": "Riesling", "seo_name": "riesling", "has_detailed_info": true, "wines_count": 259925}, {"id": 299, "name": "Sp\u00e4tburgunder", "seo_name": "spatburgunder", "has_detailed_info": false, "wines_count": 49659}, {"id": 355, "name": "Weissburgunder", "seo_name": "weissburgunder", "has_detailed_info": false, "wines_count": 33123}]}, "state": null, "status": 0, "image": null, "shipping_estimate": "Lieferung bis Mi, 22.\u00a0Dez", "impressum_url": null, "tos_url": null, "vc_clearing_system": 0, "hidden": false}, "prices": [{"id": 24316094, "vintage_id": 164094567, "amount": 15.95, "type": "ppc", "currency": {"code": "EUR", "name": "Euros", "prefix": "\u20ac", "suffix": null}, "bottle_type_id": 1, "inventory_bottles_count": null, "url": "https://www.feinkost-kaefer.de/trinken/weine/weissweine/628/2020-grauburgunder-pfalz-deutschland?c=534&utm_medium=pref-cpc&utm_source=vivino-ppc", "message": "", "producer_address": "", "importer_address": "", "discounted_from": null, "bottle_type": {"id": 1, "name": "Flasche (0,75\u00a0l)", "short_name": "Flasche", "short_name_plural": "Flaschen", "volume_ml": 750}}]}, {"merchant": {"id": 1283, "name": "Vinorama", "seo_name": "vinorama", "legal_name": null, "description": "Mobile-friendly checkout. No minimum order.", "country": {"code": "at", "name": "\u00d6sterreich", "native_name": "\u00d6sterreich", "seo_name": "austria", "currency": {"code": "EUR", "name": "Euros", "prefix": "\u20ac", "suffix": null}, "regions_count": 29, "users_count": 198116, "wines_count": 53278, "wineries_count": 4638, "most_used_grapes": [{"id": 233, "name": "Gr\u00fcner Veltliner", "seo_name": "gruner-veltliner", "has_detailed_info": false, "wines_count": 37953}, {"id": 257, "name": "Zweigelt", "seo_name": "zweigelt", "has_detailed_info": false, "wines_count": 31578}, {"id": 15, "name": "Riesling", "seo_name": "riesling", "has_detailed_info": true, "wines_count": 259925}]}, "state": null, "status": 0, "image": null, "shipping_estimate": "Lieferung bis Mi, 22.\u00a0Dez", "impressum_url": null, "tos_url": null, "vc_clearing_system": 0, "hidden": false}, "prices": [{"id": 24242662, "vintage_id": 164094567, "amount": 13.68, "type": "ppc", "currency": {"code": "EUR", "name": "Euros", "prefix": "\u20ac", "suffix": null}, "bottle_type_id": 1, "inventory_bottles_count": null, "url": "https://www.vinorama.at/Weine/ALLE-WEINE/Grauburgunder-2020.html?utm_medium=pref-cpc&utm_source=vivino-ppc", "message": "", "producer_address": "", "importer_address": "", "discounted_from": null, "bottle_type": {"id": 1, "name": "Flasche (0,75\u00a0l)", "short_name": "Flasche", "short_name_plural": "Flaschen", "volume_ml": 750}}]}]}, "found_by_merchant_and_sku": null, "is_deal_page": false}