{"vintage": {"id": 163355007, "seo_name": "epicuro-fiano-2019", "name": "Epicuro Fiano 2019", "statistics": {"status": "Normal", "ratings_count": 64, "ratings_average": 3.7, "labels_count": 1209, "reviews_count": 23}, "organic_certification_id": null, "certified_biodynamic": null, "image": {"location": "//images.vivino.com/thumbs/Vvi2vYX0QeCwx940IEhmNg_pl_480x640.png", "variations": {"bottle_large": "//images.vivino.com/thumbs/Vvi2vYX0QeCwx940IEhmNg_pb_x960.png", "bottle_medium": "//images.vivino.com/thumbs/Vvi2vYX0QeCwx940IEhmNg_pb_x600.png", "bottle_medium_square": "//images.vivino.com/thumbs/Vvi2vYX0QeCwx940IEhmNg_pb_600x600.png", "bottle_small": "//images.vivino.com/thumbs/Vvi2vYX0QeCwx940IEhmNg_pb_x300.png", "bottle_small_square": "//images.vivino.com/thumbs/Vvi2vYX0QeCwx940IEhmNg_pb_300x300.png", "label": "//images.vivino.com/thumbs/Vvi2vYX0QeCwx940IEhmNg_pl_480x640.png", "label_large": "//images.vivino.com/thumbs/Vvi2vYX0QeCwx940IEhmNg_pl_375x500.png", "label_medium": "//images.vivino.com/thumbs/Vvi2vYX0QeCwx940IEhmNg_pl_150x200.png", "label_medium_square": "//images.vivino.com/thumbs/Vvi2vYX0QeCwx940IEhmNg_pl_150x150.png", "label_small_square": "//images.vivino.com/thumbs/Vvi2vYX0QeCwx940IEhmNg_pl_80x80.png", "large": "//images.vivino.com/thumbs/Vvi2vYX0QeCwx940IEhmNg_pl_375x500.png", "medium": "//images.vivino.com/thumbs/Vvi2vYX0QeCwx940IEhmNg_pl_150x200.png", "medium_square": "//images.vivino.com/thumbs/Vvi2vYX0QeCwx940IEhmNg_pl_150x150.png", "small_square": "//images.vivino.com/thumbs/Vvi2vYX0QeCwx940IEhmNg_pl_80x80.png"}}, "wine": {"id": 7168005, "name": "Fiano", "seo_name": "fiano", "type_id": 2, "vintage_type": 0, "is_natural": false, "region": {"id": 548, "name": "Puglia", "name_en": "", "seo_name": "puglia", "country": {"code": "it", "name": "Italien", "native_name": "Italia", "seo_name": "italy", "currency": {"code": "EUR", "name": "Euros", "prefix": "\u20ac", "suffix": null}, "regions_count": 555, "users_count": 3800165, "wines_count": 351993, "wineries_count": 41153, "most_used_grapes": [{"id": 16, "name": "Sangiovese", "seo_name": "sangiovese", "has_detailed_info": true, "wines_count": 123993}, {"id": 10, "name": "Merlot", "seo_name": "merlot", "has_detailed_info": true, "wines_count": 560926}, {"id": 5, "name": "Chardonnay", "seo_name": "chardonnay", "has_detailed_info": true, "wines_count": 597329}]}, "parent_id": null, "background_image": {"location": "//images.vivino.com/regions/backgrounds/zvEE2A4JTZq6HbUjYLimWA.jpg", "variations": {"large": "//thumbs.vivino.com/region_backgrounds/zvEE2A4JTZq6HbUjYLimWA_1280x760.jpg", "medium": "//thumbs.vivino.com/region_backgrounds/zvEE2A4JTZq6HbUjYLimWA_600x356.jpg"}}, "class": {"typecast_map": {"background_image": {}, "class": {}}}, "statistics": {"wineries_count": 2646, "wines_count": 16758, "sub_regions_count": 31, "parent_regions_count": 0}}, "review_status": 2, "winery": {"id": 225336, "name": "Epicuro", "seo_name": "epicuro", "status": 0, "review_status": "Completed", "background_image": null, "statistics": {"ratings_count": 99558, "ratings_average": 3.8, "labels_count": 911475, "wines_count": 48}, "region": {"id": 548, "name": "Puglia", "name_en": "", "seo_name": "puglia", "country": {"code": "it", "name": "Italien", "native_name": "Italia", "seo_name": "italy", "currency": {"code": "EUR", "name": "Euros", "prefix": "\u20ac", "suffix": null}, "regions_count": 555, "users_count": 3800165, "wines_count": 351993, "wineries_count": 41153, "most_used_grapes": [{"id": 16, "name": "Sangiovese", "seo_name": "sangiovese", "has_detailed_info": true, "wines_count": 123993}, {"id": 10, "name": "Merlot", "seo_name": "merlot", "has_detailed_info": true, "wines_count": 560926}, {"id": 5, "name": "Chardonnay", "seo_name": "chardonnay", "has_detailed_info": true, "wines_count": 597329}]}, "parent_id": null, "background_image": {"location": "//images.vivino.com/regions/backgrounds/zvEE2A4JTZq6HbUjYLimWA.jpg", "variations": {"large": "//thumbs.vivino.com/region_backgrounds/zvEE2A4JTZq6HbUjYLimWA_1280x760.jpg", "medium": "//thumbs.vivino.com/region_backgrounds/zvEE2A4JTZq6HbUjYLimWA_600x356.jpg"}}, "class": {"typecast_map": {"background_image": {}, "class": {}}}, "statistics": {"wineries_count": 2646, "wines_count": 16758, "sub_regions_count": 31, "parent_regions_count": 0}}, "business_name": "Epicuro", "description": "", "specialists_notes": "", "phone": "", "email": "", "facebook": "", "instagram": "", "is_claimed": false, "twitter": "", "website": "", "winemaker": null, "wine_maker": null, "address": {"title": null, "name": null, "street": null, "street2": null, "neighborhood": null, "city": null, "zip": null, "state": null, "country": {"code": "it", "name": "Italien", "native_name": "Italia", "seo_name": "italy", "currency": {"code": "EUR", "name": "Euros", "prefix": "\u20ac", "suffix": null}, "regions_count": 555, "users_count": 3800165, "wines_count": 351993, "wineries_count": 41153, "most_used_grapes": [{"id": 16, "name": "Sangiovese", "seo_name": "sangiovese", "has_detailed_info": true, "wines_count": 123993}, {"id": 10, "name": "Merlot", "seo_name": "merlot", "has_detailed_info": true, "wines_count": 560926}, {"id": 5, "name": "Chardonnay", "seo_name": "chardonnay", "has_detailed_info": true, "wines_count": 597329}]}, "company": null, "phone": null, "external_id": null, "residential": null, "vat_number": null, "vat_code": null, "addition": null}, "image": null, "location": null, "winery_group": {"id": 450, "name": "Femar Vini", "website": "https://www.femarvini.com/eng/index.asp"}, "first_wines": [], "sponsored_entity_type": null, "sponsored_entity": null}, "statistics": {"status": "Normal", "ratings_count": 327, "ratings_average": 3.5, "labels_count": 6270, "vintages_count": 17}, "rank": {"country": {"description": "Rang von Italien", "total": 210247, "rank": 30001}, "region": {"description": "Rang von Weinregion", "total": 13953, "rank": 2481}, "winery": {"description": "Rang vom Weingut", "total": 48, "rank": 34}, "wine_type": {"description": "Rang in allen Wei\u00dfwein", "total": 394073, "rank": 38706}, "global": {"description": "Weltweiter Rang", "total": 1287385, "rank": 151458}}, "hidden": false, "vintages": [{"id": 164601698, "seo_name": "epicuro-fiano-2020", "name": "Epicuro Fiano 2020", "statistics": {"status": "Normal", "ratings_count": 28, "ratings_average": 3.7, "labels_count": 402, "reviews_count": 12}, "year": 2020, "grapes": null, "has_valid_ratings": true}, {"id": 163355007, "seo_name": "epicuro-fiano-2019", "name": "Epicuro Fiano 2019", "statistics": {"status": "Normal", "ratings_count": 64, "ratings_average": 3.7, "labels_count": 1209, "reviews_count": 23}, "year": 2019, "grapes": null, "has_valid_ratings": true}, {"id": 160084327, "seo_name": "epicuro-fiano-2018", "name": "Epicuro Fiano 2018", "statistics": {"status": "Normal", "ratings_count": 185, "ratings_average": 3.5, "labels_count": 4069, "reviews_count": 73}, "year": 2018, "grapes": null, "has_valid_ratings": true}, {"id": 160092884, "seo_name": "epicuro-fiano-2017", "name": "Epicuro Fiano 2017", "statistics": {"status": "Normal", "ratings_count": 22, "ratings_average": 3.5, "labels_count": 365, "reviews_count": 8}, "year": 2017, "grapes": null, "has_valid_ratings": true}, {"id": 161221489, "seo_name": "epicuro-fiano-2016", "name": "Epicuro Fiano 2016", "statistics": {"status": "BelowThreshold", "ratings_count": 1, "ratings_average": 0, "labels_count": 4, "reviews_count": 1}, "year": 2016, "grapes": null, "has_valid_ratings": false}, {"id": 160082119, "seo_name": "epicuro-fiano-uv", "name": "Epicuro Fiano", "statistics": {"status": "Normal", "ratings_count": 327, "ratings_average": 3.5, "labels_count": 189, "reviews_count": 6}, "year": 0, "grapes": null, "has_valid_ratings": true}], "description": "", "grapes": [{"id": 103, "name": "Fiano", "seo_name": "fiano", "has_detailed_info": false, "wines_count": 7418}], "foods": [{"id": 13, "name": "Schalentiere", "background_image": {"location": "//images.vivino.com/backgrounds/foods/13_shellfish.png", "variations": {"small": "//images.vivino.com/backgrounds/foods/thumbs/13_shellfish_932x810.png"}}, "seo_name": "shellfish"}, {"id": 19, "name": "Vegetarische Gerichte", "background_image": {"location": "//images.vivino.com/backgrounds/foods/19_vegetarian.png", "variations": {"small": "//images.vivino.com/backgrounds/foods/thumbs/19_vegetarian_932x810.png"}}, "seo_name": "vegetarian"}, {"id": 27, "name": "Vorspeisen und Snacks", "background_image": {"location": "//images.vivino.com/backgrounds/foods/27_appetizers-snacks.png", "variations": {"small": "//images.vivino.com/backgrounds/foods/thumbs/27_appetizers-snacks_932x810.png"}}, "seo_name": null}], "non_vintage": false, "alcohol": 0, "sweetness_id": null, "closure": null, "vintage_mask_raw": null, "updated_at": "2021-02-16T18:06:42Z", "created_at": "2019-03-28T09:00:25Z", "is_first_wine": false, "style": {"id": 209, "seo_name": "southern-italy-white", "regional_name": "Southern Italy", "varietal_name": "White", "name": "S\u00fcditalien Wei\u00df", "image": null, "background_image": {"location": "//images.vivino.com/backgrounds/styles/GrrBdaJHRpuDtC5ltll5AQ.jpg", "variations": {"small": "//images.vivino.com/backgrounds/styles/thumbs/GrrBdaJHRpuDtC5ltll5AQ_932x810.jpg"}}, "description": "Italy is responsible for some of the finest wines in the world, and while Northern Italy receives the majority of the plaudits, there is some excellent wine emerging from the sparsely populated southern regions.\n\nFiano and Greco are the two big white varietals in Campania and Basilicata, while Sicily has become known for their Bianco d'Alcamo, a dry wine made from the Marsala grape.\n\nSouthern Italy's reputation has taken a beating in recent years as they have become known for producing bulk wine that they can't sell, and the reputation seems to endure despite some lovely wine coming from Sicily, Campania and Basilicata.\n\nFiano tends to be a wonderfully creamy white wine with lots of green apple skin and pear. Greco, arguably Campania's flagship white grape, is a lot crisper, and typically has an abundance of minerality, lemon notes and pear.\n\nThe white wine of Southern Italy pairs extremely well with the creamy regional cuisine, as well as with some freshly caught fish or shellfish.", "blurb": null, "interesting_facts": ["The Greco grape is thought to have been brought to Italy by the Greeks.", "Italy is currently the largest wine producing country in the world."], "body": 3, "body_description": "Mittlerer K\u00f6rper", "acidity": 3, "acidity_description": "Hoch", "country": {"code": "it", "name": "Italien", "native_name": "Italia", "seo_name": "italy", "currency": {"code": "EUR", "name": "Euros", "prefix": "\u20ac", "suffix": null}, "regions_count": 555, "users_count": 3800165, "wines_count": 351993, "wineries_count": 41153, "most_used_grapes": [{"id": 16, "name": "Sangiovese", "seo_name": "sangiovese", "has_detailed_info": true, "wines_count": 123993}, {"id": 10, "name": "Merlot", "seo_name": "merlot", "has_detailed_info": true, "wines_count": 560926}, {"id": 5, "name": "Chardonnay", "seo_name": "chardonnay", "has_detailed_info": true, "wines_count": 597329}]}, "wine_type_id": 2, "food": [{"id": 13, "name": "Shellfish", "background_image": {"location": "//images.vivino.com/backgrounds/foods/13_shellfish.png", "variations": {"small": "//images.vivino.com/backgrounds/foods/thumbs/13_shellfish_932x810.png"}}, "seo_name": "shellfish"}, {"id": 19, "name": "Vegetarian", "background_image": {"location": "//images.vivino.com/backgrounds/foods/19_vegetarian.png", "variations": {"small": "//images.vivino.com/backgrounds/foods/thumbs/19_vegetarian_932x810.png"}}, "seo_name": "vegetarian"}, {"id": 27, "name": "Appetizers and snacks", "background_image": {"location": "//images.vivino.com/backgrounds/foods/27_appetizers-snacks.png", "variations": {"small": "//images.vivino.com/backgrounds/foods/thumbs/27_appetizers-snacks_932x810.png"}}, "seo_name": null}], "grapes": [{"id": 39, "name": "Malvasia", "seo_name": "malvasia", "has_detailed_info": false, "wines_count": 31054}, {"id": 103, "name": "Fiano", "seo_name": "fiano", "has_detailed_info": false, "wines_count": 7418}, {"id": 184, "name": "Catarratto Bianco", "seo_name": "catarratto-bianco", "has_detailed_info": false, "wines_count": 4564}], "region": null}, "has_valid_ratings": true}, "description": "", "expert_reviews": null, "wine_critic_reviews": [], "awards": [], "ratings_distribution": {"1": 2, "2": 2, "3": 26, "4": 30, "5": 4}, "ranking": {"country": {"description": "Rang von Italien", "total": 1543866, "rank": 285637}, "region": {"description": "Rang von Weinregion", "total": 95579, "rank": 20208}, "winery": {"description": "Rang vom Weingut", "total": 612, "rank": 258}, "global": {"description": "Weltweiter Rang", "total": 8825168, "rank": 1492526}}, "wine_facts": {"alcohol": 12.5, "contains_milk_allergens": false, "contains_egg_allergens": false}, "winemaker": null, "wine_maker": null, "grape_composition": {"103": 100}, "year": 2019, "grapes": [{"id": 103, "name": "Fiano", "seo_name": "fiano", "has_detailed_info": false, "wines_count": 7418}], "has_valid_ratings": true}, "carts": null, "price_range": {"currency": {"code": "EUR", "name": "Euros", "prefix": "\u20ac", "suffix": null}, "price_range": {"minimum": 0, "maximum": 500, "currency_code": "EUR"}, "defaults": {"minimum": 7, "maximum": 30, "currency_code": "EUR"}}, "subtotal_price": null, "full_region": null, "tastes": null, "wine": {"id": 7168005, "name": "Fiano", "seo_name": "fiano", "type_id": 2, "vintage_type": 0, "is_natural": false, "region": {"id": 548, "name": "Puglia", "name_en": "", "seo_name": "puglia", "country": {"code": "it", "name": "Italien", "native_name": "Italia", "seo_name": "italy", "currency": {"code": "EUR", "name": "Euros", "prefix": "\u20ac", "suffix": null}, "regions_count": 555, "users_count": 3800165, "wines_count": 351993, "wineries_count": 41153, "most_used_grapes": [{"id": 16, "name": "Sangiovese", "seo_name": "sangiovese", "has_detailed_info": true, "wines_count": 123993}, {"id": 10, "name": "Merlot", "seo_name": "merlot", "has_detailed_info": true, "wines_count": 560926}, {"id": 5, "name": "Chardonnay", "seo_name": "chardonnay", "has_detailed_info": true, "wines_count": 597329}]}, "parent_id": null, "background_image": {"location": "//images.vivino.com/regions/backgrounds/zvEE2A4JTZq6HbUjYLimWA.jpg", "variations": {"large": "//thumbs.vivino.com/region_backgrounds/zvEE2A4JTZq6HbUjYLimWA_1280x760.jpg", "medium": "//thumbs.vivino.com/region_backgrounds/zvEE2A4JTZq6HbUjYLimWA_600x356.jpg"}}, "class": {"typecast_map": {"background_image": {}, "class": {}}}, "statistics": {"wineries_count": 2646, "wines_count": 16758, "sub_regions_count": 31, "parent_regions_count": 0}}, "review_status": 2, "winery": {"id": 225336, "name": "Epicuro", "seo_name": "epicuro", "status": 0, "review_status": "Completed", "background_image": null, "statistics": {"ratings_count": 99558, "ratings_average": 3.8, "labels_count": 911475, "wines_count": 48}, "region": {"id": 548, "name": "Puglia", "name_en": "", "seo_name": "puglia", "country": {"code": "it", "name": "Italien", "native_name": "Italia", "seo_name": "italy", "currency": {"code": "EUR", "name": "Euros", "prefix": "\u20ac", "suffix": null}, "regions_count": 555, "users_count": 3800165, "wines_count": 351993, "wineries_count": 41153, "most_used_grapes": [{"id": 16, "name": "Sangiovese", "seo_name": "sangiovese", "has_detailed_info": true, "wines_count": 123993}, {"id": 10, "name": "Merlot", "seo_name": "merlot", "has_detailed_info": true, "wines_count": 560926}, {"id": 5, "name": "Chardonnay", "seo_name": "chardonnay", "has_detailed_info": true, "wines_count": 597329}]}, "parent_id": null, "background_image": {"location": "//images.vivino.com/regions/backgrounds/zvEE2A4JTZq6HbUjYLimWA.jpg", "variations": {"large": "//thumbs.vivino.com/region_backgrounds/zvEE2A4JTZq6HbUjYLimWA_1280x760.jpg", "medium": "//thumbs.vivino.com/region_backgrounds/zvEE2A4JTZq6HbUjYLimWA_600x356.jpg"}}, "class": {"typecast_map": {"background_image": {}, "class": {}}}, "statistics": {"wineries_count": 2646, "wines_count": 16758, "sub_regions_count": 31, "parent_regions_count": 0}}, "business_name": "Epicuro", "description": "", "specialists_notes": "", "phone": "", "email": "", "facebook": "", "instagram": "", "is_claimed": false, "twitter": "", "website": "", "winemaker": null, "wine_maker": null, "address": {"title": null, "name": null, "street": null, "street2": null, "neighborhood": null, "city": null, "zip": null, "state": null, "country": {"code": "it", "name": "Italien", "native_name": "Italia", "seo_name": "italy", "currency": {"code": "EUR", "name": "Euros", "prefix": "\u20ac", "suffix": null}, "regions_count": 555, "users_count": 3800165, "wines_count": 351993, "wineries_count": 41153, "most_used_grapes": [{"id": 16, "name": "Sangiovese", "seo_name": "sangiovese", "has_detailed_info": true, "wines_count": 123993}, {"id": 10, "name": "Merlot", "seo_name": "merlot", "has_detailed_info": true, "wines_count": 560926}, {"id": 5, "name": "Chardonnay", "seo_name": "chardonnay", "has_detailed_info": true, "wines_count": 597329}]}, "company": null, "phone": null, "external_id": null, "residential": null, "vat_number": null, "vat_code": null, "addition": null}, "image": null, "location": null, "winery_group": {"id": 450, "name": "Femar Vini", "website": "https://www.femarvini.com/eng/index.asp"}, "first_wines": [], "sponsored_entity_type": null, "sponsored_entity": null}, "statistics": {"status": "Normal", "ratings_count": 327, "ratings_average": 3.5, "labels_count": 6270, "vintages_count": 17}, "rank": {"country": {"description": "Rang von Italien", "total": 210247, "rank": 30001}, "region": {"description": "Rang von Weinregion", "total": 13953, "rank": 2481}, "winery": {"description": "Rang vom Weingut", "total": 48, "rank": 34}, "wine_type": {"description": "Rang in allen Wei\u00dfwein", "total": 394073, "rank": 38706}, "global": {"description": "Weltweiter Rang", "total": 1287385, "rank": 151458}}, "hidden": false, "vintages": [{"id": 164601698, "seo_name": "epicuro-fiano-2020", "name": "Epicuro Fiano 2020", "statistics": {"status": "Normal", "ratings_count": 28, "ratings_average": 3.7, "labels_count": 402, "reviews_count": 12}, "year": 2020, "grapes": null, "has_valid_ratings": true}, {"id": 163355007, "seo_name": "epicuro-fiano-2019", "name": "Epicuro Fiano 2019", "statistics": {"status": "Normal", "ratings_count": 64, "ratings_average": 3.7, "labels_count": 1209, "reviews_count": 23}, "year": 2019, "grapes": null, "has_valid_ratings": true}, {"id": 160084327, "seo_name": "epicuro-fiano-2018", "name": "Epicuro Fiano 2018", "statistics": {"status": "Normal", "ratings_count": 185, "ratings_average": 3.5, "labels_count": 4069, "reviews_count": 73}, "year": 2018, "grapes": null, "has_valid_ratings": true}, {"id": 160092884, "seo_name": "epicuro-fiano-2017", "name": "Epicuro Fiano 2017", "statistics": {"status": "Normal", "ratings_count": 22, "ratings_average": 3.5, "labels_count": 365, "reviews_count": 8}, "year": 2017, "grapes": null, "has_valid_ratings": true}, {"id": 161221489, "seo_name": "epicuro-fiano-2016", "name": "Epicuro Fiano 2016", "statistics": {"status": "BelowThreshold", "ratings_count": 1, "ratings_average": 0, "labels_count": 4, "reviews_count": 1}, "year": 2016, "grapes": null, "has_valid_ratings": false}, {"id": 160082119, "seo_name": "epicuro-fiano-uv", "name": "Epicuro Fiano", "statistics": {"status": "Normal", "ratings_count": 327, "ratings_average": 3.5, "labels_count": 189, "reviews_count": 6}, "year": 0, "grapes": null, "has_valid_ratings": true}], "description": "", "grapes": [{"id": 103, "name": "Fiano", "seo_name": "fiano", "has_detailed_info": false, "wines_count": 7418}], "foods": [{"id": 13, "name": "Schalentiere", "background_image": {"location": "//images.vivino.com/backgrounds/foods/13_shellfish.png", "variations": {"small": "//images.vivino.com/backgrounds/foods/thumbs/13_shellfish_932x810.png"}}, "seo_name": "shellfish"}, {"id": 19, "name": "Vegetarische Gerichte", "background_image": {"location": "//images.vivino.com/backgrounds/foods/19_vegetarian.png", "variations": {"small": "//images.vivino.com/backgrounds/foods/thumbs/19_vegetarian_932x810.png"}}, "seo_name": "vegetarian"}, {"id": 27, "name": "Vorspeisen und Snacks", "background_image": {"location": "//images.vivino.com/backgrounds/foods/27_appetizers-snacks.png", "variations": {"small": "//images.vivino.com/backgrounds/foods/thumbs/27_appetizers-snacks_932x810.png"}}, "seo_name": null}], "non_vintage": false, "alcohol": 0, "sweetness_id": null, "closure": null, "vintage_mask_raw": null, "updated_at": "2021-02-16T18:06:42Z", "created_at": "2019-03-28T09:00:25Z", "is_first_wine": false, "style": {"id": 209, "seo_name": "southern-italy-white", "regional_name": "Southern Italy", "varietal_name": "White", "name": "S\u00fcditalien Wei\u00df", "image": null, "background_image": {"location": "//images.vivino.com/backgrounds/styles/GrrBdaJHRpuDtC5ltll5AQ.jpg", "variations": {"small": "//images.vivino.com/backgrounds/styles/thumbs/GrrBdaJHRpuDtC5ltll5AQ_932x810.jpg"}}, "description": "Italy is responsible for some of the finest wines in the world, and while Northern Italy receives the majority of the plaudits, there is some excellent wine emerging from the sparsely populated southern regions.\n\nFiano and Greco are the two big white varietals in Campania and Basilicata, while Sicily has become known for their Bianco d'Alcamo, a dry wine made from the Marsala grape.\n\nSouthern Italy's reputation has taken a beating in recent years as they have become known for producing bulk wine that they can't sell, and the reputation seems to endure despite some lovely wine coming from Sicily, Campania and Basilicata.\n\nFiano tends to be a wonderfully creamy white wine with lots of green apple skin and pear. Greco, arguably Campania's flagship white grape, is a lot crisper, and typically has an abundance of minerality, lemon notes and pear.\n\nThe white wine of Southern Italy pairs extremely well with the creamy regional cuisine, as well as with some freshly caught fish or shellfish.", "blurb": null, "interesting_facts": ["The Greco grape is thought to have been brought to Italy by the Greeks.", "Italy is currently the largest wine producing country in the world."], "body": 3, "body_description": "Mittlerer K\u00f6rper", "acidity": 3, "acidity_description": "Hoch", "country": {"code": "it", "name": "Italien", "native_name": "Italia", "seo_name": "italy", "currency": {"code": "EUR", "name": "Euros", "prefix": "\u20ac", "suffix": null}, "regions_count": 555, "users_count": 3800165, "wines_count": 351993, "wineries_count": 41153, "most_used_grapes": [{"id": 16, "name": "Sangiovese", "seo_name": "sangiovese", "has_detailed_info": true, "wines_count": 123993}, {"id": 10, "name": "Merlot", "seo_name": "merlot", "has_detailed_info": true, "wines_count": 560926}, {"id": 5, "name": "Chardonnay", "seo_name": "chardonnay", "has_detailed_info": true, "wines_count": 597329}]}, "wine_type_id": 2, "food": [{"id": 13, "name": "Shellfish", "background_image": {"location": "//images.vivino.com/backgrounds/foods/13_shellfish.png", "variations": {"small": "//images.vivino.com/backgrounds/foods/thumbs/13_shellfish_932x810.png"}}, "seo_name": "shellfish"}, {"id": 19, "name": "Vegetarian", "background_image": {"location": "//images.vivino.com/backgrounds/foods/19_vegetarian.png", "variations": {"small": "//images.vivino.com/backgrounds/foods/thumbs/19_vegetarian_932x810.png"}}, "seo_name": "vegetarian"}, {"id": 27, "name": "Appetizers and snacks", "background_image": {"location": "//images.vivino.com/backgrounds/foods/27_appetizers-snacks.png", "variations": {"small": "//images.vivino.com/backgrounds/foods/thumbs/27_appetizers-snacks_932x810.png"}}, "seo_name": null}], "grapes": [{"id": 39, "name": "Malvasia", "seo_name": "malvasia", "has_detailed_info": false, "wines_count": 31054}, {"id": 103, "name": "Fiano", "seo_name": "fiano", "has_detailed_info": false, "wines_count": 7418}, {"id": 184, "name": "Catarratto Bianco", "seo_name": "catarratto-bianco", "has_detailed_info": false, "wines_count": 4564}], "region": null}, "has_valid_ratings": true}, "price": {"id": 23026181, "vintage_id": 163355007, "amount": 10.8, "type": "vc", "currency": {"code": "EUR", "name": "Euros", "prefix": "\u20ac", "suffix": null}, "bottle_type_id": 1, "inventory_bottles_count": 64, "url": "https://www.weinunion.de/_sku650028296_pidpa_viv.html?utm_medium=pref-cpc&utm_source=vivino-ppc", "message": "", "producer_address": "Epicuro,22, Via Colle Pisano, 4, 00040 Monte Porzio Catone RM, Italien,*IT-BIO-004, DE-OeKO-007", "importer_address": "Bernard-Massard Jakobstr. 8 54202 Trier ", "discounted_from": null, "bottle_type": {"id": 1, "name": "Flasche (0,75\u00a0l)", "short_name": "Flasche", "short_name_plural": "Flaschen", "volume_ml": 750}}, "highlights": [], "merchant": {"id": 265, "name": "Weinunion.de", "seo_name": "weinunion-de", "legal_name": "WeinUnion", "description": "Versandkostenfrei f\u00fcr Bestellungen ab 80 EUR", "country": {"code": "de", "name": "Deutschland", "native_name": "Deutschland", "seo_name": "germany", "currency": {"code": "EUR", "name": "Euros", "prefix": "\u20ac", "suffix": null}, "regions_count": 210, "users_count": 2117308, "wines_count": 197796, "wineries_count": 13493, "most_used_grapes": [{"id": 15, "name": "Riesling", "seo_name": "riesling", "has_detailed_info": true, "wines_count": 259925}, {"id": 299, "name": "Sp\u00e4tburgunder", "seo_name": "spatburgunder", "has_detailed_info": false, "wines_count": 49659}, {"id": 355, "name": "Weissburgunder", "seo_name": "weissburgunder", "has_detailed_info": false, "wines_count": 33123}]}, "state": null, "status": 3, "image": {"location": "//images.vivino.com/merchants/originals/p1cm9n7r0000089.png", "variations": {"large_square": "//images.vivino.com/merchants/thumbs/p1cm9n7r0000089_400x400.jpg", "medium_square": "//images.vivino.com/merchants/thumbs/p1cm9n7r0000089_320x320.jpg", "small_square": "//images.vivino.com/merchants/thumbs/p1cm9n7r0000089_160x160.jpg"}}, "shipping_estimate": "Lieferung voraussichtlich zwischen Di, 21.\u00a0Dez und Fr, 24.\u00a0Dez", "impressum_url": "http://www.weinunion.de/cgi-bin/wein.pl?t=impressum2", "tos_url": "http://www.weinunion.de/cgi-bin/wein.pl?t=agb", "vc_clearing_system": 0, "hidden": false}, "sold_out": false, "prices_and_availability": {"market": {"country": "de", "currency": {"code": "EUR", "name": "Euros", "prefix": "\u20ac", "suffix": null}}, "availability": {"vintage": {"id": 163355007, "year": 2019, "grapes": null, "has_valid_ratings": false}, "median": {"amount": 10.8, "type": "market", "discounted_from": null}, "price": {"id": 23026181, "amount": 10.8, "discounted_from": 0.0, "type": "vc"}}, "merchants_with_prices": [{"merchant": {"id": 265, "name": "Weinunion.de", "seo_name": "weinunion-de", "legal_name": "WeinUnion", "description": "Versandkostenfrei f\u00fcr Bestellungen ab 80 EUR", "country": {"code": "de", "name": "Deutschland", "native_name": "Deutschland", "seo_name": "germany", "currency": {"code": "EUR", "name": "Euros", "prefix": "\u20ac", "suffix": null}, "regions_count": 210, "users_count": 2117308, "wines_count": 197796, "wineries_count": 13493, "most_used_grapes": [{"id": 15, "name": "Riesling", "seo_name": "riesling", "has_detailed_info": true, "wines_count": 259925}, {"id": 299, "name": "Sp\u00e4tburgunder", "seo_name": "spatburgunder", "has_detailed_info": false, "wines_count": 49659}, {"id": 355, "name": "Weissburgunder", "seo_name": "weissburgunder", "has_detailed_info": false, "wines_count": 33123}]}, "state": null, "status": 3, "image": {"location": "//images.vivino.com/merchants/originals/p1cm9n7r0000089.png", "variations": {"large_square": "//images.vivino.com/merchants/thumbs/p1cm9n7r0000089_400x400.jpg", "medium_square": "//images.vivino.com/merchants/thumbs/p1cm9n7r0000089_320x320.jpg", "small_square": "//images.vivino.com/merchants/thumbs/p1cm9n7r0000089_160x160.jpg"}}, "shipping_estimate": "Lieferung voraussichtlich zwischen Di, 21.\u00a0Dez und Fr, 24.\u00a0Dez", "impressum_url": "http://www.weinunion.de/cgi-bin/wein.pl?t=impressum2", "tos_url": "http://www.weinunion.de/cgi-bin/wein.pl?t=agb", "vc_clearing_system": 0, "hidden": false}, "prices": [{"id": 23026181, "vintage_id": 163355007, "amount": 10.8, "type": "vc", "currency": {"code": "EUR", "name": "Euros", "prefix": "\u20ac", "suffix": null}, "bottle_type_id": 1, "inventory_bottles_count": 64, "url": "https://www.weinunion.de/_sku650028296_pidpa_viv.html?utm_medium=pref-cpc&utm_source=vivino-ppc", "message": "", "producer_address": "Epicuro,22, Via Colle Pisano, 4, 00040 Monte Porzio Catone RM, Italien,*IT-BIO-004, DE-OeKO-007", "importer_address": "Bernard-Massard Jakobstr. 8 54202 Trier ", "discounted_from": null, "bottle_type": {"id": 1, "name": "Flasche (0,75\u00a0l)", "short_name": "Flasche", "short_name_plural": "Flaschen", "volume_ml": 750}}]}, {"merchant": {"id": 22141, "name": "Wein und Getr\u00e4nke-Welt Weiser oHG", "seo_name": "wein-und-getranke-welt-weiser-ohg", "legal_name": null, "description": "Mobile-friendly checkout. No minimum order.", "country": {"code": "de", "name": "Deutschland", "native_name": "Deutschland", "seo_name": "germany", "currency": {"code": "EUR", "name": "Euros", "prefix": "\u20ac", "suffix": null}, "regions_count": 210, "users_count": 2117308, "wines_count": 197796, "wineries_count": 13493, "most_used_grapes": [{"id": 15, "name": "Riesling", "seo_name": "riesling", "has_detailed_info": true, "wines_count": 259925}, {"id": 299, "name": "Sp\u00e4tburgunder", "seo_name": "spatburgunder", "has_detailed_info": false, "wines_count": 49659}, {"id": 355, "name": "Weissburgunder", "seo_name": "weissburgunder", "has_detailed_info": false, "wines_count": 33123}]}, "state": null, "status": 0, "image": null, "shipping_estimate": "Lieferung bis Mi, 22.\u00a0Dez", "impressum_url": null, "tos_url": null, "vc_clearing_system": 0, "hidden": false}, "prices": [{"id": 23871284, "vintage_id": 163355007, "amount": 8.75, "type": "ppc", "currency": {"code": "EUR", "name": "Euros", "prefix": "\u20ac", "suffix": null}, "bottle_type_id": 1, "inventory_bottles_count": null, "url": "https://www.getraenkewelt-weiser.de/category.php/wein/italien/apulien/epicuro-f-italian-fiano-0-75-ltr-puglia-2019-18966.html?utm_medium=pref-cpc&utm_source=vivino-ppc", "message": "", "producer_address": "Via Fontana Candida, 3C 00040 Monteporzio Catone (Roma) Italien", "importer_address": "", "discounted_from": null, "bottle_type": {"id": 1, "name": "Flasche (0,75\u00a0l)", "short_name": "Flasche", "short_name_plural": "Flaschen", "volume_ml": 750}}]}]}, "found_by_merchant_and_sku": null, "is_deal_page": false}