{"vintage": {"id": 159360494, "seo_name": "les-jamelles-chardonnay-2019", "name": "Les Jamelles Chardonnay 2019", "statistics": {"status": "Normal", "ratings_count": 580, "ratings_average": 3.6, "labels_count": 7958, "reviews_count": 210}, "organic_certification_id": null, "certified_biodynamic": false, "image": {"location": "//images.vivino.com/thumbs/WREYKHT-RWWuTbd1HAs8xw_pl_480x640.png", "variations": {"bottle_large": "//images.vivino.com/thumbs/WREYKHT-RWWuTbd1HAs8xw_pb_x960.png", "bottle_medium": "//images.vivino.com/thumbs/WREYKHT-RWWuTbd1HAs8xw_pb_x600.png", "bottle_medium_square": "//images.vivino.com/thumbs/WREYKHT-RWWuTbd1HAs8xw_pb_600x600.png", "bottle_small": "//images.vivino.com/thumbs/WREYKHT-RWWuTbd1HAs8xw_pb_x300.png", "bottle_small_square": "//images.vivino.com/thumbs/WREYKHT-RWWuTbd1HAs8xw_pb_300x300.png", "label": "//images.vivino.com/thumbs/WREYKHT-RWWuTbd1HAs8xw_pl_480x640.png", "label_large": "//images.vivino.com/thumbs/WREYKHT-RWWuTbd1HAs8xw_pl_375x500.png", "label_medium": "//images.vivino.com/thumbs/WREYKHT-RWWuTbd1HAs8xw_pl_150x200.png", "label_medium_square": "//images.vivino.com/thumbs/WREYKHT-RWWuTbd1HAs8xw_pl_150x150.png", "label_small_square": "//images.vivino.com/thumbs/WREYKHT-RWWuTbd1HAs8xw_pl_80x80.png", "large": "//images.vivino.com/thumbs/WREYKHT-RWWuTbd1HAs8xw_pl_375x500.png", "medium": "//images.vivino.com/thumbs/WREYKHT-RWWuTbd1HAs8xw_pl_150x200.png", "medium_square": "//images.vivino.com/thumbs/WREYKHT-RWWuTbd1HAs8xw_pl_150x150.png", "small_square": "//images.vivino.com/thumbs/WREYKHT-RWWuTbd1HAs8xw_pl_80x80.png"}}, "wine": {"id": 10549, "name": "Chardonnay", "seo_name": "chardonnay", "type_id": 2, "vintage_type": 0, "is_natural": false, "region": {"id": 3003, "name": "Pays d'Oc", "name_en": "Sud de France", "seo_name": "vin-de-pays-doc", "country": {"code": "fr", "name": "Frankreich", "native_name": "France", "seo_name": "france", "currency": {"code": "EUR", "name": "Euros", "prefix": "\u20ac", "suffix": null}, "regions_count": 1291, "users_count": 4913559, "wines_count": 537022, "wineries_count": 66898, "most_used_grapes": [{"id": 14, "name": "Pinot Noir", "seo_name": "pinot-noir", "has_detailed_info": true, "wines_count": 565547}, {"id": 10, "name": "Merlot", "seo_name": "merlot", "has_detailed_info": true, "wines_count": 560926}, {"id": 5, "name": "Chardonnay", "seo_name": "chardonnay", "has_detailed_info": true, "wines_count": 597329}]}, "parent_id": 986, "background_image": {"location": "//images.vivino.com/regions/backgrounds/hBYxUIfHQnmqI_QhKoYxxA.jpg", "variations": {"large": "//thumbs.vivino.com/region_backgrounds/hBYxUIfHQnmqI_QhKoYxxA_1280x760.jpg", "medium": "//thumbs.vivino.com/region_backgrounds/hBYxUIfHQnmqI_QhKoYxxA_600x356.jpg"}}, "class": {"typecast_map": {"background_image": {}, "class": {}}}, "statistics": {"wineries_count": 2150, "wines_count": 25490, "sub_regions_count": 24, "parent_regions_count": 1}}, "review_status": 2, "winery": {"id": 3987, "name": "Les Jamelles", "seo_name": "les-jamelles", "status": 1, "review_status": "Completed", "background_image": null, "statistics": {"ratings_count": 50762, "ratings_average": 3.7, "labels_count": 410027, "wines_count": 83}, "region": {"id": 3003, "name": "Pays d'Oc", "name_en": "Sud de France", "seo_name": "vin-de-pays-doc", "country": {"code": "fr", "name": "Frankreich", "native_name": "France", "seo_name": "france", "currency": {"code": "EUR", "name": "Euros", "prefix": "\u20ac", "suffix": null}, "regions_count": 1291, "users_count": 4913559, "wines_count": 537022, "wineries_count": 66898, "most_used_grapes": [{"id": 14, "name": "Pinot Noir", "seo_name": "pinot-noir", "has_detailed_info": true, "wines_count": 565547}, {"id": 10, "name": "Merlot", "seo_name": "merlot", "has_detailed_info": true, "wines_count": 560926}, {"id": 5, "name": "Chardonnay", "seo_name": "chardonnay", "has_detailed_info": true, "wines_count": 597329}]}, "parent_id": 986, "background_image": {"location": "//images.vivino.com/regions/backgrounds/hBYxUIfHQnmqI_QhKoYxxA.jpg", "variations": {"large": "//thumbs.vivino.com/region_backgrounds/hBYxUIfHQnmqI_QhKoYxxA_1280x760.jpg", "medium": "//thumbs.vivino.com/region_backgrounds/hBYxUIfHQnmqI_QhKoYxxA_600x356.jpg"}}, "class": {"typecast_map": {"background_image": {}, "class": {}}}, "statistics": {"wineries_count": 2150, "wines_count": 25490, "sub_regions_count": 24, "parent_regions_count": 1}}, "business_name": "Les Jamelles", "description": "Les Jamelles, a unique collection of expressive and tasty varietal wines from the French southern Pays d'Oc, to share with family and friends simple and convivial moments of pleasure.", "specialists_notes": "", "phone": "+33 468246000", "email": "contact@les-jamelles.com", "facebook": "https://www.facebook.com/pg/lesjamelles/about/?ref=page_internal", "instagram": "https://www.instagram.com/lesjamelles/", "is_claimed": true, "twitter": "", "website": "http://www.les-jamelles.com", "winemaker": "Catherine Delaunay", "wine_maker": {"id": 1872, "name": "Catherine Delaunay"}, "address": {"title": null, "name": null, "street": "1 Route des Corbi\u00e8res", "street2": null, "neighborhood": null, "city": "Monze", "zip": "11800", "state": null, "country": {"code": "fr", "name": "Frankreich", "native_name": "France", "seo_name": "france", "currency": {"code": "EUR", "name": "Euros", "prefix": "\u20ac", "suffix": null}, "regions_count": 1291, "users_count": 4913559, "wines_count": 537022, "wineries_count": 66898, "most_used_grapes": [{"id": 14, "name": "Pinot Noir", "seo_name": "pinot-noir", "has_detailed_info": true, "wines_count": 565547}, {"id": 10, "name": "Merlot", "seo_name": "merlot", "has_detailed_info": true, "wines_count": 560926}, {"id": 5, "name": "Chardonnay", "seo_name": "chardonnay", "has_detailed_info": true, "wines_count": 597329}]}, "company": null, "phone": null, "external_id": null, "residential": null, "vat_number": null, "vat_code": null, "addition": null}, "image": null, "location": {"latitude": 43.15842, "longitude": 2.459312}, "winery_group": null, "first_wines": [], "sponsored_entity_type": null, "sponsored_entity": null}, "statistics": {"status": "Normal", "ratings_count": 3637, "ratings_average": 3.6, "labels_count": 29991, "vintages_count": 41}, "rank": {"country": {"description": "Rang von Frankreich", "total": 314254, "rank": 32790}, "region": {"description": "Rang von Weinregion", "total": 8941, "rank": 485}, "winery": {"description": "Rang vom Weingut", "total": 83, "rank": 16}, "wine_type": {"description": "Rang in allen Wei\u00dfwein", "total": 394049, "rank": 30478}, "global": {"description": "Weltweiter Rang", "total": 1287357, "rank": 121056}}, "hidden": false, "vintages": [{"id": 164981601, "seo_name": "les-jamelles-chardonnay-2020", "name": "Les Jamelles Chardonnay 2020", "statistics": {"status": "Normal", "ratings_count": 36, "ratings_average": 3.8, "labels_count": 341, "reviews_count": 14}, "year": 2020, "grapes": null, "has_valid_ratings": true}, {"id": 159360494, "seo_name": "les-jamelles-chardonnay-2019", "name": "Les Jamelles Chardonnay 2019", "statistics": {"status": "Normal", "ratings_count": 580, "ratings_average": 3.6, "labels_count": 7958, "reviews_count": 210}, "year": 2019, "grapes": null, "has_valid_ratings": true}, {"id": 156144175, "seo_name": "les-jamelles-chardonnay-2018", "name": "Les Jamelles Chardonnay 2018", "statistics": {"status": "Normal", "ratings_count": 821, "ratings_average": 3.6, "labels_count": 9542, "reviews_count": 332}, "year": 2018, "grapes": null, "has_valid_ratings": true}, {"id": 153164461, "seo_name": "les-jamelles-chardonnay-2017", "name": "Les Jamelles Chardonnay 2017", "statistics": {"status": "Normal", "ratings_count": 458, "ratings_average": 3.8, "labels_count": 3044, "reviews_count": 188}, "year": 2017, "grapes": null, "has_valid_ratings": true}, {"id": 141452220, "seo_name": "les-jamelles-chardonnay-2016", "name": "Les Jamelles Chardonnay 2016", "statistics": {"status": "Normal", "ratings_count": 271, "ratings_average": 3.7, "labels_count": 1898, "reviews_count": 106}, "year": 2016, "grapes": null, "has_valid_ratings": true}, {"id": 19024897, "seo_name": "les-jamelles-chardonnay-2015", "name": "Les Jamelles Chardonnay 2015", "statistics": {"status": "Normal", "ratings_count": 604, "ratings_average": 3.6, "labels_count": 3426, "reviews_count": 200}, "year": 2015, "grapes": null, "has_valid_ratings": true}, {"id": 4372171, "seo_name": "les-jamelles-chardonnay-2014", "name": "Les Jamelles Chardonnay 2014", "statistics": {"status": "Normal", "ratings_count": 224, "ratings_average": 3.6, "labels_count": 1359, "reviews_count": 80}, "year": 2014, "grapes": null, "has_valid_ratings": true}, {"id": 5919983, "seo_name": "les-jamelles-chardonnay-2013", "name": "Les Jamelles Chardonnay 2013", "statistics": {"status": "Normal", "ratings_count": 148, "ratings_average": 3.6, "labels_count": 670, "reviews_count": 62}, "year": 2013, "grapes": null, "has_valid_ratings": true}, {"id": 2482119, "seo_name": "les-jamelles-chardonnay-2012", "name": "Les Jamelles Chardonnay 2012", "statistics": {"status": "Normal", "ratings_count": 166, "ratings_average": 3.5, "labels_count": 637, "reviews_count": 65}, "year": 2012, "grapes": null, "has_valid_ratings": true}, {"id": 1540977, "seo_name": "les-jamelles-chardonnay-2011", "name": "Les Jamelles Chardonnay 2011", "statistics": {"status": "Normal", "ratings_count": 56, "ratings_average": 3.3, "labels_count": 334, "reviews_count": 16}, "year": 2011, "grapes": null, "has_valid_ratings": true}, {"id": 1767630, "seo_name": "les-jamelles-chardonnay-2010", "name": "Les Jamelles Chardonnay 2010", "statistics": {"status": "Normal", "ratings_count": 19, "ratings_average": 3.2, "labels_count": 127, "reviews_count": 5}, "year": 2010, "grapes": null, "has_valid_ratings": true}, {"id": 1354870, "seo_name": "les-jamelles-chardonnay-2009", "name": "Les Jamelles Chardonnay 2009", "statistics": {"status": "Normal", "ratings_count": 20, "ratings_average": 3.4, "labels_count": 122, "reviews_count": 5}, "year": 2009, "grapes": null, "has_valid_ratings": true}, {"id": 1261997, "seo_name": "les-jamelles-chardonnay-2008", "name": "Les Jamelles Chardonnay 2008", "statistics": {"status": "Normal", "ratings_count": 23, "ratings_average": 3.8, "labels_count": 124, "reviews_count": 8}, "year": 2008, "grapes": null, "has_valid_ratings": true}, {"id": 11184, "seo_name": "les-jamelles-chardonnay-2007", "name": "Les Jamelles Chardonnay 2007", "statistics": {"status": "BelowThreshold", "ratings_count": 1, "ratings_average": 0, "labels_count": 40, "reviews_count": 0}, "year": 2007, "grapes": null, "has_valid_ratings": false}, {"id": 7071483, "seo_name": "les-jamelles-chardonnay-2005", "name": "Les Jamelles Chardonnay 2005", "statistics": {"status": "BelowThreshold", "ratings_count": 3, "ratings_average": 0, "labels_count": 11, "reviews_count": 0}, "year": 2005, "grapes": null, "has_valid_ratings": false}, {"id": 1364377, "seo_name": "les-jamelles-chardonnay-2003", "name": "Les Jamelles Chardonnay 2003", "statistics": {"status": "BelowThreshold", "ratings_count": 2, "ratings_average": 0, "labels_count": 13, "reviews_count": 0}, "year": 2003, "grapes": null, "has_valid_ratings": false}, {"id": 1270517, "seo_name": "les-jamelles-chardonnay-2002", "name": "Les Jamelles Chardonnay 2002", "statistics": {"status": "BelowThreshold", "ratings_count": 2, "ratings_average": 0, "labels_count": 25, "reviews_count": 1}, "year": 2002, "grapes": null, "has_valid_ratings": false}, {"id": 2289600, "seo_name": "les-jamelles-chardonnay-2001", "name": "Les Jamelles Chardonnay 2001", "statistics": {"status": "BelowThreshold", "ratings_count": 1, "ratings_average": 0, "labels_count": 31, "reviews_count": 1}, "year": 2001, "grapes": null, "has_valid_ratings": false}, {"id": 163453445, "seo_name": "les-jamelles-chardonnay-1987", "name": "Les Jamelles Chardonnay 1987", "statistics": {"status": "BelowThreshold", "ratings_count": 1, "ratings_average": 0, "labels_count": 3, "reviews_count": 1}, "year": 1987, "grapes": null, "has_valid_ratings": false}, {"id": 2579624, "seo_name": "les-jamelles-chardonnay-uv", "name": "Les Jamelles Chardonnay", "statistics": {"status": "Normal", "ratings_count": 3637, "ratings_average": 3.6, "labels_count": 119, "reviews_count": 82}, "year": 0, "grapes": null, "has_valid_ratings": true}], "description": "Our Chardonnay is a fresh and fruity wine with lots of richness, in the Burgundian style. It is clear and limpid, with a lovely golden colour, aromas of apricots, pears and green apples, notes of walnuts and hazelnuts, a hint of white flowers, and a slightly buttery finish. It has subtle and well-integrated notes of vanilla oak, combined with a slightly lemony note.", "grapes": [{"id": 5, "name": "Chardonnay", "seo_name": "chardonnay", "has_detailed_info": true, "wines_count": 597329}], "foods": [{"id": 5, "name": "Pasta", "background_image": {"location": "//images.vivino.com/backgrounds/foods/5_pasta.png", "variations": {"small": "//images.vivino.com/backgrounds/foods/thumbs/5_pasta_932x810.png"}}, "seo_name": null}, {"id": 19, "name": "Vegetarische Gerichte", "background_image": {"location": "//images.vivino.com/backgrounds/foods/19_vegetarian.png", "variations": {"small": "//images.vivino.com/backgrounds/foods/thumbs/19_vegetarian_932x810.png"}}, "seo_name": "vegetarian"}, {"id": 20, "name": "Gefl\u00fcgel", "background_image": {"location": "//images.vivino.com/backgrounds/foods/20_chicken.png", "variations": {"small": "//images.vivino.com/backgrounds/foods/thumbs/20_chicken_932x810.png"}}, "seo_name": "poultry"}, {"id": 28, "name": "Magerer Fisch", "background_image": {"location": "//images.vivino.com/backgrounds/foods/28_leanfish.png", "variations": {"small": "//images.vivino.com/backgrounds/foods/thumbs/28_leanfish_932x810.png"}}, "seo_name": null}, {"id": 40, "name": "Aperitif", "background_image": {"location": "//images.vivino.com/backgrounds/foods/40_aperitif.png", "variations": {"small": "//images.vivino.com/backgrounds/foods/thumbs/40_aperitif_932x810.png"}}, "seo_name": null}], "non_vintage": false, "alcohol": 12.5, "sweetness_id": 5, "closure": "synthetic", "vintage_mask_raw": null, "updated_at": "2021-11-25T19:41:30Z", "created_at": "2009-01-29T03:16:47Z", "is_first_wine": false, "style": {"id": 96, "seo_name": "languedoc-roussillon-white", "regional_name": "Languedoc-Roussillon", "varietal_name": "White", "name": "Languedoc-Roussillon Wei\u00df Frankreich", "image": null, "background_image": {"location": "//images.vivino.com/backgrounds/styles/IYAJ-0H_TIGBXbDajENrUQ.jpg", "variations": {"small": "//images.vivino.com/backgrounds/styles/thumbs/IYAJ-0H_TIGBXbDajENrUQ_932x810.jpg"}}, "description": "Wine from the Languedoc-Roussillon region is produced in the South of France, ranging from the Mediterranean coast to Provence. Chardonnay, Chenin Blanc, Picpoul, Muscat, and Mauzac are some of the most important white grapes in the region.\n\nAlthough there is great diversity and volume of wine produced in this region, white wines are typically aromatic and crisp, often with floral and stone fruit notes.\n\nThere are some outstanding values to be found in wines from this region. Many wines from this area retail for well under $20.\n\nAlthough the region has been known to produce cheap table wine in the past, many vineyards and cooperatives are replacing lesser quality vines with higher quality wine varieties and production methods. The quality has been steadily improving since the 1970s when the region was best known for churning out cheap jug wine.\n\nSome of the more notable white wines to come out of this region include the sparkling Cr\u00e9mant de Limoux, which is produced using M\u00e9thode Traditionnelle. These sparklers offer great bang for the buck!", "blurb": null, "interesting_facts": ["Languedoc-Roussillon is home to a the biggest wine producing region in the world, responsible for over 1/3 of France's wine production.", "During the World Wars, the French army received its daily wine rations from  Languedoc-Roussillon.", "Languedoc-Roussillon is one of the oldest wine producing regions in France and is said to date back to at least 6000 BC.", "During the 14th century, wines from Languedoc-Roussillon were prescribed by doctors and hospitals to help various ailments."], "body": 4, "body_description": "Voller K\u00f6rper", "acidity": 3, "acidity_description": "Hoch", "country": {"code": "fr", "name": "Frankreich", "native_name": "France", "seo_name": "france", "currency": {"code": "EUR", "name": "Euros", "prefix": "\u20ac", "suffix": null}, "regions_count": 1291, "users_count": 4913559, "wines_count": 537022, "wineries_count": 66898, "most_used_grapes": [{"id": 14, "name": "Pinot Noir", "seo_name": "pinot-noir", "has_detailed_info": true, "wines_count": 565547}, {"id": 10, "name": "Merlot", "seo_name": "merlot", "has_detailed_info": true, "wines_count": 560926}, {"id": 5, "name": "Chardonnay", "seo_name": "chardonnay", "has_detailed_info": true, "wines_count": 597329}]}, "wine_type_id": 2, "food": [{"id": 5, "name": "Pasta", "background_image": {"location": "//images.vivino.com/backgrounds/foods/5_pasta.png", "variations": {"small": "//images.vivino.com/backgrounds/foods/thumbs/5_pasta_932x810.png"}}, "seo_name": null}, {"id": 19, "name": "Vegetarian", "background_image": {"location": "//images.vivino.com/backgrounds/foods/19_vegetarian.png", "variations": {"small": "//images.vivino.com/backgrounds/foods/thumbs/19_vegetarian_932x810.png"}}, "seo_name": "vegetarian"}, {"id": 20, "name": "Poultry", "background_image": {"location": "//images.vivino.com/backgrounds/foods/20_chicken.png", "variations": {"small": "//images.vivino.com/backgrounds/foods/thumbs/20_chicken_932x810.png"}}, "seo_name": "poultry"}, {"id": 28, "name": "Lean fish", "background_image": {"location": "//images.vivino.com/backgrounds/foods/28_leanfish.png", "variations": {"small": "//images.vivino.com/backgrounds/foods/thumbs/28_leanfish_932x810.png"}}, "seo_name": null}, {"id": 40, "name": "Aperitif", "background_image": {"location": "//images.vivino.com/backgrounds/foods/40_aperitif.png", "variations": {"small": "//images.vivino.com/backgrounds/foods/thumbs/40_aperitif_932x810.png"}}, "seo_name": null}], "grapes": [{"id": 56, "name": "Grenache Blanc", "seo_name": "grenache-blanc", "has_detailed_info": false, "wines_count": 38620}, {"id": 132, "name": "Bourboulenc", "seo_name": "bourboulenc", "has_detailed_info": false, "wines_count": 8849}], "region": {"id": 536, "name": "Languedoc-Roussillon", "name_en": "", "seo_name": "languedoc-roussillon", "country": {"code": "fr", "name": "Frankreich", "native_name": "France", "seo_name": "france", "currency": {"code": "EUR", "name": "Euros", "prefix": "\u20ac", "suffix": null}, "regions_count": 1291, "users_count": 4913559, "wines_count": 537022, "wineries_count": 66898, "most_used_grapes": [{"id": 14, "name": "Pinot Noir", "seo_name": "pinot-noir", "has_detailed_info": true, "wines_count": 565547}, {"id": 10, "name": "Merlot", "seo_name": "merlot", "has_detailed_info": true, "wines_count": 560926}, {"id": 5, "name": "Chardonnay", "seo_name": "chardonnay", "has_detailed_info": true, "wines_count": 597329}]}, "parent_id": null, "background_image": {"location": "//images.vivino.com/regions/backgrounds/-iw2xwauQ7GnxGGUkTGolw.jpg", "variations": {"large": "//thumbs.vivino.com/region_backgrounds/-iw2xwauQ7GnxGGUkTGolw_1280x760.jpg", "medium": "//thumbs.vivino.com/region_backgrounds/-iw2xwauQ7GnxGGUkTGolw_600x356.jpg"}}, "statistics": {"wineries_count": 6545, "wines_count": 27744, "sub_regions_count": 21, "parent_regions_count": 0}}}, "has_valid_ratings": true}, "description": "", "expert_reviews": null, "wine_critic_reviews": [], "awards": [], "ratings_distribution": {"1": 11, "2": 43, "3": 231, "4": 246, "5": 49}, "ranking": {"country": {"description": "Rang von Frankreich", "total": 2463361, "rank": 314956}, "region": {"description": "Rang von Weinregion", "total": 56328, "rank": 4175}, "winery": {"description": "Rang vom Weingut", "total": 856, "rank": 137}, "global": {"description": "Weltweiter Rang", "total": 8824776, "rank": 1139164}}, "top_list_rankings": [{"rank": 22, "previous_rank": 22, "description": null, "top_list": {"id": 168432, "name": "Derzeit topbewertete 25 Languedoc-Roussillon White Weine in Deutschland", "seo_name": "top-25-languedoc-roussillon-white-wines-germany-right-now-ge", "country": "de", "state": null, "level": 0, "intro_header": null, "description": "Dies sind die topbewerteten 25 Languedoc-Roussillon White Weine, die k\u00fcrzlich so von Vivino-Nutzern in Deutschland bewertet wurden.<br><br>M\u00f6chten Sie Ihre Favoriten in der Liste sehen? Denken Sie daran, sie zu bewerten und pr\u00fcfen Sie jede Woche die Liste.<br>N\u00e4chste Aktualisierung in 6 Tage", "short_description": "Dies sind die topbewerteten 25Languedoc-Roussillon White Weine, die so von Vivino-Nutzern bewertet wurden und die jede Woche aktualisiert werden.", "updated_at": "2021-12-17T02:16:12.000Z", "image": {"location": "//images.vivino.com/top_lists/toplist_chart_expensive.png", "variations": {"medium": "//images.vivino.com/top_lists/toplist_chart_expensive_468x276.png"}}, "icon": null, "author": null}}], "wine_facts": {"alcohol": 13.5, "residual_sugar_grams_per_liter": 4, "acidity_grams_per_liter": 5, "contains_milk_allergens": false, "contains_egg_allergens": true, "certified_biodynamic": false, "drink_until": 2023}, "winemaker": null, "wine_maker": null, "grape_composition": {"5": 100}, "year": 2019, "grapes": [{"id": 5, "name": "Chardonnay", "seo_name": "chardonnay", "has_detailed_info": true, "wines_count": 597329}], "has_valid_ratings": true}, "carts": null, "price_range": {"currency": {"code": "EUR", "name": "Euros", "prefix": "\u20ac", "suffix": null}, "price_range": {"minimum": 0, "maximum": 500, "currency_code": "EUR"}, "defaults": {"minimum": 7, "maximum": 30, "currency_code": "EUR"}}, "subtotal_price": null, "full_region": null, "tastes": null, "wine": {"id": 10549, "name": "Chardonnay", "seo_name": "chardonnay", "type_id": 2, "vintage_type": 0, "is_natural": false, "region": {"id": 3003, "name": "Pays d'Oc", "name_en": "Sud de France", "seo_name": "vin-de-pays-doc", "country": {"code": "fr", "name": "Frankreich", "native_name": "France", "seo_name": "france", "currency": {"code": "EUR", "name": "Euros", "prefix": "\u20ac", "suffix": null}, "regions_count": 1291, "users_count": 4913559, "wines_count": 537022, "wineries_count": 66898, "most_used_grapes": [{"id": 14, "name": "Pinot Noir", "seo_name": "pinot-noir", "has_detailed_info": true, "wines_count": 565547}, {"id": 10, "name": "Merlot", "seo_name": "merlot", "has_detailed_info": true, "wines_count": 560926}, {"id": 5, "name": "Chardonnay", "seo_name": "chardonnay", "has_detailed_info": true, "wines_count": 597329}]}, "parent_id": 986, "background_image": {"location": "//images.vivino.com/regions/backgrounds/hBYxUIfHQnmqI_QhKoYxxA.jpg", "variations": {"large": "//thumbs.vivino.com/region_backgrounds/hBYxUIfHQnmqI_QhKoYxxA_1280x760.jpg", "medium": "//thumbs.vivino.com/region_backgrounds/hBYxUIfHQnmqI_QhKoYxxA_600x356.jpg"}}, "class": {"typecast_map": {"background_image": {}, "class": {}}}, "statistics": {"wineries_count": 2150, "wines_count": 25490, "sub_regions_count": 24, "parent_regions_count": 1}}, "review_status": 2, "winery": {"id": 3987, "name": "Les Jamelles", "seo_name": "les-jamelles", "status": 1, "review_status": "Completed", "background_image": null, "statistics": {"ratings_count": 50762, "ratings_average": 3.7, "labels_count": 410027, "wines_count": 83}, "region": {"id": 3003, "name": "Pays d'Oc", "name_en": "Sud de France", "seo_name": "vin-de-pays-doc", "country": {"code": "fr", "name": "Frankreich", "native_name": "France", "seo_name": "france", "currency": {"code": "EUR", "name": "Euros", "prefix": "\u20ac", "suffix": null}, "regions_count": 1291, "users_count": 4913559, "wines_count": 537022, "wineries_count": 66898, "most_used_grapes": [{"id": 14, "name": "Pinot Noir", "seo_name": "pinot-noir", "has_detailed_info": true, "wines_count": 565547}, {"id": 10, "name": "Merlot", "seo_name": "merlot", "has_detailed_info": true, "wines_count": 560926}, {"id": 5, "name": "Chardonnay", "seo_name": "chardonnay", "has_detailed_info": true, "wines_count": 597329}]}, "parent_id": 986, "background_image": {"location": "//images.vivino.com/regions/backgrounds/hBYxUIfHQnmqI_QhKoYxxA.jpg", "variations": {"large": "//thumbs.vivino.com/region_backgrounds/hBYxUIfHQnmqI_QhKoYxxA_1280x760.jpg", "medium": "//thumbs.vivino.com/region_backgrounds/hBYxUIfHQnmqI_QhKoYxxA_600x356.jpg"}}, "class": {"typecast_map": {"background_image": {}, "class": {}}}, "statistics": {"wineries_count": 2150, "wines_count": 25490, "sub_regions_count": 24, "parent_regions_count": 1}}, "business_name": "Les Jamelles", "description": "Les Jamelles, a unique collection of expressive and tasty varietal wines from the French southern Pays d'Oc, to share with family and friends simple and convivial moments of pleasure.", "specialists_notes": "", "phone": "+33 468246000", "email": "contact@les-jamelles.com", "facebook": "https://www.facebook.com/pg/lesjamelles/about/?ref=page_internal", "instagram": "https://www.instagram.com/lesjamelles/", "is_claimed": true, "twitter": "", "website": "http://www.les-jamelles.com", "winemaker": "Catherine Delaunay", "wine_maker": {"id": 1872, "name": "Catherine Delaunay"}, "address": {"title": null, "name": null, "street": "1 Route des Corbi\u00e8res", "street2": null, "neighborhood": null, "city": "Monze", "zip": "11800", "state": null, "country": {"code": "fr", "name": "Frankreich", "native_name": "France", "seo_name": "france", "currency": {"code": "EUR", "name": "Euros", "prefix": "\u20ac", "suffix": null}, "regions_count": 1291, "users_count": 4913559, "wines_count": 537022, "wineries_count": 66898, "most_used_grapes": [{"id": 14, "name": "Pinot Noir", "seo_name": "pinot-noir", "has_detailed_info": true, "wines_count": 565547}, {"id": 10, "name": "Merlot", "seo_name": "merlot", "has_detailed_info": true, "wines_count": 560926}, {"id": 5, "name": "Chardonnay", "seo_name": "chardonnay", "has_detailed_info": true, "wines_count": 597329}]}, "company": null, "phone": null, "external_id": null, "residential": null, "vat_number": null, "vat_code": null, "addition": null}, "image": null, "location": {"latitude": 43.15842, "longitude": 2.459312}, "winery_group": null, "first_wines": [], "sponsored_entity_type": null, "sponsored_entity": null}, "statistics": {"status": "Normal", "ratings_count": 3637, "ratings_average": 3.6, "labels_count": 29991, "vintages_count": 41}, "rank": {"country": {"description": "Rang von Frankreich", "total": 314254, "rank": 32790}, "region": {"description": "Rang von Weinregion", "total": 8941, "rank": 485}, "winery": {"description": "Rang vom Weingut", "total": 83, "rank": 16}, "wine_type": {"description": "Rang in allen Wei\u00dfwein", "total": 394049, "rank": 30478}, "global": {"description": "Weltweiter Rang", "total": 1287357, "rank": 121056}}, "hidden": false, "vintages": [{"id": 164981601, "seo_name": "les-jamelles-chardonnay-2020", "name": "Les Jamelles Chardonnay 2020", "statistics": {"status": "Normal", "ratings_count": 36, "ratings_average": 3.8, "labels_count": 341, "reviews_count": 14}, "year": 2020, "grapes": null, "has_valid_ratings": true}, {"id": 159360494, "seo_name": "les-jamelles-chardonnay-2019", "name": "Les Jamelles Chardonnay 2019", "statistics": {"status": "Normal", "ratings_count": 580, "ratings_average": 3.6, "labels_count": 7958, "reviews_count": 210}, "year": 2019, "grapes": null, "has_valid_ratings": true}, {"id": 156144175, "seo_name": "les-jamelles-chardonnay-2018", "name": "Les Jamelles Chardonnay 2018", "statistics": {"status": "Normal", "ratings_count": 821, "ratings_average": 3.6, "labels_count": 9542, "reviews_count": 332}, "year": 2018, "grapes": null, "has_valid_ratings": true}, {"id": 153164461, "seo_name": "les-jamelles-chardonnay-2017", "name": "Les Jamelles Chardonnay 2017", "statistics": {"status": "Normal", "ratings_count": 458, "ratings_average": 3.8, "labels_count": 3044, "reviews_count": 188}, "year": 2017, "grapes": null, "has_valid_ratings": true}, {"id": 141452220, "seo_name": "les-jamelles-chardonnay-2016", "name": "Les Jamelles Chardonnay 2016", "statistics": {"status": "Normal", "ratings_count": 271, "ratings_average": 3.7, "labels_count": 1898, "reviews_count": 106}, "year": 2016, "grapes": null, "has_valid_ratings": true}, {"id": 19024897, "seo_name": "les-jamelles-chardonnay-2015", "name": "Les Jamelles Chardonnay 2015", "statistics": {"status": "Normal", "ratings_count": 604, "ratings_average": 3.6, "labels_count": 3426, "reviews_count": 200}, "year": 2015, "grapes": null, "has_valid_ratings": true}, {"id": 4372171, "seo_name": "les-jamelles-chardonnay-2014", "name": "Les Jamelles Chardonnay 2014", "statistics": {"status": "Normal", "ratings_count": 224, "ratings_average": 3.6, "labels_count": 1359, "reviews_count": 80}, "year": 2014, "grapes": null, "has_valid_ratings": true}, {"id": 5919983, "seo_name": "les-jamelles-chardonnay-2013", "name": "Les Jamelles Chardonnay 2013", "statistics": {"status": "Normal", "ratings_count": 148, "ratings_average": 3.6, "labels_count": 670, "reviews_count": 62}, "year": 2013, "grapes": null, "has_valid_ratings": true}, {"id": 2482119, "seo_name": "les-jamelles-chardonnay-2012", "name": "Les Jamelles Chardonnay 2012", "statistics": {"status": "Normal", "ratings_count": 166, "ratings_average": 3.5, "labels_count": 637, "reviews_count": 65}, "year": 2012, "grapes": null, "has_valid_ratings": true}, {"id": 1540977, "seo_name": "les-jamelles-chardonnay-2011", "name": "Les Jamelles Chardonnay 2011", "statistics": {"status": "Normal", "ratings_count": 56, "ratings_average": 3.3, "labels_count": 334, "reviews_count": 16}, "year": 2011, "grapes": null, "has_valid_ratings": true}, {"id": 1767630, "seo_name": "les-jamelles-chardonnay-2010", "name": "Les Jamelles Chardonnay 2010", "statistics": {"status": "Normal", "ratings_count": 19, "ratings_average": 3.2, "labels_count": 127, "reviews_count": 5}, "year": 2010, "grapes": null, "has_valid_ratings": true}, {"id": 1354870, "seo_name": "les-jamelles-chardonnay-2009", "name": "Les Jamelles Chardonnay 2009", "statistics": {"status": "Normal", "ratings_count": 20, "ratings_average": 3.4, "labels_count": 122, "reviews_count": 5}, "year": 2009, "grapes": null, "has_valid_ratings": true}, {"id": 1261997, "seo_name": "les-jamelles-chardonnay-2008", "name": "Les Jamelles Chardonnay 2008", "statistics": {"status": "Normal", "ratings_count": 23, "ratings_average": 3.8, "labels_count": 124, "reviews_count": 8}, "year": 2008, "grapes": null, "has_valid_ratings": true}, {"id": 11184, "seo_name": "les-jamelles-chardonnay-2007", "name": "Les Jamelles Chardonnay 2007", "statistics": {"status": "BelowThreshold", "ratings_count": 1, "ratings_average": 0, "labels_count": 40, "reviews_count": 0}, "year": 2007, "grapes": null, "has_valid_ratings": false}, {"id": 7071483, "seo_name": "les-jamelles-chardonnay-2005", "name": "Les Jamelles Chardonnay 2005", "statistics": {"status": "BelowThreshold", "ratings_count": 3, "ratings_average": 0, "labels_count": 11, "reviews_count": 0}, "year": 2005, "grapes": null, "has_valid_ratings": false}, {"id": 1364377, "seo_name": "les-jamelles-chardonnay-2003", "name": "Les Jamelles Chardonnay 2003", "statistics": {"status": "BelowThreshold", "ratings_count": 2, "ratings_average": 0, "labels_count": 13, "reviews_count": 0}, "year": 2003, "grapes": null, "has_valid_ratings": false}, {"id": 1270517, "seo_name": "les-jamelles-chardonnay-2002", "name": "Les Jamelles Chardonnay 2002", "statistics": {"status": "BelowThreshold", "ratings_count": 2, "ratings_average": 0, "labels_count": 25, "reviews_count": 1}, "year": 2002, "grapes": null, "has_valid_ratings": false}, {"id": 2289600, "seo_name": "les-jamelles-chardonnay-2001", "name": "Les Jamelles Chardonnay 2001", "statistics": {"status": "BelowThreshold", "ratings_count": 1, "ratings_average": 0, "labels_count": 31, "reviews_count": 1}, "year": 2001, "grapes": null, "has_valid_ratings": false}, {"id": 163453445, "seo_name": "les-jamelles-chardonnay-1987", "name": "Les Jamelles Chardonnay 1987", "statistics": {"status": "BelowThreshold", "ratings_count": 1, "ratings_average": 0, "labels_count": 3, "reviews_count": 1}, "year": 1987, "grapes": null, "has_valid_ratings": false}, {"id": 2579624, "seo_name": "les-jamelles-chardonnay-uv", "name": "Les Jamelles Chardonnay", "statistics": {"status": "Normal", "ratings_count": 3637, "ratings_average": 3.6, "labels_count": 119, "reviews_count": 82}, "year": 0, "grapes": null, "has_valid_ratings": true}], "description": "Our Chardonnay is a fresh and fruity wine with lots of richness, in the Burgundian style. It is clear and limpid, with a lovely golden colour, aromas of apricots, pears and green apples, notes of walnuts and hazelnuts, a hint of white flowers, and a slightly buttery finish. It has subtle and well-integrated notes of vanilla oak, combined with a slightly lemony note.", "grapes": [{"id": 5, "name": "Chardonnay", "seo_name": "chardonnay", "has_detailed_info": true, "wines_count": 597329}], "foods": [{"id": 5, "name": "Pasta", "background_image": {"location": "//images.vivino.com/backgrounds/foods/5_pasta.png", "variations": {"small": "//images.vivino.com/backgrounds/foods/thumbs/5_pasta_932x810.png"}}, "seo_name": null}, {"id": 19, "name": "Vegetarische Gerichte", "background_image": {"location": "//images.vivino.com/backgrounds/foods/19_vegetarian.png", "variations": {"small": "//images.vivino.com/backgrounds/foods/thumbs/19_vegetarian_932x810.png"}}, "seo_name": "vegetarian"}, {"id": 20, "name": "Gefl\u00fcgel", "background_image": {"location": "//images.vivino.com/backgrounds/foods/20_chicken.png", "variations": {"small": "//images.vivino.com/backgrounds/foods/thumbs/20_chicken_932x810.png"}}, "seo_name": "poultry"}, {"id": 28, "name": "Magerer Fisch", "background_image": {"location": "//images.vivino.com/backgrounds/foods/28_leanfish.png", "variations": {"small": "//images.vivino.com/backgrounds/foods/thumbs/28_leanfish_932x810.png"}}, "seo_name": null}, {"id": 40, "name": "Aperitif", "background_image": {"location": "//images.vivino.com/backgrounds/foods/40_aperitif.png", "variations": {"small": "//images.vivino.com/backgrounds/foods/thumbs/40_aperitif_932x810.png"}}, "seo_name": null}], "non_vintage": false, "alcohol": 12.5, "sweetness_id": 5, "closure": "synthetic", "vintage_mask_raw": null, "updated_at": "2021-11-25T19:41:30Z", "created_at": "2009-01-29T03:16:47Z", "is_first_wine": false, "style": {"id": 96, "seo_name": "languedoc-roussillon-white", "regional_name": "Languedoc-Roussillon", "varietal_name": "White", "name": "Languedoc-Roussillon Wei\u00df Frankreich", "image": null, "background_image": {"location": "//images.vivino.com/backgrounds/styles/IYAJ-0H_TIGBXbDajENrUQ.jpg", "variations": {"small": "//images.vivino.com/backgrounds/styles/thumbs/IYAJ-0H_TIGBXbDajENrUQ_932x810.jpg"}}, "description": "Wine from the Languedoc-Roussillon region is produced in the South of France, ranging from the Mediterranean coast to Provence. Chardonnay, Chenin Blanc, Picpoul, Muscat, and Mauzac are some of the most important white grapes in the region.\n\nAlthough there is great diversity and volume of wine produced in this region, white wines are typically aromatic and crisp, often with floral and stone fruit notes.\n\nThere are some outstanding values to be found in wines from this region. Many wines from this area retail for well under $20.\n\nAlthough the region has been known to produce cheap table wine in the past, many vineyards and cooperatives are replacing lesser quality vines with higher quality wine varieties and production methods. The quality has been steadily improving since the 1970s when the region was best known for churning out cheap jug wine.\n\nSome of the more notable white wines to come out of this region include the sparkling Cr\u00e9mant de Limoux, which is produced using M\u00e9thode Traditionnelle. These sparklers offer great bang for the buck!", "blurb": null, "interesting_facts": ["Languedoc-Roussillon is home to a the biggest wine producing region in the world, responsible for over 1/3 of France's wine production.", "During the World Wars, the French army received its daily wine rations from  Languedoc-Roussillon.", "Languedoc-Roussillon is one of the oldest wine producing regions in France and is said to date back to at least 6000 BC.", "During the 14th century, wines from Languedoc-Roussillon were prescribed by doctors and hospitals to help various ailments."], "body": 4, "body_description": "Voller K\u00f6rper", "acidity": 3, "acidity_description": "Hoch", "country": {"code": "fr", "name": "Frankreich", "native_name": "France", "seo_name": "france", "currency": {"code": "EUR", "name": "Euros", "prefix": "\u20ac", "suffix": null}, "regions_count": 1291, "users_count": 4913559, "wines_count": 537022, "wineries_count": 66898, "most_used_grapes": [{"id": 14, "name": "Pinot Noir", "seo_name": "pinot-noir", "has_detailed_info": true, "wines_count": 565547}, {"id": 10, "name": "Merlot", "seo_name": "merlot", "has_detailed_info": true, "wines_count": 560926}, {"id": 5, "name": "Chardonnay", "seo_name": "chardonnay", "has_detailed_info": true, "wines_count": 597329}]}, "wine_type_id": 2, "food": [{"id": 5, "name": "Pasta", "background_image": {"location": "//images.vivino.com/backgrounds/foods/5_pasta.png", "variations": {"small": "//images.vivino.com/backgrounds/foods/thumbs/5_pasta_932x810.png"}}, "seo_name": null}, {"id": 19, "name": "Vegetarian", "background_image": {"location": "//images.vivino.com/backgrounds/foods/19_vegetarian.png", "variations": {"small": "//images.vivino.com/backgrounds/foods/thumbs/19_vegetarian_932x810.png"}}, "seo_name": "vegetarian"}, {"id": 20, "name": "Poultry", "background_image": {"location": "//images.vivino.com/backgrounds/foods/20_chicken.png", "variations": {"small": "//images.vivino.com/backgrounds/foods/thumbs/20_chicken_932x810.png"}}, "seo_name": "poultry"}, {"id": 28, "name": "Lean fish", "background_image": {"location": "//images.vivino.com/backgrounds/foods/28_leanfish.png", "variations": {"small": "//images.vivino.com/backgrounds/foods/thumbs/28_leanfish_932x810.png"}}, "seo_name": null}, {"id": 40, "name": "Aperitif", "background_image": {"location": "//images.vivino.com/backgrounds/foods/40_aperitif.png", "variations": {"small": "//images.vivino.com/backgrounds/foods/thumbs/40_aperitif_932x810.png"}}, "seo_name": null}], "grapes": [{"id": 56, "name": "Grenache Blanc", "seo_name": "grenache-blanc", "has_detailed_info": false, "wines_count": 38620}, {"id": 132, "name": "Bourboulenc", "seo_name": "bourboulenc", "has_detailed_info": false, "wines_count": 8849}], "region": {"id": 536, "name": "Languedoc-Roussillon", "name_en": "", "seo_name": "languedoc-roussillon", "country": {"code": "fr", "name": "Frankreich", "native_name": "France", "seo_name": "france", "currency": {"code": "EUR", "name": "Euros", "prefix": "\u20ac", "suffix": null}, "regions_count": 1291, "users_count": 4913559, "wines_count": 537022, "wineries_count": 66898, "most_used_grapes": [{"id": 14, "name": "Pinot Noir", "seo_name": "pinot-noir", "has_detailed_info": true, "wines_count": 565547}, {"id": 10, "name": "Merlot", "seo_name": "merlot", "has_detailed_info": true, "wines_count": 560926}, {"id": 5, "name": "Chardonnay", "seo_name": "chardonnay", "has_detailed_info": true, "wines_count": 597329}]}, "parent_id": null, "background_image": {"location": "//images.vivino.com/regions/backgrounds/-iw2xwauQ7GnxGGUkTGolw.jpg", "variations": {"large": "//thumbs.vivino.com/region_backgrounds/-iw2xwauQ7GnxGGUkTGolw_1280x760.jpg", "medium": "//thumbs.vivino.com/region_backgrounds/-iw2xwauQ7GnxGGUkTGolw_600x356.jpg"}}, "statistics": {"wineries_count": 6545, "wines_count": 27744, "sub_regions_count": 21, "parent_regions_count": 0}}}, "has_valid_ratings": true}, "price": {"id": 21872620, "vintage_id": 159360494, "amount": 6.2, "type": "vc", "currency": {"code": "EUR", "name": "Euros", "prefix": "\u20ac", "suffix": null}, "bottle_type_id": 1, "inventory_bottles_count": 99, "bottles_sold_count": 15, "url": "https://www.lakaaf.de/Wein-etc/Weisswein/franzoesischer-Weisswein/Les-Jamelles-Chardonnay-Pays-d-Oc-2019-0-75l.html?utm_medium=pref-cpc&utm_source=vivino-ppc", "message": "", "producer_address": "BADET CLEMENT Et Co. | 10, rue Lavoisier | 21700 Nuits-Saint-Georges", "importer_address": "lakaaf.de, Schoeninger Str. 118, 33129 Delbrueck", "discounted_from": null, "bottle_type": {"id": 1, "name": "Flasche (0,75\u00a0l)", "short_name": "Flasche", "short_name_plural": "Flaschen", "volume_ml": 750}}, "highlights": [{"vintage_id": 159360494, "highlight_type": "oldest_available", "message": "\u00c4ltester Jahrgang", "icon": "https://images.vivino.com/highlights/icon/oldest_available.svg", "metadata": {"price": {"id": 21872620, "type": "vc", "amount": 6.2, "currency": {"code": "EUR", "name": "Euros", "prefix": "\u20ac", "suffix": null}, "discounted_from": null}, "wine_id": 10549, "toplist": null, "ws_award": null, "critic_review_id": null, "ratings_average": 3.6, "ratings_count": 580, "vintage_year": "2019", "rank_type": "region", "ranks": {"country": {"description": "Rang von Frankreich", "total": 2463361, "rank": 314956}, "region": {"description": "Rang von Weinregion", "total": 56328, "rank": 4175}, "winery": {"description": "Rang vom Weingut", "total": 856, "rank": 137}, "global": {"description": "Weltweiter Rang", "total": 8824776, "rank": 1139164}}, "style": {"id": 96, "seo_name": "languedoc-roussillon-white", "regional_name": "Languedoc-Roussillon", "varietal_name": "White", "name": "Languedoc-Roussillon Wei\u00df Frankreich", "image": null, "background_image": {"location": "//images.vivino.com/backgrounds/styles/IYAJ-0H_TIGBXbDajENrUQ.jpg", "variations": {"small": "//images.vivino.com/backgrounds/styles/thumbs/IYAJ-0H_TIGBXbDajENrUQ_932x810.jpg"}}, "description": "Wine from the Languedoc-Roussillon region is produced in the South of France, ranging from the Mediterranean coast to Provence. Chardonnay, Chenin Blanc, Picpoul, Muscat, and Mauzac are some of the most important white grapes in the region.\n\nAlthough there is great diversity and volume of wine produced in this region, white wines are typically aromatic and crisp, often with floral and stone fruit notes.\n\nThere are some outstanding values to be found in wines from this region. Many wines from this area retail for well under $20.\n\nAlthough the region has been known to produce cheap table wine in the past, many vineyards and cooperatives are replacing lesser quality vines with higher quality wine varieties and production methods. The quality has been steadily improving since the 1970s when the region was best known for churning out cheap jug wine.\n\nSome of the more notable white wines to come out of this region include the sparkling Cr\u00e9mant de Limoux, which is produced using M\u00e9thode Traditionnelle. These sparklers offer great bang for the buck!", "blurb": null, "interesting_facts": ["Languedoc-Roussillon is home to a the biggest wine producing region in the world, responsible for over 1/3 of France's wine production.", "During the World Wars, the French army received its daily wine rations from  Languedoc-Roussillon.", "Languedoc-Roussillon is one of the oldest wine producing regions in France and is said to date back to at least 6000 BC.", "During the 14th century, wines from Languedoc-Roussillon were prescribed by doctors and hospitals to help various ailments."], "body": 4, "body_description": "Voller K\u00f6rper", "acidity": 3, "acidity_description": "Hoch", "country": {"code": "fr", "name": "Frankreich", "native_name": "France", "seo_name": "france", "currency": {"code": "EUR", "name": "Euros", "prefix": "\u20ac", "suffix": null}, "regions_count": 1291, "users_count": 4913559, "wines_count": 537022, "wineries_count": 66898, "most_used_grapes": [{"id": 14, "name": "Pinot Noir", "seo_name": "pinot-noir", "has_detailed_info": true, "wines_count": 565547}, {"id": 10, "name": "Merlot", "seo_name": "merlot", "has_detailed_info": true, "wines_count": 560926}, {"id": 5, "name": "Chardonnay", "seo_name": "chardonnay", "has_detailed_info": true, "wines_count": 597329}]}, "wine_type_id": 2, "food": [{"id": 5, "name": "Pasta", "background_image": {"location": "//images.vivino.com/backgrounds/foods/5_pasta.png", "variations": {"small": "//images.vivino.com/backgrounds/foods/thumbs/5_pasta_932x810.png"}}, "seo_name": null}, {"id": 19, "name": "Vegetarian", "background_image": {"location": "//images.vivino.com/backgrounds/foods/19_vegetarian.png", "variations": {"small": "//images.vivino.com/backgrounds/foods/thumbs/19_vegetarian_932x810.png"}}, "seo_name": "vegetarian"}, {"id": 20, "name": "Poultry", "background_image": {"location": "//images.vivino.com/backgrounds/foods/20_chicken.png", "variations": {"small": "//images.vivino.com/backgrounds/foods/thumbs/20_chicken_932x810.png"}}, "seo_name": "poultry"}, {"id": 28, "name": "Lean fish", "background_image": {"location": "//images.vivino.com/backgrounds/foods/28_leanfish.png", "variations": {"small": "//images.vivino.com/backgrounds/foods/thumbs/28_leanfish_932x810.png"}}, "seo_name": null}, {"id": 40, "name": "Aperitif", "background_image": {"location": "//images.vivino.com/backgrounds/foods/40_aperitif.png", "variations": {"small": "//images.vivino.com/backgrounds/foods/thumbs/40_aperitif_932x810.png"}}, "seo_name": null}], "grapes": [{"id": 56, "name": "Grenache Blanc", "seo_name": "grenache-blanc", "has_detailed_info": false, "wines_count": 38620}, {"id": 132, "name": "Bourboulenc", "seo_name": "bourboulenc", "has_detailed_info": false, "wines_count": 8849}], "region": {"id": 536, "name": "Languedoc-Roussillon", "name_en": "", "seo_name": "languedoc-roussillon", "country": {"code": "fr", "name": "Frankreich", "native_name": "France", "seo_name": "france", "currency": {"code": "EUR", "name": "Euros", "prefix": "\u20ac", "suffix": null}, "regions_count": 1291, "users_count": 4913559, "wines_count": 537022, "wineries_count": 66898, "most_used_grapes": [{"id": 14, "name": "Pinot Noir", "seo_name": "pinot-noir", "has_detailed_info": true, "wines_count": 565547}, {"id": 10, "name": "Merlot", "seo_name": "merlot", "has_detailed_info": true, "wines_count": 560926}, {"id": 5, "name": "Chardonnay", "seo_name": "chardonnay", "has_detailed_info": true, "wines_count": 597329}]}, "parent_id": null, "background_image": {"location": "//images.vivino.com/regions/backgrounds/-iw2xwauQ7GnxGGUkTGolw.jpg", "variations": {"large": "//thumbs.vivino.com/region_backgrounds/-iw2xwauQ7GnxGGUkTGolw_1280x760.jpg", "medium": "//thumbs.vivino.com/region_backgrounds/-iw2xwauQ7GnxGGUkTGolw_600x356.jpg"}}, "statistics": {"wineries_count": 6545, "wines_count": 27744, "sub_regions_count": 21, "parent_regions_count": 0}}}}}, {"vintage_id": 159360494, "highlight_type": "cheapest_available", "message": "G\u00fcnstigster verf\u00fcgbarer Jahrgang", "icon": "https://images.vivino.com/highlights/icon/cheapest_available.svg", "metadata": {"price": {"id": 21872620, "type": "vc", "amount": 6.2, "currency": {"code": "EUR", "name": "Euros", "prefix": "\u20ac", "suffix": null}, "discounted_from": null}, "wine_id": 10549, "toplist": null, "ws_award": null, "critic_review_id": null, "ratings_average": 3.6, "ratings_count": 580, "vintage_year": "2019", "rank_type": "region", "ranks": {"country": {"description": "Rang von Frankreich", "total": 2463361, "rank": 314956}, "region": {"description": "Rang von Weinregion", "total": 56328, "rank": 4175}, "winery": {"description": "Rang vom Weingut", "total": 856, "rank": 137}, "global": {"description": "Weltweiter Rang", "total": 8824776, "rank": 1139164}}, "style": {"id": 96, "seo_name": "languedoc-roussillon-white", "regional_name": "Languedoc-Roussillon", "varietal_name": "White", "name": "Languedoc-Roussillon Wei\u00df Frankreich", "image": null, "background_image": {"location": "//images.vivino.com/backgrounds/styles/IYAJ-0H_TIGBXbDajENrUQ.jpg", "variations": {"small": "//images.vivino.com/backgrounds/styles/thumbs/IYAJ-0H_TIGBXbDajENrUQ_932x810.jpg"}}, "description": "Wine from the Languedoc-Roussillon region is produced in the South of France, ranging from the Mediterranean coast to Provence. Chardonnay, Chenin Blanc, Picpoul, Muscat, and Mauzac are some of the most important white grapes in the region.\n\nAlthough there is great diversity and volume of wine produced in this region, white wines are typically aromatic and crisp, often with floral and stone fruit notes.\n\nThere are some outstanding values to be found in wines from this region. Many wines from this area retail for well under $20.\n\nAlthough the region has been known to produce cheap table wine in the past, many vineyards and cooperatives are replacing lesser quality vines with higher quality wine varieties and production methods. The quality has been steadily improving since the 1970s when the region was best known for churning out cheap jug wine.\n\nSome of the more notable white wines to come out of this region include the sparkling Cr\u00e9mant de Limoux, which is produced using M\u00e9thode Traditionnelle. These sparklers offer great bang for the buck!", "blurb": null, "interesting_facts": ["Languedoc-Roussillon is home to a the biggest wine producing region in the world, responsible for over 1/3 of France's wine production.", "During the World Wars, the French army received its daily wine rations from  Languedoc-Roussillon.", "Languedoc-Roussillon is one of the oldest wine producing regions in France and is said to date back to at least 6000 BC.", "During the 14th century, wines from Languedoc-Roussillon were prescribed by doctors and hospitals to help various ailments."], "body": 4, "body_description": "Voller K\u00f6rper", "acidity": 3, "acidity_description": "Hoch", "country": {"code": "fr", "name": "Frankreich", "native_name": "France", "seo_name": "france", "currency": {"code": "EUR", "name": "Euros", "prefix": "\u20ac", "suffix": null}, "regions_count": 1291, "users_count": 4913559, "wines_count": 537022, "wineries_count": 66898, "most_used_grapes": [{"id": 14, "name": "Pinot Noir", "seo_name": "pinot-noir", "has_detailed_info": true, "wines_count": 565547}, {"id": 10, "name": "Merlot", "seo_name": "merlot", "has_detailed_info": true, "wines_count": 560926}, {"id": 5, "name": "Chardonnay", "seo_name": "chardonnay", "has_detailed_info": true, "wines_count": 597329}]}, "wine_type_id": 2, "food": [{"id": 5, "name": "Pasta", "background_image": {"location": "//images.vivino.com/backgrounds/foods/5_pasta.png", "variations": {"small": "//images.vivino.com/backgrounds/foods/thumbs/5_pasta_932x810.png"}}, "seo_name": null}, {"id": 19, "name": "Vegetarian", "background_image": {"location": "//images.vivino.com/backgrounds/foods/19_vegetarian.png", "variations": {"small": "//images.vivino.com/backgrounds/foods/thumbs/19_vegetarian_932x810.png"}}, "seo_name": "vegetarian"}, {"id": 20, "name": "Poultry", "background_image": {"location": "//images.vivino.com/backgrounds/foods/20_chicken.png", "variations": {"small": "//images.vivino.com/backgrounds/foods/thumbs/20_chicken_932x810.png"}}, "seo_name": "poultry"}, {"id": 28, "name": "Lean fish", "background_image": {"location": "//images.vivino.com/backgrounds/foods/28_leanfish.png", "variations": {"small": "//images.vivino.com/backgrounds/foods/thumbs/28_leanfish_932x810.png"}}, "seo_name": null}, {"id": 40, "name": "Aperitif", "background_image": {"location": "//images.vivino.com/backgrounds/foods/40_aperitif.png", "variations": {"small": "//images.vivino.com/backgrounds/foods/thumbs/40_aperitif_932x810.png"}}, "seo_name": null}], "grapes": [{"id": 56, "name": "Grenache Blanc", "seo_name": "grenache-blanc", "has_detailed_info": false, "wines_count": 38620}, {"id": 132, "name": "Bourboulenc", "seo_name": "bourboulenc", "has_detailed_info": false, "wines_count": 8849}], "region": {"id": 536, "name": "Languedoc-Roussillon", "name_en": "", "seo_name": "languedoc-roussillon", "country": {"code": "fr", "name": "Frankreich", "native_name": "France", "seo_name": "france", "currency": {"code": "EUR", "name": "Euros", "prefix": "\u20ac", "suffix": null}, "regions_count": 1291, "users_count": 4913559, "wines_count": 537022, "wineries_count": 66898, "most_used_grapes": [{"id": 14, "name": "Pinot Noir", "seo_name": "pinot-noir", "has_detailed_info": true, "wines_count": 565547}, {"id": 10, "name": "Merlot", "seo_name": "merlot", "has_detailed_info": true, "wines_count": 560926}, {"id": 5, "name": "Chardonnay", "seo_name": "chardonnay", "has_detailed_info": true, "wines_count": 597329}]}, "parent_id": null, "background_image": {"location": "//images.vivino.com/regions/backgrounds/-iw2xwauQ7GnxGGUkTGolw.jpg", "variations": {"large": "//thumbs.vivino.com/region_backgrounds/-iw2xwauQ7GnxGGUkTGolw_1280x760.jpg", "medium": "//thumbs.vivino.com/region_backgrounds/-iw2xwauQ7GnxGGUkTGolw_600x356.jpg"}}, "statistics": {"wineries_count": 6545, "wines_count": 27744, "sub_regions_count": 21, "parent_regions_count": 0}}}}}], "merchant": {"id": 1498, "name": "La Kaaf.de", "seo_name": "la-kaaf-de", "legal_name": "la Kaaf - Weinhandel Inh. Stefan Kaaf", "description": "Versandkostenfrei f\u00fcr Bestellungen ab 80 EUR", "country": {"code": "de", "name": "Deutschland", "native_name": "Deutschland", "seo_name": "germany", "currency": {"code": "EUR", "name": "Euros", "prefix": "\u20ac", "suffix": null}, "regions_count": 210, "users_count": 2117308, "wines_count": 197796, "wineries_count": 13493, "most_used_grapes": [{"id": 15, "name": "Riesling", "seo_name": "riesling", "has_detailed_info": true, "wines_count": 259925}, {"id": 299, "name": "Sp\u00e4tburgunder", "seo_name": "spatburgunder", "has_detailed_info": false, "wines_count": 49659}, {"id": 355, "name": "Weissburgunder", "seo_name": "weissburgunder", "has_detailed_info": false, "wines_count": 33123}]}, "state": null, "status": 3, "image": {"location": "//images.vivino.com/merchants/originals/p1ctf4da00001eq.jpg", "variations": {"large_square": "//images.vivino.com/merchants/thumbs/p1ctf4da00001eq_400x400.jpg", "medium_square": "//images.vivino.com/merchants/thumbs/p1ctf4da00001eq_320x320.jpg", "small_square": "//images.vivino.com/merchants/thumbs/p1ctf4da00001eq_160x160.jpg"}}, "shipping_estimate": "Lieferung voraussichtlich zwischen Di, 21.\u00a0Dez und Di, 28.\u00a0Dez", "impressum_url": "http://www.lakaaf.de/Specials/Impressum/", "tos_url": "http://www.lakaaf.de/Specials/AGB/", "vc_clearing_system": 0, "hidden": false}, "sold_out": false, "prices_and_availability": {"market": {"country": "de", "currency": {"code": "EUR", "name": "Euros", "prefix": "\u20ac", "suffix": null}}, "availability": {"vintage": {"id": 159360494, "year": 2019, "grapes": null, "has_valid_ratings": false}, "median": {"amount": 6.7, "type": "market", "discounted_from": null}, "price": {"id": 21872620, "amount": 6.2, "discounted_from": 0.0, "type": "vc"}}, "merchants_with_prices": [{"merchant": {"id": 1498, "name": "La Kaaf.de", "seo_name": "la-kaaf-de", "legal_name": "la Kaaf - Weinhandel Inh. Stefan Kaaf", "description": "Versandkostenfrei f\u00fcr Bestellungen ab 80 EUR", "country": {"code": "de", "name": "Deutschland", "native_name": "Deutschland", "seo_name": "germany", "currency": {"code": "EUR", "name": "Euros", "prefix": "\u20ac", "suffix": null}, "regions_count": 210, "users_count": 2117308, "wines_count": 197796, "wineries_count": 13493, "most_used_grapes": [{"id": 15, "name": "Riesling", "seo_name": "riesling", "has_detailed_info": true, "wines_count": 259925}, {"id": 299, "name": "Sp\u00e4tburgunder", "seo_name": "spatburgunder", "has_detailed_info": false, "wines_count": 49659}, {"id": 355, "name": "Weissburgunder", "seo_name": "weissburgunder", "has_detailed_info": false, "wines_count": 33123}]}, "state": null, "status": 3, "image": {"location": "//images.vivino.com/merchants/originals/p1ctf4da00001eq.jpg", "variations": {"large_square": "//images.vivino.com/merchants/thumbs/p1ctf4da00001eq_400x400.jpg", "medium_square": "//images.vivino.com/merchants/thumbs/p1ctf4da00001eq_320x320.jpg", "small_square": "//images.vivino.com/merchants/thumbs/p1ctf4da00001eq_160x160.jpg"}}, "shipping_estimate": "Lieferung voraussichtlich zwischen Di, 21.\u00a0Dez und Di, 28.\u00a0Dez", "impressum_url": "http://www.lakaaf.de/Specials/Impressum/", "tos_url": "http://www.lakaaf.de/Specials/AGB/", "vc_clearing_system": 0, "hidden": false}, "prices": [{"id": 21872620, "vintage_id": 159360494, "amount": 6.2, "type": "vc", "currency": {"code": "EUR", "name": "Euros", "prefix": "\u20ac", "suffix": null}, "bottle_type_id": 1, "inventory_bottles_count": 99, "bottles_sold_count": 15, "url": "https://www.lakaaf.de/Wein-etc/Weisswein/franzoesischer-Weisswein/Les-Jamelles-Chardonnay-Pays-d-Oc-2019-0-75l.html?utm_medium=pref-cpc&utm_source=vivino-ppc", "message": "", "producer_address": "BADET CLEMENT Et Co. | 10, rue Lavoisier | 21700 Nuits-Saint-Georges", "importer_address": "lakaaf.de, Schoeninger Str. 118, 33129 Delbrueck", "discounted_from": null, "bottle_type": {"id": 1, "name": "Flasche (0,75\u00a0l)", "short_name": "Flasche", "short_name_plural": "Flaschen", "volume_ml": 750}}]}, {"merchant": {"id": 17581, "name": "Vineshop24", "seo_name": "vineshop24", "legal_name": "Vineshop24 GmbH & Co. KG", "description": "Versandkostenfrei f\u00fcr Bestellungen ab 80 EUR", "country": {"code": "de", "name": "Deutschland", "native_name": "Deutschland", "seo_name": "germany", "currency": {"code": "EUR", "name": "Euros", "prefix": "\u20ac", "suffix": null}, "regions_count": 210, "users_count": 2117308, "wines_count": 197796, "wineries_count": 13493, "most_used_grapes": [{"id": 15, "name": "Riesling", "seo_name": "riesling", "has_detailed_info": true, "wines_count": 259925}, {"id": 299, "name": "Sp\u00e4tburgunder", "seo_name": "spatburgunder", "has_detailed_info": false, "wines_count": 49659}, {"id": 355, "name": "Weissburgunder", "seo_name": "weissburgunder", "has_detailed_info": false, "wines_count": 33123}]}, "state": null, "status": 3, "image": {"location": "//images.vivino.com/merchants/originals/p1ei8m730000h5d.png", "variations": {"large_square": "//images.vivino.com/merchants/thumbs/p1ei8m730000h5d_400x400.jpg", "medium_square": "//images.vivino.com/merchants/thumbs/p1ei8m730000h5d_320x320.jpg", "small_square": "//images.vivino.com/merchants/thumbs/p1ei8m730000h5d_160x160.jpg"}}, "shipping_estimate": "Lieferung voraussichtlich zwischen Di, 21.\u00a0Dez und Do, 23.\u00a0Dez", "impressum_url": "https://www.vineshop24.de/info/impressum.html", "tos_url": "https://www.vineshop24.de/info/allgemeine-geschaeftsbedingungen.html", "vc_clearing_system": 0, "hidden": false}, "prices": [{"id": 22591347, "vintage_id": 159360494, "amount": 6.95, "type": "vc", "currency": {"code": "EUR", "name": "Euros", "prefix": "\u20ac", "suffix": null}, "bottle_type_id": 1, "inventory_bottles_count": 1555, "bottles_sold_count": 12, "url": "https://www.vineshop24.de/weine-aus-aller-welt/frankreich/languedoc-roussillon/les-jamelles-chardonnay.html?utm_medium=pref-cpc&utm_source=vivino-ppc", "message": "Preis f\u00fcr 6 oder mehr Flaschen. (Preis \u20ac7.25 einzelne Flasche)", "producer_address": "Les Jamelles, Cuverie \u00e0 Marseillette, 11800 Marseillette, Frankreich", "importer_address": "", "discounted_from": null, "bottle_type": {"id": 1, "name": "Flasche (0,75\u00a0l)", "short_name": "Flasche", "short_name_plural": "Flaschen", "volume_ml": 750}}]}, {"merchant": {"id": 7209, "name": "Weinlager Barkhausen", "seo_name": "weinlager-barkhausen", "legal_name": null, "description": "Moblie friendly checkout. No minimum order.", "country": {"code": "de", "name": "Deutschland", "native_name": "Deutschland", "seo_name": "germany", "currency": {"code": "EUR", "name": "Euros", "prefix": "\u20ac", "suffix": null}, "regions_count": 210, "users_count": 2117308, "wines_count": 197796, "wineries_count": 13493, "most_used_grapes": [{"id": 15, "name": "Riesling", "seo_name": "riesling", "has_detailed_info": true, "wines_count": 259925}, {"id": 299, "name": "Sp\u00e4tburgunder", "seo_name": "spatburgunder", "has_detailed_info": false, "wines_count": 49659}, {"id": 355, "name": "Weissburgunder", "seo_name": "weissburgunder", "has_detailed_info": false, "wines_count": 33123}]}, "state": null, "status": 0, "image": null, "shipping_estimate": "Lieferung bis Mi, 22.\u00a0Dez", "impressum_url": null, "tos_url": null, "vc_clearing_system": 0, "hidden": false}, "prices": [{"id": 24952222, "vintage_id": 159360494, "amount": 6.4, "type": "ppc", "currency": {"code": "EUR", "name": "Euros", "prefix": "\u20ac", "suffix": null}, "bottle_type_id": 1, "inventory_bottles_count": null, "url": "https://www.weinlager-barkhausen.de/languedoc/220-2019-les-jamelles-chardonnay.html?utm_medium=pref-cpc&utm_source=vivino-ppc", "message": "", "producer_address": "", "importer_address": "", "discounted_from": null, "bottle_type": {"id": 1, "name": "Flasche (0,75\u00a0l)", "short_name": "Flasche", "short_name_plural": "Flaschen", "volume_ml": 750}}]}, {"merchant": {"id": 4553, "name": "LaVinateria, Germany", "seo_name": "lavinateria-germany", "legal_name": null, "description": "No minimum order.", "country": {"code": "de", "name": "Deutschland", "native_name": "Deutschland", "seo_name": "germany", "currency": {"code": "EUR", "name": "Euros", "prefix": "\u20ac", "suffix": null}, "regions_count": 210, "users_count": 2117308, "wines_count": 197796, "wineries_count": 13493, "most_used_grapes": [{"id": 15, "name": "Riesling", "seo_name": "riesling", "has_detailed_info": true, "wines_count": 259925}, {"id": 299, "name": "Sp\u00e4tburgunder", "seo_name": "spatburgunder", "has_detailed_info": false, "wines_count": 49659}, {"id": 355, "name": "Weissburgunder", "seo_name": "weissburgunder", "has_detailed_info": false, "wines_count": 33123}]}, "state": null, "status": 0, "image": null, "shipping_estimate": "Lieferung bis Mi, 22.\u00a0Dez", "impressum_url": null, "tos_url": null, "vc_clearing_system": 0, "hidden": false}, "prices": [{"id": 22262617, "vintage_id": 159360494, "amount": 6.45, "type": "ppc", "currency": {"code": "EUR", "name": "Euros", "prefix": "\u20ac", "suffix": null}, "bottle_type_id": 1, "inventory_bottles_count": null, "url": "https://www.lavinateria-weinshop.de/Les-Jamelles-Chardonnay.html?utm_medium=pref-cpc&utm_source=vivino-ppc", "message": "", "producer_address": "", "importer_address": "", "discounted_from": null, "bottle_type": {"id": 1, "name": "Flasche (0,75\u00a0l)", "short_name": "Flasche", "short_name_plural": "Flaschen", "volume_ml": 750}}]}, {"merchant": {"id": 1900, "name": "AixVinum", "seo_name": "aixvinum", "legal_name": null, "description": "No minimum order. Mobile friendly checkout.", "country": {"code": "de", "name": "Deutschland", "native_name": "Deutschland", "seo_name": "germany", "currency": {"code": "EUR", "name": "Euros", "prefix": "\u20ac", "suffix": null}, "regions_count": 210, "users_count": 2117308, "wines_count": 197796, "wineries_count": 13493, "most_used_grapes": [{"id": 15, "name": "Riesling", "seo_name": "riesling", "has_detailed_info": true, "wines_count": 259925}, {"id": 299, "name": "Sp\u00e4tburgunder", "seo_name": "spatburgunder", "has_detailed_info": false, "wines_count": 49659}, {"id": 355, "name": "Weissburgunder", "seo_name": "weissburgunder", "has_detailed_info": false, "wines_count": 33123}]}, "state": null, "status": 0, "image": null, "shipping_estimate": "Lieferung bis Mi, 22.\u00a0Dez", "impressum_url": null, "tos_url": null, "vc_clearing_system": 0, "hidden": false}, "prices": [{"id": 21772085, "vintage_id": 159360494, "amount": 7, "type": "ppc", "currency": {"code": "EUR", "name": "Euros", "prefix": "\u20ac", "suffix": null}, "bottle_type_id": 1, "inventory_bottles_count": null, "url": "https://www.aixvinum.de/weinwelt/weisswein/frankreich/4195-les-jamelles-chardonnay-2019-frankreich-languedoc-roussillon-weisswein?utm_medium=pref-cpc&utm_source=vivino-ppc", "message": "", "producer_address": "", "importer_address": "", "discounted_from": null, "bottle_type": {"id": 1, "name": "Flasche (0,75\u00a0l)", "short_name": "Flasche", "short_name_plural": "Flaschen", "volume_ml": 750}}]}]}, "found_by_merchant_and_sku": null, "is_deal_page": false}