{"vintage": {"id": 4043447, "seo_name": "fattoria-carpineta-fontalpino-chianti-classico-riserva-uv", "name": "Cresti - Fattoria Carpineta Fontalpino Chianti Classico Riserva", "statistics": {"status": "Normal", "ratings_count": 757, "ratings_average": 3.9, "labels_count": 5, "reviews_count": 4}, "organic_certification_id": null, "certified_biodynamic": null, "image": {"location": "//images.vivino.com/thumbs/Xpwa5qgBR8Ww92w_5gsapw_pl_480x640.png", "variations": {"bottle_large": "//images.vivino.com/thumbs/Xpwa5qgBR8Ww92w_5gsapw_pb_x960.png", "bottle_medium": "//images.vivino.com/thumbs/Xpwa5qgBR8Ww92w_5gsapw_pb_x600.png", "bottle_medium_square": "//images.vivino.com/thumbs/Xpwa5qgBR8Ww92w_5gsapw_pb_600x600.png", "bottle_small": "//images.vivino.com/thumbs/Xpwa5qgBR8Ww92w_5gsapw_pb_x300.png", "bottle_small_square": "//images.vivino.com/thumbs/Xpwa5qgBR8Ww92w_5gsapw_pb_300x300.png", "label": "//images.vivino.com/thumbs/Xpwa5qgBR8Ww92w_5gsapw_pl_480x640.png", "label_large": "//images.vivino.com/thumbs/Xpwa5qgBR8Ww92w_5gsapw_pl_375x500.png", "label_medium": "//images.vivino.com/thumbs/Xpwa5qgBR8Ww92w_5gsapw_pl_150x200.png", "label_medium_square": "//images.vivino.com/thumbs/Xpwa5qgBR8Ww92w_5gsapw_pl_150x150.png", "label_small_square": "//images.vivino.com/thumbs/Xpwa5qgBR8Ww92w_5gsapw_pl_80x80.png", "large": "//images.vivino.com/thumbs/Xpwa5qgBR8Ww92w_5gsapw_pl_375x500.png", "medium": "//images.vivino.com/thumbs/Xpwa5qgBR8Ww92w_5gsapw_pl_150x200.png", "medium_square": "//images.vivino.com/thumbs/Xpwa5qgBR8Ww92w_5gsapw_pl_150x150.png", "small_square": "//images.vivino.com/thumbs/Xpwa5qgBR8Ww92w_5gsapw_pl_80x80.png"}}, "wine": {"id": 1185266, "name": "Chianti Classico Riserva", "seo_name": "chianti-classico-riserva", "type_id": 1, "vintage_type": 0, "is_natural": false, "region": {"id": 1798, "name": "Chianti Classico", "name_en": "", "seo_name": "chianti-classico", "country": {"code": "it", "name": "Italy", "native_name": "Italia", "seo_name": "italy", "currency": {"code": "EUR", "name": "Euros", "prefix": "\u20ac", "suffix": null}, "regions_count": 557, "users_count": 3875564, "wines_count": 355339, "wineries_count": 41362, "most_used_grapes": [{"id": 16, "name": "Sangiovese", "seo_name": "sangiovese", "has_detailed_info": true, "wines_count": 125094}, {"id": 10, "name": "Merlot", "seo_name": "merlot", "has_detailed_info": true, "wines_count": 566719}, {"id": 5, "name": "Chardonnay", "seo_name": "chardonnay", "has_detailed_info": true, "wines_count": 604208}]}, "parent_id": 683, "background_image": {"location": "//images.vivino.com/regions/backgrounds/5E2Cc2aCRjCJl3JhfI4tQA.jpg", "variations": {"large": "//thumbs.vivino.com/region_backgrounds/5E2Cc2aCRjCJl3JhfI4tQA_1280x760.jpg", "medium": "//thumbs.vivino.com/region_backgrounds/5E2Cc2aCRjCJl3JhfI4tQA_600x356.jpg"}}, "class": {"typecast_map": {"background_image": {}, "class": {}}}, "statistics": {"wineries_count": 152, "wines_count": 2484, "sub_regions_count": 0, "parent_regions_count": 2}}, "review_status": 2, "winery": {"id": 4509, "name": "Cresti - Fattoria Carpineta Fontalpino", "seo_name": "fattoria-carpineta-fontalpino", "status": 0, "review_status": "Completed", "background_image": null, "statistics": {"ratings_count": 6366, "ratings_average": 3.9, "labels_count": 42496, "wines_count": 12}, "region": {"id": 394, "name": "Toscana", "name_en": "Tuscany", "seo_name": "tuscany", "country": {"code": "it", "name": "Italy", "native_name": "Italia", "seo_name": "italy", "currency": {"code": "EUR", "name": "Euros", "prefix": "\u20ac", "suffix": null}, "regions_count": 557, "users_count": 3875564, "wines_count": 355339, "wineries_count": 41362, "most_used_grapes": [{"id": 16, "name": "Sangiovese", "seo_name": "sangiovese", "has_detailed_info": true, "wines_count": 125094}, {"id": 10, "name": "Merlot", "seo_name": "merlot", "has_detailed_info": true, "wines_count": 566719}, {"id": 5, "name": "Chardonnay", "seo_name": "chardonnay", "has_detailed_info": true, "wines_count": 604208}]}, "parent_id": null, "background_image": {"location": "//images.vivino.com/regions/backgrounds/QV6V0jC2TDaRmClhy9wNfw.jpg", "variations": {"large": "//thumbs.vivino.com/region_backgrounds/QV6V0jC2TDaRmClhy9wNfw_1280x760.jpg", "medium": "//thumbs.vivino.com/region_backgrounds/QV6V0jC2TDaRmClhy9wNfw_600x356.jpg"}}, "class": {"typecast_map": {"background_image": {}, "class": {}}}, "statistics": {"wineries_count": 6533, "wines_count": 29711, "sub_regions_count": 42, "parent_regions_count": 0}}, "business_name": "Cresti - Fattoria Carpineta Fontalpino", "description": "", "specialists_notes": "", "phone": "39 335 811 8922", "email": "gioiacresti@interfree.it", "facebook": "https://www.facebook.com/fattoria-carpineta-fontalpino-146499585391509/", "instagram": "", "is_claimed": false, "twitter": "", "website": "http://www.carpinetafontalpino.it", "winemaker": null, "wine_maker": null, "address": {"title": null, "name": null, "street": "Carpineta - Montaperti", "street2": null, "neighborhood": null, "city": "Castelnuovo Berarden, Siena", "zip": "53019", "state": null, "country": {"code": "it", "name": "Italy", "native_name": "Italia", "seo_name": "italy", "currency": {"code": "EUR", "name": "Euros", "prefix": "\u20ac", "suffix": null}, "regions_count": 557, "users_count": 3875564, "wines_count": 355339, "wineries_count": 41362, "most_used_grapes": [{"id": 16, "name": "Sangiovese", "seo_name": "sangiovese", "has_detailed_info": true, "wines_count": 125094}, {"id": 10, "name": "Merlot", "seo_name": "merlot", "has_detailed_info": true, "wines_count": 566719}, {"id": 5, "name": "Chardonnay", "seo_name": "chardonnay", "has_detailed_info": true, "wines_count": 604208}]}, "company": null, "phone": null, "external_id": null, "residential": null, "vat_number": null, "vat_code": null, "addition": null}, "image": null, "location": null, "winery_group": null, "first_wines": [], "sponsored_entity_type": null, "sponsored_entity": null}, "statistics": {"status": "Normal", "ratings_count": 757, "ratings_average": 3.9, "labels_count": 4708, "vintages_count": 20}, "rank": {"country": {"description": "Rank within Italy", "total": 212328, "rank": 12258}, "region": {"description": "Rank within Wine Region", "total": 31151, "rank": 2541}, "winery": {"description": "Rank within Winery", "total": 12, "rank": 3}, "wine_type": {"description": "Rank within all Red Wine", "total": 659128, "rank": 38926}, "global": {"description": "Global Rank", "total": 1302035, "rank": 61234}}, "hidden": false, "vintages": [{"id": 164779676, "seo_name": "fattoria-carpineta-fontalpino-chianti-classico-riserva-2020", "name": "Cresti - Fattoria Carpineta Fontalpino Chianti Classico Riserva 2020", "statistics": {"status": "BelowThreshold", "ratings_count": 1, "ratings_average": 0, "labels_count": 2, "reviews_count": 0}, "year": 2020, "grapes": null, "has_valid_ratings": false}, {"id": 15368243, "seo_name": "fattoria-carpineta-fontalpino-chianti-classico-riserva-2015", "name": "Cresti - Fattoria Carpineta Fontalpino Chianti Classico Riserva 2015", "statistics": {"status": "BelowThreshold", "ratings_count": 3, "ratings_average": 0, "labels_count": 27, "reviews_count": 0}, "year": 2015, "grapes": null, "has_valid_ratings": false}, {"id": 5206749, "seo_name": "fattoria-carpineta-fontalpino-chianti-classico-riserva-2014", "name": "Cresti - Fattoria Carpineta Fontalpino Chianti Classico Riserva 2014", "statistics": {"status": "Normal", "ratings_count": 13, "ratings_average": 3.8, "labels_count": 104, "reviews_count": 4}, "year": 2014, "grapes": null, "has_valid_ratings": true}, {"id": 4679842, "seo_name": "fattoria-carpineta-fontalpino-chianti-classico-riserva-2013", "name": "Cresti - Fattoria Carpineta Fontalpino Chianti Classico Riserva 2013", "statistics": {"status": "Normal", "ratings_count": 123, "ratings_average": 3.7, "labels_count": 845, "reviews_count": 42}, "year": 2013, "grapes": null, "has_valid_ratings": true}, {"id": 4038444, "seo_name": "fattoria-carpineta-fontalpino-chianti-classico-riserva-2012", "name": "Cresti - Fattoria Carpineta Fontalpino Chianti Classico Riserva 2012", "statistics": {"status": "Normal", "ratings_count": 145, "ratings_average": 3.8, "labels_count": 883, "reviews_count": 51}, "year": 2012, "grapes": null, "has_valid_ratings": true}, {"id": 4311003, "seo_name": "fattoria-carpineta-fontalpino-chianti-classico-riserva-2011", "name": "Cresti - Fattoria Carpineta Fontalpino Chianti Classico Riserva 2011", "statistics": {"status": "Normal", "ratings_count": 63, "ratings_average": 4.1, "labels_count": 447, "reviews_count": 28}, "year": 2011, "grapes": null, "has_valid_ratings": true}, {"id": 1373224, "seo_name": "fattoria-carpineta-fontalpino-chianti-classico-riserva-2010", "name": "Cresti - Fattoria Carpineta Fontalpino Chianti Classico Riserva 2010", "statistics": {"status": "Normal", "ratings_count": 208, "ratings_average": 3.8, "labels_count": 1533, "reviews_count": 62}, "year": 2010, "grapes": null, "has_valid_ratings": true}, {"id": 2195174, "seo_name": "fattoria-carpineta-fontalpino-chianti-classico-riserva-2009", "name": "Cresti - Fattoria Carpineta Fontalpino Chianti Classico Riserva 2009", "statistics": {"status": "Normal", "ratings_count": 39, "ratings_average": 4.1, "labels_count": 225, "reviews_count": 12}, "year": 2009, "grapes": null, "has_valid_ratings": true}, {"id": 1248394, "seo_name": "fattoria-carpineta-fontalpino-chianti-classico-riserva-2008", "name": "Cresti - Fattoria Carpineta Fontalpino Chianti Classico Riserva 2008", "statistics": {"status": "Normal", "ratings_count": 48, "ratings_average": 3.7, "labels_count": 194, "reviews_count": 14}, "year": 2008, "grapes": null, "has_valid_ratings": true}, {"id": 1813233, "seo_name": "fattoria-carpineta-fontalpino-chianti-classico-riserva-2007", "name": "Cresti - Fattoria Carpineta Fontalpino Chianti Classico Riserva 2007", "statistics": {"status": "Normal", "ratings_count": 57, "ratings_average": 3.9, "labels_count": 196, "reviews_count": 20}, "year": 2007, "grapes": null, "has_valid_ratings": true}, {"id": 3334455, "seo_name": "fattoria-carpineta-fontalpino-chianti-classico-riserva-2006", "name": "Cresti - Fattoria Carpineta Fontalpino Chianti Classico Riserva 2006", "statistics": {"status": "Normal", "ratings_count": 38, "ratings_average": 3.9, "labels_count": 196, "reviews_count": 15}, "year": 2006, "grapes": null, "has_valid_ratings": true}, {"id": 157216838, "seo_name": "fattoria-carpineta-fontalpino-chianti-classico-riserva-2005", "name": "Cresti - Fattoria Carpineta Fontalpino Chianti Classico Riserva 2005", "statistics": {"status": "BelowThreshold", "ratings_count": 1, "ratings_average": 0, "labels_count": 6, "reviews_count": 0}, "year": 2005, "grapes": null, "has_valid_ratings": false}, {"id": 4043447, "seo_name": "fattoria-carpineta-fontalpino-chianti-classico-riserva-uv", "name": "Cresti - Fattoria Carpineta Fontalpino Chianti Classico Riserva", "statistics": {"status": "Normal", "ratings_count": 757, "ratings_average": 3.9, "labels_count": 5, "reviews_count": 4}, "year": 0, "grapes": null, "has_valid_ratings": true}], "description": "Deep ruby \u200b\u200bred, with purple reflections. Intense and expressive nose, with clear hints of undergrowth, mushrooms, blacks fruits, licorice and light notes of balsamic mineral background. In the mouth it does not disappoint and reveals a soft and juicy palate with fine tannins.", "grapes": [{"id": 10, "name": "Merlot", "seo_name": "merlot", "has_detailed_info": true, "wines_count": 566719}, {"id": 16, "name": "Sangiovese", "seo_name": "sangiovese", "has_detailed_info": true, "wines_count": 125094}, {"id": 39, "name": "Malvasia", "seo_name": "malvasia", "has_detailed_info": false, "wines_count": 31393}], "foods": [{"id": 4, "name": "Beef", "background_image": {"location": "//images.vivino.com/backgrounds/foods/4_beef.png", "variations": {"small": "//images.vivino.com/backgrounds/foods/thumbs/4_beef_932x810.png"}}, "seo_name": "beef"}, {"id": 9, "name": "Veal", "background_image": {"location": "//images.vivino.com/backgrounds/foods/9_veal.png", "variations": {"small": "//images.vivino.com/backgrounds/foods/thumbs/9_veal_932x810.png"}}, "seo_name": "veal"}, {"id": 20, "name": "Poultry", "background_image": {"location": "//images.vivino.com/backgrounds/foods/20_chicken.png", "variations": {"small": "//images.vivino.com/backgrounds/foods/thumbs/20_chicken_932x810.png"}}, "seo_name": "poultry"}], "non_vintage": false, "alcohol": 14, "sweetness_id": 5, "closure": null, "vintage_mask_raw": null, "updated_at": "2019-11-27T15:52:32Z", "created_at": "2011-10-22T08:39:32Z", "is_first_wine": false, "style": {"id": 69, "seo_name": "italian-chianti", "regional_name": "Italian", "varietal_name": "Chianti", "name": "Italian Chianti", "image": null, "background_image": null, "description": "The most commonly consumed wine in Italy, and interestingly, the most commonly consumed Italian wine in the world, Chianti is emblematic of what Italy means to the world of wine.\n\nFermented primarily from Sangiovese, fresh cherry,  strawberries, and red plum pleasure the senses when enjoying this wine.\n\nWinemakers have spent the last couple of decades trying to change the old image of Chianti: Wine bottles in wicker basket, interestingly also called fiascoes. They've done so by  by producing very nice wines through state of the art growing and fermentation techniques.\n\nChianti is a red wine that comes from Tuscany, but can contain small amounts of white grapes during blending. This is not the case with Chianti Classico, which must be solely made from red Sangiovese grapes.\n\nChianti is not considered to age well, and loses steam quickly.  Find the youngest bottle you can to get the most out of its vibrance.\n\nThis wine is versatile and its high acidity allows it to be eaten with a wide range of foods.  Enjoy Chianti best with fast food, pizza, red pasta, and salami sandwiches.", "blurb": "Sangiovese-based DOCG wine from Tuscany", "interesting_facts": ["Chianti dates back to the 13th century. The first blending receipt was written in the 1870s. The exact formula use today was established in 1967.", "Lady and the Tramp enjoyed a spaghetti dinner lit by a candle burning in an empty Chianti bottle.", "Hannibal Lector is right, Chianti goes very well with cooked fava beans."], "body": 3, "body_description": "Medium-bodied", "acidity": 3, "acidity_description": "High", "country": {"code": "it", "name": "Italy", "native_name": "Italia", "seo_name": "italy", "currency": {"code": "EUR", "name": "Euros", "prefix": "\u20ac", "suffix": null}, "regions_count": 557, "users_count": 3875564, "wines_count": 355339, "wineries_count": 41362, "most_used_grapes": [{"id": 16, "name": "Sangiovese", "seo_name": "sangiovese", "has_detailed_info": true, "wines_count": 125094}, {"id": 10, "name": "Merlot", "seo_name": "merlot", "has_detailed_info": true, "wines_count": 566719}, {"id": 5, "name": "Chardonnay", "seo_name": "chardonnay", "has_detailed_info": true, "wines_count": 604208}]}, "wine_type_id": 1, "food": [{"id": 4, "name": "Beef", "background_image": {"location": "//images.vivino.com/backgrounds/foods/4_beef.png", "variations": {"small": "//images.vivino.com/backgrounds/foods/thumbs/4_beef_932x810.png"}}, "seo_name": "beef"}, {"id": 9, "name": "Veal", "background_image": {"location": "//images.vivino.com/backgrounds/foods/9_veal.png", "variations": {"small": "//images.vivino.com/backgrounds/foods/thumbs/9_veal_932x810.png"}}, "seo_name": "veal"}, {"id": 20, "name": "Poultry", "background_image": {"location": "//images.vivino.com/backgrounds/foods/20_chicken.png", "variations": {"small": "//images.vivino.com/backgrounds/foods/thumbs/20_chicken_932x810.png"}}, "seo_name": "poultry"}], "grapes": [{"id": 16, "name": "Sangiovese", "seo_name": "sangiovese", "has_detailed_info": true, "wines_count": 125094}, {"id": 55, "name": "Trebbiano", "seo_name": "trebbiano", "has_detailed_info": false, "wines_count": 20232}, {"id": 64, "name": "Canaiolo Nero", "seo_name": "canaiolo-nero", "has_detailed_info": false, "wines_count": 4879}, {"id": 260, "name": "Malvasia Nera", "seo_name": "malvasia-nera", "has_detailed_info": false, "wines_count": 3876}], "region": {"id": 394, "name": "Toscana", "name_en": "Tuscany", "seo_name": "tuscany", "country": {"code": "it", "name": "Italy", "native_name": "Italia", "seo_name": "italy", "currency": {"code": "EUR", "name": "Euros", "prefix": "\u20ac", "suffix": null}, "regions_count": 557, "users_count": 3875564, "wines_count": 355339, "wineries_count": 41362, "most_used_grapes": [{"id": 16, "name": "Sangiovese", "seo_name": "sangiovese", "has_detailed_info": true, "wines_count": 125094}, {"id": 10, "name": "Merlot", "seo_name": "merlot", "has_detailed_info": true, "wines_count": 566719}, {"id": 5, "name": "Chardonnay", "seo_name": "chardonnay", "has_detailed_info": true, "wines_count": 604208}]}, "parent_id": null, "background_image": {"location": "//images.vivino.com/regions/backgrounds/QV6V0jC2TDaRmClhy9wNfw.jpg", "variations": {"large": "//thumbs.vivino.com/region_backgrounds/QV6V0jC2TDaRmClhy9wNfw_1280x760.jpg", "medium": "//thumbs.vivino.com/region_backgrounds/QV6V0jC2TDaRmClhy9wNfw_600x356.jpg"}}, "class": {"typecast_map": {"background_image": {}, "class": {}}}, "statistics": {"wineries_count": 6568, "wines_count": 30025, "sub_regions_count": 44, "parent_regions_count": 0}}}, "has_valid_ratings": true}, "description": "", "wine_critic_reviews": [], "awards": [], "ratings_distribution": {"1": 4, "2": 22, "3": 228, "4": 434, "5": 69}, "ranking": {"country": {"description": "Rank within Italy", "total": 1562220, "rank": 81978}, "region": {"description": "Rank within Wine Region", "total": 258582, "rank": 19934}, "winery": {"description": "Rank within Winery", "total": 141, "rank": 16}, "global": {"description": "Global Rank", "total": 8944542, "rank": 425027}}, "wine_facts": {}, "winemaker": null, "wine_maker": null, "grape_composition": {}, "year": "", "grapes": null, "has_valid_ratings": true}, "carts": null, "full_region": null, "tastes": null, "wine": {"id": 1185266, "name": "Chianti Classico Riserva", "seo_name": "chianti-classico-riserva", "type_id": 1, "vintage_type": 0, "is_natural": false, "region": {"id": 1798, "name": "Chianti Classico", "name_en": "", "seo_name": "chianti-classico", "country": {"code": "it", "name": "Italy", "native_name": "Italia", "seo_name": "italy", "currency": {"code": "EUR", "name": "Euros", "prefix": "\u20ac", "suffix": null}, "regions_count": 557, "users_count": 3875564, "wines_count": 355339, "wineries_count": 41362, "most_used_grapes": [{"id": 16, "name": "Sangiovese", "seo_name": "sangiovese", "has_detailed_info": true, "wines_count": 125094}, {"id": 10, "name": "Merlot", "seo_name": "merlot", "has_detailed_info": true, "wines_count": 566719}, {"id": 5, "name": "Chardonnay", "seo_name": "chardonnay", "has_detailed_info": true, "wines_count": 604208}]}, "parent_id": 683, "background_image": {"location": "//images.vivino.com/regions/backgrounds/5E2Cc2aCRjCJl3JhfI4tQA.jpg", "variations": {"large": "//thumbs.vivino.com/region_backgrounds/5E2Cc2aCRjCJl3JhfI4tQA_1280x760.jpg", "medium": "//thumbs.vivino.com/region_backgrounds/5E2Cc2aCRjCJl3JhfI4tQA_600x356.jpg"}}, "class": {"typecast_map": {"background_image": {}, "class": {}}}, "statistics": {"wineries_count": 152, "wines_count": 2484, "sub_regions_count": 0, "parent_regions_count": 2}}, "review_status": 2, "winery": {"id": 4509, "name": "Cresti - Fattoria Carpineta Fontalpino", "seo_name": "fattoria-carpineta-fontalpino", "status": 0, "review_status": "Completed", "background_image": null, "statistics": {"ratings_count": 6366, "ratings_average": 3.9, "labels_count": 42496, "wines_count": 12}, "region": {"id": 394, "name": "Toscana", "name_en": "Tuscany", "seo_name": "tuscany", "country": {"code": "it", "name": "Italy", "native_name": "Italia", "seo_name": "italy", "currency": {"code": "EUR", "name": "Euros", "prefix": "\u20ac", "suffix": null}, "regions_count": 557, "users_count": 3875564, "wines_count": 355339, "wineries_count": 41362, "most_used_grapes": [{"id": 16, "name": "Sangiovese", "seo_name": "sangiovese", "has_detailed_info": true, "wines_count": 125094}, {"id": 10, "name": "Merlot", "seo_name": "merlot", "has_detailed_info": true, "wines_count": 566719}, {"id": 5, "name": "Chardonnay", "seo_name": "chardonnay", "has_detailed_info": true, "wines_count": 604208}]}, "parent_id": null, "background_image": {"location": "//images.vivino.com/regions/backgrounds/QV6V0jC2TDaRmClhy9wNfw.jpg", "variations": {"large": "//thumbs.vivino.com/region_backgrounds/QV6V0jC2TDaRmClhy9wNfw_1280x760.jpg", "medium": "//thumbs.vivino.com/region_backgrounds/QV6V0jC2TDaRmClhy9wNfw_600x356.jpg"}}, "class": {"typecast_map": {"background_image": {}, "class": {}}}, "statistics": {"wineries_count": 6533, "wines_count": 29711, "sub_regions_count": 42, "parent_regions_count": 0}}}, "image": {"location": "//images.vivino.com/thumbs/Xpwa5qgBR8Ww92w_5gsapw_pl_480x640.png", "variations": {"bottle_large": "//images.vivino.com/thumbs/Xpwa5qgBR8Ww92w_5gsapw_pb_x960.png", "bottle_medium": "//images.vivino.com/thumbs/Xpwa5qgBR8Ww92w_5gsapw_pb_x600.png", "bottle_medium_square": "//images.vivino.com/thumbs/Xpwa5qgBR8Ww92w_5gsapw_pb_600x600.png", "bottle_small": "//images.vivino.com/thumbs/Xpwa5qgBR8Ww92w_5gsapw_pb_x300.png", "bottle_small_square": "//images.vivino.com/thumbs/Xpwa5qgBR8Ww92w_5gsapw_pb_300x300.png", "label": "//images.vivino.com/thumbs/Xpwa5qgBR8Ww92w_5gsapw_pl_480x640.png", "label_large": "//images.vivino.com/thumbs/Xpwa5qgBR8Ww92w_5gsapw_pl_375x500.png", "label_medium": "//images.vivino.com/thumbs/Xpwa5qgBR8Ww92w_5gsapw_pl_150x200.png", "label_medium_square": "//images.vivino.com/thumbs/Xpwa5qgBR8Ww92w_5gsapw_pl_150x150.png", "label_small_square": "//images.vivino.com/thumbs/Xpwa5qgBR8Ww92w_5gsapw_pl_80x80.png", "large": "//images.vivino.com/thumbs/Xpwa5qgBR8Ww92w_5gsapw_pl_375x500.png", "medium": "//images.vivino.com/thumbs/Xpwa5qgBR8Ww92w_5gsapw_pl_150x200.png", "medium_square": "//images.vivino.com/thumbs/Xpwa5qgBR8Ww92w_5gsapw_pl_150x150.png", "small_square": "//images.vivino.com/thumbs/Xpwa5qgBR8Ww92w_5gsapw_pl_80x80.png"}}, "statistics": {"status": "Normal", "ratings_count": 757, "ratings_average": 3.9, "labels_count": 4708, "vintages_count": 20}, "rank": null, "hidden": false, "vintages": [{"id": 164779676, "seo_name": "fattoria-carpineta-fontalpino-chianti-classico-riserva-2020", "name": "Cresti - Fattoria Carpineta Fontalpino Chianti Classico Riserva 2020", "statistics": {"status": "BelowThreshold", "ratings_count": 1, "ratings_average": 0, "labels_count": 2, "reviews_count": 0}, "year": 2020, "grapes": null, "has_valid_ratings": false}, {"id": 162571366, "seo_name": "fattoria-carpineta-fontalpino-chianti-classico-riserva-2019", "name": "Cresti - Fattoria Carpineta Fontalpino Chianti Classico Riserva 2019", "statistics": {"status": "BelowThreshold", "ratings_count": 0, "ratings_average": 0, "labels_count": 1, "reviews_count": 0}, "year": 2019, "grapes": null, "has_valid_ratings": false}, {"id": 161246651, "seo_name": "fattoria-carpineta-fontalpino-chianti-classico-riserva-2017", "name": "Cresti - Fattoria Carpineta Fontalpino Chianti Classico Riserva 2017", "statistics": {"status": "BelowThreshold", "ratings_count": 0, "ratings_average": 0, "labels_count": 4, "reviews_count": 0}, "year": 2017, "grapes": null, "has_valid_ratings": false}, {"id": 142157085, "seo_name": "fattoria-carpineta-fontalpino-chianti-classico-riserva-2016", "name": "Cresti - Fattoria Carpineta Fontalpino Chianti Classico Riserva 2016", "statistics": {"status": "BelowThreshold", "ratings_count": 0, "ratings_average": 0, "labels_count": 3, "reviews_count": 0}, "year": 2016, "grapes": null, "has_valid_ratings": false}, {"id": 15368243, "seo_name": "fattoria-carpineta-fontalpino-chianti-classico-riserva-2015", "name": "Cresti - Fattoria Carpineta Fontalpino Chianti Classico Riserva 2015", "statistics": {"status": "BelowThreshold", "ratings_count": 3, "ratings_average": 0, "labels_count": 27, "reviews_count": 0}, "year": 2015, "grapes": null, "has_valid_ratings": false}, {"id": 5206749, "seo_name": "fattoria-carpineta-fontalpino-chianti-classico-riserva-2014", "name": "Cresti - Fattoria Carpineta Fontalpino Chianti Classico Riserva 2014", "statistics": {"status": "Normal", "ratings_count": 13, "ratings_average": 3.8, "labels_count": 104, "reviews_count": 4}, "year": 2014, "grapes": null, "has_valid_ratings": true}, {"id": 4679842, "seo_name": "fattoria-carpineta-fontalpino-chianti-classico-riserva-2013", "name": "Cresti - Fattoria Carpineta Fontalpino Chianti Classico Riserva 2013", "statistics": {"status": "Normal", "ratings_count": 123, "ratings_average": 3.7, "labels_count": 845, "reviews_count": 42}, "year": 2013, "grapes": null, "has_valid_ratings": true}, {"id": 4038444, "seo_name": "fattoria-carpineta-fontalpino-chianti-classico-riserva-2012", "name": "Cresti - Fattoria Carpineta Fontalpino Chianti Classico Riserva 2012", "statistics": {"status": "Normal", "ratings_count": 145, "ratings_average": 3.8, "labels_count": 883, "reviews_count": 51}, "year": 2012, "grapes": null, "has_valid_ratings": true}, {"id": 4311003, "seo_name": "fattoria-carpineta-fontalpino-chianti-classico-riserva-2011", "name": "Cresti - Fattoria Carpineta Fontalpino Chianti Classico Riserva 2011", "statistics": {"status": "Normal", "ratings_count": 63, "ratings_average": 4.1, "labels_count": 447, "reviews_count": 28}, "year": 2011, "grapes": null, "has_valid_ratings": true}, {"id": 1373224, "seo_name": "fattoria-carpineta-fontalpino-chianti-classico-riserva-2010", "name": "Cresti - Fattoria Carpineta Fontalpino Chianti Classico Riserva 2010", "statistics": {"status": "Normal", "ratings_count": 208, "ratings_average": 3.8, "labels_count": 1533, "reviews_count": 62}, "year": 2010, "grapes": null, "has_valid_ratings": true}, {"id": 2195174, "seo_name": "fattoria-carpineta-fontalpino-chianti-classico-riserva-2009", "name": "Cresti - Fattoria Carpineta Fontalpino Chianti Classico Riserva 2009", "statistics": {"status": "Normal", "ratings_count": 39, "ratings_average": 4.1, "labels_count": 225, "reviews_count": 12}, "year": 2009, "grapes": null, "has_valid_ratings": true}, {"id": 1248394, "seo_name": "fattoria-carpineta-fontalpino-chianti-classico-riserva-2008", "name": "Cresti - Fattoria Carpineta Fontalpino Chianti Classico Riserva 2008", "statistics": {"status": "Normal", "ratings_count": 48, "ratings_average": 3.7, "labels_count": 194, "reviews_count": 14}, "year": 2008, "grapes": null, "has_valid_ratings": true}, {"id": 1813233, "seo_name": "fattoria-carpineta-fontalpino-chianti-classico-riserva-2007", "name": "Cresti - Fattoria Carpineta Fontalpino Chianti Classico Riserva 2007", "statistics": {"status": "Normal", "ratings_count": 57, "ratings_average": 3.9, "labels_count": 196, "reviews_count": 20}, "year": 2007, "grapes": null, "has_valid_ratings": true}, {"id": 3334455, "seo_name": "fattoria-carpineta-fontalpino-chianti-classico-riserva-2006", "name": "Cresti - Fattoria Carpineta Fontalpino Chianti Classico Riserva 2006", "statistics": {"status": "Normal", "ratings_count": 38, "ratings_average": 3.9, "labels_count": 196, "reviews_count": 15}, "year": 2006, "grapes": null, "has_valid_ratings": true}, {"id": 157216838, "seo_name": "fattoria-carpineta-fontalpino-chianti-classico-riserva-2005", "name": "Cresti - Fattoria Carpineta Fontalpino Chianti Classico Riserva 2005", "statistics": {"status": "BelowThreshold", "ratings_count": 1, "ratings_average": 0, "labels_count": 6, "reviews_count": 0}, "year": 2005, "grapes": null, "has_valid_ratings": false}, {"id": 154562295, "seo_name": "fattoria-carpineta-fontalpino-chianti-classico-riserva-2004", "name": "Cresti - Fattoria Carpineta Fontalpino Chianti Classico Riserva 2004", "statistics": {"status": "BelowThreshold", "ratings_count": 0, "ratings_average": 0, "labels_count": 1, "reviews_count": 0}, "year": 2004, "grapes": null, "has_valid_ratings": false}, {"id": 150084002, "seo_name": "fattoria-carpineta-fontalpino-chianti-classico-riserva-2003", "name": "Cresti - Fattoria Carpineta Fontalpino Chianti Classico Riserva 2003", "statistics": {"status": "BelowThreshold", "ratings_count": 0, "ratings_average": 0, "labels_count": 0, "reviews_count": 0}, "year": 2003, "grapes": null, "has_valid_ratings": false}, {"id": 162952925, "seo_name": "fattoria-carpineta-fontalpino-chianti-classico-riserva-2000", "name": "Cresti - Fattoria Carpineta Fontalpino Chianti Classico Riserva 2000", "statistics": {"status": "BelowThreshold", "ratings_count": 0, "ratings_average": 0, "labels_count": 1, "reviews_count": 0}, "year": 2000, "grapes": null, "has_valid_ratings": false}, {"id": 141677283, "seo_name": "fattoria-carpineta-fontalpino-chianti-classico-riserva-1988", "name": "Cresti - Fattoria Carpineta Fontalpino Chianti Classico Riserva 1988", "statistics": {"status": "BelowThreshold", "ratings_count": 0, "ratings_average": 0, "labels_count": 0, "reviews_count": 0}, "year": 1988, "grapes": null, "has_valid_ratings": false}, {"id": 4043447, "seo_name": "fattoria-carpineta-fontalpino-chianti-classico-riserva-uv", "name": "Cresti - Fattoria Carpineta Fontalpino Chianti Classico Riserva", "statistics": {"status": "Normal", "ratings_count": 757, "ratings_average": 3.9, "labels_count": 5, "reviews_count": 4}, "year": 0, "grapes": null, "has_valid_ratings": true}], "description": "Deep ruby \u200b\u200bred, with purple reflections. Intense and expressive nose, with clear hints of undergrowth, mushrooms, blacks fruits, licorice and light notes of balsamic mineral background. In the mouth it does not disappoint and reveals a soft and juicy palate with fine tannins.", "grapes": [{"id": 10, "name": "Merlot", "seo_name": "merlot", "has_detailed_info": true, "wines_count": 566719}, {"id": 16, "name": "Sangiovese", "seo_name": "sangiovese", "has_detailed_info": true, "wines_count": 125094}, {"id": 39, "name": "Malvasia", "seo_name": "malvasia", "has_detailed_info": false, "wines_count": 31393}], "foods": [{"id": 4, "name": "Beef", "background_image": {"location": "//images.vivino.com/backgrounds/foods/4_beef.png", "variations": {"small": "//images.vivino.com/backgrounds/foods/thumbs/4_beef_932x810.png"}}, "seo_name": "beef"}, {"id": 9, "name": "Veal", "background_image": {"location": "//images.vivino.com/backgrounds/foods/9_veal.png", "variations": {"small": "//images.vivino.com/backgrounds/foods/thumbs/9_veal_932x810.png"}}, "seo_name": "veal"}, {"id": 20, "name": "Poultry", "background_image": {"location": "//images.vivino.com/backgrounds/foods/20_chicken.png", "variations": {"small": "//images.vivino.com/backgrounds/foods/thumbs/20_chicken_932x810.png"}}, "seo_name": "poultry"}], "non_vintage": false, "alcohol": 14, "sweetness_id": 5, "closure": null, "vintage_mask_raw": null, "updated_at": "2019-11-27T15:52:32Z", "created_at": "2011-10-22T08:39:32Z", "is_first_wine": false, "style": {"id": 69, "seo_name": "italian-chianti", "regional_name": "Italian", "varietal_name": "Chianti", "name": "Italian Chianti", "image": null, "background_image": null, "description": "The most commonly consumed wine in Italy, and interestingly, the most commonly consumed Italian wine in the world, Chianti is emblematic of what Italy means to the world of wine.\n\nFermented primarily from Sangiovese, fresh cherry,  strawberries, and red plum pleasure the senses when enjoying this wine.\n\nWinemakers have spent the last couple of decades trying to change the old image of Chianti: Wine bottles in wicker basket, interestingly also called fiascoes. They've done so by  by producing very nice wines through state of the art growing and fermentation techniques.\n\nChianti is a red wine that comes from Tuscany, but can contain small amounts of white grapes during blending. This is not the case with Chianti Classico, which must be solely made from red Sangiovese grapes.\n\nChianti is not considered to age well, and loses steam quickly.  Find the youngest bottle you can to get the most out of its vibrance.\n\nThis wine is versatile and its high acidity allows it to be eaten with a wide range of foods.  Enjoy Chianti best with fast food, pizza, red pasta, and salami sandwiches.", "blurb": "Sangiovese-based DOCG wine from Tuscany", "interesting_facts": ["Chianti dates back to the 13th century. The first blending receipt was written in the 1870s. The exact formula use today was established in 1967.", "Lady and the Tramp enjoyed a spaghetti dinner lit by a candle burning in an empty Chianti bottle.", "Hannibal Lector is right, Chianti goes very well with cooked fava beans."], "body": 3, "body_description": "Medium-bodied", "acidity": 3, "acidity_description": "High", "country": {"code": "it", "name": "Italy", "native_name": "Italia", "seo_name": "italy", "currency": {"code": "EUR", "name": "Euros", "prefix": "\u20ac", "suffix": null}, "regions_count": 557, "users_count": 3875564, "wines_count": 355339, "wineries_count": 41362, "most_used_grapes": [{"id": 16, "name": "Sangiovese", "seo_name": "sangiovese", "has_detailed_info": true, "wines_count": 125094}, {"id": 10, "name": "Merlot", "seo_name": "merlot", "has_detailed_info": true, "wines_count": 566719}, {"id": 5, "name": "Chardonnay", "seo_name": "chardonnay", "has_detailed_info": true, "wines_count": 604208}]}, "wine_type_id": 1, "food": [{"id": 4, "name": "Beef", "background_image": {"location": "//images.vivino.com/backgrounds/foods/4_beef.png", "variations": {"small": "//images.vivino.com/backgrounds/foods/thumbs/4_beef_932x810.png"}}, "seo_name": "beef"}, {"id": 9, "name": "Veal", "background_image": {"location": "//images.vivino.com/backgrounds/foods/9_veal.png", "variations": {"small": "//images.vivino.com/backgrounds/foods/thumbs/9_veal_932x810.png"}}, "seo_name": "veal"}, {"id": 20, "name": "Poultry", "background_image": {"location": "//images.vivino.com/backgrounds/foods/20_chicken.png", "variations": {"small": "//images.vivino.com/backgrounds/foods/thumbs/20_chicken_932x810.png"}}, "seo_name": "poultry"}], "grapes": [{"id": 16, "name": "Sangiovese", "seo_name": "sangiovese", "has_detailed_info": true, "wines_count": 125094}, {"id": 55, "name": "Trebbiano", "seo_name": "trebbiano", "has_detailed_info": false, "wines_count": 20232}, {"id": 64, "name": "Canaiolo Nero", "seo_name": "canaiolo-nero", "has_detailed_info": false, "wines_count": 4879}, {"id": 260, "name": "Malvasia Nera", "seo_name": "malvasia-nera", "has_detailed_info": false, "wines_count": 3876}], "region": {"id": 394, "name": "Toscana", "name_en": "Tuscany", "seo_name": "tuscany", "country": {"code": "it", "name": "Italy", "native_name": "Italia", "seo_name": "italy", "currency": {"code": "EUR", "name": "Euros", "prefix": "\u20ac", "suffix": null}, "regions_count": 557, "users_count": 3875564, "wines_count": 355339, "wineries_count": 41362, "most_used_grapes": [{"id": 16, "name": "Sangiovese", "seo_name": "sangiovese", "has_detailed_info": true, "wines_count": 125094}, {"id": 10, "name": "Merlot", "seo_name": "merlot", "has_detailed_info": true, "wines_count": 566719}, {"id": 5, "name": "Chardonnay", "seo_name": "chardonnay", "has_detailed_info": true, "wines_count": 604208}]}, "parent_id": null, "background_image": {"location": "//images.vivino.com/regions/backgrounds/QV6V0jC2TDaRmClhy9wNfw.jpg", "variations": {"large": "//thumbs.vivino.com/region_backgrounds/QV6V0jC2TDaRmClhy9wNfw_1280x760.jpg", "medium": "//thumbs.vivino.com/region_backgrounds/QV6V0jC2TDaRmClhy9wNfw_600x356.jpg"}}, "class": {"typecast_map": {"background_image": {}, "class": {}}}, "statistics": {"wineries_count": 6568, "wines_count": 30025, "sub_regions_count": 44, "parent_regions_count": 0}}}, "has_valid_ratings": true}, "highlights": [{"vintage_id": 4311003, "highlight_type": "best_user_rated", "message": "This vintage rates better than any other year for this wine", "icon": "https://images.vivino.com/highlights/icon/best_user_rated.svg", "metadata": {"price": null, "wine_id": 1185266, "toplist": null, "ws_award": null, "critic_review_id": 1579802, "ratings_average": 4.1, "ratings_count": 63, "vintage_year": "2011", "rank_type": "global", "ranks": {"country": {"description": "Rank within Italy", "total": 1562220, "rank": 97740}, "region": {"description": "Rank within Wine Region", "total": 258582, "rank": 22824}, "winery": {"description": "Rank within Winery", "total": 141, "rank": 23}, "global": {"description": "Global Rank", "total": 8944542, "rank": 498777}}, "style": {"id": 69, "seo_name": "italian-chianti", "regional_name": "Italian", "varietal_name": "Chianti", "name": "Italian Chianti", "image": null, "background_image": null, "description": "The most commonly consumed wine in Italy, and interestingly, the most commonly consumed Italian wine in the world, Chianti is emblematic of what Italy means to the world of wine.\n\nFermented primarily from Sangiovese, fresh cherry,  strawberries, and red plum pleasure the senses when enjoying this wine.\n\nWinemakers have spent the last couple of decades trying to change the old image of Chianti: Wine bottles in wicker basket, interestingly also called fiascoes. They've done so by  by producing very nice wines through state of the art growing and fermentation techniques.\n\nChianti is a red wine that comes from Tuscany, but can contain small amounts of white grapes during blending. This is not the case with Chianti Classico, which must be solely made from red Sangiovese grapes.\n\nChianti is not considered to age well, and loses steam quickly.  Find the youngest bottle you can to get the most out of its vibrance.\n\nThis wine is versatile and its high acidity allows it to be eaten with a wide range of foods.  Enjoy Chianti best with fast food, pizza, red pasta, and salami sandwiches.", "blurb": "Sangiovese-based DOCG wine from Tuscany", "interesting_facts": ["Chianti dates back to the 13th century. The first blending receipt was written in the 1870s. The exact formula use today was established in 1967.", "Lady and the Tramp enjoyed a spaghetti dinner lit by a candle burning in an empty Chianti bottle.", "Hannibal Lector is right, Chianti goes very well with cooked fava beans."], "body": 3, "body_description": "Medium-bodied", "acidity": 3, "acidity_description": "High", "country": {"code": "it", "name": "Italy", "native_name": "Italia", "seo_name": "italy", "currency": {"code": "EUR", "name": "Euros", "prefix": "\u20ac", "suffix": null}, "regions_count": 557, "users_count": 3875564, "wines_count": 355339, "wineries_count": 41362, "most_used_grapes": [{"id": 16, "name": "Sangiovese", "seo_name": "sangiovese", "has_detailed_info": true, "wines_count": 125094}, {"id": 10, "name": "Merlot", "seo_name": "merlot", "has_detailed_info": true, "wines_count": 566719}, {"id": 5, "name": "Chardonnay", "seo_name": "chardonnay", "has_detailed_info": true, "wines_count": 604208}]}, "wine_type_id": 1, "food": [{"id": 4, "name": "Beef", "background_image": {"location": "//images.vivino.com/backgrounds/foods/4_beef.png", "variations": {"small": "//images.vivino.com/backgrounds/foods/thumbs/4_beef_932x810.png"}}, "seo_name": "beef"}, {"id": 9, "name": "Veal", "background_image": {"location": "//images.vivino.com/backgrounds/foods/9_veal.png", "variations": {"small": "//images.vivino.com/backgrounds/foods/thumbs/9_veal_932x810.png"}}, "seo_name": "veal"}, {"id": 20, "name": "Poultry", "background_image": {"location": "//images.vivino.com/backgrounds/foods/20_chicken.png", "variations": {"small": "//images.vivino.com/backgrounds/foods/thumbs/20_chicken_932x810.png"}}, "seo_name": "poultry"}], "grapes": [{"id": 16, "name": "Sangiovese", "seo_name": "sangiovese", "has_detailed_info": true, "wines_count": 125094}, {"id": 55, "name": "Trebbiano", "seo_name": "trebbiano", "has_detailed_info": false, "wines_count": 20232}, {"id": 64, "name": "Canaiolo Nero", "seo_name": "canaiolo-nero", "has_detailed_info": false, "wines_count": 4879}, {"id": 260, "name": "Malvasia Nera", "seo_name": "malvasia-nera", "has_detailed_info": false, "wines_count": 3876}], "region": {"id": 394, "name": "Toscana", "name_en": "Tuscany", "seo_name": "tuscany", "country": {"code": "it", "name": "Italy", "native_name": "Italia", "seo_name": "italy", "currency": {"code": "EUR", "name": "Euros", "prefix": "\u20ac", "suffix": null}, "regions_count": 557, "users_count": 3875564, "wines_count": 355339, "wineries_count": 41362, "most_used_grapes": [{"id": 16, "name": "Sangiovese", "seo_name": "sangiovese", "has_detailed_info": true, "wines_count": 125094}, {"id": 10, "name": "Merlot", "seo_name": "merlot", "has_detailed_info": true, "wines_count": 566719}, {"id": 5, "name": "Chardonnay", "seo_name": "chardonnay", "has_detailed_info": true, "wines_count": 604208}]}, "parent_id": null, "background_image": {"location": "//images.vivino.com/regions/backgrounds/QV6V0jC2TDaRmClhy9wNfw.jpg", "variations": {"large": "//thumbs.vivino.com/region_backgrounds/QV6V0jC2TDaRmClhy9wNfw_1280x760.jpg", "medium": "//thumbs.vivino.com/region_backgrounds/QV6V0jC2TDaRmClhy9wNfw_600x356.jpg"}}, "class": {"typecast_map": {"background_image": {}, "class": {}}}, "statistics": {"wineries_count": 6568, "wines_count": 30025, "sub_regions_count": 44, "parent_regions_count": 0}}}}, "vintage_year": 2011}, {"vintage_id": 1373224, "highlight_type": "most_user_rated", "message": "Popular among Vivino users. More than 200 ratings", "icon": "https://images.vivino.com/highlights/icon/most_user_rated.svg", "metadata": {"price": null, "wine_id": 1185266, "toplist": null, "ws_award": null, "critic_review_id": 1781020, "ratings_average": 3.8, "ratings_count": 208, "vintage_year": "2010", "rank_type": "global", "ranks": {"country": {"description": "Rank within Italy", "total": 1562220, "rank": 128586}, "region": {"description": "Rank within Wine Region", "total": 258582, "rank": 28946}, "winery": {"description": "Rank within Winery", "total": 141, "rank": 28}, "global": {"description": "Global Rank", "total": 8944542, "rank": 664520}}, "style": {"id": 69, "seo_name": "italian-chianti", "regional_name": "Italian", "varietal_name": "Chianti", "name": "Italian Chianti", "image": null, "background_image": null, "description": "The most commonly consumed wine in Italy, and interestingly, the most commonly consumed Italian wine in the world, Chianti is emblematic of what Italy means to the world of wine.\n\nFermented primarily from Sangiovese, fresh cherry,  strawberries, and red plum pleasure the senses when enjoying this wine.\n\nWinemakers have spent the last couple of decades trying to change the old image of Chianti: Wine bottles in wicker basket, interestingly also called fiascoes. They've done so by  by producing very nice wines through state of the art growing and fermentation techniques.\n\nChianti is a red wine that comes from Tuscany, but can contain small amounts of white grapes during blending. This is not the case with Chianti Classico, which must be solely made from red Sangiovese grapes.\n\nChianti is not considered to age well, and loses steam quickly.  Find the youngest bottle you can to get the most out of its vibrance.\n\nThis wine is versatile and its high acidity allows it to be eaten with a wide range of foods.  Enjoy Chianti best with fast food, pizza, red pasta, and salami sandwiches.", "blurb": "Sangiovese-based DOCG wine from Tuscany", "interesting_facts": ["Chianti dates back to the 13th century. The first blending receipt was written in the 1870s. The exact formula use today was established in 1967.", "Lady and the Tramp enjoyed a spaghetti dinner lit by a candle burning in an empty Chianti bottle.", "Hannibal Lector is right, Chianti goes very well with cooked fava beans."], "body": 3, "body_description": "Medium-bodied", "acidity": 3, "acidity_description": "High", "country": {"code": "it", "name": "Italy", "native_name": "Italia", "seo_name": "italy", "currency": {"code": "EUR", "name": "Euros", "prefix": "\u20ac", "suffix": null}, "regions_count": 557, "users_count": 3875564, "wines_count": 355339, "wineries_count": 41362, "most_used_grapes": [{"id": 16, "name": "Sangiovese", "seo_name": "sangiovese", "has_detailed_info": true, "wines_count": 125094}, {"id": 10, "name": "Merlot", "seo_name": "merlot", "has_detailed_info": true, "wines_count": 566719}, {"id": 5, "name": "Chardonnay", "seo_name": "chardonnay", "has_detailed_info": true, "wines_count": 604208}]}, "wine_type_id": 1, "food": [{"id": 4, "name": "Beef", "background_image": {"location": "//images.vivino.com/backgrounds/foods/4_beef.png", "variations": {"small": "//images.vivino.com/backgrounds/foods/thumbs/4_beef_932x810.png"}}, "seo_name": "beef"}, {"id": 9, "name": "Veal", "background_image": {"location": "//images.vivino.com/backgrounds/foods/9_veal.png", "variations": {"small": "//images.vivino.com/backgrounds/foods/thumbs/9_veal_932x810.png"}}, "seo_name": "veal"}, {"id": 20, "name": "Poultry", "background_image": {"location": "//images.vivino.com/backgrounds/foods/20_chicken.png", "variations": {"small": "//images.vivino.com/backgrounds/foods/thumbs/20_chicken_932x810.png"}}, "seo_name": "poultry"}], "grapes": [{"id": 16, "name": "Sangiovese", "seo_name": "sangiovese", "has_detailed_info": true, "wines_count": 125094}, {"id": 55, "name": "Trebbiano", "seo_name": "trebbiano", "has_detailed_info": false, "wines_count": 20232}, {"id": 64, "name": "Canaiolo Nero", "seo_name": "canaiolo-nero", "has_detailed_info": false, "wines_count": 4879}, {"id": 260, "name": "Malvasia Nera", "seo_name": "malvasia-nera", "has_detailed_info": false, "wines_count": 3876}], "region": {"id": 394, "name": "Toscana", "name_en": "Tuscany", "seo_name": "tuscany", "country": {"code": "it", "name": "Italy", "native_name": "Italia", "seo_name": "italy", "currency": {"code": "EUR", "name": "Euros", "prefix": "\u20ac", "suffix": null}, "regions_count": 557, "users_count": 3875564, "wines_count": 355339, "wineries_count": 41362, "most_used_grapes": [{"id": 16, "name": "Sangiovese", "seo_name": "sangiovese", "has_detailed_info": true, "wines_count": 125094}, {"id": 10, "name": "Merlot", "seo_name": "merlot", "has_detailed_info": true, "wines_count": 566719}, {"id": 5, "name": "Chardonnay", "seo_name": "chardonnay", "has_detailed_info": true, "wines_count": 604208}]}, "parent_id": null, "background_image": {"location": "//images.vivino.com/regions/backgrounds/QV6V0jC2TDaRmClhy9wNfw.jpg", "variations": {"large": "//thumbs.vivino.com/region_backgrounds/QV6V0jC2TDaRmClhy9wNfw_1280x760.jpg", "medium": "//thumbs.vivino.com/region_backgrounds/QV6V0jC2TDaRmClhy9wNfw_600x356.jpg"}}, "class": {"typecast_map": {"background_image": {}, "class": {}}}, "statistics": {"wineries_count": 6568, "wines_count": 30025, "sub_regions_count": 44, "parent_regions_count": 0}}}}, "vintage_year": 2010}, {"vintage_id": 4038444, "highlight_type": "top_ranked", "message": "Among top 8% of all wines in the world", "icon": "https://images.vivino.com/highlights/icon/top_ranked.svg", "metadata": {"price": null, "wine_id": 1185266, "toplist": null, "ws_award": null, "critic_review_id": null, "ratings_average": 3.8, "ratings_count": 145, "vintage_year": "2012", "rank_type": "global", "ranks": {"country": {"description": "Rank within Italy", "total": 1562220, "rank": 132495}, "region": {"description": "Rank within Wine Region", "total": 258582, "rank": 29604}, "winery": {"description": "Rank within Winery", "total": 141, "rank": 30}, "global": {"description": "Global Rank", "total": 8944542, "rank": 682080}}, "style": {"id": 69, "seo_name": "italian-chianti", "regional_name": "Italian", "varietal_name": "Chianti", "name": "Italian Chianti", "image": null, "background_image": null, "description": "The most commonly consumed wine in Italy, and interestingly, the most commonly consumed Italian wine in the world, Chianti is emblematic of what Italy means to the world of wine.\n\nFermented primarily from Sangiovese, fresh cherry,  strawberries, and red plum pleasure the senses when enjoying this wine.\n\nWinemakers have spent the last couple of decades trying to change the old image of Chianti: Wine bottles in wicker basket, interestingly also called fiascoes. They've done so by  by producing very nice wines through state of the art growing and fermentation techniques.\n\nChianti is a red wine that comes from Tuscany, but can contain small amounts of white grapes during blending. This is not the case with Chianti Classico, which must be solely made from red Sangiovese grapes.\n\nChianti is not considered to age well, and loses steam quickly.  Find the youngest bottle you can to get the most out of its vibrance.\n\nThis wine is versatile and its high acidity allows it to be eaten with a wide range of foods.  Enjoy Chianti best with fast food, pizza, red pasta, and salami sandwiches.", "blurb": "Sangiovese-based DOCG wine from Tuscany", "interesting_facts": ["Chianti dates back to the 13th century. The first blending receipt was written in the 1870s. The exact formula use today was established in 1967.", "Lady and the Tramp enjoyed a spaghetti dinner lit by a candle burning in an empty Chianti bottle.", "Hannibal Lector is right, Chianti goes very well with cooked fava beans."], "body": 3, "body_description": "Medium-bodied", "acidity": 3, "acidity_description": "High", "country": {"code": "it", "name": "Italy", "native_name": "Italia", "seo_name": "italy", "currency": {"code": "EUR", "name": "Euros", "prefix": "\u20ac", "suffix": null}, "regions_count": 557, "users_count": 3875564, "wines_count": 355339, "wineries_count": 41362, "most_used_grapes": [{"id": 16, "name": "Sangiovese", "seo_name": "sangiovese", "has_detailed_info": true, "wines_count": 125094}, {"id": 10, "name": "Merlot", "seo_name": "merlot", "has_detailed_info": true, "wines_count": 566719}, {"id": 5, "name": "Chardonnay", "seo_name": "chardonnay", "has_detailed_info": true, "wines_count": 604208}]}, "wine_type_id": 1, "food": [{"id": 4, "name": "Beef", "background_image": {"location": "//images.vivino.com/backgrounds/foods/4_beef.png", "variations": {"small": "//images.vivino.com/backgrounds/foods/thumbs/4_beef_932x810.png"}}, "seo_name": "beef"}, {"id": 9, "name": "Veal", "background_image": {"location": "//images.vivino.com/backgrounds/foods/9_veal.png", "variations": {"small": "//images.vivino.com/backgrounds/foods/thumbs/9_veal_932x810.png"}}, "seo_name": "veal"}, {"id": 20, "name": "Poultry", "background_image": {"location": "//images.vivino.com/backgrounds/foods/20_chicken.png", "variations": {"small": "//images.vivino.com/backgrounds/foods/thumbs/20_chicken_932x810.png"}}, "seo_name": "poultry"}], "grapes": [{"id": 16, "name": "Sangiovese", "seo_name": "sangiovese", "has_detailed_info": true, "wines_count": 125094}, {"id": 55, "name": "Trebbiano", "seo_name": "trebbiano", "has_detailed_info": false, "wines_count": 20232}, {"id": 64, "name": "Canaiolo Nero", "seo_name": "canaiolo-nero", "has_detailed_info": false, "wines_count": 4879}, {"id": 260, "name": "Malvasia Nera", "seo_name": "malvasia-nera", "has_detailed_info": false, "wines_count": 3876}], "region": {"id": 394, "name": "Toscana", "name_en": "Tuscany", "seo_name": "tuscany", "country": {"code": "it", "name": "Italy", "native_name": "Italia", "seo_name": "italy", "currency": {"code": "EUR", "name": "Euros", "prefix": "\u20ac", "suffix": null}, "regions_count": 557, "users_count": 3875564, "wines_count": 355339, "wineries_count": 41362, "most_used_grapes": [{"id": 16, "name": "Sangiovese", "seo_name": "sangiovese", "has_detailed_info": true, "wines_count": 125094}, {"id": 10, "name": "Merlot", "seo_name": "merlot", "has_detailed_info": true, "wines_count": 566719}, {"id": 5, "name": "Chardonnay", "seo_name": "chardonnay", "has_detailed_info": true, "wines_count": 604208}]}, "parent_id": null, "background_image": {"location": "//images.vivino.com/regions/backgrounds/QV6V0jC2TDaRmClhy9wNfw.jpg", "variations": {"large": "//thumbs.vivino.com/region_backgrounds/QV6V0jC2TDaRmClhy9wNfw_1280x760.jpg", "medium": "//thumbs.vivino.com/region_backgrounds/QV6V0jC2TDaRmClhy9wNfw_600x356.jpg"}}, "class": {"typecast_map": {"background_image": {}, "class": {}}}, "statistics": {"wineries_count": 6568, "wines_count": 30025, "sub_regions_count": 44, "parent_regions_count": 0}}}}, "vintage_year": 2012}], "recommended_vintages": [{"vintage": {"id": 4311003, "seo_name": "fattoria-carpineta-fontalpino-chianti-classico-riserva-2011", "name": "Cresti - Fattoria Carpineta Fontalpino Chianti Classico Riserva 2011", "statistics": {"status": "Normal", "ratings_count": 63, "ratings_average": 4.1, "labels_count": 447, "reviews_count": 28}, "year": 2011, "grapes": null, "has_valid_ratings": true}, "type": "best_user_rated", "highlight_icon": "https://images.vivino.com/highlights/icon/best_user_rated.svg", "price": null}, {"vintage": {"id": 1373224, "seo_name": "fattoria-carpineta-fontalpino-chianti-classico-riserva-2010", "name": "Cresti - Fattoria Carpineta Fontalpino Chianti Classico Riserva 2010", "statistics": {"status": "Normal", "ratings_count": 208, "ratings_average": 3.8, "labels_count": 1533, "reviews_count": 62}, "year": 2010, "grapes": null, "has_valid_ratings": true}, "type": "most_user_rated", "highlight_icon": "https://images.vivino.com/highlights/icon/most_user_rated.svg", "price": null}, {"vintage": {"id": 4038444, "seo_name": "fattoria-carpineta-fontalpino-chianti-classico-riserva-2012", "name": "Cresti - Fattoria Carpineta Fontalpino Chianti Classico Riserva 2012", "statistics": {"status": "Normal", "ratings_count": 145, "ratings_average": 3.8, "labels_count": 883, "reviews_count": 51}, "year": 2012, "grapes": null, "has_valid_ratings": true}, "type": "top_ranked", "highlight_icon": "https://images.vivino.com/highlights/icon/top_ranked.svg", "price": null}], "prices_and_availabilities": [], "price_range": {"currency": {"code": "EUR", "name": "Euros", "prefix": "\u20ac", "suffix": null}, "price_range": {"minimum": 0, "maximum": 500, "currency_code": "EUR"}, "defaults": {"minimum": 7, "maximum": 30, "currency_code": "EUR"}}, "subtotal_price": null}