{"tastes": {"structure": {"acidity": 3.7206843, "fizziness": null, "intensity": 3.637089, "sweetness": 1.6241139, "tannin": 3.7294626, "user_structure_count": 99, "calculated_structure_count": 57}, "flavor": [{"group": "oak", "stats": {"count": 26, "score": 3296, "mentions_count": 36}, "primary_keywords": [{"id": 292, "name": "oak", "count": 18}, {"id": 434, "name": "vanilla", "count": 9}, {"id": 134, "name": "dark chocolate", "count": 3}, {"id": 422, "name": "tobacco", "count": 2}, {"id": 70, "name": "butter", "count": 1}, {"id": 79, "name": "caramel", "count": 1}, {"id": 117, "name": "coffee", "count": 1}, {"id": 101, "name": "chocolate", "count": 1}], "secondary_keywords": [{"id": 242, "name": "leather", "count": 3}, {"id": 384, "name": "smoke", "count": 1}]}, {"group": "black_fruit", "stats": {"count": 19, "score": 2529, "mentions_count": 26}, "primary_keywords": [{"id": 334, "name": "plum", "count": 11}, {"id": 39, "name": "black fruit", "count": 4}, {"id": 52, "name": "blackcurrant", "count": 4}, {"id": 38, "name": "black cherry", "count": 3}, {"id": 470, "name": "cassis", "count": 2}, {"id": 49, "name": "blackberry", "count": 1}, {"id": 229, "name": "jam", "count": 1}]}, {"group": "red_fruit", "stats": {"count": 21, "score": 1755, "mentions_count": 17}, "primary_keywords": [{"id": 93, "name": "cherry", "count": 10}, {"id": 354, "name": "red fruit", "count": 4}, {"id": 387, "name": "sour cherry", "count": 1}, {"id": 122, "name": "cranberry", "count": 1}, {"id": 400, "name": "strawberry", "count": 1}], "secondary_keywords": [{"id": 38, "name": "black cherry", "count": 3}, {"id": 229, "name": "jam", "count": 1}]}, {"group": "earth", "stats": {"count": 16, "score": 1312, "mentions_count": 13}, "primary_keywords": [{"id": 156, "name": "earthy", "count": 4}, {"id": 242, "name": "leather", "count": 3}, {"id": 207, "name": "grilled meat", "count": 2}, {"id": 276, "name": "minerals", "count": 2}, {"id": 284, "name": "mushroom", "count": 1}, {"id": 384, "name": "smoke", "count": 1}], "secondary_keywords": [{"id": 134, "name": "dark chocolate", "count": 3}, {"id": 422, "name": "tobacco", "count": 2}]}, {"group": "spices", "stats": {"count": 15, "score": 1154, "mentions_count": 11}, "primary_keywords": [{"id": 320, "name": "pepper", "count": 6}, {"id": 159, "name": "eucalyptus", "count": 3}, {"id": 249, "name": "licorice", "count": 2}], "secondary_keywords": [{"id": 434, "name": "vanilla", "count": 9}]}, {"group": "citrus_fruit", "stats": {"count": 5, "score": 600, "mentions_count": 6}, "primary_keywords": [{"id": 106, "name": "citrus", "count": 4}, {"id": 298, "name": "orange", "count": 2}]}, {"group": "non_oak", "stats": {"count": 13, "score": 389, "mentions_count": 3}, "primary_keywords": [{"id": 417, "name": "toast", "count": 2}, {"id": 291, "name": "nutty", "count": 1}], "secondary_keywords": [{"id": 434, "name": "vanilla", "count": 9}, {"id": 422, "name": "tobacco", "count": 2}, {"id": 79, "name": "caramel", "count": 1}, {"id": 117, "name": "coffee", "count": 1}, {"id": 384, "name": "smoke", "count": 1}]}, {"group": "microbio", "stats": {"count": 6, "score": 449, "mentions_count": 3}, "primary_keywords": [{"id": 91, "name": "cheese", "count": 2}, {"id": 123, "name": "cream", "count": 1}], "secondary_keywords": [{"id": 417, "name": "toast", "count": 2}, {"id": 284, "name": "mushroom", "count": 1}, {"id": 70, "name": "butter", "count": 1}]}, {"group": "tree_fruit", "stats": {"count": 1, "score": 100, "mentions_count": 1}, "primary_keywords": [{"id": 9, "name": "apple", "count": 1}]}, {"group": "dried_fruit", "stats": {"count": 1, "score": 16, "mentions_count": 0}, "secondary_keywords": [{"id": 229, "name": "jam", "count": 1}]}]}, "vivino_id": "1188945"}