{"tastes": {"structure": {"acidity": 3.5967784, "fizziness": null, "intensity": 3.6926174, "sweetness": 2.1166444, "tannin": null, "user_structure_count": 14, "calculated_structure_count": 4}, "flavor": [{"group": "tropical_fruit", "stats": {"count": 4, "score": 500, "mentions_count": 5}, "primary_keywords": [{"id": 428, "name": "tropical", "count": 3}, {"id": 306, "name": "passion fruit", "count": 2}]}, {"group": "microbio", "stats": {"count": 4, "score": 400, "mentions_count": 4}, "primary_keywords": [{"id": 123, "name": "cream", "count": 3}, {"id": 92, "name": "cheesy", "count": 1}]}, {"group": "tree_fruit", "stats": {"count": 3, "score": 400, "mentions_count": 4}, "primary_keywords": [{"id": 310, "name": "peach", "count": 3}, {"id": 271, "name": "melon", "count": 1}]}, {"group": "vegetal", "stats": {"count": 3, "score": 300, "mentions_count": 3}, "primary_keywords": [{"id": 185, "name": "gooseberry", "count": 3}]}, {"group": "citrus_fruit", "stats": {"count": 2, "score": 200, "mentions_count": 2}, "primary_keywords": [{"id": 106, "name": "citrus", "count": 1}, {"id": 243, "name": "lemon", "count": 1}]}, {"group": "spices", "stats": {"count": 1, "score": 100, "mentions_count": 1}, "primary_keywords": [{"id": 416, "name": "thyme", "count": 1}]}, {"group": "floral", "stats": {"count": 1, "score": 100, "mentions_count": 1}, "primary_keywords": [{"id": 157, "name": "elderflower", "count": 1}]}, {"group": "earth", "stats": {"count": 1, "score": 100, "mentions_count": 1}, "primary_keywords": [{"id": 276, "name": "minerals", "count": 1}]}]}, "vivino_id": "5548280"}