{"vintage": {"id": 153103425, "seo_name": "bosco-del-merlo-dura-delle-grazie-sauvignon-blanc-uv", "name": "Bosco del Merlo Dura delle Grazie Sauvignon Blanc", "statistics": {"status": "Normal", "ratings_count": 113, "ratings_average": 4, "labels_count": 36, "reviews_count": 2}, "organic_certification_id": null, "certified_biodynamic": null, "image": {"location": "//images.vivino.com/labels/ff5C1rxAQh6udwEIHBzkiQ.jpg", "variations": {"large": "//images.vivino.com/thumbs/ff5C1rxAQh6udwEIHBzkiQ_375x500.jpg", "medium": "//images.vivino.com/thumbs/ff5C1rxAQh6udwEIHBzkiQ_150x200.jpg", "medium_square": "//images.vivino.com/thumbs/ff5C1rxAQh6udwEIHBzkiQ_150x150.jpg", "small_square": "//images.vivino.com/thumbs/ff5C1rxAQh6udwEIHBzkiQ_80x80.jpg"}}, "wine": {"id": 5548280, "name": "Dura delle Grazie Sauvignon Blanc", "seo_name": "dura-delle-grazie-sauvignon-blanc", "type_id": 2, "vintage_type": 0, "is_natural": false, "region": {"id": 983, "name": "delle Venezie", "name_en": "", "seo_name": "della-venezie", "country": {"code": "it", "name": "Italy", "native_name": "Italia", "seo_name": "italy", "currency": {"code": "EUR", "name": "Euros", "prefix": "\u20ac", "suffix": null}, "regions_count": 557, "users_count": 3875564, "wines_count": 355339, "wineries_count": 41362, "most_used_grapes": [{"id": 16, "name": "Sangiovese", "seo_name": "sangiovese", "has_detailed_info": true, "wines_count": 125094}, {"id": 10, "name": "Merlot", "seo_name": "merlot", "has_detailed_info": true, "wines_count": 566719}, {"id": 5, "name": "Chardonnay", "seo_name": "chardonnay", "has_detailed_info": true, "wines_count": 604208}]}, "parent_id": 460, "background_image": {"location": "//images.vivino.com/regions/backgrounds/IuzNdQ2NR7O-GIfh9qg9Yg.jpg", "variations": {"large": "//thumbs.vivino.com/region_backgrounds/IuzNdQ2NR7O-GIfh9qg9Yg_1280x760.jpg", "medium": "//thumbs.vivino.com/region_backgrounds/IuzNdQ2NR7O-GIfh9qg9Yg_600x356.jpg"}}, "class": {"typecast_map": {"background_image": {}, "class": {}}}, "statistics": {"wineries_count": 272, "wines_count": 3539, "sub_regions_count": 0, "parent_regions_count": 1}}, "review_status": 2, "winery": {"id": 14456, "name": "Bosco del Merlo", "seo_name": "bosco-del-merlo", "status": 0, "review_status": "Completed", "background_image": null, "statistics": {"ratings_count": 8211, "ratings_average": 3.8, "labels_count": 45882, "wines_count": 43}, "region": {"id": 460, "name": "Veneto", "name_en": "", "seo_name": "veneto", "country": {"code": "it", "name": "Italy", "native_name": "Italia", "seo_name": "italy", "currency": {"code": "EUR", "name": "Euros", "prefix": "\u20ac", "suffix": null}, "regions_count": 557, "users_count": 3875564, "wines_count": 355339, "wineries_count": 41362, "most_used_grapes": [{"id": 16, "name": "Sangiovese", "seo_name": "sangiovese", "has_detailed_info": true, "wines_count": 125094}, {"id": 10, "name": "Merlot", "seo_name": "merlot", "has_detailed_info": true, "wines_count": 566719}, {"id": 5, "name": "Chardonnay", "seo_name": "chardonnay", "has_detailed_info": true, "wines_count": 604208}]}, "parent_id": null, "background_image": {"location": "//images.vivino.com/regions/backgrounds/WCIaSSA0QMaX1Pjfe2SxEg.jpg", "variations": {"large": "//thumbs.vivino.com/region_backgrounds/WCIaSSA0QMaX1Pjfe2SxEg_1280x760.jpg", "medium": "//thumbs.vivino.com/region_backgrounds/WCIaSSA0QMaX1Pjfe2SxEg_600x356.jpg"}}, "class": {"typecast_map": {"background_image": {}, "class": {}}}, "statistics": {"wineries_count": 5962, "wines_count": 35687, "sub_regions_count": 28, "parent_regions_count": 0}}, "business_name": "Bosco del Merlo", "description": "", "specialists_notes": "", "phone": "+39 0422 768167", "email": "boscodelmerlo@boscodelmerlo.it", "facebook": "https://www.facebook.com/boscodelmerlo", "instagram": "", "is_claimed": false, "twitter": "", "website": "http://www.boscodelmerlo.it", "winemaker": "Paladin", "wine_maker": {"id": 10212, "name": "Paladin"}, "address": {"title": null, "name": null, "street": "Via Postojna ", "street2": null, "neighborhood": null, "city": null, "zip": "33076 ", "state": null, "country": {"code": "it", "name": "Italy", "native_name": "Italia", "seo_name": "italy", "currency": {"code": "EUR", "name": "Euros", "prefix": "\u20ac", "suffix": null}, "regions_count": 557, "users_count": 3875564, "wines_count": 355339, "wineries_count": 41362, "most_used_grapes": [{"id": 16, "name": "Sangiovese", "seo_name": "sangiovese", "has_detailed_info": true, "wines_count": 125094}, {"id": 10, "name": "Merlot", "seo_name": "merlot", "has_detailed_info": true, "wines_count": 566719}, {"id": 5, "name": "Chardonnay", "seo_name": "chardonnay", "has_detailed_info": true, "wines_count": 604208}]}, "company": null, "phone": null, "external_id": null, "residential": null, "vat_number": null, "vat_code": null, "addition": null}, "image": null, "location": null, "winery_group": {"id": 1073, "name": "Paladin", "website": "http://www.paladin.it/"}, "first_wines": [], "sponsored_entity_type": null, "sponsored_entity": null}, "statistics": {"status": "Normal", "ratings_count": 113, "ratings_average": 4, "labels_count": 511, "vintages_count": 23}, "rank": {"country": {"description": "Rank within Italy", "total": 212328, "rank": 34144}, "region": {"description": "Rank within Wine Region", "total": 41013, "rank": 5961}, "winery": {"description": "Rank within Winery", "total": 40, "rank": 13}, "wine_type": {"description": "Rank within all White Wine", "total": 398743, "rank": 45048}, "global": {"description": "Global Rank", "total": 1302039, "rank": 174857}}, "hidden": false, "vintages": [{"id": 168947699, "seo_name": "bosco-del-merlo-dura-delle-grazie-sauvignon-blanc-2020", "name": "Bosco del Merlo Dura delle Grazie Sauvignon Blanc 2020", "statistics": {"status": "BelowThreshold", "ratings_count": 1, "ratings_average": 0, "labels_count": 7, "reviews_count": 1}, "year": 2020, "grapes": null, "has_valid_ratings": false}, {"id": 164517329, "seo_name": "bosco-del-merlo-dura-delle-grazie-sauvignon-blanc-2019", "name": "Bosco del Merlo Dura delle Grazie Sauvignon Blanc 2019", "statistics": {"status": "Normal", "ratings_count": 36, "ratings_average": 3.9, "labels_count": 66, "reviews_count": 18}, "year": 2019, "grapes": null, "has_valid_ratings": true}, {"id": 161073897, "seo_name": "bosco-del-merlo-dura-delle-grazie-sauvignon-blanc-2018", "name": "Bosco del Merlo Dura delle Grazie Sauvignon Blanc 2018", "statistics": {"status": "Normal", "ratings_count": 19, "ratings_average": 4.2, "labels_count": 101, "reviews_count": 10}, "year": 2018, "grapes": null, "has_valid_ratings": true}, {"id": 157116851, "seo_name": "bosco-del-merlo-dura-delle-grazie-sauvignon-blanc-2017", "name": "Bosco del Merlo Dura delle Grazie Sauvignon Blanc 2017", "statistics": {"status": "BelowThreshold", "ratings_count": 6, "ratings_average": 0, "labels_count": 38, "reviews_count": 2}, "year": 2017, "grapes": null, "has_valid_ratings": false}, {"id": 153399689, "seo_name": "bosco-del-merlo-dura-delle-grazie-sauvignon-blanc-2016", "name": "Bosco del Merlo Dura delle Grazie Sauvignon Blanc 2016", "statistics": {"status": "Normal", "ratings_count": 14, "ratings_average": 3.5, "labels_count": 66, "reviews_count": 4}, "year": 2016, "grapes": null, "has_valid_ratings": true}, {"id": 154352256, "seo_name": "bosco-del-merlo-dura-delle-grazie-sauvignon-blanc-2015", "name": "Bosco del Merlo Dura delle Grazie Sauvignon Blanc 2015", "statistics": {"status": "Normal", "ratings_count": 12, "ratings_average": 4.2, "labels_count": 57, "reviews_count": 3}, "year": 2015, "grapes": null, "has_valid_ratings": true}, {"id": 160957975, "seo_name": "bosco-del-merlo-dura-delle-grazie-sauvignon-blanc-2014", "name": "Bosco del Merlo Dura delle Grazie Sauvignon Blanc 2014", "statistics": {"status": "BelowThreshold", "ratings_count": 3, "ratings_average": 0, "labels_count": 13, "reviews_count": 2}, "year": 2014, "grapes": null, "has_valid_ratings": false}, {"id": 161331781, "seo_name": "bosco-del-merlo-dura-delle-grazie-sauvignon-blanc-2013", "name": "Bosco del Merlo Dura delle Grazie Sauvignon Blanc 2013", "statistics": {"status": "BelowThreshold", "ratings_count": 6, "ratings_average": 0, "labels_count": 37, "reviews_count": 3}, "year": 2013, "grapes": null, "has_valid_ratings": false}, {"id": 160903305, "seo_name": "bosco-del-merlo-dura-delle-grazie-sauvignon-blanc-2012", "name": "Bosco del Merlo Dura delle Grazie Sauvignon Blanc 2012", "statistics": {"status": "BelowThreshold", "ratings_count": 4, "ratings_average": 0, "labels_count": 38, "reviews_count": 1}, "year": 2012, "grapes": null, "has_valid_ratings": false}, {"id": 160730825, "seo_name": "bosco-del-merlo-dura-delle-grazie-sauvignon-blanc-2011", "name": "Bosco del Merlo Dura delle Grazie Sauvignon Blanc 2011", "statistics": {"status": "BelowThreshold", "ratings_count": 2, "ratings_average": 0, "labels_count": 4, "reviews_count": 0}, "year": 2011, "grapes": null, "has_valid_ratings": false}, {"id": 155549509, "seo_name": "bosco-del-merlo-dura-delle-grazie-sauvignon-blanc-1988", "name": "Bosco del Merlo Dura delle Grazie Sauvignon Blanc 1988", "statistics": {"status": "BelowThreshold", "ratings_count": 4, "ratings_average": 0, "labels_count": 21, "reviews_count": 2}, "year": 1988, "grapes": null, "has_valid_ratings": false}, {"id": 153103425, "seo_name": "bosco-del-merlo-dura-delle-grazie-sauvignon-blanc-uv", "name": "Bosco del Merlo Dura delle Grazie Sauvignon Blanc", "statistics": {"status": "Normal", "ratings_count": 113, "ratings_average": 4, "labels_count": 36, "reviews_count": 2}, "year": 0, "grapes": null, "has_valid_ratings": true}], "description": "", "grapes": [{"id": 17, "name": "Sauvignon Blanc", "seo_name": "sauvignon-blanc", "has_detailed_info": true, "wines_count": 292440}], "foods": [{"id": 5, "name": "Pasta", "background_image": {"location": "//images.vivino.com/backgrounds/foods/5_pasta.png", "variations": {"small": "//images.vivino.com/backgrounds/foods/thumbs/5_pasta_932x810.png"}}, "seo_name": null}, {"id": 13, "name": "Shellfish", "background_image": {"location": "//images.vivino.com/backgrounds/foods/13_shellfish.png", "variations": {"small": "//images.vivino.com/backgrounds/foods/thumbs/13_shellfish_932x810.png"}}, "seo_name": "shellfish"}, {"id": 17, "name": "Mature and hard cheese", "background_image": {"location": "//images.vivino.com/backgrounds/foods/17_hardcheese.png", "variations": {"small": "//images.vivino.com/backgrounds/foods/thumbs/17_hardcheese_932x810.png"}}, "seo_name": null}, {"id": 28, "name": "Lean fish", "background_image": {"location": "//images.vivino.com/backgrounds/foods/28_leanfish.png", "variations": {"small": "//images.vivino.com/backgrounds/foods/thumbs/28_leanfish_932x810.png"}}, "seo_name": null}, {"id": 41, "name": "Cured Meat", "background_image": {"location": "//images.vivino.com/backgrounds/foods/41_curedmeat.png", "variations": {"small": "//images.vivino.com/backgrounds/foods/thumbs/41_curedmeat_932x810.png"}}, "seo_name": null}], "non_vintage": false, "alcohol": 0, "sweetness_id": null, "closure": null, "vintage_mask_raw": null, "updated_at": "2018-03-19T21:57:21Z", "created_at": "2017-05-31T03:42:53Z", "is_first_wine": false, "style": {"id": 131, "seo_name": "northern-italy-white", "regional_name": "Northern Italy", "varietal_name": "White", "name": "Northern Italy White", "image": null, "background_image": {"location": "//images.vivino.com/backgrounds/styles/tWQtajLuSO6l9TkwsXH-fw.jpg", "variations": {"small": "//images.vivino.com/backgrounds/styles/thumbs/tWQtajLuSO6l9TkwsXH-fw_932x810.jpg"}}, "description": "Often better known for red varieties, Northern Italy has a number of delicious and drinkable white wines. To know Northern Italian wines is to know the influences of the wines of the countries that border Italy.\n\nOld World wines tend to be far less about fruit-forward  flavors, and more about the effect that the climate, soil, and adjacently growing flora (terroir) have on the grapes during their growth.\n\nThe most widely recognizable varietal is Pinot Grigio which is very rustic, medium-bodied, with medium to high acidity. Chardonnay seems to grow anywhere grapes can grow; although Italian varieties are not normally coveted quality.\n\nGew\u00fcrztraminer usually makes us think of Germany, but it's also thriving in Northern Italy. The warmer climate imparts a little less sugar and little more acidity than its German cousin.\n\nThen there is Moscato. From the northwest Piedmont region, this wine is sweet and very popular in North America, and comes in both still and sparkling varieties.\n\nWhatever your choice, taking a tour of Italian white wines is an enjoyable experience that you will be thankful you took.", "blurb": null, "interesting_facts": ["More wine is produced in Italy than any other country, and wine has been made there for nearly 3000 years.", "There are over 3000 different grape varietals in Italy.", "There is more than 2 lbs (2 kilo) of grapes in each bottle of Italian wine."], "body": 3, "body_description": "Medium-bodied", "acidity": 3, "acidity_description": "High", "country": {"code": "it", "name": "Italy", "native_name": "Italia", "seo_name": "italy", "currency": {"code": "EUR", "name": "Euros", "prefix": "\u20ac", "suffix": null}, "regions_count": 557, "users_count": 3875564, "wines_count": 355339, "wineries_count": 41362, "most_used_grapes": [{"id": 16, "name": "Sangiovese", "seo_name": "sangiovese", "has_detailed_info": true, "wines_count": 125094}, {"id": 10, "name": "Merlot", "seo_name": "merlot", "has_detailed_info": true, "wines_count": 566719}, {"id": 5, "name": "Chardonnay", "seo_name": "chardonnay", "has_detailed_info": true, "wines_count": 604208}]}, "wine_type_id": 2, "food": [{"id": 5, "name": "Pasta", "background_image": {"location": "//images.vivino.com/backgrounds/foods/5_pasta.png", "variations": {"small": "//images.vivino.com/backgrounds/foods/thumbs/5_pasta_932x810.png"}}, "seo_name": null}, {"id": 13, "name": "Shellfish", "background_image": {"location": "//images.vivino.com/backgrounds/foods/13_shellfish.png", "variations": {"small": "//images.vivino.com/backgrounds/foods/thumbs/13_shellfish_932x810.png"}}, "seo_name": "shellfish"}, {"id": 17, "name": "Mature and hard cheese", "background_image": {"location": "//images.vivino.com/backgrounds/foods/17_hardcheese.png", "variations": {"small": "//images.vivino.com/backgrounds/foods/thumbs/17_hardcheese_932x810.png"}}, "seo_name": null}, {"id": 28, "name": "Lean fish", "background_image": {"location": "//images.vivino.com/backgrounds/foods/28_leanfish.png", "variations": {"small": "//images.vivino.com/backgrounds/foods/thumbs/28_leanfish_932x810.png"}}, "seo_name": null}, {"id": 41, "name": "Cured Meat", "background_image": {"location": "//images.vivino.com/backgrounds/foods/41_curedmeat.png", "variations": {"small": "//images.vivino.com/backgrounds/foods/thumbs/41_curedmeat_932x810.png"}}, "seo_name": null}], "grapes": [{"id": 29, "name": "Arneis", "seo_name": "arneis", "has_detailed_info": false, "wines_count": 6777}, {"id": 36, "name": "Pinot Blanc", "seo_name": "pinot-blanc", "has_detailed_info": false, "wines_count": 48765}, {"id": 77, "name": "Cortese", "seo_name": "cortese", "has_detailed_info": false, "wines_count": 5484}, {"id": 105, "name": "Tocai Friulano", "seo_name": "tocai-friulano", "has_detailed_info": false, "wines_count": 2057}], "region": null}, "has_valid_ratings": true}, "description": "", "wine_critic_reviews": [], "awards": [], "ratings_distribution": {"1": 2, "2": 1, "3": 31, "4": 61, "5": 18}, "ranking": {"country": {"description": "Rank within Italy", "total": 1562223, "rank": 63861}, "region": {"description": "Rank within Wine Region", "total": 274959, "rank": 11481}, "winery": {"description": "Rank within Winery", "total": 405, "rank": 13}, "global": {"description": "Global Rank", "total": 8944577, "rank": 321096}}, "wine_facts": {}, "winemaker": null, "wine_maker": null, "grape_composition": {}, "year": "", "grapes": null, "has_valid_ratings": true}, "carts": null, "full_region": null, "tastes": null, "wine": {"id": 5548280, "name": "Dura delle Grazie Sauvignon Blanc", "seo_name": "dura-delle-grazie-sauvignon-blanc", "type_id": 2, "vintage_type": 0, "is_natural": false, "region": {"id": 983, "name": "delle Venezie", "name_en": "", "seo_name": "della-venezie", "country": {"code": "it", "name": "Italy", "native_name": "Italia", "seo_name": "italy", "currency": {"code": "EUR", "name": "Euros", "prefix": "\u20ac", "suffix": null}, "regions_count": 557, "users_count": 3875564, "wines_count": 355339, "wineries_count": 41362, "most_used_grapes": [{"id": 16, "name": "Sangiovese", "seo_name": "sangiovese", "has_detailed_info": true, "wines_count": 125094}, {"id": 10, "name": "Merlot", "seo_name": "merlot", "has_detailed_info": true, "wines_count": 566719}, {"id": 5, "name": "Chardonnay", "seo_name": "chardonnay", "has_detailed_info": true, "wines_count": 604208}]}, "parent_id": 460, "background_image": {"location": "//images.vivino.com/regions/backgrounds/IuzNdQ2NR7O-GIfh9qg9Yg.jpg", "variations": {"large": "//thumbs.vivino.com/region_backgrounds/IuzNdQ2NR7O-GIfh9qg9Yg_1280x760.jpg", "medium": "//thumbs.vivino.com/region_backgrounds/IuzNdQ2NR7O-GIfh9qg9Yg_600x356.jpg"}}, "class": {"typecast_map": {"background_image": {}, "class": {}}}, "statistics": {"wineries_count": 272, "wines_count": 3539, "sub_regions_count": 0, "parent_regions_count": 1}}, "review_status": 2, "winery": {"id": 14456, "name": "Bosco del Merlo", "seo_name": "bosco-del-merlo", "status": 0, "review_status": "Completed", "background_image": null, "statistics": {"ratings_count": 8211, "ratings_average": 3.8, "labels_count": 45882, "wines_count": 43}, "region": {"id": 460, "name": "Veneto", "name_en": "", "seo_name": "veneto", "country": {"code": "it", "name": "Italy", "native_name": "Italia", "seo_name": "italy", "currency": {"code": "EUR", "name": "Euros", "prefix": "\u20ac", "suffix": null}, "regions_count": 557, "users_count": 3875564, "wines_count": 355339, "wineries_count": 41362, "most_used_grapes": [{"id": 16, "name": "Sangiovese", "seo_name": "sangiovese", "has_detailed_info": true, "wines_count": 125094}, {"id": 10, "name": "Merlot", "seo_name": "merlot", "has_detailed_info": true, "wines_count": 566719}, {"id": 5, "name": "Chardonnay", "seo_name": "chardonnay", "has_detailed_info": true, "wines_count": 604208}]}, "parent_id": null, "background_image": {"location": "//images.vivino.com/regions/backgrounds/WCIaSSA0QMaX1Pjfe2SxEg.jpg", "variations": {"large": "//thumbs.vivino.com/region_backgrounds/WCIaSSA0QMaX1Pjfe2SxEg_1280x760.jpg", "medium": "//thumbs.vivino.com/region_backgrounds/WCIaSSA0QMaX1Pjfe2SxEg_600x356.jpg"}}, "class": {"typecast_map": {"background_image": {}, "class": {}}}, "statistics": {"wineries_count": 5962, "wines_count": 35687, "sub_regions_count": 28, "parent_regions_count": 0}}}, "image": {"location": "//images.vivino.com/labels/ff5C1rxAQh6udwEIHBzkiQ.jpg", "variations": {"large": "//images.vivino.com/thumbs/ff5C1rxAQh6udwEIHBzkiQ_375x500.jpg", "medium": "//images.vivino.com/thumbs/ff5C1rxAQh6udwEIHBzkiQ_150x200.jpg", "medium_square": "//images.vivino.com/thumbs/ff5C1rxAQh6udwEIHBzkiQ_150x150.jpg", "small_square": "//images.vivino.com/thumbs/ff5C1rxAQh6udwEIHBzkiQ_80x80.jpg"}}, "statistics": {"status": "Normal", "ratings_count": 113, "ratings_average": 4, "labels_count": 511, "vintages_count": 23}, "rank": null, "hidden": false, "vintages": [{"id": 168947699, "seo_name": "bosco-del-merlo-dura-delle-grazie-sauvignon-blanc-2020", "name": "Bosco del Merlo Dura delle Grazie Sauvignon Blanc 2020", "statistics": {"status": "BelowThreshold", "ratings_count": 1, "ratings_average": 0, "labels_count": 7, "reviews_count": 1}, "year": 2020, "grapes": null, "has_valid_ratings": false}, {"id": 164517329, "seo_name": "bosco-del-merlo-dura-delle-grazie-sauvignon-blanc-2019", "name": "Bosco del Merlo Dura delle Grazie Sauvignon Blanc 2019", "statistics": {"status": "Normal", "ratings_count": 36, "ratings_average": 3.9, "labels_count": 66, "reviews_count": 18}, "year": 2019, "grapes": null, "has_valid_ratings": true}, {"id": 161073897, "seo_name": "bosco-del-merlo-dura-delle-grazie-sauvignon-blanc-2018", "name": "Bosco del Merlo Dura delle Grazie Sauvignon Blanc 2018", "statistics": {"status": "Normal", "ratings_count": 19, "ratings_average": 4.2, "labels_count": 101, "reviews_count": 10}, "year": 2018, "grapes": null, "has_valid_ratings": true}, {"id": 157116851, "seo_name": "bosco-del-merlo-dura-delle-grazie-sauvignon-blanc-2017", "name": "Bosco del Merlo Dura delle Grazie Sauvignon Blanc 2017", "statistics": {"status": "BelowThreshold", "ratings_count": 6, "ratings_average": 0, "labels_count": 38, "reviews_count": 2}, "year": 2017, "grapes": null, "has_valid_ratings": false}, {"id": 153399689, "seo_name": "bosco-del-merlo-dura-delle-grazie-sauvignon-blanc-2016", "name": "Bosco del Merlo Dura delle Grazie Sauvignon Blanc 2016", "statistics": {"status": "Normal", "ratings_count": 14, "ratings_average": 3.5, "labels_count": 66, "reviews_count": 4}, "year": 2016, "grapes": null, "has_valid_ratings": true}, {"id": 154352256, "seo_name": "bosco-del-merlo-dura-delle-grazie-sauvignon-blanc-2015", "name": "Bosco del Merlo Dura delle Grazie Sauvignon Blanc 2015", "statistics": {"status": "Normal", "ratings_count": 12, "ratings_average": 4.2, "labels_count": 57, "reviews_count": 3}, "year": 2015, "grapes": null, "has_valid_ratings": true}, {"id": 160957975, "seo_name": "bosco-del-merlo-dura-delle-grazie-sauvignon-blanc-2014", "name": "Bosco del Merlo Dura delle Grazie Sauvignon Blanc 2014", "statistics": {"status": "BelowThreshold", "ratings_count": 3, "ratings_average": 0, "labels_count": 13, "reviews_count": 2}, "year": 2014, "grapes": null, "has_valid_ratings": false}, {"id": 161331781, "seo_name": "bosco-del-merlo-dura-delle-grazie-sauvignon-blanc-2013", "name": "Bosco del Merlo Dura delle Grazie Sauvignon Blanc 2013", "statistics": {"status": "BelowThreshold", "ratings_count": 6, "ratings_average": 0, "labels_count": 37, "reviews_count": 3}, "year": 2013, "grapes": null, "has_valid_ratings": false}, {"id": 160903305, "seo_name": "bosco-del-merlo-dura-delle-grazie-sauvignon-blanc-2012", "name": "Bosco del Merlo Dura delle Grazie Sauvignon Blanc 2012", "statistics": {"status": "BelowThreshold", "ratings_count": 4, "ratings_average": 0, "labels_count": 38, "reviews_count": 1}, "year": 2012, "grapes": null, "has_valid_ratings": false}, {"id": 160730825, "seo_name": "bosco-del-merlo-dura-delle-grazie-sauvignon-blanc-2011", "name": "Bosco del Merlo Dura delle Grazie Sauvignon Blanc 2011", "statistics": {"status": "BelowThreshold", "ratings_count": 2, "ratings_average": 0, "labels_count": 4, "reviews_count": 0}, "year": 2011, "grapes": null, "has_valid_ratings": false}, {"id": 168972166, "seo_name": "bosco-del-merlo-dura-delle-grazie-sauvignon-blanc-2009", "name": "Bosco del Merlo Dura delle Grazie Sauvignon Blanc 2009", "statistics": {"status": "BelowThreshold", "ratings_count": 0, "ratings_average": 0, "labels_count": 1, "reviews_count": 0}, "year": 2009, "grapes": null, "has_valid_ratings": false}, {"id": 167507170, "seo_name": "bosco-del-merlo-dura-delle-grazie-sauvignon-blanc-2006", "name": "Bosco del Merlo Dura delle Grazie Sauvignon Blanc 2006", "statistics": {"status": "BelowThreshold", "ratings_count": 0, "ratings_average": 0, "labels_count": 1, "reviews_count": 0}, "year": 2006, "grapes": null, "has_valid_ratings": false}, {"id": 158021649, "seo_name": "bosco-del-merlo-dura-delle-grazie-sauvignon-blanc-2004", "name": "Bosco del Merlo Dura delle Grazie Sauvignon Blanc 2004", "statistics": {"status": "BelowThreshold", "ratings_count": 0, "ratings_average": 0, "labels_count": 0, "reviews_count": 0}, "year": 2004, "grapes": null, "has_valid_ratings": false}, {"id": 158021648, "seo_name": "bosco-del-merlo-dura-delle-grazie-sauvignon-blanc-2003", "name": "Bosco del Merlo Dura delle Grazie Sauvignon Blanc 2003", "statistics": {"status": "BelowThreshold", "ratings_count": 0, "ratings_average": 0, "labels_count": 0, "reviews_count": 0}, "year": 2003, "grapes": null, "has_valid_ratings": false}, {"id": 158021647, "seo_name": "bosco-del-merlo-dura-delle-grazie-sauvignon-blanc-2002", "name": "Bosco del Merlo Dura delle Grazie Sauvignon Blanc 2002", "statistics": {"status": "BelowThreshold", "ratings_count": 0, "ratings_average": 0, "labels_count": 0, "reviews_count": 0}, "year": 2002, "grapes": null, "has_valid_ratings": false}, {"id": 158021646, "seo_name": "bosco-del-merlo-dura-delle-grazie-sauvignon-blanc-2001", "name": "Bosco del Merlo Dura delle Grazie Sauvignon Blanc 2001", "statistics": {"status": "BelowThreshold", "ratings_count": 0, "ratings_average": 0, "labels_count": 1, "reviews_count": 0}, "year": 2001, "grapes": null, "has_valid_ratings": false}, {"id": 158021645, "seo_name": "bosco-del-merlo-dura-delle-grazie-sauvignon-blanc-2000", "name": "Bosco del Merlo Dura delle Grazie Sauvignon Blanc 2000", "statistics": {"status": "BelowThreshold", "ratings_count": 0, "ratings_average": 0, "labels_count": 0, "reviews_count": 0}, "year": 2000, "grapes": null, "has_valid_ratings": false}, {"id": 158021644, "seo_name": "bosco-del-merlo-dura-delle-grazie-sauvignon-blanc-1999", "name": "Bosco del Merlo Dura delle Grazie Sauvignon Blanc 1999", "statistics": {"status": "BelowThreshold", "ratings_count": 0, "ratings_average": 0, "labels_count": 0, "reviews_count": 0}, "year": 1999, "grapes": null, "has_valid_ratings": false}, {"id": 158021642, "seo_name": "bosco-del-merlo-dura-delle-grazie-sauvignon-blanc-1998", "name": "Bosco del Merlo Dura delle Grazie Sauvignon Blanc 1998", "statistics": {"status": "BelowThreshold", "ratings_count": 0, "ratings_average": 0, "labels_count": 0, "reviews_count": 0}, "year": 1998, "grapes": null, "has_valid_ratings": false}, {"id": 158021641, "seo_name": "bosco-del-merlo-dura-delle-grazie-sauvignon-blanc-1997", "name": "Bosco del Merlo Dura delle Grazie Sauvignon Blanc 1997", "statistics": {"status": "BelowThreshold", "ratings_count": 0, "ratings_average": 0, "labels_count": 0, "reviews_count": 0}, "year": 1997, "grapes": null, "has_valid_ratings": false}, {"id": 158021640, "seo_name": "bosco-del-merlo-dura-delle-grazie-sauvignon-blanc-1996", "name": "Bosco del Merlo Dura delle Grazie Sauvignon Blanc 1996", "statistics": {"status": "BelowThreshold", "ratings_count": 0, "ratings_average": 0, "labels_count": 0, "reviews_count": 0}, "year": 1996, "grapes": null, "has_valid_ratings": false}, {"id": 155549509, "seo_name": "bosco-del-merlo-dura-delle-grazie-sauvignon-blanc-1988", "name": "Bosco del Merlo Dura delle Grazie Sauvignon Blanc 1988", "statistics": {"status": "BelowThreshold", "ratings_count": 4, "ratings_average": 0, "labels_count": 21, "reviews_count": 2}, "year": 1988, "grapes": null, "has_valid_ratings": false}, {"id": 153103425, "seo_name": "bosco-del-merlo-dura-delle-grazie-sauvignon-blanc-uv", "name": "Bosco del Merlo Dura delle Grazie Sauvignon Blanc", "statistics": {"status": "Normal", "ratings_count": 113, "ratings_average": 4, "labels_count": 36, "reviews_count": 2}, "year": 0, "grapes": null, "has_valid_ratings": true}], "description": "", "grapes": [{"id": 17, "name": "Sauvignon Blanc", "seo_name": "sauvignon-blanc", "has_detailed_info": true, "wines_count": 292440}], "foods": [{"id": 5, "name": "Pasta", "background_image": {"location": "//images.vivino.com/backgrounds/foods/5_pasta.png", "variations": {"small": "//images.vivino.com/backgrounds/foods/thumbs/5_pasta_932x810.png"}}, "seo_name": null}, {"id": 13, "name": "Shellfish", "background_image": {"location": "//images.vivino.com/backgrounds/foods/13_shellfish.png", "variations": {"small": "//images.vivino.com/backgrounds/foods/thumbs/13_shellfish_932x810.png"}}, "seo_name": "shellfish"}, {"id": 17, "name": "Mature and hard cheese", "background_image": {"location": "//images.vivino.com/backgrounds/foods/17_hardcheese.png", "variations": {"small": "//images.vivino.com/backgrounds/foods/thumbs/17_hardcheese_932x810.png"}}, "seo_name": null}, {"id": 28, "name": "Lean fish", "background_image": {"location": "//images.vivino.com/backgrounds/foods/28_leanfish.png", "variations": {"small": "//images.vivino.com/backgrounds/foods/thumbs/28_leanfish_932x810.png"}}, "seo_name": null}, {"id": 41, "name": "Cured Meat", "background_image": {"location": "//images.vivino.com/backgrounds/foods/41_curedmeat.png", "variations": {"small": "//images.vivino.com/backgrounds/foods/thumbs/41_curedmeat_932x810.png"}}, "seo_name": null}], "non_vintage": false, "alcohol": 0, "sweetness_id": null, "closure": null, "vintage_mask_raw": null, "updated_at": "2018-03-19T21:57:21Z", "created_at": "2017-05-31T03:42:53Z", "is_first_wine": false, "style": {"id": 131, "seo_name": "northern-italy-white", "regional_name": "Northern Italy", "varietal_name": "White", "name": "Northern Italy White", "image": null, "background_image": {"location": "//images.vivino.com/backgrounds/styles/tWQtajLuSO6l9TkwsXH-fw.jpg", "variations": {"small": "//images.vivino.com/backgrounds/styles/thumbs/tWQtajLuSO6l9TkwsXH-fw_932x810.jpg"}}, "description": "Often better known for red varieties, Northern Italy has a number of delicious and drinkable white wines. To know Northern Italian wines is to know the influences of the wines of the countries that border Italy.\n\nOld World wines tend to be far less about fruit-forward  flavors, and more about the effect that the climate, soil, and adjacently growing flora (terroir) have on the grapes during their growth.\n\nThe most widely recognizable varietal is Pinot Grigio which is very rustic, medium-bodied, with medium to high acidity. Chardonnay seems to grow anywhere grapes can grow; although Italian varieties are not normally coveted quality.\n\nGew\u00fcrztraminer usually makes us think of Germany, but it's also thriving in Northern Italy. The warmer climate imparts a little less sugar and little more acidity than its German cousin.\n\nThen there is Moscato. From the northwest Piedmont region, this wine is sweet and very popular in North America, and comes in both still and sparkling varieties.\n\nWhatever your choice, taking a tour of Italian white wines is an enjoyable experience that you will be thankful you took.", "blurb": null, "interesting_facts": ["More wine is produced in Italy than any other country, and wine has been made there for nearly 3000 years.", "There are over 3000 different grape varietals in Italy.", "There is more than 2 lbs (2 kilo) of grapes in each bottle of Italian wine."], "body": 3, "body_description": "Medium-bodied", "acidity": 3, "acidity_description": "High", "country": {"code": "it", "name": "Italy", "native_name": "Italia", "seo_name": "italy", "currency": {"code": "EUR", "name": "Euros", "prefix": "\u20ac", "suffix": null}, "regions_count": 557, "users_count": 3875564, "wines_count": 355339, "wineries_count": 41362, "most_used_grapes": [{"id": 16, "name": "Sangiovese", "seo_name": "sangiovese", "has_detailed_info": true, "wines_count": 125094}, {"id": 10, "name": "Merlot", "seo_name": "merlot", "has_detailed_info": true, "wines_count": 566719}, {"id": 5, "name": "Chardonnay", "seo_name": "chardonnay", "has_detailed_info": true, "wines_count": 604208}]}, "wine_type_id": 2, "food": [{"id": 5, "name": "Pasta", "background_image": {"location": "//images.vivino.com/backgrounds/foods/5_pasta.png", "variations": {"small": "//images.vivino.com/backgrounds/foods/thumbs/5_pasta_932x810.png"}}, "seo_name": null}, {"id": 13, "name": "Shellfish", "background_image": {"location": "//images.vivino.com/backgrounds/foods/13_shellfish.png", "variations": {"small": "//images.vivino.com/backgrounds/foods/thumbs/13_shellfish_932x810.png"}}, "seo_name": "shellfish"}, {"id": 17, "name": "Mature and hard cheese", "background_image": {"location": "//images.vivino.com/backgrounds/foods/17_hardcheese.png", "variations": {"small": "//images.vivino.com/backgrounds/foods/thumbs/17_hardcheese_932x810.png"}}, "seo_name": null}, {"id": 28, "name": "Lean fish", "background_image": {"location": "//images.vivino.com/backgrounds/foods/28_leanfish.png", "variations": {"small": "//images.vivino.com/backgrounds/foods/thumbs/28_leanfish_932x810.png"}}, "seo_name": null}, {"id": 41, "name": "Cured Meat", "background_image": {"location": "//images.vivino.com/backgrounds/foods/41_curedmeat.png", "variations": {"small": "//images.vivino.com/backgrounds/foods/thumbs/41_curedmeat_932x810.png"}}, "seo_name": null}], "grapes": [{"id": 29, "name": "Arneis", "seo_name": "arneis", "has_detailed_info": false, "wines_count": 6777}, {"id": 36, "name": "Pinot Blanc", "seo_name": "pinot-blanc", "has_detailed_info": false, "wines_count": 48765}, {"id": 77, "name": "Cortese", "seo_name": "cortese", "has_detailed_info": false, "wines_count": 5484}, {"id": 105, "name": "Tocai Friulano", "seo_name": "tocai-friulano", "has_detailed_info": false, "wines_count": 2057}], "region": null}, "has_valid_ratings": true}, "highlights": [{"vintage_id": 154352256, "highlight_type": "best_user_rated", "message": "This vintage rates better than any other year for this wine", "icon": "https://images.vivino.com/highlights/icon/best_user_rated.svg", "metadata": {"price": null, "wine_id": 5548280, "toplist": null, "ws_award": null, "critic_review_id": null, "ratings_average": 4.2, "ratings_count": 12, "vintage_year": "2015", "rank_type": "global", "ranks": {"country": {"description": "Rank within Italy", "total": 1562223, "rank": 161857}, "region": {"description": "Rank within Wine Region", "total": 274959, "rank": 27472}, "winery": {"description": "Rank within Winery", "total": 405, "rank": 52}, "global": {"description": "Global Rank", "total": 8944577, "rank": 847671}}, "style": {"id": 131, "seo_name": "northern-italy-white", "regional_name": "Northern Italy", "varietal_name": "White", "name": "Northern Italy White", "image": null, "background_image": {"location": "//images.vivino.com/backgrounds/styles/tWQtajLuSO6l9TkwsXH-fw.jpg", "variations": {"small": "//images.vivino.com/backgrounds/styles/thumbs/tWQtajLuSO6l9TkwsXH-fw_932x810.jpg"}}, "description": "Often better known for red varieties, Northern Italy has a number of delicious and drinkable white wines. To know Northern Italian wines is to know the influences of the wines of the countries that border Italy.\n\nOld World wines tend to be far less about fruit-forward  flavors, and more about the effect that the climate, soil, and adjacently growing flora (terroir) have on the grapes during their growth.\n\nThe most widely recognizable varietal is Pinot Grigio which is very rustic, medium-bodied, with medium to high acidity. Chardonnay seems to grow anywhere grapes can grow; although Italian varieties are not normally coveted quality.\n\nGew\u00fcrztraminer usually makes us think of Germany, but it's also thriving in Northern Italy. The warmer climate imparts a little less sugar and little more acidity than its German cousin.\n\nThen there is Moscato. From the northwest Piedmont region, this wine is sweet and very popular in North America, and comes in both still and sparkling varieties.\n\nWhatever your choice, taking a tour of Italian white wines is an enjoyable experience that you will be thankful you took.", "blurb": null, "interesting_facts": ["More wine is produced in Italy than any other country, and wine has been made there for nearly 3000 years.", "There are over 3000 different grape varietals in Italy.", "There is more than 2 lbs (2 kilo) of grapes in each bottle of Italian wine."], "body": 3, "body_description": "Medium-bodied", "acidity": 3, "acidity_description": "High", "country": {"code": "it", "name": "Italy", "native_name": "Italia", "seo_name": "italy", "currency": {"code": "EUR", "name": "Euros", "prefix": "\u20ac", "suffix": null}, "regions_count": 557, "users_count": 3875564, "wines_count": 355339, "wineries_count": 41362, "most_used_grapes": [{"id": 16, "name": "Sangiovese", "seo_name": "sangiovese", "has_detailed_info": true, "wines_count": 125094}, {"id": 10, "name": "Merlot", "seo_name": "merlot", "has_detailed_info": true, "wines_count": 566719}, {"id": 5, "name": "Chardonnay", "seo_name": "chardonnay", "has_detailed_info": true, "wines_count": 604208}]}, "wine_type_id": 2, "food": [{"id": 5, "name": "Pasta", "background_image": {"location": "//images.vivino.com/backgrounds/foods/5_pasta.png", "variations": {"small": "//images.vivino.com/backgrounds/foods/thumbs/5_pasta_932x810.png"}}, "seo_name": null}, {"id": 13, "name": "Shellfish", "background_image": {"location": "//images.vivino.com/backgrounds/foods/13_shellfish.png", "variations": {"small": "//images.vivino.com/backgrounds/foods/thumbs/13_shellfish_932x810.png"}}, "seo_name": "shellfish"}, {"id": 17, "name": "Mature and hard cheese", "background_image": {"location": "//images.vivino.com/backgrounds/foods/17_hardcheese.png", "variations": {"small": "//images.vivino.com/backgrounds/foods/thumbs/17_hardcheese_932x810.png"}}, "seo_name": null}, {"id": 28, "name": "Lean fish", "background_image": {"location": "//images.vivino.com/backgrounds/foods/28_leanfish.png", "variations": {"small": "//images.vivino.com/backgrounds/foods/thumbs/28_leanfish_932x810.png"}}, "seo_name": null}, {"id": 41, "name": "Cured Meat", "background_image": {"location": "//images.vivino.com/backgrounds/foods/41_curedmeat.png", "variations": {"small": "//images.vivino.com/backgrounds/foods/thumbs/41_curedmeat_932x810.png"}}, "seo_name": null}], "grapes": [{"id": 29, "name": "Arneis", "seo_name": "arneis", "has_detailed_info": false, "wines_count": 6777}, {"id": 36, "name": "Pinot Blanc", "seo_name": "pinot-blanc", "has_detailed_info": false, "wines_count": 48765}, {"id": 77, "name": "Cortese", "seo_name": "cortese", "has_detailed_info": false, "wines_count": 5484}, {"id": 105, "name": "Tocai Friulano", "seo_name": "tocai-friulano", "has_detailed_info": false, "wines_count": 2057}], "region": null}}, "vintage_year": 2015}, {"vintage_id": 164517329, "highlight_type": "most_user_rated", "message": "Popular among Vivino users. More than 30 ratings", "icon": "https://images.vivino.com/highlights/icon/most_user_rated.svg", "metadata": {"price": null, "wine_id": 5548280, "toplist": null, "ws_award": null, "critic_review_id": null, "ratings_average": 3.9, "ratings_count": 36, "vintage_year": "2019", "rank_type": null, "ranks": {"country": {"description": "Rank within Italy", "total": 1562223, "rank": 256065}, "region": {"description": "Rank within Wine Region", "total": 274959, "rank": 42748}, "winery": {"description": "Rank within Winery", "total": 405, "rank": 90}, "global": {"description": "Global Rank", "total": 8944577, "rank": 1336737}}, "style": {"id": 131, "seo_name": "northern-italy-white", "regional_name": "Northern Italy", "varietal_name": "White", "name": "Northern Italy White", "image": null, "background_image": {"location": "//images.vivino.com/backgrounds/styles/tWQtajLuSO6l9TkwsXH-fw.jpg", "variations": {"small": "//images.vivino.com/backgrounds/styles/thumbs/tWQtajLuSO6l9TkwsXH-fw_932x810.jpg"}}, "description": "Often better known for red varieties, Northern Italy has a number of delicious and drinkable white wines. To know Northern Italian wines is to know the influences of the wines of the countries that border Italy.\n\nOld World wines tend to be far less about fruit-forward  flavors, and more about the effect that the climate, soil, and adjacently growing flora (terroir) have on the grapes during their growth.\n\nThe most widely recognizable varietal is Pinot Grigio which is very rustic, medium-bodied, with medium to high acidity. Chardonnay seems to grow anywhere grapes can grow; although Italian varieties are not normally coveted quality.\n\nGew\u00fcrztraminer usually makes us think of Germany, but it's also thriving in Northern Italy. The warmer climate imparts a little less sugar and little more acidity than its German cousin.\n\nThen there is Moscato. From the northwest Piedmont region, this wine is sweet and very popular in North America, and comes in both still and sparkling varieties.\n\nWhatever your choice, taking a tour of Italian white wines is an enjoyable experience that you will be thankful you took.", "blurb": null, "interesting_facts": ["More wine is produced in Italy than any other country, and wine has been made there for nearly 3000 years.", "There are over 3000 different grape varietals in Italy.", "There is more than 2 lbs (2 kilo) of grapes in each bottle of Italian wine."], "body": 3, "body_description": "Medium-bodied", "acidity": 3, "acidity_description": "High", "country": {"code": "it", "name": "Italy", "native_name": "Italia", "seo_name": "italy", "currency": {"code": "EUR", "name": "Euros", "prefix": "\u20ac", "suffix": null}, "regions_count": 557, "users_count": 3875564, "wines_count": 355339, "wineries_count": 41362, "most_used_grapes": [{"id": 16, "name": "Sangiovese", "seo_name": "sangiovese", "has_detailed_info": true, "wines_count": 125094}, {"id": 10, "name": "Merlot", "seo_name": "merlot", "has_detailed_info": true, "wines_count": 566719}, {"id": 5, "name": "Chardonnay", "seo_name": "chardonnay", "has_detailed_info": true, "wines_count": 604208}]}, "wine_type_id": 2, "food": [{"id": 5, "name": "Pasta", "background_image": {"location": "//images.vivino.com/backgrounds/foods/5_pasta.png", "variations": {"small": "//images.vivino.com/backgrounds/foods/thumbs/5_pasta_932x810.png"}}, "seo_name": null}, {"id": 13, "name": "Shellfish", "background_image": {"location": "//images.vivino.com/backgrounds/foods/13_shellfish.png", "variations": {"small": "//images.vivino.com/backgrounds/foods/thumbs/13_shellfish_932x810.png"}}, "seo_name": "shellfish"}, {"id": 17, "name": "Mature and hard cheese", "background_image": {"location": "//images.vivino.com/backgrounds/foods/17_hardcheese.png", "variations": {"small": "//images.vivino.com/backgrounds/foods/thumbs/17_hardcheese_932x810.png"}}, "seo_name": null}, {"id": 28, "name": "Lean fish", "background_image": {"location": "//images.vivino.com/backgrounds/foods/28_leanfish.png", "variations": {"small": "//images.vivino.com/backgrounds/foods/thumbs/28_leanfish_932x810.png"}}, "seo_name": null}, {"id": 41, "name": "Cured Meat", "background_image": {"location": "//images.vivino.com/backgrounds/foods/41_curedmeat.png", "variations": {"small": "//images.vivino.com/backgrounds/foods/thumbs/41_curedmeat_932x810.png"}}, "seo_name": null}], "grapes": [{"id": 29, "name": "Arneis", "seo_name": "arneis", "has_detailed_info": false, "wines_count": 6777}, {"id": 36, "name": "Pinot Blanc", "seo_name": "pinot-blanc", "has_detailed_info": false, "wines_count": 48765}, {"id": 77, "name": "Cortese", "seo_name": "cortese", "has_detailed_info": false, "wines_count": 5484}, {"id": 105, "name": "Tocai Friulano", "seo_name": "tocai-friulano", "has_detailed_info": false, "wines_count": 2057}], "region": null}}, "vintage_year": 2019}, {"vintage_id": 161073897, "highlight_type": "top_ranked", "message": "Among top 9% of all wines in the world", "icon": "https://images.vivino.com/highlights/icon/top_ranked.svg", "metadata": {"price": null, "wine_id": 5548280, "toplist": null, "ws_award": null, "critic_review_id": null, "ratings_average": 4.2, "ratings_count": 19, "vintage_year": "2018", "rank_type": "global", "ranks": {"country": {"description": "Rank within Italy", "total": 1562223, "rank": 150233}, "region": {"description": "Rank within Wine Region", "total": 274959, "rank": 25641}, "winery": {"description": "Rank within Winery", "total": 405, "rank": 48}, "global": {"description": "Global Rank", "total": 8944577, "rank": 777946}}, "style": {"id": 131, "seo_name": "northern-italy-white", "regional_name": "Northern Italy", "varietal_name": "White", "name": "Northern Italy White", "image": null, "background_image": {"location": "//images.vivino.com/backgrounds/styles/tWQtajLuSO6l9TkwsXH-fw.jpg", "variations": {"small": "//images.vivino.com/backgrounds/styles/thumbs/tWQtajLuSO6l9TkwsXH-fw_932x810.jpg"}}, "description": "Often better known for red varieties, Northern Italy has a number of delicious and drinkable white wines. To know Northern Italian wines is to know the influences of the wines of the countries that border Italy.\n\nOld World wines tend to be far less about fruit-forward  flavors, and more about the effect that the climate, soil, and adjacently growing flora (terroir) have on the grapes during their growth.\n\nThe most widely recognizable varietal is Pinot Grigio which is very rustic, medium-bodied, with medium to high acidity. Chardonnay seems to grow anywhere grapes can grow; although Italian varieties are not normally coveted quality.\n\nGew\u00fcrztraminer usually makes us think of Germany, but it's also thriving in Northern Italy. The warmer climate imparts a little less sugar and little more acidity than its German cousin.\n\nThen there is Moscato. From the northwest Piedmont region, this wine is sweet and very popular in North America, and comes in both still and sparkling varieties.\n\nWhatever your choice, taking a tour of Italian white wines is an enjoyable experience that you will be thankful you took.", "blurb": null, "interesting_facts": ["More wine is produced in Italy than any other country, and wine has been made there for nearly 3000 years.", "There are over 3000 different grape varietals in Italy.", "There is more than 2 lbs (2 kilo) of grapes in each bottle of Italian wine."], "body": 3, "body_description": "Medium-bodied", "acidity": 3, "acidity_description": "High", "country": {"code": "it", "name": "Italy", "native_name": "Italia", "seo_name": "italy", "currency": {"code": "EUR", "name": "Euros", "prefix": "\u20ac", "suffix": null}, "regions_count": 557, "users_count": 3875564, "wines_count": 355339, "wineries_count": 41362, "most_used_grapes": [{"id": 16, "name": "Sangiovese", "seo_name": "sangiovese", "has_detailed_info": true, "wines_count": 125094}, {"id": 10, "name": "Merlot", "seo_name": "merlot", "has_detailed_info": true, "wines_count": 566719}, {"id": 5, "name": "Chardonnay", "seo_name": "chardonnay", "has_detailed_info": true, "wines_count": 604208}]}, "wine_type_id": 2, "food": [{"id": 5, "name": "Pasta", "background_image": {"location": "//images.vivino.com/backgrounds/foods/5_pasta.png", "variations": {"small": "//images.vivino.com/backgrounds/foods/thumbs/5_pasta_932x810.png"}}, "seo_name": null}, {"id": 13, "name": "Shellfish", "background_image": {"location": "//images.vivino.com/backgrounds/foods/13_shellfish.png", "variations": {"small": "//images.vivino.com/backgrounds/foods/thumbs/13_shellfish_932x810.png"}}, "seo_name": "shellfish"}, {"id": 17, "name": "Mature and hard cheese", "background_image": {"location": "//images.vivino.com/backgrounds/foods/17_hardcheese.png", "variations": {"small": "//images.vivino.com/backgrounds/foods/thumbs/17_hardcheese_932x810.png"}}, "seo_name": null}, {"id": 28, "name": "Lean fish", "background_image": {"location": "//images.vivino.com/backgrounds/foods/28_leanfish.png", "variations": {"small": "//images.vivino.com/backgrounds/foods/thumbs/28_leanfish_932x810.png"}}, "seo_name": null}, {"id": 41, "name": "Cured Meat", "background_image": {"location": "//images.vivino.com/backgrounds/foods/41_curedmeat.png", "variations": {"small": "//images.vivino.com/backgrounds/foods/thumbs/41_curedmeat_932x810.png"}}, "seo_name": null}], "grapes": [{"id": 29, "name": "Arneis", "seo_name": "arneis", "has_detailed_info": false, "wines_count": 6777}, {"id": 36, "name": "Pinot Blanc", "seo_name": "pinot-blanc", "has_detailed_info": false, "wines_count": 48765}, {"id": 77, "name": "Cortese", "seo_name": "cortese", "has_detailed_info": false, "wines_count": 5484}, {"id": 105, "name": "Tocai Friulano", "seo_name": "tocai-friulano", "has_detailed_info": false, "wines_count": 2057}], "region": null}}, "vintage_year": 2018}], "recommended_vintages": [{"vintage": {"id": 154352256, "seo_name": "bosco-del-merlo-dura-delle-grazie-sauvignon-blanc-2015", "name": "Bosco del Merlo Dura delle Grazie Sauvignon Blanc 2015", "statistics": {"status": "Normal", "ratings_count": 12, "ratings_average": 4.2, "labels_count": 57, "reviews_count": 3}, "year": 2015, "grapes": null, "has_valid_ratings": true}, "type": "best_user_rated", "highlight_icon": "https://images.vivino.com/highlights/icon/best_user_rated.svg", "price": null}, {"vintage": {"id": 164517329, "seo_name": "bosco-del-merlo-dura-delle-grazie-sauvignon-blanc-2019", "name": "Bosco del Merlo Dura delle Grazie Sauvignon Blanc 2019", "statistics": {"status": "Normal", "ratings_count": 36, "ratings_average": 3.9, "labels_count": 66, "reviews_count": 18}, "year": 2019, "grapes": null, "has_valid_ratings": true}, "type": "most_user_rated", "highlight_icon": "https://images.vivino.com/highlights/icon/most_user_rated.svg", "price": null}, {"vintage": {"id": 161073897, "seo_name": "bosco-del-merlo-dura-delle-grazie-sauvignon-blanc-2018", "name": "Bosco del Merlo Dura delle Grazie Sauvignon Blanc 2018", "statistics": {"status": "Normal", "ratings_count": 19, "ratings_average": 4.2, "labels_count": 101, "reviews_count": 10}, "year": 2018, "grapes": null, "has_valid_ratings": true}, "type": "top_ranked", "highlight_icon": "https://images.vivino.com/highlights/icon/top_ranked.svg", "price": null}], "prices_and_availabilities": [], "price_range": {"currency": {"code": "EUR", "name": "Euros", "prefix": "\u20ac", "suffix": null}, "price_range": {"minimum": 0, "maximum": 500, "currency_code": "EUR"}, "defaults": {"minimum": 7, "maximum": 30, "currency_code": "EUR"}}, "subtotal_price": null}