{"vintage": {"id": 145832018, "seo_name": "pirramimma-ironstone-petit-verdot-uv", "name": "Pirramimma Ironstone Petit Verdot", "statistics": {"status": "Normal", "ratings_count": 90, "ratings_average": 4.1, "labels_count": 2, "reviews_count": 2}, "organic_certification_id": null, "certified_biodynamic": null, "image": {"location": "//images.vivino.com/thumbs/CP8-Sh-ZSvqpKdxg_rw0yA_pl_480x640.png", "variations": {"bottle_large": "//images.vivino.com/thumbs/CP8-Sh-ZSvqpKdxg_rw0yA_pb_x960.png", "bottle_medium": "//images.vivino.com/thumbs/CP8-Sh-ZSvqpKdxg_rw0yA_pb_x600.png", "bottle_medium_square": "//images.vivino.com/thumbs/CP8-Sh-ZSvqpKdxg_rw0yA_pb_600x600.png", "bottle_small": "//images.vivino.com/thumbs/CP8-Sh-ZSvqpKdxg_rw0yA_pb_x300.png", "bottle_small_square": "//images.vivino.com/thumbs/CP8-Sh-ZSvqpKdxg_rw0yA_pb_300x300.png", "label": "//images.vivino.com/thumbs/CP8-Sh-ZSvqpKdxg_rw0yA_pl_480x640.png", "label_large": "//images.vivino.com/thumbs/CP8-Sh-ZSvqpKdxg_rw0yA_pl_375x500.png", "label_medium": "//images.vivino.com/thumbs/CP8-Sh-ZSvqpKdxg_rw0yA_pl_150x200.png", "label_medium_square": "//images.vivino.com/thumbs/CP8-Sh-ZSvqpKdxg_rw0yA_pl_150x150.png", "label_small_square": "//images.vivino.com/thumbs/CP8-Sh-ZSvqpKdxg_rw0yA_pl_80x80.png", "large": "//images.vivino.com/thumbs/CP8-Sh-ZSvqpKdxg_rw0yA_pl_375x500.png", "medium": "//images.vivino.com/thumbs/CP8-Sh-ZSvqpKdxg_rw0yA_pl_150x200.png", "medium_square": "//images.vivino.com/thumbs/CP8-Sh-ZSvqpKdxg_rw0yA_pl_150x150.png", "small_square": "//images.vivino.com/thumbs/CP8-Sh-ZSvqpKdxg_rw0yA_pl_80x80.png"}}, "wine": {"id": 4747841, "name": "Ironstone Petit Verdot", "seo_name": "ironstone-petit-verdot", "type_id": 1, "vintage_type": 0, "is_natural": false, "region": {"id": 426, "name": "McLaren Vale", "name_en": "", "seo_name": "mclaren-vale", "country": {"code": "au", "name": "Australia", "native_name": "Australia", "seo_name": "australia", "currency": {"code": "AUD", "name": "Australian Dollars", "prefix": "$", "suffix": null}, "regions_count": 120, "users_count": 896308, "wines_count": 110347, "wineries_count": 13531, "most_used_grapes": [{"id": 1, "name": "Shiraz/Syrah", "seo_name": "shiraz-syrah", "has_detailed_info": true, "wines_count": 551112}, {"id": 2, "name": "Cabernet Sauvignon", "seo_name": "cabernet-sauvignon", "has_detailed_info": true, "wines_count": 801751}, {"id": 5, "name": "Chardonnay", "seo_name": "chardonnay", "has_detailed_info": true, "wines_count": 604208}]}, "parent_id": 9, "background_image": {"location": "//images.vivino.com/regions/backgrounds/xAh3SJBiQAC3VIJsKJmM4A.jpg", "variations": {"large": "//thumbs.vivino.com/region_backgrounds/xAh3SJBiQAC3VIJsKJmM4A_1280x760.jpg", "medium": "//thumbs.vivino.com/region_backgrounds/xAh3SJBiQAC3VIJsKJmM4A_600x356.jpg"}}, "class": {"typecast_map": {"background_image": {}, "class": {}}}, "statistics": {"wineries_count": 654, "wines_count": 5464, "sub_regions_count": 0, "parent_regions_count": 2}}, "review_status": 2, "winery": {"id": 2077, "name": "Pirramimma", "seo_name": "pirramimma", "status": 0, "review_status": "Completed", "background_image": null, "statistics": {"ratings_count": 12554, "ratings_average": 4, "labels_count": 94188, "wines_count": 120}, "region": {"id": 9, "name": "Fleurieu", "name_en": "", "seo_name": "fleurieu", "country": {"code": "au", "name": "Australia", "native_name": "Australia", "seo_name": "australia", "currency": {"code": "AUD", "name": "Australian Dollars", "prefix": "$", "suffix": null}, "regions_count": 120, "users_count": 896308, "wines_count": 110347, "wineries_count": 13531, "most_used_grapes": [{"id": 1, "name": "Shiraz/Syrah", "seo_name": "shiraz-syrah", "has_detailed_info": true, "wines_count": 551112}, {"id": 2, "name": "Cabernet Sauvignon", "seo_name": "cabernet-sauvignon", "has_detailed_info": true, "wines_count": 801751}, {"id": 5, "name": "Chardonnay", "seo_name": "chardonnay", "has_detailed_info": true, "wines_count": 604208}]}, "parent_id": 7, "background_image": {"location": "//images.vivino.com/regions/backgrounds/oFmHQF_ZQ6e4Tm7MQ2Tr3A.jpg", "variations": {"large": "//thumbs.vivino.com/region_backgrounds/oFmHQF_ZQ6e4Tm7MQ2Tr3A_1280x760.jpg", "medium": "//thumbs.vivino.com/region_backgrounds/oFmHQF_ZQ6e4Tm7MQ2Tr3A_600x356.jpg"}}, "class": {"typecast_map": {"background_image": {}, "class": {}}}, "statistics": {"wineries_count": 980, "wines_count": 7446, "sub_regions_count": 5, "parent_regions_count": 1}}, "business_name": "Pirramimma Wines", "description": "", "specialists_notes": "", "phone": "61 8 8323 8205", "email": "cellardoor@pirramimma.com.au", "facebook": "https://www.facebook.com/pages/pirramimma-winery/137857406272338", "instagram": "", "is_claimed": false, "twitter": "", "website": "http://www.pirramimma.com.au", "winemaker": "Geoff Johnston", "wine_maker": {"id": 1119, "name": "Geoff Johnston"}, "address": {"title": null, "name": null, "street": "PO Box 7 Johnston Road", "street2": null, "neighborhood": null, "city": "McLaren Vale, SA", "zip": "5171", "state": null, "country": {"code": "au", "name": "Australia", "native_name": "Australia", "seo_name": "australia", "currency": {"code": "AUD", "name": "Australian Dollars", "prefix": "$", "suffix": null}, "regions_count": 120, "users_count": 896308, "wines_count": 110347, "wineries_count": 13531, "most_used_grapes": [{"id": 1, "name": "Shiraz/Syrah", "seo_name": "shiraz-syrah", "has_detailed_info": true, "wines_count": 551112}, {"id": 2, "name": "Cabernet Sauvignon", "seo_name": "cabernet-sauvignon", "has_detailed_info": true, "wines_count": 801751}, {"id": 5, "name": "Chardonnay", "seo_name": "chardonnay", "has_detailed_info": true, "wines_count": 604208}]}, "company": null, "phone": null, "external_id": null, "residential": null, "vat_number": null, "vat_code": null, "addition": null}, "image": null, "location": null, "winery_group": {"id": 1686, "name": "Pirramimma Wines", "website": "http://www.pirramimma.com.au/"}, "first_wines": [], "sponsored_entity_type": null, "sponsored_entity": null}, "statistics": {"status": "Normal", "ratings_count": 90, "ratings_average": 4.1, "labels_count": 617, "vintages_count": 12}, "rank": {"country": {"description": "Rank within Australia", "total": 67306, "rank": 5460}, "region": {"description": "Rank within Wine Region", "total": 5576, "rank": 628}, "winery": {"description": "Rank within Winery", "total": 111, "rank": 19}, "wine_type": {"description": "Rank within all Red Wine", "total": 659133, "rank": 91313}, "global": {"description": "Global Rank", "total": 1302069, "rank": 151276}}, "hidden": false, "vintages": [{"id": 163150517, "seo_name": "pirramimma-ironstone-petit-verdot-2016", "name": "Pirramimma Ironstone Petit Verdot 2016", "statistics": {"status": "BelowThreshold", "ratings_count": 1, "ratings_average": 0, "labels_count": 16, "reviews_count": 0}, "year": 2016, "grapes": null, "has_valid_ratings": false}, {"id": 146726622, "seo_name": "pirramimma-ironstone-petit-verdot-2015", "name": "Pirramimma Ironstone Petit Verdot 2015", "statistics": {"status": "Normal", "ratings_count": 30, "ratings_average": 3.9, "labels_count": 266, "reviews_count": 16}, "year": 2015, "grapes": null, "has_valid_ratings": true}, {"id": 145832017, "seo_name": "pirramimma-ironstone-petit-verdot-2013", "name": "Pirramimma Ironstone Petit Verdot 2013", "statistics": {"status": "Normal", "ratings_count": 52, "ratings_average": 4.2, "labels_count": 302, "reviews_count": 26}, "year": 2013, "grapes": null, "has_valid_ratings": true}, {"id": 145832018, "seo_name": "pirramimma-ironstone-petit-verdot-uv", "name": "Pirramimma Ironstone Petit Verdot", "statistics": {"status": "Normal", "ratings_count": 90, "ratings_average": 4.1, "labels_count": 2, "reviews_count": 2}, "year": 0, "grapes": null, "has_valid_ratings": true}], "description": "", "grapes": [{"id": 42, "name": "Petit Verdot", "seo_name": "petit-verdot", "has_detailed_info": true, "wines_count": 82567}], "foods": [{"id": 4, "name": "Beef", "background_image": {"location": "//images.vivino.com/backgrounds/foods/4_beef.png", "variations": {"small": "//images.vivino.com/backgrounds/foods/thumbs/4_beef_932x810.png"}}, "seo_name": "beef"}, {"id": 17, "name": "Mature and hard cheese", "background_image": {"location": "//images.vivino.com/backgrounds/foods/17_hardcheese.png", "variations": {"small": "//images.vivino.com/backgrounds/foods/thumbs/17_hardcheese_932x810.png"}}, "seo_name": null}], "non_vintage": false, "alcohol": 0, "sweetness_id": null, "closure": null, "vintage_mask_raw": null, "updated_at": "2021-08-01T00:12:01Z", "created_at": "2016-08-13T16:04:59Z", "is_first_wine": false, "style": null, "has_valid_ratings": true}, "description": "", "wine_critic_reviews": [], "awards": [], "ratings_distribution": {"1": 1, "2": 2, "3": 15, "4": 59, "5": 13}, "ranking": {"country": {"description": "Rank within Australia", "total": 421440, "rank": 7319}, "region": {"description": "Rank within Wine Region", "total": 35459, "rank": 777}, "winery": {"description": "Rank within Winery", "total": 740, "rank": 27}, "global": {"description": "Global Rank", "total": 8944683, "rank": 232581}}, "wine_facts": {}, "winemaker": null, "wine_maker": null, "grape_composition": {}, "year": "", "grapes": null, "has_valid_ratings": true}, "carts": null, "full_region": null, "tastes": null, "wine": {"id": 4747841, "name": "Ironstone Petit Verdot", "seo_name": "ironstone-petit-verdot", "type_id": 1, "vintage_type": 0, "is_natural": false, "region": {"id": 426, "name": "McLaren Vale", "name_en": "", "seo_name": "mclaren-vale", "country": {"code": "au", "name": "Australia", "native_name": "Australia", "seo_name": "australia", "currency": {"code": "AUD", "name": "Australian Dollars", "prefix": "$", "suffix": null}, "regions_count": 120, "users_count": 896308, "wines_count": 110347, "wineries_count": 13531, "most_used_grapes": [{"id": 1, "name": "Shiraz/Syrah", "seo_name": "shiraz-syrah", "has_detailed_info": true, "wines_count": 551112}, {"id": 2, "name": "Cabernet Sauvignon", "seo_name": "cabernet-sauvignon", "has_detailed_info": true, "wines_count": 801751}, {"id": 5, "name": "Chardonnay", "seo_name": "chardonnay", "has_detailed_info": true, "wines_count": 604208}]}, "parent_id": 9, "background_image": {"location": "//images.vivino.com/regions/backgrounds/xAh3SJBiQAC3VIJsKJmM4A.jpg", "variations": {"large": "//thumbs.vivino.com/region_backgrounds/xAh3SJBiQAC3VIJsKJmM4A_1280x760.jpg", "medium": "//thumbs.vivino.com/region_backgrounds/xAh3SJBiQAC3VIJsKJmM4A_600x356.jpg"}}, "class": {"typecast_map": {"background_image": {}, "class": {}}}, "statistics": {"wineries_count": 654, "wines_count": 5464, "sub_regions_count": 0, "parent_regions_count": 2}}, "review_status": 2, "winery": {"id": 2077, "name": "Pirramimma", "seo_name": "pirramimma", "status": 0, "review_status": "Completed", "background_image": null, "statistics": {"ratings_count": 12554, "ratings_average": 4, "labels_count": 94188, "wines_count": 120}, "region": {"id": 9, "name": "Fleurieu", "name_en": "", "seo_name": "fleurieu", "country": {"code": "au", "name": "Australia", "native_name": "Australia", "seo_name": "australia", "currency": {"code": "AUD", "name": "Australian Dollars", "prefix": "$", "suffix": null}, "regions_count": 120, "users_count": 896308, "wines_count": 110347, "wineries_count": 13531, "most_used_grapes": [{"id": 1, "name": "Shiraz/Syrah", "seo_name": "shiraz-syrah", "has_detailed_info": true, "wines_count": 551112}, {"id": 2, "name": "Cabernet Sauvignon", "seo_name": "cabernet-sauvignon", "has_detailed_info": true, "wines_count": 801751}, {"id": 5, "name": "Chardonnay", "seo_name": "chardonnay", "has_detailed_info": true, "wines_count": 604208}]}, "parent_id": 7, "background_image": {"location": "//images.vivino.com/regions/backgrounds/oFmHQF_ZQ6e4Tm7MQ2Tr3A.jpg", "variations": {"large": "//thumbs.vivino.com/region_backgrounds/oFmHQF_ZQ6e4Tm7MQ2Tr3A_1280x760.jpg", "medium": "//thumbs.vivino.com/region_backgrounds/oFmHQF_ZQ6e4Tm7MQ2Tr3A_600x356.jpg"}}, "class": {"typecast_map": {"background_image": {}, "class": {}}}, "statistics": {"wineries_count": 980, "wines_count": 7446, "sub_regions_count": 5, "parent_regions_count": 1}}}, "image": {"location": "//images.vivino.com/thumbs/CP8-Sh-ZSvqpKdxg_rw0yA_pl_480x640.png", "variations": {"bottle_large": "//images.vivino.com/thumbs/CP8-Sh-ZSvqpKdxg_rw0yA_pb_x960.png", "bottle_medium": "//images.vivino.com/thumbs/CP8-Sh-ZSvqpKdxg_rw0yA_pb_x600.png", "bottle_medium_square": "//images.vivino.com/thumbs/CP8-Sh-ZSvqpKdxg_rw0yA_pb_600x600.png", "bottle_small": "//images.vivino.com/thumbs/CP8-Sh-ZSvqpKdxg_rw0yA_pb_x300.png", "bottle_small_square": "//images.vivino.com/thumbs/CP8-Sh-ZSvqpKdxg_rw0yA_pb_300x300.png", "label": "//images.vivino.com/thumbs/CP8-Sh-ZSvqpKdxg_rw0yA_pl_480x640.png", "label_large": "//images.vivino.com/thumbs/CP8-Sh-ZSvqpKdxg_rw0yA_pl_375x500.png", "label_medium": "//images.vivino.com/thumbs/CP8-Sh-ZSvqpKdxg_rw0yA_pl_150x200.png", "label_medium_square": "//images.vivino.com/thumbs/CP8-Sh-ZSvqpKdxg_rw0yA_pl_150x150.png", "label_small_square": "//images.vivino.com/thumbs/CP8-Sh-ZSvqpKdxg_rw0yA_pl_80x80.png", "large": "//images.vivino.com/thumbs/CP8-Sh-ZSvqpKdxg_rw0yA_pl_375x500.png", "medium": "//images.vivino.com/thumbs/CP8-Sh-ZSvqpKdxg_rw0yA_pl_150x200.png", "medium_square": "//images.vivino.com/thumbs/CP8-Sh-ZSvqpKdxg_rw0yA_pl_150x150.png", "small_square": "//images.vivino.com/thumbs/CP8-Sh-ZSvqpKdxg_rw0yA_pl_80x80.png"}}, "statistics": {"status": "Normal", "ratings_count": 90, "ratings_average": 4.1, "labels_count": 617, "vintages_count": 12}, "rank": null, "hidden": false, "vintages": [{"id": 166094031, "seo_name": "pirramimma-ironstone-petit-verdot-2019", "name": "Pirramimma Ironstone Petit Verdot 2019", "statistics": {"status": "BelowThreshold", "ratings_count": 0, "ratings_average": 0, "labels_count": 0, "reviews_count": 0}, "year": 2019, "grapes": null, "has_valid_ratings": false}, {"id": 164444415, "seo_name": "pirramimma-ironstone-petit-verdot-2018", "name": "Pirramimma Ironstone Petit Verdot 2018", "statistics": {"status": "BelowThreshold", "ratings_count": 0, "ratings_average": 0, "labels_count": 21, "reviews_count": 0}, "year": 2018, "grapes": null, "has_valid_ratings": false}, {"id": 164444426, "seo_name": "pirramimma-ironstone-petit-verdot-2017", "name": "Pirramimma Ironstone Petit Verdot 2017", "statistics": {"status": "BelowThreshold", "ratings_count": 0, "ratings_average": 0, "labels_count": 2, "reviews_count": 0}, "year": 2017, "grapes": null, "has_valid_ratings": false}, {"id": 163150517, "seo_name": "pirramimma-ironstone-petit-verdot-2016", "name": "Pirramimma Ironstone Petit Verdot 2016", "statistics": {"status": "BelowThreshold", "ratings_count": 1, "ratings_average": 0, "labels_count": 16, "reviews_count": 0}, "year": 2016, "grapes": null, "has_valid_ratings": false}, {"id": 146726622, "seo_name": "pirramimma-ironstone-petit-verdot-2015", "name": "Pirramimma Ironstone Petit Verdot 2015", "statistics": {"status": "Normal", "ratings_count": 30, "ratings_average": 3.9, "labels_count": 266, "reviews_count": 16}, "year": 2015, "grapes": null, "has_valid_ratings": true}, {"id": 157147858, "seo_name": "pirramimma-ironstone-petit-verdot-2014", "name": "Pirramimma Ironstone Petit Verdot 2014", "statistics": {"status": "BelowThreshold", "ratings_count": 0, "ratings_average": 0, "labels_count": 1, "reviews_count": 0}, "year": 2014, "grapes": null, "has_valid_ratings": false}, {"id": 145832017, "seo_name": "pirramimma-ironstone-petit-verdot-2013", "name": "Pirramimma Ironstone Petit Verdot 2013", "statistics": {"status": "Normal", "ratings_count": 52, "ratings_average": 4.2, "labels_count": 302, "reviews_count": 26}, "year": 2013, "grapes": null, "has_valid_ratings": true}, {"id": 147310876, "seo_name": "pirramimma-ironstone-petit-verdot-2012", "name": "Pirramimma Ironstone Petit Verdot 2012", "statistics": {"status": "BelowThreshold", "ratings_count": 0, "ratings_average": 0, "labels_count": 5, "reviews_count": 0}, "year": 2012, "grapes": null, "has_valid_ratings": false}, {"id": 151136938, "seo_name": "pirramimma-ironstone-petit-verdot-2010", "name": "Pirramimma Ironstone Petit Verdot 2010", "statistics": {"status": "BelowThreshold", "ratings_count": 0, "ratings_average": 0, "labels_count": 0, "reviews_count": 0}, "year": 2010, "grapes": null, "has_valid_ratings": false}, {"id": 149102792, "seo_name": "pirramimma-ironstone-petit-verdot-2009", "name": "Pirramimma Ironstone Petit Verdot 2009", "statistics": {"status": "BelowThreshold", "ratings_count": 0, "ratings_average": 0, "labels_count": 1, "reviews_count": 0}, "year": 2009, "grapes": null, "has_valid_ratings": false}, {"id": 164242966, "seo_name": "pirramimma-ironstone-petit-verdot-1995", "name": "Pirramimma Ironstone Petit Verdot 1995", "statistics": {"status": "BelowThreshold", "ratings_count": 0, "ratings_average": 0, "labels_count": 1, "reviews_count": 0}, "year": 1995, "grapes": null, "has_valid_ratings": false}, {"id": 145832018, "seo_name": "pirramimma-ironstone-petit-verdot-uv", "name": "Pirramimma Ironstone Petit Verdot", "statistics": {"status": "Normal", "ratings_count": 90, "ratings_average": 4.1, "labels_count": 2, "reviews_count": 2}, "year": 0, "grapes": null, "has_valid_ratings": true}], "description": "", "grapes": [{"id": 42, "name": "Petit Verdot", "seo_name": "petit-verdot", "has_detailed_info": true, "wines_count": 82567}], "foods": [{"id": 4, "name": "Beef", "background_image": {"location": "//images.vivino.com/backgrounds/foods/4_beef.png", "variations": {"small": "//images.vivino.com/backgrounds/foods/thumbs/4_beef_932x810.png"}}, "seo_name": "beef"}, {"id": 17, "name": "Mature and hard cheese", "background_image": {"location": "//images.vivino.com/backgrounds/foods/17_hardcheese.png", "variations": {"small": "//images.vivino.com/backgrounds/foods/thumbs/17_hardcheese_932x810.png"}}, "seo_name": null}], "non_vintage": false, "alcohol": 0, "sweetness_id": null, "closure": null, "vintage_mask_raw": null, "updated_at": "2021-08-01T00:12:01Z", "created_at": "2016-08-13T16:04:59Z", "is_first_wine": false, "style": null, "has_valid_ratings": true}, "highlights": [{"vintage_id": 145832017, "highlight_type": "best_user_rated", "message": "This vintage rates better than any other year for this wine", "icon": "https://images.vivino.com/highlights/icon/best_user_rated.svg", "metadata": {"price": {"id": 21010276, "type": "ppc", "amount": 59, "currency": {"code": "EUR", "name": "Euros", "prefix": "\u20ac", "suffix": null}, "discounted_from": null}, "wine_id": 4747841, "toplist": null, "ws_award": null, "critic_review_id": null, "ratings_average": 4.2, "ratings_count": 52, "vintage_year": "2013", "rank_type": "global", "ranks": {"country": {"description": "Rank within Australia", "total": 421440, "rank": 12951}, "region": {"description": "Rank within Wine Region", "total": 35459, "rank": 1373}, "winery": {"description": "Rank within Winery", "total": 740, "rank": 56}, "global": {"description": "Global Rank", "total": 8944683, "rank": 378542}}, "style": null}, "vintage_year": 2013}, {"vintage_id": 146726622, "highlight_type": "most_user_rated", "message": "Popular among Vivino users. More than 30 ratings", "icon": "https://images.vivino.com/highlights/icon/most_user_rated.svg", "metadata": {"price": null, "wine_id": 4747841, "toplist": null, "ws_award": null, "critic_review_id": null, "ratings_average": 3.9, "ratings_count": 30, "vintage_year": "2015", "rank_type": null, "ranks": {"country": {"description": "Rank within Australia", "total": 421440, "rank": 58538}, "region": {"description": "Rank within Wine Region", "total": 35459, "rank": 6354}, "winery": {"description": "Rank within Winery", "total": 740, "rank": 185}, "global": {"description": "Global Rank", "total": 8944683, "rank": 1417254}}, "style": null}, "vintage_year": 2015}], "recommended_vintages": [{"vintage": {"id": 145832017, "seo_name": "pirramimma-ironstone-petit-verdot-2013", "name": "Pirramimma Ironstone Petit Verdot 2013", "statistics": {"status": "Normal", "ratings_count": 52, "ratings_average": 4.2, "labels_count": 302, "reviews_count": 26}, "year": 2013, "grapes": null, "has_valid_ratings": true}, "type": "best_user_rated", "highlight_icon": "https://images.vivino.com/highlights/icon/best_user_rated.svg", "price": {"id": 21010276, "type": "ppc", "amount": 59, "currency": {"code": "EUR", "name": "Euros", "prefix": "\u20ac", "suffix": null}, "discounted_from": null}}, {"vintage": {"id": 146726622, "seo_name": "pirramimma-ironstone-petit-verdot-2015", "name": "Pirramimma Ironstone Petit Verdot 2015", "statistics": {"status": "Normal", "ratings_count": 30, "ratings_average": 3.9, "labels_count": 266, "reviews_count": 16}, "year": 2015, "grapes": null, "has_valid_ratings": true}, "type": "most_user_rated", "highlight_icon": "https://images.vivino.com/highlights/icon/most_user_rated.svg", "price": null}], "prices_and_availabilities": [], "price_range": {"currency": {"code": "EUR", "name": "Euros", "prefix": "\u20ac", "suffix": null}, "price_range": {"minimum": 0, "maximum": 500, "currency_code": "EUR"}, "defaults": {"minimum": 7, "maximum": 30, "currency_code": "EUR"}}, "subtotal_price": null}