{"vintage": {"id": 166341867, "seo_name": "vanita-pecorino-2020", "name": "Vanit\u00e1 Pecorino 2020", "statistics": {"status": "Normal", "ratings_count": 64, "ratings_average": 3.7, "labels_count": 506, "reviews_count": 27}, "organic_certification_id": null, "certified_biodynamic": null, "image": {"location": "//images.vivino.com/thumbs/vrtN9dfuQcmpBeoRRClCew_pl_480x640.png", "variations": {"bottle_large": "//images.vivino.com/thumbs/vrtN9dfuQcmpBeoRRClCew_pb_x960.png", "bottle_medium": "//images.vivino.com/thumbs/vrtN9dfuQcmpBeoRRClCew_pb_x600.png", "bottle_medium_square": "//images.vivino.com/thumbs/vrtN9dfuQcmpBeoRRClCew_pb_600x600.png", "bottle_small": "//images.vivino.com/thumbs/vrtN9dfuQcmpBeoRRClCew_pb_x300.png", "bottle_small_square": "//images.vivino.com/thumbs/vrtN9dfuQcmpBeoRRClCew_pb_300x300.png", "label": "//images.vivino.com/thumbs/vrtN9dfuQcmpBeoRRClCew_pl_480x640.png", "label_large": "//images.vivino.com/thumbs/vrtN9dfuQcmpBeoRRClCew_pl_375x500.png", "label_medium": "//images.vivino.com/thumbs/vrtN9dfuQcmpBeoRRClCew_pl_150x200.png", "label_medium_square": "//images.vivino.com/thumbs/vrtN9dfuQcmpBeoRRClCew_pl_150x150.png", "label_small_square": "//images.vivino.com/thumbs/vrtN9dfuQcmpBeoRRClCew_pl_80x80.png", "large": "//images.vivino.com/thumbs/vrtN9dfuQcmpBeoRRClCew_pl_375x500.png", "medium": "//images.vivino.com/thumbs/vrtN9dfuQcmpBeoRRClCew_pl_150x200.png", "medium_square": "//images.vivino.com/thumbs/vrtN9dfuQcmpBeoRRClCew_pl_150x150.png", "small_square": "//images.vivino.com/thumbs/vrtN9dfuQcmpBeoRRClCew_pl_80x80.png"}}, "wine": {"id": 5587570, "name": "Pecorino", "seo_name": "pecorino", "type_id": 2, "vintage_type": 0, "is_natural": false, "region": {"id": 2835, "name": "Terre di Chieti", "name_en": "", "seo_name": "terre-di-chieti", "country": {"code": "it", "name": "Italien", "native_name": "Italia", "seo_name": "italy", "currency": {"code": "EUR", "name": "Euros", "prefix": "\u20ac", "suffix": null}, "regions_count": 555, "users_count": 3800165, "wines_count": 351993, "wineries_count": 41153, "most_used_grapes": [{"id": 16, "name": "Sangiovese", "seo_name": "sangiovese", "has_detailed_info": true, "wines_count": 123993}, {"id": 10, "name": "Merlot", "seo_name": "merlot", "has_detailed_info": true, "wines_count": 560926}, {"id": 5, "name": "Chardonnay", "seo_name": "chardonnay", "has_detailed_info": true, "wines_count": 597329}]}, "parent_id": 619, "background_image": null, "class": {"typecast_map": {"background_image": {}, "class": {}}}, "statistics": {"wineries_count": 83, "wines_count": 1386, "sub_regions_count": 0, "parent_regions_count": 1}}, "review_status": 2, "winery": {"id": 231086, "name": "Vanit\u00e1", "seo_name": "vanita", "status": 0, "review_status": "Completed", "background_image": null, "statistics": {"ratings_count": 13651, "ratings_average": 3.9, "labels_count": 111923, "wines_count": 11}, "region": {"id": 579, "name": "Terre Siciliane", "name_en": "Sicilia IGT", "seo_name": "sicily", "country": {"code": "it", "name": "Italien", "native_name": "Italia", "seo_name": "italy", "currency": {"code": "EUR", "name": "Euros", "prefix": "\u20ac", "suffix": null}, "regions_count": 555, "users_count": 3800165, "wines_count": 351993, "wineries_count": 41153, "most_used_grapes": [{"id": 16, "name": "Sangiovese", "seo_name": "sangiovese", "has_detailed_info": true, "wines_count": 123993}, {"id": 10, "name": "Merlot", "seo_name": "merlot", "has_detailed_info": true, "wines_count": 560926}, {"id": 5, "name": "Chardonnay", "seo_name": "chardonnay", "has_detailed_info": true, "wines_count": 597329}]}, "parent_id": null, "background_image": {"location": "//images.vivino.com/regions/backgrounds/RxxS1jkqQ-iGTD_KZLLgzQ.jpg", "variations": {"large": "//thumbs.vivino.com/region_backgrounds/RxxS1jkqQ-iGTD_KZLLgzQ_1280x760.jpg", "medium": "//thumbs.vivino.com/region_backgrounds/RxxS1jkqQ-iGTD_KZLLgzQ_600x356.jpg"}}, "class": {"typecast_map": {"background_image": {}, "class": {}}}, "statistics": {"wineries_count": 2830, "wines_count": 16459, "sub_regions_count": 31, "parent_regions_count": 0}}, "business_name": "Vanit\u00e1", "description": "", "specialists_notes": "", "phone": "", "email": "", "facebook": "", "instagram": "", "is_claimed": false, "twitter": "", "website": "", "winemaker": null, "wine_maker": null, "address": {"title": null, "name": null, "street": null, "street2": null, "neighborhood": null, "city": null, "zip": null, "state": null, "country": {"code": "it", "name": "Italien", "native_name": "Italia", "seo_name": "italy", "currency": {"code": "EUR", "name": "Euros", "prefix": "\u20ac", "suffix": null}, "regions_count": 555, "users_count": 3800165, "wines_count": 351993, "wineries_count": 41153, "most_used_grapes": [{"id": 16, "name": "Sangiovese", "seo_name": "sangiovese", "has_detailed_info": true, "wines_count": 123993}, {"id": 10, "name": "Merlot", "seo_name": "merlot", "has_detailed_info": true, "wines_count": 560926}, {"id": 5, "name": "Chardonnay", "seo_name": "chardonnay", "has_detailed_info": true, "wines_count": 597329}]}, "company": null, "phone": null, "external_id": null, "residential": null, "vat_number": null, "vat_code": null, "addition": null}, "image": null, "location": null, "winery_group": {"id": 54, "name": "Farnese Vini", "website": "http://www.farnesevini.it/"}, "first_wines": [], "sponsored_entity_type": null, "sponsored_entity": null}, "statistics": {"status": "Normal", "ratings_count": 1102, "ratings_average": 3.7, "labels_count": 7853, "vintages_count": 18}, "rank": {"country": {"description": "Rang von Italien", "total": 210242, "rank": 21494}, "region": {"description": "Rang von Weinregion", "total": 13867, "rank": 1287}, "winery": {"description": "Rang vom Weingut", "total": 10, "rank": 6}, "wine_type": {"description": "Rang in allen Wei\u00dfwein", "total": 394049, "rank": 26480}, "global": {"description": "Weltweiter Rang", "total": 1287357, "rank": 106378}}, "hidden": false, "vintages": [{"id": 166341867, "seo_name": "vanita-pecorino-2020", "name": "Vanit\u00e1 Pecorino 2020", "statistics": {"status": "Normal", "ratings_count": 64, "ratings_average": 3.7, "labels_count": 506, "reviews_count": 27}, "year": 2020, "grapes": null, "has_valid_ratings": true}, {"id": 161319770, "seo_name": "vanita-pecorino-2019", "name": "Vanit\u00e1 Pecorino 2019", "statistics": {"status": "Normal", "ratings_count": 311, "ratings_average": 3.8, "labels_count": 2174, "reviews_count": 131}, "year": 2019, "grapes": null, "has_valid_ratings": true}, {"id": 158732104, "seo_name": "vanita-pecorino-2018", "name": "Vanit\u00e1 Pecorino 2018", "statistics": {"status": "Normal", "ratings_count": 260, "ratings_average": 3.7, "labels_count": 2275, "reviews_count": 98}, "year": 2018, "grapes": null, "has_valid_ratings": true}, {"id": 154178766, "seo_name": "vanita-pecorino-2017", "name": "Vanit\u00e1 Pecorino 2017", "statistics": {"status": "Normal", "ratings_count": 216, "ratings_average": 3.6, "labels_count": 1541, "reviews_count": 92}, "year": 2017, "grapes": null, "has_valid_ratings": true}, {"id": 153279043, "seo_name": "vanita-pecorino-2016", "name": "Vanit\u00e1 Pecorino 2016", "statistics": {"status": "Normal", "ratings_count": 198, "ratings_average": 3.7, "labels_count": 1296, "reviews_count": 72}, "year": 2016, "grapes": null, "has_valid_ratings": true}, {"id": 153315652, "seo_name": "vanita-pecorino-2015", "name": "Vanit\u00e1 Pecorino 2015", "statistics": {"status": "BelowThreshold", "ratings_count": 1, "ratings_average": 0, "labels_count": 7, "reviews_count": 0}, "year": 2015, "grapes": null, "has_valid_ratings": false}, {"id": 156217437, "seo_name": "vanita-pecorino-2005", "name": "Vanit\u00e1 Pecorino 2005", "statistics": {"status": "BelowThreshold", "ratings_count": 1, "ratings_average": 0, "labels_count": 1, "reviews_count": 1}, "year": 2005, "grapes": null, "has_valid_ratings": false}, {"id": 153279008, "seo_name": "vanita-pecorino-uv", "name": "Vanit\u00e1 Pecorino", "statistics": {"status": "Normal", "ratings_count": 1102, "ratings_average": 3.7, "labels_count": 43, "reviews_count": 17}, "year": 0, "grapes": null, "has_valid_ratings": true}], "description": "", "grapes": [{"id": 118, "name": "Verdejo", "seo_name": "verdejo", "has_detailed_info": false, "wines_count": 17006}], "foods": [{"id": 13, "name": "Schalentiere", "background_image": {"location": "//images.vivino.com/backgrounds/foods/13_shellfish.png", "variations": {"small": "//images.vivino.com/backgrounds/foods/thumbs/13_shellfish_932x810.png"}}, "seo_name": "shellfish"}, {"id": 19, "name": "Vegetarische Gerichte", "background_image": {"location": "//images.vivino.com/backgrounds/foods/19_vegetarian.png", "variations": {"small": "//images.vivino.com/backgrounds/foods/thumbs/19_vegetarian_932x810.png"}}, "seo_name": "vegetarian"}, {"id": 27, "name": "Vorspeisen und Snacks", "background_image": {"location": "//images.vivino.com/backgrounds/foods/27_appetizers-snacks.png", "variations": {"small": "//images.vivino.com/backgrounds/foods/thumbs/27_appetizers-snacks_932x810.png"}}, "seo_name": null}], "non_vintage": false, "alcohol": 0, "sweetness_id": null, "closure": null, "vintage_mask_raw": null, "updated_at": "2021-11-21T23:40:17Z", "created_at": "2017-06-17T09:40:12Z", "is_first_wine": false, "style": {"id": 209, "seo_name": "southern-italy-white", "regional_name": "Southern Italy", "varietal_name": "White", "name": "S\u00fcditalien Wei\u00df", "image": null, "background_image": {"location": "//images.vivino.com/backgrounds/styles/GrrBdaJHRpuDtC5ltll5AQ.jpg", "variations": {"small": "//images.vivino.com/backgrounds/styles/thumbs/GrrBdaJHRpuDtC5ltll5AQ_932x810.jpg"}}, "description": "Italy is responsible for some of the finest wines in the world, and while Northern Italy receives the majority of the plaudits, there is some excellent wine emerging from the sparsely populated southern regions.\n\nFiano and Greco are the two big white varietals in Campania and Basilicata, while Sicily has become known for their Bianco d'Alcamo, a dry wine made from the Marsala grape.\n\nSouthern Italy's reputation has taken a beating in recent years as they have become known for producing bulk wine that they can't sell, and the reputation seems to endure despite some lovely wine coming from Sicily, Campania and Basilicata.\n\nFiano tends to be a wonderfully creamy white wine with lots of green apple skin and pear. Greco, arguably Campania's flagship white grape, is a lot crisper, and typically has an abundance of minerality, lemon notes and pear.\n\nThe white wine of Southern Italy pairs extremely well with the creamy regional cuisine, as well as with some freshly caught fish or shellfish.", "blurb": null, "interesting_facts": ["The Greco grape is thought to have been brought to Italy by the Greeks.", "Italy is currently the largest wine producing country in the world."], "body": 3, "body_description": "Mittlerer K\u00f6rper", "acidity": 3, "acidity_description": "Hoch", "country": {"code": "it", "name": "Italien", "native_name": "Italia", "seo_name": "italy", "currency": {"code": "EUR", "name": "Euros", "prefix": "\u20ac", "suffix": null}, "regions_count": 555, "users_count": 3800165, "wines_count": 351993, "wineries_count": 41153, "most_used_grapes": [{"id": 16, "name": "Sangiovese", "seo_name": "sangiovese", "has_detailed_info": true, "wines_count": 123993}, {"id": 10, "name": "Merlot", "seo_name": "merlot", "has_detailed_info": true, "wines_count": 560926}, {"id": 5, "name": "Chardonnay", "seo_name": "chardonnay", "has_detailed_info": true, "wines_count": 597329}]}, "wine_type_id": 2, "food": [{"id": 13, "name": "Shellfish", "background_image": {"location": "//images.vivino.com/backgrounds/foods/13_shellfish.png", "variations": {"small": "//images.vivino.com/backgrounds/foods/thumbs/13_shellfish_932x810.png"}}, "seo_name": "shellfish"}, {"id": 19, "name": "Vegetarian", "background_image": {"location": "//images.vivino.com/backgrounds/foods/19_vegetarian.png", "variations": {"small": "//images.vivino.com/backgrounds/foods/thumbs/19_vegetarian_932x810.png"}}, "seo_name": "vegetarian"}, {"id": 27, "name": "Appetizers and snacks", "background_image": {"location": "//images.vivino.com/backgrounds/foods/27_appetizers-snacks.png", "variations": {"small": "//images.vivino.com/backgrounds/foods/thumbs/27_appetizers-snacks_932x810.png"}}, "seo_name": null}], "grapes": [{"id": 39, "name": "Malvasia", "seo_name": "malvasia", "has_detailed_info": false, "wines_count": 31054}, {"id": 103, "name": "Fiano", "seo_name": "fiano", "has_detailed_info": false, "wines_count": 7418}, {"id": 184, "name": "Catarratto Bianco", "seo_name": "catarratto-bianco", "has_detailed_info": false, "wines_count": 4564}], "region": null}, "has_valid_ratings": true}, "description": "", "expert_reviews": null, "wine_critic_reviews": [], "awards": [], "ratings_distribution": {"1": 0, "2": 4, "3": 24, "4": 30, "5": 6}, "ranking": {"country": {"description": "Rang von Italien", "total": 1543811, "rank": 285671}, "region": {"description": "Rang von Weinregion", "total": 94528, "rank": 16928}, "winery": {"description": "Rang vom Weingut", "total": 75, "rank": 42}, "global": {"description": "Weltweiter Rang", "total": 8824778, "rank": 1492605}}, "wine_facts": {"alcohol": 12.5, "residual_sugar_grams_per_liter": 6, "acidity_grams_per_liter": 7, "ph": 3, "contains_milk_allergens": false, "contains_egg_allergens": false}, "winemaker": null, "wine_maker": null, "grape_composition": {"159": 100}, "year": 2020, "grapes": [{"id": 159, "name": "Pecorino", "seo_name": "pecorino", "has_detailed_info": false, "wines_count": 5451}], "has_valid_ratings": true}, "carts": null, "price_range": {"currency": {"code": "EUR", "name": "Euros", "prefix": "\u20ac", "suffix": null}, "price_range": {"minimum": 0, "maximum": 500, "currency_code": "EUR"}, "defaults": {"minimum": 7, "maximum": 30, "currency_code": "EUR"}}, "subtotal_price": null, "full_region": null, "tastes": null, "wine": {"id": 5587570, "name": "Pecorino", "seo_name": "pecorino", "type_id": 2, "vintage_type": 0, "is_natural": false, "region": {"id": 2835, "name": "Terre di Chieti", "name_en": "", "seo_name": "terre-di-chieti", "country": {"code": "it", "name": "Italien", "native_name": "Italia", "seo_name": "italy", "currency": {"code": "EUR", "name": "Euros", "prefix": "\u20ac", "suffix": null}, "regions_count": 555, "users_count": 3800165, "wines_count": 351993, "wineries_count": 41153, "most_used_grapes": [{"id": 16, "name": "Sangiovese", "seo_name": "sangiovese", "has_detailed_info": true, "wines_count": 123993}, {"id": 10, "name": "Merlot", "seo_name": "merlot", "has_detailed_info": true, "wines_count": 560926}, {"id": 5, "name": "Chardonnay", "seo_name": "chardonnay", "has_detailed_info": true, "wines_count": 597329}]}, "parent_id": 619, "background_image": null, "class": {"typecast_map": {"background_image": {}, "class": {}}}, "statistics": {"wineries_count": 83, "wines_count": 1386, "sub_regions_count": 0, "parent_regions_count": 1}}, "review_status": 2, "winery": {"id": 231086, "name": "Vanit\u00e1", "seo_name": "vanita", "status": 0, "review_status": "Completed", "background_image": null, "statistics": {"ratings_count": 13651, "ratings_average": 3.9, "labels_count": 111923, "wines_count": 11}, "region": {"id": 579, "name": "Terre Siciliane", "name_en": "Sicilia IGT", "seo_name": "sicily", "country": {"code": "it", "name": "Italien", "native_name": "Italia", "seo_name": "italy", "currency": {"code": "EUR", "name": "Euros", "prefix": "\u20ac", "suffix": null}, "regions_count": 555, "users_count": 3800165, "wines_count": 351993, "wineries_count": 41153, "most_used_grapes": [{"id": 16, "name": "Sangiovese", "seo_name": "sangiovese", "has_detailed_info": true, "wines_count": 123993}, {"id": 10, "name": "Merlot", "seo_name": "merlot", "has_detailed_info": true, "wines_count": 560926}, {"id": 5, "name": "Chardonnay", "seo_name": "chardonnay", "has_detailed_info": true, "wines_count": 597329}]}, "parent_id": null, "background_image": {"location": "//images.vivino.com/regions/backgrounds/RxxS1jkqQ-iGTD_KZLLgzQ.jpg", "variations": {"large": "//thumbs.vivino.com/region_backgrounds/RxxS1jkqQ-iGTD_KZLLgzQ_1280x760.jpg", "medium": "//thumbs.vivino.com/region_backgrounds/RxxS1jkqQ-iGTD_KZLLgzQ_600x356.jpg"}}, "class": {"typecast_map": {"background_image": {}, "class": {}}}, "statistics": {"wineries_count": 2830, "wines_count": 16459, "sub_regions_count": 31, "parent_regions_count": 0}}, "business_name": "Vanit\u00e1", "description": "", "specialists_notes": "", "phone": "", "email": "", "facebook": "", "instagram": "", "is_claimed": false, "twitter": "", "website": "", "winemaker": null, "wine_maker": null, "address": {"title": null, "name": null, "street": null, "street2": null, "neighborhood": null, "city": null, "zip": null, "state": null, "country": {"code": "it", "name": "Italien", "native_name": "Italia", "seo_name": "italy", "currency": {"code": "EUR", "name": "Euros", "prefix": "\u20ac", "suffix": null}, "regions_count": 555, "users_count": 3800165, "wines_count": 351993, "wineries_count": 41153, "most_used_grapes": [{"id": 16, "name": "Sangiovese", "seo_name": "sangiovese", "has_detailed_info": true, "wines_count": 123993}, {"id": 10, "name": "Merlot", "seo_name": "merlot", "has_detailed_info": true, "wines_count": 560926}, {"id": 5, "name": "Chardonnay", "seo_name": "chardonnay", "has_detailed_info": true, "wines_count": 597329}]}, "company": null, "phone": null, "external_id": null, "residential": null, "vat_number": null, "vat_code": null, "addition": null}, "image": null, "location": null, "winery_group": {"id": 54, "name": "Farnese Vini", "website": "http://www.farnesevini.it/"}, "first_wines": [], "sponsored_entity_type": null, "sponsored_entity": null}, "statistics": {"status": "Normal", "ratings_count": 1102, "ratings_average": 3.7, "labels_count": 7853, "vintages_count": 18}, "rank": {"country": {"description": "Rang von Italien", "total": 210242, "rank": 21494}, "region": {"description": "Rang von Weinregion", "total": 13867, "rank": 1287}, "winery": {"description": "Rang vom Weingut", "total": 10, "rank": 6}, "wine_type": {"description": "Rang in allen Wei\u00dfwein", "total": 394049, "rank": 26480}, "global": {"description": "Weltweiter Rang", "total": 1287357, "rank": 106378}}, "hidden": false, "vintages": [{"id": 166341867, "seo_name": "vanita-pecorino-2020", "name": "Vanit\u00e1 Pecorino 2020", "statistics": {"status": "Normal", "ratings_count": 64, "ratings_average": 3.7, "labels_count": 506, "reviews_count": 27}, "year": 2020, "grapes": null, "has_valid_ratings": true}, {"id": 161319770, "seo_name": "vanita-pecorino-2019", "name": "Vanit\u00e1 Pecorino 2019", "statistics": {"status": "Normal", "ratings_count": 311, "ratings_average": 3.8, "labels_count": 2174, "reviews_count": 131}, "year": 2019, "grapes": null, "has_valid_ratings": true}, {"id": 158732104, "seo_name": "vanita-pecorino-2018", "name": "Vanit\u00e1 Pecorino 2018", "statistics": {"status": "Normal", "ratings_count": 260, "ratings_average": 3.7, "labels_count": 2275, "reviews_count": 98}, "year": 2018, "grapes": null, "has_valid_ratings": true}, {"id": 154178766, "seo_name": "vanita-pecorino-2017", "name": "Vanit\u00e1 Pecorino 2017", "statistics": {"status": "Normal", "ratings_count": 216, "ratings_average": 3.6, "labels_count": 1541, "reviews_count": 92}, "year": 2017, "grapes": null, "has_valid_ratings": true}, {"id": 153279043, "seo_name": "vanita-pecorino-2016", "name": "Vanit\u00e1 Pecorino 2016", "statistics": {"status": "Normal", "ratings_count": 198, "ratings_average": 3.7, "labels_count": 1296, "reviews_count": 72}, "year": 2016, "grapes": null, "has_valid_ratings": true}, {"id": 153315652, "seo_name": "vanita-pecorino-2015", "name": "Vanit\u00e1 Pecorino 2015", "statistics": {"status": "BelowThreshold", "ratings_count": 1, "ratings_average": 0, "labels_count": 7, "reviews_count": 0}, "year": 2015, "grapes": null, "has_valid_ratings": false}, {"id": 156217437, "seo_name": "vanita-pecorino-2005", "name": "Vanit\u00e1 Pecorino 2005", "statistics": {"status": "BelowThreshold", "ratings_count": 1, "ratings_average": 0, "labels_count": 1, "reviews_count": 1}, "year": 2005, "grapes": null, "has_valid_ratings": false}, {"id": 153279008, "seo_name": "vanita-pecorino-uv", "name": "Vanit\u00e1 Pecorino", "statistics": {"status": "Normal", "ratings_count": 1102, "ratings_average": 3.7, "labels_count": 43, "reviews_count": 17}, "year": 0, "grapes": null, "has_valid_ratings": true}], "description": "", "grapes": [{"id": 118, "name": "Verdejo", "seo_name": "verdejo", "has_detailed_info": false, "wines_count": 17006}], "foods": [{"id": 13, "name": "Schalentiere", "background_image": {"location": "//images.vivino.com/backgrounds/foods/13_shellfish.png", "variations": {"small": "//images.vivino.com/backgrounds/foods/thumbs/13_shellfish_932x810.png"}}, "seo_name": "shellfish"}, {"id": 19, "name": "Vegetarische Gerichte", "background_image": {"location": "//images.vivino.com/backgrounds/foods/19_vegetarian.png", "variations": {"small": "//images.vivino.com/backgrounds/foods/thumbs/19_vegetarian_932x810.png"}}, "seo_name": "vegetarian"}, {"id": 27, "name": "Vorspeisen und Snacks", "background_image": {"location": "//images.vivino.com/backgrounds/foods/27_appetizers-snacks.png", "variations": {"small": "//images.vivino.com/backgrounds/foods/thumbs/27_appetizers-snacks_932x810.png"}}, "seo_name": null}], "non_vintage": false, "alcohol": 0, "sweetness_id": null, "closure": null, "vintage_mask_raw": null, "updated_at": "2021-11-21T23:40:17Z", "created_at": "2017-06-17T09:40:12Z", "is_first_wine": false, "style": {"id": 209, "seo_name": "southern-italy-white", "regional_name": "Southern Italy", "varietal_name": "White", "name": "S\u00fcditalien Wei\u00df", "image": null, "background_image": {"location": "//images.vivino.com/backgrounds/styles/GrrBdaJHRpuDtC5ltll5AQ.jpg", "variations": {"small": "//images.vivino.com/backgrounds/styles/thumbs/GrrBdaJHRpuDtC5ltll5AQ_932x810.jpg"}}, "description": "Italy is responsible for some of the finest wines in the world, and while Northern Italy receives the majority of the plaudits, there is some excellent wine emerging from the sparsely populated southern regions.\n\nFiano and Greco are the two big white varietals in Campania and Basilicata, while Sicily has become known for their Bianco d'Alcamo, a dry wine made from the Marsala grape.\n\nSouthern Italy's reputation has taken a beating in recent years as they have become known for producing bulk wine that they can't sell, and the reputation seems to endure despite some lovely wine coming from Sicily, Campania and Basilicata.\n\nFiano tends to be a wonderfully creamy white wine with lots of green apple skin and pear. Greco, arguably Campania's flagship white grape, is a lot crisper, and typically has an abundance of minerality, lemon notes and pear.\n\nThe white wine of Southern Italy pairs extremely well with the creamy regional cuisine, as well as with some freshly caught fish or shellfish.", "blurb": null, "interesting_facts": ["The Greco grape is thought to have been brought to Italy by the Greeks.", "Italy is currently the largest wine producing country in the world."], "body": 3, "body_description": "Mittlerer K\u00f6rper", "acidity": 3, "acidity_description": "Hoch", "country": {"code": "it", "name": "Italien", "native_name": "Italia", "seo_name": "italy", "currency": {"code": "EUR", "name": "Euros", "prefix": "\u20ac", "suffix": null}, "regions_count": 555, "users_count": 3800165, "wines_count": 351993, "wineries_count": 41153, "most_used_grapes": [{"id": 16, "name": "Sangiovese", "seo_name": "sangiovese", "has_detailed_info": true, "wines_count": 123993}, {"id": 10, "name": "Merlot", "seo_name": "merlot", "has_detailed_info": true, "wines_count": 560926}, {"id": 5, "name": "Chardonnay", "seo_name": "chardonnay", "has_detailed_info": true, "wines_count": 597329}]}, "wine_type_id": 2, "food": [{"id": 13, "name": "Shellfish", "background_image": {"location": "//images.vivino.com/backgrounds/foods/13_shellfish.png", "variations": {"small": "//images.vivino.com/backgrounds/foods/thumbs/13_shellfish_932x810.png"}}, "seo_name": "shellfish"}, {"id": 19, "name": "Vegetarian", "background_image": {"location": "//images.vivino.com/backgrounds/foods/19_vegetarian.png", "variations": {"small": "//images.vivino.com/backgrounds/foods/thumbs/19_vegetarian_932x810.png"}}, "seo_name": "vegetarian"}, {"id": 27, "name": "Appetizers and snacks", "background_image": {"location": "//images.vivino.com/backgrounds/foods/27_appetizers-snacks.png", "variations": {"small": "//images.vivino.com/backgrounds/foods/thumbs/27_appetizers-snacks_932x810.png"}}, "seo_name": null}], "grapes": [{"id": 39, "name": "Malvasia", "seo_name": "malvasia", "has_detailed_info": false, "wines_count": 31054}, {"id": 103, "name": "Fiano", "seo_name": "fiano", "has_detailed_info": false, "wines_count": 7418}, {"id": 184, "name": "Catarratto Bianco", "seo_name": "catarratto-bianco", "has_detailed_info": false, "wines_count": 4564}], "region": null}, "has_valid_ratings": true}, "price": {"id": 24584415, "vintage_id": 166341867, "amount": 6.25, "type": "vc", "currency": {"code": "EUR", "name": "Euros", "prefix": "\u20ac", "suffix": null}, "bottle_type_id": 1, "inventory_bottles_count": 887, "bottles_sold_count": 5, "url": "https://www.billigerweinkaufen.de/farnese-vanita-pecorino-terre-di-chieti/?utm_medium=pref-cpc&utm_source=vivino-ppc", "message": "", "producer_address": "Farnese", "importer_address": "Weinliebe GmbH, Eichholzhof, 45149 Essen, Deutschland", "discounted_from": null, "bottle_type": {"id": 1, "name": "Flasche (0,75\u00a0l)", "short_name": "Flasche", "short_name_plural": "Flaschen", "volume_ml": 750}}, "highlights": [{"vintage_id": 166341867, "highlight_type": "price_qpr", "message": "Gutes Preis-Leistungsverh\u00e4ltnis. \u00c4hnliche Weine kosten normalerweise 44% mehr.", "icon": "https://images.vivino.com/highlights/icon/price_qpr.svg", "metadata": {"price": {"id": 24584415, "type": "vc", "amount": 6.25, "currency": {"code": "EUR", "name": "Euros", "prefix": "\u20ac", "suffix": null}, "discounted_from": null}, "wine_id": 5587570, "toplist": null, "ws_award": null, "critic_review_id": null, "ratings_average": 3.7, "ratings_count": 64, "vintage_year": "2020", "rank_type": null, "ranks": {"country": {"description": "Rang von Italien", "total": 1543811, "rank": 285671}, "region": {"description": "Rang von Weinregion", "total": 94528, "rank": 16928}, "winery": {"description": "Rang vom Weingut", "total": 75, "rank": 42}, "global": {"description": "Weltweiter Rang", "total": 8824778, "rank": 1492605}}, "style": {"id": 209, "seo_name": "southern-italy-white", "regional_name": "Southern Italy", "varietal_name": "White", "name": "S\u00fcditalien Wei\u00df", "image": null, "background_image": {"location": "//images.vivino.com/backgrounds/styles/GrrBdaJHRpuDtC5ltll5AQ.jpg", "variations": {"small": "//images.vivino.com/backgrounds/styles/thumbs/GrrBdaJHRpuDtC5ltll5AQ_932x810.jpg"}}, "description": "Italy is responsible for some of the finest wines in the world, and while Northern Italy receives the majority of the plaudits, there is some excellent wine emerging from the sparsely populated southern regions.\n\nFiano and Greco are the two big white varietals in Campania and Basilicata, while Sicily has become known for their Bianco d'Alcamo, a dry wine made from the Marsala grape.\n\nSouthern Italy's reputation has taken a beating in recent years as they have become known for producing bulk wine that they can't sell, and the reputation seems to endure despite some lovely wine coming from Sicily, Campania and Basilicata.\n\nFiano tends to be a wonderfully creamy white wine with lots of green apple skin and pear. Greco, arguably Campania's flagship white grape, is a lot crisper, and typically has an abundance of minerality, lemon notes and pear.\n\nThe white wine of Southern Italy pairs extremely well with the creamy regional cuisine, as well as with some freshly caught fish or shellfish.", "blurb": null, "interesting_facts": ["The Greco grape is thought to have been brought to Italy by the Greeks.", "Italy is currently the largest wine producing country in the world."], "body": 3, "body_description": "Mittlerer K\u00f6rper", "acidity": 3, "acidity_description": "Hoch", "country": {"code": "it", "name": "Italien", "native_name": "Italia", "seo_name": "italy", "currency": {"code": "EUR", "name": "Euros", "prefix": "\u20ac", "suffix": null}, "regions_count": 555, "users_count": 3800165, "wines_count": 351993, "wineries_count": 41153, "most_used_grapes": [{"id": 16, "name": "Sangiovese", "seo_name": "sangiovese", "has_detailed_info": true, "wines_count": 123993}, {"id": 10, "name": "Merlot", "seo_name": "merlot", "has_detailed_info": true, "wines_count": 560926}, {"id": 5, "name": "Chardonnay", "seo_name": "chardonnay", "has_detailed_info": true, "wines_count": 597329}]}, "wine_type_id": 2, "food": [{"id": 13, "name": "Shellfish", "background_image": {"location": "//images.vivino.com/backgrounds/foods/13_shellfish.png", "variations": {"small": "//images.vivino.com/backgrounds/foods/thumbs/13_shellfish_932x810.png"}}, "seo_name": "shellfish"}, {"id": 19, "name": "Vegetarian", "background_image": {"location": "//images.vivino.com/backgrounds/foods/19_vegetarian.png", "variations": {"small": "//images.vivino.com/backgrounds/foods/thumbs/19_vegetarian_932x810.png"}}, "seo_name": "vegetarian"}, {"id": 27, "name": "Appetizers and snacks", "background_image": {"location": "//images.vivino.com/backgrounds/foods/27_appetizers-snacks.png", "variations": {"small": "//images.vivino.com/backgrounds/foods/thumbs/27_appetizers-snacks_932x810.png"}}, "seo_name": null}], "grapes": [{"id": 39, "name": "Malvasia", "seo_name": "malvasia", "has_detailed_info": false, "wines_count": 31054}, {"id": 103, "name": "Fiano", "seo_name": "fiano", "has_detailed_info": false, "wines_count": 7418}, {"id": 184, "name": "Catarratto Bianco", "seo_name": "catarratto-bianco", "has_detailed_info": false, "wines_count": 4564}], "region": null}}}], "merchant": {"id": 1703, "name": "Billigerweinkaufen.de", "seo_name": "billigerweinkaufen-de", "legal_name": "Weinliebe GmbH", "description": "Versandkostenfrei f\u00fcr Bestellungen ab 80 EUR", "country": {"code": "de", "name": "Deutschland", "native_name": "Deutschland", "seo_name": "germany", "currency": {"code": "EUR", "name": "Euros", "prefix": "\u20ac", "suffix": null}, "regions_count": 210, "users_count": 2117308, "wines_count": 197796, "wineries_count": 13493, "most_used_grapes": [{"id": 15, "name": "Riesling", "seo_name": "riesling", "has_detailed_info": true, "wines_count": 259925}, {"id": 299, "name": "Sp\u00e4tburgunder", "seo_name": "spatburgunder", "has_detailed_info": false, "wines_count": 49659}, {"id": 355, "name": "Weissburgunder", "seo_name": "weissburgunder", "has_detailed_info": false, "wines_count": 33123}]}, "state": null, "status": 3, "image": {"location": "//images.vivino.com/merchants/originals/p1cqtbv100001l7.jpg", "variations": {"large_square": "//images.vivino.com/merchants/thumbs/p1cqtbv100001l7_400x400.jpg", "medium_square": "//images.vivino.com/merchants/thumbs/p1cqtbv100001l7_320x320.jpg", "small_square": "//images.vivino.com/merchants/thumbs/p1cqtbv100001l7_160x160.jpg"}}, "shipping_estimate": "Lieferung voraussichtlich zwischen Di, 21.\u00a0Dez und Mi, 29.\u00a0Dez", "impressum_url": "https://www.billigerweinkaufen.de/impressum", "tos_url": "https://www.billigerweinkaufen.de/agb", "vc_clearing_system": 0, "hidden": false}, "sold_out": false, "prices_and_availability": {"market": {"country": "de", "currency": {"code": "EUR", "name": "Euros", "prefix": "\u20ac", "suffix": null}}, "availability": {"vintage": {"id": 166341867, "year": 2020, "grapes": null, "has_valid_ratings": false}, "median": {"amount": 6.38, "type": "market", "discounted_from": null}, "price": {"id": 24584415, "amount": 6.25, "discounted_from": 0.0, "type": "vc"}}, "merchants_with_prices": [{"merchant": {"id": 1703, "name": "Billigerweinkaufen.de", "seo_name": "billigerweinkaufen-de", "legal_name": "Weinliebe GmbH", "description": "Versandkostenfrei f\u00fcr Bestellungen ab 80 EUR", "country": {"code": "de", "name": "Deutschland", "native_name": "Deutschland", "seo_name": "germany", "currency": {"code": "EUR", "name": "Euros", "prefix": "\u20ac", "suffix": null}, "regions_count": 210, "users_count": 2117308, "wines_count": 197796, "wineries_count": 13493, "most_used_grapes": [{"id": 15, "name": "Riesling", "seo_name": "riesling", "has_detailed_info": true, "wines_count": 259925}, {"id": 299, "name": "Sp\u00e4tburgunder", "seo_name": "spatburgunder", "has_detailed_info": false, "wines_count": 49659}, {"id": 355, "name": "Weissburgunder", "seo_name": "weissburgunder", "has_detailed_info": false, "wines_count": 33123}]}, "state": null, "status": 3, "image": {"location": "//images.vivino.com/merchants/originals/p1cqtbv100001l7.jpg", "variations": {"large_square": "//images.vivino.com/merchants/thumbs/p1cqtbv100001l7_400x400.jpg", "medium_square": "//images.vivino.com/merchants/thumbs/p1cqtbv100001l7_320x320.jpg", "small_square": "//images.vivino.com/merchants/thumbs/p1cqtbv100001l7_160x160.jpg"}}, "shipping_estimate": "Lieferung voraussichtlich zwischen Di, 21.\u00a0Dez und Mi, 29.\u00a0Dez", "impressum_url": "https://www.billigerweinkaufen.de/impressum", "tos_url": "https://www.billigerweinkaufen.de/agb", "vc_clearing_system": 0, "hidden": false}, "prices": [{"id": 24584415, "vintage_id": 166341867, "amount": 6.25, "type": "vc", "currency": {"code": "EUR", "name": "Euros", "prefix": "\u20ac", "suffix": null}, "bottle_type_id": 1, "inventory_bottles_count": 887, "bottles_sold_count": 5, "url": "https://www.billigerweinkaufen.de/farnese-vanita-pecorino-terre-di-chieti/?utm_medium=pref-cpc&utm_source=vivino-ppc", "message": "", "producer_address": "Farnese", "importer_address": "Weinliebe GmbH, Eichholzhof, 45149 Essen, Deutschland", "discounted_from": null, "bottle_type": {"id": 1, "name": "Flasche (0,75\u00a0l)", "short_name": "Flasche", "short_name_plural": "Flaschen", "volume_ml": 750}}]}, {"merchant": {"id": 17581, "name": "Vineshop24", "seo_name": "vineshop24", "legal_name": "Vineshop24 GmbH & Co. KG", "description": "Versandkostenfrei f\u00fcr Bestellungen ab 80 EUR", "country": {"code": "de", "name": "Deutschland", "native_name": "Deutschland", "seo_name": "germany", "currency": {"code": "EUR", "name": "Euros", "prefix": "\u20ac", "suffix": null}, "regions_count": 210, "users_count": 2117308, "wines_count": 197796, "wineries_count": 13493, "most_used_grapes": [{"id": 15, "name": "Riesling", "seo_name": "riesling", "has_detailed_info": true, "wines_count": 259925}, {"id": 299, "name": "Sp\u00e4tburgunder", "seo_name": "spatburgunder", "has_detailed_info": false, "wines_count": 49659}, {"id": 355, "name": "Weissburgunder", "seo_name": "weissburgunder", "has_detailed_info": false, "wines_count": 33123}]}, "state": null, "status": 3, "image": {"location": "//images.vivino.com/merchants/originals/p1ei8m730000h5d.png", "variations": {"large_square": "//images.vivino.com/merchants/thumbs/p1ei8m730000h5d_400x400.jpg", "medium_square": "//images.vivino.com/merchants/thumbs/p1ei8m730000h5d_320x320.jpg", "small_square": "//images.vivino.com/merchants/thumbs/p1ei8m730000h5d_160x160.jpg"}}, "shipping_estimate": "Lieferung voraussichtlich zwischen Di, 21.\u00a0Dez und Do, 23.\u00a0Dez", "impressum_url": "https://www.vineshop24.de/info/impressum.html", "tos_url": "https://www.vineshop24.de/info/allgemeine-geschaeftsbedingungen.html", "vc_clearing_system": 0, "hidden": false}, "prices": [{"id": 24630897, "vintage_id": 166341867, "amount": 6.25, "type": "vc", "currency": {"code": "EUR", "name": "Euros", "prefix": "\u20ac", "suffix": null}, "bottle_type_id": 1, "inventory_bottles_count": 1140, "url": "https://www.vineshop24.de/weine-aus-aller-welt/italien/abruzzen/vanita-pecorino-igp.html?utm_medium=pref-cpc&utm_source=vivino-ppc", "message": "Preis f\u00fcr 6 oder mehr Flaschen. (Preis \u20ac6.50 einzelne Flasche)", "producer_address": "Farnese Vini SRL, Via dei Bastioni, 66026  Ortona CH, Italien", "importer_address": "", "discounted_from": null, "bottle_type": {"id": 1, "name": "Flasche (0,75\u00a0l)", "short_name": "Flasche", "short_name_plural": "Flaschen", "volume_ml": 750}}]}, {"merchant": {"id": 20182, "name": "Maluni.de", "seo_name": "maluni-de", "legal_name": null, "description": "No minimum order. Mobile friendly checkout.", "country": {"code": "de", "name": "Deutschland", "native_name": "Deutschland", "seo_name": "germany", "currency": {"code": "EUR", "name": "Euros", "prefix": "\u20ac", "suffix": null}, "regions_count": 210, "users_count": 2117308, "wines_count": 197796, "wineries_count": 13493, "most_used_grapes": [{"id": 15, "name": "Riesling", "seo_name": "riesling", "has_detailed_info": true, "wines_count": 259925}, {"id": 299, "name": "Sp\u00e4tburgunder", "seo_name": "spatburgunder", "has_detailed_info": false, "wines_count": 49659}, {"id": 355, "name": "Weissburgunder", "seo_name": "weissburgunder", "has_detailed_info": false, "wines_count": 33123}]}, "state": null, "status": 0, "image": null, "shipping_estimate": "Lieferung bis Mi, 22.\u00a0Dez", "impressum_url": null, "tos_url": null, "vc_clearing_system": 0, "hidden": false}, "prices": [{"id": 24550269, "vintage_id": 166341867, "amount": 5.69, "type": "ppc", "currency": {"code": "EUR", "name": "Euros", "prefix": "\u20ac", "suffix": null}, "bottle_type_id": 1, "inventory_bottles_count": null, "url": "https://www.maluni-weine.de/en/2020-vanita-pecorino-terre-di-chieti-farnese.html?utm_medium=pref-cpc&utm_source=vivino-ppc", "message": "", "producer_address": "", "importer_address": "", "discounted_from": null, "bottle_type": {"id": 1, "name": "Flasche (0,75\u00a0l)", "short_name": "Flasche", "short_name_plural": "Flaschen", "volume_ml": 750}}]}, {"merchant": {"id": 2436, "name": "Gottler Weine", "seo_name": "gottler-weine", "legal_name": null, "description": "No minimum order. Mobile friendly checkout.", "country": {"code": "de", "name": "Deutschland", "native_name": "Deutschland", "seo_name": "germany", "currency": {"code": "EUR", "name": "Euros", "prefix": "\u20ac", "suffix": null}, "regions_count": 210, "users_count": 2117308, "wines_count": 197796, "wineries_count": 13493, "most_used_grapes": [{"id": 15, "name": "Riesling", "seo_name": "riesling", "has_detailed_info": true, "wines_count": 259925}, {"id": 299, "name": "Sp\u00e4tburgunder", "seo_name": "spatburgunder", "has_detailed_info": false, "wines_count": 49659}, {"id": 355, "name": "Weissburgunder", "seo_name": "weissburgunder", "has_detailed_info": false, "wines_count": 33123}]}, "state": null, "status": 0, "image": null, "shipping_estimate": "Lieferung bis Mi, 22.\u00a0Dez", "impressum_url": null, "tos_url": null, "vc_clearing_system": 0, "hidden": false}, "prices": [{"id": 25187934, "vintage_id": 166341867, "amount": 6.5, "type": "ppc", "currency": {"code": "EUR", "name": "Euros", "prefix": "\u20ac", "suffix": null}, "bottle_type_id": 1, "inventory_bottles_count": null, "url": "http://www.goettler-weine.de/Farnese-Vanita-Pecorino-IGT-Terre-di-Chieti-2020?utm_medium=pref-cpc&utm_source=vivino-ppc", "message": "", "producer_address": "", "importer_address": "", "discounted_from": null, "bottle_type": {"id": 1, "name": "Flasche (0,75\u00a0l)", "short_name": "Flasche", "short_name_plural": "Flaschen", "volume_ml": 750}}]}, {"merchant": {"id": 1463, "name": "LUNAS Delikatessen", "seo_name": "lunas-delikatessen", "legal_name": null, "description": "Mobile-friendly checkout. No minimum order.", "country": {"code": "de", "name": "Deutschland", "native_name": "Deutschland", "seo_name": "germany", "currency": {"code": "EUR", "name": "Euros", "prefix": "\u20ac", "suffix": null}, "regions_count": 210, "users_count": 2117308, "wines_count": 197796, "wineries_count": 13493, "most_used_grapes": [{"id": 15, "name": "Riesling", "seo_name": "riesling", "has_detailed_info": true, "wines_count": 259925}, {"id": 299, "name": "Sp\u00e4tburgunder", "seo_name": "spatburgunder", "has_detailed_info": false, "wines_count": 49659}, {"id": 355, "name": "Weissburgunder", "seo_name": "weissburgunder", "has_detailed_info": false, "wines_count": 33123}]}, "state": null, "status": 0, "image": null, "shipping_estimate": "Lieferung bis Mi, 22.\u00a0Dez", "impressum_url": null, "tos_url": null, "vc_clearing_system": 0, "hidden": false}, "prices": [{"id": 26403156, "vintage_id": 166341867, "amount": 6.9, "type": "ppc", "currency": {"code": "EUR", "name": "Euros", "prefix": "\u20ac", "suffix": null}, "bottle_type_id": 1, "inventory_bottles_count": null, "url": "https://lunas-weinhandel.de/wein/weissweine/vanita-pecorino-igt-terre-di-chieti-2020?c=542&utm_medium=pref-cpc&utm_source=vivino-ppc", "message": "", "producer_address": "", "importer_address": "", "discounted_from": null, "bottle_type": {"id": 1, "name": "Flasche (0,75\u00a0l)", "short_name": "Flasche", "short_name_plural": "Flaschen", "volume_ml": 750}}]}, {"merchant": {"id": 364, "name": "Wijnhandel de Haas", "seo_name": "wijnhandel-de-haas", "legal_name": null, "description": "Mobile-friendly checkout. Minimum order of 6 bottles.", "country": {"code": "nl", "name": "Niederlande", "native_name": "Nederland", "seo_name": "netherlands", "currency": {"code": "EUR", "name": "Euros", "prefix": "\u20ac", "suffix": null}, "regions_count": 19, "users_count": 2093336, "wines_count": 1677, "wineries_count": 293, "most_used_grapes": [{"id": 1073, "name": "Johanniter", "seo_name": "johanniter", "has_detailed_info": false, "wines_count": 2820}, {"id": 285, "name": "Regent", "seo_name": "regent", "has_detailed_info": false, "wines_count": 6973}, {"id": 658, "name": "Solaris", "seo_name": "solaris", "has_detailed_info": false, "wines_count": 4684}]}, "state": null, "status": 0, "image": null, "shipping_estimate": "Lieferung bis Mi, 22.\u00a0Dez", "impressum_url": null, "tos_url": null, "vc_clearing_system": 0, "hidden": false}, "prices": [{"id": 25391978, "vintage_id": 166341867, "amount": 6.45, "type": "ppc", "currency": {"code": "EUR", "name": "Euros", "prefix": "\u20ac", "suffix": null}, "bottle_type_id": 1, "inventory_bottles_count": null, "url": "https://www.wijnhandeldehaas.nl/duitsland/vanita-pecorino-igt-terre-di-chieti.php?utm_medium=pref-cpc&utm_source=vivino-ppc", "message": "", "producer_address": "", "importer_address": "", "discounted_from": null, "bottle_type": {"id": 1, "name": "Flasche (0,75\u00a0l)", "short_name": "Flasche", "short_name_plural": "Flaschen", "volume_ml": 750}}]}]}, "found_by_merchant_and_sku": null, "is_deal_page": false}