{"tastes": {"structure": {"acidity": 4.845161, "fizziness": null, "intensity": 2.6903226, "sweetness": 1.2322581, "tannin": null, "user_structure_count": 1, "calculated_structure_count": 1}, "flavor": [{"group": "tree_fruit", "stats": {"count": 1, "score": 100, "mentions_count": 1}, "primary_keywords": [{"id": 195, "name": "green apple", "count": 1}]}, {"group": "citrus_fruit", "stats": {"count": 1, "score": 100, "mentions_count": 1}, "primary_keywords": [{"id": 106, "name": "citrus", "count": 1}]}, {"group": "floral", "stats": {"count": 1, "score": 100, "mentions_count": 1}, "primary_keywords": [{"id": 221, "name": "honeysuckle", "count": 1}]}]}, "vivino_id": "9606405"}