{"vintage": {"id": 159542184, "seo_name": "tasca-d-almerita-catarratto-sicilia-antisa-regaleali-2018", "name": "Tasca d'Almerita Catarratto Sicilia Antisa Regaleali 2018", "statistics": {"status": "Normal", "ratings_count": 150, "ratings_average": 3.7, "labels_count": 911, "reviews_count": 59}, "organic_certification_id": null, "certified_biodynamic": false, "image": {"location": "//images.vivino.com/thumbs/q2byGakpSDujqwm3DplThg_pl_480x640.png", "variations": {"bottle_large": "//images.vivino.com/thumbs/q2byGakpSDujqwm3DplThg_pb_x960.png", "bottle_medium": "//images.vivino.com/thumbs/q2byGakpSDujqwm3DplThg_pb_x600.png", "bottle_medium_square": "//images.vivino.com/thumbs/q2byGakpSDujqwm3DplThg_pb_600x600.png", "bottle_small": "//images.vivino.com/thumbs/q2byGakpSDujqwm3DplThg_pb_x300.png", "bottle_small_square": "//images.vivino.com/thumbs/q2byGakpSDujqwm3DplThg_pb_300x300.png", "label": "//images.vivino.com/thumbs/q2byGakpSDujqwm3DplThg_pl_480x640.png", "label_large": "//images.vivino.com/thumbs/q2byGakpSDujqwm3DplThg_pl_375x500.png", "label_medium": "//images.vivino.com/thumbs/q2byGakpSDujqwm3DplThg_pl_150x200.png", "label_medium_square": "//images.vivino.com/thumbs/q2byGakpSDujqwm3DplThg_pl_150x150.png", "label_small_square": "//images.vivino.com/thumbs/q2byGakpSDujqwm3DplThg_pl_80x80.png", "large": "//images.vivino.com/thumbs/q2byGakpSDujqwm3DplThg_pl_375x500.png", "medium": "//images.vivino.com/thumbs/q2byGakpSDujqwm3DplThg_pl_150x200.png", "medium_square": "//images.vivino.com/thumbs/q2byGakpSDujqwm3DplThg_pl_150x150.png", "small_square": "//images.vivino.com/thumbs/q2byGakpSDujqwm3DplThg_pl_80x80.png"}}, "wine": {"id": 1648544, "name": "Catarratto Sicilia Antisa Regaleali", "seo_name": "catarratto-sicilia-antisa-regaleali", "type_id": 2, "vintage_type": 0, "is_natural": false, "region": {"id": 579, "name": "Terre Siciliane", "name_en": "Sicilia IGT", "seo_name": "sicily", "country": {"code": "it", "name": "Italien", "native_name": "Italia", "seo_name": "italy", "currency": {"code": "EUR", "name": "Euros", "prefix": "\u20ac", "suffix": null}, "regions_count": 555, "users_count": 3800165, "wines_count": 351993, "wineries_count": 41153, "most_used_grapes": [{"id": 16, "name": "Sangiovese", "seo_name": "sangiovese", "has_detailed_info": true, "wines_count": 123993}, {"id": 10, "name": "Merlot", "seo_name": "merlot", "has_detailed_info": true, "wines_count": 560926}, {"id": 5, "name": "Chardonnay", "seo_name": "chardonnay", "has_detailed_info": true, "wines_count": 597329}]}, "parent_id": null, "background_image": {"location": "//images.vivino.com/regions/backgrounds/RxxS1jkqQ-iGTD_KZLLgzQ.jpg", "variations": {"large": "//thumbs.vivino.com/region_backgrounds/RxxS1jkqQ-iGTD_KZLLgzQ_1280x760.jpg", "medium": "//thumbs.vivino.com/region_backgrounds/RxxS1jkqQ-iGTD_KZLLgzQ_600x356.jpg"}}, "class": {"typecast_map": {"background_image": {}, "class": {}}}, "statistics": {"wineries_count": 2820, "wines_count": 16403, "sub_regions_count": 31, "parent_regions_count": 0}}, "review_status": 2, "winery": {"id": 3224, "name": "Tasca d'Almerita", "seo_name": "tasca-d-almerita", "status": 0, "review_status": "Completed", "background_image": null, "statistics": {"ratings_count": 99084, "ratings_average": 3.8, "labels_count": 580870, "wines_count": 62}, "region": {"id": 579, "name": "Terre Siciliane", "name_en": "Sicilia IGT", "seo_name": "sicily", "country": {"code": "it", "name": "Italien", "native_name": "Italia", "seo_name": "italy", "currency": {"code": "EUR", "name": "Euros", "prefix": "\u20ac", "suffix": null}, "regions_count": 555, "users_count": 3800165, "wines_count": 351993, "wineries_count": 41153, "most_used_grapes": [{"id": 16, "name": "Sangiovese", "seo_name": "sangiovese", "has_detailed_info": true, "wines_count": 123993}, {"id": 10, "name": "Merlot", "seo_name": "merlot", "has_detailed_info": true, "wines_count": 560926}, {"id": 5, "name": "Chardonnay", "seo_name": "chardonnay", "has_detailed_info": true, "wines_count": 597329}]}, "parent_id": null, "background_image": {"location": "//images.vivino.com/regions/backgrounds/RxxS1jkqQ-iGTD_KZLLgzQ.jpg", "variations": {"large": "//thumbs.vivino.com/region_backgrounds/RxxS1jkqQ-iGTD_KZLLgzQ_1280x760.jpg", "medium": "//thumbs.vivino.com/region_backgrounds/RxxS1jkqQ-iGTD_KZLLgzQ_600x356.jpg"}}, "class": {"typecast_map": {"background_image": {}, "class": {}}}, "statistics": {"wineries_count": 2820, "wines_count": 16403, "sub_regions_count": 31, "parent_regions_count": 0}}, "business_name": "Tasca d'Almerita (Tenuta Regaleali estate)", "description": "", "specialists_notes": "", "phone": "39 091 6459711", "email": "Info@tascadalmerita.it", "facebook": "https://www.facebook.com/tascadalmerita", "instagram": "", "is_claimed": false, "twitter": "@TascaWine", "website": "http://www.tascadalmerita.it", "winemaker": null, "wine_maker": null, "address": {"title": null, "name": null, "street": "Via dei Fiori, 13", "street2": null, "neighborhood": null, "city": "Palremo", "zip": "90129", "state": null, "country": {"code": "it", "name": "Italien", "native_name": "Italia", "seo_name": "italy", "currency": {"code": "EUR", "name": "Euros", "prefix": "\u20ac", "suffix": null}, "regions_count": 555, "users_count": 3800165, "wines_count": 351993, "wineries_count": 41153, "most_used_grapes": [{"id": 16, "name": "Sangiovese", "seo_name": "sangiovese", "has_detailed_info": true, "wines_count": 123993}, {"id": 10, "name": "Merlot", "seo_name": "merlot", "has_detailed_info": true, "wines_count": 560926}, {"id": 5, "name": "Chardonnay", "seo_name": "chardonnay", "has_detailed_info": true, "wines_count": 597329}]}, "company": null, "phone": null, "external_id": null, "residential": null, "vat_number": null, "vat_code": null, "addition": null}, "image": null, "location": {"latitude": 38.10147, "longitude": 13.328383}, "winery_group": null, "first_wines": [], "sponsored_entity_type": null, "sponsored_entity": null}, "statistics": {"status": "Normal", "ratings_count": 1190, "ratings_average": 3.7, "labels_count": 5483, "vintages_count": 18}, "rank": {"country": {"description": "Rang von Italien", "total": 210247, "rank": 19330}, "region": {"description": "Rang von Weinregion", "total": 13868, "rank": 1134}, "winery": {"description": "Rang vom Weingut", "total": 62, "rank": 27}, "wine_type": {"description": "Rang in allen Wei\u00dfwein", "total": 394073, "rank": 23601}, "global": {"description": "Weltweiter Rang", "total": 1287385, "rank": 95905}}, "hidden": false, "vintages": [{"id": 163415665, "seo_name": "tasca-d-almerita-catarratto-sicilia-antisa-regaleali-2019", "name": "Tasca d'Almerita Catarratto Sicilia Antisa Regaleali 2019", "statistics": {"status": "Normal", "ratings_count": 171, "ratings_average": 3.8, "labels_count": 945, "reviews_count": 63}, "year": 2019, "grapes": null, "has_valid_ratings": true}, {"id": 159542184, "seo_name": "tasca-d-almerita-catarratto-sicilia-antisa-regaleali-2018", "name": "Tasca d'Almerita Catarratto Sicilia Antisa Regaleali 2018", "statistics": {"status": "Normal", "ratings_count": 150, "ratings_average": 3.7, "labels_count": 911, "reviews_count": 59}, "year": 2018, "grapes": null, "has_valid_ratings": true}, {"id": 153047006, "seo_name": "tasca-d-almerita-catarratto-sicilia-antisa-regaleali-2017", "name": "Tasca d'Almerita Catarratto Sicilia Antisa Regaleali 2017", "statistics": {"status": "Normal", "ratings_count": 198, "ratings_average": 3.6, "labels_count": 1016, "reviews_count": 56}, "year": 2017, "grapes": null, "has_valid_ratings": true}, {"id": 145383684, "seo_name": "tasca-d-almerita-catarratto-sicilia-antisa-regaleali-2016", "name": "Tasca d'Almerita Catarratto Sicilia Antisa Regaleali 2016", "statistics": {"status": "Normal", "ratings_count": 174, "ratings_average": 3.9, "labels_count": 761, "reviews_count": 52}, "year": 2016, "grapes": null, "has_valid_ratings": true}, {"id": 107117499, "seo_name": "tasca-d-almerita-catarratto-sicilia-antisa-regaleali-2015", "name": "Tasca d'Almerita Catarratto Sicilia Antisa Regaleali 2015", "statistics": {"status": "Normal", "ratings_count": 235, "ratings_average": 3.7, "labels_count": 971, "reviews_count": 72}, "year": 2015, "grapes": null, "has_valid_ratings": true}, {"id": 19424660, "seo_name": "tasca-d-almerita-catarratto-sicilia-antisa-regaleali-2014", "name": "Tasca d'Almerita Catarratto Sicilia Antisa Regaleali 2014", "statistics": {"status": "Normal", "ratings_count": 130, "ratings_average": 3.7, "labels_count": 476, "reviews_count": 42}, "year": 2014, "grapes": null, "has_valid_ratings": true}, {"id": 5833062, "seo_name": "tasca-d-almerita-catarratto-sicilia-antisa-regaleali-2013", "name": "Tasca d'Almerita Catarratto Sicilia Antisa Regaleali 2013", "statistics": {"status": "Normal", "ratings_count": 37, "ratings_average": 3.2, "labels_count": 132, "reviews_count": 9}, "year": 2013, "grapes": null, "has_valid_ratings": true}, {"id": 2518515, "seo_name": "tasca-d-almerita-catarratto-sicilia-antisa-regaleali-2012", "name": "Tasca d'Almerita Catarratto Sicilia Antisa Regaleali 2012", "statistics": {"status": "Normal", "ratings_count": 38, "ratings_average": 3.4, "labels_count": 186, "reviews_count": 8}, "year": 2012, "grapes": null, "has_valid_ratings": true}, {"id": 2530227, "seo_name": "tasca-d-almerita-catarratto-sicilia-antisa-regaleali-2011", "name": "Tasca d'Almerita Catarratto Sicilia Antisa Regaleali 2011", "statistics": {"status": "BelowThreshold", "ratings_count": 3, "ratings_average": 0, "labels_count": 14, "reviews_count": 0}, "year": 2011, "grapes": null, "has_valid_ratings": false}, {"id": 4525195, "seo_name": "tasca-d-almerita-catarratto-sicilia-antisa-regaleali-2010", "name": "Tasca d'Almerita Catarratto Sicilia Antisa Regaleali 2010", "statistics": {"status": "BelowThreshold", "ratings_count": 2, "ratings_average": 0, "labels_count": 14, "reviews_count": 2}, "year": 2010, "grapes": null, "has_valid_ratings": false}, {"id": 2734490, "seo_name": "tasca-d-almerita-catarratto-sicilia-antisa-regaleali-uv", "name": "Tasca d'Almerita Catarratto Sicilia Antisa Regaleali", "statistics": {"status": "Normal", "ratings_count": 1190, "ratings_average": 3.7, "labels_count": 10, "reviews_count": 12}, "year": 0, "grapes": null, "has_valid_ratings": true}], "description": "It has pale yellow color. Delicate, fruity with hints of peach. Taste fresh and young.", "grapes": [{"id": 184, "name": "Catarratto Bianco", "seo_name": "catarratto-bianco", "has_detailed_info": false, "wines_count": 4564}], "foods": [{"id": 13, "name": "Schalentiere", "background_image": {"location": "//images.vivino.com/backgrounds/foods/13_shellfish.png", "variations": {"small": "//images.vivino.com/backgrounds/foods/thumbs/13_shellfish_932x810.png"}}, "seo_name": "shellfish"}, {"id": 19, "name": "Vegetarische Gerichte", "background_image": {"location": "//images.vivino.com/backgrounds/foods/19_vegetarian.png", "variations": {"small": "//images.vivino.com/backgrounds/foods/thumbs/19_vegetarian_932x810.png"}}, "seo_name": "vegetarian"}, {"id": 27, "name": "Vorspeisen und Snacks", "background_image": {"location": "//images.vivino.com/backgrounds/foods/27_appetizers-snacks.png", "variations": {"small": "//images.vivino.com/backgrounds/foods/thumbs/27_appetizers-snacks_932x810.png"}}, "seo_name": null}], "non_vintage": false, "alcohol": 12.5, "sweetness_id": 5, "closure": null, "vintage_mask_raw": null, "updated_at": "2019-04-11T11:04:47Z", "created_at": "2013-06-11T11:38:19Z", "is_first_wine": false, "style": {"id": 209, "seo_name": "southern-italy-white", "regional_name": "Southern Italy", "varietal_name": "White", "name": "S\u00fcditalien Wei\u00df", "image": null, "background_image": {"location": "//images.vivino.com/backgrounds/styles/GrrBdaJHRpuDtC5ltll5AQ.jpg", "variations": {"small": "//images.vivino.com/backgrounds/styles/thumbs/GrrBdaJHRpuDtC5ltll5AQ_932x810.jpg"}}, "description": "Italy is responsible for some of the finest wines in the world, and while Northern Italy receives the majority of the plaudits, there is some excellent wine emerging from the sparsely populated southern regions.\n\nFiano and Greco are the two big white varietals in Campania and Basilicata, while Sicily has become known for their Bianco d'Alcamo, a dry wine made from the Marsala grape.\n\nSouthern Italy's reputation has taken a beating in recent years as they have become known for producing bulk wine that they can't sell, and the reputation seems to endure despite some lovely wine coming from Sicily, Campania and Basilicata.\n\nFiano tends to be a wonderfully creamy white wine with lots of green apple skin and pear. Greco, arguably Campania's flagship white grape, is a lot crisper, and typically has an abundance of minerality, lemon notes and pear.\n\nThe white wine of Southern Italy pairs extremely well with the creamy regional cuisine, as well as with some freshly caught fish or shellfish.", "blurb": null, "interesting_facts": ["The Greco grape is thought to have been brought to Italy by the Greeks.", "Italy is currently the largest wine producing country in the world."], "body": 3, "body_description": "Mittlerer K\u00f6rper", "acidity": 3, "acidity_description": "Hoch", "country": {"code": "it", "name": "Italien", "native_name": "Italia", "seo_name": "italy", "currency": {"code": "EUR", "name": "Euros", "prefix": "\u20ac", "suffix": null}, "regions_count": 555, "users_count": 3800165, "wines_count": 351993, "wineries_count": 41153, "most_used_grapes": [{"id": 16, "name": "Sangiovese", "seo_name": "sangiovese", "has_detailed_info": true, "wines_count": 123993}, {"id": 10, "name": "Merlot", "seo_name": "merlot", "has_detailed_info": true, "wines_count": 560926}, {"id": 5, "name": "Chardonnay", "seo_name": "chardonnay", "has_detailed_info": true, "wines_count": 597329}]}, "wine_type_id": 2, "food": [{"id": 13, "name": "Shellfish", "background_image": {"location": "//images.vivino.com/backgrounds/foods/13_shellfish.png", "variations": {"small": "//images.vivino.com/backgrounds/foods/thumbs/13_shellfish_932x810.png"}}, "seo_name": "shellfish"}, {"id": 19, "name": "Vegetarian", "background_image": {"location": "//images.vivino.com/backgrounds/foods/19_vegetarian.png", "variations": {"small": "//images.vivino.com/backgrounds/foods/thumbs/19_vegetarian_932x810.png"}}, "seo_name": "vegetarian"}, {"id": 27, "name": "Appetizers and snacks", "background_image": {"location": "//images.vivino.com/backgrounds/foods/27_appetizers-snacks.png", "variations": {"small": "//images.vivino.com/backgrounds/foods/thumbs/27_appetizers-snacks_932x810.png"}}, "seo_name": null}], "grapes": [{"id": 39, "name": "Malvasia", "seo_name": "malvasia", "has_detailed_info": false, "wines_count": 31054}, {"id": 103, "name": "Fiano", "seo_name": "fiano", "has_detailed_info": false, "wines_count": 7418}, {"id": 184, "name": "Catarratto Bianco", "seo_name": "catarratto-bianco", "has_detailed_info": false, "wines_count": 4564}], "region": null}, "has_valid_ratings": true}, "description": "", "expert_reviews": null, "wine_critic_reviews": [], "awards": [], "ratings_distribution": {"1": 0, "2": 4, "3": 70, "4": 69, "5": 7}, "ranking": {"country": {"description": "Rang von Italien", "total": 1543866, "rank": 176404}, "region": {"description": "Rang von Weinregion", "total": 94534, "rank": 9781}, "winery": {"description": "Rang vom Weingut", "total": 935, "rank": 297}, "global": {"description": "Weltweiter Rang", "total": 8825168, "rank": 910865}}, "wine_facts": {"alcohol": 12, "contains_milk_allergens": false, "contains_egg_allergens": false, "certified_biodynamic": false}, "winemaker": null, "wine_maker": null, "grape_composition": {}, "year": 2018, "grapes": null, "has_valid_ratings": true}, "carts": null, "price_range": {"currency": {"code": "EUR", "name": "Euros", "prefix": "\u20ac", "suffix": null}, "price_range": {"minimum": 0, "maximum": 500, "currency_code": "EUR"}, "defaults": {"minimum": 7, "maximum": 30, "currency_code": "EUR"}}, "subtotal_price": null, "full_region": null, "tastes": null, "wine": {"id": 1648544, "name": "Catarratto Sicilia Antisa Regaleali", "seo_name": "catarratto-sicilia-antisa-regaleali", "type_id": 2, "vintage_type": 0, "is_natural": false, "region": {"id": 579, "name": "Terre Siciliane", "name_en": "Sicilia IGT", "seo_name": "sicily", "country": {"code": "it", "name": "Italien", "native_name": "Italia", "seo_name": "italy", "currency": {"code": "EUR", "name": "Euros", "prefix": "\u20ac", "suffix": null}, "regions_count": 555, "users_count": 3800165, "wines_count": 351993, "wineries_count": 41153, "most_used_grapes": [{"id": 16, "name": "Sangiovese", "seo_name": "sangiovese", "has_detailed_info": true, "wines_count": 123993}, {"id": 10, "name": "Merlot", "seo_name": "merlot", "has_detailed_info": true, "wines_count": 560926}, {"id": 5, "name": "Chardonnay", "seo_name": "chardonnay", "has_detailed_info": true, "wines_count": 597329}]}, "parent_id": null, "background_image": {"location": "//images.vivino.com/regions/backgrounds/RxxS1jkqQ-iGTD_KZLLgzQ.jpg", "variations": {"large": "//thumbs.vivino.com/region_backgrounds/RxxS1jkqQ-iGTD_KZLLgzQ_1280x760.jpg", "medium": "//thumbs.vivino.com/region_backgrounds/RxxS1jkqQ-iGTD_KZLLgzQ_600x356.jpg"}}, "class": {"typecast_map": {"background_image": {}, "class": {}}}, "statistics": {"wineries_count": 2820, "wines_count": 16403, "sub_regions_count": 31, "parent_regions_count": 0}}, "review_status": 2, "winery": {"id": 3224, "name": "Tasca d'Almerita", "seo_name": "tasca-d-almerita", "status": 0, "review_status": "Completed", "background_image": null, "statistics": {"ratings_count": 99084, "ratings_average": 3.8, "labels_count": 580870, "wines_count": 62}, "region": {"id": 579, "name": "Terre Siciliane", "name_en": "Sicilia IGT", "seo_name": "sicily", "country": {"code": "it", "name": "Italien", "native_name": "Italia", "seo_name": "italy", "currency": {"code": "EUR", "name": "Euros", "prefix": "\u20ac", "suffix": null}, "regions_count": 555, "users_count": 3800165, "wines_count": 351993, "wineries_count": 41153, "most_used_grapes": [{"id": 16, "name": "Sangiovese", "seo_name": "sangiovese", "has_detailed_info": true, "wines_count": 123993}, {"id": 10, "name": "Merlot", "seo_name": "merlot", "has_detailed_info": true, "wines_count": 560926}, {"id": 5, "name": "Chardonnay", "seo_name": "chardonnay", "has_detailed_info": true, "wines_count": 597329}]}, "parent_id": null, "background_image": {"location": "//images.vivino.com/regions/backgrounds/RxxS1jkqQ-iGTD_KZLLgzQ.jpg", "variations": {"large": "//thumbs.vivino.com/region_backgrounds/RxxS1jkqQ-iGTD_KZLLgzQ_1280x760.jpg", "medium": "//thumbs.vivino.com/region_backgrounds/RxxS1jkqQ-iGTD_KZLLgzQ_600x356.jpg"}}, "class": {"typecast_map": {"background_image": {}, "class": {}}}, "statistics": {"wineries_count": 2820, "wines_count": 16403, "sub_regions_count": 31, "parent_regions_count": 0}}, "business_name": "Tasca d'Almerita (Tenuta Regaleali estate)", "description": "", "specialists_notes": "", "phone": "39 091 6459711", "email": "Info@tascadalmerita.it", "facebook": "https://www.facebook.com/tascadalmerita", "instagram": "", "is_claimed": false, "twitter": "@TascaWine", "website": "http://www.tascadalmerita.it", "winemaker": null, "wine_maker": null, "address": {"title": null, "name": null, "street": "Via dei Fiori, 13", "street2": null, "neighborhood": null, "city": "Palremo", "zip": "90129", "state": null, "country": {"code": "it", "name": "Italien", "native_name": "Italia", "seo_name": "italy", "currency": {"code": "EUR", "name": "Euros", "prefix": "\u20ac", "suffix": null}, "regions_count": 555, "users_count": 3800165, "wines_count": 351993, "wineries_count": 41153, "most_used_grapes": [{"id": 16, "name": "Sangiovese", "seo_name": "sangiovese", "has_detailed_info": true, "wines_count": 123993}, {"id": 10, "name": "Merlot", "seo_name": "merlot", "has_detailed_info": true, "wines_count": 560926}, {"id": 5, "name": "Chardonnay", "seo_name": "chardonnay", "has_detailed_info": true, "wines_count": 597329}]}, "company": null, "phone": null, "external_id": null, "residential": null, "vat_number": null, "vat_code": null, "addition": null}, "image": null, "location": {"latitude": 38.10147, "longitude": 13.328383}, "winery_group": null, "first_wines": [], "sponsored_entity_type": null, "sponsored_entity": null}, "statistics": {"status": "Normal", "ratings_count": 1190, "ratings_average": 3.7, "labels_count": 5483, "vintages_count": 18}, "rank": {"country": {"description": "Rang von Italien", "total": 210247, "rank": 19330}, "region": {"description": "Rang von Weinregion", "total": 13868, "rank": 1134}, "winery": {"description": "Rang vom Weingut", "total": 62, "rank": 27}, "wine_type": {"description": "Rang in allen Wei\u00dfwein", "total": 394073, "rank": 23601}, "global": {"description": "Weltweiter Rang", "total": 1287385, "rank": 95905}}, "hidden": false, "vintages": [{"id": 163415665, "seo_name": "tasca-d-almerita-catarratto-sicilia-antisa-regaleali-2019", "name": "Tasca d'Almerita Catarratto Sicilia Antisa Regaleali 2019", "statistics": {"status": "Normal", "ratings_count": 171, "ratings_average": 3.8, "labels_count": 945, "reviews_count": 63}, "year": 2019, "grapes": null, "has_valid_ratings": true}, {"id": 159542184, "seo_name": "tasca-d-almerita-catarratto-sicilia-antisa-regaleali-2018", "name": "Tasca d'Almerita Catarratto Sicilia Antisa Regaleali 2018", "statistics": {"status": "Normal", "ratings_count": 150, "ratings_average": 3.7, "labels_count": 911, "reviews_count": 59}, "year": 2018, "grapes": null, "has_valid_ratings": true}, {"id": 153047006, "seo_name": "tasca-d-almerita-catarratto-sicilia-antisa-regaleali-2017", "name": "Tasca d'Almerita Catarratto Sicilia Antisa Regaleali 2017", "statistics": {"status": "Normal", "ratings_count": 198, "ratings_average": 3.6, "labels_count": 1016, "reviews_count": 56}, "year": 2017, "grapes": null, "has_valid_ratings": true}, {"id": 145383684, "seo_name": "tasca-d-almerita-catarratto-sicilia-antisa-regaleali-2016", "name": "Tasca d'Almerita Catarratto Sicilia Antisa Regaleali 2016", "statistics": {"status": "Normal", "ratings_count": 174, "ratings_average": 3.9, "labels_count": 761, "reviews_count": 52}, "year": 2016, "grapes": null, "has_valid_ratings": true}, {"id": 107117499, "seo_name": "tasca-d-almerita-catarratto-sicilia-antisa-regaleali-2015", "name": "Tasca d'Almerita Catarratto Sicilia Antisa Regaleali 2015", "statistics": {"status": "Normal", "ratings_count": 235, "ratings_average": 3.7, "labels_count": 971, "reviews_count": 72}, "year": 2015, "grapes": null, "has_valid_ratings": true}, {"id": 19424660, "seo_name": "tasca-d-almerita-catarratto-sicilia-antisa-regaleali-2014", "name": "Tasca d'Almerita Catarratto Sicilia Antisa Regaleali 2014", "statistics": {"status": "Normal", "ratings_count": 130, "ratings_average": 3.7, "labels_count": 476, "reviews_count": 42}, "year": 2014, "grapes": null, "has_valid_ratings": true}, {"id": 5833062, "seo_name": "tasca-d-almerita-catarratto-sicilia-antisa-regaleali-2013", "name": "Tasca d'Almerita Catarratto Sicilia Antisa Regaleali 2013", "statistics": {"status": "Normal", "ratings_count": 37, "ratings_average": 3.2, "labels_count": 132, "reviews_count": 9}, "year": 2013, "grapes": null, "has_valid_ratings": true}, {"id": 2518515, "seo_name": "tasca-d-almerita-catarratto-sicilia-antisa-regaleali-2012", "name": "Tasca d'Almerita Catarratto Sicilia Antisa Regaleali 2012", "statistics": {"status": "Normal", "ratings_count": 38, "ratings_average": 3.4, "labels_count": 186, "reviews_count": 8}, "year": 2012, "grapes": null, "has_valid_ratings": true}, {"id": 2530227, "seo_name": "tasca-d-almerita-catarratto-sicilia-antisa-regaleali-2011", "name": "Tasca d'Almerita Catarratto Sicilia Antisa Regaleali 2011", "statistics": {"status": "BelowThreshold", "ratings_count": 3, "ratings_average": 0, "labels_count": 14, "reviews_count": 0}, "year": 2011, "grapes": null, "has_valid_ratings": false}, {"id": 4525195, "seo_name": "tasca-d-almerita-catarratto-sicilia-antisa-regaleali-2010", "name": "Tasca d'Almerita Catarratto Sicilia Antisa Regaleali 2010", "statistics": {"status": "BelowThreshold", "ratings_count": 2, "ratings_average": 0, "labels_count": 14, "reviews_count": 2}, "year": 2010, "grapes": null, "has_valid_ratings": false}, {"id": 2734490, "seo_name": "tasca-d-almerita-catarratto-sicilia-antisa-regaleali-uv", "name": "Tasca d'Almerita Catarratto Sicilia Antisa Regaleali", "statistics": {"status": "Normal", "ratings_count": 1190, "ratings_average": 3.7, "labels_count": 10, "reviews_count": 12}, "year": 0, "grapes": null, "has_valid_ratings": true}], "description": "It has pale yellow color. Delicate, fruity with hints of peach. Taste fresh and young.", "grapes": [{"id": 184, "name": "Catarratto Bianco", "seo_name": "catarratto-bianco", "has_detailed_info": false, "wines_count": 4564}], "foods": [{"id": 13, "name": "Schalentiere", "background_image": {"location": "//images.vivino.com/backgrounds/foods/13_shellfish.png", "variations": {"small": "//images.vivino.com/backgrounds/foods/thumbs/13_shellfish_932x810.png"}}, "seo_name": "shellfish"}, {"id": 19, "name": "Vegetarische Gerichte", "background_image": {"location": "//images.vivino.com/backgrounds/foods/19_vegetarian.png", "variations": {"small": "//images.vivino.com/backgrounds/foods/thumbs/19_vegetarian_932x810.png"}}, "seo_name": "vegetarian"}, {"id": 27, "name": "Vorspeisen und Snacks", "background_image": {"location": "//images.vivino.com/backgrounds/foods/27_appetizers-snacks.png", "variations": {"small": "//images.vivino.com/backgrounds/foods/thumbs/27_appetizers-snacks_932x810.png"}}, "seo_name": null}], "non_vintage": false, "alcohol": 12.5, "sweetness_id": 5, "closure": null, "vintage_mask_raw": null, "updated_at": "2019-04-11T11:04:47Z", "created_at": "2013-06-11T11:38:19Z", "is_first_wine": false, "style": {"id": 209, "seo_name": "southern-italy-white", "regional_name": "Southern Italy", "varietal_name": "White", "name": "S\u00fcditalien Wei\u00df", "image": null, "background_image": {"location": "//images.vivino.com/backgrounds/styles/GrrBdaJHRpuDtC5ltll5AQ.jpg", "variations": {"small": "//images.vivino.com/backgrounds/styles/thumbs/GrrBdaJHRpuDtC5ltll5AQ_932x810.jpg"}}, "description": "Italy is responsible for some of the finest wines in the world, and while Northern Italy receives the majority of the plaudits, there is some excellent wine emerging from the sparsely populated southern regions.\n\nFiano and Greco are the two big white varietals in Campania and Basilicata, while Sicily has become known for their Bianco d'Alcamo, a dry wine made from the Marsala grape.\n\nSouthern Italy's reputation has taken a beating in recent years as they have become known for producing bulk wine that they can't sell, and the reputation seems to endure despite some lovely wine coming from Sicily, Campania and Basilicata.\n\nFiano tends to be a wonderfully creamy white wine with lots of green apple skin and pear. Greco, arguably Campania's flagship white grape, is a lot crisper, and typically has an abundance of minerality, lemon notes and pear.\n\nThe white wine of Southern Italy pairs extremely well with the creamy regional cuisine, as well as with some freshly caught fish or shellfish.", "blurb": null, "interesting_facts": ["The Greco grape is thought to have been brought to Italy by the Greeks.", "Italy is currently the largest wine producing country in the world."], "body": 3, "body_description": "Mittlerer K\u00f6rper", "acidity": 3, "acidity_description": "Hoch", "country": {"code": "it", "name": "Italien", "native_name": "Italia", "seo_name": "italy", "currency": {"code": "EUR", "name": "Euros", "prefix": "\u20ac", "suffix": null}, "regions_count": 555, "users_count": 3800165, "wines_count": 351993, "wineries_count": 41153, "most_used_grapes": [{"id": 16, "name": "Sangiovese", "seo_name": "sangiovese", "has_detailed_info": true, "wines_count": 123993}, {"id": 10, "name": "Merlot", "seo_name": "merlot", "has_detailed_info": true, "wines_count": 560926}, {"id": 5, "name": "Chardonnay", "seo_name": "chardonnay", "has_detailed_info": true, "wines_count": 597329}]}, "wine_type_id": 2, "food": [{"id": 13, "name": "Shellfish", "background_image": {"location": "//images.vivino.com/backgrounds/foods/13_shellfish.png", "variations": {"small": "//images.vivino.com/backgrounds/foods/thumbs/13_shellfish_932x810.png"}}, "seo_name": "shellfish"}, {"id": 19, "name": "Vegetarian", "background_image": {"location": "//images.vivino.com/backgrounds/foods/19_vegetarian.png", "variations": {"small": "//images.vivino.com/backgrounds/foods/thumbs/19_vegetarian_932x810.png"}}, "seo_name": "vegetarian"}, {"id": 27, "name": "Appetizers and snacks", "background_image": {"location": "//images.vivino.com/backgrounds/foods/27_appetizers-snacks.png", "variations": {"small": "//images.vivino.com/backgrounds/foods/thumbs/27_appetizers-snacks_932x810.png"}}, "seo_name": null}], "grapes": [{"id": 39, "name": "Malvasia", "seo_name": "malvasia", "has_detailed_info": false, "wines_count": 31054}, {"id": 103, "name": "Fiano", "seo_name": "fiano", "has_detailed_info": false, "wines_count": 7418}, {"id": 184, "name": "Catarratto Bianco", "seo_name": "catarratto-bianco", "has_detailed_info": false, "wines_count": 4564}], "region": null}, "has_valid_ratings": true}, "price": {"id": 20240092, "vintage_id": 159542184, "amount": 10.9, "type": "vc", "currency": {"code": "EUR", "name": "Euros", "prefix": "\u20ac", "suffix": null}, "bottle_type_id": 1, "inventory_bottles_count": 124, "bottles_sold_count": 28, "url": "https://weindomaine.de/produkte/tasca-dalmerita-antisa-catarratto-sicilia-doc-2018-italien?utm_medium=pref-cpc&utm_source=vivino-ppc", "message": "", "producer_address": "AGR. AR.L. PALERMO, ITALIA NELLA PROPRIA TENUTA REGALEALI, SCLAFANI BAGNI", "importer_address": "AGR. AR.L. PALERMO, ITALIA NELLA PROPRIA TENUTA REGALEALI, SCLAFANI BAGNI", "discounted_from": null, "bottle_type": {"id": 1, "name": "Flasche (0,75\u00a0l)", "short_name": "Flasche", "short_name_plural": "Flaschen", "volume_ml": 750}}, "highlights": [], "merchant": {"id": 1579, "name": "Wein Domaine", "seo_name": "wein-domaine", "legal_name": "WeinDomaine", "description": "Versandkostenfrei f\u00fcr Bestellungen ab 80 EUR", "country": {"code": "de", "name": "Deutschland", "native_name": "Deutschland", "seo_name": "germany", "currency": {"code": "EUR", "name": "Euros", "prefix": "\u20ac", "suffix": null}, "regions_count": 210, "users_count": 2117308, "wines_count": 197796, "wineries_count": 13493, "most_used_grapes": [{"id": 15, "name": "Riesling", "seo_name": "riesling", "has_detailed_info": true, "wines_count": 259925}, {"id": 299, "name": "Sp\u00e4tburgunder", "seo_name": "spatburgunder", "has_detailed_info": false, "wines_count": 49659}, {"id": 355, "name": "Weissburgunder", "seo_name": "weissburgunder", "has_detailed_info": false, "wines_count": 33123}]}, "state": null, "status": 3, "image": {"location": "//images.vivino.com/merchants/originals/p1d3i2aq00001hb.jpg", "variations": {"large_square": "//images.vivino.com/merchants/thumbs/p1d3i2aq00001hb_400x400.jpg", "medium_square": "//images.vivino.com/merchants/thumbs/p1d3i2aq00001hb_320x320.jpg", "small_square": "//images.vivino.com/merchants/thumbs/p1d3i2aq00001hb_160x160.jpg"}}, "shipping_estimate": "Lieferung voraussichtlich zwischen Di, 21.\u00a0Dez und Do, 23.\u00a0Dez", "impressum_url": "https://www.weindomaine.de/Impressum:_:4.html", "tos_url": "https://www.weindomaine.de/Unsere-AGB:_:3.html", "vc_clearing_system": 0, "hidden": false}, "sold_out": false, "prices_and_availability": {"market": {"country": "de", "currency": {"code": "EUR", "name": "Euros", "prefix": "\u20ac", "suffix": null}}, "availability": {"vintage": {"id": 159542184, "year": 2018, "grapes": null, "has_valid_ratings": false}, "median": {"amount": 10.9, "type": "market", "discounted_from": null}, "price": {"id": 20240092, "amount": 10.9, "discounted_from": 0.0, "type": "vc"}}, "merchants_with_prices": [{"merchant": {"id": 1579, "name": "Wein Domaine", "seo_name": "wein-domaine", "legal_name": "WeinDomaine", "description": "Versandkostenfrei f\u00fcr Bestellungen ab 80 EUR", "country": {"code": "de", "name": "Deutschland", "native_name": "Deutschland", "seo_name": "germany", "currency": {"code": "EUR", "name": "Euros", "prefix": "\u20ac", "suffix": null}, "regions_count": 210, "users_count": 2117308, "wines_count": 197796, "wineries_count": 13493, "most_used_grapes": [{"id": 15, "name": "Riesling", "seo_name": "riesling", "has_detailed_info": true, "wines_count": 259925}, {"id": 299, "name": "Sp\u00e4tburgunder", "seo_name": "spatburgunder", "has_detailed_info": false, "wines_count": 49659}, {"id": 355, "name": "Weissburgunder", "seo_name": "weissburgunder", "has_detailed_info": false, "wines_count": 33123}]}, "state": null, "status": 3, "image": {"location": "//images.vivino.com/merchants/originals/p1d3i2aq00001hb.jpg", "variations": {"large_square": "//images.vivino.com/merchants/thumbs/p1d3i2aq00001hb_400x400.jpg", "medium_square": "//images.vivino.com/merchants/thumbs/p1d3i2aq00001hb_320x320.jpg", "small_square": "//images.vivino.com/merchants/thumbs/p1d3i2aq00001hb_160x160.jpg"}}, "shipping_estimate": "Lieferung voraussichtlich zwischen Di, 21.\u00a0Dez und Do, 23.\u00a0Dez", "impressum_url": "https://www.weindomaine.de/Impressum:_:4.html", "tos_url": "https://www.weindomaine.de/Unsere-AGB:_:3.html", "vc_clearing_system": 0, "hidden": false}, "prices": [{"id": 20240092, "vintage_id": 159542184, "amount": 10.9, "type": "vc", "currency": {"code": "EUR", "name": "Euros", "prefix": "\u20ac", "suffix": null}, "bottle_type_id": 1, "inventory_bottles_count": 124, "bottles_sold_count": 28, "url": "https://weindomaine.de/produkte/tasca-dalmerita-antisa-catarratto-sicilia-doc-2018-italien?utm_medium=pref-cpc&utm_source=vivino-ppc", "message": "", "producer_address": "AGR. AR.L. PALERMO, ITALIA NELLA PROPRIA TENUTA REGALEALI, SCLAFANI BAGNI", "importer_address": "AGR. AR.L. PALERMO, ITALIA NELLA PROPRIA TENUTA REGALEALI, SCLAFANI BAGNI", "discounted_from": null, "bottle_type": {"id": 1, "name": "Flasche (0,75\u00a0l)", "short_name": "Flasche", "short_name_plural": "Flaschen", "volume_ml": 750}}]}]}, "found_by_merchant_and_sku": null, "is_deal_page": false}