{"tastes": {"structure": {"acidity": 3.3871002, "fizziness": null, "intensity": 4.281328, "sweetness": 1.769683, "tannin": null, "user_structure_count": 123, "calculated_structure_count": 626}, "flavor": [{"group": "tree_fruit", "stats": {"count": 424, "score": 60600, "mentions_count": 606}, "primary_keywords": [{"id": 9, "name": "Apfel", "count": 151}, {"id": 195, "name": "Gr\u00fcner Apfel", "count": 124}, {"id": 310, "name": "Pfirsich", "count": 109}, {"id": 315, "name": "Birne", "count": 84}, {"id": 271, "name": "Melone", "count": 30}, {"id": 469, "name": "Steinfrucht", "count": 29}, {"id": 11, "name": "Aprikose", "count": 27}, {"id": 458, "name": "Gelber Apfel", "count": 12}, {"id": 448, "name": "Wei\u00dfer Pfirsich", "count": 11}, {"id": 288, "name": "Nektarine", "count": 7}, {"id": 461, "name": "Gelbe Pflaume", "count": 4}, {"id": 19, "name": "Bratapfel", "count": 4}, {"id": 78, "name": "Cantaloupe-Melone", "count": 3}, {"id": 202, "name": "Gr\u00fcne Melone", "count": 3}, {"id": 343, "name": "Quitte", "count": 2}, {"id": 220, "name": "Honigmelone", "count": 2}, {"id": 433, "name": "Unreife Birne", "count": 2}, {"id": 12, "name": "Aprikosenkonfit\u00fcre", "count": 1}, {"id": 15, "name": "nashi-birne", "count": 1}]}, {"group": "citrus_fruit", "stats": {"count": 376, "score": 47300, "mentions_count": 472}, "primary_keywords": [{"id": 106, "name": "Zitrone", "count": 229}, {"id": 243, "name": "Zitrone", "count": 110}, {"id": 252, "name": "Limette", "count": 55}, {"id": 190, "name": "Grapefruit", "count": 36}, {"id": 248, "name": "Zitronenw\u00fcrze", "count": 6}, {"id": 411, "name": "Mandarine", "count": 6}, {"id": 298, "name": "Orange", "count": 6}, {"id": 302, "name": "Orangenmark", "count": 5}, {"id": 246, "name": "Zitronenschale", "count": 4}, {"id": 330, "name": "Rosa Grapefruit", "count": 4}, {"id": 254, "name": "Limettenmark", "count": 3}, {"id": 300, "name": "Orangenschale", "count": 3}, {"id": 253, "name": "Limettenschale", "count": 1}, {"id": 247, "name": "Zitronenmark", "count": 1}, {"id": 340, "name": "Kandierte Zitrone", "count": 1}, {"id": 274, "name": "Meyerlimette", "count": 1}, {"id": 109, "name": "Zitrusw\u00fcrze", "count": 1}], "secondary_keywords": [{"id": 244, "name": "Zitronencreme", "count": 4}]}, {"group": "oak", "stats": {"count": 348, "score": 39337, "mentions_count": 425}, "primary_keywords": [{"id": 292, "name": "Eiche", "count": 207}, {"id": 434, "name": "Vanille", "count": 117}, {"id": 70, "name": "Butter", "count": 67}, {"id": 79, "name": "Karamell", "count": 5}, {"id": 115, "name": "Kokosnuss", "count": 5}, {"id": 83, "name": "Zeder", "count": 4}, {"id": 138, "name": "Dill", "count": 3}, {"id": 308, "name": "Geb\u00e4ck", "count": 3}, {"id": 21, "name": "Backgew\u00fcrz", "count": 2}, {"id": 118, "name": "Cola", "count": 2}, {"id": 72, "name": "Karamellbonbon", "count": 2}, {"id": 424, "name": "Toffee", "count": 2}, {"id": 101, "name": "Schokolade", "count": 2}, {"id": 117, "name": "Kaffee", "count": 1}, {"id": 290, "name": "Muskat", "count": 1}, {"id": 422, "name": "Tabak", "count": 1}, {"id": 280, "name": "Mokka", "count": 1}], "secondary_keywords": [{"id": 6, "name": "Mandel", "count": 16}, {"id": 384, "name": "Rauch", "count": 12}, {"id": 62, "name": "Brioche", "count": 5}, {"id": 244, "name": "Zitronencreme", "count": 4}, {"id": 242, "name": "Leder", "count": 3}, {"id": 213, "name": "Haselnuss", "count": 3}, {"id": 88, "name": "Holzkohle", "count": 3}, {"id": 65, "name": "Brauner Zucker", "count": 1}, {"id": 105, "name": "Zimt", "count": 1}]}, {"group": "earth", "stats": {"count": 202, "score": 23070, "mentions_count": 235}, "primary_keywords": [{"id": 276, "name": "Mineralien", "count": 64}, {"id": 398, "name": "Stein", "count": 60}, {"id": 218, "name": "Honig", "count": 40}, {"id": 384, "name": "Rauch", "count": 12}, {"id": 164, "name": "Feuerstein", "count": 9}, {"id": 156, "name": "Erdig", "count": 5}, {"id": 85, "name": "Kreide", "count": 5}, {"id": 377, "name": "Salz", "count": 5}, {"id": 284, "name": "Champignon", "count": 4}, {"id": 376, "name": "Saline", "count": 4}, {"id": 88, "name": "Holzkohle", "count": 3}, {"id": 242, "name": "Leder", "count": 3}, {"id": 441, "name": "Wachs", "count": 3}, {"id": 235, "name": "Kerosin", "count": 2}, {"id": 383, "name": "Schiefer", "count": 2}, {"id": 382, "name": "Seemuschel", "count": 2}, {"id": 22, "name": "Balsamico", "count": 2}, {"id": 181, "name": "Ingwer", "count": 2}, {"id": 325, "name": "Petroleum", "count": 1}, {"id": 226, "name": "Eisen", "count": 1}, {"id": 318, "name": "Bleistiftsp\u00e4ne", "count": 1}, {"id": 465, "name": "Gummi", "count": 1}, {"id": 466, "name": "Kunststoff", "count": 1}, {"id": 207, "name": "Grillfleisch", "count": 1}, {"id": 28, "name": "Bienenwachs", "count": 1}, {"id": 430, "name": "Tr\u00fcffel", "count": 1}], "secondary_keywords": [{"id": 6, "name": "Mandel", "count": 16}, {"id": 381, "name": "Bohnenkraut", "count": 5}, {"id": 422, "name": "Tabak", "count": 1}, {"id": 280, "name": "Mokka", "count": 1}]}, {"group": "microbio", "stats": {"count": 193, "score": 14854, "mentions_count": 117}, "primary_keywords": [{"id": 123, "name": "Creme", "count": 73}, {"id": 295, "name": "\u00d6l", "count": 17}, {"id": 91, "name": "K\u00e4se", "count": 11}, {"id": 23, "name": "Banane", "count": 6}, {"id": 244, "name": "Zitronencreme", "count": 4}, {"id": 457, "name": "Hefe", "count": 3}, {"id": 419, "name": "Getoastetes Brot", "count": 2}, {"id": 126, "name": "Creme fraiche", "count": 1}], "secondary_keywords": [{"id": 70, "name": "Butter", "count": 67}, {"id": 417, "name": "Toast", "count": 28}, {"id": 6, "name": "Mandel", "count": 16}, {"id": 284, "name": "Champignon", "count": 4}, {"id": 424, "name": "Toffee", "count": 2}, {"id": 430, "name": "Tr\u00fcffel", "count": 1}]}, {"group": "tropical_fruit", "stats": {"count": 93, "score": 10698, "mentions_count": 105}, "primary_keywords": [{"id": 329, "name": "Ananas", "count": 49}, {"id": 428, "name": "Tropisch", "count": 33}, {"id": 237, "name": "Kiwi", "count": 6}, {"id": 261, "name": "Mango", "count": 4}, {"id": 304, "name": "Papaya", "count": 3}, {"id": 256, "name": "Litschi", "count": 3}, {"id": 306, "name": "Passionsfrucht", "count": 3}, {"id": 396, "name": "Sternfrucht", "count": 2}, {"id": 208, "name": "Gegrillte Ananas", "count": 1}, {"id": 206, "name": "Gr\u00fcne Ananas", "count": 1}], "secondary_keywords": [{"id": 23, "name": "Banane", "count": 6}]}, {"group": "non_oak", "stats": {"count": 176, "score": 6020, "mentions_count": 66}, "primary_keywords": [{"id": 417, "name": "Toast", "count": 28}, {"id": 6, "name": "Mandel", "count": 16}, {"id": 291, "name": "Nussig", "count": 10}, {"id": 62, "name": "Brioche", "count": 5}, {"id": 213, "name": "Haselnuss", "count": 3}, {"id": 312, "name": "Erdnuss", "count": 1}, {"id": 438, "name": "Walnuss", "count": 1}, {"id": 316, "name": "Pekannuss", "count": 1}, {"id": 65, "name": "Brauner Zucker", "count": 1}], "secondary_keywords": [{"id": 434, "name": "Vanille", "count": 117}, {"id": 384, "name": "Rauch", "count": 12}, {"id": 79, "name": "Karamell", "count": 5}, {"id": 83, "name": "Zeder", "count": 4}, {"id": 118, "name": "Cola", "count": 2}, {"id": 163, "name": "Feige", "count": 2}, {"id": 36, "name": "Bittermandel", "count": 2}, {"id": 105, "name": "Zimt", "count": 1}, {"id": 422, "name": "Tabak", "count": 1}, {"id": 290, "name": "Muskat", "count": 1}, {"id": 117, "name": "Kaffee", "count": 1}, {"id": 280, "name": "Mokka", "count": 1}]}, {"group": "vegetal", "stats": {"count": 77, "score": 6185, "mentions_count": 60}, "primary_keywords": [{"id": 399, "name": "Stroh", "count": 20}, {"id": 193, "name": "Gras", "count": 13}, {"id": 185, "name": "Stachelbeere", "count": 11}, {"id": 212, "name": "Heu", "count": 6}, {"id": 425, "name": "Tomate", "count": 3}, {"id": 172, "name": "Frisch geschnittenes Gras", "count": 2}, {"id": 36, "name": "Bittermandel", "count": 2}, {"id": 196, "name": "Gr\u00fcne Bohne", "count": 1}, {"id": 89, "name": "Mangold", "count": 1}, {"id": 16, "name": "Spargel", "count": 1}], "secondary_keywords": [{"id": 6, "name": "Mandel", "count": 16}, {"id": 381, "name": "Bohnenkraut", "count": 5}]}, {"group": "floral", "stats": {"count": 42, "score": 4425, "mentions_count": 43}, "primary_keywords": [{"id": 230, "name": "Jasmin", "count": 8}, {"id": 221, "name": "Gei\u00dfblatt", "count": 8}, {"id": 87, "name": "Kamille", "count": 6}, {"id": 157, "name": "Holunderbl\u00fcte", "count": 6}, {"id": 251, "name": "Lilie", "count": 6}, {"id": 10, "name": "Apfelbl\u00fcte", "count": 2}, {"id": 436, "name": "Veilchen", "count": 1}, {"id": 2, "name": "Akazie", "count": 1}, {"id": 241, "name": "Lavendel", "count": 1}, {"id": 299, "name": "Orangenbl\u00fcte", "count": 1}, {"id": 250, "name": "Flieder", "count": 1}, {"id": 322, "name": "Parf\u00fcm", "count": 1}, {"id": 107, "name": "Zitronenbl\u00fcte", "count": 1}], "secondary_keywords": [{"id": 381, "name": "Bohnenkraut", "count": 5}]}, {"group": "red_fruit", "stats": {"count": 33, "score": 4200, "mentions_count": 42}, "primary_keywords": [{"id": 400, "name": "Erdbeere", "count": 18}, {"id": 348, "name": "Himbeere", "count": 9}, {"id": 93, "name": "Kirsche", "count": 5}, {"id": 440, "name": "Wassermelone", "count": 3}, {"id": 354, "name": "Rote Frucht", "count": 2}, {"id": 171, "name": "Frische Erdbeere", "count": 2}, {"id": 94, "name": "Cherry Cola", "count": 1}, {"id": 446, "name": "Wei\u00dfe Kirsche", "count": 1}, {"id": 352, "name": "Rote Kirsche", "count": 1}]}, {"group": "spices", "stats": {"count": 143, "score": 4329, "mentions_count": 39}, "primary_keywords": [{"id": 449, "name": "Weiter Pfeffer", "count": 7}, {"id": 161, "name": "Fenchel", "count": 6}, {"id": 320, "name": "Pfeffer", "count": 6}, {"id": 381, "name": "Bohnenkraut", "count": 5}, {"id": 277, "name": "Minze", "count": 4}, {"id": 286, "name": "Moschus", "count": 1}, {"id": 148, "name": "Getrocknete Gew\u00fcrze", "count": 1}, {"id": 200, "name": "Gr\u00fcne Gew\u00fcrze", "count": 1}, {"id": 232, "name": "Wacholder", "count": 1}, {"id": 416, "name": "Thymian", "count": 1}, {"id": 105, "name": "Zimt", "count": 1}, {"id": 245, "name": "Zitronengras", "count": 1}, {"id": 375, "name": "Salbei", "count": 1}, {"id": 7, "name": "Anis", "count": 1}, {"id": 159, "name": "Eukalyptus", "count": 1}, {"id": 249, "name": "Lakritze", "count": 1}], "secondary_keywords": [{"id": 434, "name": "Vanille", "count": 117}, {"id": 138, "name": "Dill", "count": 3}, {"id": 181, "name": "Ingwer", "count": 2}, {"id": 290, "name": "Muskat", "count": 1}]}, {"group": "dried_fruit", "stats": {"count": 4, "score": 382, "mentions_count": 4}, "primary_keywords": [{"id": 163, "name": "Feige", "count": 2}, {"id": 347, "name": "Rosine", "count": 1}, {"id": 147, "name": "Trockenfrucht", "count": 1}]}, {"group": "black_fruit", "stats": {"count": 3, "score": 300, "mentions_count": 3}, "primary_keywords": [{"id": 334, "name": "Pflaume", "count": 2}, {"id": 49, "name": "Brombeere", "count": 1}]}]}, "vivino_id": "1287516"}