{"vintage": {"id": 167407303, "seo_name": "fr-pugibet-cabernet-noir-uv", "name": "Domaine Pugibet Cabernet Noir", "statistics": {"status": "BelowThreshold", "ratings_count": 1, "ratings_average": 0, "labels_count": 1, "reviews_count": 1}, "organic_certification_id": null, "certified_biodynamic": null, "image": {"location": "//images.vivino.com/labels/JXAzv1dEQzaQhv7JmKtieg.jpg", "variations": {"large": "//images.vivino.com/thumbs/JXAzv1dEQzaQhv7JmKtieg_375x500.jpg", "medium": "//images.vivino.com/thumbs/JXAzv1dEQzaQhv7JmKtieg_150x200.jpg", "medium_square": "//images.vivino.com/thumbs/JXAzv1dEQzaQhv7JmKtieg_150x150.jpg", "small_square": "//images.vivino.com/thumbs/JXAzv1dEQzaQhv7JmKtieg_80x80.jpg"}}, "wine": {"id": 9327701, "name": "Cabernet Noir", "seo_name": "cabernet-noir", "type_id": 1, "vintage_type": 0, "is_natural": false, "region": {"id": 3009, "name": "Vin de France", "name_en": "Vin de Table", "seo_name": "vin-de-pays-vignobles-de-france", "country": {"code": "fr", "name": "France", "native_name": "France", "seo_name": "france", "currency": {"code": "EUR", "name": "Euros", "prefix": "\u20ac", "suffix": null}, "regions_count": 1292, "users_count": 5068363, "wines_count": 542471, "wineries_count": 67002, "most_used_grapes": [{"id": 14, "name": "Pinot Noir", "seo_name": "pinot-noir", "has_detailed_info": true, "wines_count": 572334}, {"id": 10, "name": "Merlot", "seo_name": "merlot", "has_detailed_info": true, "wines_count": 566719}, {"id": 5, "name": "Chardonnay", "seo_name": "chardonnay", "has_detailed_info": true, "wines_count": 604208}]}, "parent_id": null, "background_image": {"location": "//images.vivino.com/regions/backgrounds/50RQyI8kSxCUxXanviGV9g.jpg", "variations": {"large": "//thumbs.vivino.com/region_backgrounds/50RQyI8kSxCUxXanviGV9g_1280x760.jpg", "medium": "//thumbs.vivino.com/region_backgrounds/50RQyI8kSxCUxXanviGV9g_600x356.jpg"}}, "class": {"typecast_map": {"background_image": {}, "class": {}}}, "statistics": {"wineries_count": 1844, "wines_count": 19552, "sub_regions_count": 0, "parent_regions_count": 0}}, "review_status": 2, "winery": {"id": 62825, "name": "Domaine Pugibet", "seo_name": "fr-pugibet", "status": 0, "review_status": "Completed", "background_image": null, "statistics": {"ratings_count": 272, "ratings_average": 3.6, "labels_count": 1844, "wines_count": 10}, "region": {"id": 3003, "name": "Pays d'Oc", "name_en": "Sud de France", "seo_name": "vin-de-pays-doc", "country": {"code": "fr", "name": "France", "native_name": "France", "seo_name": "france", "currency": {"code": "EUR", "name": "Euros", "prefix": "\u20ac", "suffix": null}, "regions_count": 1292, "users_count": 5068363, "wines_count": 542471, "wineries_count": 67002, "most_used_grapes": [{"id": 14, "name": "Pinot Noir", "seo_name": "pinot-noir", "has_detailed_info": true, "wines_count": 572334}, {"id": 10, "name": "Merlot", "seo_name": "merlot", "has_detailed_info": true, "wines_count": 566719}, {"id": 5, "name": "Chardonnay", "seo_name": "chardonnay", "has_detailed_info": true, "wines_count": 604208}]}, "parent_id": 986, "background_image": {"location": "//images.vivino.com/regions/backgrounds/hBYxUIfHQnmqI_QhKoYxxA.jpg", "variations": {"large": "//thumbs.vivino.com/region_backgrounds/hBYxUIfHQnmqI_QhKoYxxA_1280x760.jpg", "medium": "//thumbs.vivino.com/region_backgrounds/hBYxUIfHQnmqI_QhKoYxxA_600x356.jpg"}}, "class": {"typecast_map": {"background_image": {}, "class": {}}}, "statistics": {"wineries_count": 2122, "wines_count": 25255, "sub_regions_count": 24, "parent_regions_count": 1}}, "business_name": "Domaine Pugibet", "description": "", "specialists_notes": "", "phone": "", "email": "", "facebook": "", "instagram": "", "is_claimed": false, "twitter": "", "website": "", "winemaker": null, "wine_maker": null, "address": {"title": null, "name": null, "street": null, "street2": null, "neighborhood": null, "city": null, "zip": null, "state": null, "country": {"code": "fr", "name": "France", "native_name": "France", "seo_name": "france", "currency": {"code": "EUR", "name": "Euros", "prefix": "\u20ac", "suffix": null}, "regions_count": 1292, "users_count": 5068363, "wines_count": 542471, "wineries_count": 67002, "most_used_grapes": [{"id": 14, "name": "Pinot Noir", "seo_name": "pinot-noir", "has_detailed_info": true, "wines_count": 572334}, {"id": 10, "name": "Merlot", "seo_name": "merlot", "has_detailed_info": true, "wines_count": 566719}, {"id": 5, "name": "Chardonnay", "seo_name": "chardonnay", "has_detailed_info": true, "wines_count": 604208}]}, "company": null, "phone": null, "external_id": null, "residential": null, "vat_number": null, "vat_code": null, "addition": null}, "image": null, "location": null, "winery_group": null, "first_wines": [], "sponsored_entity_type": null, "sponsored_entity": null}, "statistics": {"status": "BelowThreshold", "ratings_count": 1, "ratings_average": 0, "labels_count": 1, "vintages_count": 2}, "rank": {"country": {"description": "Rank within France", "total": 317729, "rank": 252973}, "region": {"description": "Rank within Wine Region", "total": 9065, "rank": 6309}, "winery": {"description": "Rank within Winery", "total": 10, "rank": 6}, "wine_type": {"description": "Rank within all Red Wine", "total": 659139, "rank": 509557}, "global": {"description": "Global Rank", "total": 1302082, "rank": 1000366}}, "hidden": false, "vintages": [{"id": 167391174, "seo_name": "fr-pugibet-cabernet-noir-2019", "name": "Domaine Pugibet Cabernet Noir 2019", "statistics": {"status": "BelowThreshold", "ratings_count": 1, "ratings_average": 0, "labels_count": 1, "reviews_count": 1}, "year": 2019, "grapes": null, "has_valid_ratings": false}, {"id": 167407303, "seo_name": "fr-pugibet-cabernet-noir-uv", "name": "Domaine Pugibet Cabernet Noir", "statistics": {"status": "BelowThreshold", "ratings_count": 1, "ratings_average": 0, "labels_count": 1, "reviews_count": 1}, "year": 0, "grapes": null, "has_valid_ratings": false}], "description": "", "grapes": [{"id": 2, "name": "Cabernet Sauvignon", "seo_name": "cabernet-sauvignon", "has_detailed_info": true, "wines_count": 801751}], "foods": [{"id": 4, "name": "Beef", "background_image": {"location": "//images.vivino.com/backgrounds/foods/4_beef.png", "variations": {"small": "//images.vivino.com/backgrounds/foods/thumbs/4_beef_932x810.png"}}, "seo_name": "beef"}, {"id": 8, "name": "Lamb", "background_image": {"location": "//images.vivino.com/backgrounds/foods/8_lamb.png", "variations": {"small": "//images.vivino.com/backgrounds/foods/thumbs/8_lamb_932x810.png"}}, "seo_name": "lamb"}, {"id": 15, "name": "Spicy food", "background_image": {"location": "//images.vivino.com/backgrounds/foods/15_spicyfood.png", "variations": {"small": "//images.vivino.com/backgrounds/foods/thumbs/15_spicyfood_932x810.png"}}, "seo_name": "spicy-food"}, {"id": 20, "name": "Poultry", "background_image": {"location": "//images.vivino.com/backgrounds/foods/20_chicken.png", "variations": {"small": "//images.vivino.com/backgrounds/foods/thumbs/20_chicken_932x810.png"}}, "seo_name": "poultry"}], "non_vintage": false, "alcohol": 0, "sweetness_id": null, "closure": null, "vintage_mask_raw": null, "updated_at": "2021-02-11T08:31:12Z", "created_at": "2021-02-09T06:27:29Z", "is_first_wine": false, "style": null, "has_valid_ratings": false}, "description": "", "wine_critic_reviews": [], "awards": [], "ratings_distribution": {"1": 0, "2": 0, "3": 0, "4": 1, "5": 0}, "ranking": {"country": {"description": "Rank within France", "total": 2497636, "rank": 1564124}, "region": {"description": "Rank within Wine Region", "total": 57225, "rank": 35436}, "winery": {"description": "Rank within Winery", "total": 53, "rank": 32}, "global": {"description": "Global Rank", "total": 8944745, "rank": 5533448}}, "wine_facts": {}, "winemaker": null, "wine_maker": null, "grape_composition": {}, "year": "", "grapes": null, "has_valid_ratings": false}, "carts": null, "full_region": null, "tastes": null, "wine": {"id": 9327701, "name": "Cabernet Noir", "seo_name": "cabernet-noir", "type_id": 1, "vintage_type": 0, "is_natural": false, "region": {"id": 3009, "name": "Vin de France", "name_en": "Vin de Table", "seo_name": "vin-de-pays-vignobles-de-france", "country": {"code": "fr", "name": "France", "native_name": "France", "seo_name": "france", "currency": {"code": "EUR", "name": "Euros", "prefix": "\u20ac", "suffix": null}, "regions_count": 1292, "users_count": 5068363, "wines_count": 542471, "wineries_count": 67002, "most_used_grapes": [{"id": 14, "name": "Pinot Noir", "seo_name": "pinot-noir", "has_detailed_info": true, "wines_count": 572334}, {"id": 10, "name": "Merlot", "seo_name": "merlot", "has_detailed_info": true, "wines_count": 566719}, {"id": 5, "name": "Chardonnay", "seo_name": "chardonnay", "has_detailed_info": true, "wines_count": 604208}]}, "parent_id": null, "background_image": {"location": "//images.vivino.com/regions/backgrounds/50RQyI8kSxCUxXanviGV9g.jpg", "variations": {"large": "//thumbs.vivino.com/region_backgrounds/50RQyI8kSxCUxXanviGV9g_1280x760.jpg", "medium": "//thumbs.vivino.com/region_backgrounds/50RQyI8kSxCUxXanviGV9g_600x356.jpg"}}, "class": {"typecast_map": {"background_image": {}, "class": {}}}, "statistics": {"wineries_count": 1844, "wines_count": 19552, "sub_regions_count": 0, "parent_regions_count": 0}}, "review_status": 2, "winery": {"id": 62825, "name": "Domaine Pugibet", "seo_name": "fr-pugibet", "status": 0, "review_status": "Completed", "background_image": null, "statistics": {"ratings_count": 272, "ratings_average": 3.6, "labels_count": 1844, "wines_count": 10}, "region": {"id": 3003, "name": "Pays d'Oc", "name_en": "Sud de France", "seo_name": "vin-de-pays-doc", "country": {"code": "fr", "name": "France", "native_name": "France", "seo_name": "france", "currency": {"code": "EUR", "name": "Euros", "prefix": "\u20ac", "suffix": null}, "regions_count": 1292, "users_count": 5068363, "wines_count": 542471, "wineries_count": 67002, "most_used_grapes": [{"id": 14, "name": "Pinot Noir", "seo_name": "pinot-noir", "has_detailed_info": true, "wines_count": 572334}, {"id": 10, "name": "Merlot", "seo_name": "merlot", "has_detailed_info": true, "wines_count": 566719}, {"id": 5, "name": "Chardonnay", "seo_name": "chardonnay", "has_detailed_info": true, "wines_count": 604208}]}, "parent_id": 986, "background_image": {"location": "//images.vivino.com/regions/backgrounds/hBYxUIfHQnmqI_QhKoYxxA.jpg", "variations": {"large": "//thumbs.vivino.com/region_backgrounds/hBYxUIfHQnmqI_QhKoYxxA_1280x760.jpg", "medium": "//thumbs.vivino.com/region_backgrounds/hBYxUIfHQnmqI_QhKoYxxA_600x356.jpg"}}, "class": {"typecast_map": {"background_image": {}, "class": {}}}, "statistics": {"wineries_count": 2122, "wines_count": 25255, "sub_regions_count": 24, "parent_regions_count": 1}}}, "image": {"location": "//images.vivino.com/labels/JXAzv1dEQzaQhv7JmKtieg.jpg", "variations": {"large": "//images.vivino.com/thumbs/JXAzv1dEQzaQhv7JmKtieg_375x500.jpg", "medium": "//images.vivino.com/thumbs/JXAzv1dEQzaQhv7JmKtieg_150x200.jpg", "medium_square": "//images.vivino.com/thumbs/JXAzv1dEQzaQhv7JmKtieg_150x150.jpg", "small_square": "//images.vivino.com/thumbs/JXAzv1dEQzaQhv7JmKtieg_80x80.jpg"}}, "statistics": {"status": "BelowThreshold", "ratings_count": 1, "ratings_average": 0, "labels_count": 1, "vintages_count": 2}, "rank": null, "hidden": false, "vintages": [{"id": 167391174, "seo_name": "fr-pugibet-cabernet-noir-2019", "name": "Domaine Pugibet Cabernet Noir 2019", "statistics": {"status": "BelowThreshold", "ratings_count": 1, "ratings_average": 0, "labels_count": 1, "reviews_count": 1}, "year": 2019, "grapes": null, "has_valid_ratings": false}, {"id": 167433414, "seo_name": "fr-pugibet-cabernet-noir-2017", "name": "Domaine Pugibet Cabernet Noir 2017", "statistics": {"status": "BelowThreshold", "ratings_count": 0, "ratings_average": 0, "labels_count": 0, "reviews_count": 0}, "year": 2017, "grapes": null, "has_valid_ratings": false}, {"id": 167407303, "seo_name": "fr-pugibet-cabernet-noir-uv", "name": "Domaine Pugibet Cabernet Noir", "statistics": {"status": "BelowThreshold", "ratings_count": 1, "ratings_average": 0, "labels_count": 1, "reviews_count": 1}, "year": 0, "grapes": null, "has_valid_ratings": false}], "description": "", "grapes": [{"id": 2, "name": "Cabernet Sauvignon", "seo_name": "cabernet-sauvignon", "has_detailed_info": true, "wines_count": 801751}], "foods": [{"id": 4, "name": "Beef", "background_image": {"location": "//images.vivino.com/backgrounds/foods/4_beef.png", "variations": {"small": "//images.vivino.com/backgrounds/foods/thumbs/4_beef_932x810.png"}}, "seo_name": "beef"}, {"id": 8, "name": "Lamb", "background_image": {"location": "//images.vivino.com/backgrounds/foods/8_lamb.png", "variations": {"small": "//images.vivino.com/backgrounds/foods/thumbs/8_lamb_932x810.png"}}, "seo_name": "lamb"}, {"id": 15, "name": "Spicy food", "background_image": {"location": "//images.vivino.com/backgrounds/foods/15_spicyfood.png", "variations": {"small": "//images.vivino.com/backgrounds/foods/thumbs/15_spicyfood_932x810.png"}}, "seo_name": "spicy-food"}, {"id": 20, "name": "Poultry", "background_image": {"location": "//images.vivino.com/backgrounds/foods/20_chicken.png", "variations": {"small": "//images.vivino.com/backgrounds/foods/thumbs/20_chicken_932x810.png"}}, "seo_name": "poultry"}], "non_vintage": false, "alcohol": 0, "sweetness_id": null, "closure": null, "vintage_mask_raw": null, "updated_at": "2021-02-11T08:31:12Z", "created_at": "2021-02-09T06:27:29Z", "is_first_wine": false, "style": null, "has_valid_ratings": false}, "highlights": [], "recommended_vintages": [], "prices_and_availabilities": [], "price_range": {"currency": {"code": "EUR", "name": "Euros", "prefix": "\u20ac", "suffix": null}, "price_range": {"minimum": 0, "maximum": 500, "currency_code": "EUR"}, "defaults": {"minimum": 7, "maximum": 30, "currency_code": "EUR"}}, "subtotal_price": null}