{"tastes": {"structure": {"acidity": 3.2292085, "fizziness": null, "intensity": 3.6135252, "sweetness": 1.8030217, "tannin": 3.2238128, "user_structure_count": 6, "calculated_structure_count": 5}, "flavor": [{"group": "black_fruit", "stats": {"count": 1, "score": 200, "mentions_count": 2}, "primary_keywords": [{"id": 49, "name": "blackberry", "count": 1}, {"id": 135, "name": "dark fruit", "count": 1}]}, {"group": "oak", "stats": {"count": 1, "score": 85, "mentions_count": 1}, "primary_keywords": [{"id": 434, "name": "vanilla", "count": 1}]}, {"group": "spices", "stats": {"count": 1, "score": 6, "mentions_count": 0}, "secondary_keywords": [{"id": 434, "name": "vanilla", "count": 1}]}, {"group": "non_oak", "stats": {"count": 1, "score": 9, "mentions_count": 0}, "secondary_keywords": [{"id": 434, "name": "vanilla", "count": 1}]}]}, "vivino_id": "1532024"}