{"vintage": {"id": 2969896, "seo_name": "domaine-sainte-anne-les-mourillons-saint-gervais-cotes-du-rhone-villages-uv", "name": "Domaine Sainte-Anne Les Mourillons C\u00f4tes-du-Rh\u00f4ne-Villages 'Saint-Gervais'", "statistics": {"status": "Normal", "ratings_count": 168, "ratings_average": 3.8, "labels_count": 82, "reviews_count": 2}, "organic_certification_id": null, "certified_biodynamic": null, "image": {"location": "//images.vivino.com/labels/6HUFaFrqQPydyMB3padjnw.jpg", "variations": {"large": "//images.vivino.com/thumbs/6HUFaFrqQPydyMB3padjnw_375x500.jpg", "medium": "//images.vivino.com/thumbs/6HUFaFrqQPydyMB3padjnw_150x200.jpg", "medium_square": "//images.vivino.com/thumbs/6HUFaFrqQPydyMB3padjnw_150x150.jpg", "small_square": "//images.vivino.com/thumbs/6HUFaFrqQPydyMB3padjnw_80x80.jpg"}}, "wine": {"id": 1532024, "name": "Les Mourillons C\u00f4tes-du-Rh\u00f4ne-Villages 'Saint-Gervais'", "seo_name": "les-mourillons-saint-gervais-cotes-du-rhone-villages", "type_id": 1, "vintage_type": 0, "is_natural": false, "region": {"id": 2402, "name": "C\u00f4tes-du-Rh\u00f4ne-Villages", "name_en": "", "seo_name": "cotes-de-rhone-villages", "country": {"code": "fr", "name": "France", "native_name": "France", "seo_name": "france", "currency": {"code": "EUR", "name": "Euros", "prefix": "\u20ac", "suffix": null}, "regions_count": 1292, "users_count": 5068363, "wines_count": 542471, "wineries_count": 67002, "most_used_grapes": [{"id": 14, "name": "Pinot Noir", "seo_name": "pinot-noir", "has_detailed_info": true, "wines_count": 572334}, {"id": 10, "name": "Merlot", "seo_name": "merlot", "has_detailed_info": true, "wines_count": 566719}, {"id": 5, "name": "Chardonnay", "seo_name": "chardonnay", "has_detailed_info": true, "wines_count": 604208}]}, "parent_id": 429, "background_image": {"location": "//images.vivino.com/regions/backgrounds/co_J6DtHQKyjMyCp1M_k1g.jpg", "variations": {"large": "//thumbs.vivino.com/region_backgrounds/co_J6DtHQKyjMyCp1M_k1g_1280x760.jpg", "medium": "//thumbs.vivino.com/region_backgrounds/co_J6DtHQKyjMyCp1M_k1g_600x356.jpg"}}, "class": {"typecast_map": {"background_image": {}, "class": {}}}, "statistics": {"wineries_count": 160, "wines_count": 3035, "sub_regions_count": 16, "parent_regions_count": 3}}, "review_status": 2, "winery": {"id": 4224, "name": "Domaine Sainte-Anne", "seo_name": "domaine-sainte-anne", "status": 0, "review_status": "Completed", "background_image": null, "statistics": {"ratings_count": 2529, "ratings_average": 3.7, "labels_count": 21421, "wines_count": 10}, "region": {"id": 400, "name": "Rhone Valley", "name_en": "Vall\u00e9e du Rh\u00f4ne", "seo_name": "rhone", "country": {"code": "fr", "name": "France", "native_name": "France", "seo_name": "france", "currency": {"code": "EUR", "name": "Euros", "prefix": "\u20ac", "suffix": null}, "regions_count": 1292, "users_count": 5068363, "wines_count": 542471, "wineries_count": 67002, "most_used_grapes": [{"id": 14, "name": "Pinot Noir", "seo_name": "pinot-noir", "has_detailed_info": true, "wines_count": 572334}, {"id": 10, "name": "Merlot", "seo_name": "merlot", "has_detailed_info": true, "wines_count": 566719}, {"id": 5, "name": "Chardonnay", "seo_name": "chardonnay", "has_detailed_info": true, "wines_count": 604208}]}, "parent_id": null, "background_image": {"location": "//images.vivino.com/regions/backgrounds/gieiDQIjTzGjHHkk2se1Ew.jpg", "variations": {"large": "//thumbs.vivino.com/region_backgrounds/gieiDQIjTzGjHHkk2se1Ew_1280x760.jpg", "medium": "//thumbs.vivino.com/region_backgrounds/gieiDQIjTzGjHHkk2se1Ew_600x356.jpg"}}, "statistics": {"wineries_count": 2579, "wines_count": 3936, "sub_regions_count": 5, "parent_regions_count": 0}}, "business_name": "Domaine Sainte-Anne", "description": "", "specialists_notes": "", "phone": "33 03 86 94 10 16", "email": "info@domainesainteanne.com", "facebook": "", "instagram": "", "is_claimed": false, "twitter": "", "website": "http://www.chateauneuf.dk", "winemaker": null, "wine_maker": null, "address": {"title": null, "name": null, "street": "Venoy", "street2": null, "neighborhood": null, "city": "Venoy", "zip": "89290", "state": null, "country": {"code": "fr", "name": "France", "native_name": "France", "seo_name": "france", "currency": {"code": "EUR", "name": "Euros", "prefix": "\u20ac", "suffix": null}, "regions_count": 1292, "users_count": 5068363, "wines_count": 542471, "wineries_count": 67002, "most_used_grapes": [{"id": 14, "name": "Pinot Noir", "seo_name": "pinot-noir", "has_detailed_info": true, "wines_count": 572334}, {"id": 10, "name": "Merlot", "seo_name": "merlot", "has_detailed_info": true, "wines_count": 566719}, {"id": 5, "name": "Chardonnay", "seo_name": "chardonnay", "has_detailed_info": true, "wines_count": 604208}]}, "company": null, "phone": null, "external_id": null, "residential": null, "vat_number": null, "vat_code": null, "addition": null}, "image": null, "location": {"latitude": 47.748665, "longitude": 3.638842}, "winery_group": null, "first_wines": [], "sponsored_entity_type": null, "sponsored_entity": null}, "statistics": {"status": "Normal", "ratings_count": 168, "ratings_average": 3.8, "labels_count": 1369, "vintages_count": 32}, "rank": {"country": {"description": "Rank within France", "total": 317724, "rank": 42107}, "region": {"description": "Rank within Wine Region", "total": 28428, "rank": 4661}, "winery": {"description": "Rank within Winery", "total": 9, "rank": 5}, "wine_type": {"description": "Rank within all Red Wine", "total": 659136, "rank": 93914}, "global": {"description": "Global Rank", "total": 1302076, "rank": 155766}}, "hidden": false, "vintages": [{"id": 165718902, "seo_name": "domaine-sainte-anne-les-mourillons-saint-gervais-cotes-du-rhone-villages-2020", "name": "Domaine Sainte-Anne Les Mourillons C\u00f4tes-du-Rh\u00f4ne-Villages 'Saint-Gervais' 2020", "statistics": {"status": "BelowThreshold", "ratings_count": 2, "ratings_average": 0, "labels_count": 7, "reviews_count": 0}, "year": 2020, "grapes": null, "has_valid_ratings": false}, {"id": 165877602, "seo_name": "domaine-sainte-anne-les-mourillons-saint-gervais-cotes-du-rhone-villages-2019", "name": "Domaine Sainte-Anne Les Mourillons C\u00f4tes-du-Rh\u00f4ne-Villages 'Saint-Gervais' 2019", "statistics": {"status": "BelowThreshold", "ratings_count": 4, "ratings_average": 0, "labels_count": 16, "reviews_count": 1}, "year": 2019, "grapes": null, "has_valid_ratings": false}, {"id": 161324098, "seo_name": "domaine-sainte-anne-les-mourillons-saint-gervais-cotes-du-rhone-villages-2018", "name": "Domaine Sainte-Anne Les Mourillons C\u00f4tes-du-Rh\u00f4ne-Villages 'Saint-Gervais' 2018", "statistics": {"status": "BelowThreshold", "ratings_count": 2, "ratings_average": 0, "labels_count": 20, "reviews_count": 0}, "year": 2018, "grapes": null, "has_valid_ratings": false}, {"id": 158077433, "seo_name": "domaine-sainte-anne-les-mourillons-saint-gervais-cotes-du-rhone-villages-2017", "name": "Domaine Sainte-Anne Les Mourillons C\u00f4tes-du-Rh\u00f4ne-Villages 'Saint-Gervais' 2017", "statistics": {"status": "Normal", "ratings_count": 13, "ratings_average": 3.7, "labels_count": 86, "reviews_count": 7}, "year": 2017, "grapes": null, "has_valid_ratings": true}, {"id": 156471571, "seo_name": "domaine-sainte-anne-les-mourillons-saint-gervais-cotes-du-rhone-villages-2016", "name": "Domaine Sainte-Anne Les Mourillons C\u00f4tes-du-Rh\u00f4ne-Villages 'Saint-Gervais' 2016", "statistics": {"status": "BelowThreshold", "ratings_count": 4, "ratings_average": 0, "labels_count": 52, "reviews_count": 0}, "year": 2016, "grapes": null, "has_valid_ratings": false}, {"id": 148852307, "seo_name": "domaine-sainte-anne-les-mourillons-saint-gervais-cotes-du-rhone-villages-2015", "name": "Domaine Sainte-Anne Les Mourillons C\u00f4tes-du-Rh\u00f4ne-Villages 'Saint-Gervais' 2015", "statistics": {"status": "Normal", "ratings_count": 25, "ratings_average": 3.7, "labels_count": 214, "reviews_count": 6}, "year": 2015, "grapes": null, "has_valid_ratings": true}, {"id": 95896961, "seo_name": "domaine-sainte-anne-les-mourillons-saint-gervais-cotes-du-rhone-villages-2014", "name": "Domaine Sainte-Anne Les Mourillons C\u00f4tes-du-Rh\u00f4ne-Villages 'Saint-Gervais' 2014", "statistics": {"status": "BelowThreshold", "ratings_count": 1, "ratings_average": 0, "labels_count": 7, "reviews_count": 1}, "year": 2014, "grapes": null, "has_valid_ratings": false}, {"id": 8692968, "seo_name": "domaine-sainte-anne-les-mourillons-saint-gervais-cotes-du-rhone-villages-2013", "name": "Domaine Sainte-Anne Les Mourillons C\u00f4tes-du-Rh\u00f4ne-Villages 'Saint-Gervais' 2013", "statistics": {"status": "BelowThreshold", "ratings_count": 6, "ratings_average": 0, "labels_count": 36, "reviews_count": 1}, "year": 2013, "grapes": null, "has_valid_ratings": false}, {"id": 4553394, "seo_name": "domaine-sainte-anne-les-mourillons-saint-gervais-cotes-du-rhone-villages-2012", "name": "Domaine Sainte-Anne Les Mourillons C\u00f4tes-du-Rh\u00f4ne-Villages 'Saint-Gervais' 2012", "statistics": {"status": "Normal", "ratings_count": 17, "ratings_average": 3.4, "labels_count": 103, "reviews_count": 9}, "year": 2012, "grapes": null, "has_valid_ratings": true}, {"id": 3248310, "seo_name": "domaine-sainte-anne-les-mourillons-saint-gervais-cotes-du-rhone-villages-2011", "name": "Domaine Sainte-Anne Les Mourillons C\u00f4tes-du-Rh\u00f4ne-Villages 'Saint-Gervais' 2011", "statistics": {"status": "Normal", "ratings_count": 30, "ratings_average": 4.1, "labels_count": 329, "reviews_count": 8}, "year": 2011, "grapes": null, "has_valid_ratings": true}, {"id": 3698144, "seo_name": "domaine-sainte-anne-les-mourillons-saint-gervais-cotes-du-rhone-villages-2010", "name": "Domaine Sainte-Anne Les Mourillons C\u00f4tes-du-Rh\u00f4ne-Villages 'Saint-Gervais' 2010", "statistics": {"status": "Normal", "ratings_count": 10, "ratings_average": 3.9, "labels_count": 36, "reviews_count": 3}, "year": 2010, "grapes": null, "has_valid_ratings": true}, {"id": 3377941, "seo_name": "domaine-sainte-anne-les-mourillons-saint-gervais-cotes-du-rhone-villages-2009", "name": "Domaine Sainte-Anne Les Mourillons C\u00f4tes-du-Rh\u00f4ne-Villages 'Saint-Gervais' 2009", "statistics": {"status": "Normal", "ratings_count": 11, "ratings_average": 3.9, "labels_count": 33, "reviews_count": 4}, "year": 2009, "grapes": null, "has_valid_ratings": true}, {"id": 2190634, "seo_name": "domaine-sainte-anne-les-mourillons-saint-gervais-cotes-du-rhone-villages-2008", "name": "Domaine Sainte-Anne Les Mourillons C\u00f4tes-du-Rh\u00f4ne-Villages 'Saint-Gervais' 2008", "statistics": {"status": "BelowThreshold", "ratings_count": 6, "ratings_average": 0, "labels_count": 69, "reviews_count": 1}, "year": 2008, "grapes": null, "has_valid_ratings": false}, {"id": 3617814, "seo_name": "domaine-sainte-anne-les-mourillons-saint-gervais-cotes-du-rhone-villages-2007", "name": "Domaine Sainte-Anne Les Mourillons C\u00f4tes-du-Rh\u00f4ne-Villages 'Saint-Gervais' 2007", "statistics": {"status": "BelowThreshold", "ratings_count": 4, "ratings_average": 0, "labels_count": 17, "reviews_count": 1}, "year": 2007, "grapes": null, "has_valid_ratings": false}, {"id": 6100402, "seo_name": "domaine-sainte-anne-les-mourillons-saint-gervais-cotes-du-rhone-villages-2006", "name": "Domaine Sainte-Anne Les Mourillons C\u00f4tes-du-Rh\u00f4ne-Villages 'Saint-Gervais' 2006", "statistics": {"status": "BelowThreshold", "ratings_count": 8, "ratings_average": 0, "labels_count": 40, "reviews_count": 3}, "year": 2006, "grapes": null, "has_valid_ratings": false}, {"id": 3932577, "seo_name": "domaine-sainte-anne-les-mourillons-saint-gervais-cotes-du-rhone-villages-2005", "name": "Domaine Sainte-Anne Les Mourillons C\u00f4tes-du-Rh\u00f4ne-Villages 'Saint-Gervais' 2005", "statistics": {"status": "Normal", "ratings_count": 10, "ratings_average": 4.2, "labels_count": 126, "reviews_count": 2}, "year": 2005, "grapes": null, "has_valid_ratings": true}, {"id": 6462743, "seo_name": "domaine-sainte-anne-les-mourillons-saint-gervais-cotes-du-rhone-villages-2004", "name": "Domaine Sainte-Anne Les Mourillons C\u00f4tes-du-Rh\u00f4ne-Villages 'Saint-Gervais' 2004", "statistics": {"status": "BelowThreshold", "ratings_count": 3, "ratings_average": 0, "labels_count": 7, "reviews_count": 2}, "year": 2004, "grapes": null, "has_valid_ratings": false}, {"id": 8180756, "seo_name": "domaine-sainte-anne-les-mourillons-saint-gervais-cotes-du-rhone-villages-2001", "name": "Domaine Sainte-Anne Les Mourillons C\u00f4tes-du-Rh\u00f4ne-Villages 'Saint-Gervais' 2001", "statistics": {"status": "BelowThreshold", "ratings_count": 2, "ratings_average": 0, "labels_count": 10, "reviews_count": 1}, "year": 2001, "grapes": null, "has_valid_ratings": false}, {"id": 5157907, "seo_name": "domaine-sainte-anne-les-mourillons-saint-gervais-cotes-du-rhone-villages-1999", "name": "Domaine Sainte-Anne Les Mourillons C\u00f4tes-du-Rh\u00f4ne-Villages 'Saint-Gervais' 1999", "statistics": {"status": "BelowThreshold", "ratings_count": 2, "ratings_average": 0, "labels_count": 3, "reviews_count": 2}, "year": 1999, "grapes": null, "has_valid_ratings": false}, {"id": 26563597, "seo_name": "domaine-sainte-anne-les-mourillons-saint-gervais-cotes-du-rhone-villages-1989", "name": "Domaine Sainte-Anne Les Mourillons C\u00f4tes-du-Rh\u00f4ne-Villages 'Saint-Gervais' 1989", "statistics": {"status": "BelowThreshold", "ratings_count": 1, "ratings_average": 0, "labels_count": 1, "reviews_count": 1}, "year": 1989, "grapes": null, "has_valid_ratings": false}, {"id": 2969896, "seo_name": "domaine-sainte-anne-les-mourillons-saint-gervais-cotes-du-rhone-villages-uv", "name": "Domaine Sainte-Anne Les Mourillons C\u00f4tes-du-Rh\u00f4ne-Villages 'Saint-Gervais'", "statistics": {"status": "Normal", "ratings_count": 168, "ratings_average": 3.8, "labels_count": 82, "reviews_count": 2}, "year": 0, "grapes": null, "has_valid_ratings": true}], "description": "", "grapes": [], "foods": [{"id": 4, "name": "Beef", "background_image": {"location": "//images.vivino.com/backgrounds/foods/4_beef.png", "variations": {"small": "//images.vivino.com/backgrounds/foods/thumbs/4_beef_932x810.png"}}, "seo_name": "beef"}, {"id": 8, "name": "Lamb", "background_image": {"location": "//images.vivino.com/backgrounds/foods/8_lamb.png", "variations": {"small": "//images.vivino.com/backgrounds/foods/thumbs/8_lamb_932x810.png"}}, "seo_name": "lamb"}, {"id": 11, "name": "Game (deer, venison)", "background_image": {"location": "//images.vivino.com/backgrounds/foods/11_venison.png", "variations": {"small": "//images.vivino.com/backgrounds/foods/thumbs/11_venison_932x810.png"}}, "seo_name": "game"}], "non_vintage": false, "alcohol": 0, "sweetness_id": null, "closure": null, "vintage_mask_raw": null, "updated_at": "2018-03-19T15:46:38Z", "created_at": "2013-04-01T07:10:07Z", "is_first_wine": false, "style": {"id": 212, "seo_name": "southern-rhone-red", "regional_name": "Southern Rh\u00f4ne", "varietal_name": "Red", "name": "Southern Rh\u00f4ne Red", "image": null, "background_image": {"location": "//images.vivino.com/backgrounds/styles/iekXcKsYTBSqdAUNejnP4g.jpg", "variations": {"small": "//images.vivino.com/backgrounds/styles/thumbs/iekXcKsYTBSqdAUNejnP4g_932x810.jpg"}}, "description": "The Southern Rh\u00f4ne is situated in a large, sprawling valley, shaped by the course of the Rh\u00f4ne River. A Mediterranean climate makes the Southern Rh\u00f4ne Valley one of the warmest wine growing regions in France.\n\nGrape varieties that thrive in the region are well-suited to the hot, humid summers, and Grenache, Syrah, and Mourv\u00e8dre are by far the most common plantings.\n\nThe vast majority of Rh\u00f4ne wines found on the market are labeled as C\u00f4tes du Rh\u00f4ne AOC (Appellation d'Origine Contr\u00f4l\u00e9e). Many are excellent and inexpensive, making them one of the most consumer-friendly French wines to explore. Stylistically, they are rich, easy-drinking wines with moderate tannins and alcohol levels that fall between 14-15%.\n\nCh\u00e2teauneuf-du-Pape is one of the better-known sub-regions of the Southern Rh\u00f4ne, and while the wines can be somewhat expensive, the quality is generally exceptional.\n\nGrenache is by far the predominant grape found in Ch\u00e2teauneuf-du-Pape blends, and lends jammy red and black fruit notes along with flavors of earth, leather and spice and dried herbs.\n\nThe Southern Rh\u00f4ne also produces white wines, though in much smaller portion, typically these are made from Marsanne, Roussanne and Viognier. Ros\u00e9 wines can be found as well and Tavel is famous for its vibrant, slightly spicy, salmon-hued ros\u00e9s.", "blurb": null, "interesting_facts": ["Stony vineyards are common throughout the Southern Rh\u00f4ne, particularly in Ch\u00e2teauneuf-du-Pape, where the vineyards are studded with large, round stones called \u201cgalets.\u201d", "Goblet or head-trained vines are also common in Southern Rh\u00f4ne, these look something like a gnarled, cupped hand, and the vines have no formal trellising system.", "GSM is a term used to describe red wine blends of Grenache, Syrah, and Mourv\u00e8dre.", "In Ch\u00e2teauneuf-du-Pape, Grenache is typically fermented and aged in concrete vats, rather than barrels. The wines of this region impart very little oak."], "body": 4, "body_description": "Full-bodied", "acidity": 3, "acidity_description": "High", "country": {"code": "fr", "name": "France", "native_name": "France", "seo_name": "france", "currency": {"code": "EUR", "name": "Euros", "prefix": "\u20ac", "suffix": null}, "regions_count": 1292, "users_count": 5068363, "wines_count": 542471, "wineries_count": 67002, "most_used_grapes": [{"id": 14, "name": "Pinot Noir", "seo_name": "pinot-noir", "has_detailed_info": true, "wines_count": 572334}, {"id": 10, "name": "Merlot", "seo_name": "merlot", "has_detailed_info": true, "wines_count": 566719}, {"id": 5, "name": "Chardonnay", "seo_name": "chardonnay", "has_detailed_info": true, "wines_count": 604208}]}, "wine_type_id": 1, "food": [{"id": 4, "name": "Beef", "background_image": {"location": "//images.vivino.com/backgrounds/foods/4_beef.png", "variations": {"small": "//images.vivino.com/backgrounds/foods/thumbs/4_beef_932x810.png"}}, "seo_name": "beef"}, {"id": 8, "name": "Lamb", "background_image": {"location": "//images.vivino.com/backgrounds/foods/8_lamb.png", "variations": {"small": "//images.vivino.com/backgrounds/foods/thumbs/8_lamb_932x810.png"}}, "seo_name": "lamb"}, {"id": 11, "name": "Game (deer, venison)", "background_image": {"location": "//images.vivino.com/backgrounds/foods/11_venison.png", "variations": {"small": "//images.vivino.com/backgrounds/foods/thumbs/11_venison_932x810.png"}}, "seo_name": "game"}], "grapes": [{"id": 1, "name": "Shiraz/Syrah", "seo_name": "shiraz-syrah", "has_detailed_info": true, "wines_count": 551112}, {"id": 8, "name": "Grenache", "seo_name": "grenache-noir", "has_detailed_info": true, "wines_count": 240002}, {"id": 22, "name": "Mourvedre", "seo_name": "mourvedre", "has_detailed_info": true, "wines_count": 101132}], "region": {"id": 400, "name": "Rhone Valley", "name_en": "Vall\u00e9e du Rh\u00f4ne", "seo_name": "rhone", "country": {"code": "fr", "name": "France", "native_name": "France", "seo_name": "france", "currency": {"code": "EUR", "name": "Euros", "prefix": "\u20ac", "suffix": null}, "regions_count": 1292, "users_count": 5068363, "wines_count": 542471, "wineries_count": 67002, "most_used_grapes": [{"id": 14, "name": "Pinot Noir", "seo_name": "pinot-noir", "has_detailed_info": true, "wines_count": 572334}, {"id": 10, "name": "Merlot", "seo_name": "merlot", "has_detailed_info": true, "wines_count": 566719}, {"id": 5, "name": "Chardonnay", "seo_name": "chardonnay", "has_detailed_info": true, "wines_count": 604208}]}, "parent_id": null, "background_image": {"location": "//images.vivino.com/regions/backgrounds/gieiDQIjTzGjHHkk2se1Ew.jpg", "variations": {"large": "//thumbs.vivino.com/region_backgrounds/gieiDQIjTzGjHHkk2se1Ew_1280x760.jpg", "medium": "//thumbs.vivino.com/region_backgrounds/gieiDQIjTzGjHHkk2se1Ew_600x356.jpg"}}, "statistics": {"wineries_count": 2579, "wines_count": 3936, "sub_regions_count": 5, "parent_regions_count": 0}}}, "has_valid_ratings": true}, "description": "", "wine_critic_reviews": [], "awards": [], "ratings_distribution": {"1": 3, "2": 7, "3": 44, "4": 96, "5": 18}, "ranking": {"country": {"description": "Rank within France", "total": 2497616, "rank": 183781}, "region": {"description": "Rank within Wine Region", "total": 234082, "rank": 20073}, "winery": {"description": "Rank within Winery", "total": 148, "rank": 4}, "global": {"description": "Global Rank", "total": 8944706, "rank": 674898}}, "wine_facts": {}, "winemaker": null, "wine_maker": null, "grape_composition": {}, "year": "", "grapes": null, "has_valid_ratings": true}, "carts": null, "full_region": null, "tastes": null, "wine": {"id": 1532024, "name": "Les Mourillons C\u00f4tes-du-Rh\u00f4ne-Villages 'Saint-Gervais'", "seo_name": "les-mourillons-saint-gervais-cotes-du-rhone-villages", "type_id": 1, "vintage_type": 0, "is_natural": false, "region": {"id": 2402, "name": "C\u00f4tes-du-Rh\u00f4ne-Villages", "name_en": "", "seo_name": "cotes-de-rhone-villages", "country": {"code": "fr", "name": "France", "native_name": "France", "seo_name": "france", "currency": {"code": "EUR", "name": "Euros", "prefix": "\u20ac", "suffix": null}, "regions_count": 1292, "users_count": 5068363, "wines_count": 542471, "wineries_count": 67002, "most_used_grapes": [{"id": 14, "name": "Pinot Noir", "seo_name": "pinot-noir", "has_detailed_info": true, "wines_count": 572334}, {"id": 10, "name": "Merlot", "seo_name": "merlot", "has_detailed_info": true, "wines_count": 566719}, {"id": 5, "name": "Chardonnay", "seo_name": "chardonnay", "has_detailed_info": true, "wines_count": 604208}]}, "parent_id": 429, "background_image": {"location": "//images.vivino.com/regions/backgrounds/co_J6DtHQKyjMyCp1M_k1g.jpg", "variations": {"large": "//thumbs.vivino.com/region_backgrounds/co_J6DtHQKyjMyCp1M_k1g_1280x760.jpg", "medium": "//thumbs.vivino.com/region_backgrounds/co_J6DtHQKyjMyCp1M_k1g_600x356.jpg"}}, "class": {"typecast_map": {"background_image": {}, "class": {}}}, "statistics": {"wineries_count": 160, "wines_count": 3035, "sub_regions_count": 16, "parent_regions_count": 3}}, "review_status": 2, "winery": {"id": 4224, "name": "Domaine Sainte-Anne", "seo_name": "domaine-sainte-anne", "status": 0, "review_status": "Completed", "background_image": null, "statistics": {"ratings_count": 2529, "ratings_average": 3.7, "labels_count": 21421, "wines_count": 10}, "region": {"id": 400, "name": "Rhone Valley", "name_en": "Vall\u00e9e du Rh\u00f4ne", "seo_name": "rhone", "country": {"code": "fr", "name": "France", "native_name": "France", "seo_name": "france", "currency": {"code": "EUR", "name": "Euros", "prefix": "\u20ac", "suffix": null}, "regions_count": 1292, "users_count": 5068363, "wines_count": 542471, "wineries_count": 67002, "most_used_grapes": [{"id": 14, "name": "Pinot Noir", "seo_name": "pinot-noir", "has_detailed_info": true, "wines_count": 572334}, {"id": 10, "name": "Merlot", "seo_name": "merlot", "has_detailed_info": true, "wines_count": 566719}, {"id": 5, "name": "Chardonnay", "seo_name": "chardonnay", "has_detailed_info": true, "wines_count": 604208}]}, "parent_id": null, "background_image": {"location": "//images.vivino.com/regions/backgrounds/gieiDQIjTzGjHHkk2se1Ew.jpg", "variations": {"large": "//thumbs.vivino.com/region_backgrounds/gieiDQIjTzGjHHkk2se1Ew_1280x760.jpg", "medium": "//thumbs.vivino.com/region_backgrounds/gieiDQIjTzGjHHkk2se1Ew_600x356.jpg"}}, "statistics": {"wineries_count": 2579, "wines_count": 3936, "sub_regions_count": 5, "parent_regions_count": 0}}}, "image": {"location": "//images.vivino.com/labels/6HUFaFrqQPydyMB3padjnw.jpg", "variations": {"large": "//images.vivino.com/thumbs/6HUFaFrqQPydyMB3padjnw_375x500.jpg", "medium": "//images.vivino.com/thumbs/6HUFaFrqQPydyMB3padjnw_150x200.jpg", "medium_square": "//images.vivino.com/thumbs/6HUFaFrqQPydyMB3padjnw_150x150.jpg", "small_square": "//images.vivino.com/thumbs/6HUFaFrqQPydyMB3padjnw_80x80.jpg"}}, "statistics": {"status": "Normal", "ratings_count": 168, "ratings_average": 3.8, "labels_count": 1369, "vintages_count": 32}, "rank": null, "hidden": false, "vintages": [{"id": 169806339, "seo_name": "domaine-sainte-anne-les-mourillons-saint-gervais-cotes-du-rhone-villages-2021", "name": "Domaine Sainte-Anne Les Mourillons C\u00f4tes-du-Rh\u00f4ne-Villages 'Saint-Gervais' 2021", "statistics": {"status": "BelowThreshold", "ratings_count": 0, "ratings_average": 0, "labels_count": 0, "reviews_count": 0}, "year": 2021, "grapes": null, "has_valid_ratings": false}, {"id": 165718902, "seo_name": "domaine-sainte-anne-les-mourillons-saint-gervais-cotes-du-rhone-villages-2020", "name": "Domaine Sainte-Anne Les Mourillons C\u00f4tes-du-Rh\u00f4ne-Villages 'Saint-Gervais' 2020", "statistics": {"status": "BelowThreshold", "ratings_count": 2, "ratings_average": 0, "labels_count": 7, "reviews_count": 0}, "year": 2020, "grapes": null, "has_valid_ratings": false}, {"id": 165877602, "seo_name": "domaine-sainte-anne-les-mourillons-saint-gervais-cotes-du-rhone-villages-2019", "name": "Domaine Sainte-Anne Les Mourillons C\u00f4tes-du-Rh\u00f4ne-Villages 'Saint-Gervais' 2019", "statistics": {"status": "BelowThreshold", "ratings_count": 4, "ratings_average": 0, "labels_count": 16, "reviews_count": 1}, "year": 2019, "grapes": null, "has_valid_ratings": false}, {"id": 161324098, "seo_name": "domaine-sainte-anne-les-mourillons-saint-gervais-cotes-du-rhone-villages-2018", "name": "Domaine Sainte-Anne Les Mourillons C\u00f4tes-du-Rh\u00f4ne-Villages 'Saint-Gervais' 2018", "statistics": {"status": "BelowThreshold", "ratings_count": 2, "ratings_average": 0, "labels_count": 20, "reviews_count": 0}, "year": 2018, "grapes": null, "has_valid_ratings": false}, {"id": 158077433, "seo_name": "domaine-sainte-anne-les-mourillons-saint-gervais-cotes-du-rhone-villages-2017", "name": "Domaine Sainte-Anne Les Mourillons C\u00f4tes-du-Rh\u00f4ne-Villages 'Saint-Gervais' 2017", "statistics": {"status": "Normal", "ratings_count": 13, "ratings_average": 3.7, "labels_count": 86, "reviews_count": 7}, "year": 2017, "grapes": null, "has_valid_ratings": true}, {"id": 156471571, "seo_name": "domaine-sainte-anne-les-mourillons-saint-gervais-cotes-du-rhone-villages-2016", "name": "Domaine Sainte-Anne Les Mourillons C\u00f4tes-du-Rh\u00f4ne-Villages 'Saint-Gervais' 2016", "statistics": {"status": "BelowThreshold", "ratings_count": 4, "ratings_average": 0, "labels_count": 52, "reviews_count": 0}, "year": 2016, "grapes": null, "has_valid_ratings": false}, {"id": 148852307, "seo_name": "domaine-sainte-anne-les-mourillons-saint-gervais-cotes-du-rhone-villages-2015", "name": "Domaine Sainte-Anne Les Mourillons C\u00f4tes-du-Rh\u00f4ne-Villages 'Saint-Gervais' 2015", "statistics": {"status": "Normal", "ratings_count": 25, "ratings_average": 3.7, "labels_count": 214, "reviews_count": 6}, "year": 2015, "grapes": null, "has_valid_ratings": true}, {"id": 95896961, "seo_name": "domaine-sainte-anne-les-mourillons-saint-gervais-cotes-du-rhone-villages-2014", "name": "Domaine Sainte-Anne Les Mourillons C\u00f4tes-du-Rh\u00f4ne-Villages 'Saint-Gervais' 2014", "statistics": {"status": "BelowThreshold", "ratings_count": 1, "ratings_average": 0, "labels_count": 7, "reviews_count": 1}, "year": 2014, "grapes": null, "has_valid_ratings": false}, {"id": 8692968, "seo_name": "domaine-sainte-anne-les-mourillons-saint-gervais-cotes-du-rhone-villages-2013", "name": "Domaine Sainte-Anne Les Mourillons C\u00f4tes-du-Rh\u00f4ne-Villages 'Saint-Gervais' 2013", "statistics": {"status": "BelowThreshold", "ratings_count": 6, "ratings_average": 0, "labels_count": 36, "reviews_count": 1}, "year": 2013, "grapes": null, "has_valid_ratings": false}, {"id": 4553394, "seo_name": "domaine-sainte-anne-les-mourillons-saint-gervais-cotes-du-rhone-villages-2012", "name": "Domaine Sainte-Anne Les Mourillons C\u00f4tes-du-Rh\u00f4ne-Villages 'Saint-Gervais' 2012", "statistics": {"status": "Normal", "ratings_count": 17, "ratings_average": 3.4, "labels_count": 103, "reviews_count": 9}, "year": 2012, "grapes": null, "has_valid_ratings": true}, {"id": 3248310, "seo_name": "domaine-sainte-anne-les-mourillons-saint-gervais-cotes-du-rhone-villages-2011", "name": "Domaine Sainte-Anne Les Mourillons C\u00f4tes-du-Rh\u00f4ne-Villages 'Saint-Gervais' 2011", "statistics": {"status": "Normal", "ratings_count": 30, "ratings_average": 4.1, "labels_count": 329, "reviews_count": 8}, "year": 2011, "grapes": null, "has_valid_ratings": true}, {"id": 3698144, "seo_name": "domaine-sainte-anne-les-mourillons-saint-gervais-cotes-du-rhone-villages-2010", "name": "Domaine Sainte-Anne Les Mourillons C\u00f4tes-du-Rh\u00f4ne-Villages 'Saint-Gervais' 2010", "statistics": {"status": "Normal", "ratings_count": 10, "ratings_average": 3.9, "labels_count": 36, "reviews_count": 3}, "year": 2010, "grapes": null, "has_valid_ratings": true}, {"id": 3377941, "seo_name": "domaine-sainte-anne-les-mourillons-saint-gervais-cotes-du-rhone-villages-2009", "name": "Domaine Sainte-Anne Les Mourillons C\u00f4tes-du-Rh\u00f4ne-Villages 'Saint-Gervais' 2009", "statistics": {"status": "Normal", "ratings_count": 11, "ratings_average": 3.9, "labels_count": 33, "reviews_count": 4}, "year": 2009, "grapes": null, "has_valid_ratings": true}, {"id": 2190634, "seo_name": "domaine-sainte-anne-les-mourillons-saint-gervais-cotes-du-rhone-villages-2008", "name": "Domaine Sainte-Anne Les Mourillons C\u00f4tes-du-Rh\u00f4ne-Villages 'Saint-Gervais' 2008", "statistics": {"status": "BelowThreshold", "ratings_count": 6, "ratings_average": 0, "labels_count": 69, "reviews_count": 1}, "year": 2008, "grapes": null, "has_valid_ratings": false}, {"id": 3617814, "seo_name": "domaine-sainte-anne-les-mourillons-saint-gervais-cotes-du-rhone-villages-2007", "name": "Domaine Sainte-Anne Les Mourillons C\u00f4tes-du-Rh\u00f4ne-Villages 'Saint-Gervais' 2007", "statistics": {"status": "BelowThreshold", "ratings_count": 4, "ratings_average": 0, "labels_count": 17, "reviews_count": 1}, "year": 2007, "grapes": null, "has_valid_ratings": false}, {"id": 6100402, "seo_name": "domaine-sainte-anne-les-mourillons-saint-gervais-cotes-du-rhone-villages-2006", "name": "Domaine Sainte-Anne Les Mourillons C\u00f4tes-du-Rh\u00f4ne-Villages 'Saint-Gervais' 2006", "statistics": {"status": "BelowThreshold", "ratings_count": 8, "ratings_average": 0, "labels_count": 40, "reviews_count": 3}, "year": 2006, "grapes": null, "has_valid_ratings": false}, {"id": 3932577, "seo_name": "domaine-sainte-anne-les-mourillons-saint-gervais-cotes-du-rhone-villages-2005", "name": "Domaine Sainte-Anne Les Mourillons C\u00f4tes-du-Rh\u00f4ne-Villages 'Saint-Gervais' 2005", "statistics": {"status": "Normal", "ratings_count": 10, "ratings_average": 4.2, "labels_count": 126, "reviews_count": 2}, "year": 2005, "grapes": null, "has_valid_ratings": true}, {"id": 6462743, "seo_name": "domaine-sainte-anne-les-mourillons-saint-gervais-cotes-du-rhone-villages-2004", "name": "Domaine Sainte-Anne Les Mourillons C\u00f4tes-du-Rh\u00f4ne-Villages 'Saint-Gervais' 2004", "statistics": {"status": "BelowThreshold", "ratings_count": 3, "ratings_average": 0, "labels_count": 7, "reviews_count": 2}, "year": 2004, "grapes": null, "has_valid_ratings": false}, {"id": 11348520, "seo_name": "domaine-sainte-anne-les-mourillons-saint-gervais-cotes-du-rhone-villages-2003", "name": "Domaine Sainte-Anne Les Mourillons C\u00f4tes-du-Rh\u00f4ne-Villages 'Saint-Gervais' 2003", "statistics": {"status": "BelowThreshold", "ratings_count": 0, "ratings_average": 0, "labels_count": 6, "reviews_count": 0}, "year": 2003, "grapes": null, "has_valid_ratings": false}, {"id": 5280604, "seo_name": "domaine-sainte-anne-les-mourillons-saint-gervais-cotes-du-rhone-villages-2002", "name": "Domaine Sainte-Anne Les Mourillons C\u00f4tes-du-Rh\u00f4ne-Villages 'Saint-Gervais' 2002", "statistics": {"status": "BelowThreshold", "ratings_count": 0, "ratings_average": 0, "labels_count": 3, "reviews_count": 0}, "year": 2002, "grapes": null, "has_valid_ratings": false}, {"id": 8180756, "seo_name": "domaine-sainte-anne-les-mourillons-saint-gervais-cotes-du-rhone-villages-2001", "name": "Domaine Sainte-Anne Les Mourillons C\u00f4tes-du-Rh\u00f4ne-Villages 'Saint-Gervais' 2001", "statistics": {"status": "BelowThreshold", "ratings_count": 2, "ratings_average": 0, "labels_count": 10, "reviews_count": 1}, "year": 2001, "grapes": null, "has_valid_ratings": false}, {"id": 7707511, "seo_name": "domaine-sainte-anne-les-mourillons-saint-gervais-cotes-du-rhone-villages-2000", "name": "Domaine Sainte-Anne Les Mourillons C\u00f4tes-du-Rh\u00f4ne-Villages 'Saint-Gervais' 2000", "statistics": {"status": "BelowThreshold", "ratings_count": 0, "ratings_average": 0, "labels_count": 7, "reviews_count": 0}, "year": 2000, "grapes": null, "has_valid_ratings": false}, {"id": 5157907, "seo_name": "domaine-sainte-anne-les-mourillons-saint-gervais-cotes-du-rhone-villages-1999", "name": "Domaine Sainte-Anne Les Mourillons C\u00f4tes-du-Rh\u00f4ne-Villages 'Saint-Gervais' 1999", "statistics": {"status": "BelowThreshold", "ratings_count": 2, "ratings_average": 0, "labels_count": 3, "reviews_count": 2}, "year": 1999, "grapes": null, "has_valid_ratings": false}, {"id": 170316621, "seo_name": "domaine-sainte-anne-les-mourillons-saint-gervais-cotes-du-rhone-villages-1998", "name": "Domaine Sainte-Anne Les Mourillons C\u00f4tes-du-Rh\u00f4ne-Villages 'Saint-Gervais' 1998", "statistics": {"status": "BelowThreshold", "ratings_count": 0, "ratings_average": 0, "labels_count": 0, "reviews_count": 0}, "year": 1998, "grapes": null, "has_valid_ratings": false}, {"id": 7239164, "seo_name": "domaine-sainte-anne-les-mourillons-saint-gervais-cotes-du-rhone-villages-1997", "name": "Domaine Sainte-Anne Les Mourillons C\u00f4tes-du-Rh\u00f4ne-Villages 'Saint-Gervais' 1997", "statistics": {"status": "BelowThreshold", "ratings_count": 0, "ratings_average": 0, "labels_count": 4, "reviews_count": 0}, "year": 1997, "grapes": null, "has_valid_ratings": false}, {"id": 149255143, "seo_name": "domaine-sainte-anne-les-mourillons-saint-gervais-cotes-du-rhone-villages-1996", "name": "Domaine Sainte-Anne Les Mourillons C\u00f4tes-du-Rh\u00f4ne-Villages 'Saint-Gervais' 1996", "statistics": {"status": "BelowThreshold", "ratings_count": 0, "ratings_average": 0, "labels_count": 2, "reviews_count": 0}, "year": 1996, "grapes": null, "has_valid_ratings": false}, {"id": 159223411, "seo_name": "domaine-sainte-anne-les-mourillons-saint-gervais-cotes-du-rhone-villages-1995", "name": "Domaine Sainte-Anne Les Mourillons C\u00f4tes-du-Rh\u00f4ne-Villages 'Saint-Gervais' 1995", "statistics": {"status": "BelowThreshold", "ratings_count": 0, "ratings_average": 0, "labels_count": 1, "reviews_count": 0}, "year": 1995, "grapes": null, "has_valid_ratings": false}, {"id": 160742231, "seo_name": "domaine-sainte-anne-les-mourillons-saint-gervais-cotes-du-rhone-villages-1994", "name": "Domaine Sainte-Anne Les Mourillons C\u00f4tes-du-Rh\u00f4ne-Villages 'Saint-Gervais' 1994", "statistics": {"status": "BelowThreshold", "ratings_count": 0, "ratings_average": 0, "labels_count": 1, "reviews_count": 0}, "year": 1994, "grapes": null, "has_valid_ratings": false}, {"id": 158323018, "seo_name": "domaine-sainte-anne-les-mourillons-saint-gervais-cotes-du-rhone-villages-1990", "name": "Domaine Sainte-Anne Les Mourillons C\u00f4tes-du-Rh\u00f4ne-Villages 'Saint-Gervais' 1990", "statistics": {"status": "BelowThreshold", "ratings_count": 0, "ratings_average": 0, "labels_count": 3, "reviews_count": 0}, "year": 1990, "grapes": null, "has_valid_ratings": false}, {"id": 26563597, "seo_name": "domaine-sainte-anne-les-mourillons-saint-gervais-cotes-du-rhone-villages-1989", "name": "Domaine Sainte-Anne Les Mourillons C\u00f4tes-du-Rh\u00f4ne-Villages 'Saint-Gervais' 1989", "statistics": {"status": "BelowThreshold", "ratings_count": 1, "ratings_average": 0, "labels_count": 1, "reviews_count": 1}, "year": 1989, "grapes": null, "has_valid_ratings": false}, {"id": 159564039, "seo_name": "domaine-sainte-anne-les-mourillons-saint-gervais-cotes-du-rhone-villages-1986", "name": "Domaine Sainte-Anne Les Mourillons C\u00f4tes-du-Rh\u00f4ne-Villages 'Saint-Gervais' 1986", "statistics": {"status": "BelowThreshold", "ratings_count": 0, "ratings_average": 0, "labels_count": 2, "reviews_count": 0}, "year": 1986, "grapes": null, "has_valid_ratings": false}, {"id": 2969896, "seo_name": "domaine-sainte-anne-les-mourillons-saint-gervais-cotes-du-rhone-villages-uv", "name": "Domaine Sainte-Anne Les Mourillons C\u00f4tes-du-Rh\u00f4ne-Villages 'Saint-Gervais'", "statistics": {"status": "Normal", "ratings_count": 168, "ratings_average": 3.8, "labels_count": 82, "reviews_count": 2}, "year": 0, "grapes": null, "has_valid_ratings": true}], "description": "", "grapes": [], "foods": [{"id": 4, "name": "Beef", "background_image": {"location": "//images.vivino.com/backgrounds/foods/4_beef.png", "variations": {"small": "//images.vivino.com/backgrounds/foods/thumbs/4_beef_932x810.png"}}, "seo_name": "beef"}, {"id": 8, "name": "Lamb", "background_image": {"location": "//images.vivino.com/backgrounds/foods/8_lamb.png", "variations": {"small": "//images.vivino.com/backgrounds/foods/thumbs/8_lamb_932x810.png"}}, "seo_name": "lamb"}, {"id": 11, "name": "Game (deer, venison)", "background_image": {"location": "//images.vivino.com/backgrounds/foods/11_venison.png", "variations": {"small": "//images.vivino.com/backgrounds/foods/thumbs/11_venison_932x810.png"}}, "seo_name": "game"}], "non_vintage": false, "alcohol": 0, "sweetness_id": null, "closure": null, "vintage_mask_raw": null, "updated_at": "2018-03-19T15:46:38Z", "created_at": "2013-04-01T07:10:07Z", "is_first_wine": false, "style": {"id": 212, "seo_name": "southern-rhone-red", "regional_name": "Southern Rh\u00f4ne", "varietal_name": "Red", "name": "Southern Rh\u00f4ne Red", "image": null, "background_image": {"location": "//images.vivino.com/backgrounds/styles/iekXcKsYTBSqdAUNejnP4g.jpg", "variations": {"small": "//images.vivino.com/backgrounds/styles/thumbs/iekXcKsYTBSqdAUNejnP4g_932x810.jpg"}}, "description": "The Southern Rh\u00f4ne is situated in a large, sprawling valley, shaped by the course of the Rh\u00f4ne River. A Mediterranean climate makes the Southern Rh\u00f4ne Valley one of the warmest wine growing regions in France.\n\nGrape varieties that thrive in the region are well-suited to the hot, humid summers, and Grenache, Syrah, and Mourv\u00e8dre are by far the most common plantings.\n\nThe vast majority of Rh\u00f4ne wines found on the market are labeled as C\u00f4tes du Rh\u00f4ne AOC (Appellation d'Origine Contr\u00f4l\u00e9e). Many are excellent and inexpensive, making them one of the most consumer-friendly French wines to explore. Stylistically, they are rich, easy-drinking wines with moderate tannins and alcohol levels that fall between 14-15%.\n\nCh\u00e2teauneuf-du-Pape is one of the better-known sub-regions of the Southern Rh\u00f4ne, and while the wines can be somewhat expensive, the quality is generally exceptional.\n\nGrenache is by far the predominant grape found in Ch\u00e2teauneuf-du-Pape blends, and lends jammy red and black fruit notes along with flavors of earth, leather and spice and dried herbs.\n\nThe Southern Rh\u00f4ne also produces white wines, though in much smaller portion, typically these are made from Marsanne, Roussanne and Viognier. Ros\u00e9 wines can be found as well and Tavel is famous for its vibrant, slightly spicy, salmon-hued ros\u00e9s.", "blurb": null, "interesting_facts": ["Stony vineyards are common throughout the Southern Rh\u00f4ne, particularly in Ch\u00e2teauneuf-du-Pape, where the vineyards are studded with large, round stones called \u201cgalets.\u201d", "Goblet or head-trained vines are also common in Southern Rh\u00f4ne, these look something like a gnarled, cupped hand, and the vines have no formal trellising system.", "GSM is a term used to describe red wine blends of Grenache, Syrah, and Mourv\u00e8dre.", "In Ch\u00e2teauneuf-du-Pape, Grenache is typically fermented and aged in concrete vats, rather than barrels. The wines of this region impart very little oak."], "body": 4, "body_description": "Full-bodied", "acidity": 3, "acidity_description": "High", "country": {"code": "fr", "name": "France", "native_name": "France", "seo_name": "france", "currency": {"code": "EUR", "name": "Euros", "prefix": "\u20ac", "suffix": null}, "regions_count": 1292, "users_count": 5068363, "wines_count": 542471, "wineries_count": 67002, "most_used_grapes": [{"id": 14, "name": "Pinot Noir", "seo_name": "pinot-noir", "has_detailed_info": true, "wines_count": 572334}, {"id": 10, "name": "Merlot", "seo_name": "merlot", "has_detailed_info": true, "wines_count": 566719}, {"id": 5, "name": "Chardonnay", "seo_name": "chardonnay", "has_detailed_info": true, "wines_count": 604208}]}, "wine_type_id": 1, "food": [{"id": 4, "name": "Beef", "background_image": {"location": "//images.vivino.com/backgrounds/foods/4_beef.png", "variations": {"small": "//images.vivino.com/backgrounds/foods/thumbs/4_beef_932x810.png"}}, "seo_name": "beef"}, {"id": 8, "name": "Lamb", "background_image": {"location": "//images.vivino.com/backgrounds/foods/8_lamb.png", "variations": {"small": "//images.vivino.com/backgrounds/foods/thumbs/8_lamb_932x810.png"}}, "seo_name": "lamb"}, {"id": 11, "name": "Game (deer, venison)", "background_image": {"location": "//images.vivino.com/backgrounds/foods/11_venison.png", "variations": {"small": "//images.vivino.com/backgrounds/foods/thumbs/11_venison_932x810.png"}}, "seo_name": "game"}], "grapes": [{"id": 1, "name": "Shiraz/Syrah", "seo_name": "shiraz-syrah", "has_detailed_info": true, "wines_count": 551112}, {"id": 8, "name": "Grenache", "seo_name": "grenache-noir", "has_detailed_info": true, "wines_count": 240002}, {"id": 22, "name": "Mourvedre", "seo_name": "mourvedre", "has_detailed_info": true, "wines_count": 101132}], "region": {"id": 400, "name": "Rhone Valley", "name_en": "Vall\u00e9e du Rh\u00f4ne", "seo_name": "rhone", "country": {"code": "fr", "name": "France", "native_name": "France", "seo_name": "france", "currency": {"code": "EUR", "name": "Euros", "prefix": "\u20ac", "suffix": null}, "regions_count": 1292, "users_count": 5068363, "wines_count": 542471, "wineries_count": 67002, "most_used_grapes": [{"id": 14, "name": "Pinot Noir", "seo_name": "pinot-noir", "has_detailed_info": true, "wines_count": 572334}, {"id": 10, "name": "Merlot", "seo_name": "merlot", "has_detailed_info": true, "wines_count": 566719}, {"id": 5, "name": "Chardonnay", "seo_name": "chardonnay", "has_detailed_info": true, "wines_count": 604208}]}, "parent_id": null, "background_image": {"location": "//images.vivino.com/regions/backgrounds/gieiDQIjTzGjHHkk2se1Ew.jpg", "variations": {"large": "//thumbs.vivino.com/region_backgrounds/gieiDQIjTzGjHHkk2se1Ew_1280x760.jpg", "medium": "//thumbs.vivino.com/region_backgrounds/gieiDQIjTzGjHHkk2se1Ew_600x356.jpg"}}, "statistics": {"wineries_count": 2579, "wines_count": 3936, "sub_regions_count": 5, "parent_regions_count": 0}}}, "has_valid_ratings": true}, "highlights": [{"vintage_id": 3932577, "highlight_type": "best_user_rated", "message": "This vintage rates better than any other year for this wine", "icon": "https://images.vivino.com/highlights/icon/best_user_rated.svg", "metadata": {"price": null, "wine_id": 1532024, "toplist": null, "ws_award": null, "critic_review_id": null, "ratings_average": 4.2, "ratings_count": 10, "vintage_year": "2005", "rank_type": "winery", "ranks": {"country": {"description": "Rank within France", "total": 2497616, "rank": 263594}, "region": {"description": "Rank within Wine Region", "total": 234082, "rank": 29270}, "winery": {"description": "Rank within Winery", "total": 148, "rank": 12}, "global": {"description": "Global Rank", "total": 8944706, "rank": 958412}}, "style": {"id": 212, "seo_name": "southern-rhone-red", "regional_name": "Southern Rh\u00f4ne", "varietal_name": "Red", "name": "Southern Rh\u00f4ne Red", "image": null, "background_image": {"location": "//images.vivino.com/backgrounds/styles/iekXcKsYTBSqdAUNejnP4g.jpg", "variations": {"small": "//images.vivino.com/backgrounds/styles/thumbs/iekXcKsYTBSqdAUNejnP4g_932x810.jpg"}}, "description": "The Southern Rh\u00f4ne is situated in a large, sprawling valley, shaped by the course of the Rh\u00f4ne River. A Mediterranean climate makes the Southern Rh\u00f4ne Valley one of the warmest wine growing regions in France.\n\nGrape varieties that thrive in the region are well-suited to the hot, humid summers, and Grenache, Syrah, and Mourv\u00e8dre are by far the most common plantings.\n\nThe vast majority of Rh\u00f4ne wines found on the market are labeled as C\u00f4tes du Rh\u00f4ne AOC (Appellation d'Origine Contr\u00f4l\u00e9e). Many are excellent and inexpensive, making them one of the most consumer-friendly French wines to explore. Stylistically, they are rich, easy-drinking wines with moderate tannins and alcohol levels that fall between 14-15%.\n\nCh\u00e2teauneuf-du-Pape is one of the better-known sub-regions of the Southern Rh\u00f4ne, and while the wines can be somewhat expensive, the quality is generally exceptional.\n\nGrenache is by far the predominant grape found in Ch\u00e2teauneuf-du-Pape blends, and lends jammy red and black fruit notes along with flavors of earth, leather and spice and dried herbs.\n\nThe Southern Rh\u00f4ne also produces white wines, though in much smaller portion, typically these are made from Marsanne, Roussanne and Viognier. Ros\u00e9 wines can be found as well and Tavel is famous for its vibrant, slightly spicy, salmon-hued ros\u00e9s.", "blurb": null, "interesting_facts": ["Stony vineyards are common throughout the Southern Rh\u00f4ne, particularly in Ch\u00e2teauneuf-du-Pape, where the vineyards are studded with large, round stones called \u201cgalets.\u201d", "Goblet or head-trained vines are also common in Southern Rh\u00f4ne, these look something like a gnarled, cupped hand, and the vines have no formal trellising system.", "GSM is a term used to describe red wine blends of Grenache, Syrah, and Mourv\u00e8dre.", "In Ch\u00e2teauneuf-du-Pape, Grenache is typically fermented and aged in concrete vats, rather than barrels. The wines of this region impart very little oak."], "body": 4, "body_description": "Full-bodied", "acidity": 3, "acidity_description": "High", "country": {"code": "fr", "name": "France", "native_name": "France", "seo_name": "france", "currency": {"code": "EUR", "name": "Euros", "prefix": "\u20ac", "suffix": null}, "regions_count": 1292, "users_count": 5068363, "wines_count": 542471, "wineries_count": 67002, "most_used_grapes": [{"id": 14, "name": "Pinot Noir", "seo_name": "pinot-noir", "has_detailed_info": true, "wines_count": 572334}, {"id": 10, "name": "Merlot", "seo_name": "merlot", "has_detailed_info": true, "wines_count": 566719}, {"id": 5, "name": "Chardonnay", "seo_name": "chardonnay", "has_detailed_info": true, "wines_count": 604208}]}, "wine_type_id": 1, "food": [{"id": 4, "name": "Beef", "background_image": {"location": "//images.vivino.com/backgrounds/foods/4_beef.png", "variations": {"small": "//images.vivino.com/backgrounds/foods/thumbs/4_beef_932x810.png"}}, "seo_name": "beef"}, {"id": 8, "name": "Lamb", "background_image": {"location": "//images.vivino.com/backgrounds/foods/8_lamb.png", "variations": {"small": "//images.vivino.com/backgrounds/foods/thumbs/8_lamb_932x810.png"}}, "seo_name": "lamb"}, {"id": 11, "name": "Game (deer, venison)", "background_image": {"location": "//images.vivino.com/backgrounds/foods/11_venison.png", "variations": {"small": "//images.vivino.com/backgrounds/foods/thumbs/11_venison_932x810.png"}}, "seo_name": "game"}], "grapes": [{"id": 1, "name": "Shiraz/Syrah", "seo_name": "shiraz-syrah", "has_detailed_info": true, "wines_count": 551112}, {"id": 8, "name": "Grenache", "seo_name": "grenache-noir", "has_detailed_info": true, "wines_count": 240002}, {"id": 22, "name": "Mourvedre", "seo_name": "mourvedre", "has_detailed_info": true, "wines_count": 101132}], "region": {"id": 400, "name": "Rhone Valley", "name_en": "Vall\u00e9e du Rh\u00f4ne", "seo_name": "rhone", "country": {"code": "fr", "name": "France", "native_name": "France", "seo_name": "france", "currency": {"code": "EUR", "name": "Euros", "prefix": "\u20ac", "suffix": null}, "regions_count": 1292, "users_count": 5068363, "wines_count": 542471, "wineries_count": 67002, "most_used_grapes": [{"id": 14, "name": "Pinot Noir", "seo_name": "pinot-noir", "has_detailed_info": true, "wines_count": 572334}, {"id": 10, "name": "Merlot", "seo_name": "merlot", "has_detailed_info": true, "wines_count": 566719}, {"id": 5, "name": "Chardonnay", "seo_name": "chardonnay", "has_detailed_info": true, "wines_count": 604208}]}, "parent_id": null, "background_image": {"location": "//images.vivino.com/regions/backgrounds/gieiDQIjTzGjHHkk2se1Ew.jpg", "variations": {"large": "//thumbs.vivino.com/region_backgrounds/gieiDQIjTzGjHHkk2se1Ew_1280x760.jpg", "medium": "//thumbs.vivino.com/region_backgrounds/gieiDQIjTzGjHHkk2se1Ew_600x356.jpg"}}, "statistics": {"wineries_count": 2579, "wines_count": 3936, "sub_regions_count": 5, "parent_regions_count": 0}}}}, "vintage_year": 2005}, {"vintage_id": 3248310, "highlight_type": "most_user_rated", "message": "Popular among Vivino users. More than 30 ratings", "icon": "https://images.vivino.com/highlights/icon/most_user_rated.svg", "metadata": {"price": null, "wine_id": 1532024, "toplist": null, "ws_award": null, "critic_review_id": null, "ratings_average": 4.1, "ratings_count": 30, "vintage_year": "2011", "rank_type": "global", "ranks": {"country": {"description": "Rank within France", "total": 2497616, "rank": 233524}, "region": {"description": "Rank within Wine Region", "total": 234082, "rank": 25298}, "winery": {"description": "Rank within Winery", "total": 148, "rank": 9}, "global": {"description": "Global Rank", "total": 8944706, "rank": 843230}}, "style": {"id": 212, "seo_name": "southern-rhone-red", "regional_name": "Southern Rh\u00f4ne", "varietal_name": "Red", "name": "Southern Rh\u00f4ne Red", "image": null, "background_image": {"location": "//images.vivino.com/backgrounds/styles/iekXcKsYTBSqdAUNejnP4g.jpg", "variations": {"small": "//images.vivino.com/backgrounds/styles/thumbs/iekXcKsYTBSqdAUNejnP4g_932x810.jpg"}}, "description": "The Southern Rh\u00f4ne is situated in a large, sprawling valley, shaped by the course of the Rh\u00f4ne River. A Mediterranean climate makes the Southern Rh\u00f4ne Valley one of the warmest wine growing regions in France.\n\nGrape varieties that thrive in the region are well-suited to the hot, humid summers, and Grenache, Syrah, and Mourv\u00e8dre are by far the most common plantings.\n\nThe vast majority of Rh\u00f4ne wines found on the market are labeled as C\u00f4tes du Rh\u00f4ne AOC (Appellation d'Origine Contr\u00f4l\u00e9e). Many are excellent and inexpensive, making them one of the most consumer-friendly French wines to explore. Stylistically, they are rich, easy-drinking wines with moderate tannins and alcohol levels that fall between 14-15%.\n\nCh\u00e2teauneuf-du-Pape is one of the better-known sub-regions of the Southern Rh\u00f4ne, and while the wines can be somewhat expensive, the quality is generally exceptional.\n\nGrenache is by far the predominant grape found in Ch\u00e2teauneuf-du-Pape blends, and lends jammy red and black fruit notes along with flavors of earth, leather and spice and dried herbs.\n\nThe Southern Rh\u00f4ne also produces white wines, though in much smaller portion, typically these are made from Marsanne, Roussanne and Viognier. Ros\u00e9 wines can be found as well and Tavel is famous for its vibrant, slightly spicy, salmon-hued ros\u00e9s.", "blurb": null, "interesting_facts": ["Stony vineyards are common throughout the Southern Rh\u00f4ne, particularly in Ch\u00e2teauneuf-du-Pape, where the vineyards are studded with large, round stones called \u201cgalets.\u201d", "Goblet or head-trained vines are also common in Southern Rh\u00f4ne, these look something like a gnarled, cupped hand, and the vines have no formal trellising system.", "GSM is a term used to describe red wine blends of Grenache, Syrah, and Mourv\u00e8dre.", "In Ch\u00e2teauneuf-du-Pape, Grenache is typically fermented and aged in concrete vats, rather than barrels. The wines of this region impart very little oak."], "body": 4, "body_description": "Full-bodied", "acidity": 3, "acidity_description": "High", "country": {"code": "fr", "name": "France", "native_name": "France", "seo_name": "france", "currency": {"code": "EUR", "name": "Euros", "prefix": "\u20ac", "suffix": null}, "regions_count": 1292, "users_count": 5068363, "wines_count": 542471, "wineries_count": 67002, "most_used_grapes": [{"id": 14, "name": "Pinot Noir", "seo_name": "pinot-noir", "has_detailed_info": true, "wines_count": 572334}, {"id": 10, "name": "Merlot", "seo_name": "merlot", "has_detailed_info": true, "wines_count": 566719}, {"id": 5, "name": "Chardonnay", "seo_name": "chardonnay", "has_detailed_info": true, "wines_count": 604208}]}, "wine_type_id": 1, "food": [{"id": 4, "name": "Beef", "background_image": {"location": "//images.vivino.com/backgrounds/foods/4_beef.png", "variations": {"small": "//images.vivino.com/backgrounds/foods/thumbs/4_beef_932x810.png"}}, "seo_name": "beef"}, {"id": 8, "name": "Lamb", "background_image": {"location": "//images.vivino.com/backgrounds/foods/8_lamb.png", "variations": {"small": "//images.vivino.com/backgrounds/foods/thumbs/8_lamb_932x810.png"}}, "seo_name": "lamb"}, {"id": 11, "name": "Game (deer, venison)", "background_image": {"location": "//images.vivino.com/backgrounds/foods/11_venison.png", "variations": {"small": "//images.vivino.com/backgrounds/foods/thumbs/11_venison_932x810.png"}}, "seo_name": "game"}], "grapes": [{"id": 1, "name": "Shiraz/Syrah", "seo_name": "shiraz-syrah", "has_detailed_info": true, "wines_count": 551112}, {"id": 8, "name": "Grenache", "seo_name": "grenache-noir", "has_detailed_info": true, "wines_count": 240002}, {"id": 22, "name": "Mourvedre", "seo_name": "mourvedre", "has_detailed_info": true, "wines_count": 101132}], "region": {"id": 400, "name": "Rhone Valley", "name_en": "Vall\u00e9e du Rh\u00f4ne", "seo_name": "rhone", "country": {"code": "fr", "name": "France", "native_name": "France", "seo_name": "france", "currency": {"code": "EUR", "name": "Euros", "prefix": "\u20ac", "suffix": null}, "regions_count": 1292, "users_count": 5068363, "wines_count": 542471, "wineries_count": 67002, "most_used_grapes": [{"id": 14, "name": "Pinot Noir", "seo_name": "pinot-noir", "has_detailed_info": true, "wines_count": 572334}, {"id": 10, "name": "Merlot", "seo_name": "merlot", "has_detailed_info": true, "wines_count": 566719}, {"id": 5, "name": "Chardonnay", "seo_name": "chardonnay", "has_detailed_info": true, "wines_count": 604208}]}, "parent_id": null, "background_image": {"location": "//images.vivino.com/regions/backgrounds/gieiDQIjTzGjHHkk2se1Ew.jpg", "variations": {"large": "//thumbs.vivino.com/region_backgrounds/gieiDQIjTzGjHHkk2se1Ew_1280x760.jpg", "medium": "//thumbs.vivino.com/region_backgrounds/gieiDQIjTzGjHHkk2se1Ew_600x356.jpg"}}, "statistics": {"wineries_count": 2579, "wines_count": 3936, "sub_regions_count": 5, "parent_regions_count": 0}}}}, "vintage_year": 2011}], "recommended_vintages": [{"vintage": {"id": 3932577, "seo_name": "domaine-sainte-anne-les-mourillons-saint-gervais-cotes-du-rhone-villages-2005", "name": "Domaine Sainte-Anne Les Mourillons C\u00f4tes-du-Rh\u00f4ne-Villages 'Saint-Gervais' 2005", "statistics": {"status": "Normal", "ratings_count": 10, "ratings_average": 4.2, "labels_count": 126, "reviews_count": 2}, "year": 2005, "grapes": null, "has_valid_ratings": true}, "type": "best_user_rated", "highlight_icon": "https://images.vivino.com/highlights/icon/best_user_rated.svg", "price": null}, {"vintage": {"id": 3248310, "seo_name": "domaine-sainte-anne-les-mourillons-saint-gervais-cotes-du-rhone-villages-2011", "name": "Domaine Sainte-Anne Les Mourillons C\u00f4tes-du-Rh\u00f4ne-Villages 'Saint-Gervais' 2011", "statistics": {"status": "Normal", "ratings_count": 30, "ratings_average": 4.1, "labels_count": 329, "reviews_count": 8}, "year": 2011, "grapes": null, "has_valid_ratings": true}, "type": "most_user_rated", "highlight_icon": "https://images.vivino.com/highlights/icon/most_user_rated.svg", "price": null}], "prices_and_availabilities": [], "price_range": {"currency": {"code": "EUR", "name": "Euros", "prefix": "\u20ac", "suffix": null}, "price_range": {"minimum": 0, "maximum": 500, "currency_code": "EUR"}, "defaults": {"minimum": 7, "maximum": 30, "currency_code": "EUR"}}, "subtotal_price": null}