{"tastes": {"structure": {"acidity": 3.0469682, "fizziness": null, "intensity": 3.6781952, "sweetness": 1.9131596, "tannin": 2.441842, "user_structure_count": 178, "calculated_structure_count": 95}, "flavor": [{"group": "oak", "stats": {"count": 94, "score": 12240, "mentions_count": 122}, "primary_keywords": [{"id": 434, "name": "vanilla", "count": 49}, {"id": 292, "name": "oak", "count": 30}, {"id": 101, "name": "chocolate", "count": 23}, {"id": 134, "name": "dark chocolate", "count": 3}, {"id": 422, "name": "tobacco", "count": 3}, {"id": 103, "name": "cigar", "count": 3}, {"id": 79, "name": "caramel", "count": 3}, {"id": 117, "name": "coffee", "count": 2}, {"id": 424, "name": "toffee", "count": 2}, {"id": 407, "name": "sweet tobacco", "count": 1}, {"id": 83, "name": "cedar", "count": 1}, {"id": 70, "name": "butter", "count": 1}, {"id": 21, "name": "baking spice", "count": 1}], "secondary_keywords": [{"id": 384, "name": "smoke", "count": 11}, {"id": 113, "name": "cocoa", "count": 10}, {"id": 242, "name": "leather", "count": 3}, {"id": 267, "name": "marzipan", "count": 2}, {"id": 14, "name": "ash", "count": 1}, {"id": 168, "name": "fresh bread", "count": 1}, {"id": 68, "name": "burnt caramel", "count": 1}, {"id": 105, "name": "cinnamon", "count": 1}, {"id": 213, "name": "hazelnut", "count": 1}, {"id": 6, "name": "almond", "count": 1}]}, {"group": "red_fruit", "stats": {"count": 78, "score": 9604, "mentions_count": 96}, "primary_keywords": [{"id": 93, "name": "cherry", "count": 42}, {"id": 400, "name": "strawberry", "count": 21}, {"id": 354, "name": "red fruit", "count": 11}, {"id": 353, "name": "red currant", "count": 4}, {"id": 387, "name": "sour cherry", "count": 4}, {"id": 348, "name": "raspberry", "count": 4}, {"id": 154, "name": "dried strawberry", "count": 3}, {"id": 352, "name": "red cherry", "count": 2}, {"id": 282, "name": "morello cherry", "count": 2}, {"id": 122, "name": "cranberry", "count": 2}, {"id": 171, "name": "fresh strawberry", "count": 1}], "secondary_keywords": [{"id": 229, "name": "jam", "count": 4}, {"id": 38, "name": "black cherry", "count": 3}]}, {"group": "black_fruit", "stats": {"count": 45, "score": 5633, "mentions_count": 58}, "primary_keywords": [{"id": 334, "name": "plum", "count": 17}, {"id": 49, "name": "blackberry", "count": 9}, {"id": 55, "name": "blueberry", "count": 9}, {"id": 52, "name": "blackcurrant", "count": 8}, {"id": 229, "name": "jam", "count": 4}, {"id": 38, "name": "black cherry", "count": 3}, {"id": 135, "name": "dark fruit", "count": 2}, {"id": 283, "name": "mulberry", "count": 2}, {"id": 39, "name": "black fruit", "count": 2}, {"id": 366, "name": "roasted plum", "count": 1}, {"id": 470, "name": "cassis", "count": 1}]}, {"group": "earth", "stats": {"count": 33, "score": 2896, "mentions_count": 38}, "primary_keywords": [{"id": 384, "name": "smoke", "count": 11}, {"id": 113, "name": "cocoa", "count": 10}, {"id": 156, "name": "earthy", "count": 3}, {"id": 242, "name": "leather", "count": 3}, {"id": 178, "name": "game", "count": 3}, {"id": 284, "name": "mushroom", "count": 2}, {"id": 130, "name": "cured meat", "count": 1}, {"id": 165, "name": "forest floor", "count": 1}, {"id": 14, "name": "ash", "count": 1}, {"id": 412, "name": "tar", "count": 1}, {"id": 22, "name": "balsamic", "count": 1}, {"id": 431, "name": "underbrush", "count": 1}], "secondary_keywords": [{"id": 422, "name": "tobacco", "count": 3}, {"id": 134, "name": "dark chocolate", "count": 3}, {"id": 267, "name": "marzipan", "count": 2}, {"id": 6, "name": "almond", "count": 1}]}, {"group": "spices", "stats": {"count": 65, "score": 3045, "mentions_count": 28}, "primary_keywords": [{"id": 249, "name": "licorice", "count": 14}, {"id": 320, "name": "pepper", "count": 7}, {"id": 148, "name": "dried herbs", "count": 2}, {"id": 7, "name": "anise", "count": 1}, {"id": 26, "name": "bay leaf", "count": 1}, {"id": 273, "name": "menthol", "count": 1}, {"id": 449, "name": "white pepper", "count": 1}, {"id": 105, "name": "cinnamon", "count": 1}], "secondary_keywords": [{"id": 434, "name": "vanilla", "count": 49}]}, {"group": "non_oak", "stats": {"count": 71, "score": 1606, "mentions_count": 11}, "primary_keywords": [{"id": 417, "name": "toast", "count": 2}, {"id": 267, "name": "marzipan", "count": 2}, {"id": 68, "name": "burnt caramel", "count": 1}, {"id": 213, "name": "hazelnut", "count": 1}, {"id": 69, "name": "burnt sugar", "count": 1}, {"id": 98, "name": "chestnut", "count": 1}, {"id": 291, "name": "nutty", "count": 1}, {"id": 438, "name": "walnut", "count": 1}, {"id": 6, "name": "almond", "count": 1}], "secondary_keywords": [{"id": 434, "name": "vanilla", "count": 49}, {"id": 384, "name": "smoke", "count": 11}, {"id": 163, "name": "fig", "count": 11}, {"id": 422, "name": "tobacco", "count": 3}, {"id": 79, "name": "caramel", "count": 3}, {"id": 117, "name": "coffee", "count": 2}, {"id": 83, "name": "cedar", "count": 1}, {"id": 407, "name": "sweet tobacco", "count": 1}, {"id": 105, "name": "cinnamon", "count": 1}]}, {"group": "dried_fruit", "stats": {"count": 16, "score": 1164, "mentions_count": 11}, "primary_keywords": [{"id": 163, "name": "fig", "count": 11}], "secondary_keywords": [{"id": 229, "name": "jam", "count": 4}, {"id": 154, "name": "dried strawberry", "count": 3}]}, {"group": "floral", "stats": {"count": 11, "score": 1100, "mentions_count": 11}, "primary_keywords": [{"id": 436, "name": "violet", "count": 10}, {"id": 322, "name": "perfume", "count": 1}]}, {"group": "microbio", "stats": {"count": 14, "score": 902, "mentions_count": 7}, "primary_keywords": [{"id": 123, "name": "cream", "count": 3}, {"id": 457, "name": "yeast", "count": 1}, {"id": 91, "name": "cheese", "count": 1}, {"id": 168, "name": "fresh bread", "count": 1}, {"id": 295, "name": "oil", "count": 1}], "secondary_keywords": [{"id": 417, "name": "toast", "count": 2}, {"id": 424, "name": "toffee", "count": 2}, {"id": 284, "name": "mushroom", "count": 2}, {"id": 130, "name": "cured meat", "count": 1}, {"id": 70, "name": "butter", "count": 1}, {"id": 6, "name": "almond", "count": 1}]}, {"group": "tropical_fruit", "stats": {"count": 1, "score": 100, "mentions_count": 1}, "primary_keywords": [{"id": 428, "name": "tropical", "count": 1}]}, {"group": "vegetal", "stats": {"count": 1, "score": 10, "mentions_count": 0}, "secondary_keywords": [{"id": 6, "name": "almond", "count": 1}]}]}, "vivino_id": "5811554"}