{"tastes": {"structure": {"acidity": 2.2344005, "fizziness": null, "intensity": 4.4843693, "sweetness": 2.6143138, "tannin": 2.6693757, "user_structure_count": 105, "calculated_structure_count": 57}, "flavor": [{"group": "oak", "stats": {"count": 29, "score": 4075, "mentions_count": 43}, "primary_keywords": [{"id": 292, "name": "oak", "count": 12}, {"id": 434, "name": "vanilla", "count": 12}, {"id": 101, "name": "chocolate", "count": 11}, {"id": 112, "name": "clove", "count": 2}, {"id": 79, "name": "caramel", "count": 1}, {"id": 422, "name": "tobacco", "count": 1}, {"id": 5, "name": "allspice", "count": 1}, {"id": 280, "name": "mocha", "count": 1}, {"id": 134, "name": "dark chocolate", "count": 1}, {"id": 115, "name": "coconut", "count": 1}], "secondary_keywords": [{"id": 384, "name": "smoke", "count": 3}, {"id": 105, "name": "cinnamon", "count": 1}]}, {"group": "black_fruit", "stats": {"count": 19, "score": 3414, "mentions_count": 35}, "primary_keywords": [{"id": 49, "name": "blackberry", "count": 12}, {"id": 470, "name": "cassis", "count": 7}, {"id": 38, "name": "black cherry", "count": 5}, {"id": 55, "name": "blueberry", "count": 3}, {"id": 334, "name": "plum", "count": 2}, {"id": 135, "name": "dark fruit", "count": 2}, {"id": 39, "name": "black fruit", "count": 1}, {"id": 56, "name": "boysenberry", "count": 1}, {"id": 52, "name": "blackcurrant", "count": 1}, {"id": 229, "name": "jam", "count": 1}], "secondary_keywords": [{"id": 341, "name": "prune", "count": 1}]}, {"group": "red_fruit", "stats": {"count": 18, "score": 1581, "mentions_count": 15}, "primary_keywords": [{"id": 354, "name": "red fruit", "count": 5}, {"id": 348, "name": "raspberry", "count": 5}, {"id": 93, "name": "cherry", "count": 3}, {"id": 400, "name": "strawberry", "count": 2}], "secondary_keywords": [{"id": 38, "name": "black cherry", "count": 5}, {"id": 229, "name": "jam", "count": 1}]}, {"group": "earth", "stats": {"count": 8, "score": 553, "mentions_count": 6}, "primary_keywords": [{"id": 384, "name": "smoke", "count": 3}, {"id": 156, "name": "earthy", "count": 2}, {"id": 207, "name": "grilled meat", "count": 1}], "secondary_keywords": [{"id": 280, "name": "mocha", "count": 1}, {"id": 422, "name": "tobacco", "count": 1}, {"id": 5, "name": "allspice", "count": 1}, {"id": 134, "name": "dark chocolate", "count": 1}]}, {"group": "spices", "stats": {"count": 14, "score": 459, "mentions_count": 4}, "primary_keywords": [{"id": 105, "name": "cinnamon", "count": 1}, {"id": 26, "name": "bay leaf", "count": 1}, {"id": 416, "name": "thyme", "count": 1}, {"id": 320, "name": "pepper", "count": 1}], "secondary_keywords": [{"id": 434, "name": "vanilla", "count": 12}, {"id": 112, "name": "clove", "count": 2}]}, {"group": "dried_fruit", "stats": {"count": 4, "score": 305, "mentions_count": 3}, "primary_keywords": [{"id": 347, "name": "raisin", "count": 2}, {"id": 341, "name": "prune", "count": 1}], "secondary_keywords": [{"id": 229, "name": "jam", "count": 1}]}, {"group": "microbio", "stats": {"count": 2, "score": 200, "mentions_count": 2}, "primary_keywords": [{"id": 91, "name": "cheese", "count": 2}]}, {"group": "vegetal", "stats": {"count": 1, "score": 100, "mentions_count": 1}, "primary_keywords": [{"id": 425, "name": "tomato", "count": 1}]}, {"group": "tropical_fruit", "stats": {"count": 1, "score": 100, "mentions_count": 1}, "primary_keywords": [{"id": 428, "name": "tropical", "count": 1}]}, {"group": "citrus_fruit", "stats": {"count": 1, "score": 100, "mentions_count": 1}, "primary_keywords": [{"id": 298, "name": "orange", "count": 1}]}, {"group": "non_oak", "stats": {"count": 18, "score": 213, "mentions_count": 0}, "secondary_keywords": [{"id": 434, "name": "vanilla", "count": 12}, {"id": 384, "name": "smoke", "count": 3}, {"id": 112, "name": "clove", "count": 2}, {"id": 105, "name": "cinnamon", "count": 1}, {"id": 422, "name": "tobacco", "count": 1}, {"id": 5, "name": "allspice", "count": 1}, {"id": 280, "name": "mocha", "count": 1}, {"id": 79, "name": "caramel", "count": 1}]}]}, "vivino_id": "1150366"}