{"vintage": {"id": 154861238, "seo_name": "domaines-schlumberger-les-princes-abbes-pinot-blanc-alsace-2017", "name": "Domaines Schlumberger Les Princes Abb\u00e9s Pinot Blanc Alsace 2017", "statistics": {"status": "Normal", "ratings_count": 203, "ratings_average": 3.6, "labels_count": 936, "reviews_count": 89}, "organic_certification_id": null, "certified_biodynamic": null, "image": {"location": "//images.vivino.com/thumbs/nQcBtIT2QwqCPkm-TEmYJg_pl_480x640.png", "variations": {"bottle_large": "//images.vivino.com/thumbs/nQcBtIT2QwqCPkm-TEmYJg_pb_x960.png", "bottle_medium": "//images.vivino.com/thumbs/nQcBtIT2QwqCPkm-TEmYJg_pb_x600.png", "bottle_medium_square": "//images.vivino.com/thumbs/nQcBtIT2QwqCPkm-TEmYJg_pb_600x600.png", "bottle_small": "//images.vivino.com/thumbs/nQcBtIT2QwqCPkm-TEmYJg_pb_x300.png", "bottle_small_square": "//images.vivino.com/thumbs/nQcBtIT2QwqCPkm-TEmYJg_pb_300x300.png", "label": "//images.vivino.com/thumbs/nQcBtIT2QwqCPkm-TEmYJg_pl_480x640.png", "label_large": "//images.vivino.com/thumbs/nQcBtIT2QwqCPkm-TEmYJg_pl_375x500.png", "label_medium": "//images.vivino.com/thumbs/nQcBtIT2QwqCPkm-TEmYJg_pl_150x200.png", "label_medium_square": "//images.vivino.com/thumbs/nQcBtIT2QwqCPkm-TEmYJg_pl_150x150.png", "label_small_square": "//images.vivino.com/thumbs/nQcBtIT2QwqCPkm-TEmYJg_pl_80x80.png", "large": "//images.vivino.com/thumbs/nQcBtIT2QwqCPkm-TEmYJg_pl_375x500.png", "medium": "//images.vivino.com/thumbs/nQcBtIT2QwqCPkm-TEmYJg_pl_150x200.png", "medium_square": "//images.vivino.com/thumbs/nQcBtIT2QwqCPkm-TEmYJg_pl_150x150.png", "small_square": "//images.vivino.com/thumbs/nQcBtIT2QwqCPkm-TEmYJg_pl_80x80.png"}}, "wine": {"id": 12323, "name": "Les Princes Abb\u00e9s Pinot Blanc Alsace", "seo_name": "les-princes-abbes-pinot-blanc-alsace", "type_id": 2, "vintage_type": 0, "is_natural": false, "region": {"id": 387, "name": "Elsass", "name_en": "Vin d'Alsace", "seo_name": "alsace", "country": {"code": "fr", "name": "Frankreich", "native_name": "France", "seo_name": "france", "currency": {"code": "EUR", "name": "Euros", "prefix": "\u20ac", "suffix": null}, "regions_count": 1291, "users_count": 4913559, "wines_count": 537022, "wineries_count": 66898, "most_used_grapes": [{"id": 14, "name": "Pinot Noir", "seo_name": "pinot-noir", "has_detailed_info": true, "wines_count": 565547}, {"id": 10, "name": "Merlot", "seo_name": "merlot", "has_detailed_info": true, "wines_count": 560926}, {"id": 5, "name": "Chardonnay", "seo_name": "chardonnay", "has_detailed_info": true, "wines_count": 597329}]}, "parent_id": null, "background_image": {"location": "//images.vivino.com/regions/backgrounds/n9vcTbetTYeiupq175Mgig.jpg", "variations": {"large": "//thumbs.vivino.com/region_backgrounds/n9vcTbetTYeiupq175Mgig_1280x760.jpg", "medium": "//thumbs.vivino.com/region_backgrounds/n9vcTbetTYeiupq175Mgig_600x356.jpg"}}, "class": {"typecast_map": {"background_image": {}, "class": {}}}, "statistics": {"wineries_count": 1612, "wines_count": 21765, "sub_regions_count": 2, "parent_regions_count": 0}}, "review_status": 2, "winery": {"id": 2800, "name": "Domaines Schlumberger", "seo_name": "domaines-schlumberger", "status": 1, "review_status": "Completed", "background_image": null, "statistics": {"ratings_count": 28211, "ratings_average": 3.9, "labels_count": 149716, "wines_count": 40}, "region": {"id": 387, "name": "Alsace", "name_en": "Vin d'Alsace", "seo_name": "alsace", "country": {"code": "fr", "name": "Frankreich", "native_name": "France", "seo_name": "france", "currency": {"code": "EUR", "name": "Euros", "prefix": "\u20ac", "suffix": null}, "regions_count": 1291, "users_count": 4913559, "wines_count": 537022, "wineries_count": 66898, "most_used_grapes": [{"id": 14, "name": "Pinot Noir", "seo_name": "pinot-noir", "has_detailed_info": true, "wines_count": 565547}, {"id": 10, "name": "Merlot", "seo_name": "merlot", "has_detailed_info": true, "wines_count": 560926}, {"id": 5, "name": "Chardonnay", "seo_name": "chardonnay", "has_detailed_info": true, "wines_count": 597329}]}, "parent_id": null, "background_image": {"location": "//images.vivino.com/regions/backgrounds/n9vcTbetTYeiupq175Mgig.jpg", "variations": {"large": "//thumbs.vivino.com/region_backgrounds/n9vcTbetTYeiupq175Mgig_1280x760.jpg", "medium": "//thumbs.vivino.com/region_backgrounds/n9vcTbetTYeiupq175Mgig_600x356.jpg"}}, "class": {"typecast_map": {"background_image": {}, "class": {}}}, "statistics": {"wineries_count": 1612, "wines_count": 21765, "sub_regions_count": 2, "parent_regions_count": 0}}, "business_name": "Domaines Schlumberger", "description": "Vignerons r\u00e9coltants, nous vinifions exclusivement notre propre r\u00e9colte. Nous n\u2019achetons ni raisins, ni jus, ni vins.", "specialists_notes": "", "phone": "+33(0)389742700", "email": "thomas@domaines-schlumberger.com", "facebook": "https://www.facebook.com/domaines-schlumberger-122565751106375", "instagram": "@domainesschlumberger", "is_claimed": true, "twitter": "", "website": "http://www.domaines-schlumberger.com", "winemaker": "Alain Freyburger", "wine_maker": {"id": 7803, "name": "Alain Freyburger"}, "address": {"title": null, "name": null, "street": "100, rue Theodore Deck", "street2": null, "neighborhood": null, "city": "GUEBWILLER", "zip": "68500", "state": null, "country": {"code": "fr", "name": "Frankreich", "native_name": "France", "seo_name": "france", "currency": {"code": "EUR", "name": "Euros", "prefix": "\u20ac", "suffix": null}, "regions_count": 1291, "users_count": 4913559, "wines_count": 537022, "wineries_count": 66898, "most_used_grapes": [{"id": 14, "name": "Pinot Noir", "seo_name": "pinot-noir", "has_detailed_info": true, "wines_count": 565547}, {"id": 10, "name": "Merlot", "seo_name": "merlot", "has_detailed_info": true, "wines_count": 560926}, {"id": 5, "name": "Chardonnay", "seo_name": "chardonnay", "has_detailed_info": true, "wines_count": 597329}]}, "company": null, "phone": null, "external_id": null, "residential": null, "vat_number": null, "vat_code": null, "addition": null}, "image": {"location": "//images.vivino.com/wineries/2800/logos/okkPLweVR-mA8bFbpk2A5g.jpeg", "variations": {"large": "//thumbs.vivino.com/wineries/2800/logos/okkPLweVR-mA8bFbpk2A5g_500x500.jpeg", "medium": "//thumbs.vivino.com/wineries/2800/logos/okkPLweVR-mA8bFbpk2A5g_200x200.jpeg", "small_square": "//thumbs.vivino.com/wineries/2800/logos/okkPLweVR-mA8bFbpk2A5g_80x80.jpeg"}}, "location": {"latitude": 47.91161, "longitude": 7.205877}, "winery_group": null, "first_wines": [], "sponsored_entity_type": null, "sponsored_entity": null}, "statistics": {"status": "Normal", "ratings_count": 2387, "ratings_average": 3.7, "labels_count": 12523, "vintages_count": 37}, "rank": {"country": {"description": "Rang von Frankreich", "total": 314263, "rank": 24793}, "region": {"description": "Rang von Weinregion", "total": 21049, "rank": 1064}, "winery": {"description": "Rang vom Weingut", "total": 38, "rank": 18}, "wine_type": {"description": "Rang in allen Wei\u00dfwein", "total": 394072, "rank": 22493}, "global": {"description": "Weltweiter Rang", "total": 1287383, "rank": 91812}}, "hidden": false, "vintages": [{"id": 161873729, "seo_name": "domaines-schlumberger-les-princes-abbes-pinot-blanc-alsace-2019", "name": "Domaines Schlumberger Les Princes Abb\u00e9s Pinot Blanc Alsace 2019", "statistics": {"status": "Normal", "ratings_count": 31, "ratings_average": 3.6, "labels_count": 362, "reviews_count": 12}, "year": 2019, "grapes": null, "has_valid_ratings": true}, {"id": 159506003, "seo_name": "domaines-schlumberger-les-princes-abbes-pinot-blanc-alsace-2018", "name": "Domaines Schlumberger Les Princes Abb\u00e9s Pinot Blanc Alsace 2018", "statistics": {"status": "Normal", "ratings_count": 206, "ratings_average": 3.8, "labels_count": 1851, "reviews_count": 103}, "year": 2018, "grapes": null, "has_valid_ratings": true}, {"id": 154861238, "seo_name": "domaines-schlumberger-les-princes-abbes-pinot-blanc-alsace-2017", "name": "Domaines Schlumberger Les Princes Abb\u00e9s Pinot Blanc Alsace 2017", "statistics": {"status": "Normal", "ratings_count": 203, "ratings_average": 3.6, "labels_count": 936, "reviews_count": 89}, "year": 2017, "grapes": null, "has_valid_ratings": true}, {"id": 146717045, "seo_name": "domaines-schlumberger-les-princes-abbes-pinot-blanc-alsace-2016", "name": "Domaines Schlumberger Les Princes Abb\u00e9s Pinot Blanc Alsace 2016", "statistics": {"status": "Normal", "ratings_count": 482, "ratings_average": 3.9, "labels_count": 2855, "reviews_count": 215}, "year": 2016, "grapes": null, "has_valid_ratings": true}, {"id": 18978993, "seo_name": "domaines-schlumberger-les-princes-abbes-pinot-blanc-alsace-2015", "name": "Domaines Schlumberger Les Princes Abb\u00e9s Pinot Blanc Alsace 2015", "statistics": {"status": "Normal", "ratings_count": 323, "ratings_average": 3.8, "labels_count": 1667, "reviews_count": 124}, "year": 2015, "grapes": null, "has_valid_ratings": true}, {"id": 24699985, "seo_name": "domaines-schlumberger-les-princes-abbes-pinot-blanc-alsace-2014", "name": "Domaines Schlumberger Les Princes Abb\u00e9s Pinot Blanc Alsace 2014", "statistics": {"status": "Normal", "ratings_count": 317, "ratings_average": 3.7, "labels_count": 1380, "reviews_count": 119}, "year": 2014, "grapes": null, "has_valid_ratings": true}, {"id": 6877525, "seo_name": "domaines-schlumberger-les-princes-abbes-pinot-blanc-alsace-2013", "name": "Domaines Schlumberger Les Princes Abb\u00e9s Pinot Blanc Alsace 2013", "statistics": {"status": "Normal", "ratings_count": 215, "ratings_average": 3.7, "labels_count": 868, "reviews_count": 91}, "year": 2013, "grapes": null, "has_valid_ratings": true}, {"id": 3689033, "seo_name": "domaines-schlumberger-les-princes-abbes-pinot-blanc-alsace-2012", "name": "Domaines Schlumberger Les Princes Abb\u00e9s Pinot Blanc Alsace 2012", "statistics": {"status": "Normal", "ratings_count": 187, "ratings_average": 3.7, "labels_count": 804, "reviews_count": 80}, "year": 2012, "grapes": null, "has_valid_ratings": true}, {"id": 2275853, "seo_name": "domaines-schlumberger-les-princes-abbes-pinot-blanc-alsace-2011", "name": "Domaines Schlumberger Les Princes Abb\u00e9s Pinot Blanc Alsace 2011", "statistics": {"status": "Normal", "ratings_count": 180, "ratings_average": 3.5, "labels_count": 657, "reviews_count": 78}, "year": 2011, "grapes": null, "has_valid_ratings": true}, {"id": 1363449, "seo_name": "domaines-schlumberger-les-princes-abbes-pinot-blanc-alsace-2010", "name": "Domaines Schlumberger Les Princes Abb\u00e9s Pinot Blanc Alsace 2010", "statistics": {"status": "Normal", "ratings_count": 47, "ratings_average": 3.6, "labels_count": 306, "reviews_count": 17}, "year": 2010, "grapes": null, "has_valid_ratings": true}, {"id": 1721923, "seo_name": "domaines-schlumberger-les-princes-abbes-pinot-blanc-alsace-2009", "name": "Domaines Schlumberger Les Princes Abb\u00e9s Pinot Blanc Alsace 2009", "statistics": {"status": "Normal", "ratings_count": 26, "ratings_average": 3.8, "labels_count": 128, "reviews_count": 8}, "year": 2009, "grapes": null, "has_valid_ratings": true}, {"id": 1304505, "seo_name": "domaines-schlumberger-les-princes-abbes-pinot-blanc-alsace-2008", "name": "Domaines Schlumberger Les Princes Abb\u00e9s Pinot Blanc Alsace 2008", "statistics": {"status": "Normal", "ratings_count": 18, "ratings_average": 3.8, "labels_count": 137, "reviews_count": 5}, "year": 2008, "grapes": null, "has_valid_ratings": true}, {"id": 93262, "seo_name": "domaines-schlumberger-les-princes-abbes-pinot-blanc-alsace-2007", "name": "Domaines Schlumberger Les Princes Abb\u00e9s Pinot Blanc Alsace 2007", "statistics": {"status": "Normal", "ratings_count": 38, "ratings_average": 3.6, "labels_count": 273, "reviews_count": 13}, "year": 2007, "grapes": null, "has_valid_ratings": true}, {"id": 12967, "seo_name": "domaines-schlumberger-les-princes-abbes-pinot-blanc-alsace-2006", "name": "Domaines Schlumberger Les Princes Abb\u00e9s Pinot Blanc Alsace 2006", "statistics": {"status": "BelowThreshold", "ratings_count": 8, "ratings_average": 0, "labels_count": 50, "reviews_count": 1}, "year": 2006, "grapes": null, "has_valid_ratings": false}, {"id": 83541, "seo_name": "domaines-schlumberger-les-princes-abbes-pinot-blanc-alsace-2005", "name": "Domaines Schlumberger Les Princes Abb\u00e9s Pinot Blanc Alsace 2005", "statistics": {"status": "BelowThreshold", "ratings_count": 8, "ratings_average": 0, "labels_count": 61, "reviews_count": 1}, "year": 2005, "grapes": null, "has_valid_ratings": false}, {"id": 2161390, "seo_name": "domaines-schlumberger-les-princes-abbes-pinot-blanc-alsace-2004", "name": "Domaines Schlumberger Les Princes Abb\u00e9s Pinot Blanc Alsace 2004", "statistics": {"status": "BelowThreshold", "ratings_count": 4, "ratings_average": 0, "labels_count": 30, "reviews_count": 4}, "year": 2004, "grapes": null, "has_valid_ratings": false}, {"id": 3216719, "seo_name": "domaines-schlumberger-les-princes-abbes-pinot-blanc-alsace-2003", "name": "Domaines Schlumberger Les Princes Abb\u00e9s Pinot Blanc Alsace 2003", "statistics": {"status": "BelowThreshold", "ratings_count": 2, "ratings_average": 0, "labels_count": 19, "reviews_count": 2}, "year": 2003, "grapes": null, "has_valid_ratings": false}, {"id": 3542498, "seo_name": "domaines-schlumberger-les-princes-abbes-pinot-blanc-alsace-2001", "name": "Domaines Schlumberger Les Princes Abb\u00e9s Pinot Blanc Alsace 2001", "statistics": {"status": "BelowThreshold", "ratings_count": 1, "ratings_average": 0, "labels_count": 11, "reviews_count": 0}, "year": 2001, "grapes": null, "has_valid_ratings": false}, {"id": 16981569, "seo_name": "domaines-schlumberger-les-princes-abbes-pinot-blanc-alsace-2000", "name": "Domaines Schlumberger Les Princes Abb\u00e9s Pinot Blanc Alsace 2000", "statistics": {"status": "BelowThreshold", "ratings_count": 1, "ratings_average": 0, "labels_count": 12, "reviews_count": 1}, "year": 2000, "grapes": null, "has_valid_ratings": false}, {"id": 142658076, "seo_name": "domaines-schlumberger-les-princes-abbes-pinot-blanc-alsace-1998", "name": "Domaines Schlumberger Les Princes Abb\u00e9s Pinot Blanc Alsace 1998", "statistics": {"status": "BelowThreshold", "ratings_count": 2, "ratings_average": 0, "labels_count": 13, "reviews_count": 0}, "year": 1998, "grapes": null, "has_valid_ratings": false}, {"id": 4733281, "seo_name": "domaines-schlumberger-les-princes-abbes-pinot-blanc-alsace-uv", "name": "Domaines Schlumberger Les Princes Abb\u00e9s Pinot Blanc Alsace", "statistics": {"status": "Normal", "ratings_count": 2387, "ratings_average": 3.7, "labels_count": 23, "reviews_count": 33}, "year": 0, "grapes": null, "has_valid_ratings": true}], "description": "The colour is light lemon yellow with green reflections, of average intensity.The disk is bright, limpid and transparent. The wine is agreeably young.The nose is open and pleasant, with a deep intensity.", "grapes": [{"id": 36, "name": "Pinot Blanc", "seo_name": "pinot-blanc", "has_detailed_info": false, "wines_count": 48247}], "foods": [{"id": 12, "name": "Fetthaltiger Fisch (Lachs, Thunfisch etc.)", "background_image": {"location": "//images.vivino.com/backgrounds/foods/12_richfish.png", "variations": {"small": "//images.vivino.com/backgrounds/foods/thumbs/12_richfish_932x810.png"}}, "seo_name": null}, {"id": 13, "name": "Schalentiere", "background_image": {"location": "//images.vivino.com/backgrounds/foods/13_shellfish.png", "variations": {"small": "//images.vivino.com/backgrounds/foods/thumbs/13_shellfish_932x810.png"}}, "seo_name": "shellfish"}, {"id": 35, "name": "Milde K\u00e4sesorten und Weichk\u00e4se", "background_image": {"location": "//images.vivino.com/backgrounds/foods/35_softcheese.png", "variations": {"small": "//images.vivino.com/backgrounds/foods/thumbs/35_softcheese_932x810.png"}}, "seo_name": null}, {"id": 41, "name": "Ger\u00e4ucherte Fleischprodukte", "background_image": {"location": "//images.vivino.com/backgrounds/foods/41_curedmeat.png", "variations": {"small": "//images.vivino.com/backgrounds/foods/thumbs/41_curedmeat_932x810.png"}}, "seo_name": null}], "non_vintage": false, "alcohol": 13.37, "sweetness_id": 5, "closure": "cork", "vintage_mask_raw": null, "updated_at": "2021-11-09T16:32:49Z", "created_at": "2009-02-13T00:57:31Z", "is_first_wine": false, "style": {"id": 139, "seo_name": "alsace-pinot-blanc", "regional_name": "Elsass", "varietal_name": "Pinot Blanc", "name": "Pinot Blanc Elsass Frankreich", "image": null, "background_image": null, "description": null, "blurb": null, "interesting_facts": null, "body": 4, "body_description": "Voller K\u00f6rper", "acidity": 3, "acidity_description": "Hoch", "country": {"code": "fr", "name": "Frankreich", "native_name": "France", "seo_name": "france", "currency": {"code": "EUR", "name": "Euros", "prefix": "\u20ac", "suffix": null}, "regions_count": 1291, "users_count": 4913559, "wines_count": 537022, "wineries_count": 66898, "most_used_grapes": [{"id": 14, "name": "Pinot Noir", "seo_name": "pinot-noir", "has_detailed_info": true, "wines_count": 565547}, {"id": 10, "name": "Merlot", "seo_name": "merlot", "has_detailed_info": true, "wines_count": 560926}, {"id": 5, "name": "Chardonnay", "seo_name": "chardonnay", "has_detailed_info": true, "wines_count": 597329}]}, "wine_type_id": 2, "food": [{"id": 12, "name": "Rich fish (salmon, tuna etc)", "background_image": {"location": "//images.vivino.com/backgrounds/foods/12_richfish.png", "variations": {"small": "//images.vivino.com/backgrounds/foods/thumbs/12_richfish_932x810.png"}}, "seo_name": null}, {"id": 13, "name": "Shellfish", "background_image": {"location": "//images.vivino.com/backgrounds/foods/13_shellfish.png", "variations": {"small": "//images.vivino.com/backgrounds/foods/thumbs/13_shellfish_932x810.png"}}, "seo_name": "shellfish"}, {"id": 35, "name": "Mild and soft cheese", "background_image": {"location": "//images.vivino.com/backgrounds/foods/35_softcheese.png", "variations": {"small": "//images.vivino.com/backgrounds/foods/thumbs/35_softcheese_932x810.png"}}, "seo_name": null}, {"id": 41, "name": "Cured Meat", "background_image": {"location": "//images.vivino.com/backgrounds/foods/41_curedmeat.png", "variations": {"small": "//images.vivino.com/backgrounds/foods/thumbs/41_curedmeat_932x810.png"}}, "seo_name": null}], "grapes": [{"id": 36, "name": "Pinot Blanc", "seo_name": "pinot-blanc", "has_detailed_info": false, "wines_count": 48247}], "region": {"id": 387, "name": "Elsass", "name_en": "Vin d'Alsace", "seo_name": "alsace", "country": {"code": "fr", "name": "Frankreich", "native_name": "France", "seo_name": "france", "currency": {"code": "EUR", "name": "Euros", "prefix": "\u20ac", "suffix": null}, "regions_count": 1291, "users_count": 4913559, "wines_count": 537022, "wineries_count": 66898, "most_used_grapes": [{"id": 14, "name": "Pinot Noir", "seo_name": "pinot-noir", "has_detailed_info": true, "wines_count": 565547}, {"id": 10, "name": "Merlot", "seo_name": "merlot", "has_detailed_info": true, "wines_count": 560926}, {"id": 5, "name": "Chardonnay", "seo_name": "chardonnay", "has_detailed_info": true, "wines_count": 597329}]}, "parent_id": null, "background_image": {"location": "//images.vivino.com/regions/backgrounds/n9vcTbetTYeiupq175Mgig.jpg", "variations": {"large": "//thumbs.vivino.com/region_backgrounds/n9vcTbetTYeiupq175Mgig_1280x760.jpg", "medium": "//thumbs.vivino.com/region_backgrounds/n9vcTbetTYeiupq175Mgig_600x356.jpg"}}, "class": {"typecast_map": {"background_image": {}, "class": {}}}, "statistics": {"wineries_count": 1611, "wines_count": 21782, "sub_regions_count": 2, "parent_regions_count": 0}}}, "has_valid_ratings": true}, "description": "", "expert_reviews": null, "wine_critic_reviews": [], "awards": [], "ratings_distribution": {"1": 2, "2": 9, "3": 107, "4": 74, "5": 11}, "ranking": {"country": {"description": "Rang von Frankreich", "total": 2463485, "rank": 321766}, "region": {"description": "Rang von Weinregion", "total": 158968, "rank": 15693}, "winery": {"description": "Rang vom Weingut", "total": 648, "rank": 215}, "global": {"description": "Weltweiter Rang", "total": 8825176, "rank": 1167846}}, "wine_facts": {"alcohol": 13, "ph": 0, "contains_milk_allergens": true, "contains_egg_allergens": true, "closure": "cork"}, "winemaker": "Domaines Schlumberger", "wine_maker": {"id": 11277, "name": "Domaines Schlumberger"}, "grape_composition": {"36": 100}, "year": 2017, "grapes": [{"id": 36, "name": "Pinot Blanc", "seo_name": "pinot-blanc", "has_detailed_info": false, "wines_count": 48247}], "has_valid_ratings": true}, "carts": null, "price_range": {"currency": {"code": "EUR", "name": "Euros", "prefix": "\u20ac", "suffix": null}, "price_range": {"minimum": 0, "maximum": 500, "currency_code": "EUR"}, "defaults": {"minimum": 7, "maximum": 30, "currency_code": "EUR"}}, "subtotal_price": null, "full_region": null, "tastes": null, "wine": {"id": 12323, "name": "Les Princes Abb\u00e9s Pinot Blanc Alsace", "seo_name": "les-princes-abbes-pinot-blanc-alsace", "type_id": 2, "vintage_type": 0, "is_natural": false, "region": {"id": 387, "name": "Elsass", "name_en": "Vin d'Alsace", "seo_name": "alsace", "country": {"code": "fr", "name": "Frankreich", "native_name": "France", "seo_name": "france", "currency": {"code": "EUR", "name": "Euros", "prefix": "\u20ac", "suffix": null}, "regions_count": 1291, "users_count": 4913559, "wines_count": 537022, "wineries_count": 66898, "most_used_grapes": [{"id": 14, "name": "Pinot Noir", "seo_name": "pinot-noir", "has_detailed_info": true, "wines_count": 565547}, {"id": 10, "name": "Merlot", "seo_name": "merlot", "has_detailed_info": true, "wines_count": 560926}, {"id": 5, "name": "Chardonnay", "seo_name": "chardonnay", "has_detailed_info": true, "wines_count": 597329}]}, "parent_id": null, "background_image": {"location": "//images.vivino.com/regions/backgrounds/n9vcTbetTYeiupq175Mgig.jpg", "variations": {"large": "//thumbs.vivino.com/region_backgrounds/n9vcTbetTYeiupq175Mgig_1280x760.jpg", "medium": "//thumbs.vivino.com/region_backgrounds/n9vcTbetTYeiupq175Mgig_600x356.jpg"}}, "class": {"typecast_map": {"background_image": {}, "class": {}}}, "statistics": {"wineries_count": 1612, "wines_count": 21765, "sub_regions_count": 2, "parent_regions_count": 0}}, "review_status": 2, "winery": {"id": 2800, "name": "Domaines Schlumberger", "seo_name": "domaines-schlumberger", "status": 1, "review_status": "Completed", "background_image": null, "statistics": {"ratings_count": 28211, "ratings_average": 3.9, "labels_count": 149716, "wines_count": 40}, "region": {"id": 387, "name": "Alsace", "name_en": "Vin d'Alsace", "seo_name": "alsace", "country": {"code": "fr", "name": "Frankreich", "native_name": "France", "seo_name": "france", "currency": {"code": "EUR", "name": "Euros", "prefix": "\u20ac", "suffix": null}, "regions_count": 1291, "users_count": 4913559, "wines_count": 537022, "wineries_count": 66898, "most_used_grapes": [{"id": 14, "name": "Pinot Noir", "seo_name": "pinot-noir", "has_detailed_info": true, "wines_count": 565547}, {"id": 10, "name": "Merlot", "seo_name": "merlot", "has_detailed_info": true, "wines_count": 560926}, {"id": 5, "name": "Chardonnay", "seo_name": "chardonnay", "has_detailed_info": true, "wines_count": 597329}]}, "parent_id": null, "background_image": {"location": "//images.vivino.com/regions/backgrounds/n9vcTbetTYeiupq175Mgig.jpg", "variations": {"large": "//thumbs.vivino.com/region_backgrounds/n9vcTbetTYeiupq175Mgig_1280x760.jpg", "medium": "//thumbs.vivino.com/region_backgrounds/n9vcTbetTYeiupq175Mgig_600x356.jpg"}}, "class": {"typecast_map": {"background_image": {}, "class": {}}}, "statistics": {"wineries_count": 1612, "wines_count": 21765, "sub_regions_count": 2, "parent_regions_count": 0}}, "business_name": "Domaines Schlumberger", "description": "Vignerons r\u00e9coltants, nous vinifions exclusivement notre propre r\u00e9colte. Nous n\u2019achetons ni raisins, ni jus, ni vins.", "specialists_notes": "", "phone": "+33(0)389742700", "email": "thomas@domaines-schlumberger.com", "facebook": "https://www.facebook.com/domaines-schlumberger-122565751106375", "instagram": "@domainesschlumberger", "is_claimed": true, "twitter": "", "website": "http://www.domaines-schlumberger.com", "winemaker": "Alain Freyburger", "wine_maker": {"id": 7803, "name": "Alain Freyburger"}, "address": {"title": null, "name": null, "street": "100, rue Theodore Deck", "street2": null, "neighborhood": null, "city": "GUEBWILLER", "zip": "68500", "state": null, "country": {"code": "fr", "name": "Frankreich", "native_name": "France", "seo_name": "france", "currency": {"code": "EUR", "name": "Euros", "prefix": "\u20ac", "suffix": null}, "regions_count": 1291, "users_count": 4913559, "wines_count": 537022, "wineries_count": 66898, "most_used_grapes": [{"id": 14, "name": "Pinot Noir", "seo_name": "pinot-noir", "has_detailed_info": true, "wines_count": 565547}, {"id": 10, "name": "Merlot", "seo_name": "merlot", "has_detailed_info": true, "wines_count": 560926}, {"id": 5, "name": "Chardonnay", "seo_name": "chardonnay", "has_detailed_info": true, "wines_count": 597329}]}, "company": null, "phone": null, "external_id": null, "residential": null, "vat_number": null, "vat_code": null, "addition": null}, "image": {"location": "//images.vivino.com/wineries/2800/logos/okkPLweVR-mA8bFbpk2A5g.jpeg", "variations": {"large": "//thumbs.vivino.com/wineries/2800/logos/okkPLweVR-mA8bFbpk2A5g_500x500.jpeg", "medium": "//thumbs.vivino.com/wineries/2800/logos/okkPLweVR-mA8bFbpk2A5g_200x200.jpeg", "small_square": "//thumbs.vivino.com/wineries/2800/logos/okkPLweVR-mA8bFbpk2A5g_80x80.jpeg"}}, "location": {"latitude": 47.91161, "longitude": 7.205877}, "winery_group": null, "first_wines": [], "sponsored_entity_type": null, "sponsored_entity": null}, "statistics": {"status": "Normal", "ratings_count": 2387, "ratings_average": 3.7, "labels_count": 12523, "vintages_count": 37}, "rank": {"country": {"description": "Rang von Frankreich", "total": 314263, "rank": 24793}, "region": {"description": "Rang von Weinregion", "total": 21049, "rank": 1064}, "winery": {"description": "Rang vom Weingut", "total": 38, "rank": 18}, "wine_type": {"description": "Rang in allen Wei\u00dfwein", "total": 394072, "rank": 22493}, "global": {"description": "Weltweiter Rang", "total": 1287383, "rank": 91812}}, "hidden": false, "vintages": [{"id": 161873729, "seo_name": "domaines-schlumberger-les-princes-abbes-pinot-blanc-alsace-2019", "name": "Domaines Schlumberger Les Princes Abb\u00e9s Pinot Blanc Alsace 2019", "statistics": {"status": "Normal", "ratings_count": 31, "ratings_average": 3.6, "labels_count": 362, "reviews_count": 12}, "year": 2019, "grapes": null, "has_valid_ratings": true}, {"id": 159506003, "seo_name": "domaines-schlumberger-les-princes-abbes-pinot-blanc-alsace-2018", "name": "Domaines Schlumberger Les Princes Abb\u00e9s Pinot Blanc Alsace 2018", "statistics": {"status": "Normal", "ratings_count": 206, "ratings_average": 3.8, "labels_count": 1851, "reviews_count": 103}, "year": 2018, "grapes": null, "has_valid_ratings": true}, {"id": 154861238, "seo_name": "domaines-schlumberger-les-princes-abbes-pinot-blanc-alsace-2017", "name": "Domaines Schlumberger Les Princes Abb\u00e9s Pinot Blanc Alsace 2017", "statistics": {"status": "Normal", "ratings_count": 203, "ratings_average": 3.6, "labels_count": 936, "reviews_count": 89}, "year": 2017, "grapes": null, "has_valid_ratings": true}, {"id": 146717045, "seo_name": "domaines-schlumberger-les-princes-abbes-pinot-blanc-alsace-2016", "name": "Domaines Schlumberger Les Princes Abb\u00e9s Pinot Blanc Alsace 2016", "statistics": {"status": "Normal", "ratings_count": 482, "ratings_average": 3.9, "labels_count": 2855, "reviews_count": 215}, "year": 2016, "grapes": null, "has_valid_ratings": true}, {"id": 18978993, "seo_name": "domaines-schlumberger-les-princes-abbes-pinot-blanc-alsace-2015", "name": "Domaines Schlumberger Les Princes Abb\u00e9s Pinot Blanc Alsace 2015", "statistics": {"status": "Normal", "ratings_count": 323, "ratings_average": 3.8, "labels_count": 1667, "reviews_count": 124}, "year": 2015, "grapes": null, "has_valid_ratings": true}, {"id": 24699985, "seo_name": "domaines-schlumberger-les-princes-abbes-pinot-blanc-alsace-2014", "name": "Domaines Schlumberger Les Princes Abb\u00e9s Pinot Blanc Alsace 2014", "statistics": {"status": "Normal", "ratings_count": 317, "ratings_average": 3.7, "labels_count": 1380, "reviews_count": 119}, "year": 2014, "grapes": null, "has_valid_ratings": true}, {"id": 6877525, "seo_name": "domaines-schlumberger-les-princes-abbes-pinot-blanc-alsace-2013", "name": "Domaines Schlumberger Les Princes Abb\u00e9s Pinot Blanc Alsace 2013", "statistics": {"status": "Normal", "ratings_count": 215, "ratings_average": 3.7, "labels_count": 868, "reviews_count": 91}, "year": 2013, "grapes": null, "has_valid_ratings": true}, {"id": 3689033, "seo_name": "domaines-schlumberger-les-princes-abbes-pinot-blanc-alsace-2012", "name": "Domaines Schlumberger Les Princes Abb\u00e9s Pinot Blanc Alsace 2012", "statistics": {"status": "Normal", "ratings_count": 187, "ratings_average": 3.7, "labels_count": 804, "reviews_count": 80}, "year": 2012, "grapes": null, "has_valid_ratings": true}, {"id": 2275853, "seo_name": "domaines-schlumberger-les-princes-abbes-pinot-blanc-alsace-2011", "name": "Domaines Schlumberger Les Princes Abb\u00e9s Pinot Blanc Alsace 2011", "statistics": {"status": "Normal", "ratings_count": 180, "ratings_average": 3.5, "labels_count": 657, "reviews_count": 78}, "year": 2011, "grapes": null, "has_valid_ratings": true}, {"id": 1363449, "seo_name": "domaines-schlumberger-les-princes-abbes-pinot-blanc-alsace-2010", "name": "Domaines Schlumberger Les Princes Abb\u00e9s Pinot Blanc Alsace 2010", "statistics": {"status": "Normal", "ratings_count": 47, "ratings_average": 3.6, "labels_count": 306, "reviews_count": 17}, "year": 2010, "grapes": null, "has_valid_ratings": true}, {"id": 1721923, "seo_name": "domaines-schlumberger-les-princes-abbes-pinot-blanc-alsace-2009", "name": "Domaines Schlumberger Les Princes Abb\u00e9s Pinot Blanc Alsace 2009", "statistics": {"status": "Normal", "ratings_count": 26, "ratings_average": 3.8, "labels_count": 128, "reviews_count": 8}, "year": 2009, "grapes": null, "has_valid_ratings": true}, {"id": 1304505, "seo_name": "domaines-schlumberger-les-princes-abbes-pinot-blanc-alsace-2008", "name": "Domaines Schlumberger Les Princes Abb\u00e9s Pinot Blanc Alsace 2008", "statistics": {"status": "Normal", "ratings_count": 18, "ratings_average": 3.8, "labels_count": 137, "reviews_count": 5}, "year": 2008, "grapes": null, "has_valid_ratings": true}, {"id": 93262, "seo_name": "domaines-schlumberger-les-princes-abbes-pinot-blanc-alsace-2007", "name": "Domaines Schlumberger Les Princes Abb\u00e9s Pinot Blanc Alsace 2007", "statistics": {"status": "Normal", "ratings_count": 38, "ratings_average": 3.6, "labels_count": 273, "reviews_count": 13}, "year": 2007, "grapes": null, "has_valid_ratings": true}, {"id": 12967, "seo_name": "domaines-schlumberger-les-princes-abbes-pinot-blanc-alsace-2006", "name": "Domaines Schlumberger Les Princes Abb\u00e9s Pinot Blanc Alsace 2006", "statistics": {"status": "BelowThreshold", "ratings_count": 8, "ratings_average": 0, "labels_count": 50, "reviews_count": 1}, "year": 2006, "grapes": null, "has_valid_ratings": false}, {"id": 83541, "seo_name": "domaines-schlumberger-les-princes-abbes-pinot-blanc-alsace-2005", "name": "Domaines Schlumberger Les Princes Abb\u00e9s Pinot Blanc Alsace 2005", "statistics": {"status": "BelowThreshold", "ratings_count": 8, "ratings_average": 0, "labels_count": 61, "reviews_count": 1}, "year": 2005, "grapes": null, "has_valid_ratings": false}, {"id": 2161390, "seo_name": "domaines-schlumberger-les-princes-abbes-pinot-blanc-alsace-2004", "name": "Domaines Schlumberger Les Princes Abb\u00e9s Pinot Blanc Alsace 2004", "statistics": {"status": "BelowThreshold", "ratings_count": 4, "ratings_average": 0, "labels_count": 30, "reviews_count": 4}, "year": 2004, "grapes": null, "has_valid_ratings": false}, {"id": 3216719, "seo_name": "domaines-schlumberger-les-princes-abbes-pinot-blanc-alsace-2003", "name": "Domaines Schlumberger Les Princes Abb\u00e9s Pinot Blanc Alsace 2003", "statistics": {"status": "BelowThreshold", "ratings_count": 2, "ratings_average": 0, "labels_count": 19, "reviews_count": 2}, "year": 2003, "grapes": null, "has_valid_ratings": false}, {"id": 3542498, "seo_name": "domaines-schlumberger-les-princes-abbes-pinot-blanc-alsace-2001", "name": "Domaines Schlumberger Les Princes Abb\u00e9s Pinot Blanc Alsace 2001", "statistics": {"status": "BelowThreshold", "ratings_count": 1, "ratings_average": 0, "labels_count": 11, "reviews_count": 0}, "year": 2001, "grapes": null, "has_valid_ratings": false}, {"id": 16981569, "seo_name": "domaines-schlumberger-les-princes-abbes-pinot-blanc-alsace-2000", "name": "Domaines Schlumberger Les Princes Abb\u00e9s Pinot Blanc Alsace 2000", "statistics": {"status": "BelowThreshold", "ratings_count": 1, "ratings_average": 0, "labels_count": 12, "reviews_count": 1}, "year": 2000, "grapes": null, "has_valid_ratings": false}, {"id": 142658076, "seo_name": "domaines-schlumberger-les-princes-abbes-pinot-blanc-alsace-1998", "name": "Domaines Schlumberger Les Princes Abb\u00e9s Pinot Blanc Alsace 1998", "statistics": {"status": "BelowThreshold", "ratings_count": 2, "ratings_average": 0, "labels_count": 13, "reviews_count": 0}, "year": 1998, "grapes": null, "has_valid_ratings": false}, {"id": 4733281, "seo_name": "domaines-schlumberger-les-princes-abbes-pinot-blanc-alsace-uv", "name": "Domaines Schlumberger Les Princes Abb\u00e9s Pinot Blanc Alsace", "statistics": {"status": "Normal", "ratings_count": 2387, "ratings_average": 3.7, "labels_count": 23, "reviews_count": 33}, "year": 0, "grapes": null, "has_valid_ratings": true}], "description": "The colour is light lemon yellow with green reflections, of average intensity.The disk is bright, limpid and transparent. The wine is agreeably young.The nose is open and pleasant, with a deep intensity.", "grapes": [{"id": 36, "name": "Pinot Blanc", "seo_name": "pinot-blanc", "has_detailed_info": false, "wines_count": 48247}], "foods": [{"id": 12, "name": "Fetthaltiger Fisch (Lachs, Thunfisch etc.)", "background_image": {"location": "//images.vivino.com/backgrounds/foods/12_richfish.png", "variations": {"small": "//images.vivino.com/backgrounds/foods/thumbs/12_richfish_932x810.png"}}, "seo_name": null}, {"id": 13, "name": "Schalentiere", "background_image": {"location": "//images.vivino.com/backgrounds/foods/13_shellfish.png", "variations": {"small": "//images.vivino.com/backgrounds/foods/thumbs/13_shellfish_932x810.png"}}, "seo_name": "shellfish"}, {"id": 35, "name": "Milde K\u00e4sesorten und Weichk\u00e4se", "background_image": {"location": "//images.vivino.com/backgrounds/foods/35_softcheese.png", "variations": {"small": "//images.vivino.com/backgrounds/foods/thumbs/35_softcheese_932x810.png"}}, "seo_name": null}, {"id": 41, "name": "Ger\u00e4ucherte Fleischprodukte", "background_image": {"location": "//images.vivino.com/backgrounds/foods/41_curedmeat.png", "variations": {"small": "//images.vivino.com/backgrounds/foods/thumbs/41_curedmeat_932x810.png"}}, "seo_name": null}], "non_vintage": false, "alcohol": 13.37, "sweetness_id": 5, "closure": "cork", "vintage_mask_raw": null, "updated_at": "2021-11-09T16:32:49Z", "created_at": "2009-02-13T00:57:31Z", "is_first_wine": false, "style": {"id": 139, "seo_name": "alsace-pinot-blanc", "regional_name": "Elsass", "varietal_name": "Pinot Blanc", "name": "Pinot Blanc Elsass Frankreich", "image": null, "background_image": null, "description": null, "blurb": null, "interesting_facts": null, "body": 4, "body_description": "Voller K\u00f6rper", "acidity": 3, "acidity_description": "Hoch", "country": {"code": "fr", "name": "Frankreich", "native_name": "France", "seo_name": "france", "currency": {"code": "EUR", "name": "Euros", "prefix": "\u20ac", "suffix": null}, "regions_count": 1291, "users_count": 4913559, "wines_count": 537022, "wineries_count": 66898, "most_used_grapes": [{"id": 14, "name": "Pinot Noir", "seo_name": "pinot-noir", "has_detailed_info": true, "wines_count": 565547}, {"id": 10, "name": "Merlot", "seo_name": "merlot", "has_detailed_info": true, "wines_count": 560926}, {"id": 5, "name": "Chardonnay", "seo_name": "chardonnay", "has_detailed_info": true, "wines_count": 597329}]}, "wine_type_id": 2, "food": [{"id": 12, "name": "Rich fish (salmon, tuna etc)", "background_image": {"location": "//images.vivino.com/backgrounds/foods/12_richfish.png", "variations": {"small": "//images.vivino.com/backgrounds/foods/thumbs/12_richfish_932x810.png"}}, "seo_name": null}, {"id": 13, "name": "Shellfish", "background_image": {"location": "//images.vivino.com/backgrounds/foods/13_shellfish.png", "variations": {"small": "//images.vivino.com/backgrounds/foods/thumbs/13_shellfish_932x810.png"}}, "seo_name": "shellfish"}, {"id": 35, "name": "Mild and soft cheese", "background_image": {"location": "//images.vivino.com/backgrounds/foods/35_softcheese.png", "variations": {"small": "//images.vivino.com/backgrounds/foods/thumbs/35_softcheese_932x810.png"}}, "seo_name": null}, {"id": 41, "name": "Cured Meat", "background_image": {"location": "//images.vivino.com/backgrounds/foods/41_curedmeat.png", "variations": {"small": "//images.vivino.com/backgrounds/foods/thumbs/41_curedmeat_932x810.png"}}, "seo_name": null}], "grapes": [{"id": 36, "name": "Pinot Blanc", "seo_name": "pinot-blanc", "has_detailed_info": false, "wines_count": 48247}], "region": {"id": 387, "name": "Elsass", "name_en": "Vin d'Alsace", "seo_name": "alsace", "country": {"code": "fr", "name": "Frankreich", "native_name": "France", "seo_name": "france", "currency": {"code": "EUR", "name": "Euros", "prefix": "\u20ac", "suffix": null}, "regions_count": 1291, "users_count": 4913559, "wines_count": 537022, "wineries_count": 66898, "most_used_grapes": [{"id": 14, "name": "Pinot Noir", "seo_name": "pinot-noir", "has_detailed_info": true, "wines_count": 565547}, {"id": 10, "name": "Merlot", "seo_name": "merlot", "has_detailed_info": true, "wines_count": 560926}, {"id": 5, "name": "Chardonnay", "seo_name": "chardonnay", "has_detailed_info": true, "wines_count": 597329}]}, "parent_id": null, "background_image": {"location": "//images.vivino.com/regions/backgrounds/n9vcTbetTYeiupq175Mgig.jpg", "variations": {"large": "//thumbs.vivino.com/region_backgrounds/n9vcTbetTYeiupq175Mgig_1280x760.jpg", "medium": "//thumbs.vivino.com/region_backgrounds/n9vcTbetTYeiupq175Mgig_600x356.jpg"}}, "class": {"typecast_map": {"background_image": {}, "class": {}}}, "statistics": {"wineries_count": 1611, "wines_count": 21782, "sub_regions_count": 2, "parent_regions_count": 0}}}, "has_valid_ratings": true}, "price": {"id": 22861467, "vintage_id": 154861238, "amount": 10.9, "type": "vc", "currency": {"code": "EUR", "name": "Euros", "prefix": "\u20ac", "suffix": null}, "bottle_type_id": 1, "inventory_bottles_count": null, "url": "https://www.bremer-weinkolleg.de/Weissweine/Pinot-Blanc-Les-Princes-Abb-s-bwk.html?utm_medium=pref-cpc&utm_source=vivino-ppc", "message": "", "producer_address": "", "importer_address": "", "discounted_from": null, "bottle_type": {"id": 1, "name": "Flasche (0,75\u00a0l)", "short_name": "Flasche", "short_name_plural": "Flaschen", "volume_ml": 750}}, "highlights": [{"vintage_id": 154861238, "highlight_type": "oldest_available", "message": "\u00c4ltester Jahrgang", "icon": "https://images.vivino.com/highlights/icon/oldest_available.svg", "metadata": {"price": {"id": 22861467, "type": "vc", "amount": 10.9, "currency": {"code": "EUR", "name": "Euros", "prefix": "\u20ac", "suffix": null}, "discounted_from": null}, "wine_id": 12323, "toplist": null, "ws_award": null, "critic_review_id": null, "ratings_average": 3.6, "ratings_count": 203, "vintage_year": "2017", "rank_type": "region", "ranks": {"country": {"description": "Rang von Frankreich", "total": 2463485, "rank": 321766}, "region": {"description": "Rang von Weinregion", "total": 158968, "rank": 15693}, "winery": {"description": "Rang vom Weingut", "total": 648, "rank": 215}, "global": {"description": "Weltweiter Rang", "total": 8825176, "rank": 1167846}}, "style": {"id": 139, "seo_name": "alsace-pinot-blanc", "regional_name": "Elsass", "varietal_name": "Pinot Blanc", "name": "Pinot Blanc Elsass Frankreich", "image": null, "background_image": null, "description": null, "blurb": null, "interesting_facts": null, "body": 4, "body_description": "Voller K\u00f6rper", "acidity": 3, "acidity_description": "Hoch", "country": {"code": "fr", "name": "Frankreich", "native_name": "France", "seo_name": "france", "currency": {"code": "EUR", "name": "Euros", "prefix": "\u20ac", "suffix": null}, "regions_count": 1291, "users_count": 4913559, "wines_count": 537022, "wineries_count": 66898, "most_used_grapes": [{"id": 14, "name": "Pinot Noir", "seo_name": "pinot-noir", "has_detailed_info": true, "wines_count": 565547}, {"id": 10, "name": "Merlot", "seo_name": "merlot", "has_detailed_info": true, "wines_count": 560926}, {"id": 5, "name": "Chardonnay", "seo_name": "chardonnay", "has_detailed_info": true, "wines_count": 597329}]}, "wine_type_id": 2, "food": [{"id": 12, "name": "Rich fish (salmon, tuna etc)", "background_image": {"location": "//images.vivino.com/backgrounds/foods/12_richfish.png", "variations": {"small": "//images.vivino.com/backgrounds/foods/thumbs/12_richfish_932x810.png"}}, "seo_name": null}, {"id": 13, "name": "Shellfish", "background_image": {"location": "//images.vivino.com/backgrounds/foods/13_shellfish.png", "variations": {"small": "//images.vivino.com/backgrounds/foods/thumbs/13_shellfish_932x810.png"}}, "seo_name": "shellfish"}, {"id": 35, "name": "Mild and soft cheese", "background_image": {"location": "//images.vivino.com/backgrounds/foods/35_softcheese.png", "variations": {"small": "//images.vivino.com/backgrounds/foods/thumbs/35_softcheese_932x810.png"}}, "seo_name": null}, {"id": 41, "name": "Cured Meat", "background_image": {"location": "//images.vivino.com/backgrounds/foods/41_curedmeat.png", "variations": {"small": "//images.vivino.com/backgrounds/foods/thumbs/41_curedmeat_932x810.png"}}, "seo_name": null}], "grapes": [{"id": 36, "name": "Pinot Blanc", "seo_name": "pinot-blanc", "has_detailed_info": false, "wines_count": 48247}], "region": {"id": 387, "name": "Elsass", "name_en": "Vin d'Alsace", "seo_name": "alsace", "country": {"code": "fr", "name": "Frankreich", "native_name": "France", "seo_name": "france", "currency": {"code": "EUR", "name": "Euros", "prefix": "\u20ac", "suffix": null}, "regions_count": 1291, "users_count": 4913559, "wines_count": 537022, "wineries_count": 66898, "most_used_grapes": [{"id": 14, "name": "Pinot Noir", "seo_name": "pinot-noir", "has_detailed_info": true, "wines_count": 565547}, {"id": 10, "name": "Merlot", "seo_name": "merlot", "has_detailed_info": true, "wines_count": 560926}, {"id": 5, "name": "Chardonnay", "seo_name": "chardonnay", "has_detailed_info": true, "wines_count": 597329}]}, "parent_id": null, "background_image": {"location": "//images.vivino.com/regions/backgrounds/n9vcTbetTYeiupq175Mgig.jpg", "variations": {"large": "//thumbs.vivino.com/region_backgrounds/n9vcTbetTYeiupq175Mgig_1280x760.jpg", "medium": "//thumbs.vivino.com/region_backgrounds/n9vcTbetTYeiupq175Mgig_600x356.jpg"}}, "class": {"typecast_map": {"background_image": {}, "class": {}}}, "statistics": {"wineries_count": 1611, "wines_count": 21782, "sub_regions_count": 2, "parent_regions_count": 0}}}}}, {"vintage_id": 154861238, "highlight_type": "cheapest_available", "message": "G\u00fcnstigster verf\u00fcgbarer Jahrgang", "icon": "https://images.vivino.com/highlights/icon/cheapest_available.svg", "metadata": {"price": {"id": 22861467, "type": "vc", "amount": 10.9, "currency": {"code": "EUR", "name": "Euros", "prefix": "\u20ac", "suffix": null}, "discounted_from": null}, "wine_id": 12323, "toplist": null, "ws_award": null, "critic_review_id": null, "ratings_average": 3.6, "ratings_count": 203, "vintage_year": "2017", "rank_type": "region", "ranks": {"country": {"description": "Rang von Frankreich", "total": 2463485, "rank": 321766}, "region": {"description": "Rang von Weinregion", "total": 158968, "rank": 15693}, "winery": {"description": "Rang vom Weingut", "total": 648, "rank": 215}, "global": {"description": "Weltweiter Rang", "total": 8825176, "rank": 1167846}}, "style": {"id": 139, "seo_name": "alsace-pinot-blanc", "regional_name": "Elsass", "varietal_name": "Pinot Blanc", "name": "Pinot Blanc Elsass Frankreich", "image": null, "background_image": null, "description": null, "blurb": null, "interesting_facts": null, "body": 4, "body_description": "Voller K\u00f6rper", "acidity": 3, "acidity_description": "Hoch", "country": {"code": "fr", "name": "Frankreich", "native_name": "France", "seo_name": "france", "currency": {"code": "EUR", "name": "Euros", "prefix": "\u20ac", "suffix": null}, "regions_count": 1291, "users_count": 4913559, "wines_count": 537022, "wineries_count": 66898, "most_used_grapes": [{"id": 14, "name": "Pinot Noir", "seo_name": "pinot-noir", "has_detailed_info": true, "wines_count": 565547}, {"id": 10, "name": "Merlot", "seo_name": "merlot", "has_detailed_info": true, "wines_count": 560926}, {"id": 5, "name": "Chardonnay", "seo_name": "chardonnay", "has_detailed_info": true, "wines_count": 597329}]}, "wine_type_id": 2, "food": [{"id": 12, "name": "Rich fish (salmon, tuna etc)", "background_image": {"location": "//images.vivino.com/backgrounds/foods/12_richfish.png", "variations": {"small": "//images.vivino.com/backgrounds/foods/thumbs/12_richfish_932x810.png"}}, "seo_name": null}, {"id": 13, "name": "Shellfish", "background_image": {"location": "//images.vivino.com/backgrounds/foods/13_shellfish.png", "variations": {"small": "//images.vivino.com/backgrounds/foods/thumbs/13_shellfish_932x810.png"}}, "seo_name": "shellfish"}, {"id": 35, "name": "Mild and soft cheese", "background_image": {"location": "//images.vivino.com/backgrounds/foods/35_softcheese.png", "variations": {"small": "//images.vivino.com/backgrounds/foods/thumbs/35_softcheese_932x810.png"}}, "seo_name": null}, {"id": 41, "name": "Cured Meat", "background_image": {"location": "//images.vivino.com/backgrounds/foods/41_curedmeat.png", "variations": {"small": "//images.vivino.com/backgrounds/foods/thumbs/41_curedmeat_932x810.png"}}, "seo_name": null}], "grapes": [{"id": 36, "name": "Pinot Blanc", "seo_name": "pinot-blanc", "has_detailed_info": false, "wines_count": 48247}], "region": {"id": 387, "name": "Elsass", "name_en": "Vin d'Alsace", "seo_name": "alsace", "country": {"code": "fr", "name": "Frankreich", "native_name": "France", "seo_name": "france", "currency": {"code": "EUR", "name": "Euros", "prefix": "\u20ac", "suffix": null}, "regions_count": 1291, "users_count": 4913559, "wines_count": 537022, "wineries_count": 66898, "most_used_grapes": [{"id": 14, "name": "Pinot Noir", "seo_name": "pinot-noir", "has_detailed_info": true, "wines_count": 565547}, {"id": 10, "name": "Merlot", "seo_name": "merlot", "has_detailed_info": true, "wines_count": 560926}, {"id": 5, "name": "Chardonnay", "seo_name": "chardonnay", "has_detailed_info": true, "wines_count": 597329}]}, "parent_id": null, "background_image": {"location": "//images.vivino.com/regions/backgrounds/n9vcTbetTYeiupq175Mgig.jpg", "variations": {"large": "//thumbs.vivino.com/region_backgrounds/n9vcTbetTYeiupq175Mgig_1280x760.jpg", "medium": "//thumbs.vivino.com/region_backgrounds/n9vcTbetTYeiupq175Mgig_600x356.jpg"}}, "class": {"typecast_map": {"background_image": {}, "class": {}}}, "statistics": {"wineries_count": 1611, "wines_count": 21782, "sub_regions_count": 2, "parent_regions_count": 0}}}}}], "merchant": {"id": 1809, "name": "Bremer Weinkolleg", "seo_name": "bremer-weinkolleg", "legal_name": null, "description": "Versandkostenfrei f\u00fcr Bestellungen ab 80 EUR", "country": {"code": "de", "name": "Deutschland", "native_name": "Deutschland", "seo_name": "germany", "currency": {"code": "EUR", "name": "Euros", "prefix": "\u20ac", "suffix": null}, "regions_count": 210, "users_count": 2117308, "wines_count": 197796, "wineries_count": 13493, "most_used_grapes": [{"id": 15, "name": "Riesling", "seo_name": "riesling", "has_detailed_info": true, "wines_count": 259925}, {"id": 299, "name": "Sp\u00e4tburgunder", "seo_name": "spatburgunder", "has_detailed_info": false, "wines_count": 49659}, {"id": 355, "name": "Weissburgunder", "seo_name": "weissburgunder", "has_detailed_info": false, "wines_count": 33123}]}, "state": null, "status": 3, "image": {"location": "//images.vivino.com/merchants/originals/p1dao3oq00001oh.jpg", "variations": {"large_square": "//images.vivino.com/merchants/thumbs/p1dao3oq00001oh_400x400.jpg", "medium_square": "//images.vivino.com/merchants/thumbs/p1dao3oq00001oh_320x320.jpg", "small_square": "//images.vivino.com/merchants/thumbs/p1dao3oq00001oh_160x160.jpg"}}, "shipping_estimate": "Lieferung voraussichtlich zwischen Di, 21.\u00a0Dez und Do, 23.\u00a0Dez", "impressum_url": "https://www.bremer-weinkolleg.de/Impressum/", "tos_url": "https://www.bremer-weinkolleg.de/AGB/", "vc_clearing_system": 0, "hidden": false}, "sold_out": false, "prices_and_availability": {"market": {"country": "de", "currency": {"code": "EUR", "name": "Euros", "prefix": "\u20ac", "suffix": null}}, "availability": {"vintage": {"id": 154861238, "year": 2017, "grapes": null, "has_valid_ratings": false}, "median": {"amount": 10.9, "type": "market", "discounted_from": null}, "price": {"id": 22861467, "amount": 10.9, "discounted_from": 0.0, "type": "vc"}}, "merchants_with_prices": [{"merchant": {"id": 1809, "name": "Bremer Weinkolleg", "seo_name": "bremer-weinkolleg", "legal_name": null, "description": "Versandkostenfrei f\u00fcr Bestellungen ab 80 EUR", "country": {"code": "de", "name": "Deutschland", "native_name": "Deutschland", "seo_name": "germany", "currency": {"code": "EUR", "name": "Euros", "prefix": "\u20ac", "suffix": null}, "regions_count": 210, "users_count": 2117308, "wines_count": 197796, "wineries_count": 13493, "most_used_grapes": [{"id": 15, "name": "Riesling", "seo_name": "riesling", "has_detailed_info": true, "wines_count": 259925}, {"id": 299, "name": "Sp\u00e4tburgunder", "seo_name": "spatburgunder", "has_detailed_info": false, "wines_count": 49659}, {"id": 355, "name": "Weissburgunder", "seo_name": "weissburgunder", "has_detailed_info": false, "wines_count": 33123}]}, "state": null, "status": 3, "image": {"location": "//images.vivino.com/merchants/originals/p1dao3oq00001oh.jpg", "variations": {"large_square": "//images.vivino.com/merchants/thumbs/p1dao3oq00001oh_400x400.jpg", "medium_square": "//images.vivino.com/merchants/thumbs/p1dao3oq00001oh_320x320.jpg", "small_square": "//images.vivino.com/merchants/thumbs/p1dao3oq00001oh_160x160.jpg"}}, "shipping_estimate": "Lieferung voraussichtlich zwischen Di, 21.\u00a0Dez und Do, 23.\u00a0Dez", "impressum_url": "https://www.bremer-weinkolleg.de/Impressum/", "tos_url": "https://www.bremer-weinkolleg.de/AGB/", "vc_clearing_system": 0, "hidden": false}, "prices": [{"id": 22861467, "vintage_id": 154861238, "amount": 10.9, "type": "vc", "currency": {"code": "EUR", "name": "Euros", "prefix": "\u20ac", "suffix": null}, "bottle_type_id": 1, "inventory_bottles_count": null, "url": "https://www.bremer-weinkolleg.de/Weissweine/Pinot-Blanc-Les-Princes-Abb-s-bwk.html?utm_medium=pref-cpc&utm_source=vivino-ppc", "message": "", "producer_address": "", "importer_address": "", "discounted_from": null, "bottle_type": {"id": 1, "name": "Flasche (0,75\u00a0l)", "short_name": "Flasche", "short_name_plural": "Flaschen", "volume_ml": 750}}]}, {"merchant": {"id": 1498, "name": "La Kaaf.de", "seo_name": "la-kaaf-de", "legal_name": "la Kaaf - Weinhandel Inh. Stefan Kaaf", "description": "Versandkostenfrei f\u00fcr Bestellungen ab 80 EUR", "country": {"code": "de", "name": "Deutschland", "native_name": "Deutschland", "seo_name": "germany", "currency": {"code": "EUR", "name": "Euros", "prefix": "\u20ac", "suffix": null}, "regions_count": 210, "users_count": 2117308, "wines_count": 197796, "wineries_count": 13493, "most_used_grapes": [{"id": 15, "name": "Riesling", "seo_name": "riesling", "has_detailed_info": true, "wines_count": 259925}, {"id": 299, "name": "Sp\u00e4tburgunder", "seo_name": "spatburgunder", "has_detailed_info": false, "wines_count": 49659}, {"id": 355, "name": "Weissburgunder", "seo_name": "weissburgunder", "has_detailed_info": false, "wines_count": 33123}]}, "state": null, "status": 3, "image": {"location": "//images.vivino.com/merchants/originals/p1ctf4da00001eq.jpg", "variations": {"large_square": "//images.vivino.com/merchants/thumbs/p1ctf4da00001eq_400x400.jpg", "medium_square": "//images.vivino.com/merchants/thumbs/p1ctf4da00001eq_320x320.jpg", "small_square": "//images.vivino.com/merchants/thumbs/p1ctf4da00001eq_160x160.jpg"}}, "shipping_estimate": "Lieferung voraussichtlich zwischen Di, 21.\u00a0Dez und Di, 28.\u00a0Dez", "impressum_url": "http://www.lakaaf.de/Specials/Impressum/", "tos_url": "http://www.lakaaf.de/Specials/AGB/", "vc_clearing_system": 0, "hidden": false}, "prices": [{"id": 23230051, "vintage_id": 154861238, "amount": 10.9, "type": "vc", "currency": {"code": "EUR", "name": "Euros", "prefix": "\u20ac", "suffix": null}, "bottle_type_id": 1, "inventory_bottles_count": 80, "url": "https://www.lakaaf.de/Wein-etc/Weisswein/franzoesischer-Weisswein/Schlumberger-Pinot-Blanc-LES-PRINCES-ABBES-Alsace-2016-0-75l.html?utm_medium=pref-cpc&utm_source=vivino-ppc", "message": "", "producer_address": "Domaines Schlumberger | 100, Rue Th. Deck |  FR 68500 GUEBWILLER", "importer_address": "lakaaf.de, Schoeninger Str. 118, 33129 Delbrueck", "discounted_from": null, "bottle_type": {"id": 1, "name": "Flasche (0,75\u00a0l)", "short_name": "Flasche", "short_name_plural": "Flaschen", "volume_ml": 750}}]}, {"merchant": {"id": 265, "name": "Weinunion.de", "seo_name": "weinunion-de", "legal_name": "WeinUnion", "description": "Versandkostenfrei f\u00fcr Bestellungen ab 80 EUR", "country": {"code": "de", "name": "Deutschland", "native_name": "Deutschland", "seo_name": "germany", "currency": {"code": "EUR", "name": "Euros", "prefix": "\u20ac", "suffix": null}, "regions_count": 210, "users_count": 2117308, "wines_count": 197796, "wineries_count": 13493, "most_used_grapes": [{"id": 15, "name": "Riesling", "seo_name": "riesling", "has_detailed_info": true, "wines_count": 259925}, {"id": 299, "name": "Sp\u00e4tburgunder", "seo_name": "spatburgunder", "has_detailed_info": false, "wines_count": 49659}, {"id": 355, "name": "Weissburgunder", "seo_name": "weissburgunder", "has_detailed_info": false, "wines_count": 33123}]}, "state": null, "status": 3, "image": {"location": "//images.vivino.com/merchants/originals/p1cm9n7r0000089.png", "variations": {"large_square": "//images.vivino.com/merchants/thumbs/p1cm9n7r0000089_400x400.jpg", "medium_square": "//images.vivino.com/merchants/thumbs/p1cm9n7r0000089_320x320.jpg", "small_square": "//images.vivino.com/merchants/thumbs/p1cm9n7r0000089_160x160.jpg"}}, "shipping_estimate": "Lieferung voraussichtlich zwischen Di, 21.\u00a0Dez und Fr, 24.\u00a0Dez", "impressum_url": "http://www.weinunion.de/cgi-bin/wein.pl?t=impressum2", "tos_url": "http://www.weinunion.de/cgi-bin/wein.pl?t=agb", "vc_clearing_system": 0, "hidden": false}, "prices": [{"id": 21660619, "vintage_id": 154861238, "amount": 13.15, "type": "vc", "currency": {"code": "EUR", "name": "Euros", "prefix": "\u20ac", "suffix": null}, "bottle_type_id": 1, "inventory_bottles_count": 17, "url": "https://www.weinunion.de/_sku2000015035_pidpa_viv.html?utm_medium=pref-cpc&utm_source=vivino-ppc", "message": "", "producer_address": "Schlumberger,Buschstra\u00dfe 20,53340 Meckenheim,Deutschland", "importer_address": "Schlumberger KG Buschstr. 20 53340 Meckenheim ", "discounted_from": null, "bottle_type": {"id": 1, "name": "Flasche (0,75\u00a0l)", "short_name": "Flasche", "short_name_plural": "Flaschen", "volume_ml": 750}}]}]}, "found_by_merchant_and_sku": null, "is_deal_page": false}