{"tastes": {"structure": {"acidity": 2.9031394, "fizziness": null, "intensity": 4.7203665, "sweetness": 1.6986349, "tannin": 3.3808818, "user_structure_count": 116, "calculated_structure_count": 580}, "flavor": [{"group": "oak", "stats": {"count": 329, "score": 37081, "mentions_count": 378}, "primary_keywords": [{"id": 292, "name": "oak", "count": 158}, {"id": 101, "name": "chocolate", "count": 54}, {"id": 83, "name": "cedar", "count": 41}, {"id": 434, "name": "vanilla", "count": 31}, {"id": 422, "name": "tobacco", "count": 25}, {"id": 117, "name": "coffee", "count": 18}, {"id": 280, "name": "mocha", "count": 18}, {"id": 134, "name": "dark chocolate", "count": 9}, {"id": 103, "name": "cigar", "count": 4}, {"id": 290, "name": "nutmeg", "count": 4}, {"id": 79, "name": "caramel", "count": 3}, {"id": 424, "name": "toffee", "count": 2}, {"id": 407, "name": "sweet tobacco", "count": 2}, {"id": 158, "name": "espresso", "count": 2}, {"id": 112, "name": "clove", "count": 2}, {"id": 104, "name": "cigar box", "count": 2}, {"id": 5, "name": "allspice", "count": 1}, {"id": 21, "name": "baking spice", "count": 1}, {"id": 72, "name": "butterscotch", "count": 1}], "secondary_keywords": [{"id": 242, "name": "leather", "count": 62}, {"id": 384, "name": "smoke", "count": 47}, {"id": 105, "name": "cinnamon", "count": 10}, {"id": 6, "name": "almond", "count": 3}, {"id": 113, "name": "cocoa", "count": 2}, {"id": 68, "name": "burnt caramel", "count": 1}, {"id": 14, "name": "ash", "count": 1}, {"id": 88, "name": "charcoal", "count": 1}]}, {"group": "black_fruit", "stats": {"count": 244, "score": 34935, "mentions_count": 352}, "primary_keywords": [{"id": 334, "name": "plum", "count": 92}, {"id": 49, "name": "blackberry", "count": 65}, {"id": 135, "name": "dark fruit", "count": 60}, {"id": 39, "name": "black fruit", "count": 39}, {"id": 52, "name": "blackcurrant", "count": 31}, {"id": 55, "name": "blueberry", "count": 16}, {"id": 38, "name": "black cherry", "count": 14}, {"id": 470, "name": "cassis", "count": 13}, {"id": 283, "name": "mulberry", "count": 11}, {"id": 229, "name": "jam", "count": 5}, {"id": 57, "name": "bramble", "count": 3}, {"id": 41, "name": "black olive", "count": 2}, {"id": 189, "name": "grape jam", "count": 1}], "secondary_keywords": [{"id": 341, "name": "prune", "count": 7}]}, {"group": "earth", "stats": {"count": 193, "score": 15067, "mentions_count": 166}, "primary_keywords": [{"id": 242, "name": "leather", "count": 62}, {"id": 384, "name": "smoke", "count": 47}, {"id": 156, "name": "earthy", "count": 30}, {"id": 178, "name": "game", "count": 8}, {"id": 113, "name": "cocoa", "count": 2}, {"id": 465, "name": "rubber", "count": 2}, {"id": 22, "name": "balsamic", "count": 2}, {"id": 284, "name": "mushroom", "count": 2}, {"id": 276, "name": "minerals", "count": 2}, {"id": 339, "name": "potting soil", "count": 1}, {"id": 318, "name": "pencil shavings", "count": 1}, {"id": 430, "name": "truffle", "count": 1}, {"id": 412, "name": "tar", "count": 1}, {"id": 85, "name": "chalk", "count": 1}, {"id": 14, "name": "ash", "count": 1}, {"id": 88, "name": "charcoal", "count": 1}, {"id": 165, "name": "forest floor", "count": 1}, {"id": 218, "name": "honey", "count": 1}], "secondary_keywords": [{"id": 422, "name": "tobacco", "count": 25}, {"id": 280, "name": "mocha", "count": 18}, {"id": 134, "name": "dark chocolate", "count": 9}, {"id": 381, "name": "savory", "count": 3}, {"id": 6, "name": "almond", "count": 3}, {"id": 5, "name": "allspice", "count": 1}]}, {"group": "red_fruit", "stats": {"count": 129, "score": 13782, "mentions_count": 135}, "primary_keywords": [{"id": 354, "name": "red fruit", "count": 44}, {"id": 93, "name": "cherry", "count": 42}, {"id": 352, "name": "red cherry", "count": 14}, {"id": 400, "name": "strawberry", "count": 11}, {"id": 348, "name": "raspberry", "count": 6}, {"id": 387, "name": "sour cherry", "count": 5}, {"id": 122, "name": "cranberry", "count": 5}, {"id": 357, "name": "red plum", "count": 4}, {"id": 452, "name": "wild strawberry", "count": 1}, {"id": 353, "name": "red currant", "count": 1}, {"id": 440, "name": "watermelon", "count": 1}, {"id": 336, "name": "pomegranate", "count": 1}], "secondary_keywords": [{"id": 38, "name": "black cherry", "count": 14}, {"id": 229, "name": "jam", "count": 5}, {"id": 176, "name": "fruitcake", "count": 1}]}, {"group": "spices", "stats": {"count": 86, "score": 6671, "mentions_count": 71}, "primary_keywords": [{"id": 320, "name": "pepper", "count": 29}, {"id": 105, "name": "cinnamon", "count": 10}, {"id": 159, "name": "eucalyptus", "count": 7}, {"id": 449, "name": "white pepper", "count": 5}, {"id": 277, "name": "mint", "count": 5}, {"id": 381, "name": "savory", "count": 3}, {"id": 228, "name": "jalapeno", "count": 3}, {"id": 395, "name": "star anise", "count": 2}, {"id": 8, "name": "aniseed", "count": 2}, {"id": 249, "name": "licorice", "count": 2}, {"id": 416, "name": "thyme", "count": 1}, {"id": 273, "name": "menthol", "count": 1}, {"id": 148, "name": "dried herbs", "count": 1}], "secondary_keywords": [{"id": 434, "name": "vanilla", "count": 31}, {"id": 290, "name": "nutmeg", "count": 4}, {"id": 112, "name": "clove", "count": 2}]}, {"group": "microbio", "stats": {"count": 27, "score": 1821, "mentions_count": 17}, "primary_keywords": [{"id": 91, "name": "cheese", "count": 8}, {"id": 23, "name": "banana", "count": 5}, {"id": 123, "name": "cream", "count": 3}, {"id": 73, "name": "campfire", "count": 1}], "secondary_keywords": [{"id": 417, "name": "toast", "count": 3}, {"id": 6, "name": "almond", "count": 3}, {"id": 424, "name": "toffee", "count": 2}, {"id": 284, "name": "mushroom", "count": 2}, {"id": 430, "name": "truffle", "count": 1}]}, {"group": "dried_fruit", "stats": {"count": 21, "score": 1556, "mentions_count": 16}, "primary_keywords": [{"id": 341, "name": "prune", "count": 7}, {"id": 163, "name": "fig", "count": 3}, {"id": 144, "name": "dried cranberry", "count": 2}, {"id": 147, "name": "dried fruit", "count": 2}, {"id": 347, "name": "raisin", "count": 1}, {"id": 176, "name": "fruitcake", "count": 1}], "secondary_keywords": [{"id": 229, "name": "jam", "count": 5}]}, {"group": "non_oak", "stats": {"count": 168, "score": 3492, "mentions_count": 12}, "primary_keywords": [{"id": 417, "name": "toast", "count": 3}, {"id": 6, "name": "almond", "count": 3}, {"id": 291, "name": "nutty", "count": 2}, {"id": 68, "name": "burnt caramel", "count": 1}, {"id": 438, "name": "walnut", "count": 1}, {"id": 35, "name": "biscuit", "count": 1}, {"id": 281, "name": "molasses", "count": 1}], "secondary_keywords": [{"id": 384, "name": "smoke", "count": 47}, {"id": 83, "name": "cedar", "count": 41}, {"id": 434, "name": "vanilla", "count": 31}, {"id": 422, "name": "tobacco", "count": 25}, {"id": 280, "name": "mocha", "count": 18}, {"id": 117, "name": "coffee", "count": 18}, {"id": 105, "name": "cinnamon", "count": 10}, {"id": 290, "name": "nutmeg", "count": 4}, {"id": 79, "name": "caramel", "count": 3}, {"id": 163, "name": "fig", "count": 3}, {"id": 112, "name": "clove", "count": 2}, {"id": 158, "name": "espresso", "count": 2}, {"id": 407, "name": "sweet tobacco", "count": 2}, {"id": 36, "name": "bitter almond", "count": 1}, {"id": 5, "name": "allspice", "count": 1}]}, {"group": "citrus_fruit", "stats": {"count": 6, "score": 700, "mentions_count": 7}, "primary_keywords": [{"id": 106, "name": "citrus", "count": 2}, {"id": 248, "name": "lemon zest", "count": 1}, {"id": 300, "name": "orange peel", "count": 1}, {"id": 301, "name": "orange rind", "count": 1}, {"id": 243, "name": "lemon", "count": 1}, {"id": 302, "name": "orange zest", "count": 1}]}, {"group": "tree_fruit", "stats": {"count": 4, "score": 400, "mentions_count": 4}, "primary_keywords": [{"id": 310, "name": "peach", "count": 2}, {"id": 199, "name": "green fig", "count": 1}, {"id": 195, "name": "green apple", "count": 1}]}, {"group": "vegetal", "stats": {"count": 9, "score": 355, "mentions_count": 3}, "primary_keywords": [{"id": 36, "name": "bitter almond", "count": 1}, {"id": 185, "name": "gooseberry", "count": 1}, {"id": 193, "name": "grass", "count": 1}], "secondary_keywords": [{"id": 381, "name": "savory", "count": 3}, {"id": 6, "name": "almond", "count": 3}]}, {"group": "floral", "stats": {"count": 6, "score": 375, "mentions_count": 3}, "primary_keywords": [{"id": 2, "name": "acacia", "count": 1}, {"id": 436, "name": "violet", "count": 1}, {"id": 152, "name": "dried rose", "count": 1}], "secondary_keywords": [{"id": 381, "name": "savory", "count": 3}]}, {"group": "tropical_fruit", "stats": {"count": 6, "score": 265, "mentions_count": 1}, "primary_keywords": [{"id": 210, "name": "guava", "count": 1}], "secondary_keywords": [{"id": 23, "name": "banana", "count": 5}]}]}, "vivino_id": "77881"}