{"vintage": {"id": 163184995, "seo_name": "verus-furmint-2019", "name": "Verus Furmint 2019", "statistics": {"status": "Normal", "ratings_count": 91, "ratings_average": 3.8, "labels_count": 310, "reviews_count": 37}, "organic_certification_id": null, "certified_biodynamic": null, "image": {"location": "//images.vivino.com/thumbs/05cEi35TSkOaBp-ko2r2ZA_pl_480x640.png", "variations": {"bottle_large": "//images.vivino.com/thumbs/05cEi35TSkOaBp-ko2r2ZA_pb_x960.png", "bottle_medium": "//images.vivino.com/thumbs/05cEi35TSkOaBp-ko2r2ZA_pb_x600.png", "bottle_medium_square": "//images.vivino.com/thumbs/05cEi35TSkOaBp-ko2r2ZA_pb_600x600.png", "bottle_small": "//images.vivino.com/thumbs/05cEi35TSkOaBp-ko2r2ZA_pb_x300.png", "bottle_small_square": "//images.vivino.com/thumbs/05cEi35TSkOaBp-ko2r2ZA_pb_300x300.png", "label": "//images.vivino.com/thumbs/05cEi35TSkOaBp-ko2r2ZA_pl_480x640.png", "label_large": "//images.vivino.com/thumbs/05cEi35TSkOaBp-ko2r2ZA_pl_375x500.png", "label_medium": "//images.vivino.com/thumbs/05cEi35TSkOaBp-ko2r2ZA_pl_150x200.png", "label_medium_square": "//images.vivino.com/thumbs/05cEi35TSkOaBp-ko2r2ZA_pl_150x150.png", "label_small_square": "//images.vivino.com/thumbs/05cEi35TSkOaBp-ko2r2ZA_pl_80x80.png", "large": "//images.vivino.com/thumbs/05cEi35TSkOaBp-ko2r2ZA_pl_375x500.png", "medium": "//images.vivino.com/thumbs/05cEi35TSkOaBp-ko2r2ZA_pl_150x200.png", "medium_square": "//images.vivino.com/thumbs/05cEi35TSkOaBp-ko2r2ZA_pl_150x150.png", "small_square": "//images.vivino.com/thumbs/05cEi35TSkOaBp-ko2r2ZA_pl_80x80.png"}}, "wine": {"id": 1561901, "name": "Furmint", "seo_name": "furmint", "type_id": 2, "vintage_type": 0, "is_natural": false, "region": {"id": 1579, "name": "\u0160tajerska", "name_en": "", "seo_name": "tajerska", "country": {"code": "si", "name": "Slowenien", "native_name": "Slovenija", "seo_name": "slovenia", "currency": {"code": "EUR", "name": "Euros", "prefix": "\u20ac", "suffix": null}, "regions_count": 9, "users_count": 24547, "wines_count": 6279, "wineries_count": 744, "most_used_grapes": [{"id": 5, "name": "Chardonnay", "seo_name": "chardonnay", "has_detailed_info": true, "wines_count": 597329}, {"id": 10, "name": "Merlot", "seo_name": "merlot", "has_detailed_info": true, "wines_count": 560926}, {"id": 17, "name": "Sauvignon Blanc", "seo_name": "sauvignon-blanc", "has_detailed_info": true, "wines_count": 289542}]}, "parent_id": 1565, "background_image": null, "statistics": {"wineries_count": 100, "wines_count": 700, "sub_regions_count": 0, "parent_regions_count": 1}}, "review_status": 2, "winery": {"id": 25403, "name": "Verus", "seo_name": "verus", "status": 1, "review_status": "Completed", "background_image": null, "statistics": {"ratings_count": 5903, "ratings_average": 3.9, "labels_count": 18727, "wines_count": 12}, "region": {"id": 1579, "name": "\u0160tajerska", "name_en": "", "seo_name": "tajerska", "country": {"code": "si", "name": "Slowenien", "native_name": "Slovenija", "seo_name": "slovenia", "currency": {"code": "EUR", "name": "Euros", "prefix": "\u20ac", "suffix": null}, "regions_count": 9, "users_count": 24547, "wines_count": 6279, "wineries_count": 744, "most_used_grapes": [{"id": 5, "name": "Chardonnay", "seo_name": "chardonnay", "has_detailed_info": true, "wines_count": 597329}, {"id": 10, "name": "Merlot", "seo_name": "merlot", "has_detailed_info": true, "wines_count": 560926}, {"id": 17, "name": "Sauvignon Blanc", "seo_name": "sauvignon-blanc", "has_detailed_info": true, "wines_count": 289542}]}, "parent_id": 1565, "background_image": null, "statistics": {"wineries_count": 100, "wines_count": 700, "sub_regions_count": 0, "parent_regions_count": 1}}, "business_name": "Verus Vinogradi (Vineyards)", "description": "", "specialists_notes": "", "phone": "386 0 24407415", "email": "info@verusvino.com", "facebook": "https://www.facebook.com/verus-vineyards-123807782360/", "instagram": "", "is_claimed": true, "twitter": "", "website": "http://www.verusvino.com/", "winemaker": null, "wine_maker": null, "address": {"title": null, "name": null, "street": "Hardek 34", "street2": null, "neighborhood": null, "city": "Ormo\u017e", "zip": "2270", "state": null, "country": {"code": "si", "name": "Slowenien", "native_name": "Slovenija", "seo_name": "slovenia", "currency": {"code": "EUR", "name": "Euros", "prefix": "\u20ac", "suffix": null}, "regions_count": 9, "users_count": 24547, "wines_count": 6279, "wineries_count": 744, "most_used_grapes": [{"id": 5, "name": "Chardonnay", "seo_name": "chardonnay", "has_detailed_info": true, "wines_count": 597329}, {"id": 10, "name": "Merlot", "seo_name": "merlot", "has_detailed_info": true, "wines_count": 560926}, {"id": 17, "name": "Sauvignon Blanc", "seo_name": "sauvignon-blanc", "has_detailed_info": true, "wines_count": 289542}]}, "company": null, "phone": null, "external_id": null, "residential": null, "vat_number": null, "vat_code": null, "addition": null}, "image": null, "location": null, "winery_group": null, "first_wines": [], "sponsored_entity_type": null, "sponsored_entity": null}, "statistics": {"status": "Normal", "ratings_count": 1223, "ratings_average": 3.8, "labels_count": 3817, "vintages_count": 19}, "rank": {"country": {"description": "Rang von Slowenien", "total": 3684, "rank": 151}, "region": {"description": "Rang von Weinregion", "total": 509, "rank": 5}, "winery": {"description": "Rang vom Weingut", "total": 12, "rank": 2}, "wine_type": {"description": "Rang in allen Wei\u00dfwein", "total": 394072, "rank": 15115}, "global": {"description": "Weltweiter Rang", "total": 1287383, "rank": 65166}}, "hidden": false, "vintages": [{"id": 167425501, "seo_name": "verus-furmint-2020", "name": "Verus Furmint 2020", "statistics": {"status": "Normal", "ratings_count": 16, "ratings_average": 3.9, "labels_count": 32, "reviews_count": 4}, "year": 2020, "grapes": null, "has_valid_ratings": true}, {"id": 163184995, "seo_name": "verus-furmint-2019", "name": "Verus Furmint 2019", "statistics": {"status": "Normal", "ratings_count": 91, "ratings_average": 3.8, "labels_count": 310, "reviews_count": 37}, "year": 2019, "grapes": null, "has_valid_ratings": true}, {"id": 158893381, "seo_name": "verus-furmint-2018", "name": "Verus Furmint 2018", "statistics": {"status": "Normal", "ratings_count": 76, "ratings_average": 3.7, "labels_count": 239, "reviews_count": 38}, "year": 2018, "grapes": null, "has_valid_ratings": true}, {"id": 152948448, "seo_name": "verus-furmint-2017", "name": "Verus Furmint 2017", "statistics": {"status": "Normal", "ratings_count": 165, "ratings_average": 3.9, "labels_count": 534, "reviews_count": 64}, "year": 2017, "grapes": null, "has_valid_ratings": true}, {"id": 143066530, "seo_name": "verus-furmint-2016", "name": "Verus Furmint 2016", "statistics": {"status": "Normal", "ratings_count": 164, "ratings_average": 3.8, "labels_count": 588, "reviews_count": 67}, "year": 2016, "grapes": null, "has_valid_ratings": true}, {"id": 23058224, "seo_name": "verus-furmint-2015", "name": "Verus Furmint 2015", "statistics": {"status": "Normal", "ratings_count": 161, "ratings_average": 4, "labels_count": 497, "reviews_count": 69}, "year": 2015, "grapes": null, "has_valid_ratings": true}, {"id": 9210523, "seo_name": "verus-furmint-2014", "name": "Verus Furmint 2014", "statistics": {"status": "Normal", "ratings_count": 73, "ratings_average": 3.9, "labels_count": 319, "reviews_count": 19}, "year": 2014, "grapes": null, "has_valid_ratings": true}, {"id": 5138584, "seo_name": "verus-furmint-2013", "name": "Verus Furmint 2013", "statistics": {"status": "Normal", "ratings_count": 219, "ratings_average": 3.8, "labels_count": 777, "reviews_count": 83}, "year": 2013, "grapes": null, "has_valid_ratings": true}, {"id": 2668969, "seo_name": "verus-furmint-2012", "name": "Verus Furmint 2012", "statistics": {"status": "Normal", "ratings_count": 53, "ratings_average": 3.7, "labels_count": 209, "reviews_count": 24}, "year": 2012, "grapes": null, "has_valid_ratings": true}, {"id": 2304924, "seo_name": "verus-furmint-2011", "name": "Verus Furmint 2011", "statistics": {"status": "Normal", "ratings_count": 50, "ratings_average": 3.7, "labels_count": 68, "reviews_count": 22}, "year": 2011, "grapes": null, "has_valid_ratings": true}, {"id": 2624950, "seo_name": "verus-furmint-2010", "name": "Verus Furmint 2010", "statistics": {"status": "BelowThreshold", "ratings_count": 6, "ratings_average": 0, "labels_count": 9, "reviews_count": 1}, "year": 2010, "grapes": null, "has_valid_ratings": false}, {"id": 2278437, "seo_name": "verus-furmint-2008", "name": "Verus Furmint 2008", "statistics": {"status": "Normal", "ratings_count": 10, "ratings_average": 4, "labels_count": 39, "reviews_count": 5}, "year": 2008, "grapes": null, "has_valid_ratings": true}, {"id": 146042576, "seo_name": "verus-furmint-2007", "name": "Verus Furmint 2007", "statistics": {"status": "BelowThreshold", "ratings_count": 1, "ratings_average": 0, "labels_count": 2, "reviews_count": 1}, "year": 2007, "grapes": null, "has_valid_ratings": false}, {"id": 2657037, "seo_name": "verus-furmint-uv", "name": "Verus Furmint", "statistics": {"status": "Normal", "ratings_count": 1223, "ratings_average": 3.8, "labels_count": 173, "reviews_count": 44}, "year": 0, "grapes": null, "has_valid_ratings": true}], "description": "Fragrant grass, apple, and peach on the nose. Lively acid is nicely balanced on the palate. This noble wine shows delicate but unusually persistent flavour ideally served with classic fish and\noysters.", "grapes": [{"id": 394, "name": "Furmint", "seo_name": "furmint", "has_detailed_info": false, "wines_count": 11038}], "non_vintage": false, "alcohol": 13.2, "sweetness_id": null, "closure": null, "vintage_mask_raw": null, "updated_at": "2020-07-31T23:19:45Z", "created_at": "2013-04-22T12:46:29Z", "is_first_wine": false, "style": null, "has_valid_ratings": true}, "description": "", "expert_reviews": null, "wine_critic_reviews": [], "awards": [], "ratings_distribution": {"1": 0, "2": 1, "3": 34, "4": 50, "5": 6}, "ranking": {"country": {"description": "Rang von Slowenien", "total": 23995, "rank": 1537}, "region": {"description": "Rang von Weinregion", "total": 2423, "rank": 86}, "winery": {"description": "Rang vom Weingut", "total": 135, "rank": 30}, "global": {"description": "Weltweiter Rang", "total": 8825176, "rank": 757918}}, "wine_facts": {"alcohol": 13, "contains_milk_allergens": false, "contains_egg_allergens": false}, "winemaker": null, "wine_maker": null, "grape_composition": {}, "year": 2019, "grapes": null, "has_valid_ratings": true}, "carts": null, "price_range": {"currency": {"code": "EUR", "name": "Euros", "prefix": "\u20ac", "suffix": null}, "price_range": {"minimum": 0, "maximum": 500, "currency_code": "EUR"}, "defaults": {"minimum": 7, "maximum": 30, "currency_code": "EUR"}}, "subtotal_price": null, "full_region": null, "tastes": null, "wine": {"id": 1561901, "name": "Furmint", "seo_name": "furmint", "type_id": 2, "vintage_type": 0, "is_natural": false, "region": {"id": 1579, "name": "\u0160tajerska", "name_en": "", "seo_name": "tajerska", "country": {"code": "si", "name": "Slowenien", "native_name": "Slovenija", "seo_name": "slovenia", "currency": {"code": "EUR", "name": "Euros", "prefix": "\u20ac", "suffix": null}, "regions_count": 9, "users_count": 24547, "wines_count": 6279, "wineries_count": 744, "most_used_grapes": [{"id": 5, "name": "Chardonnay", "seo_name": "chardonnay", "has_detailed_info": true, "wines_count": 597329}, {"id": 10, "name": "Merlot", "seo_name": "merlot", "has_detailed_info": true, "wines_count": 560926}, {"id": 17, "name": "Sauvignon Blanc", "seo_name": "sauvignon-blanc", "has_detailed_info": true, "wines_count": 289542}]}, "parent_id": 1565, "background_image": null, "statistics": {"wineries_count": 100, "wines_count": 700, "sub_regions_count": 0, "parent_regions_count": 1}}, "review_status": 2, "winery": {"id": 25403, "name": "Verus", "seo_name": "verus", "status": 1, "review_status": "Completed", "background_image": null, "statistics": {"ratings_count": 5903, "ratings_average": 3.9, "labels_count": 18727, "wines_count": 12}, "region": {"id": 1579, "name": "\u0160tajerska", "name_en": "", "seo_name": "tajerska", "country": {"code": "si", "name": "Slowenien", "native_name": "Slovenija", "seo_name": "slovenia", "currency": {"code": "EUR", "name": "Euros", "prefix": "\u20ac", "suffix": null}, "regions_count": 9, "users_count": 24547, "wines_count": 6279, "wineries_count": 744, "most_used_grapes": [{"id": 5, "name": "Chardonnay", "seo_name": "chardonnay", "has_detailed_info": true, "wines_count": 597329}, {"id": 10, "name": "Merlot", "seo_name": "merlot", "has_detailed_info": true, "wines_count": 560926}, {"id": 17, "name": "Sauvignon Blanc", "seo_name": "sauvignon-blanc", "has_detailed_info": true, "wines_count": 289542}]}, "parent_id": 1565, "background_image": null, "statistics": {"wineries_count": 100, "wines_count": 700, "sub_regions_count": 0, "parent_regions_count": 1}}, "business_name": "Verus Vinogradi (Vineyards)", "description": "", "specialists_notes": "", "phone": "386 0 24407415", "email": "info@verusvino.com", "facebook": "https://www.facebook.com/verus-vineyards-123807782360/", "instagram": "", "is_claimed": true, "twitter": "", "website": "http://www.verusvino.com/", "winemaker": null, "wine_maker": null, "address": {"title": null, "name": null, "street": "Hardek 34", "street2": null, "neighborhood": null, "city": "Ormo\u017e", "zip": "2270", "state": null, "country": {"code": "si", "name": "Slowenien", "native_name": "Slovenija", "seo_name": "slovenia", "currency": {"code": "EUR", "name": "Euros", "prefix": "\u20ac", "suffix": null}, "regions_count": 9, "users_count": 24547, "wines_count": 6279, "wineries_count": 744, "most_used_grapes": [{"id": 5, "name": "Chardonnay", "seo_name": "chardonnay", "has_detailed_info": true, "wines_count": 597329}, {"id": 10, "name": "Merlot", "seo_name": "merlot", "has_detailed_info": true, "wines_count": 560926}, {"id": 17, "name": "Sauvignon Blanc", "seo_name": "sauvignon-blanc", "has_detailed_info": true, "wines_count": 289542}]}, "company": null, "phone": null, "external_id": null, "residential": null, "vat_number": null, "vat_code": null, "addition": null}, "image": null, "location": null, "winery_group": null, "first_wines": [], "sponsored_entity_type": null, "sponsored_entity": null}, "statistics": {"status": "Normal", "ratings_count": 1223, "ratings_average": 3.8, "labels_count": 3817, "vintages_count": 19}, "rank": {"country": {"description": "Rang von Slowenien", "total": 3684, "rank": 151}, "region": {"description": "Rang von Weinregion", "total": 509, "rank": 5}, "winery": {"description": "Rang vom Weingut", "total": 12, "rank": 2}, "wine_type": {"description": "Rang in allen Wei\u00dfwein", "total": 394072, "rank": 15115}, "global": {"description": "Weltweiter Rang", "total": 1287383, "rank": 65166}}, "hidden": false, "vintages": [{"id": 167425501, "seo_name": "verus-furmint-2020", "name": "Verus Furmint 2020", "statistics": {"status": "Normal", "ratings_count": 16, "ratings_average": 3.9, "labels_count": 32, "reviews_count": 4}, "year": 2020, "grapes": null, "has_valid_ratings": true}, {"id": 163184995, "seo_name": "verus-furmint-2019", "name": "Verus Furmint 2019", "statistics": {"status": "Normal", "ratings_count": 91, "ratings_average": 3.8, "labels_count": 310, "reviews_count": 37}, "year": 2019, "grapes": null, "has_valid_ratings": true}, {"id": 158893381, "seo_name": "verus-furmint-2018", "name": "Verus Furmint 2018", "statistics": {"status": "Normal", "ratings_count": 76, "ratings_average": 3.7, "labels_count": 239, "reviews_count": 38}, "year": 2018, "grapes": null, "has_valid_ratings": true}, {"id": 152948448, "seo_name": "verus-furmint-2017", "name": "Verus Furmint 2017", "statistics": {"status": "Normal", "ratings_count": 165, "ratings_average": 3.9, "labels_count": 534, "reviews_count": 64}, "year": 2017, "grapes": null, "has_valid_ratings": true}, {"id": 143066530, "seo_name": "verus-furmint-2016", "name": "Verus Furmint 2016", "statistics": {"status": "Normal", "ratings_count": 164, "ratings_average": 3.8, "labels_count": 588, "reviews_count": 67}, "year": 2016, "grapes": null, "has_valid_ratings": true}, {"id": 23058224, "seo_name": "verus-furmint-2015", "name": "Verus Furmint 2015", "statistics": {"status": "Normal", "ratings_count": 161, "ratings_average": 4, "labels_count": 497, "reviews_count": 69}, "year": 2015, "grapes": null, "has_valid_ratings": true}, {"id": 9210523, "seo_name": "verus-furmint-2014", "name": "Verus Furmint 2014", "statistics": {"status": "Normal", "ratings_count": 73, "ratings_average": 3.9, "labels_count": 319, "reviews_count": 19}, "year": 2014, "grapes": null, "has_valid_ratings": true}, {"id": 5138584, "seo_name": "verus-furmint-2013", "name": "Verus Furmint 2013", "statistics": {"status": "Normal", "ratings_count": 219, "ratings_average": 3.8, "labels_count": 777, "reviews_count": 83}, "year": 2013, "grapes": null, "has_valid_ratings": true}, {"id": 2668969, "seo_name": "verus-furmint-2012", "name": "Verus Furmint 2012", "statistics": {"status": "Normal", "ratings_count": 53, "ratings_average": 3.7, "labels_count": 209, "reviews_count": 24}, "year": 2012, "grapes": null, "has_valid_ratings": true}, {"id": 2304924, "seo_name": "verus-furmint-2011", "name": "Verus Furmint 2011", "statistics": {"status": "Normal", "ratings_count": 50, "ratings_average": 3.7, "labels_count": 68, "reviews_count": 22}, "year": 2011, "grapes": null, "has_valid_ratings": true}, {"id": 2624950, "seo_name": "verus-furmint-2010", "name": "Verus Furmint 2010", "statistics": {"status": "BelowThreshold", "ratings_count": 6, "ratings_average": 0, "labels_count": 9, "reviews_count": 1}, "year": 2010, "grapes": null, "has_valid_ratings": false}, {"id": 2278437, "seo_name": "verus-furmint-2008", "name": "Verus Furmint 2008", "statistics": {"status": "Normal", "ratings_count": 10, "ratings_average": 4, "labels_count": 39, "reviews_count": 5}, "year": 2008, "grapes": null, "has_valid_ratings": true}, {"id": 146042576, "seo_name": "verus-furmint-2007", "name": "Verus Furmint 2007", "statistics": {"status": "BelowThreshold", "ratings_count": 1, "ratings_average": 0, "labels_count": 2, "reviews_count": 1}, "year": 2007, "grapes": null, "has_valid_ratings": false}, {"id": 2657037, "seo_name": "verus-furmint-uv", "name": "Verus Furmint", "statistics": {"status": "Normal", "ratings_count": 1223, "ratings_average": 3.8, "labels_count": 173, "reviews_count": 44}, "year": 0, "grapes": null, "has_valid_ratings": true}], "description": "Fragrant grass, apple, and peach on the nose. Lively acid is nicely balanced on the palate. This noble wine shows delicate but unusually persistent flavour ideally served with classic fish and\noysters.", "grapes": [{"id": 394, "name": "Furmint", "seo_name": "furmint", "has_detailed_info": false, "wines_count": 11038}], "non_vintage": false, "alcohol": 13.2, "sweetness_id": null, "closure": null, "vintage_mask_raw": null, "updated_at": "2020-07-31T23:19:45Z", "created_at": "2013-04-22T12:46:29Z", "is_first_wine": false, "style": null, "has_valid_ratings": true}, "price": {"id": 21858634, "vintage_id": 163184995, "amount": 10.9, "type": "vc", "currency": {"code": "EUR", "name": "Euros", "prefix": "\u20ac", "suffix": null}, "bottle_type_id": 1, "inventory_bottles_count": 60, "bottles_sold_count": 5, "url": "https://www.vinocentral.de/verus-furmint?utm_medium=pref-cpc&utm_source=vivino-ppc", "message": "", "producer_address": "VERUS VINOGRADI D.O.O., Hardek 34 a, 2270 ORMO\u017d, Slowenien", "importer_address": "VERUS VINOGRADI D.O.O., Hardek 34 a, 2270 ORMO\u017d, Slowenien", "discounted_from": null, "bottle_type": {"id": 1, "name": "Flasche (0,75\u00a0l)", "short_name": "Flasche", "short_name_plural": "Flaschen", "volume_ml": 750}}, "highlights": [], "merchant": {"id": 19172, "name": "VINOCENTRAL", "seo_name": "vinocentral", "legal_name": "vinocentral GmbH", "description": "Versandkostenfrei f\u00fcr Bestellungen ab 80 EUR", "country": {"code": "de", "name": "Deutschland", "native_name": "Deutschland", "seo_name": "germany", "currency": {"code": "EUR", "name": "Euros", "prefix": "\u20ac", "suffix": null}, "regions_count": 210, "users_count": 2117308, "wines_count": 197796, "wineries_count": 13493, "most_used_grapes": [{"id": 15, "name": "Riesling", "seo_name": "riesling", "has_detailed_info": true, "wines_count": 259925}, {"id": 299, "name": "Sp\u00e4tburgunder", "seo_name": "spatburgunder", "has_detailed_info": false, "wines_count": 49659}, {"id": 355, "name": "Weissburgunder", "seo_name": "weissburgunder", "has_detailed_info": false, "wines_count": 33123}]}, "state": null, "status": 3, "image": {"location": "//images.vivino.com/merchants/originals/p1c510sc0000in4.png", "variations": {"large_square": "//images.vivino.com/merchants/thumbs/p1c510sc0000in4_400x400.jpg", "medium_square": "//images.vivino.com/merchants/thumbs/p1c510sc0000in4_320x320.jpg", "small_square": "//images.vivino.com/merchants/thumbs/p1c510sc0000in4_160x160.jpg"}}, "shipping_estimate": "Lieferung voraussichtlich zwischen Mo, 20.\u00a0Dez und Mi, 22.\u00a0Dez", "impressum_url": "https://www.vinocentral.de/impressum/", "tos_url": "https://www.vinocentral.de/agb/", "shipping_options": {"instructions": {"support": 1, "options": []}, "gift_message": false, "ice_packs": {"support": 0, "prices": null}, "preferred_delivery_date_options": {"support": 0, "lead_time": 0, "window": 0, "cut_off_time": ""}}, "vc_clearing_system": 0, "hidden": false}, "sold_out": false, "prices_and_availability": {"market": {"country": "de", "currency": {"code": "EUR", "name": "Euros", "prefix": "\u20ac", "suffix": null}}, "availability": {"vintage": {"id": 163184995, "year": 2019, "grapes": null, "has_valid_ratings": false}, "median": {"amount": 10.9, "type": "market", "discounted_from": null}, "price": {"id": 21858634, "amount": 10.9, "discounted_from": 0.0, "type": "vc"}}, "merchants_with_prices": [{"merchant": {"id": 19172, "name": "VINOCENTRAL", "seo_name": "vinocentral", "legal_name": "vinocentral GmbH", "description": "Versandkostenfrei f\u00fcr Bestellungen ab 80 EUR", "country": {"code": "de", "name": "Deutschland", "native_name": "Deutschland", "seo_name": "germany", "currency": {"code": "EUR", "name": "Euros", "prefix": "\u20ac", "suffix": null}, "regions_count": 210, "users_count": 2117308, "wines_count": 197796, "wineries_count": 13493, "most_used_grapes": [{"id": 15, "name": "Riesling", "seo_name": "riesling", "has_detailed_info": true, "wines_count": 259925}, {"id": 299, "name": "Sp\u00e4tburgunder", "seo_name": "spatburgunder", "has_detailed_info": false, "wines_count": 49659}, {"id": 355, "name": "Weissburgunder", "seo_name": "weissburgunder", "has_detailed_info": false, "wines_count": 33123}]}, "state": null, "status": 3, "image": {"location": "//images.vivino.com/merchants/originals/p1c510sc0000in4.png", "variations": {"large_square": "//images.vivino.com/merchants/thumbs/p1c510sc0000in4_400x400.jpg", "medium_square": "//images.vivino.com/merchants/thumbs/p1c510sc0000in4_320x320.jpg", "small_square": "//images.vivino.com/merchants/thumbs/p1c510sc0000in4_160x160.jpg"}}, "shipping_estimate": "Lieferung voraussichtlich zwischen Mo, 20.\u00a0Dez und Mi, 22.\u00a0Dez", "impressum_url": "https://www.vinocentral.de/impressum/", "tos_url": "https://www.vinocentral.de/agb/", "shipping_options": {"instructions": {"support": 1, "options": []}, "gift_message": false, "ice_packs": {"support": 0, "prices": null}, "preferred_delivery_date_options": {"support": 0, "lead_time": 0, "window": 0, "cut_off_time": ""}}, "vc_clearing_system": 0, "hidden": false}, "prices": [{"id": 21858634, "vintage_id": 163184995, "amount": 10.9, "type": "vc", "currency": {"code": "EUR", "name": "Euros", "prefix": "\u20ac", "suffix": null}, "bottle_type_id": 1, "inventory_bottles_count": 60, "bottles_sold_count": 5, "url": "https://www.vinocentral.de/verus-furmint?utm_medium=pref-cpc&utm_source=vivino-ppc", "message": "", "producer_address": "VERUS VINOGRADI D.O.O., Hardek 34 a, 2270 ORMO\u017d, Slowenien", "importer_address": "VERUS VINOGRADI D.O.O., Hardek 34 a, 2270 ORMO\u017d, Slowenien", "discounted_from": null, "bottle_type": {"id": 1, "name": "Flasche (0,75\u00a0l)", "short_name": "Flasche", "short_name_plural": "Flaschen", "volume_ml": 750}}]}]}, "found_by_merchant_and_sku": null, "is_deal_page": false}