{"tastes": {"structure": null, "flavor": [{"group": "citrus_fruit", "stats": {"count": 29, "score": 3600, "mentions_count": 36}, "primary_keywords": [{"id": 106, "name": "Zitrone", "count": 19}, {"id": 243, "name": "Zitrone", "count": 8}, {"id": 252, "name": "Limette", "count": 3}, {"id": 190, "name": "Grapefruit", "count": 3}, {"id": 298, "name": "Orange", "count": 2}, {"id": 274, "name": "Meyerlimette", "count": 1}]}, {"group": "tree_fruit", "stats": {"count": 24, "score": 3200, "mentions_count": 32}, "primary_keywords": [{"id": 195, "name": "Gr\u00fcner Apfel", "count": 8}, {"id": 310, "name": "Pfirsich", "count": 7}, {"id": 315, "name": "Birne", "count": 6}, {"id": 271, "name": "Melone", "count": 6}, {"id": 9, "name": "Apfel", "count": 3}, {"id": 469, "name": "Steinfrucht", "count": 1}, {"id": 343, "name": "Quitte", "count": 1}]}, {"group": "tropical_fruit", "stats": {"count": 15, "score": 1533, "mentions_count": 15}, "primary_keywords": [{"id": 428, "name": "Tropisch", "count": 11}, {"id": 329, "name": "Ananas", "count": 3}, {"id": 237, "name": "Kiwi", "count": 1}], "secondary_keywords": [{"id": 23, "name": "Banane", "count": 1}]}, {"group": "earth", "stats": {"count": 6, "score": 700, "mentions_count": 7}, "primary_keywords": [{"id": 218, "name": "Honig", "count": 3}, {"id": 398, "name": "Stein", "count": 2}, {"id": 441, "name": "Wachs", "count": 1}, {"id": 164, "name": "Feuerstein", "count": 1}]}, {"group": "vegetal", "stats": {"count": 6, "score": 600, "mentions_count": 6}, "primary_keywords": [{"id": 193, "name": "Gras", "count": 4}, {"id": 399, "name": "Stroh", "count": 1}, {"id": 185, "name": "Stachelbeere", "count": 1}]}, {"group": "oak", "stats": {"count": 4, "score": 419, "mentions_count": 5}, "primary_keywords": [{"id": 292, "name": "Eiche", "count": 2}, {"id": 70, "name": "Butter", "count": 2}, {"id": 434, "name": "Vanille", "count": 1}]}, {"group": "microbio", "stats": {"count": 5, "score": 333, "mentions_count": 3}, "primary_keywords": [{"id": 295, "name": "\u00d6l", "count": 2}, {"id": 23, "name": "Banane", "count": 1}], "secondary_keywords": [{"id": 70, "name": "Butter", "count": 2}]}, {"group": "spices", "stats": {"count": 2, "score": 106, "mentions_count": 1}, "primary_keywords": [{"id": 416, "name": "Thymian", "count": 1}], "secondary_keywords": [{"id": 434, "name": "Vanille", "count": 1}]}, {"group": "floral", "stats": {"count": 1, "score": 100, "mentions_count": 1}, "primary_keywords": [{"id": 221, "name": "Gei\u00dfblatt", "count": 1}]}, {"group": "red_fruit", "stats": {"count": 1, "score": 100, "mentions_count": 1}, "primary_keywords": [{"id": 400, "name": "Erdbeere", "count": 1}]}, {"group": "non_oak", "stats": {"count": 1, "score": 9, "mentions_count": 0}, "secondary_keywords": [{"id": 434, "name": "Vanille", "count": 1}]}]}, "vivino_id": "1185181"}