{"tastes": {"structure": {"acidity": 4.3208423, "fizziness": null, "intensity": 1.2979648, "sweetness": 1.5814738, "tannin": 2.3590524, "user_structure_count": 13, "calculated_structure_count": 19}, "flavor": [{"group": "oak", "stats": {"count": 10, "score": 1461, "mentions_count": 15}, "primary_keywords": [{"id": 292, "name": "oak", "count": 5}, {"id": 434, "name": "vanilla", "count": 5}, {"id": 83, "name": "cedar", "count": 1}, {"id": 101, "name": "chocolate", "count": 1}, {"id": 103, "name": "cigar", "count": 1}, {"id": 20, "name": "baking chocolate", "count": 1}, {"id": 104, "name": "cigar box", "count": 1}], "secondary_keywords": [{"id": 113, "name": "cocoa", "count": 1}]}, {"group": "red_fruit", "stats": {"count": 6, "score": 900, "mentions_count": 9}, "primary_keywords": [{"id": 400, "name": "strawberry", "count": 3}, {"id": 93, "name": "cherry", "count": 3}, {"id": 357, "name": "red plum", "count": 1}, {"id": 122, "name": "cranberry", "count": 1}, {"id": 348, "name": "raspberry", "count": 1}]}, {"group": "citrus_fruit", "stats": {"count": 3, "score": 300, "mentions_count": 3}, "primary_keywords": [{"id": 298, "name": "orange", "count": 3}]}, {"group": "non_oak", "stats": {"count": 6, "score": 126, "mentions_count": 1}, "primary_keywords": [{"id": 417, "name": "toast", "count": 1}], "secondary_keywords": [{"id": 434, "name": "vanilla", "count": 5}, {"id": 83, "name": "cedar", "count": 1}]}, {"group": "earth", "stats": {"count": 1, "score": 50, "mentions_count": 1}, "primary_keywords": [{"id": 113, "name": "cocoa", "count": 1}]}, {"group": "tree_fruit", "stats": {"count": 1, "score": 100, "mentions_count": 1}, "primary_keywords": [{"id": 195, "name": "green apple", "count": 1}]}, {"group": "spices", "stats": {"count": 5, "score": 30, "mentions_count": 0}, "secondary_keywords": [{"id": 434, "name": "vanilla", "count": 5}]}, {"group": "microbio", "stats": {"count": 1, "score": 33, "mentions_count": 0}, "secondary_keywords": [{"id": 417, "name": "toast", "count": 1}]}]}, "vivino_id": "1579633"}