{"vintage": {"id": 164025712, "seo_name": "pfluger-sauvignon-blanc-quarzit-2020", "name": "Weingut Pfl\u00fcger Sauvignon Blanc Quarzit 2020", "statistics": {"status": "Normal", "ratings_count": 112, "ratings_average": 4, "labels_count": 480, "reviews_count": 46}, "organic_certification_id": null, "certified_biodynamic": null, "image": {"location": "//images.vivino.com/thumbs/NVjMKGNlQpimC8OGTN0eoQ_pl_480x640.png", "variations": {"bottle_large": "//images.vivino.com/thumbs/NVjMKGNlQpimC8OGTN0eoQ_pb_x960.png", "bottle_medium": "//images.vivino.com/thumbs/NVjMKGNlQpimC8OGTN0eoQ_pb_x600.png", "bottle_medium_square": "//images.vivino.com/thumbs/NVjMKGNlQpimC8OGTN0eoQ_pb_600x600.png", "bottle_small": "//images.vivino.com/thumbs/NVjMKGNlQpimC8OGTN0eoQ_pb_x300.png", "bottle_small_square": "//images.vivino.com/thumbs/NVjMKGNlQpimC8OGTN0eoQ_pb_300x300.png", "label": "//images.vivino.com/thumbs/NVjMKGNlQpimC8OGTN0eoQ_pl_480x640.png", "label_large": "//images.vivino.com/thumbs/NVjMKGNlQpimC8OGTN0eoQ_pl_375x500.png", "label_medium": "//images.vivino.com/thumbs/NVjMKGNlQpimC8OGTN0eoQ_pl_150x200.png", "label_medium_square": "//images.vivino.com/thumbs/NVjMKGNlQpimC8OGTN0eoQ_pl_150x150.png", "label_small_square": "//images.vivino.com/thumbs/NVjMKGNlQpimC8OGTN0eoQ_pl_80x80.png", "large": "//images.vivino.com/thumbs/NVjMKGNlQpimC8OGTN0eoQ_pl_375x500.png", "medium": "//images.vivino.com/thumbs/NVjMKGNlQpimC8OGTN0eoQ_pl_150x200.png", "medium_square": "//images.vivino.com/thumbs/NVjMKGNlQpimC8OGTN0eoQ_pl_150x150.png", "small_square": "//images.vivino.com/thumbs/NVjMKGNlQpimC8OGTN0eoQ_pl_80x80.png"}}, "wine": {"id": 3422102, "name": "Sauvignon Blanc Quarzit", "seo_name": "sauvignon-blanc-quarzit", "type_id": 2, "vintage_type": 0, "is_natural": false, "region": {"id": 649, "name": "Pfalz", "name_en": "Palatinate", "seo_name": "pfalz", "country": {"code": "de", "name": "Deutschland", "native_name": "Deutschland", "seo_name": "germany", "currency": {"code": "EUR", "name": "Euros", "prefix": "\u20ac", "suffix": null}, "regions_count": 210, "users_count": 2117308, "wines_count": 197796, "wineries_count": 13493, "most_used_grapes": [{"id": 15, "name": "Riesling", "seo_name": "riesling", "has_detailed_info": true, "wines_count": 259925}, {"id": 299, "name": "Sp\u00e4tburgunder", "seo_name": "spatburgunder", "has_detailed_info": false, "wines_count": 49659}, {"id": 355, "name": "Weissburgunder", "seo_name": "weissburgunder", "has_detailed_info": false, "wines_count": 33123}]}, "parent_id": null, "background_image": {"location": "//images.vivino.com/regions/backgrounds/klw147B8QSi16e-qNdUAYA.jpg", "variations": {"large": "//thumbs.vivino.com/region_backgrounds/klw147B8QSi16e-qNdUAYA_1280x760.jpg", "medium": "//thumbs.vivino.com/region_backgrounds/klw147B8QSi16e-qNdUAYA_600x356.jpg"}}, "class": {"typecast_map": {"background_image": {}, "class": {}}}, "statistics": {"wineries_count": 2236, "wines_count": 31653, "sub_regions_count": 24, "parent_regions_count": 0}}, "review_status": 2, "winery": {"id": 127030, "name": "Weingut Pfl\u00fcger", "seo_name": "pfluger", "status": 0, "review_status": "Completed", "background_image": null, "statistics": {"ratings_count": 9064, "ratings_average": 3.8, "labels_count": 36502, "wines_count": 80}, "region": {"id": 649, "name": "Pfalz", "name_en": "Palatinate", "seo_name": "pfalz", "country": {"code": "de", "name": "Deutschland", "native_name": "Deutschland", "seo_name": "germany", "currency": {"code": "EUR", "name": "Euros", "prefix": "\u20ac", "suffix": null}, "regions_count": 210, "users_count": 2117308, "wines_count": 197796, "wineries_count": 13493, "most_used_grapes": [{"id": 15, "name": "Riesling", "seo_name": "riesling", "has_detailed_info": true, "wines_count": 259925}, {"id": 299, "name": "Sp\u00e4tburgunder", "seo_name": "spatburgunder", "has_detailed_info": false, "wines_count": 49659}, {"id": 355, "name": "Weissburgunder", "seo_name": "weissburgunder", "has_detailed_info": false, "wines_count": 33123}]}, "parent_id": null, "background_image": {"location": "//images.vivino.com/regions/backgrounds/klw147B8QSi16e-qNdUAYA.jpg", "variations": {"large": "//thumbs.vivino.com/region_backgrounds/klw147B8QSi16e-qNdUAYA_1280x760.jpg", "medium": "//thumbs.vivino.com/region_backgrounds/klw147B8QSi16e-qNdUAYA_600x356.jpg"}}, "class": {"typecast_map": {"background_image": {}, "class": {}}}, "statistics": {"wineries_count": 2236, "wines_count": 31653, "sub_regions_count": 24, "parent_regions_count": 0}}, "business_name": "Weingut Pfl\u00fcger", "description": "", "specialists_notes": "", "phone": "49 6322 63148", "email": "info@pflueger-wein.de", "facebook": "https://www.facebook.com/pfluegerwein", "instagram": "", "is_claimed": false, "twitter": "", "website": "http://pflueger-wein.de/pflueger/index.html#home", "winemaker": null, "wine_maker": null, "address": {"title": null, "name": null, "street": "Gutleutstra\u00dfe 48 ", "street2": null, "neighborhood": null, "city": "Bad D\u00fcrkheim", "zip": "67098 ", "state": null, "country": {"code": "de", "name": "Deutschland", "native_name": "Deutschland", "seo_name": "germany", "currency": {"code": "EUR", "name": "Euros", "prefix": "\u20ac", "suffix": null}, "regions_count": 210, "users_count": 2117308, "wines_count": 197796, "wineries_count": 13493, "most_used_grapes": [{"id": 15, "name": "Riesling", "seo_name": "riesling", "has_detailed_info": true, "wines_count": 259925}, {"id": 299, "name": "Sp\u00e4tburgunder", "seo_name": "spatburgunder", "has_detailed_info": false, "wines_count": 49659}, {"id": 355, "name": "Weissburgunder", "seo_name": "weissburgunder", "has_detailed_info": false, "wines_count": 33123}]}, "company": null, "phone": null, "external_id": null, "residential": null, "vat_number": null, "vat_code": null, "addition": null}, "image": null, "location": null, "winery_group": null, "first_wines": [], "sponsored_entity_type": null, "sponsored_entity": null}, "statistics": {"status": "Normal", "ratings_count": 698, "ratings_average": 4, "labels_count": 3493, "vintages_count": 20}, "rank": {"country": {"description": "Rang von Deutschland", "total": 115919, "rank": 864}, "region": {"description": "Rang von Weinregion", "total": 25511, "rank": 211}, "winery": {"description": "Rang vom Weingut", "total": 76, "rank": 2}, "wine_type": {"description": "Rang in allen Wei\u00dfwein", "total": 394073, "rank": 7141}, "global": {"description": "Weltweiter Rang", "total": 1287386, "rank": 35351}}, "hidden": false, "vintages": [{"id": 167636475, "seo_name": "pfluger-sauvignon-blanc-quarzit-2021", "name": "Weingut Pfl\u00fcger Sauvignon Blanc Quarzit 2021", "statistics": {"status": "BelowThreshold", "ratings_count": 3, "ratings_average": 0, "labels_count": 11, "reviews_count": 1}, "year": 2021, "grapes": null, "has_valid_ratings": false}, {"id": 164025712, "seo_name": "pfluger-sauvignon-blanc-quarzit-2020", "name": "Weingut Pfl\u00fcger Sauvignon Blanc Quarzit 2020", "statistics": {"status": "Normal", "ratings_count": 112, "ratings_average": 4, "labels_count": 480, "reviews_count": 46}, "year": 2020, "grapes": null, "has_valid_ratings": true}, {"id": 160131560, "seo_name": "pfluger-sauvignon-blanc-quarzit-2019", "name": "Weingut Pfl\u00fcger Sauvignon Blanc Quarzit 2019", "statistics": {"status": "Normal", "ratings_count": 77, "ratings_average": 3.9, "labels_count": 391, "reviews_count": 29}, "year": 2019, "grapes": null, "has_valid_ratings": true}, {"id": 158607186, "seo_name": "pfluger-sauvignon-blanc-quarzit-2018", "name": "Weingut Pfl\u00fcger Sauvignon Blanc Quarzit 2018", "statistics": {"status": "Normal", "ratings_count": 108, "ratings_average": 3.8, "labels_count": 452, "reviews_count": 50}, "year": 2018, "grapes": null, "has_valid_ratings": true}, {"id": 153129006, "seo_name": "pfluger-sauvignon-blanc-quarzit-2017", "name": "Weingut Pfl\u00fcger Sauvignon Blanc Quarzit 2017", "statistics": {"status": "Normal", "ratings_count": 161, "ratings_average": 4, "labels_count": 1261, "reviews_count": 53}, "year": 2017, "grapes": null, "has_valid_ratings": true}, {"id": 141473290, "seo_name": "pfluger-sauvignon-blanc-quarzit-2016", "name": "Weingut Pfl\u00fcger Sauvignon Blanc Quarzit 2016", "statistics": {"status": "Normal", "ratings_count": 71, "ratings_average": 4, "labels_count": 221, "reviews_count": 24}, "year": 2016, "grapes": null, "has_valid_ratings": true}, {"id": 67184550, "seo_name": "pfluger-sauvignon-blanc-quarzit-2015", "name": "Weingut Pfl\u00fcger Sauvignon Blanc Quarzit 2015", "statistics": {"status": "Normal", "ratings_count": 44, "ratings_average": 4, "labels_count": 238, "reviews_count": 17}, "year": 2015, "grapes": null, "has_valid_ratings": true}, {"id": 26147098, "seo_name": "pfluger-sauvignon-blanc-quarzit-2014", "name": "Weingut Pfl\u00fcger Sauvignon Blanc Quarzit 2014", "statistics": {"status": "Normal", "ratings_count": 32, "ratings_average": 4, "labels_count": 140, "reviews_count": 10}, "year": 2014, "grapes": null, "has_valid_ratings": true}, {"id": 24055630, "seo_name": "pfluger-sauvignon-blanc-quarzit-2013", "name": "Weingut Pfl\u00fcger Sauvignon Blanc Quarzit 2013", "statistics": {"status": "BelowThreshold", "ratings_count": 9, "ratings_average": 0, "labels_count": 54, "reviews_count": 4}, "year": 2013, "grapes": null, "has_valid_ratings": false}, {"id": 24055616, "seo_name": "pfluger-sauvignon-blanc-quarzit-2012", "name": "Weingut Pfl\u00fcger Sauvignon Blanc Quarzit 2012", "statistics": {"status": "Normal", "ratings_count": 25, "ratings_average": 4.2, "labels_count": 128, "reviews_count": 10}, "year": 2012, "grapes": null, "has_valid_ratings": true}, {"id": 24312014, "seo_name": "pfluger-sauvignon-blanc-quarzit-2011", "name": "Weingut Pfl\u00fcger Sauvignon Blanc Quarzit 2011", "statistics": {"status": "BelowThreshold", "ratings_count": 3, "ratings_average": 0, "labels_count": 13, "reviews_count": 0}, "year": 2011, "grapes": null, "has_valid_ratings": false}, {"id": 152823470, "seo_name": "pfluger-sauvignon-blanc-quarzit-2010", "name": "Weingut Pfl\u00fcger Sauvignon Blanc Quarzit 2010", "statistics": {"status": "BelowThreshold", "ratings_count": 7, "ratings_average": 0, "labels_count": 40, "reviews_count": 2}, "year": 2010, "grapes": null, "has_valid_ratings": false}, {"id": 163932278, "seo_name": "pfluger-sauvignon-blanc-quarzit-2009", "name": "Weingut Pfl\u00fcger Sauvignon Blanc Quarzit 2009", "statistics": {"status": "BelowThreshold", "ratings_count": 2, "ratings_average": 0, "labels_count": 13, "reviews_count": 0}, "year": 2009, "grapes": null, "has_valid_ratings": false}, {"id": 154958953, "seo_name": "pfluger-sauvignon-blanc-quarzit-2008", "name": "Weingut Pfl\u00fcger Sauvignon Blanc Quarzit 2008", "statistics": {"status": "BelowThreshold", "ratings_count": 2, "ratings_average": 0, "labels_count": 1, "reviews_count": 1}, "year": 2008, "grapes": null, "has_valid_ratings": false}, {"id": 165957368, "seo_name": "pfluger-sauvignon-blanc-quarzit-2004", "name": "Weingut Pfl\u00fcger Sauvignon Blanc Quarzit 2004", "statistics": {"status": "BelowThreshold", "ratings_count": 1, "ratings_average": 0, "labels_count": 1, "reviews_count": 0}, "year": 2004, "grapes": null, "has_valid_ratings": false}, {"id": 161353462, "seo_name": "pfluger-sauvignon-blanc-quarzit-2000", "name": "Weingut Pfl\u00fcger Sauvignon Blanc Quarzit 2000", "statistics": {"status": "BelowThreshold", "ratings_count": 1, "ratings_average": 0, "labels_count": 10, "reviews_count": 1}, "year": 2000, "grapes": null, "has_valid_ratings": false}, {"id": 23065363, "seo_name": "pfluger-sauvignon-blanc-quarzit-uv", "name": "Weingut Pfl\u00fcger Sauvignon Blanc Quarzit", "statistics": {"status": "Normal", "ratings_count": 698, "ratings_average": 4, "labels_count": 15, "reviews_count": 13}, "year": 0, "grapes": null, "has_valid_ratings": true}], "description": "", "grapes": [{"id": 17, "name": "Sauvignon Blanc", "seo_name": "sauvignon-blanc", "has_detailed_info": true, "wines_count": 289542}], "foods": [{"id": 13, "name": "Schalentiere", "background_image": {"location": "//images.vivino.com/backgrounds/foods/13_shellfish.png", "variations": {"small": "//images.vivino.com/backgrounds/foods/thumbs/13_shellfish_932x810.png"}}, "seo_name": "shellfish"}, {"id": 19, "name": "Vegetarische Gerichte", "background_image": {"location": "//images.vivino.com/backgrounds/foods/19_vegetarian.png", "variations": {"small": "//images.vivino.com/backgrounds/foods/thumbs/19_vegetarian_932x810.png"}}, "seo_name": "vegetarian"}, {"id": 39, "name": "Ziegenk\u00e4se", "background_image": {"location": "//images.vivino.com/backgrounds/foods/39_goatcheese.png", "variations": {"small": "//images.vivino.com/backgrounds/foods/thumbs/39_goatcheese_932x810.png"}}, "seo_name": null}], "non_vintage": false, "alcohol": 11.5, "sweetness_id": 5, "closure": null, "vintage_mask_raw": null, "updated_at": "2018-06-27T13:42:12Z", "created_at": "2015-05-16T21:37:48Z", "is_first_wine": false, "style": {"id": 201, "seo_name": "german-sauvignon-blanc", "regional_name": "German", "varietal_name": "Sauvignon Blanc", "name": "Sauvignon Blanc Deutschland", "image": null, "background_image": null, "description": null, "blurb": null, "interesting_facts": null, "body": 2, "body_description": "Leichter K\u00f6rper", "acidity": 3, "acidity_description": "Hoch", "country": {"code": "de", "name": "Deutschland", "native_name": "Deutschland", "seo_name": "germany", "currency": {"code": "EUR", "name": "Euros", "prefix": "\u20ac", "suffix": null}, "regions_count": 210, "users_count": 2117308, "wines_count": 197796, "wineries_count": 13493, "most_used_grapes": [{"id": 15, "name": "Riesling", "seo_name": "riesling", "has_detailed_info": true, "wines_count": 259925}, {"id": 299, "name": "Sp\u00e4tburgunder", "seo_name": "spatburgunder", "has_detailed_info": false, "wines_count": 49659}, {"id": 355, "name": "Weissburgunder", "seo_name": "weissburgunder", "has_detailed_info": false, "wines_count": 33123}]}, "wine_type_id": 2, "food": [{"id": 13, "name": "Shellfish", "background_image": {"location": "//images.vivino.com/backgrounds/foods/13_shellfish.png", "variations": {"small": "//images.vivino.com/backgrounds/foods/thumbs/13_shellfish_932x810.png"}}, "seo_name": "shellfish"}, {"id": 19, "name": "Vegetarian", "background_image": {"location": "//images.vivino.com/backgrounds/foods/19_vegetarian.png", "variations": {"small": "//images.vivino.com/backgrounds/foods/thumbs/19_vegetarian_932x810.png"}}, "seo_name": "vegetarian"}, {"id": 39, "name": "Goat cheese", "background_image": {"location": "//images.vivino.com/backgrounds/foods/39_goatcheese.png", "variations": {"small": "//images.vivino.com/backgrounds/foods/thumbs/39_goatcheese_932x810.png"}}, "seo_name": null}], "grapes": [{"id": 17, "name": "Sauvignon Blanc", "seo_name": "sauvignon-blanc", "has_detailed_info": true, "wines_count": 289542}], "region": null}, "has_valid_ratings": true}, "description": "", "expert_reviews": null, "wine_critic_reviews": [], "awards": [], "ratings_distribution": {"1": 1, "2": 3, "3": 20, "4": 70, "5": 18}, "ranking": {"country": {"description": "Rang von Deutschland", "total": 604727, "rank": 7341}, "region": {"description": "Rang von Weinregion", "total": 129251, "rank": 1501}, "winery": {"description": "Rang vom Weingut", "total": 570, "rank": 10}, "global": {"description": "Weltweiter Rang", "total": 8825157, "rank": 313412}}, "top_list_rankings": [{"rank": 24, "previous_rank": 24, "description": null, "top_list": {"id": 54693, "name": "Derzeit topbewertete 25 German Sauvignon Blanc Weine in Deutschland", "seo_name": "top-25-german-sauvignon-blanc-wines-germany-right-now-german", "country": "de", "state": null, "level": 0, "intro_header": null, "description": "Dies sind die topbewerteten 25 German Sauvignon Blanc Weine, die k\u00fcrzlich so von Vivino-Nutzern in Deutschland bewertet wurden.<br><br>M\u00f6chten Sie Ihre Favoriten in der Liste sehen? Denken Sie daran, sie zu bewerten und pr\u00fcfen Sie jede Woche die Liste.<br>N\u00e4chste Aktualisierung in 6 Tage", "short_description": "Dies sind die topbewerteten 25German Sauvignon Blanc Weine, die so von Vivino-Nutzern bewertet wurden und die jede Woche aktualisiert werden.", "updated_at": "2021-12-17T02:16:10.000Z", "image": {"location": "//images.vivino.com/top_lists/toplist_chart_expensive.png", "variations": {"medium": "//images.vivino.com/top_lists/toplist_chart_expensive_468x276.png"}}, "icon": null, "author": null}}], "wine_facts": {"alcohol": 11.5, "contains_milk_allergens": false, "contains_egg_allergens": true}, "winemaker": null, "wine_maker": null, "grape_composition": {}, "year": 2020, "grapes": null, "has_valid_ratings": true}, "carts": null, "price_range": {"currency": {"code": "EUR", "name": "Euros", "prefix": "\u20ac", "suffix": null}, "price_range": {"minimum": 0, "maximum": 500, "currency_code": "EUR"}, "defaults": {"minimum": 7, "maximum": 30, "currency_code": "EUR"}}, "subtotal_price": null, "full_region": null, "tastes": null, "wine": {"id": 3422102, "name": "Sauvignon Blanc Quarzit", "seo_name": "sauvignon-blanc-quarzit", "type_id": 2, "vintage_type": 0, "is_natural": false, "region": {"id": 649, "name": "Pfalz", "name_en": "Palatinate", "seo_name": "pfalz", "country": {"code": "de", "name": "Deutschland", "native_name": "Deutschland", "seo_name": "germany", "currency": {"code": "EUR", "name": "Euros", "prefix": "\u20ac", "suffix": null}, "regions_count": 210, "users_count": 2117308, "wines_count": 197796, "wineries_count": 13493, "most_used_grapes": [{"id": 15, "name": "Riesling", "seo_name": "riesling", "has_detailed_info": true, "wines_count": 259925}, {"id": 299, "name": "Sp\u00e4tburgunder", "seo_name": "spatburgunder", "has_detailed_info": false, "wines_count": 49659}, {"id": 355, "name": "Weissburgunder", "seo_name": "weissburgunder", "has_detailed_info": false, "wines_count": 33123}]}, "parent_id": null, "background_image": {"location": "//images.vivino.com/regions/backgrounds/klw147B8QSi16e-qNdUAYA.jpg", "variations": {"large": "//thumbs.vivino.com/region_backgrounds/klw147B8QSi16e-qNdUAYA_1280x760.jpg", "medium": "//thumbs.vivino.com/region_backgrounds/klw147B8QSi16e-qNdUAYA_600x356.jpg"}}, "class": {"typecast_map": {"background_image": {}, "class": {}}}, "statistics": {"wineries_count": 2236, "wines_count": 31653, "sub_regions_count": 24, "parent_regions_count": 0}}, "review_status": 2, "winery": {"id": 127030, "name": "Weingut Pfl\u00fcger", "seo_name": "pfluger", "status": 0, "review_status": "Completed", "background_image": null, "statistics": {"ratings_count": 9064, "ratings_average": 3.8, "labels_count": 36502, "wines_count": 80}, "region": {"id": 649, "name": "Pfalz", "name_en": "Palatinate", "seo_name": "pfalz", "country": {"code": "de", "name": "Deutschland", "native_name": "Deutschland", "seo_name": "germany", "currency": {"code": "EUR", "name": "Euros", "prefix": "\u20ac", "suffix": null}, "regions_count": 210, "users_count": 2117308, "wines_count": 197796, "wineries_count": 13493, "most_used_grapes": [{"id": 15, "name": "Riesling", "seo_name": "riesling", "has_detailed_info": true, "wines_count": 259925}, {"id": 299, "name": "Sp\u00e4tburgunder", "seo_name": "spatburgunder", "has_detailed_info": false, "wines_count": 49659}, {"id": 355, "name": "Weissburgunder", "seo_name": "weissburgunder", "has_detailed_info": false, "wines_count": 33123}]}, "parent_id": null, "background_image": {"location": "//images.vivino.com/regions/backgrounds/klw147B8QSi16e-qNdUAYA.jpg", "variations": {"large": "//thumbs.vivino.com/region_backgrounds/klw147B8QSi16e-qNdUAYA_1280x760.jpg", "medium": "//thumbs.vivino.com/region_backgrounds/klw147B8QSi16e-qNdUAYA_600x356.jpg"}}, "class": {"typecast_map": {"background_image": {}, "class": {}}}, "statistics": {"wineries_count": 2236, "wines_count": 31653, "sub_regions_count": 24, "parent_regions_count": 0}}, "business_name": "Weingut Pfl\u00fcger", "description": "", "specialists_notes": "", "phone": "49 6322 63148", "email": "info@pflueger-wein.de", "facebook": "https://www.facebook.com/pfluegerwein", "instagram": "", "is_claimed": false, "twitter": "", "website": "http://pflueger-wein.de/pflueger/index.html#home", "winemaker": null, "wine_maker": null, "address": {"title": null, "name": null, "street": "Gutleutstra\u00dfe 48 ", "street2": null, "neighborhood": null, "city": "Bad D\u00fcrkheim", "zip": "67098 ", "state": null, "country": {"code": "de", "name": "Deutschland", "native_name": "Deutschland", "seo_name": "germany", "currency": {"code": "EUR", "name": "Euros", "prefix": "\u20ac", "suffix": null}, "regions_count": 210, "users_count": 2117308, "wines_count": 197796, "wineries_count": 13493, "most_used_grapes": [{"id": 15, "name": "Riesling", "seo_name": "riesling", "has_detailed_info": true, "wines_count": 259925}, {"id": 299, "name": "Sp\u00e4tburgunder", "seo_name": "spatburgunder", "has_detailed_info": false, "wines_count": 49659}, {"id": 355, "name": "Weissburgunder", "seo_name": "weissburgunder", "has_detailed_info": false, "wines_count": 33123}]}, "company": null, "phone": null, "external_id": null, "residential": null, "vat_number": null, "vat_code": null, "addition": null}, "image": null, "location": null, "winery_group": null, "first_wines": [], "sponsored_entity_type": null, "sponsored_entity": null}, "statistics": {"status": "Normal", "ratings_count": 698, "ratings_average": 4, "labels_count": 3493, "vintages_count": 20}, "rank": {"country": {"description": "Rang von Deutschland", "total": 115919, "rank": 864}, "region": {"description": "Rang von Weinregion", "total": 25511, "rank": 211}, "winery": {"description": "Rang vom Weingut", "total": 76, "rank": 2}, "wine_type": {"description": "Rang in allen Wei\u00dfwein", "total": 394073, "rank": 7141}, "global": {"description": "Weltweiter Rang", "total": 1287386, "rank": 35351}}, "hidden": false, "vintages": [{"id": 167636475, "seo_name": "pfluger-sauvignon-blanc-quarzit-2021", "name": "Weingut Pfl\u00fcger Sauvignon Blanc Quarzit 2021", "statistics": {"status": "BelowThreshold", "ratings_count": 3, "ratings_average": 0, "labels_count": 11, "reviews_count": 1}, "year": 2021, "grapes": null, "has_valid_ratings": false}, {"id": 164025712, "seo_name": "pfluger-sauvignon-blanc-quarzit-2020", "name": "Weingut Pfl\u00fcger Sauvignon Blanc Quarzit 2020", "statistics": {"status": "Normal", "ratings_count": 112, "ratings_average": 4, "labels_count": 480, "reviews_count": 46}, "year": 2020, "grapes": null, "has_valid_ratings": true}, {"id": 160131560, "seo_name": "pfluger-sauvignon-blanc-quarzit-2019", "name": "Weingut Pfl\u00fcger Sauvignon Blanc Quarzit 2019", "statistics": {"status": "Normal", "ratings_count": 77, "ratings_average": 3.9, "labels_count": 391, "reviews_count": 29}, "year": 2019, "grapes": null, "has_valid_ratings": true}, {"id": 158607186, "seo_name": "pfluger-sauvignon-blanc-quarzit-2018", "name": "Weingut Pfl\u00fcger Sauvignon Blanc Quarzit 2018", "statistics": {"status": "Normal", "ratings_count": 108, "ratings_average": 3.8, "labels_count": 452, "reviews_count": 50}, "year": 2018, "grapes": null, "has_valid_ratings": true}, {"id": 153129006, "seo_name": "pfluger-sauvignon-blanc-quarzit-2017", "name": "Weingut Pfl\u00fcger Sauvignon Blanc Quarzit 2017", "statistics": {"status": "Normal", "ratings_count": 161, "ratings_average": 4, "labels_count": 1261, "reviews_count": 53}, "year": 2017, "grapes": null, "has_valid_ratings": true}, {"id": 141473290, "seo_name": "pfluger-sauvignon-blanc-quarzit-2016", "name": "Weingut Pfl\u00fcger Sauvignon Blanc Quarzit 2016", "statistics": {"status": "Normal", "ratings_count": 71, "ratings_average": 4, "labels_count": 221, "reviews_count": 24}, "year": 2016, "grapes": null, "has_valid_ratings": true}, {"id": 67184550, "seo_name": "pfluger-sauvignon-blanc-quarzit-2015", "name": "Weingut Pfl\u00fcger Sauvignon Blanc Quarzit 2015", "statistics": {"status": "Normal", "ratings_count": 44, "ratings_average": 4, "labels_count": 238, "reviews_count": 17}, "year": 2015, "grapes": null, "has_valid_ratings": true}, {"id": 26147098, "seo_name": "pfluger-sauvignon-blanc-quarzit-2014", "name": "Weingut Pfl\u00fcger Sauvignon Blanc Quarzit 2014", "statistics": {"status": "Normal", "ratings_count": 32, "ratings_average": 4, "labels_count": 140, "reviews_count": 10}, "year": 2014, "grapes": null, "has_valid_ratings": true}, {"id": 24055630, "seo_name": "pfluger-sauvignon-blanc-quarzit-2013", "name": "Weingut Pfl\u00fcger Sauvignon Blanc Quarzit 2013", "statistics": {"status": "BelowThreshold", "ratings_count": 9, "ratings_average": 0, "labels_count": 54, "reviews_count": 4}, "year": 2013, "grapes": null, "has_valid_ratings": false}, {"id": 24055616, "seo_name": "pfluger-sauvignon-blanc-quarzit-2012", "name": "Weingut Pfl\u00fcger Sauvignon Blanc Quarzit 2012", "statistics": {"status": "Normal", "ratings_count": 25, "ratings_average": 4.2, "labels_count": 128, "reviews_count": 10}, "year": 2012, "grapes": null, "has_valid_ratings": true}, {"id": 24312014, "seo_name": "pfluger-sauvignon-blanc-quarzit-2011", "name": "Weingut Pfl\u00fcger Sauvignon Blanc Quarzit 2011", "statistics": {"status": "BelowThreshold", "ratings_count": 3, "ratings_average": 0, "labels_count": 13, "reviews_count": 0}, "year": 2011, "grapes": null, "has_valid_ratings": false}, {"id": 152823470, "seo_name": "pfluger-sauvignon-blanc-quarzit-2010", "name": "Weingut Pfl\u00fcger Sauvignon Blanc Quarzit 2010", "statistics": {"status": "BelowThreshold", "ratings_count": 7, "ratings_average": 0, "labels_count": 40, "reviews_count": 2}, "year": 2010, "grapes": null, "has_valid_ratings": false}, {"id": 163932278, "seo_name": "pfluger-sauvignon-blanc-quarzit-2009", "name": "Weingut Pfl\u00fcger Sauvignon Blanc Quarzit 2009", "statistics": {"status": "BelowThreshold", "ratings_count": 2, "ratings_average": 0, "labels_count": 13, "reviews_count": 0}, "year": 2009, "grapes": null, "has_valid_ratings": false}, {"id": 154958953, "seo_name": "pfluger-sauvignon-blanc-quarzit-2008", "name": "Weingut Pfl\u00fcger Sauvignon Blanc Quarzit 2008", "statistics": {"status": "BelowThreshold", "ratings_count": 2, "ratings_average": 0, "labels_count": 1, "reviews_count": 1}, "year": 2008, "grapes": null, "has_valid_ratings": false}, {"id": 165957368, "seo_name": "pfluger-sauvignon-blanc-quarzit-2004", "name": "Weingut Pfl\u00fcger Sauvignon Blanc Quarzit 2004", "statistics": {"status": "BelowThreshold", "ratings_count": 1, "ratings_average": 0, "labels_count": 1, "reviews_count": 0}, "year": 2004, "grapes": null, "has_valid_ratings": false}, {"id": 161353462, "seo_name": "pfluger-sauvignon-blanc-quarzit-2000", "name": "Weingut Pfl\u00fcger Sauvignon Blanc Quarzit 2000", "statistics": {"status": "BelowThreshold", "ratings_count": 1, "ratings_average": 0, "labels_count": 10, "reviews_count": 1}, "year": 2000, "grapes": null, "has_valid_ratings": false}, {"id": 23065363, "seo_name": "pfluger-sauvignon-blanc-quarzit-uv", "name": "Weingut Pfl\u00fcger Sauvignon Blanc Quarzit", "statistics": {"status": "Normal", "ratings_count": 698, "ratings_average": 4, "labels_count": 15, "reviews_count": 13}, "year": 0, "grapes": null, "has_valid_ratings": true}], "description": "", "grapes": [{"id": 17, "name": "Sauvignon Blanc", "seo_name": "sauvignon-blanc", "has_detailed_info": true, "wines_count": 289542}], "foods": [{"id": 13, "name": "Schalentiere", "background_image": {"location": "//images.vivino.com/backgrounds/foods/13_shellfish.png", "variations": {"small": "//images.vivino.com/backgrounds/foods/thumbs/13_shellfish_932x810.png"}}, "seo_name": "shellfish"}, {"id": 19, "name": "Vegetarische Gerichte", "background_image": {"location": "//images.vivino.com/backgrounds/foods/19_vegetarian.png", "variations": {"small": "//images.vivino.com/backgrounds/foods/thumbs/19_vegetarian_932x810.png"}}, "seo_name": "vegetarian"}, {"id": 39, "name": "Ziegenk\u00e4se", "background_image": {"location": "//images.vivino.com/backgrounds/foods/39_goatcheese.png", "variations": {"small": "//images.vivino.com/backgrounds/foods/thumbs/39_goatcheese_932x810.png"}}, "seo_name": null}], "non_vintage": false, "alcohol": 11.5, "sweetness_id": 5, "closure": null, "vintage_mask_raw": null, "updated_at": "2018-06-27T13:42:12Z", "created_at": "2015-05-16T21:37:48Z", "is_first_wine": false, "style": {"id": 201, "seo_name": "german-sauvignon-blanc", "regional_name": "German", "varietal_name": "Sauvignon Blanc", "name": "Sauvignon Blanc Deutschland", "image": null, "background_image": null, "description": null, "blurb": null, "interesting_facts": null, "body": 2, "body_description": "Leichter K\u00f6rper", "acidity": 3, "acidity_description": "Hoch", "country": {"code": "de", "name": "Deutschland", "native_name": "Deutschland", "seo_name": "germany", "currency": {"code": "EUR", "name": "Euros", "prefix": "\u20ac", "suffix": null}, "regions_count": 210, "users_count": 2117308, "wines_count": 197796, "wineries_count": 13493, "most_used_grapes": [{"id": 15, "name": "Riesling", "seo_name": "riesling", "has_detailed_info": true, "wines_count": 259925}, {"id": 299, "name": "Sp\u00e4tburgunder", "seo_name": "spatburgunder", "has_detailed_info": false, "wines_count": 49659}, {"id": 355, "name": "Weissburgunder", "seo_name": "weissburgunder", "has_detailed_info": false, "wines_count": 33123}]}, "wine_type_id": 2, "food": [{"id": 13, "name": "Shellfish", "background_image": {"location": "//images.vivino.com/backgrounds/foods/13_shellfish.png", "variations": {"small": "//images.vivino.com/backgrounds/foods/thumbs/13_shellfish_932x810.png"}}, "seo_name": "shellfish"}, {"id": 19, "name": "Vegetarian", "background_image": {"location": "//images.vivino.com/backgrounds/foods/19_vegetarian.png", "variations": {"small": "//images.vivino.com/backgrounds/foods/thumbs/19_vegetarian_932x810.png"}}, "seo_name": "vegetarian"}, {"id": 39, "name": "Goat cheese", "background_image": {"location": "//images.vivino.com/backgrounds/foods/39_goatcheese.png", "variations": {"small": "//images.vivino.com/backgrounds/foods/thumbs/39_goatcheese_932x810.png"}}, "seo_name": null}], "grapes": [{"id": 17, "name": "Sauvignon Blanc", "seo_name": "sauvignon-blanc", "has_detailed_info": true, "wines_count": 289542}], "region": null}, "has_valid_ratings": true}, "price": {"id": 23185514, "vintage_id": 164025712, "amount": 10.5, "type": "vc", "currency": {"code": "EUR", "name": "Euros", "prefix": "\u20ac", "suffix": null}, "bottle_type_id": 1, "inventory_bottles_count": 84, "bottles_sold_count": 16, "url": "https://www.lakaaf.de/Wein-etc/Bio-Weine/Bio-Weisswein/Pflueger-Sauvignon-Blanc-vom-Quarzit-trocken-BIO-2020-0-75l.html?utm_medium=pref-cpc&utm_source=vivino-ppc", "message": "", "producer_address": "Weingut Pfl\u00fcger | Gutleutstr. 48 | DE-67098 Bad D\u00fcrkheim", "importer_address": "lakaaf.de, Schoeninger Str. 118, 33129 Delbrueck", "discounted_from": null, "bottle_type": {"id": 1, "name": "Flasche (0,75\u00a0l)", "short_name": "Flasche", "short_name_plural": "Flaschen", "volume_ml": 750}}, "highlights": [], "merchant": {"id": 1498, "name": "La Kaaf.de", "seo_name": "la-kaaf-de", "legal_name": "la Kaaf - Weinhandel Inh. Stefan Kaaf", "description": "Versandkostenfrei f\u00fcr Bestellungen ab 80 EUR", "country": {"code": "de", "name": "Deutschland", "native_name": "Deutschland", "seo_name": "germany", "currency": {"code": "EUR", "name": "Euros", "prefix": "\u20ac", "suffix": null}, "regions_count": 210, "users_count": 2117308, "wines_count": 197796, "wineries_count": 13493, "most_used_grapes": [{"id": 15, "name": "Riesling", "seo_name": "riesling", "has_detailed_info": true, "wines_count": 259925}, {"id": 299, "name": "Sp\u00e4tburgunder", "seo_name": "spatburgunder", "has_detailed_info": false, "wines_count": 49659}, {"id": 355, "name": "Weissburgunder", "seo_name": "weissburgunder", "has_detailed_info": false, "wines_count": 33123}]}, "state": null, "status": 3, "image": {"location": "//images.vivino.com/merchants/originals/p1ctf4da00001eq.jpg", "variations": {"large_square": "//images.vivino.com/merchants/thumbs/p1ctf4da00001eq_400x400.jpg", "medium_square": "//images.vivino.com/merchants/thumbs/p1ctf4da00001eq_320x320.jpg", "small_square": "//images.vivino.com/merchants/thumbs/p1ctf4da00001eq_160x160.jpg"}}, "shipping_estimate": "Lieferung voraussichtlich zwischen Di, 21.\u00a0Dez und Di, 28.\u00a0Dez", "impressum_url": "http://www.lakaaf.de/Specials/Impressum/", "tos_url": "http://www.lakaaf.de/Specials/AGB/", "vc_clearing_system": 0, "hidden": false}, "sold_out": false, "prices_and_availability": {"market": {"country": "de", "currency": {"code": "EUR", "name": "Euros", "prefix": "\u20ac", "suffix": null}}, "availability": {"vintage": {"id": 164025712, "year": 2020, "grapes": null, "has_valid_ratings": false}, "median": {"amount": 9.15, "type": "market", "discounted_from": null}, "price": {"id": 23185514, "amount": 10.5, "discounted_from": 0.0, "type": "vc"}}, "merchants_with_prices": [{"merchant": {"id": 1498, "name": "La Kaaf.de", "seo_name": "la-kaaf-de", "legal_name": "la Kaaf - Weinhandel Inh. Stefan Kaaf", "description": "Versandkostenfrei f\u00fcr Bestellungen ab 80 EUR", "country": {"code": "de", "name": "Deutschland", "native_name": "Deutschland", "seo_name": "germany", "currency": {"code": "EUR", "name": "Euros", "prefix": "\u20ac", "suffix": null}, "regions_count": 210, "users_count": 2117308, "wines_count": 197796, "wineries_count": 13493, "most_used_grapes": [{"id": 15, "name": "Riesling", "seo_name": "riesling", "has_detailed_info": true, "wines_count": 259925}, {"id": 299, "name": "Sp\u00e4tburgunder", "seo_name": "spatburgunder", "has_detailed_info": false, "wines_count": 49659}, {"id": 355, "name": "Weissburgunder", "seo_name": "weissburgunder", "has_detailed_info": false, "wines_count": 33123}]}, "state": null, "status": 3, "image": {"location": "//images.vivino.com/merchants/originals/p1ctf4da00001eq.jpg", "variations": {"large_square": "//images.vivino.com/merchants/thumbs/p1ctf4da00001eq_400x400.jpg", "medium_square": "//images.vivino.com/merchants/thumbs/p1ctf4da00001eq_320x320.jpg", "small_square": "//images.vivino.com/merchants/thumbs/p1ctf4da00001eq_160x160.jpg"}}, "shipping_estimate": "Lieferung voraussichtlich zwischen Di, 21.\u00a0Dez und Di, 28.\u00a0Dez", "impressum_url": "http://www.lakaaf.de/Specials/Impressum/", "tos_url": "http://www.lakaaf.de/Specials/AGB/", "vc_clearing_system": 0, "hidden": false}, "prices": [{"id": 23185514, "vintage_id": 164025712, "amount": 10.5, "type": "vc", "currency": {"code": "EUR", "name": "Euros", "prefix": "\u20ac", "suffix": null}, "bottle_type_id": 1, "inventory_bottles_count": 84, "bottles_sold_count": 16, "url": "https://www.lakaaf.de/Wein-etc/Bio-Weine/Bio-Weisswein/Pflueger-Sauvignon-Blanc-vom-Quarzit-trocken-BIO-2020-0-75l.html?utm_medium=pref-cpc&utm_source=vivino-ppc", "message": "", "producer_address": "Weingut Pfl\u00fcger | Gutleutstr. 48 | DE-67098 Bad D\u00fcrkheim", "importer_address": "lakaaf.de, Schoeninger Str. 118, 33129 Delbrueck", "discounted_from": null, "bottle_type": {"id": 1, "name": "Flasche (0,75\u00a0l)", "short_name": "Flasche", "short_name_plural": "Flaschen", "volume_ml": 750}}]}, {"merchant": {"id": 19982, "name": "Deliagenten.de", "seo_name": "deliagenten-de", "legal_name": null, "description": "Mobile-friendly checkout. No minimum order.", "country": {"code": "de", "name": "Deutschland", "native_name": "Deutschland", "seo_name": "germany", "currency": {"code": "EUR", "name": "Euros", "prefix": "\u20ac", "suffix": null}, "regions_count": 210, "users_count": 2117308, "wines_count": 197796, "wineries_count": 13493, "most_used_grapes": [{"id": 15, "name": "Riesling", "seo_name": "riesling", "has_detailed_info": true, "wines_count": 259925}, {"id": 299, "name": "Sp\u00e4tburgunder", "seo_name": "spatburgunder", "has_detailed_info": false, "wines_count": 49659}, {"id": 355, "name": "Weissburgunder", "seo_name": "weissburgunder", "has_detailed_info": false, "wines_count": 33123}]}, "state": null, "status": 0, "image": null, "shipping_estimate": "Lieferung bis Mi, 22.\u00a0Dez", "impressum_url": null, "tos_url": null, "vc_clearing_system": 0, "hidden": false}, "prices": [{"id": 23999228, "vintage_id": 164025712, "amount": 8.8, "type": "ppc", "currency": {"code": "EUR", "name": "Euros", "prefix": "\u20ac", "suffix": null}, "bottle_type_id": 1, "inventory_bottles_count": null, "url": "https://www.nurgutes.de/weingut-pflueger-sauvignon-blanc-quarzit-2020?utm_medium=pref-cpc&utm_source=vivino-ppc", "message": "", "producer_address": "", "importer_address": "", "discounted_from": null, "bottle_type": {"id": 1, "name": "Flasche (0,75\u00a0l)", "short_name": "Flasche", "short_name_plural": "Flaschen", "volume_ml": 750}}]}, {"merchant": {"id": 2966, "name": "Genussland", "seo_name": "genussland", "legal_name": null, "description": "Mobile-friendly checkout. No minimum order.", "country": {"code": "de", "name": "Deutschland", "native_name": "Deutschland", "seo_name": "germany", "currency": {"code": "EUR", "name": "Euros", "prefix": "\u20ac", "suffix": null}, "regions_count": 210, "users_count": 2117308, "wines_count": 197796, "wineries_count": 13493, "most_used_grapes": [{"id": 15, "name": "Riesling", "seo_name": "riesling", "has_detailed_info": true, "wines_count": 259925}, {"id": 299, "name": "Sp\u00e4tburgunder", "seo_name": "spatburgunder", "has_detailed_info": false, "wines_count": 49659}, {"id": 355, "name": "Weissburgunder", "seo_name": "weissburgunder", "has_detailed_info": false, "wines_count": 33123}]}, "state": null, "status": 0, "image": null, "shipping_estimate": "Lieferung bis Mi, 22.\u00a0Dez", "impressum_url": null, "tos_url": null, "vc_clearing_system": 0, "hidden": false}, "prices": [{"id": 23649261, "vintage_id": 164025712, "amount": 8.8, "type": "ppc", "currency": {"code": "EUR", "name": "Euros", "prefix": "\u20ac", "suffix": null}, "bottle_type_id": 1, "inventory_bottles_count": null, "url": "https://www.genussland.de/weine/pflueger/weingut-pflueger-sauvignon-blanc-quarzit-2020?utm_medium=pref-cpc&utm_source=vivino-ppc", "message": "", "producer_address": "", "importer_address": "", "discounted_from": null, "bottle_type": {"id": 1, "name": "Flasche (0,75\u00a0l)", "short_name": "Flasche", "short_name_plural": "Flaschen", "volume_ml": 750}}]}, {"merchant": {"id": 1317, "name": "Wir Winzer", "seo_name": "wir-winzer", "legal_name": null, "description": "No minimum order. Mobile friendly checkout.", "country": {"code": "de", "name": "Deutschland", "native_name": "Deutschland", "seo_name": "germany", "currency": {"code": "EUR", "name": "Euros", "prefix": "\u20ac", "suffix": null}, "regions_count": 210, "users_count": 2117308, "wines_count": 197796, "wineries_count": 13493, "most_used_grapes": [{"id": 15, "name": "Riesling", "seo_name": "riesling", "has_detailed_info": true, "wines_count": 259925}, {"id": 299, "name": "Sp\u00e4tburgunder", "seo_name": "spatburgunder", "has_detailed_info": false, "wines_count": 49659}, {"id": 355, "name": "Weissburgunder", "seo_name": "weissburgunder", "has_detailed_info": false, "wines_count": 33123}]}, "state": null, "status": 0, "image": {"location": "//images.vivino.com/merchants/originals/p1bj6f3e0000195.jpg", "variations": {"large_square": "//images.vivino.com/merchants/thumbs/p1bj6f3e0000195_400x400.jpg", "medium_square": "//images.vivino.com/merchants/thumbs/p1bj6f3e0000195_320x320.jpg", "small_square": "//images.vivino.com/merchants/thumbs/p1bj6f3e0000195_160x160.jpg"}}, "shipping_estimate": "Lieferung bis Mi, 22.\u00a0Dez", "impressum_url": null, "tos_url": null, "vc_clearing_system": 0, "hidden": false}, "prices": [{"id": 25149036, "vintage_id": 164025712, "amount": 9.5, "type": "ppc", "currency": {"code": "EUR", "name": "Euros", "prefix": "\u20ac", "suffix": null}, "bottle_type_id": 1, "inventory_bottles_count": null, "url": "https://wirwinzer.de/2020-pflueger-sauvignon-blanc-vom-quarzit-trocken-weingut-pflueger.html?utm_medium=pref-cpc&utm_source=vivino-ppc", "message": "", "producer_address": "", "importer_address": "", "discounted_from": null, "bottle_type": {"id": 1, "name": "Flasche (0,75\u00a0l)", "short_name": "Flasche", "short_name_plural": "Flaschen", "volume_ml": 750}}]}]}, "found_by_merchant_and_sku": null, "is_deal_page": false}