{"tastes": {"structure": {"acidity": 2.8462195, "fizziness": null, "intensity": 2.7560976, "sweetness": 1.7857317, "tannin": null, "user_structure_count": 0, "calculated_structure_count": 9}, "flavor": [{"group": "tree_fruit", "stats": {"count": 3, "score": 400, "mentions_count": 4}, "primary_keywords": [{"id": 9, "name": "Apfel", "count": 3}, {"id": 315, "name": "Birne", "count": 1}]}, {"group": "tropical_fruit", "stats": {"count": 2, "score": 200, "mentions_count": 2}, "primary_keywords": [{"id": 256, "name": "Litschi", "count": 1}, {"id": 428, "name": "Tropisch", "count": 1}]}, {"group": "vegetal", "stats": {"count": 1, "score": 100, "mentions_count": 1}, "primary_keywords": [{"id": 399, "name": "Stroh", "count": 1}]}, {"group": "earth", "stats": {"count": 1, "score": 100, "mentions_count": 1}, "primary_keywords": [{"id": 218, "name": "Honig", "count": 1}]}, {"group": "oak", "stats": {"count": 1, "score": 100, "mentions_count": 1}, "primary_keywords": [{"id": 21, "name": "Backgew\u00fcrz", "count": 1}]}]}, "vivino_id": "2679897"}