{"vintage": {"id": 160092239, "seo_name": "colterenzio-schreckbichl-cora-pinot-bianco-2019", "name": "Colterenzio (Schreckbichl) Cora Pinot Bianco 2019", "statistics": {"status": "Normal", "ratings_count": 47, "ratings_average": 3.6, "labels_count": 248, "reviews_count": 16}, "organic_certification_id": null, "certified_biodynamic": null, "image": {"location": "//images.vivino.com/thumbs/Ywsgto4XRsqAeWQx9sI9Sg_pl_480x640.png", "variations": {"bottle_large": "//images.vivino.com/thumbs/Ywsgto4XRsqAeWQx9sI9Sg_pb_x960.png", "bottle_medium": "//images.vivino.com/thumbs/Ywsgto4XRsqAeWQx9sI9Sg_pb_x600.png", "bottle_medium_square": "//images.vivino.com/thumbs/Ywsgto4XRsqAeWQx9sI9Sg_pb_600x600.png", "bottle_small": "//images.vivino.com/thumbs/Ywsgto4XRsqAeWQx9sI9Sg_pb_x300.png", "bottle_small_square": "//images.vivino.com/thumbs/Ywsgto4XRsqAeWQx9sI9Sg_pb_300x300.png", "label": "//images.vivino.com/thumbs/Ywsgto4XRsqAeWQx9sI9Sg_pl_480x640.png", "label_large": "//images.vivino.com/thumbs/Ywsgto4XRsqAeWQx9sI9Sg_pl_375x500.png", "label_medium": "//images.vivino.com/thumbs/Ywsgto4XRsqAeWQx9sI9Sg_pl_150x200.png", "label_medium_square": "//images.vivino.com/thumbs/Ywsgto4XRsqAeWQx9sI9Sg_pl_150x150.png", "label_small_square": "//images.vivino.com/thumbs/Ywsgto4XRsqAeWQx9sI9Sg_pl_80x80.png", "large": "//images.vivino.com/thumbs/Ywsgto4XRsqAeWQx9sI9Sg_pl_375x500.png", "medium": "//images.vivino.com/thumbs/Ywsgto4XRsqAeWQx9sI9Sg_pl_150x200.png", "medium_square": "//images.vivino.com/thumbs/Ywsgto4XRsqAeWQx9sI9Sg_pl_150x150.png", "small_square": "//images.vivino.com/thumbs/Ywsgto4XRsqAeWQx9sI9Sg_pl_80x80.png"}}, "wine": {"id": 6359807, "name": "Cora Pinot Bianco", "seo_name": "cora-pinot-bianco", "type_id": 2, "vintage_type": 0, "is_natural": false, "region": {"id": 661, "name": "S\u00fcdtirol - Alto Adige", "name_en": "Alto Adige (S\u00fcdtirol)", "seo_name": "alto-adige", "country": {"code": "it", "name": "Italien", "native_name": "Italia", "seo_name": "italy", "currency": {"code": "EUR", "name": "Euros", "prefix": "\u20ac", "suffix": null}, "regions_count": 555, "users_count": 3800165, "wines_count": 351993, "wineries_count": 41153, "most_used_grapes": [{"id": 16, "name": "Sangiovese", "seo_name": "sangiovese", "has_detailed_info": true, "wines_count": 123993}, {"id": 10, "name": "Merlot", "seo_name": "merlot", "has_detailed_info": true, "wines_count": 560926}, {"id": 5, "name": "Chardonnay", "seo_name": "chardonnay", "has_detailed_info": true, "wines_count": 597329}]}, "parent_id": 576, "background_image": {"location": "//images.vivino.com/regions/backgrounds/fwSJeiXsQKa5CAbMMDKygA.jpeg", "variations": {"large": "//thumbs.vivino.com/region_backgrounds/fwSJeiXsQKa5CAbMMDKygA_1280x760.jpeg", "medium": "//thumbs.vivino.com/region_backgrounds/fwSJeiXsQKa5CAbMMDKygA_600x356.jpeg"}}, "class": {"typecast_map": {"background_image": {}, "class": {}}}, "statistics": {"wineries_count": 298, "wines_count": 3503, "sub_regions_count": 3, "parent_regions_count": 1}}, "review_status": 2, "winery": {"id": 4626, "name": "Colterenzio (Schreckbichl)", "seo_name": "colterenzio-schreckbichl", "status": 3, "review_status": "Completed", "dashboard_url": "https://analytics-pbl.vivino.com/dashboards-next/8", "background_image": {"location": "//images.vivino.com/wineries/backgrounds/HVs9oxYkT2S4ZLHvDHk-Og.jpeg", "variations": {"large": "//thumbs.vivino.com/winery_backgrounds/HVs9oxYkT2S4ZLHvDHk-Og_2560x1520.jpeg", "medium": "//thumbs.vivino.com/winery_backgrounds/HVs9oxYkT2S4ZLHvDHk-Og_1280x760.jpeg", "small": "//thumbs.vivino.com/winery_backgrounds/HVs9oxYkT2S4ZLHvDHk-Og_600x356.jpeg"}}, "statistics": {"ratings_count": 69448, "ratings_average": 4, "labels_count": 344102, "wines_count": 74}, "region": {"id": 661, "name": "S\u00fcdtirol - Alto Adige", "name_en": "Alto Adige (S\u00fcdtirol)", "seo_name": "alto-adige", "country": {"code": "it", "name": "Italien", "native_name": "Italia", "seo_name": "italy", "currency": {"code": "EUR", "name": "Euros", "prefix": "\u20ac", "suffix": null}, "regions_count": 555, "users_count": 3800165, "wines_count": 351993, "wineries_count": 41153, "most_used_grapes": [{"id": 16, "name": "Sangiovese", "seo_name": "sangiovese", "has_detailed_info": true, "wines_count": 123993}, {"id": 10, "name": "Merlot", "seo_name": "merlot", "has_detailed_info": true, "wines_count": 560926}, {"id": 5, "name": "Chardonnay", "seo_name": "chardonnay", "has_detailed_info": true, "wines_count": 597329}]}, "parent_id": 576, "background_image": {"location": "//images.vivino.com/regions/backgrounds/fwSJeiXsQKa5CAbMMDKygA.jpeg", "variations": {"large": "//thumbs.vivino.com/region_backgrounds/fwSJeiXsQKa5CAbMMDKygA_1280x760.jpeg", "medium": "//thumbs.vivino.com/region_backgrounds/fwSJeiXsQKa5CAbMMDKygA_600x356.jpeg"}}, "class": {"typecast_map": {"background_image": {}, "class": {}}}, "statistics": {"wineries_count": 298, "wines_count": 3503, "sub_regions_count": 3, "parent_regions_count": 1}}, "business_name": "Cantina Colterenzio (Kellerei Schreckbichl)", "description": "Founded in 1960, the Colterenzio winery is one of the youngest winegrowers\u2019 cooperative in Alto Adige. In 1960, 28 winegrowers left the historical Cornaiano winery based in the same little village to found their own winery \u2013 and named it after the hamlet they came from: Schreckbichl in German, Colterenzio in Italian. These winegrowers can be considered rebels but at the same time pioneers for right after the foundation of their own winery they were setting the course towards quality.\r<br>\r<br>Today, 300 winegrowers together with the people working at Colterenzio continued this path.", "specialists_notes": "", "phone": "0471664246", "email": "info@colterenzio.it", "facebook": "https://www.facebook.com/colterenzio", "instagram": "@schreckbichl_colterenzio", "is_claimed": true, "twitter": "@colterenzio", "website": "http://www.colterenzio.it", "winemaker": "Martin Lemayr", "wine_maker": {"id": 2143, "name": "Martin Lemayr "}, "address": {"title": null, "name": null, "street": "Weinstrasse 8", "street2": null, "neighborhood": null, "city": "Eppan", "zip": "39057", "state": null, "country": {"code": "it", "name": "Italien", "native_name": "Italia", "seo_name": "italy", "currency": {"code": "EUR", "name": "Euros", "prefix": "\u20ac", "suffix": null}, "regions_count": 555, "users_count": 3800165, "wines_count": 351993, "wineries_count": 41153, "most_used_grapes": [{"id": 16, "name": "Sangiovese", "seo_name": "sangiovese", "has_detailed_info": true, "wines_count": 123993}, {"id": 10, "name": "Merlot", "seo_name": "merlot", "has_detailed_info": true, "wines_count": 560926}, {"id": 5, "name": "Chardonnay", "seo_name": "chardonnay", "has_detailed_info": true, "wines_count": 597329}]}, "company": null, "phone": null, "external_id": null, "residential": null, "vat_number": null, "vat_code": null, "addition": null}, "image": {"location": "//images.vivino.com/wineries/4626/logos/4sgA7af6QHGLbuQhHOCdcQ.jpeg", "variations": {"large": "//thumbs.vivino.com/wineries/4626/logos/4sgA7af6QHGLbuQhHOCdcQ_500x500.jpeg", "medium": "//thumbs.vivino.com/wineries/4626/logos/4sgA7af6QHGLbuQhHOCdcQ_200x200.jpeg", "small_square": "//thumbs.vivino.com/wineries/4626/logos/4sgA7af6QHGLbuQhHOCdcQ_80x80.jpeg"}}, "background_video": "https://images.vivino.com/misc/winery_videos/4626_Colternzio_video.mp4", "location": {"latitude": 46.46437, "longitude": 11.28719}, "winery_group": null, "first_wines": [], "sponsored_entity_type": null, "sponsored_entity": null}, "statistics": {"status": "Normal", "ratings_count": 150, "ratings_average": 3.6, "labels_count": 807, "vintages_count": 12}, "rank": {"country": {"description": "Rang von Italien", "total": 210247, "rank": 48580}, "region": {"description": "Rang von Weinregion", "total": 2929, "rank": 1085}, "winery": {"description": "Rang vom Weingut", "total": 74, "rank": 49}, "wine_type": {"description": "Rang in allen Wei\u00dfwein", "total": 394072, "rank": 69481}, "global": {"description": "Weltweiter Rang", "total": 1287382, "rank": 258869}}, "hidden": false, "vintages": [{"id": 166769730, "seo_name": "colterenzio-schreckbichl-cora-pinot-bianco-2020", "name": "Colterenzio (Schreckbichl) Cora Pinot Bianco 2020", "statistics": {"status": "Normal", "ratings_count": 25, "ratings_average": 3.6, "labels_count": 165, "reviews_count": 11}, "year": 2020, "grapes": null, "has_valid_ratings": true}, {"id": 160092239, "seo_name": "colterenzio-schreckbichl-cora-pinot-bianco-2019", "name": "Colterenzio (Schreckbichl) Cora Pinot Bianco 2019", "statistics": {"status": "Normal", "ratings_count": 47, "ratings_average": 3.6, "labels_count": 248, "reviews_count": 16}, "year": 2019, "grapes": null, "has_valid_ratings": true}, {"id": 160297748, "seo_name": "colterenzio-schreckbichl-cora-pinot-bianco-2018", "name": "Colterenzio (Schreckbichl) Cora Pinot Bianco 2018", "statistics": {"status": "Normal", "ratings_count": 42, "ratings_average": 3.6, "labels_count": 284, "reviews_count": 16}, "year": 2018, "grapes": null, "has_valid_ratings": true}, {"id": 157274304, "seo_name": "colterenzio-schreckbichl-cora-pinot-bianco-2017", "name": "Colterenzio (Schreckbichl) Cora Pinot Bianco 2017", "statistics": {"status": "Normal", "ratings_count": 22, "ratings_average": 3.5, "labels_count": 54, "reviews_count": 9}, "year": 2017, "grapes": null, "has_valid_ratings": true}, {"id": 157227301, "seo_name": "colterenzio-schreckbichl-cora-pinot-bianco-2016", "name": "Colterenzio (Schreckbichl) Cora Pinot Bianco 2016", "statistics": {"status": "BelowThreshold", "ratings_count": 2, "ratings_average": 0, "labels_count": 10, "reviews_count": 0}, "year": 2016, "grapes": null, "has_valid_ratings": false}, {"id": 165876657, "seo_name": "colterenzio-schreckbichl-cora-pinot-bianco-2010", "name": "Colterenzio (Schreckbichl) Cora Pinot Bianco 2010", "statistics": {"status": "BelowThreshold", "ratings_count": 1, "ratings_average": 0, "labels_count": 9, "reviews_count": 0}, "year": 2010, "grapes": null, "has_valid_ratings": false}, {"id": 157202826, "seo_name": "colterenzio-schreckbichl-cora-pinot-bianco-uv", "name": "Colterenzio (Schreckbichl) Cora Pinot Bianco", "statistics": {"status": "Normal", "ratings_count": 150, "ratings_average": 3.6, "labels_count": 5, "reviews_count": 5}, "year": 0, "grapes": null, "has_valid_ratings": true}], "description": "Straw yellow in colour with green nuances, a fresh bouquet reminiscent of apple and pear; crisp and zesty on the palate, round, with masses of finesse.", "grapes": [{"id": 36, "name": "Pinot Blanc", "seo_name": "pinot-blanc", "has_detailed_info": false, "wines_count": 48247}], "foods": [{"id": 12, "name": "Fetthaltiger Fisch (Lachs, Thunfisch etc.)", "background_image": {"location": "//images.vivino.com/backgrounds/foods/12_richfish.png", "variations": {"small": "//images.vivino.com/backgrounds/foods/thumbs/12_richfish_932x810.png"}}, "seo_name": null}, {"id": 13, "name": "Schalentiere", "background_image": {"location": "//images.vivino.com/backgrounds/foods/13_shellfish.png", "variations": {"small": "//images.vivino.com/backgrounds/foods/thumbs/13_shellfish_932x810.png"}}, "seo_name": "shellfish"}, {"id": 35, "name": "Milde K\u00e4sesorten und Weichk\u00e4se", "background_image": {"location": "//images.vivino.com/backgrounds/foods/35_softcheese.png", "variations": {"small": "//images.vivino.com/backgrounds/foods/thumbs/35_softcheese_932x810.png"}}, "seo_name": null}, {"id": 41, "name": "Ger\u00e4ucherte Fleischprodukte", "background_image": {"location": "//images.vivino.com/backgrounds/foods/41_curedmeat.png", "variations": {"small": "//images.vivino.com/backgrounds/foods/thumbs/41_curedmeat_932x810.png"}}, "seo_name": null}], "non_vintage": false, "alcohol": 13.5, "sweetness_id": null, "closure": null, "vintage_mask_raw": null, "updated_at": "2021-02-09T16:28:11Z", "created_at": "2018-04-30T12:15:31Z", "is_first_wine": false, "style": {"id": 142, "seo_name": "northern-italy-pinot-blanc", "regional_name": "Northern Italy", "varietal_name": "Pinot Blanc", "name": "Pinot Bianco Norditalien", "image": null, "background_image": null, "description": null, "blurb": null, "interesting_facts": null, "body": 3, "body_description": "Mittlerer K\u00f6rper", "acidity": 3, "acidity_description": "Hoch", "country": {"code": "it", "name": "Italien", "native_name": "Italia", "seo_name": "italy", "currency": {"code": "EUR", "name": "Euros", "prefix": "\u20ac", "suffix": null}, "regions_count": 555, "users_count": 3800165, "wines_count": 351993, "wineries_count": 41153, "most_used_grapes": [{"id": 16, "name": "Sangiovese", "seo_name": "sangiovese", "has_detailed_info": true, "wines_count": 123993}, {"id": 10, "name": "Merlot", "seo_name": "merlot", "has_detailed_info": true, "wines_count": 560926}, {"id": 5, "name": "Chardonnay", "seo_name": "chardonnay", "has_detailed_info": true, "wines_count": 597329}]}, "wine_type_id": 2, "food": [{"id": 12, "name": "Rich fish (salmon, tuna etc)", "background_image": {"location": "//images.vivino.com/backgrounds/foods/12_richfish.png", "variations": {"small": "//images.vivino.com/backgrounds/foods/thumbs/12_richfish_932x810.png"}}, "seo_name": null}, {"id": 13, "name": "Shellfish", "background_image": {"location": "//images.vivino.com/backgrounds/foods/13_shellfish.png", "variations": {"small": "//images.vivino.com/backgrounds/foods/thumbs/13_shellfish_932x810.png"}}, "seo_name": "shellfish"}, {"id": 35, "name": "Mild and soft cheese", "background_image": {"location": "//images.vivino.com/backgrounds/foods/35_softcheese.png", "variations": {"small": "//images.vivino.com/backgrounds/foods/thumbs/35_softcheese_932x810.png"}}, "seo_name": null}, {"id": 41, "name": "Cured Meat", "background_image": {"location": "//images.vivino.com/backgrounds/foods/41_curedmeat.png", "variations": {"small": "//images.vivino.com/backgrounds/foods/thumbs/41_curedmeat_932x810.png"}}, "seo_name": null}], "grapes": [{"id": 36, "name": "Pinot Blanc", "seo_name": "pinot-blanc", "has_detailed_info": false, "wines_count": 48247}], "region": null}, "has_valid_ratings": true}, "description": "", "expert_reviews": null, "wine_critic_reviews": [], "awards": [], "ratings_distribution": {"1": 0, "2": 1, "3": 28, "4": 17, "5": 1}, "ranking": {"country": {"description": "Rang von Italien", "total": 1543867, "rank": 380880}, "region": {"description": "Rang von Weinregion", "total": 27195, "rank": 9235}, "winery": {"description": "Rang vom Weingut", "total": 1060, "rank": 411}, "global": {"description": "Weltweiter Rang", "total": 8825186, "rank": 2003255}}, "wine_facts": {"alcohol": 13}, "winemaker": null, "wine_maker": null, "grape_composition": {}, "year": 2019, "grapes": null, "has_valid_ratings": true}, "carts": null, "price_range": {"currency": {"code": "EUR", "name": "Euros", "prefix": "\u20ac", "suffix": null}, "price_range": {"minimum": 0, "maximum": 500, "currency_code": "EUR"}, "defaults": {"minimum": 7, "maximum": 30, "currency_code": "EUR"}}, "subtotal_price": null, "full_region": null, "tastes": null, "wine": {"id": 6359807, "name": "Cora Pinot Bianco", "seo_name": "cora-pinot-bianco", "type_id": 2, "vintage_type": 0, "is_natural": false, "region": {"id": 661, "name": "S\u00fcdtirol - Alto Adige", "name_en": "Alto Adige (S\u00fcdtirol)", "seo_name": "alto-adige", "country": {"code": "it", "name": "Italien", "native_name": "Italia", "seo_name": "italy", "currency": {"code": "EUR", "name": "Euros", "prefix": "\u20ac", "suffix": null}, "regions_count": 555, "users_count": 3800165, "wines_count": 351993, "wineries_count": 41153, "most_used_grapes": [{"id": 16, "name": "Sangiovese", "seo_name": "sangiovese", "has_detailed_info": true, "wines_count": 123993}, {"id": 10, "name": "Merlot", "seo_name": "merlot", "has_detailed_info": true, "wines_count": 560926}, {"id": 5, "name": "Chardonnay", "seo_name": "chardonnay", "has_detailed_info": true, "wines_count": 597329}]}, "parent_id": 576, "background_image": {"location": "//images.vivino.com/regions/backgrounds/fwSJeiXsQKa5CAbMMDKygA.jpeg", "variations": {"large": "//thumbs.vivino.com/region_backgrounds/fwSJeiXsQKa5CAbMMDKygA_1280x760.jpeg", "medium": "//thumbs.vivino.com/region_backgrounds/fwSJeiXsQKa5CAbMMDKygA_600x356.jpeg"}}, "class": {"typecast_map": {"background_image": {}, "class": {}}}, "statistics": {"wineries_count": 298, "wines_count": 3503, "sub_regions_count": 3, "parent_regions_count": 1}}, "review_status": 2, "winery": {"id": 4626, "name": "Colterenzio (Schreckbichl)", "seo_name": "colterenzio-schreckbichl", "status": 3, "review_status": "Completed", "dashboard_url": "https://analytics-pbl.vivino.com/dashboards-next/8", "background_image": {"location": "//images.vivino.com/wineries/backgrounds/HVs9oxYkT2S4ZLHvDHk-Og.jpeg", "variations": {"large": "//thumbs.vivino.com/winery_backgrounds/HVs9oxYkT2S4ZLHvDHk-Og_2560x1520.jpeg", "medium": "//thumbs.vivino.com/winery_backgrounds/HVs9oxYkT2S4ZLHvDHk-Og_1280x760.jpeg", "small": "//thumbs.vivino.com/winery_backgrounds/HVs9oxYkT2S4ZLHvDHk-Og_600x356.jpeg"}}, "statistics": {"ratings_count": 69448, "ratings_average": 4, "labels_count": 344102, "wines_count": 74}, "region": {"id": 661, "name": "S\u00fcdtirol - Alto Adige", "name_en": "Alto Adige (S\u00fcdtirol)", "seo_name": "alto-adige", "country": {"code": "it", "name": "Italien", "native_name": "Italia", "seo_name": "italy", "currency": {"code": "EUR", "name": "Euros", "prefix": "\u20ac", "suffix": null}, "regions_count": 555, "users_count": 3800165, "wines_count": 351993, "wineries_count": 41153, "most_used_grapes": [{"id": 16, "name": "Sangiovese", "seo_name": "sangiovese", "has_detailed_info": true, "wines_count": 123993}, {"id": 10, "name": "Merlot", "seo_name": "merlot", "has_detailed_info": true, "wines_count": 560926}, {"id": 5, "name": "Chardonnay", "seo_name": "chardonnay", "has_detailed_info": true, "wines_count": 597329}]}, "parent_id": 576, "background_image": {"location": "//images.vivino.com/regions/backgrounds/fwSJeiXsQKa5CAbMMDKygA.jpeg", "variations": {"large": "//thumbs.vivino.com/region_backgrounds/fwSJeiXsQKa5CAbMMDKygA_1280x760.jpeg", "medium": "//thumbs.vivino.com/region_backgrounds/fwSJeiXsQKa5CAbMMDKygA_600x356.jpeg"}}, "class": {"typecast_map": {"background_image": {}, "class": {}}}, "statistics": {"wineries_count": 298, "wines_count": 3503, "sub_regions_count": 3, "parent_regions_count": 1}}, "business_name": "Cantina Colterenzio (Kellerei Schreckbichl)", "description": "Founded in 1960, the Colterenzio winery is one of the youngest winegrowers\u2019 cooperative in Alto Adige. In 1960, 28 winegrowers left the historical Cornaiano winery based in the same little village to found their own winery \u2013 and named it after the hamlet they came from: Schreckbichl in German, Colterenzio in Italian. These winegrowers can be considered rebels but at the same time pioneers for right after the foundation of their own winery they were setting the course towards quality.\r<br>\r<br>Today, 300 winegrowers together with the people working at Colterenzio continued this path.", "specialists_notes": "", "phone": "0471664246", "email": "info@colterenzio.it", "facebook": "https://www.facebook.com/colterenzio", "instagram": "@schreckbichl_colterenzio", "is_claimed": true, "twitter": "@colterenzio", "website": "http://www.colterenzio.it", "winemaker": "Martin Lemayr", "wine_maker": {"id": 2143, "name": "Martin Lemayr "}, "address": {"title": null, "name": null, "street": "Weinstrasse 8", "street2": null, "neighborhood": null, "city": "Eppan", "zip": "39057", "state": null, "country": {"code": "it", "name": "Italien", "native_name": "Italia", "seo_name": "italy", "currency": {"code": "EUR", "name": "Euros", "prefix": "\u20ac", "suffix": null}, "regions_count": 555, "users_count": 3800165, "wines_count": 351993, "wineries_count": 41153, "most_used_grapes": [{"id": 16, "name": "Sangiovese", "seo_name": "sangiovese", "has_detailed_info": true, "wines_count": 123993}, {"id": 10, "name": "Merlot", "seo_name": "merlot", "has_detailed_info": true, "wines_count": 560926}, {"id": 5, "name": "Chardonnay", "seo_name": "chardonnay", "has_detailed_info": true, "wines_count": 597329}]}, "company": null, "phone": null, "external_id": null, "residential": null, "vat_number": null, "vat_code": null, "addition": null}, "image": {"location": "//images.vivino.com/wineries/4626/logos/4sgA7af6QHGLbuQhHOCdcQ.jpeg", "variations": {"large": "//thumbs.vivino.com/wineries/4626/logos/4sgA7af6QHGLbuQhHOCdcQ_500x500.jpeg", "medium": "//thumbs.vivino.com/wineries/4626/logos/4sgA7af6QHGLbuQhHOCdcQ_200x200.jpeg", "small_square": "//thumbs.vivino.com/wineries/4626/logos/4sgA7af6QHGLbuQhHOCdcQ_80x80.jpeg"}}, "background_video": "https://images.vivino.com/misc/winery_videos/4626_Colternzio_video.mp4", "location": {"latitude": 46.46437, "longitude": 11.28719}, "winery_group": null, "first_wines": [], "sponsored_entity_type": null, "sponsored_entity": null}, "statistics": {"status": "Normal", "ratings_count": 150, "ratings_average": 3.6, "labels_count": 807, "vintages_count": 12}, "rank": {"country": {"description": "Rang von Italien", "total": 210247, "rank": 48580}, "region": {"description": "Rang von Weinregion", "total": 2929, "rank": 1085}, "winery": {"description": "Rang vom Weingut", "total": 74, "rank": 49}, "wine_type": {"description": "Rang in allen Wei\u00dfwein", "total": 394072, "rank": 69481}, "global": {"description": "Weltweiter Rang", "total": 1287382, "rank": 258869}}, "hidden": false, "vintages": [{"id": 166769730, "seo_name": "colterenzio-schreckbichl-cora-pinot-bianco-2020", "name": "Colterenzio (Schreckbichl) Cora Pinot Bianco 2020", "statistics": {"status": "Normal", "ratings_count": 25, "ratings_average": 3.6, "labels_count": 165, "reviews_count": 11}, "year": 2020, "grapes": null, "has_valid_ratings": true}, {"id": 160092239, "seo_name": "colterenzio-schreckbichl-cora-pinot-bianco-2019", "name": "Colterenzio (Schreckbichl) Cora Pinot Bianco 2019", "statistics": {"status": "Normal", "ratings_count": 47, "ratings_average": 3.6, "labels_count": 248, "reviews_count": 16}, "year": 2019, "grapes": null, "has_valid_ratings": true}, {"id": 160297748, "seo_name": "colterenzio-schreckbichl-cora-pinot-bianco-2018", "name": "Colterenzio (Schreckbichl) Cora Pinot Bianco 2018", "statistics": {"status": "Normal", "ratings_count": 42, "ratings_average": 3.6, "labels_count": 284, "reviews_count": 16}, "year": 2018, "grapes": null, "has_valid_ratings": true}, {"id": 157274304, "seo_name": "colterenzio-schreckbichl-cora-pinot-bianco-2017", "name": "Colterenzio (Schreckbichl) Cora Pinot Bianco 2017", "statistics": {"status": "Normal", "ratings_count": 22, "ratings_average": 3.5, "labels_count": 54, "reviews_count": 9}, "year": 2017, "grapes": null, "has_valid_ratings": true}, {"id": 157227301, "seo_name": "colterenzio-schreckbichl-cora-pinot-bianco-2016", "name": "Colterenzio (Schreckbichl) Cora Pinot Bianco 2016", "statistics": {"status": "BelowThreshold", "ratings_count": 2, "ratings_average": 0, "labels_count": 10, "reviews_count": 0}, "year": 2016, "grapes": null, "has_valid_ratings": false}, {"id": 165876657, "seo_name": "colterenzio-schreckbichl-cora-pinot-bianco-2010", "name": "Colterenzio (Schreckbichl) Cora Pinot Bianco 2010", "statistics": {"status": "BelowThreshold", "ratings_count": 1, "ratings_average": 0, "labels_count": 9, "reviews_count": 0}, "year": 2010, "grapes": null, "has_valid_ratings": false}, {"id": 157202826, "seo_name": "colterenzio-schreckbichl-cora-pinot-bianco-uv", "name": "Colterenzio (Schreckbichl) Cora Pinot Bianco", "statistics": {"status": "Normal", "ratings_count": 150, "ratings_average": 3.6, "labels_count": 5, "reviews_count": 5}, "year": 0, "grapes": null, "has_valid_ratings": true}], "description": "Straw yellow in colour with green nuances, a fresh bouquet reminiscent of apple and pear; crisp and zesty on the palate, round, with masses of finesse.", "grapes": [{"id": 36, "name": "Pinot Blanc", "seo_name": "pinot-blanc", "has_detailed_info": false, "wines_count": 48247}], "foods": [{"id": 12, "name": "Fetthaltiger Fisch (Lachs, Thunfisch etc.)", "background_image": {"location": "//images.vivino.com/backgrounds/foods/12_richfish.png", "variations": {"small": "//images.vivino.com/backgrounds/foods/thumbs/12_richfish_932x810.png"}}, "seo_name": null}, {"id": 13, "name": "Schalentiere", "background_image": {"location": "//images.vivino.com/backgrounds/foods/13_shellfish.png", "variations": {"small": "//images.vivino.com/backgrounds/foods/thumbs/13_shellfish_932x810.png"}}, "seo_name": "shellfish"}, {"id": 35, "name": "Milde K\u00e4sesorten und Weichk\u00e4se", "background_image": {"location": "//images.vivino.com/backgrounds/foods/35_softcheese.png", "variations": {"small": "//images.vivino.com/backgrounds/foods/thumbs/35_softcheese_932x810.png"}}, "seo_name": null}, {"id": 41, "name": "Ger\u00e4ucherte Fleischprodukte", "background_image": {"location": "//images.vivino.com/backgrounds/foods/41_curedmeat.png", "variations": {"small": "//images.vivino.com/backgrounds/foods/thumbs/41_curedmeat_932x810.png"}}, "seo_name": null}], "non_vintage": false, "alcohol": 13.5, "sweetness_id": null, "closure": null, "vintage_mask_raw": null, "updated_at": "2021-02-09T16:28:11Z", "created_at": "2018-04-30T12:15:31Z", "is_first_wine": false, "style": {"id": 142, "seo_name": "northern-italy-pinot-blanc", "regional_name": "Northern Italy", "varietal_name": "Pinot Blanc", "name": "Pinot Bianco Norditalien", "image": null, "background_image": null, "description": null, "blurb": null, "interesting_facts": null, "body": 3, "body_description": "Mittlerer K\u00f6rper", "acidity": 3, "acidity_description": "Hoch", "country": {"code": "it", "name": "Italien", "native_name": "Italia", "seo_name": "italy", "currency": {"code": "EUR", "name": "Euros", "prefix": "\u20ac", "suffix": null}, "regions_count": 555, "users_count": 3800165, "wines_count": 351993, "wineries_count": 41153, "most_used_grapes": [{"id": 16, "name": "Sangiovese", "seo_name": "sangiovese", "has_detailed_info": true, "wines_count": 123993}, {"id": 10, "name": "Merlot", "seo_name": "merlot", "has_detailed_info": true, "wines_count": 560926}, {"id": 5, "name": "Chardonnay", "seo_name": "chardonnay", "has_detailed_info": true, "wines_count": 597329}]}, "wine_type_id": 2, "food": [{"id": 12, "name": "Rich fish (salmon, tuna etc)", "background_image": {"location": "//images.vivino.com/backgrounds/foods/12_richfish.png", "variations": {"small": "//images.vivino.com/backgrounds/foods/thumbs/12_richfish_932x810.png"}}, "seo_name": null}, {"id": 13, "name": "Shellfish", "background_image": {"location": "//images.vivino.com/backgrounds/foods/13_shellfish.png", "variations": {"small": "//images.vivino.com/backgrounds/foods/thumbs/13_shellfish_932x810.png"}}, "seo_name": "shellfish"}, {"id": 35, "name": "Mild and soft cheese", "background_image": {"location": "//images.vivino.com/backgrounds/foods/35_softcheese.png", "variations": {"small": "//images.vivino.com/backgrounds/foods/thumbs/35_softcheese_932x810.png"}}, "seo_name": null}, {"id": 41, "name": "Cured Meat", "background_image": {"location": "//images.vivino.com/backgrounds/foods/41_curedmeat.png", "variations": {"small": "//images.vivino.com/backgrounds/foods/thumbs/41_curedmeat_932x810.png"}}, "seo_name": null}], "grapes": [{"id": 36, "name": "Pinot Blanc", "seo_name": "pinot-blanc", "has_detailed_info": false, "wines_count": 48247}], "region": null}, "has_valid_ratings": true}, "price": {"id": 23593142, "vintage_id": 160092239, "amount": 10.99, "type": "vc", "currency": {"code": "EUR", "name": "Euros", "prefix": "\u20ac", "suffix": null}, "bottle_type_id": 1, "inventory_bottles_count": 121, "url": "https://www.weinzeche.de/19529-schreckbichl-cora-weissburgunder-pinot-bianco.html?tracid=vivino&utm_medium=pref-cpc&utm_source=vivino-ppc", "message": "", "producer_address": "", "importer_address": "", "discounted_from": null, "bottle_type": {"id": 1, "name": "Flasche (0,75\u00a0l)", "short_name": "Flasche", "short_name_plural": "Flaschen", "volume_ml": 750}}, "highlights": [{"vintage_id": 160092239, "highlight_type": "most_user_rated", "message": "Beliebt bei Vivino-Nutzern. Mehr als 40 Bewertungen", "icon": "https://images.vivino.com/highlights/icon/most_user_rated.svg", "metadata": {"price": {"id": 23593142, "type": "vc", "amount": 10.99, "currency": {"code": "EUR", "name": "Euros", "prefix": "\u20ac", "suffix": null}, "discounted_from": null}, "wine_id": 6359807, "toplist": null, "ws_award": null, "critic_review_id": null, "ratings_average": 3.6, "ratings_count": 47, "vintage_year": "2019", "rank_type": null, "ranks": {"country": {"description": "Rang von Italien", "total": 1543867, "rank": 380880}, "region": {"description": "Rang von Weinregion", "total": 27195, "rank": 9235}, "winery": {"description": "Rang vom Weingut", "total": 1060, "rank": 411}, "global": {"description": "Weltweiter Rang", "total": 8825186, "rank": 2003255}}, "style": {"id": 142, "seo_name": "northern-italy-pinot-blanc", "regional_name": "Northern Italy", "varietal_name": "Pinot Blanc", "name": "Pinot Bianco Norditalien", "image": null, "background_image": null, "description": null, "blurb": null, "interesting_facts": null, "body": 3, "body_description": "Mittlerer K\u00f6rper", "acidity": 3, "acidity_description": "Hoch", "country": {"code": "it", "name": "Italien", "native_name": "Italia", "seo_name": "italy", "currency": {"code": "EUR", "name": "Euros", "prefix": "\u20ac", "suffix": null}, "regions_count": 555, "users_count": 3800165, "wines_count": 351993, "wineries_count": 41153, "most_used_grapes": [{"id": 16, "name": "Sangiovese", "seo_name": "sangiovese", "has_detailed_info": true, "wines_count": 123993}, {"id": 10, "name": "Merlot", "seo_name": "merlot", "has_detailed_info": true, "wines_count": 560926}, {"id": 5, "name": "Chardonnay", "seo_name": "chardonnay", "has_detailed_info": true, "wines_count": 597329}]}, "wine_type_id": 2, "food": [{"id": 12, "name": "Rich fish (salmon, tuna etc)", "background_image": {"location": "//images.vivino.com/backgrounds/foods/12_richfish.png", "variations": {"small": "//images.vivino.com/backgrounds/foods/thumbs/12_richfish_932x810.png"}}, "seo_name": null}, {"id": 13, "name": "Shellfish", "background_image": {"location": "//images.vivino.com/backgrounds/foods/13_shellfish.png", "variations": {"small": "//images.vivino.com/backgrounds/foods/thumbs/13_shellfish_932x810.png"}}, "seo_name": "shellfish"}, {"id": 35, "name": "Mild and soft cheese", "background_image": {"location": "//images.vivino.com/backgrounds/foods/35_softcheese.png", "variations": {"small": "//images.vivino.com/backgrounds/foods/thumbs/35_softcheese_932x810.png"}}, "seo_name": null}, {"id": 41, "name": "Cured Meat", "background_image": {"location": "//images.vivino.com/backgrounds/foods/41_curedmeat.png", "variations": {"small": "//images.vivino.com/backgrounds/foods/thumbs/41_curedmeat_932x810.png"}}, "seo_name": null}], "grapes": [{"id": 36, "name": "Pinot Blanc", "seo_name": "pinot-blanc", "has_detailed_info": false, "wines_count": 48247}], "region": null}}}, {"vintage_id": 160092239, "highlight_type": "oldest_available", "message": "\u00c4ltester Jahrgang", "icon": "https://images.vivino.com/highlights/icon/oldest_available.svg", "metadata": {"price": {"id": 23593142, "type": "vc", "amount": 10.99, "currency": {"code": "EUR", "name": "Euros", "prefix": "\u20ac", "suffix": null}, "discounted_from": null}, "wine_id": 6359807, "toplist": null, "ws_award": null, "critic_review_id": null, "ratings_average": 3.6, "ratings_count": 47, "vintage_year": "2019", "rank_type": null, "ranks": {"country": {"description": "Rang von Italien", "total": 1543867, "rank": 380880}, "region": {"description": "Rang von Weinregion", "total": 27195, "rank": 9235}, "winery": {"description": "Rang vom Weingut", "total": 1060, "rank": 411}, "global": {"description": "Weltweiter Rang", "total": 8825186, "rank": 2003255}}, "style": {"id": 142, "seo_name": "northern-italy-pinot-blanc", "regional_name": "Northern Italy", "varietal_name": "Pinot Blanc", "name": "Pinot Bianco Norditalien", "image": null, "background_image": null, "description": null, "blurb": null, "interesting_facts": null, "body": 3, "body_description": "Mittlerer K\u00f6rper", "acidity": 3, "acidity_description": "Hoch", "country": {"code": "it", "name": "Italien", "native_name": "Italia", "seo_name": "italy", "currency": {"code": "EUR", "name": "Euros", "prefix": "\u20ac", "suffix": null}, "regions_count": 555, "users_count": 3800165, "wines_count": 351993, "wineries_count": 41153, "most_used_grapes": [{"id": 16, "name": "Sangiovese", "seo_name": "sangiovese", "has_detailed_info": true, "wines_count": 123993}, {"id": 10, "name": "Merlot", "seo_name": "merlot", "has_detailed_info": true, "wines_count": 560926}, {"id": 5, "name": "Chardonnay", "seo_name": "chardonnay", "has_detailed_info": true, "wines_count": 597329}]}, "wine_type_id": 2, "food": [{"id": 12, "name": "Rich fish (salmon, tuna etc)", "background_image": {"location": "//images.vivino.com/backgrounds/foods/12_richfish.png", "variations": {"small": "//images.vivino.com/backgrounds/foods/thumbs/12_richfish_932x810.png"}}, "seo_name": null}, {"id": 13, "name": "Shellfish", "background_image": {"location": "//images.vivino.com/backgrounds/foods/13_shellfish.png", "variations": {"small": "//images.vivino.com/backgrounds/foods/thumbs/13_shellfish_932x810.png"}}, "seo_name": "shellfish"}, {"id": 35, "name": "Mild and soft cheese", "background_image": {"location": "//images.vivino.com/backgrounds/foods/35_softcheese.png", "variations": {"small": "//images.vivino.com/backgrounds/foods/thumbs/35_softcheese_932x810.png"}}, "seo_name": null}, {"id": 41, "name": "Cured Meat", "background_image": {"location": "//images.vivino.com/backgrounds/foods/41_curedmeat.png", "variations": {"small": "//images.vivino.com/backgrounds/foods/thumbs/41_curedmeat_932x810.png"}}, "seo_name": null}], "grapes": [{"id": 36, "name": "Pinot Blanc", "seo_name": "pinot-blanc", "has_detailed_info": false, "wines_count": 48247}], "region": null}}}], "merchant": {"id": 1491, "name": "Weinzeche Onlinehandel GmbH", "seo_name": "weinzeche-handelsgesellschaft", "legal_name": "Weinzeche Onlinehandel GmbH", "description": "Versandkostenfrei f\u00fcr Bestellungen ab \u20ac80", "country": {"code": "de", "name": "Deutschland", "native_name": "Deutschland", "seo_name": "germany", "currency": {"code": "EUR", "name": "Euros", "prefix": "\u20ac", "suffix": null}, "regions_count": 210, "users_count": 2117308, "wines_count": 197796, "wineries_count": 13493, "most_used_grapes": [{"id": 15, "name": "Riesling", "seo_name": "riesling", "has_detailed_info": true, "wines_count": 259925}, {"id": 299, "name": "Sp\u00e4tburgunder", "seo_name": "spatburgunder", "has_detailed_info": false, "wines_count": 49659}, {"id": 355, "name": "Weissburgunder", "seo_name": "weissburgunder", "has_detailed_info": false, "wines_count": 33123}]}, "state": null, "status": 3, "image": {"location": "//images.vivino.com/merchants/originals/p1fq048400001ej.jpg", "variations": {"large_square": "//images.vivino.com/merchants/thumbs/p1fq048400001ej_400x400.jpg", "medium_square": "//images.vivino.com/merchants/thumbs/p1fq048400001ej_320x320.jpg", "small_square": "//images.vivino.com/merchants/thumbs/p1fq048400001ej_160x160.jpg"}}, "shipping_estimate": "Lieferung voraussichtlich zwischen Di, 21.\u00a0Dez und Fr, 24.\u00a0Dez", "impressum_url": "https://www.weinzeche.de/impressum", "tos_url": "https://www.weinzeche.de/agb", "vc_clearing_system": 0, "hidden": false}, "sold_out": false, "prices_and_availability": {"market": {"country": "de", "currency": {"code": "EUR", "name": "Euros", "prefix": "\u20ac", "suffix": null}}, "availability": {"vintage": {"id": 160092239, "year": 2019, "grapes": null, "has_valid_ratings": false}, "median": {"amount": 9.5, "type": "market", "discounted_from": null}, "price": {"id": 23593142, "amount": 10.99, "discounted_from": 0.0, "type": "vc"}}, "merchants_with_prices": [{"merchant": {"id": 1491, "name": "Weinzeche Onlinehandel GmbH", "seo_name": "weinzeche-handelsgesellschaft", "legal_name": "Weinzeche Onlinehandel GmbH", "description": "Versandkostenfrei f\u00fcr Bestellungen ab \u20ac80", "country": {"code": "de", "name": "Deutschland", "native_name": "Deutschland", "seo_name": "germany", "currency": {"code": "EUR", "name": "Euros", "prefix": "\u20ac", "suffix": null}, "regions_count": 210, "users_count": 2117308, "wines_count": 197796, "wineries_count": 13493, "most_used_grapes": [{"id": 15, "name": "Riesling", "seo_name": "riesling", "has_detailed_info": true, "wines_count": 259925}, {"id": 299, "name": "Sp\u00e4tburgunder", "seo_name": "spatburgunder", "has_detailed_info": false, "wines_count": 49659}, {"id": 355, "name": "Weissburgunder", "seo_name": "weissburgunder", "has_detailed_info": false, "wines_count": 33123}]}, "state": null, "status": 3, "image": {"location": "//images.vivino.com/merchants/originals/p1fq048400001ej.jpg", "variations": {"large_square": "//images.vivino.com/merchants/thumbs/p1fq048400001ej_400x400.jpg", "medium_square": "//images.vivino.com/merchants/thumbs/p1fq048400001ej_320x320.jpg", "small_square": "//images.vivino.com/merchants/thumbs/p1fq048400001ej_160x160.jpg"}}, "shipping_estimate": "Lieferung voraussichtlich zwischen Di, 21.\u00a0Dez und Fr, 24.\u00a0Dez", "impressum_url": "https://www.weinzeche.de/impressum", "tos_url": "https://www.weinzeche.de/agb", "vc_clearing_system": 0, "hidden": false}, "prices": [{"id": 23593142, "vintage_id": 160092239, "amount": 10.99, "type": "vc", "currency": {"code": "EUR", "name": "Euros", "prefix": "\u20ac", "suffix": null}, "bottle_type_id": 1, "inventory_bottles_count": 121, "url": "https://www.weinzeche.de/19529-schreckbichl-cora-weissburgunder-pinot-bianco.html?tracid=vivino&utm_medium=pref-cpc&utm_source=vivino-ppc", "message": "", "producer_address": "", "importer_address": "", "discounted_from": null, "bottle_type": {"id": 1, "name": "Flasche (0,75\u00a0l)", "short_name": "Flasche", "short_name_plural": "Flaschen", "volume_ml": 750}}]}, {"merchant": {"id": 20182, "name": "Maluni.de", "seo_name": "maluni-de", "legal_name": null, "description": "No minimum order. Mobile friendly checkout.", "country": {"code": "de", "name": "Deutschland", "native_name": "Deutschland", "seo_name": "germany", "currency": {"code": "EUR", "name": "Euros", "prefix": "\u20ac", "suffix": null}, "regions_count": 210, "users_count": 2117308, "wines_count": 197796, "wineries_count": 13493, "most_used_grapes": [{"id": 15, "name": "Riesling", "seo_name": "riesling", "has_detailed_info": true, "wines_count": 259925}, {"id": 299, "name": "Sp\u00e4tburgunder", "seo_name": "spatburgunder", "has_detailed_info": false, "wines_count": 49659}, {"id": 355, "name": "Weissburgunder", "seo_name": "weissburgunder", "has_detailed_info": false, "wines_count": 33123}]}, "state": null, "status": 0, "image": null, "shipping_estimate": "Lieferung bis Mi, 22.\u00a0Dez", "impressum_url": null, "tos_url": null, "vc_clearing_system": 0, "hidden": false}, "prices": [{"id": 22353318, "vintage_id": 160092239, "amount": 7.99, "type": "ppc", "currency": {"code": "EUR", "name": "Euros", "prefix": "\u20ac", "suffix": null}, "bottle_type_id": 1, "inventory_bottles_count": null, "url": "https://www.maluni-weine.de/en/2019-pinot-bianco-doc-cora-schreckbichl.html?utm_medium=pref-cpc&utm_source=vivino-ppc", "message": "", "producer_address": "", "importer_address": "", "discounted_from": null, "bottle_type": {"id": 1, "name": "Flasche (0,75\u00a0l)", "short_name": "Flasche", "short_name_plural": "Flaschen", "volume_ml": 750}}]}, {"merchant": {"id": 29061, "name": "Enoteca Enzo", "seo_name": "enoteca-enzo", "legal_name": null, "description": "Moblie friendly checkout. No minimum order.", "country": {"code": "de", "name": "Deutschland", "native_name": "Deutschland", "seo_name": "germany", "currency": {"code": "EUR", "name": "Euros", "prefix": "\u20ac", "suffix": null}, "regions_count": 210, "users_count": 2117308, "wines_count": 197796, "wineries_count": 13493, "most_used_grapes": [{"id": 15, "name": "Riesling", "seo_name": "riesling", "has_detailed_info": true, "wines_count": 259925}, {"id": 299, "name": "Sp\u00e4tburgunder", "seo_name": "spatburgunder", "has_detailed_info": false, "wines_count": 49659}, {"id": 355, "name": "Weissburgunder", "seo_name": "weissburgunder", "has_detailed_info": false, "wines_count": 33123}]}, "state": null, "status": 0, "image": null, "shipping_estimate": "Lieferung bis Mi, 22.\u00a0Dez", "impressum_url": null, "tos_url": null, "vc_clearing_system": 0, "hidden": false}, "prices": [{"id": 21448300, "vintage_id": 160092239, "amount": 9.5, "type": "ppc", "currency": {"code": "EUR", "name": "Euros", "prefix": "\u20ac", "suffix": null}, "bottle_type_id": 1, "inventory_bottles_count": null, "url": "https://www.enzo.de/italien-wein/pinot-bianco-cora-2019?utm_medium=pref-cpc&utm_source=vivino-ppc", "message": "", "producer_address": "", "importer_address": "", "discounted_from": null, "bottle_type": {"id": 1, "name": "Flasche (0,75\u00a0l)", "short_name": "Flasche", "short_name_plural": "Flaschen", "volume_ml": 750}}]}]}, "found_by_merchant_and_sku": null, "is_deal_page": false}