{"tastes": {"structure": {"acidity": 4.2807918, "fizziness": null, "intensity": 2.7973623, "sweetness": 1.5931077, "tannin": null, "user_structure_count": 22, "calculated_structure_count": 47}, "flavor": [{"group": "tree_fruit", "stats": {"count": 49, "score": 8400, "mentions_count": 84}, "primary_keywords": [{"id": 271, "name": "Melone", "count": 23}, {"id": 315, "name": "Birne", "count": 18}, {"id": 310, "name": "Pfirsich", "count": 17}, {"id": 195, "name": "Gr\u00fcner Apfel", "count": 11}, {"id": 9, "name": "Apfel", "count": 7}, {"id": 78, "name": "Cantaloupe-Melone", "count": 2}, {"id": 220, "name": "Honigmelone", "count": 1}, {"id": 461, "name": "Gelbe Pflaume", "count": 1}, {"id": 448, "name": "Wei\u00dfer Pfirsich", "count": 1}, {"id": 66, "name": "Angeschlagener Apfel", "count": 1}, {"id": 19, "name": "Bratapfel", "count": 1}, {"id": 469, "name": "Steinfrucht", "count": 1}]}, {"group": "oak", "stats": {"count": 27, "score": 3038, "mentions_count": 32}, "primary_keywords": [{"id": 292, "name": "Eiche", "count": 19}, {"id": 70, "name": "Butter", "count": 7}, {"id": 434, "name": "Vanille", "count": 4}, {"id": 424, "name": "Toffee", "count": 1}, {"id": 72, "name": "Karamellbonbon", "count": 1}], "secondary_keywords": [{"id": 62, "name": "Brioche", "count": 2}, {"id": 384, "name": "Rauch", "count": 1}, {"id": 6, "name": "Mandel", "count": 1}]}, {"group": "citrus_fruit", "stats": {"count": 21, "score": 2600, "mentions_count": 26}, "primary_keywords": [{"id": 106, "name": "Zitrone", "count": 10}, {"id": 243, "name": "Zitrone", "count": 8}, {"id": 252, "name": "Limette", "count": 2}, {"id": 190, "name": "Grapefruit", "count": 2}, {"id": 300, "name": "Orangenschale", "count": 2}, {"id": 340, "name": "Kandierte Zitrone", "count": 1}, {"id": 246, "name": "Zitronenschale", "count": 1}]}, {"group": "earth", "stats": {"count": 22, "score": 2348, "mentions_count": 24}, "primary_keywords": [{"id": 276, "name": "Mineralien", "count": 8}, {"id": 218, "name": "Honig", "count": 7}, {"id": 398, "name": "Stein", "count": 4}, {"id": 376, "name": "Saline", "count": 3}, {"id": 384, "name": "Rauch", "count": 1}, {"id": 181, "name": "Ingwer", "count": 1}], "secondary_keywords": [{"id": 6, "name": "Mandel", "count": 1}]}, {"group": "tropical_fruit", "stats": {"count": 19, "score": 1999, "mentions_count": 19}, "primary_keywords": [{"id": 428, "name": "Tropisch", "count": 9}, {"id": 237, "name": "Kiwi", "count": 4}, {"id": 329, "name": "Ananas", "count": 2}, {"id": 306, "name": "Passionsfrucht", "count": 1}, {"id": 67, "name": "Kaugummi", "count": 1}, {"id": 256, "name": "Litschi", "count": 1}, {"id": 203, "name": "Gr\u00fcne Papaya", "count": 1}], "secondary_keywords": [{"id": 23, "name": "Banane", "count": 3}]}, {"group": "microbio", "stats": {"count": 19, "score": 1258, "mentions_count": 11}, "primary_keywords": [{"id": 295, "name": "\u00d6l", "count": 4}, {"id": 23, "name": "Banane", "count": 3}, {"id": 457, "name": "Hefe", "count": 2}, {"id": 91, "name": "K\u00e4se", "count": 1}, {"id": 123, "name": "Creme", "count": 1}], "secondary_keywords": [{"id": 70, "name": "Butter", "count": 7}, {"id": 6, "name": "Mandel", "count": 1}, {"id": 424, "name": "Toffee", "count": 1}]}, {"group": "floral", "stats": {"count": 8, "score": 900, "mentions_count": 9}, "primary_keywords": [{"id": 230, "name": "Jasmin", "count": 4}, {"id": 157, "name": "Holunderbl\u00fcte", "count": 2}, {"id": 221, "name": "Gei\u00dfblatt", "count": 1}, {"id": 322, "name": "Parf\u00fcm", "count": 1}, {"id": 10, "name": "Apfelbl\u00fcte", "count": 1}]}, {"group": "vegetal", "stats": {"count": 9, "score": 810, "mentions_count": 8}, "primary_keywords": [{"id": 185, "name": "Stachelbeere", "count": 4}, {"id": 193, "name": "Gras", "count": 2}, {"id": 399, "name": "Stroh", "count": 1}, {"id": 16, "name": "Spargel", "count": 1}], "secondary_keywords": [{"id": 6, "name": "Mandel", "count": 1}]}, {"group": "non_oak", "stats": {"count": 9, "score": 393, "mentions_count": 5}, "primary_keywords": [{"id": 62, "name": "Brioche", "count": 2}, {"id": 35, "name": "Keks", "count": 1}, {"id": 6, "name": "Mandel", "count": 1}, {"id": 291, "name": "Nussig", "count": 1}], "secondary_keywords": [{"id": 434, "name": "Vanille", "count": 4}, {"id": 384, "name": "Rauch", "count": 1}]}, {"group": "spices", "stats": {"count": 6, "score": 254, "mentions_count": 2}, "primary_keywords": [{"id": 449, "name": "Weiter Pfeffer", "count": 2}], "secondary_keywords": [{"id": 434, "name": "Vanille", "count": 4}, {"id": 181, "name": "Ingwer", "count": 1}]}, {"group": "red_fruit", "stats": {"count": 1, "score": 100, "mentions_count": 1}, "primary_keywords": [{"id": 400, "name": "Erdbeere", "count": 1}]}]}, "vivino_id": "5834222"}