{"vintage": {"id": 163688365, "seo_name": "it-villa-raiano-falanghina-del-beneventano-2019", "name": "Villa Raiano Falanghina del Beneventano 2019", "statistics": {"status": "Normal", "ratings_count": 114, "ratings_average": 3.8, "labels_count": 735, "reviews_count": 43}, "organic_certification_id": null, "certified_biodynamic": null, "image": {"location": "//images.vivino.com/thumbs/8nLBApFZRCyMxalLApvk-g_pl_480x640.png", "variations": {"bottle_large": "//images.vivino.com/thumbs/8nLBApFZRCyMxalLApvk-g_pb_x960.png", "bottle_medium": "//images.vivino.com/thumbs/8nLBApFZRCyMxalLApvk-g_pb_x600.png", "bottle_medium_square": "//images.vivino.com/thumbs/8nLBApFZRCyMxalLApvk-g_pb_600x600.png", "bottle_small": "//images.vivino.com/thumbs/8nLBApFZRCyMxalLApvk-g_pb_x300.png", "bottle_small_square": "//images.vivino.com/thumbs/8nLBApFZRCyMxalLApvk-g_pb_300x300.png", "label": "//images.vivino.com/thumbs/8nLBApFZRCyMxalLApvk-g_pl_480x640.png", "label_large": "//images.vivino.com/thumbs/8nLBApFZRCyMxalLApvk-g_pl_375x500.png", "label_medium": "//images.vivino.com/thumbs/8nLBApFZRCyMxalLApvk-g_pl_150x200.png", "label_medium_square": "//images.vivino.com/thumbs/8nLBApFZRCyMxalLApvk-g_pl_150x150.png", "label_small_square": "//images.vivino.com/thumbs/8nLBApFZRCyMxalLApvk-g_pl_80x80.png", "large": "//images.vivino.com/thumbs/8nLBApFZRCyMxalLApvk-g_pl_375x500.png", "medium": "//images.vivino.com/thumbs/8nLBApFZRCyMxalLApvk-g_pl_150x200.png", "medium_square": "//images.vivino.com/thumbs/8nLBApFZRCyMxalLApvk-g_pl_150x150.png", "small_square": "//images.vivino.com/thumbs/8nLBApFZRCyMxalLApvk-g_pl_80x80.png"}}, "wine": {"id": 2050067, "name": "Falanghina del Beneventano", "seo_name": "falanghina-del-beneventano", "type_id": 2, "vintage_type": 0, "is_natural": false, "region": {"id": 2850, "name": "Falanghina del Beneventano", "name_en": "", "seo_name": "falanghina-del-beneventano", "country": {"code": "it", "name": "Italien", "native_name": "Italia", "seo_name": "italy", "currency": {"code": "EUR", "name": "Euros", "prefix": "\u20ac", "suffix": null}, "regions_count": 555, "users_count": 3800165, "wines_count": 351993, "wineries_count": 41153, "most_used_grapes": [{"id": 16, "name": "Sangiovese", "seo_name": "sangiovese", "has_detailed_info": true, "wines_count": 123993}, {"id": 10, "name": "Merlot", "seo_name": "merlot", "has_detailed_info": true, "wines_count": 560926}, {"id": 5, "name": "Chardonnay", "seo_name": "chardonnay", "has_detailed_info": true, "wines_count": 597329}]}, "parent_id": 443, "background_image": null, "class": {"typecast_map": {"background_image": {}, "class": {}}}, "statistics": {"wineries_count": 72, "wines_count": 658, "sub_regions_count": 0, "parent_regions_count": 1}}, "review_status": 2, "winery": {"id": 5168, "name": "Villa Raiano", "seo_name": "it-villa-raiano", "status": 0, "review_status": "Completed", "background_image": null, "statistics": {"ratings_count": 8628, "ratings_average": 3.7, "labels_count": 45938, "wines_count": 23}, "region": {"id": 443, "name": "Campania", "name_en": "", "seo_name": "campania", "country": {"code": "it", "name": "Italien", "native_name": "Italia", "seo_name": "italy", "currency": {"code": "EUR", "name": "Euros", "prefix": "\u20ac", "suffix": null}, "regions_count": 555, "users_count": 3800165, "wines_count": 351993, "wineries_count": 41153, "most_used_grapes": [{"id": 16, "name": "Sangiovese", "seo_name": "sangiovese", "has_detailed_info": true, "wines_count": 123993}, {"id": 10, "name": "Merlot", "seo_name": "merlot", "has_detailed_info": true, "wines_count": 560926}, {"id": 5, "name": "Chardonnay", "seo_name": "chardonnay", "has_detailed_info": true, "wines_count": 597329}]}, "parent_id": null, "background_image": {"location": "//images.vivino.com/regions/backgrounds/8cixXboVSvClk31W1Qd63Q.jpg", "variations": {"large": "//thumbs.vivino.com/region_backgrounds/8cixXboVSvClk31W1Qd63Q_1280x760.jpg", "medium": "//thumbs.vivino.com/region_backgrounds/8cixXboVSvClk31W1Qd63Q_600x356.jpg"}}, "class": {"typecast_map": {"background_image": {}, "class": {}}}, "statistics": {"wineries_count": 1518, "wines_count": 8437, "sub_regions_count": 28, "parent_regions_count": 0}}, "business_name": "Villa Raiano Srl", "description": "", "specialists_notes": "", "phone": "+39 0825 595663", "email": "info@villaraiano.com", "facebook": "https://www.facebook.com/villaraiano", "instagram": "@villaraiano", "is_claimed": false, "twitter": "@villaraiano", "website": "http://www.villaraiano.com", "winemaker": null, "wine_maker": null, "address": {"title": null, "name": null, "street": "Via Bosco Satrano, 1", "street2": null, "neighborhood": null, "city": "San Michele di Serino", "zip": "83028", "state": null, "country": {"code": "it", "name": "Italien", "native_name": "Italia", "seo_name": "italy", "currency": {"code": "EUR", "name": "Euros", "prefix": "\u20ac", "suffix": null}, "regions_count": 555, "users_count": 3800165, "wines_count": 351993, "wineries_count": 41153, "most_used_grapes": [{"id": 16, "name": "Sangiovese", "seo_name": "sangiovese", "has_detailed_info": true, "wines_count": 123993}, {"id": 10, "name": "Merlot", "seo_name": "merlot", "has_detailed_info": true, "wines_count": 560926}, {"id": 5, "name": "Chardonnay", "seo_name": "chardonnay", "has_detailed_info": true, "wines_count": 597329}]}, "company": null, "phone": null, "external_id": null, "residential": null, "vat_number": null, "vat_code": null, "addition": null}, "image": null, "location": {"latitude": 40.874325, "longitude": 14.832333}, "winery_group": null, "first_wines": [], "sponsored_entity_type": null, "sponsored_entity": null}, "statistics": {"status": "Normal", "ratings_count": 1090, "ratings_average": 3.7, "labels_count": 5798, "vintages_count": 26}, "rank": {"country": {"description": "Rang von Italien", "total": 210247, "rank": 20233}, "region": {"description": "Rang von Weinregion", "total": 7269, "rank": 458}, "winery": {"description": "Rang vom Weingut", "total": 20, "rank": 5}, "wine_type": {"description": "Rang in allen Wei\u00dfwein", "total": 394072, "rank": 24832}, "global": {"description": "Weltweiter Rang", "total": 1287382, "rank": 100506}}, "hidden": false, "vintages": [{"id": 167381116, "seo_name": "it-villa-raiano-falanghina-del-beneventano-2020", "name": "Villa Raiano Falanghina del Beneventano 2020", "statistics": {"status": "Normal", "ratings_count": 22, "ratings_average": 4, "labels_count": 131, "reviews_count": 9}, "year": 2020, "grapes": null, "has_valid_ratings": true}, {"id": 163688365, "seo_name": "it-villa-raiano-falanghina-del-beneventano-2019", "name": "Villa Raiano Falanghina del Beneventano 2019", "statistics": {"status": "Normal", "ratings_count": 114, "ratings_average": 3.8, "labels_count": 735, "reviews_count": 43}, "year": 2019, "grapes": null, "has_valid_ratings": true}, {"id": 156608444, "seo_name": "it-villa-raiano-falanghina-del-beneventano-2018", "name": "Villa Raiano Falanghina del Beneventano 2018", "statistics": {"status": "Normal", "ratings_count": 120, "ratings_average": 3.8, "labels_count": 701, "reviews_count": 40}, "year": 2018, "grapes": null, "has_valid_ratings": true}, {"id": 152859960, "seo_name": "it-villa-raiano-falanghina-del-beneventano-2017", "name": "Villa Raiano Falanghina del Beneventano 2017", "statistics": {"status": "Normal", "ratings_count": 120, "ratings_average": 3.7, "labels_count": 727, "reviews_count": 33}, "year": 2017, "grapes": null, "has_valid_ratings": true}, {"id": 117555649, "seo_name": "it-villa-raiano-falanghina-del-beneventano-2016", "name": "Villa Raiano Falanghina del Beneventano 2016", "statistics": {"status": "Normal", "ratings_count": 120, "ratings_average": 3.8, "labels_count": 700, "reviews_count": 37}, "year": 2016, "grapes": null, "has_valid_ratings": true}, {"id": 19579454, "seo_name": "it-villa-raiano-falanghina-del-beneventano-2015", "name": "Villa Raiano Falanghina del Beneventano 2015", "statistics": {"status": "Normal", "ratings_count": 110, "ratings_average": 3.9, "labels_count": 604, "reviews_count": 31}, "year": 2015, "grapes": null, "has_valid_ratings": true}, {"id": 14768090, "seo_name": "it-villa-raiano-falanghina-del-beneventano-2014", "name": "Villa Raiano Falanghina del Beneventano 2014", "statistics": {"status": "Normal", "ratings_count": 120, "ratings_average": 3.7, "labels_count": 596, "reviews_count": 38}, "year": 2014, "grapes": null, "has_valid_ratings": true}, {"id": 5672304, "seo_name": "it-villa-raiano-falanghina-del-beneventano-2013", "name": "Villa Raiano Falanghina del Beneventano 2013", "statistics": {"status": "Normal", "ratings_count": 71, "ratings_average": 3.7, "labels_count": 295, "reviews_count": 24}, "year": 2013, "grapes": null, "has_valid_ratings": true}, {"id": 3903874, "seo_name": "it-villa-raiano-falanghina-del-beneventano-2012", "name": "Villa Raiano Falanghina del Beneventano 2012", "statistics": {"status": "Normal", "ratings_count": 74, "ratings_average": 3.5, "labels_count": 478, "reviews_count": 24}, "year": 2012, "grapes": null, "has_valid_ratings": true}, {"id": 4533254, "seo_name": "it-villa-raiano-falanghina-del-beneventano-2011", "name": "Villa Raiano Falanghina del Beneventano 2011", "statistics": {"status": "Normal", "ratings_count": 99, "ratings_average": 3.3, "labels_count": 482, "reviews_count": 19}, "year": 2011, "grapes": null, "has_valid_ratings": true}, {"id": 12819096, "seo_name": "it-villa-raiano-falanghina-del-beneventano-2010", "name": "Villa Raiano Falanghina del Beneventano 2010", "statistics": {"status": "Normal", "ratings_count": 33, "ratings_average": 3.3, "labels_count": 61, "reviews_count": 4}, "year": 2010, "grapes": null, "has_valid_ratings": true}, {"id": 6277695, "seo_name": "it-villa-raiano-falanghina-del-beneventano-2009", "name": "Villa Raiano Falanghina del Beneventano 2009", "statistics": {"status": "Normal", "ratings_count": 30, "ratings_average": 3.7, "labels_count": 101, "reviews_count": 7}, "year": 2009, "grapes": null, "has_valid_ratings": true}, {"id": 14726424, "seo_name": "it-villa-raiano-falanghina-del-beneventano-2007", "name": "Villa Raiano Falanghina del Beneventano 2007", "statistics": {"status": "BelowThreshold", "ratings_count": 4, "ratings_average": 0, "labels_count": 12, "reviews_count": 2}, "year": 2007, "grapes": null, "has_valid_ratings": false}, {"id": 8764678, "seo_name": "it-villa-raiano-falanghina-del-beneventano-2001", "name": "Villa Raiano Falanghina del Beneventano 2001", "statistics": {"status": "BelowThreshold", "ratings_count": 2, "ratings_average": 0, "labels_count": 8, "reviews_count": 1}, "year": 2001, "grapes": null, "has_valid_ratings": false}, {"id": 3776747, "seo_name": "it-villa-raiano-falanghina-del-beneventano-uv", "name": "Villa Raiano Falanghina del Beneventano", "statistics": {"status": "Normal", "ratings_count": 1090, "ratings_average": 3.7, "labels_count": 70, "reviews_count": 16}, "year": 0, "grapes": null, "has_valid_ratings": true}], "description": "It is a bel bright straw yellow.large and exuberant olfactory impact. Aromas of citrus, pineapple, white peach well balanced between them.fresh and satisfying; successful balance between acidity, flavor and volume, never excessive.final full and dry.", "grapes": [{"id": 102, "name": "Falanghina", "seo_name": "falanghina", "has_detailed_info": false, "wines_count": 6168}], "foods": [{"id": 13, "name": "Schalentiere", "background_image": {"location": "//images.vivino.com/backgrounds/foods/13_shellfish.png", "variations": {"small": "//images.vivino.com/backgrounds/foods/thumbs/13_shellfish_932x810.png"}}, "seo_name": "shellfish"}, {"id": 19, "name": "Vegetarische Gerichte", "background_image": {"location": "//images.vivino.com/backgrounds/foods/19_vegetarian.png", "variations": {"small": "//images.vivino.com/backgrounds/foods/thumbs/19_vegetarian_932x810.png"}}, "seo_name": "vegetarian"}, {"id": 27, "name": "Vorspeisen und Snacks", "background_image": {"location": "//images.vivino.com/backgrounds/foods/27_appetizers-snacks.png", "variations": {"small": "//images.vivino.com/backgrounds/foods/thumbs/27_appetizers-snacks_932x810.png"}}, "seo_name": null}], "non_vintage": false, "alcohol": 0, "sweetness_id": null, "closure": null, "vintage_mask_raw": null, "updated_at": "2021-10-11T11:31:58Z", "created_at": "2013-12-18T06:04:40Z", "is_first_wine": false, "style": {"id": 209, "seo_name": "southern-italy-white", "regional_name": "Southern Italy", "varietal_name": "White", "name": "S\u00fcditalien Wei\u00df", "image": null, "background_image": {"location": "//images.vivino.com/backgrounds/styles/GrrBdaJHRpuDtC5ltll5AQ.jpg", "variations": {"small": "//images.vivino.com/backgrounds/styles/thumbs/GrrBdaJHRpuDtC5ltll5AQ_932x810.jpg"}}, "description": "Italy is responsible for some of the finest wines in the world, and while Northern Italy receives the majority of the plaudits, there is some excellent wine emerging from the sparsely populated southern regions.\n\nFiano and Greco are the two big white varietals in Campania and Basilicata, while Sicily has become known for their Bianco d'Alcamo, a dry wine made from the Marsala grape.\n\nSouthern Italy's reputation has taken a beating in recent years as they have become known for producing bulk wine that they can't sell, and the reputation seems to endure despite some lovely wine coming from Sicily, Campania and Basilicata.\n\nFiano tends to be a wonderfully creamy white wine with lots of green apple skin and pear. Greco, arguably Campania's flagship white grape, is a lot crisper, and typically has an abundance of minerality, lemon notes and pear.\n\nThe white wine of Southern Italy pairs extremely well with the creamy regional cuisine, as well as with some freshly caught fish or shellfish.", "blurb": null, "interesting_facts": ["The Greco grape is thought to have been brought to Italy by the Greeks.", "Italy is currently the largest wine producing country in the world."], "body": 3, "body_description": "Mittlerer K\u00f6rper", "acidity": 3, "acidity_description": "Hoch", "country": {"code": "it", "name": "Italien", "native_name": "Italia", "seo_name": "italy", "currency": {"code": "EUR", "name": "Euros", "prefix": "\u20ac", "suffix": null}, "regions_count": 555, "users_count": 3800165, "wines_count": 351993, "wineries_count": 41153, "most_used_grapes": [{"id": 16, "name": "Sangiovese", "seo_name": "sangiovese", "has_detailed_info": true, "wines_count": 123993}, {"id": 10, "name": "Merlot", "seo_name": "merlot", "has_detailed_info": true, "wines_count": 560926}, {"id": 5, "name": "Chardonnay", "seo_name": "chardonnay", "has_detailed_info": true, "wines_count": 597329}]}, "wine_type_id": 2, "food": [{"id": 13, "name": "Shellfish", "background_image": {"location": "//images.vivino.com/backgrounds/foods/13_shellfish.png", "variations": {"small": "//images.vivino.com/backgrounds/foods/thumbs/13_shellfish_932x810.png"}}, "seo_name": "shellfish"}, {"id": 19, "name": "Vegetarian", "background_image": {"location": "//images.vivino.com/backgrounds/foods/19_vegetarian.png", "variations": {"small": "//images.vivino.com/backgrounds/foods/thumbs/19_vegetarian_932x810.png"}}, "seo_name": "vegetarian"}, {"id": 27, "name": "Appetizers and snacks", "background_image": {"location": "//images.vivino.com/backgrounds/foods/27_appetizers-snacks.png", "variations": {"small": "//images.vivino.com/backgrounds/foods/thumbs/27_appetizers-snacks_932x810.png"}}, "seo_name": null}], "grapes": [{"id": 39, "name": "Malvasia", "seo_name": "malvasia", "has_detailed_info": false, "wines_count": 31054}, {"id": 103, "name": "Fiano", "seo_name": "fiano", "has_detailed_info": false, "wines_count": 7418}, {"id": 184, "name": "Catarratto Bianco", "seo_name": "catarratto-bianco", "has_detailed_info": false, "wines_count": 4564}], "region": null}, "has_valid_ratings": true}, "description": "", "expert_reviews": null, "wine_critic_reviews": [], "awards": [], "ratings_distribution": {"1": 1, "2": 4, "3": 42, "4": 56, "5": 11}, "ranking": {"country": {"description": "Rang von Italien", "total": 1543866, "rank": 133385}, "region": {"description": "Rang von Weinregion", "total": 46503, "rank": 2911}, "winery": {"description": "Rang vom Weingut", "total": 234, "rank": 31}, "global": {"description": "Weltweiter Rang", "total": 8825172, "rank": 683635}}, "wine_facts": {"alcohol": 13, "contains_milk_allergens": true, "contains_egg_allergens": true}, "winemaker": null, "wine_maker": null, "grape_composition": {"102": 100}, "year": 2019, "grapes": [{"id": 102, "name": "Falanghina", "seo_name": "falanghina", "has_detailed_info": false, "wines_count": 6168}], "has_valid_ratings": true}, "carts": null, "price_range": {"currency": {"code": "EUR", "name": "Euros", "prefix": "\u20ac", "suffix": null}, "price_range": {"minimum": 0, "maximum": 500, "currency_code": "EUR"}, "defaults": {"minimum": 7, "maximum": 30, "currency_code": "EUR"}}, "subtotal_price": null, "full_region": null, "tastes": null, "wine": {"id": 2050067, "name": "Falanghina del Beneventano", "seo_name": "falanghina-del-beneventano", "type_id": 2, "vintage_type": 0, "is_natural": false, "region": {"id": 2850, "name": "Falanghina del Beneventano", "name_en": "", "seo_name": "falanghina-del-beneventano", "country": {"code": "it", "name": "Italien", "native_name": "Italia", "seo_name": "italy", "currency": {"code": "EUR", "name": "Euros", "prefix": "\u20ac", "suffix": null}, "regions_count": 555, "users_count": 3800165, "wines_count": 351993, "wineries_count": 41153, "most_used_grapes": [{"id": 16, "name": "Sangiovese", "seo_name": "sangiovese", "has_detailed_info": true, "wines_count": 123993}, {"id": 10, "name": "Merlot", "seo_name": "merlot", "has_detailed_info": true, "wines_count": 560926}, {"id": 5, "name": "Chardonnay", "seo_name": "chardonnay", "has_detailed_info": true, "wines_count": 597329}]}, "parent_id": 443, "background_image": null, "class": {"typecast_map": {"background_image": {}, "class": {}}}, "statistics": {"wineries_count": 72, "wines_count": 658, "sub_regions_count": 0, "parent_regions_count": 1}}, "review_status": 2, "winery": {"id": 5168, "name": "Villa Raiano", "seo_name": "it-villa-raiano", "status": 0, "review_status": "Completed", "background_image": null, "statistics": {"ratings_count": 8628, "ratings_average": 3.7, "labels_count": 45938, "wines_count": 23}, "region": {"id": 443, "name": "Campania", "name_en": "", "seo_name": "campania", "country": {"code": "it", "name": "Italien", "native_name": "Italia", "seo_name": "italy", "currency": {"code": "EUR", "name": "Euros", "prefix": "\u20ac", "suffix": null}, "regions_count": 555, "users_count": 3800165, "wines_count": 351993, "wineries_count": 41153, "most_used_grapes": [{"id": 16, "name": "Sangiovese", "seo_name": "sangiovese", "has_detailed_info": true, "wines_count": 123993}, {"id": 10, "name": "Merlot", "seo_name": "merlot", "has_detailed_info": true, "wines_count": 560926}, {"id": 5, "name": "Chardonnay", "seo_name": "chardonnay", "has_detailed_info": true, "wines_count": 597329}]}, "parent_id": null, "background_image": {"location": "//images.vivino.com/regions/backgrounds/8cixXboVSvClk31W1Qd63Q.jpg", "variations": {"large": "//thumbs.vivino.com/region_backgrounds/8cixXboVSvClk31W1Qd63Q_1280x760.jpg", "medium": "//thumbs.vivino.com/region_backgrounds/8cixXboVSvClk31W1Qd63Q_600x356.jpg"}}, "class": {"typecast_map": {"background_image": {}, "class": {}}}, "statistics": {"wineries_count": 1518, "wines_count": 8437, "sub_regions_count": 28, "parent_regions_count": 0}}, "business_name": "Villa Raiano Srl", "description": "", "specialists_notes": "", "phone": "+39 0825 595663", "email": "info@villaraiano.com", "facebook": "https://www.facebook.com/villaraiano", "instagram": "@villaraiano", "is_claimed": false, "twitter": "@villaraiano", "website": "http://www.villaraiano.com", "winemaker": null, "wine_maker": null, "address": {"title": null, "name": null, "street": "Via Bosco Satrano, 1", "street2": null, "neighborhood": null, "city": "San Michele di Serino", "zip": "83028", "state": null, "country": {"code": "it", "name": "Italien", "native_name": "Italia", "seo_name": "italy", "currency": {"code": "EUR", "name": "Euros", "prefix": "\u20ac", "suffix": null}, "regions_count": 555, "users_count": 3800165, "wines_count": 351993, "wineries_count": 41153, "most_used_grapes": [{"id": 16, "name": "Sangiovese", "seo_name": "sangiovese", "has_detailed_info": true, "wines_count": 123993}, {"id": 10, "name": "Merlot", "seo_name": "merlot", "has_detailed_info": true, "wines_count": 560926}, {"id": 5, "name": "Chardonnay", "seo_name": "chardonnay", "has_detailed_info": true, "wines_count": 597329}]}, "company": null, "phone": null, "external_id": null, "residential": null, "vat_number": null, "vat_code": null, "addition": null}, "image": null, "location": {"latitude": 40.874325, "longitude": 14.832333}, "winery_group": null, "first_wines": [], "sponsored_entity_type": null, "sponsored_entity": null}, "statistics": {"status": "Normal", "ratings_count": 1090, "ratings_average": 3.7, "labels_count": 5798, "vintages_count": 26}, "rank": {"country": {"description": "Rang von Italien", "total": 210247, "rank": 20233}, "region": {"description": "Rang von Weinregion", "total": 7269, "rank": 458}, "winery": {"description": "Rang vom Weingut", "total": 20, "rank": 5}, "wine_type": {"description": "Rang in allen Wei\u00dfwein", "total": 394072, "rank": 24832}, "global": {"description": "Weltweiter Rang", "total": 1287382, "rank": 100506}}, "hidden": false, "vintages": [{"id": 167381116, "seo_name": "it-villa-raiano-falanghina-del-beneventano-2020", "name": "Villa Raiano Falanghina del Beneventano 2020", "statistics": {"status": "Normal", "ratings_count": 22, "ratings_average": 4, "labels_count": 131, "reviews_count": 9}, "year": 2020, "grapes": null, "has_valid_ratings": true}, {"id": 163688365, "seo_name": "it-villa-raiano-falanghina-del-beneventano-2019", "name": "Villa Raiano Falanghina del Beneventano 2019", "statistics": {"status": "Normal", "ratings_count": 114, "ratings_average": 3.8, "labels_count": 735, "reviews_count": 43}, "year": 2019, "grapes": null, "has_valid_ratings": true}, {"id": 156608444, "seo_name": "it-villa-raiano-falanghina-del-beneventano-2018", "name": "Villa Raiano Falanghina del Beneventano 2018", "statistics": {"status": "Normal", "ratings_count": 120, "ratings_average": 3.8, "labels_count": 701, "reviews_count": 40}, "year": 2018, "grapes": null, "has_valid_ratings": true}, {"id": 152859960, "seo_name": "it-villa-raiano-falanghina-del-beneventano-2017", "name": "Villa Raiano Falanghina del Beneventano 2017", "statistics": {"status": "Normal", "ratings_count": 120, "ratings_average": 3.7, "labels_count": 727, "reviews_count": 33}, "year": 2017, "grapes": null, "has_valid_ratings": true}, {"id": 117555649, "seo_name": "it-villa-raiano-falanghina-del-beneventano-2016", "name": "Villa Raiano Falanghina del Beneventano 2016", "statistics": {"status": "Normal", "ratings_count": 120, "ratings_average": 3.8, "labels_count": 700, "reviews_count": 37}, "year": 2016, "grapes": null, "has_valid_ratings": true}, {"id": 19579454, "seo_name": "it-villa-raiano-falanghina-del-beneventano-2015", "name": "Villa Raiano Falanghina del Beneventano 2015", "statistics": {"status": "Normal", "ratings_count": 110, "ratings_average": 3.9, "labels_count": 604, "reviews_count": 31}, "year": 2015, "grapes": null, "has_valid_ratings": true}, {"id": 14768090, "seo_name": "it-villa-raiano-falanghina-del-beneventano-2014", "name": "Villa Raiano Falanghina del Beneventano 2014", "statistics": {"status": "Normal", "ratings_count": 120, "ratings_average": 3.7, "labels_count": 596, "reviews_count": 38}, "year": 2014, "grapes": null, "has_valid_ratings": true}, {"id": 5672304, "seo_name": "it-villa-raiano-falanghina-del-beneventano-2013", "name": "Villa Raiano Falanghina del Beneventano 2013", "statistics": {"status": "Normal", "ratings_count": 71, "ratings_average": 3.7, "labels_count": 295, "reviews_count": 24}, "year": 2013, "grapes": null, "has_valid_ratings": true}, {"id": 3903874, "seo_name": "it-villa-raiano-falanghina-del-beneventano-2012", "name": "Villa Raiano Falanghina del Beneventano 2012", "statistics": {"status": "Normal", "ratings_count": 74, "ratings_average": 3.5, "labels_count": 478, "reviews_count": 24}, "year": 2012, "grapes": null, "has_valid_ratings": true}, {"id": 4533254, "seo_name": "it-villa-raiano-falanghina-del-beneventano-2011", "name": "Villa Raiano Falanghina del Beneventano 2011", "statistics": {"status": "Normal", "ratings_count": 99, "ratings_average": 3.3, "labels_count": 482, "reviews_count": 19}, "year": 2011, "grapes": null, "has_valid_ratings": true}, {"id": 12819096, "seo_name": "it-villa-raiano-falanghina-del-beneventano-2010", "name": "Villa Raiano Falanghina del Beneventano 2010", "statistics": {"status": "Normal", "ratings_count": 33, "ratings_average": 3.3, "labels_count": 61, "reviews_count": 4}, "year": 2010, "grapes": null, "has_valid_ratings": true}, {"id": 6277695, "seo_name": "it-villa-raiano-falanghina-del-beneventano-2009", "name": "Villa Raiano Falanghina del Beneventano 2009", "statistics": {"status": "Normal", "ratings_count": 30, "ratings_average": 3.7, "labels_count": 101, "reviews_count": 7}, "year": 2009, "grapes": null, "has_valid_ratings": true}, {"id": 14726424, "seo_name": "it-villa-raiano-falanghina-del-beneventano-2007", "name": "Villa Raiano Falanghina del Beneventano 2007", "statistics": {"status": "BelowThreshold", "ratings_count": 4, "ratings_average": 0, "labels_count": 12, "reviews_count": 2}, "year": 2007, "grapes": null, "has_valid_ratings": false}, {"id": 8764678, "seo_name": "it-villa-raiano-falanghina-del-beneventano-2001", "name": "Villa Raiano Falanghina del Beneventano 2001", "statistics": {"status": "BelowThreshold", "ratings_count": 2, "ratings_average": 0, "labels_count": 8, "reviews_count": 1}, "year": 2001, "grapes": null, "has_valid_ratings": false}, {"id": 3776747, "seo_name": "it-villa-raiano-falanghina-del-beneventano-uv", "name": "Villa Raiano Falanghina del Beneventano", "statistics": {"status": "Normal", "ratings_count": 1090, "ratings_average": 3.7, "labels_count": 70, "reviews_count": 16}, "year": 0, "grapes": null, "has_valid_ratings": true}], "description": "It is a bel bright straw yellow.large and exuberant olfactory impact. Aromas of citrus, pineapple, white peach well balanced between them.fresh and satisfying; successful balance between acidity, flavor and volume, never excessive.final full and dry.", "grapes": [{"id": 102, "name": "Falanghina", "seo_name": "falanghina", "has_detailed_info": false, "wines_count": 6168}], "foods": [{"id": 13, "name": "Schalentiere", "background_image": {"location": "//images.vivino.com/backgrounds/foods/13_shellfish.png", "variations": {"small": "//images.vivino.com/backgrounds/foods/thumbs/13_shellfish_932x810.png"}}, "seo_name": "shellfish"}, {"id": 19, "name": "Vegetarische Gerichte", "background_image": {"location": "//images.vivino.com/backgrounds/foods/19_vegetarian.png", "variations": {"small": "//images.vivino.com/backgrounds/foods/thumbs/19_vegetarian_932x810.png"}}, "seo_name": "vegetarian"}, {"id": 27, "name": "Vorspeisen und Snacks", "background_image": {"location": "//images.vivino.com/backgrounds/foods/27_appetizers-snacks.png", "variations": {"small": "//images.vivino.com/backgrounds/foods/thumbs/27_appetizers-snacks_932x810.png"}}, "seo_name": null}], "non_vintage": false, "alcohol": 0, "sweetness_id": null, "closure": null, "vintage_mask_raw": null, "updated_at": "2021-10-11T11:31:58Z", "created_at": "2013-12-18T06:04:40Z", "is_first_wine": false, "style": {"id": 209, "seo_name": "southern-italy-white", "regional_name": "Southern Italy", "varietal_name": "White", "name": "S\u00fcditalien Wei\u00df", "image": null, "background_image": {"location": "//images.vivino.com/backgrounds/styles/GrrBdaJHRpuDtC5ltll5AQ.jpg", "variations": {"small": "//images.vivino.com/backgrounds/styles/thumbs/GrrBdaJHRpuDtC5ltll5AQ_932x810.jpg"}}, "description": "Italy is responsible for some of the finest wines in the world, and while Northern Italy receives the majority of the plaudits, there is some excellent wine emerging from the sparsely populated southern regions.\n\nFiano and Greco are the two big white varietals in Campania and Basilicata, while Sicily has become known for their Bianco d'Alcamo, a dry wine made from the Marsala grape.\n\nSouthern Italy's reputation has taken a beating in recent years as they have become known for producing bulk wine that they can't sell, and the reputation seems to endure despite some lovely wine coming from Sicily, Campania and Basilicata.\n\nFiano tends to be a wonderfully creamy white wine with lots of green apple skin and pear. Greco, arguably Campania's flagship white grape, is a lot crisper, and typically has an abundance of minerality, lemon notes and pear.\n\nThe white wine of Southern Italy pairs extremely well with the creamy regional cuisine, as well as with some freshly caught fish or shellfish.", "blurb": null, "interesting_facts": ["The Greco grape is thought to have been brought to Italy by the Greeks.", "Italy is currently the largest wine producing country in the world."], "body": 3, "body_description": "Mittlerer K\u00f6rper", "acidity": 3, "acidity_description": "Hoch", "country": {"code": "it", "name": "Italien", "native_name": "Italia", "seo_name": "italy", "currency": {"code": "EUR", "name": "Euros", "prefix": "\u20ac", "suffix": null}, "regions_count": 555, "users_count": 3800165, "wines_count": 351993, "wineries_count": 41153, "most_used_grapes": [{"id": 16, "name": "Sangiovese", "seo_name": "sangiovese", "has_detailed_info": true, "wines_count": 123993}, {"id": 10, "name": "Merlot", "seo_name": "merlot", "has_detailed_info": true, "wines_count": 560926}, {"id": 5, "name": "Chardonnay", "seo_name": "chardonnay", "has_detailed_info": true, "wines_count": 597329}]}, "wine_type_id": 2, "food": [{"id": 13, "name": "Shellfish", "background_image": {"location": "//images.vivino.com/backgrounds/foods/13_shellfish.png", "variations": {"small": "//images.vivino.com/backgrounds/foods/thumbs/13_shellfish_932x810.png"}}, "seo_name": "shellfish"}, {"id": 19, "name": "Vegetarian", "background_image": {"location": "//images.vivino.com/backgrounds/foods/19_vegetarian.png", "variations": {"small": "//images.vivino.com/backgrounds/foods/thumbs/19_vegetarian_932x810.png"}}, "seo_name": "vegetarian"}, {"id": 27, "name": "Appetizers and snacks", "background_image": {"location": "//images.vivino.com/backgrounds/foods/27_appetizers-snacks.png", "variations": {"small": "//images.vivino.com/backgrounds/foods/thumbs/27_appetizers-snacks_932x810.png"}}, "seo_name": null}], "grapes": [{"id": 39, "name": "Malvasia", "seo_name": "malvasia", "has_detailed_info": false, "wines_count": 31054}, {"id": 103, "name": "Fiano", "seo_name": "fiano", "has_detailed_info": false, "wines_count": 7418}, {"id": 184, "name": "Catarratto Bianco", "seo_name": "catarratto-bianco", "has_detailed_info": false, "wines_count": 4564}], "region": null}, "has_valid_ratings": true}, "price": {"id": 26343520, "vintage_id": 163688365, "amount": 10.9, "type": "vc", "currency": {"code": "EUR", "name": "Euros", "prefix": "\u20ac", "suffix": null}, "bottle_type_id": 1, "inventory_bottles_count": 12, "url": "https://www.weinfinger.de/villa-raiano-falanghina-beneventano?utm_medium=pref-cpc&utm_source=vivino-ppc", "message": "", "producer_address": "Villa Raiano83020 San Michele di SerinoItalien", "importer_address": "", "discounted_from": null, "bottle_type": {"id": 1, "name": "Flasche (0,75\u00a0l)", "short_name": "Flasche", "short_name_plural": "Flaschen", "volume_ml": 750}}, "highlights": [{"vintage_id": 163688365, "highlight_type": "oldest_available", "message": "\u00c4ltester Jahrgang", "icon": "https://images.vivino.com/highlights/icon/oldest_available.svg", "metadata": {"price": {"id": 26343520, "type": "vc", "amount": 10.9, "currency": {"code": "EUR", "name": "Euros", "prefix": "\u20ac", "suffix": null}, "discounted_from": null}, "wine_id": 2050067, "toplist": null, "ws_award": null, "critic_review_id": null, "ratings_average": 3.8, "ratings_count": 114, "vintage_year": "2019", "rank_type": "global", "ranks": {"country": {"description": "Rang von Italien", "total": 1543866, "rank": 133385}, "region": {"description": "Rang von Weinregion", "total": 46503, "rank": 2911}, "winery": {"description": "Rang vom Weingut", "total": 234, "rank": 31}, "global": {"description": "Weltweiter Rang", "total": 8825172, "rank": 683635}}, "style": {"id": 209, "seo_name": "southern-italy-white", "regional_name": "Southern Italy", "varietal_name": "White", "name": "S\u00fcditalien Wei\u00df", "image": null, "background_image": {"location": "//images.vivino.com/backgrounds/styles/GrrBdaJHRpuDtC5ltll5AQ.jpg", "variations": {"small": "//images.vivino.com/backgrounds/styles/thumbs/GrrBdaJHRpuDtC5ltll5AQ_932x810.jpg"}}, "description": "Italy is responsible for some of the finest wines in the world, and while Northern Italy receives the majority of the plaudits, there is some excellent wine emerging from the sparsely populated southern regions.\n\nFiano and Greco are the two big white varietals in Campania and Basilicata, while Sicily has become known for their Bianco d'Alcamo, a dry wine made from the Marsala grape.\n\nSouthern Italy's reputation has taken a beating in recent years as they have become known for producing bulk wine that they can't sell, and the reputation seems to endure despite some lovely wine coming from Sicily, Campania and Basilicata.\n\nFiano tends to be a wonderfully creamy white wine with lots of green apple skin and pear. Greco, arguably Campania's flagship white grape, is a lot crisper, and typically has an abundance of minerality, lemon notes and pear.\n\nThe white wine of Southern Italy pairs extremely well with the creamy regional cuisine, as well as with some freshly caught fish or shellfish.", "blurb": null, "interesting_facts": ["The Greco grape is thought to have been brought to Italy by the Greeks.", "Italy is currently the largest wine producing country in the world."], "body": 3, "body_description": "Mittlerer K\u00f6rper", "acidity": 3, "acidity_description": "Hoch", "country": {"code": "it", "name": "Italien", "native_name": "Italia", "seo_name": "italy", "currency": {"code": "EUR", "name": "Euros", "prefix": "\u20ac", "suffix": null}, "regions_count": 555, "users_count": 3800165, "wines_count": 351993, "wineries_count": 41153, "most_used_grapes": [{"id": 16, "name": "Sangiovese", "seo_name": "sangiovese", "has_detailed_info": true, "wines_count": 123993}, {"id": 10, "name": "Merlot", "seo_name": "merlot", "has_detailed_info": true, "wines_count": 560926}, {"id": 5, "name": "Chardonnay", "seo_name": "chardonnay", "has_detailed_info": true, "wines_count": 597329}]}, "wine_type_id": 2, "food": [{"id": 13, "name": "Shellfish", "background_image": {"location": "//images.vivino.com/backgrounds/foods/13_shellfish.png", "variations": {"small": "//images.vivino.com/backgrounds/foods/thumbs/13_shellfish_932x810.png"}}, "seo_name": "shellfish"}, {"id": 19, "name": "Vegetarian", "background_image": {"location": "//images.vivino.com/backgrounds/foods/19_vegetarian.png", "variations": {"small": "//images.vivino.com/backgrounds/foods/thumbs/19_vegetarian_932x810.png"}}, "seo_name": "vegetarian"}, {"id": 27, "name": "Appetizers and snacks", "background_image": {"location": "//images.vivino.com/backgrounds/foods/27_appetizers-snacks.png", "variations": {"small": "//images.vivino.com/backgrounds/foods/thumbs/27_appetizers-snacks_932x810.png"}}, "seo_name": null}], "grapes": [{"id": 39, "name": "Malvasia", "seo_name": "malvasia", "has_detailed_info": false, "wines_count": 31054}, {"id": 103, "name": "Fiano", "seo_name": "fiano", "has_detailed_info": false, "wines_count": 7418}, {"id": 184, "name": "Catarratto Bianco", "seo_name": "catarratto-bianco", "has_detailed_info": false, "wines_count": 4564}], "region": null}}}], "merchant": {"id": 1993, "name": "Weinfinger", "seo_name": "weinfinger", "legal_name": "Weinfinger GmbH", "description": "Versandkostenfrei f\u00fcr Bestellungen ab 80 EUR", "country": {"code": "de", "name": "Deutschland", "native_name": "Deutschland", "seo_name": "germany", "currency": {"code": "EUR", "name": "Euros", "prefix": "\u20ac", "suffix": null}, "regions_count": 210, "users_count": 2117308, "wines_count": 197796, "wineries_count": 13493, "most_used_grapes": [{"id": 15, "name": "Riesling", "seo_name": "riesling", "has_detailed_info": true, "wines_count": 259925}, {"id": 299, "name": "Sp\u00e4tburgunder", "seo_name": "spatburgunder", "has_detailed_info": false, "wines_count": 49659}, {"id": 355, "name": "Weissburgunder", "seo_name": "weissburgunder", "has_detailed_info": false, "wines_count": 33123}]}, "state": null, "status": 3, "image": {"location": "//images.vivino.com/merchants/originals/p1bchg2i00001u9.png", "variations": {"large_square": "//images.vivino.com/merchants/thumbs/p1bchg2i00001u9_400x400.jpg", "medium_square": "//images.vivino.com/merchants/thumbs/p1bchg2i00001u9_320x320.jpg", "small_square": "//images.vivino.com/merchants/thumbs/p1bchg2i00001u9_160x160.jpg"}}, "shipping_estimate": "Lieferung voraussichtlich zwischen Di, 21.\u00a0Dez und Mi, 22.\u00a0Dez", "impressum_url": "https://www.weinfinger.de/impressum", "tos_url": "https://www.weinfinger.de/agb-mit-kundeninformationen", "vc_clearing_system": 0, "hidden": false}, "sold_out": false, "prices_and_availability": {"market": {"country": "de", "currency": {"code": "EUR", "name": "Euros", "prefix": "\u20ac", "suffix": null}}, "availability": {"vintage": {"id": 163688365, "year": 2019, "grapes": null, "has_valid_ratings": false}, "median": {"amount": 10.28, "type": "market", "discounted_from": null}, "price": {"id": 26343520, "amount": 10.9, "discounted_from": 0.0, "type": "vc"}}, "merchants_with_prices": [{"merchant": {"id": 1993, "name": "Weinfinger", "seo_name": "weinfinger", "legal_name": "Weinfinger GmbH", "description": "Versandkostenfrei f\u00fcr Bestellungen ab 80 EUR", "country": {"code": "de", "name": "Deutschland", "native_name": "Deutschland", "seo_name": "germany", "currency": {"code": "EUR", "name": "Euros", "prefix": "\u20ac", "suffix": null}, "regions_count": 210, "users_count": 2117308, "wines_count": 197796, "wineries_count": 13493, "most_used_grapes": [{"id": 15, "name": "Riesling", "seo_name": "riesling", "has_detailed_info": true, "wines_count": 259925}, {"id": 299, "name": "Sp\u00e4tburgunder", "seo_name": "spatburgunder", "has_detailed_info": false, "wines_count": 49659}, {"id": 355, "name": "Weissburgunder", "seo_name": "weissburgunder", "has_detailed_info": false, "wines_count": 33123}]}, "state": null, "status": 3, "image": {"location": "//images.vivino.com/merchants/originals/p1bchg2i00001u9.png", "variations": {"large_square": "//images.vivino.com/merchants/thumbs/p1bchg2i00001u9_400x400.jpg", "medium_square": "//images.vivino.com/merchants/thumbs/p1bchg2i00001u9_320x320.jpg", "small_square": "//images.vivino.com/merchants/thumbs/p1bchg2i00001u9_160x160.jpg"}}, "shipping_estimate": "Lieferung voraussichtlich zwischen Di, 21.\u00a0Dez und Mi, 22.\u00a0Dez", "impressum_url": "https://www.weinfinger.de/impressum", "tos_url": "https://www.weinfinger.de/agb-mit-kundeninformationen", "vc_clearing_system": 0, "hidden": false}, "prices": [{"id": 26343520, "vintage_id": 163688365, "amount": 10.9, "type": "vc", "currency": {"code": "EUR", "name": "Euros", "prefix": "\u20ac", "suffix": null}, "bottle_type_id": 1, "inventory_bottles_count": 12, "url": "https://www.weinfinger.de/villa-raiano-falanghina-beneventano?utm_medium=pref-cpc&utm_source=vivino-ppc", "message": "", "producer_address": "Villa Raiano83020 San Michele di SerinoItalien", "importer_address": "", "discounted_from": null, "bottle_type": {"id": 1, "name": "Flasche (0,75\u00a0l)", "short_name": "Flasche", "short_name_plural": "Flaschen", "volume_ml": 750}}]}, {"merchant": {"id": 20222, "name": "Mundo Mediterraneo", "seo_name": "mundo-mediterraneo", "legal_name": null, "description": "Mobile-friendly checkout. No minimum order.", "country": {"code": "de", "name": "Deutschland", "native_name": "Deutschland", "seo_name": "germany", "currency": {"code": "EUR", "name": "Euros", "prefix": "\u20ac", "suffix": null}, "regions_count": 210, "users_count": 2117308, "wines_count": 197796, "wineries_count": 13493, "most_used_grapes": [{"id": 15, "name": "Riesling", "seo_name": "riesling", "has_detailed_info": true, "wines_count": 259925}, {"id": 299, "name": "Sp\u00e4tburgunder", "seo_name": "spatburgunder", "has_detailed_info": false, "wines_count": 49659}, {"id": 355, "name": "Weissburgunder", "seo_name": "weissburgunder", "has_detailed_info": false, "wines_count": 33123}]}, "state": null, "status": 0, "image": null, "shipping_estimate": "Lieferung bis Mi, 22.\u00a0Dez", "impressum_url": null, "tos_url": null, "vc_clearing_system": 0, "hidden": false}, "prices": [{"id": 22941034, "vintage_id": 163688365, "amount": 9.65, "type": "ppc", "currency": {"code": "EUR", "name": "Euros", "prefix": "\u20ac", "suffix": null}, "bottle_type_id": 1, "inventory_bottles_count": null, "url": "https://mundomediterraneo.de/produkt/villa-raiano-falanghina-beneventano-igt-2019/?utm_medium=pref-cpc&utm_source=vivino-ppc", "message": "", "producer_address": "", "importer_address": "", "discounted_from": null, "bottle_type": {"id": 1, "name": "Flasche (0,75\u00a0l)", "short_name": "Flasche", "short_name_plural": "Flaschen", "volume_ml": 750}}]}]}, "found_by_merchant_and_sku": null, "is_deal_page": false}