{"vintage": {"id": 158654898, "seo_name": "the-great-tinto-uv", "name": "The Great Tinto", "statistics": {"status": "Normal", "ratings_count": 125, "ratings_average": 3.3, "labels_count": 23, "reviews_count": 5}, "organic_certification_id": null, "certified_biodynamic": null, "image": {"location": "//images.vivino.com/labels/497ARo92SR-tTPAflR_CRQ.jpg", "variations": {"large": "//images.vivino.com/thumbs/497ARo92SR-tTPAflR_CRQ_375x500.jpg", "medium": "//images.vivino.com/thumbs/497ARo92SR-tTPAflR_CRQ_150x200.jpg", "medium_square": "//images.vivino.com/thumbs/497ARo92SR-tTPAflR_CRQ_150x150.jpg", "small_square": "//images.vivino.com/thumbs/497ARo92SR-tTPAflR_CRQ_80x80.jpg"}}, "wine": {"id": 6785242, "name": "Tinto", "seo_name": "tinto", "type_id": 1, "vintage_type": 0, "is_natural": false, "region": {"id": 1471, "name": "Valdepe\u00f1as", "name_en": "", "seo_name": "valdepenas", "country": {"code": "es", "name": "Spain", "native_name": "Espa\u00f1a", "seo_name": "spain", "currency": {"code": "EUR", "name": "Euros", "prefix": "\u20ac", "suffix": null}, "regions_count": 152, "users_count": 2042968, "wines_count": 131377, "wineries_count": 17630, "most_used_grapes": [{"id": 19, "name": "Tempranillo", "seo_name": "tempranillo", "has_detailed_info": true, "wines_count": 172842}, {"id": 142, "name": "Garnacha", "seo_name": "garnacha", "has_detailed_info": true, "wines_count": 58111}, {"id": 2, "name": "Cabernet Sauvignon", "seo_name": "cabernet-sauvignon", "has_detailed_info": true, "wines_count": 801751}]}, "parent_id": 701, "background_image": {"location": "//images.vivino.com/regions/backgrounds/4x39pgtFQj-cO_ZYYl4x_g.jpg", "variations": {"large": "//thumbs.vivino.com/region_backgrounds/4x39pgtFQj-cO_ZYYl4x_g_1280x760.jpg", "medium": "//thumbs.vivino.com/region_backgrounds/4x39pgtFQj-cO_ZYYl4x_g_600x356.jpg"}}, "class": {"typecast_map": {"background_image": {}, "class": {}}}, "statistics": {"wineries_count": 147, "wines_count": 1107, "sub_regions_count": 0, "parent_regions_count": 1}}, "review_status": 2, "winery": {"id": 286331, "name": "The Great", "seo_name": "the-great", "status": 0, "review_status": "Completed", "background_image": null, "statistics": {"ratings_count": 125, "ratings_average": 3.3, "labels_count": 811, "wines_count": 1}, "region": {"id": 839, "name": "Vino de Espa\u00f1a", "name_en": "Vino de Mesa", "seo_name": "vino-de-mesa", "country": {"code": "es", "name": "Spain", "native_name": "Espa\u00f1a", "seo_name": "spain", "currency": {"code": "EUR", "name": "Euros", "prefix": "\u20ac", "suffix": null}, "regions_count": 152, "users_count": 2042968, "wines_count": 131377, "wineries_count": 17630, "most_used_grapes": [{"id": 19, "name": "Tempranillo", "seo_name": "tempranillo", "has_detailed_info": true, "wines_count": 172842}, {"id": 142, "name": "Garnacha", "seo_name": "garnacha", "has_detailed_info": true, "wines_count": 58111}, {"id": 2, "name": "Cabernet Sauvignon", "seo_name": "cabernet-sauvignon", "has_detailed_info": true, "wines_count": 801751}]}, "parent_id": null, "background_image": null, "class": {"typecast_map": {"background_image": {}, "class": {}}}, "statistics": {"wineries_count": 1026, "wines_count": 5450, "sub_regions_count": 0, "parent_regions_count": 0}}, "business_name": "The Great", "description": "", "specialists_notes": "", "phone": "", "email": "", "facebook": "", "instagram": "", "is_claimed": false, "twitter": "", "website": "", "winemaker": null, "wine_maker": null, "address": {"title": null, "name": null, "street": null, "street2": null, "neighborhood": null, "city": null, "zip": null, "state": null, "country": {"code": "es", "name": "Spain", "native_name": "Espa\u00f1a", "seo_name": "spain", "currency": {"code": "EUR", "name": "Euros", "prefix": "\u20ac", "suffix": null}, "regions_count": 152, "users_count": 2042968, "wines_count": 131377, "wineries_count": 17630, "most_used_grapes": [{"id": 19, "name": "Tempranillo", "seo_name": "tempranillo", "has_detailed_info": true, "wines_count": 172842}, {"id": 142, "name": "Garnacha", "seo_name": "garnacha", "has_detailed_info": true, "wines_count": 58111}, {"id": 2, "name": "Cabernet Sauvignon", "seo_name": "cabernet-sauvignon", "has_detailed_info": true, "wines_count": 801751}]}, "company": null, "phone": null, "external_id": null, "residential": null, "vat_number": null, "vat_code": null, "addition": null}, "image": null, "location": null, "winery_group": null, "first_wines": [], "sponsored_entity_type": null, "sponsored_entity": null}, "statistics": {"status": "Normal", "ratings_count": 125, "ratings_average": 3.3, "labels_count": 811, "vintages_count": 9}, "rank": {"country": {"description": "Rank within Spain", "total": 80036, "rank": 31555}, "region": {"description": "Rank within Wine Region", "total": 2859, "rank": 497}, "winery": {"description": "Rank within Winery", "total": 1, "rank": 1}, "wine_type": {"description": "Rank within all Red Wine", "total": 659137, "rank": 238346}, "global": {"description": "Global Rank", "total": 1302078, "rank": 427923}}, "hidden": false, "vintages": [{"id": 159814007, "seo_name": "the-great-tinto-2019", "name": "The Great Tinto 2019", "statistics": {"status": "Normal", "ratings_count": 47, "ratings_average": 3.1, "labels_count": 397, "reviews_count": 18}, "year": 2019, "grapes": null, "has_valid_ratings": true}, {"id": 159014859, "seo_name": "the-great-tinto-2017", "name": "The Great Tinto 2017", "statistics": {"status": "BelowThreshold", "ratings_count": 1, "ratings_average": 0, "labels_count": 1, "reviews_count": 1}, "year": 2017, "grapes": null, "has_valid_ratings": false}, {"id": 161753223, "seo_name": "the-great-tinto-2016", "name": "The Great Tinto 2016", "statistics": {"status": "Normal", "ratings_count": 13, "ratings_average": 3.3, "labels_count": 18, "reviews_count": 6}, "year": 2016, "grapes": null, "has_valid_ratings": true}, {"id": 158715197, "seo_name": "the-great-tinto-2015", "name": "The Great Tinto 2015", "statistics": {"status": "Normal", "ratings_count": 47, "ratings_average": 3.5, "labels_count": 346, "reviews_count": 15}, "year": 2015, "grapes": null, "has_valid_ratings": true}, {"id": 158654898, "seo_name": "the-great-tinto-uv", "name": "The Great Tinto", "statistics": {"status": "Normal", "ratings_count": 125, "ratings_average": 3.3, "labels_count": 23, "reviews_count": 5}, "year": 0, "grapes": null, "has_valid_ratings": true}], "description": "", "grapes": [{"id": 19, "name": "Tempranillo", "seo_name": "tempranillo", "has_detailed_info": true, "wines_count": 172842}], "foods": [{"id": 4, "name": "Beef", "background_image": {"location": "//images.vivino.com/backgrounds/foods/4_beef.png", "variations": {"small": "//images.vivino.com/backgrounds/foods/thumbs/4_beef_932x810.png"}}, "seo_name": "beef"}, {"id": 8, "name": "Lamb", "background_image": {"location": "//images.vivino.com/backgrounds/foods/8_lamb.png", "variations": {"small": "//images.vivino.com/backgrounds/foods/thumbs/8_lamb_932x810.png"}}, "seo_name": "lamb"}, {"id": 9, "name": "Veal", "background_image": {"location": "//images.vivino.com/backgrounds/foods/9_veal.png", "variations": {"small": "//images.vivino.com/backgrounds/foods/thumbs/9_veal_932x810.png"}}, "seo_name": "veal"}, {"id": 20, "name": "Poultry", "background_image": {"location": "//images.vivino.com/backgrounds/foods/20_chicken.png", "variations": {"small": "//images.vivino.com/backgrounds/foods/thumbs/20_chicken_932x810.png"}}, "seo_name": "poultry"}], "non_vintage": false, "alcohol": 13, "sweetness_id": null, "closure": null, "vintage_mask_raw": null, "updated_at": "2020-10-08T07:29:58Z", "created_at": "2018-11-01T05:03:56Z", "is_first_wine": false, "style": {"id": 304, "seo_name": "spanish-tempranillo", "regional_name": "Spanish", "varietal_name": "Tempranillo", "name": "Spanish Tempranillo", "image": null, "background_image": null, "description": null, "blurb": null, "interesting_facts": null, "body": 4, "body_description": "Full-bodied", "acidity": 2, "acidity_description": "Medium", "country": {"code": "es", "name": "Spain", "native_name": "Espa\u00f1a", "seo_name": "spain", "currency": {"code": "EUR", "name": "Euros", "prefix": "\u20ac", "suffix": null}, "regions_count": 152, "users_count": 2042968, "wines_count": 131377, "wineries_count": 17630, "most_used_grapes": [{"id": 19, "name": "Tempranillo", "seo_name": "tempranillo", "has_detailed_info": true, "wines_count": 172842}, {"id": 142, "name": "Garnacha", "seo_name": "garnacha", "has_detailed_info": true, "wines_count": 58111}, {"id": 2, "name": "Cabernet Sauvignon", "seo_name": "cabernet-sauvignon", "has_detailed_info": true, "wines_count": 801751}]}, "wine_type_id": 1, "food": [{"id": 4, "name": "Beef", "background_image": {"location": "//images.vivino.com/backgrounds/foods/4_beef.png", "variations": {"small": "//images.vivino.com/backgrounds/foods/thumbs/4_beef_932x810.png"}}, "seo_name": "beef"}, {"id": 8, "name": "Lamb", "background_image": {"location": "//images.vivino.com/backgrounds/foods/8_lamb.png", "variations": {"small": "//images.vivino.com/backgrounds/foods/thumbs/8_lamb_932x810.png"}}, "seo_name": "lamb"}, {"id": 9, "name": "Veal", "background_image": {"location": "//images.vivino.com/backgrounds/foods/9_veal.png", "variations": {"small": "//images.vivino.com/backgrounds/foods/thumbs/9_veal_932x810.png"}}, "seo_name": "veal"}, {"id": 20, "name": "Poultry", "background_image": {"location": "//images.vivino.com/backgrounds/foods/20_chicken.png", "variations": {"small": "//images.vivino.com/backgrounds/foods/thumbs/20_chicken_932x810.png"}}, "seo_name": "poultry"}], "grapes": [{"id": 19, "name": "Tempranillo", "seo_name": "tempranillo", "has_detailed_info": true, "wines_count": 172842}], "region": {"id": 1707, "name": "Bajo Arag\u00f3n", "name_en": "", "seo_name": "bajo-aragon", "country": {"code": "es", "name": "Spain", "native_name": "Espa\u00f1a", "seo_name": "spain", "currency": {"code": "EUR", "name": "Euros", "prefix": "\u20ac", "suffix": null}, "regions_count": 152, "users_count": 2042968, "wines_count": 131377, "wineries_count": 17630, "most_used_grapes": [{"id": 19, "name": "Tempranillo", "seo_name": "tempranillo", "has_detailed_info": true, "wines_count": 172842}, {"id": 142, "name": "Garnacha", "seo_name": "garnacha", "has_detailed_info": true, "wines_count": 58111}, {"id": 2, "name": "Cabernet Sauvignon", "seo_name": "cabernet-sauvignon", "has_detailed_info": true, "wines_count": 801751}]}, "parent_id": 465, "background_image": null, "class": {"typecast_map": {"background_image": {}, "class": {}}}, "statistics": {"wineries_count": 20, "wines_count": 135, "sub_regions_count": 0, "parent_regions_count": 1}}}, "has_valid_ratings": true}, "description": "", "wine_critic_reviews": [], "awards": [], "ratings_distribution": {"1": 4, "2": 17, "3": 63, "4": 36, "5": 5}, "ranking": {"country": {"description": "Rank within Spain", "total": 608783, "rank": 209881}, "region": {"description": "Rank within Wine Region", "total": 13294, "rank": 2372}, "winery": {"description": "Rank within Winery", "total": 5, "rank": 2}, "global": {"description": "Global Rank", "total": 8944714, "rank": 2799385}}, "wine_facts": {}, "winemaker": null, "wine_maker": null, "grape_composition": {}, "year": "", "grapes": null, "has_valid_ratings": true}, "carts": null, "full_region": null, "tastes": null, "wine": {"id": 6785242, "name": "Tinto", "seo_name": "tinto", "type_id": 1, "vintage_type": 0, "is_natural": false, "region": {"id": 1471, "name": "Valdepe\u00f1as", "name_en": "", "seo_name": "valdepenas", "country": {"code": "es", "name": "Spain", "native_name": "Espa\u00f1a", "seo_name": "spain", "currency": {"code": "EUR", "name": "Euros", "prefix": "\u20ac", "suffix": null}, "regions_count": 152, "users_count": 2042968, "wines_count": 131377, "wineries_count": 17630, "most_used_grapes": [{"id": 19, "name": "Tempranillo", "seo_name": "tempranillo", "has_detailed_info": true, "wines_count": 172842}, {"id": 142, "name": "Garnacha", "seo_name": "garnacha", "has_detailed_info": true, "wines_count": 58111}, {"id": 2, "name": "Cabernet Sauvignon", "seo_name": "cabernet-sauvignon", "has_detailed_info": true, "wines_count": 801751}]}, "parent_id": 701, "background_image": {"location": "//images.vivino.com/regions/backgrounds/4x39pgtFQj-cO_ZYYl4x_g.jpg", "variations": {"large": "//thumbs.vivino.com/region_backgrounds/4x39pgtFQj-cO_ZYYl4x_g_1280x760.jpg", "medium": "//thumbs.vivino.com/region_backgrounds/4x39pgtFQj-cO_ZYYl4x_g_600x356.jpg"}}, "class": {"typecast_map": {"background_image": {}, "class": {}}}, "statistics": {"wineries_count": 147, "wines_count": 1107, "sub_regions_count": 0, "parent_regions_count": 1}}, "review_status": 2, "winery": {"id": 286331, "name": "The Great", "seo_name": "the-great", "status": 0, "review_status": "Completed", "background_image": null, "statistics": {"ratings_count": 125, "ratings_average": 3.3, "labels_count": 811, "wines_count": 1}, "region": {"id": 839, "name": "Vino de Espa\u00f1a", "name_en": "Vino de Mesa", "seo_name": "vino-de-mesa", "country": {"code": "es", "name": "Spain", "native_name": "Espa\u00f1a", "seo_name": "spain", "currency": {"code": "EUR", "name": "Euros", "prefix": "\u20ac", "suffix": null}, "regions_count": 152, "users_count": 2042968, "wines_count": 131377, "wineries_count": 17630, "most_used_grapes": [{"id": 19, "name": "Tempranillo", "seo_name": "tempranillo", "has_detailed_info": true, "wines_count": 172842}, {"id": 142, "name": "Garnacha", "seo_name": "garnacha", "has_detailed_info": true, "wines_count": 58111}, {"id": 2, "name": "Cabernet Sauvignon", "seo_name": "cabernet-sauvignon", "has_detailed_info": true, "wines_count": 801751}]}, "parent_id": null, "background_image": null, "class": {"typecast_map": {"background_image": {}, "class": {}}}, "statistics": {"wineries_count": 1026, "wines_count": 5450, "sub_regions_count": 0, "parent_regions_count": 0}}}, "image": {"location": "//images.vivino.com/labels/497ARo92SR-tTPAflR_CRQ.jpg", "variations": {"large": "//images.vivino.com/thumbs/497ARo92SR-tTPAflR_CRQ_375x500.jpg", "medium": "//images.vivino.com/thumbs/497ARo92SR-tTPAflR_CRQ_150x200.jpg", "medium_square": "//images.vivino.com/thumbs/497ARo92SR-tTPAflR_CRQ_150x150.jpg", "small_square": "//images.vivino.com/thumbs/497ARo92SR-tTPAflR_CRQ_80x80.jpg"}}, "statistics": {"status": "Normal", "ratings_count": 125, "ratings_average": 3.3, "labels_count": 811, "vintages_count": 9}, "rank": null, "hidden": false, "vintages": [{"id": 159814007, "seo_name": "the-great-tinto-2019", "name": "The Great Tinto 2019", "statistics": {"status": "Normal", "ratings_count": 47, "ratings_average": 3.1, "labels_count": 397, "reviews_count": 18}, "year": 2019, "grapes": null, "has_valid_ratings": true}, {"id": 158668834, "seo_name": "the-great-tinto-2018", "name": "The Great Tinto 2018", "statistics": {"status": "BelowThreshold", "ratings_count": 0, "ratings_average": 0, "labels_count": 0, "reviews_count": 0}, "year": 2018, "grapes": null, "has_valid_ratings": false}, {"id": 159014859, "seo_name": "the-great-tinto-2017", "name": "The Great Tinto 2017", "statistics": {"status": "BelowThreshold", "ratings_count": 1, "ratings_average": 0, "labels_count": 1, "reviews_count": 1}, "year": 2017, "grapes": null, "has_valid_ratings": false}, {"id": 161753223, "seo_name": "the-great-tinto-2016", "name": "The Great Tinto 2016", "statistics": {"status": "Normal", "ratings_count": 13, "ratings_average": 3.3, "labels_count": 18, "reviews_count": 6}, "year": 2016, "grapes": null, "has_valid_ratings": true}, {"id": 158715197, "seo_name": "the-great-tinto-2015", "name": "The Great Tinto 2015", "statistics": {"status": "Normal", "ratings_count": 47, "ratings_average": 3.5, "labels_count": 346, "reviews_count": 15}, "year": 2015, "grapes": null, "has_valid_ratings": true}, {"id": 159075783, "seo_name": "the-great-tinto-2012", "name": "The Great Tinto 2012", "statistics": {"status": "BelowThreshold", "ratings_count": 0, "ratings_average": 0, "labels_count": 0, "reviews_count": 0}, "year": 2012, "grapes": null, "has_valid_ratings": false}, {"id": 164076045, "seo_name": "the-great-tinto-2009", "name": "The Great Tinto 2009", "statistics": {"status": "BelowThreshold", "ratings_count": 0, "ratings_average": 0, "labels_count": 0, "reviews_count": 0}, "year": 2009, "grapes": null, "has_valid_ratings": false}, {"id": 164170184, "seo_name": "the-great-tinto-2000", "name": "The Great Tinto 2000", "statistics": {"status": "BelowThreshold", "ratings_count": 0, "ratings_average": 0, "labels_count": 0, "reviews_count": 0}, "year": 2000, "grapes": null, "has_valid_ratings": false}, {"id": 158654898, "seo_name": "the-great-tinto-uv", "name": "The Great Tinto", "statistics": {"status": "Normal", "ratings_count": 125, "ratings_average": 3.3, "labels_count": 23, "reviews_count": 5}, "year": 0, "grapes": null, "has_valid_ratings": true}], "description": "", "grapes": [{"id": 19, "name": "Tempranillo", "seo_name": "tempranillo", "has_detailed_info": true, "wines_count": 172842}], "foods": [{"id": 4, "name": "Beef", "background_image": {"location": "//images.vivino.com/backgrounds/foods/4_beef.png", "variations": {"small": "//images.vivino.com/backgrounds/foods/thumbs/4_beef_932x810.png"}}, "seo_name": "beef"}, {"id": 8, "name": "Lamb", "background_image": {"location": "//images.vivino.com/backgrounds/foods/8_lamb.png", "variations": {"small": "//images.vivino.com/backgrounds/foods/thumbs/8_lamb_932x810.png"}}, "seo_name": "lamb"}, {"id": 9, "name": "Veal", "background_image": {"location": "//images.vivino.com/backgrounds/foods/9_veal.png", "variations": {"small": "//images.vivino.com/backgrounds/foods/thumbs/9_veal_932x810.png"}}, "seo_name": "veal"}, {"id": 20, "name": "Poultry", "background_image": {"location": "//images.vivino.com/backgrounds/foods/20_chicken.png", "variations": {"small": "//images.vivino.com/backgrounds/foods/thumbs/20_chicken_932x810.png"}}, "seo_name": "poultry"}], "non_vintage": false, "alcohol": 13, "sweetness_id": null, "closure": null, "vintage_mask_raw": null, "updated_at": "2020-10-08T07:29:58Z", "created_at": "2018-11-01T05:03:56Z", "is_first_wine": false, "style": {"id": 304, "seo_name": "spanish-tempranillo", "regional_name": "Spanish", "varietal_name": "Tempranillo", "name": "Spanish Tempranillo", "image": null, "background_image": null, "description": null, "blurb": null, "interesting_facts": null, "body": 4, "body_description": "Full-bodied", "acidity": 2, "acidity_description": "Medium", "country": {"code": "es", "name": "Spain", "native_name": "Espa\u00f1a", "seo_name": "spain", "currency": {"code": "EUR", "name": "Euros", "prefix": "\u20ac", "suffix": null}, "regions_count": 152, "users_count": 2042968, "wines_count": 131377, "wineries_count": 17630, "most_used_grapes": [{"id": 19, "name": "Tempranillo", "seo_name": "tempranillo", "has_detailed_info": true, "wines_count": 172842}, {"id": 142, "name": "Garnacha", "seo_name": "garnacha", "has_detailed_info": true, "wines_count": 58111}, {"id": 2, "name": "Cabernet Sauvignon", "seo_name": "cabernet-sauvignon", "has_detailed_info": true, "wines_count": 801751}]}, "wine_type_id": 1, "food": [{"id": 4, "name": "Beef", "background_image": {"location": "//images.vivino.com/backgrounds/foods/4_beef.png", "variations": {"small": "//images.vivino.com/backgrounds/foods/thumbs/4_beef_932x810.png"}}, "seo_name": "beef"}, {"id": 8, "name": "Lamb", "background_image": {"location": "//images.vivino.com/backgrounds/foods/8_lamb.png", "variations": {"small": "//images.vivino.com/backgrounds/foods/thumbs/8_lamb_932x810.png"}}, "seo_name": "lamb"}, {"id": 9, "name": "Veal", "background_image": {"location": "//images.vivino.com/backgrounds/foods/9_veal.png", "variations": {"small": "//images.vivino.com/backgrounds/foods/thumbs/9_veal_932x810.png"}}, "seo_name": "veal"}, {"id": 20, "name": "Poultry", "background_image": {"location": "//images.vivino.com/backgrounds/foods/20_chicken.png", "variations": {"small": "//images.vivino.com/backgrounds/foods/thumbs/20_chicken_932x810.png"}}, "seo_name": "poultry"}], "grapes": [{"id": 19, "name": "Tempranillo", "seo_name": "tempranillo", "has_detailed_info": true, "wines_count": 172842}], "region": {"id": 1707, "name": "Bajo Arag\u00f3n", "name_en": "", "seo_name": "bajo-aragon", "country": {"code": "es", "name": "Spain", "native_name": "Espa\u00f1a", "seo_name": "spain", "currency": {"code": "EUR", "name": "Euros", "prefix": "\u20ac", "suffix": null}, "regions_count": 152, "users_count": 2042968, "wines_count": 131377, "wineries_count": 17630, "most_used_grapes": [{"id": 19, "name": "Tempranillo", "seo_name": "tempranillo", "has_detailed_info": true, "wines_count": 172842}, {"id": 142, "name": "Garnacha", "seo_name": "garnacha", "has_detailed_info": true, "wines_count": 58111}, {"id": 2, "name": "Cabernet Sauvignon", "seo_name": "cabernet-sauvignon", "has_detailed_info": true, "wines_count": 801751}]}, "parent_id": 465, "background_image": null, "class": {"typecast_map": {"background_image": {}, "class": {}}}, "statistics": {"wineries_count": 20, "wines_count": 135, "sub_regions_count": 0, "parent_regions_count": 1}}}, "has_valid_ratings": true}, "highlights": [{"vintage_id": 158715197, "highlight_type": "best_user_rated", "message": "This vintage rates better than any other year for this wine", "icon": "https://images.vivino.com/highlights/icon/best_user_rated.svg", "metadata": {"price": null, "wine_id": 6785242, "toplist": null, "ws_award": null, "critic_review_id": null, "ratings_average": 3.5, "ratings_count": 47, "vintage_year": "2015", "rank_type": null, "ranks": {"country": {"description": "Rank within Spain", "total": 608783, "rank": 171835}, "region": {"description": "Rank within Wine Region", "total": 13294, "rank": 1685}, "winery": {"description": "Rank within Winery", "total": 5, "rank": 1}, "global": {"description": "Global Rank", "total": 8944714, "rank": 2319016}}, "style": {"id": 304, "seo_name": "spanish-tempranillo", "regional_name": "Spanish", "varietal_name": "Tempranillo", "name": "Spanish Tempranillo", "image": null, "background_image": null, "description": null, "blurb": null, "interesting_facts": null, "body": 4, "body_description": "Full-bodied", "acidity": 2, "acidity_description": "Medium", "country": {"code": "es", "name": "Spain", "native_name": "Espa\u00f1a", "seo_name": "spain", "currency": {"code": "EUR", "name": "Euros", "prefix": "\u20ac", "suffix": null}, "regions_count": 152, "users_count": 2042968, "wines_count": 131377, "wineries_count": 17630, "most_used_grapes": [{"id": 19, "name": "Tempranillo", "seo_name": "tempranillo", "has_detailed_info": true, "wines_count": 172842}, {"id": 142, "name": "Garnacha", "seo_name": "garnacha", "has_detailed_info": true, "wines_count": 58111}, {"id": 2, "name": "Cabernet Sauvignon", "seo_name": "cabernet-sauvignon", "has_detailed_info": true, "wines_count": 801751}]}, "wine_type_id": 1, "food": [{"id": 4, "name": "Beef", "background_image": {"location": "//images.vivino.com/backgrounds/foods/4_beef.png", "variations": {"small": "//images.vivino.com/backgrounds/foods/thumbs/4_beef_932x810.png"}}, "seo_name": "beef"}, {"id": 8, "name": "Lamb", "background_image": {"location": "//images.vivino.com/backgrounds/foods/8_lamb.png", "variations": {"small": "//images.vivino.com/backgrounds/foods/thumbs/8_lamb_932x810.png"}}, "seo_name": "lamb"}, {"id": 9, "name": "Veal", "background_image": {"location": "//images.vivino.com/backgrounds/foods/9_veal.png", "variations": {"small": "//images.vivino.com/backgrounds/foods/thumbs/9_veal_932x810.png"}}, "seo_name": "veal"}, {"id": 20, "name": "Poultry", "background_image": {"location": "//images.vivino.com/backgrounds/foods/20_chicken.png", "variations": {"small": "//images.vivino.com/backgrounds/foods/thumbs/20_chicken_932x810.png"}}, "seo_name": "poultry"}], "grapes": [{"id": 19, "name": "Tempranillo", "seo_name": "tempranillo", "has_detailed_info": true, "wines_count": 172842}], "region": {"id": 1707, "name": "Bajo Arag\u00f3n", "name_en": "", "seo_name": "bajo-aragon", "country": {"code": "es", "name": "Spain", "native_name": "Espa\u00f1a", "seo_name": "spain", "currency": {"code": "EUR", "name": "Euros", "prefix": "\u20ac", "suffix": null}, "regions_count": 152, "users_count": 2042968, "wines_count": 131377, "wineries_count": 17630, "most_used_grapes": [{"id": 19, "name": "Tempranillo", "seo_name": "tempranillo", "has_detailed_info": true, "wines_count": 172842}, {"id": 142, "name": "Garnacha", "seo_name": "garnacha", "has_detailed_info": true, "wines_count": 58111}, {"id": 2, "name": "Cabernet Sauvignon", "seo_name": "cabernet-sauvignon", "has_detailed_info": true, "wines_count": 801751}]}, "parent_id": 465, "background_image": null, "class": {"typecast_map": {"background_image": {}, "class": {}}}, "statistics": {"wineries_count": 20, "wines_count": 135, "sub_regions_count": 0, "parent_regions_count": 1}}}}, "vintage_year": 2015}, {"vintage_id": 159814007, "highlight_type": "most_user_rated", "message": "Popular among Vivino users. More than 40 ratings", "icon": "https://images.vivino.com/highlights/icon/most_user_rated.svg", "metadata": {"price": null, "wine_id": 6785242, "toplist": null, "ws_award": null, "critic_review_id": null, "ratings_average": 3.1, "ratings_count": 47, "vintage_year": "2019", "rank_type": null, "ranks": {"country": {"description": "Rank within Spain", "total": 608783, "rank": 256008}, "region": {"description": "Rank within Wine Region", "total": 13294, "rank": 3565}, "winery": {"description": "Rank within Winery", "total": 5, "rank": 4}, "global": {"description": "Global Rank", "total": 8944714, "rank": 3369283}}, "style": {"id": 304, "seo_name": "spanish-tempranillo", "regional_name": "Spanish", "varietal_name": "Tempranillo", "name": "Spanish Tempranillo", "image": null, "background_image": null, "description": null, "blurb": null, "interesting_facts": null, "body": 4, "body_description": "Full-bodied", "acidity": 2, "acidity_description": "Medium", "country": {"code": "es", "name": "Spain", "native_name": "Espa\u00f1a", "seo_name": "spain", "currency": {"code": "EUR", "name": "Euros", "prefix": "\u20ac", "suffix": null}, "regions_count": 152, "users_count": 2042968, "wines_count": 131377, "wineries_count": 17630, "most_used_grapes": [{"id": 19, "name": "Tempranillo", "seo_name": "tempranillo", "has_detailed_info": true, "wines_count": 172842}, {"id": 142, "name": "Garnacha", "seo_name": "garnacha", "has_detailed_info": true, "wines_count": 58111}, {"id": 2, "name": "Cabernet Sauvignon", "seo_name": "cabernet-sauvignon", "has_detailed_info": true, "wines_count": 801751}]}, "wine_type_id": 1, "food": [{"id": 4, "name": "Beef", "background_image": {"location": "//images.vivino.com/backgrounds/foods/4_beef.png", "variations": {"small": "//images.vivino.com/backgrounds/foods/thumbs/4_beef_932x810.png"}}, "seo_name": "beef"}, {"id": 8, "name": "Lamb", "background_image": {"location": "//images.vivino.com/backgrounds/foods/8_lamb.png", "variations": {"small": "//images.vivino.com/backgrounds/foods/thumbs/8_lamb_932x810.png"}}, "seo_name": "lamb"}, {"id": 9, "name": "Veal", "background_image": {"location": "//images.vivino.com/backgrounds/foods/9_veal.png", "variations": {"small": "//images.vivino.com/backgrounds/foods/thumbs/9_veal_932x810.png"}}, "seo_name": "veal"}, {"id": 20, "name": "Poultry", "background_image": {"location": "//images.vivino.com/backgrounds/foods/20_chicken.png", "variations": {"small": "//images.vivino.com/backgrounds/foods/thumbs/20_chicken_932x810.png"}}, "seo_name": "poultry"}], "grapes": [{"id": 19, "name": "Tempranillo", "seo_name": "tempranillo", "has_detailed_info": true, "wines_count": 172842}], "region": {"id": 1707, "name": "Bajo Arag\u00f3n", "name_en": "", "seo_name": "bajo-aragon", "country": {"code": "es", "name": "Spain", "native_name": "Espa\u00f1a", "seo_name": "spain", "currency": {"code": "EUR", "name": "Euros", "prefix": "\u20ac", "suffix": null}, "regions_count": 152, "users_count": 2042968, "wines_count": 131377, "wineries_count": 17630, "most_used_grapes": [{"id": 19, "name": "Tempranillo", "seo_name": "tempranillo", "has_detailed_info": true, "wines_count": 172842}, {"id": 142, "name": "Garnacha", "seo_name": "garnacha", "has_detailed_info": true, "wines_count": 58111}, {"id": 2, "name": "Cabernet Sauvignon", "seo_name": "cabernet-sauvignon", "has_detailed_info": true, "wines_count": 801751}]}, "parent_id": 465, "background_image": null, "class": {"typecast_map": {"background_image": {}, "class": {}}}, "statistics": {"wineries_count": 20, "wines_count": 135, "sub_regions_count": 0, "parent_regions_count": 1}}}}, "vintage_year": 2019}], "recommended_vintages": [{"vintage": {"id": 158715197, "seo_name": "the-great-tinto-2015", "name": "The Great Tinto 2015", "statistics": {"status": "Normal", "ratings_count": 47, "ratings_average": 3.5, "labels_count": 346, "reviews_count": 15}, "year": 2015, "grapes": null, "has_valid_ratings": true}, "type": "best_user_rated", "highlight_icon": "https://images.vivino.com/highlights/icon/best_user_rated.svg", "price": null}, {"vintage": {"id": 159814007, "seo_name": "the-great-tinto-2019", "name": "The Great Tinto 2019", "statistics": {"status": "Normal", "ratings_count": 47, "ratings_average": 3.1, "labels_count": 397, "reviews_count": 18}, "year": 2019, "grapes": null, "has_valid_ratings": true}, "type": "most_user_rated", "highlight_icon": "https://images.vivino.com/highlights/icon/most_user_rated.svg", "price": null}], "prices_and_availabilities": [], "price_range": {"currency": {"code": "EUR", "name": "Euros", "prefix": "\u20ac", "suffix": null}, "price_range": {"minimum": 0, "maximum": 500, "currency_code": "EUR"}, "defaults": {"minimum": 7, "maximum": 30, "currency_code": "EUR"}}, "subtotal_price": null}