{"tastes": {"structure": {"acidity": 4.357796, "fizziness": null, "intensity": 2.067836, "sweetness": 1.2468947, "tannin": null, "user_structure_count": 95, "calculated_structure_count": 344}, "flavor": [{"group": "citrus_fruit", "stats": {"count": 225, "score": 32500, "mentions_count": 325}, "primary_keywords": [{"id": 106, "name": "Zitrone", "count": 137}, {"id": 243, "name": "Zitrone", "count": 78}, {"id": 190, "name": "Grapefruit", "count": 65}, {"id": 252, "name": "Limette", "count": 25}, {"id": 248, "name": "Zitronenw\u00fcrze", "count": 7}, {"id": 298, "name": "Orange", "count": 4}, {"id": 109, "name": "Zitrusw\u00fcrze", "count": 2}, {"id": 246, "name": "Zitronenschale", "count": 2}, {"id": 411, "name": "Mandarine", "count": 1}, {"id": 260, "name": "Mandarine", "count": 1}, {"id": 253, "name": "Limettenschale", "count": 1}, {"id": 274, "name": "Meyerlimette", "count": 1}, {"id": 254, "name": "Limettenmark", "count": 1}]}, {"group": "tree_fruit", "stats": {"count": 166, "score": 27200, "mentions_count": 272}, "primary_keywords": [{"id": 315, "name": "Birne", "count": 77}, {"id": 195, "name": "Gr\u00fcner Apfel", "count": 56}, {"id": 9, "name": "Apfel", "count": 43}, {"id": 310, "name": "Pfirsich", "count": 25}, {"id": 271, "name": "Melone", "count": 17}, {"id": 343, "name": "Quitte", "count": 16}, {"id": 11, "name": "Aprikose", "count": 11}, {"id": 448, "name": "Wei\u00dfer Pfirsich", "count": 6}, {"id": 288, "name": "Nektarine", "count": 5}, {"id": 458, "name": "Gelber Apfel", "count": 5}, {"id": 469, "name": "Steinfrucht", "count": 3}, {"id": 202, "name": "Gr\u00fcne Melone", "count": 2}, {"id": 220, "name": "Honigmelone", "count": 2}, {"id": 78, "name": "Cantaloupe-Melone", "count": 1}, {"id": 433, "name": "Unreife Birne", "count": 1}, {"id": 461, "name": "Gelbe Pflaume", "count": 1}, {"id": 204, "name": "Gr\u00fcne Birne", "count": 1}]}, {"group": "earth", "stats": {"count": 144, "score": 17664, "mentions_count": 170}, "primary_keywords": [{"id": 276, "name": "Mineralien", "count": 90}, {"id": 218, "name": "Honig", "count": 45}, {"id": 398, "name": "Stein", "count": 16}, {"id": 156, "name": "Erdig", "count": 4}, {"id": 85, "name": "Kreide", "count": 2}, {"id": 377, "name": "Salz", "count": 2}, {"id": 164, "name": "Feuerstein", "count": 2}, {"id": 430, "name": "Tr\u00fcffel", "count": 2}, {"id": 382, "name": "Seemuschel", "count": 2}, {"id": 384, "name": "Rauch", "count": 1}, {"id": 423, "name": "Tabakblatt", "count": 1}, {"id": 466, "name": "Kunststoff", "count": 1}, {"id": 376, "name": "Saline", "count": 1}, {"id": 242, "name": "Leder", "count": 1}], "secondary_keywords": [{"id": 6, "name": "Mandel", "count": 40}, {"id": 267, "name": "Marzipan", "count": 1}]}, {"group": "vegetal", "stats": {"count": 81, "score": 6720, "mentions_count": 64}, "primary_keywords": [{"id": 399, "name": "Stroh", "count": 39}, {"id": 193, "name": "Gras", "count": 15}, {"id": 185, "name": "Stachelbeere", "count": 4}, {"id": 172, "name": "Frisch geschnittenes Gras", "count": 2}, {"id": 36, "name": "Bittermandel", "count": 2}, {"id": 84, "name": "Sellerie", "count": 1}, {"id": 13, "name": "rucola", "count": 1}], "secondary_keywords": [{"id": 6, "name": "Mandel", "count": 40}, {"id": 423, "name": "Tabakblatt", "count": 1}]}, {"group": "non_oak", "stats": {"count": 55, "score": 2803, "mentions_count": 48}, "primary_keywords": [{"id": 6, "name": "Mandel", "count": 40}, {"id": 417, "name": "Toast", "count": 3}, {"id": 267, "name": "Marzipan", "count": 1}, {"id": 418, "name": "Ger\u00f6stete Mandel", "count": 1}, {"id": 291, "name": "Nussig", "count": 1}, {"id": 213, "name": "Haselnuss", "count": 1}, {"id": 62, "name": "Brioche", "count": 1}], "secondary_keywords": [{"id": 434, "name": "Vanille", "count": 6}, {"id": 36, "name": "Bittermandel", "count": 2}, {"id": 105, "name": "Zimt", "count": 2}, {"id": 290, "name": "Muskat", "count": 1}, {"id": 423, "name": "Tabakblatt", "count": 1}, {"id": 384, "name": "Rauch", "count": 1}, {"id": 79, "name": "Karamell", "count": 1}]}, {"group": "tropical_fruit", "stats": {"count": 29, "score": 3832, "mentions_count": 37}, "primary_keywords": [{"id": 428, "name": "Tropisch", "count": 15}, {"id": 329, "name": "Ananas", "count": 10}, {"id": 306, "name": "Passionsfrucht", "count": 3}, {"id": 67, "name": "Kaugummi", "count": 3}, {"id": 256, "name": "Litschi", "count": 2}, {"id": 227, "name": "Jackfrucht", "count": 1}, {"id": 237, "name": "Kiwi", "count": 1}, {"id": 261, "name": "Mango", "count": 1}, {"id": 210, "name": "Guave", "count": 1}], "secondary_keywords": [{"id": 23, "name": "Banane", "count": 4}]}, {"group": "oak", "stats": {"count": 71, "score": 3114, "mentions_count": 30}, "primary_keywords": [{"id": 70, "name": "Butter", "count": 12}, {"id": 292, "name": "Eiche", "count": 7}, {"id": 434, "name": "Vanille", "count": 6}, {"id": 101, "name": "Schokolade", "count": 2}, {"id": 79, "name": "Karamell", "count": 1}, {"id": 290, "name": "Muskat", "count": 1}, {"id": 103, "name": "Zigarre", "count": 1}], "secondary_keywords": [{"id": 6, "name": "Mandel", "count": 40}, {"id": 105, "name": "Zimt", "count": 2}, {"id": 242, "name": "Leder", "count": 1}, {"id": 267, "name": "Marzipan", "count": 1}, {"id": 423, "name": "Tabakblatt", "count": 1}, {"id": 384, "name": "Rauch", "count": 1}, {"id": 213, "name": "Haselnuss", "count": 1}, {"id": 62, "name": "Brioche", "count": 1}]}, {"group": "microbio", "stats": {"count": 72, "score": 3713, "mentions_count": 29}, "primary_keywords": [{"id": 123, "name": "Creme", "count": 14}, {"id": 295, "name": "\u00d6l", "count": 5}, {"id": 91, "name": "K\u00e4se", "count": 5}, {"id": 23, "name": "Banane", "count": 4}, {"id": 457, "name": "Hefe", "count": 1}], "secondary_keywords": [{"id": 6, "name": "Mandel", "count": 40}, {"id": 70, "name": "Butter", "count": 12}, {"id": 417, "name": "Toast", "count": 3}, {"id": 430, "name": "Tr\u00fcffel", "count": 2}]}, {"group": "floral", "stats": {"count": 19, "score": 2000, "mentions_count": 20}, "primary_keywords": [{"id": 230, "name": "Jasmin", "count": 6}, {"id": 221, "name": "Gei\u00dfblatt", "count": 4}, {"id": 157, "name": "Holunderbl\u00fcte", "count": 2}, {"id": 2, "name": "Akazie", "count": 2}, {"id": 251, "name": "Lilie", "count": 1}, {"id": 436, "name": "Veilchen", "count": 1}, {"id": 250, "name": "Flieder", "count": 1}, {"id": 322, "name": "Parf\u00fcm", "count": 1}, {"id": 133, "name": "L\u00f6wenzahn", "count": 1}, {"id": 10, "name": "Apfelbl\u00fcte", "count": 1}]}, {"group": "spices", "stats": {"count": 18, "score": 1554, "mentions_count": 16}, "primary_keywords": [{"id": 231, "name": "Gr\u00fcner Jasmintee", "count": 3}, {"id": 449, "name": "Weiter Pfeffer", "count": 3}, {"id": 105, "name": "Zimt", "count": 2}, {"id": 249, "name": "Lakritze", "count": 1}, {"id": 375, "name": "Salbei", "count": 1}, {"id": 26, "name": "Lorbeer", "count": 1}, {"id": 416, "name": "Thymian", "count": 1}, {"id": 373, "name": "Rosmarin", "count": 1}, {"id": 245, "name": "Zitronengras", "count": 1}, {"id": 200, "name": "Gr\u00fcne Gew\u00fcrze", "count": 1}, {"id": 320, "name": "Pfeffer", "count": 1}], "secondary_keywords": [{"id": 434, "name": "Vanille", "count": 6}, {"id": 290, "name": "Muskat", "count": 1}]}, {"group": "red_fruit", "stats": {"count": 4, "score": 400, "mentions_count": 4}, "primary_keywords": [{"id": 93, "name": "Kirsche", "count": 2}, {"id": 440, "name": "Wassermelone", "count": 1}, {"id": 354, "name": "Rote Frucht", "count": 1}]}, {"group": "black_fruit", "stats": {"count": 2, "score": 200, "mentions_count": 2}, "primary_keywords": [{"id": 55, "name": "Bickbeere", "count": 1}, {"id": 334, "name": "Pflaume", "count": 1}]}]}, "vivino_id": "1542932"}