{"vintage": {"id": 163137200, "seo_name": "stefan-winter-riesling-trocken-2019", "name": "Stefan Winter Riesling Trocken 2019", "statistics": {"status": "Normal", "ratings_count": 412, "ratings_average": 3.9, "labels_count": 1308, "reviews_count": 159}, "organic_certification_id": null, "certified_biodynamic": null, "image": {"location": "//images.vivino.com/thumbs/Vai0Xw1sTNGasq0IfQeBfA_pl_480x640.png", "variations": {"bottle_large": "//images.vivino.com/thumbs/Vai0Xw1sTNGasq0IfQeBfA_pb_x960.png", "bottle_medium": "//images.vivino.com/thumbs/Vai0Xw1sTNGasq0IfQeBfA_pb_x600.png", "bottle_medium_square": "//images.vivino.com/thumbs/Vai0Xw1sTNGasq0IfQeBfA_pb_600x600.png", "bottle_small": "//images.vivino.com/thumbs/Vai0Xw1sTNGasq0IfQeBfA_pb_x300.png", "bottle_small_square": "//images.vivino.com/thumbs/Vai0Xw1sTNGasq0IfQeBfA_pb_300x300.png", "label": "//images.vivino.com/thumbs/Vai0Xw1sTNGasq0IfQeBfA_pl_480x640.png", "label_large": "//images.vivino.com/thumbs/Vai0Xw1sTNGasq0IfQeBfA_pl_375x500.png", "label_medium": "//images.vivino.com/thumbs/Vai0Xw1sTNGasq0IfQeBfA_pl_150x200.png", "label_medium_square": "//images.vivino.com/thumbs/Vai0Xw1sTNGasq0IfQeBfA_pl_150x150.png", "label_small_square": "//images.vivino.com/thumbs/Vai0Xw1sTNGasq0IfQeBfA_pl_80x80.png", "large": "//images.vivino.com/thumbs/Vai0Xw1sTNGasq0IfQeBfA_pl_375x500.png", "medium": "//images.vivino.com/thumbs/Vai0Xw1sTNGasq0IfQeBfA_pl_150x200.png", "medium_square": "//images.vivino.com/thumbs/Vai0Xw1sTNGasq0IfQeBfA_pl_150x150.png", "small_square": "//images.vivino.com/thumbs/Vai0Xw1sTNGasq0IfQeBfA_pl_80x80.png"}}, "wine": {"id": 94269, "name": "Riesling Trocken", "seo_name": "riesling-trocken", "type_id": 2, "vintage_type": 0, "is_natural": false, "region": {"id": 480, "name": "Rheinhessen", "name_en": "", "seo_name": "rheinhessen", "country": {"code": "de", "name": "Deutschland", "native_name": "Deutschland", "seo_name": "germany", "currency": {"code": "EUR", "name": "Euros", "prefix": "\u20ac", "suffix": null}, "regions_count": 210, "users_count": 2117308, "wines_count": 197796, "wineries_count": 13493, "most_used_grapes": [{"id": 15, "name": "Riesling", "seo_name": "riesling", "has_detailed_info": true, "wines_count": 259925}, {"id": 299, "name": "Sp\u00e4tburgunder", "seo_name": "spatburgunder", "has_detailed_info": false, "wines_count": 49659}, {"id": 355, "name": "Weissburgunder", "seo_name": "weissburgunder", "has_detailed_info": false, "wines_count": 33123}]}, "parent_id": null, "background_image": {"location": "//images.vivino.com/regions/backgrounds/ogLP94yMTDe3X6tkcQR9Kg.jpg", "variations": {"large": "//thumbs.vivino.com/region_backgrounds/ogLP94yMTDe3X6tkcQR9Kg_1280x760.jpg", "medium": "//thumbs.vivino.com/region_backgrounds/ogLP94yMTDe3X6tkcQR9Kg_600x356.jpg"}}, "class": {"typecast_map": {"background_image": {}, "class": {}}}, "statistics": {"wineries_count": 2659, "wines_count": 29574, "sub_regions_count": 19, "parent_regions_count": 0}}, "review_status": 2, "winery": {"id": 73201, "name": "Stefan Winter", "seo_name": "stefan-winter", "status": 0, "review_status": "Completed", "background_image": null, "statistics": {"ratings_count": 13571, "ratings_average": 3.8, "labels_count": 46224, "wines_count": 76}, "region": {"id": 480, "name": "Rheinhessen", "name_en": "", "seo_name": "rheinhessen", "country": {"code": "de", "name": "Deutschland", "native_name": "Deutschland", "seo_name": "germany", "currency": {"code": "EUR", "name": "Euros", "prefix": "\u20ac", "suffix": null}, "regions_count": 210, "users_count": 2117308, "wines_count": 197796, "wineries_count": 13493, "most_used_grapes": [{"id": 15, "name": "Riesling", "seo_name": "riesling", "has_detailed_info": true, "wines_count": 259925}, {"id": 299, "name": "Sp\u00e4tburgunder", "seo_name": "spatburgunder", "has_detailed_info": false, "wines_count": 49659}, {"id": 355, "name": "Weissburgunder", "seo_name": "weissburgunder", "has_detailed_info": false, "wines_count": 33123}]}, "parent_id": null, "background_image": {"location": "//images.vivino.com/regions/backgrounds/ogLP94yMTDe3X6tkcQR9Kg.jpg", "variations": {"large": "//thumbs.vivino.com/region_backgrounds/ogLP94yMTDe3X6tkcQR9Kg_1280x760.jpg", "medium": "//thumbs.vivino.com/region_backgrounds/ogLP94yMTDe3X6tkcQR9Kg_600x356.jpg"}}, "class": {"typecast_map": {"background_image": {}, "class": {}}}, "statistics": {"wineries_count": 2659, "wines_count": 29574, "sub_regions_count": 19, "parent_regions_count": 0}}, "business_name": "Weingut Stefan Winter", "description": "", "specialists_notes": "", "phone": "49 6244 7446", "email": "info@weingut-winter.de", "facebook": "https://www.facebook.com/weingutwinter/", "instagram": "@weingutwinter", "is_claimed": false, "twitter": "", "website": "http://www.weingut-winter.de", "winemaker": null, "wine_maker": null, "address": {"title": null, "name": null, "street": "Heilgebaumstra\u00dfe 34", "street2": null, "neighborhood": null, "city": "Dittelsheim-He\u00dfloch", "zip": "67596", "state": null, "country": {"code": "de", "name": "Deutschland", "native_name": "Deutschland", "seo_name": "germany", "currency": {"code": "EUR", "name": "Euros", "prefix": "\u20ac", "suffix": null}, "regions_count": 210, "users_count": 2117308, "wines_count": 197796, "wineries_count": 13493, "most_used_grapes": [{"id": 15, "name": "Riesling", "seo_name": "riesling", "has_detailed_info": true, "wines_count": 259925}, {"id": 299, "name": "Sp\u00e4tburgunder", "seo_name": "spatburgunder", "has_detailed_info": false, "wines_count": 49659}, {"id": 355, "name": "Weissburgunder", "seo_name": "weissburgunder", "has_detailed_info": false, "wines_count": 33123}]}, "company": null, "phone": null, "external_id": null, "residential": null, "vat_number": null, "vat_code": null, "addition": null}, "image": null, "location": null, "winery_group": null, "first_wines": [], "sponsored_entity_type": null, "sponsored_entity": null}, "statistics": {"status": "Normal", "ratings_count": 3522, "ratings_average": 3.8, "labels_count": 11136, "vintages_count": 26}, "rank": {"country": {"description": "Rang von Deutschland", "total": 115919, "rank": 2287}, "region": {"description": "Rang von Weinregion", "total": 21880, "rank": 320}, "winery": {"description": "Rang vom Weingut", "total": 71, "rank": 12}, "wine_type": {"description": "Rang in allen Wei\u00dfwein", "total": 394073, "rank": 18714}, "global": {"description": "Weltweiter Rang", "total": 1287385, "rank": 78353}}, "hidden": false, "vintages": [{"id": 165502151, "seo_name": "stefan-winter-riesling-trocken-2020", "name": "Stefan Winter Riesling Trocken 2020", "statistics": {"status": "Normal", "ratings_count": 135, "ratings_average": 3.7, "labels_count": 516, "reviews_count": 51}, "year": 2020, "grapes": null, "has_valid_ratings": true}, {"id": 163137200, "seo_name": "stefan-winter-riesling-trocken-2019", "name": "Stefan Winter Riesling Trocken 2019", "statistics": {"status": "Normal", "ratings_count": 412, "ratings_average": 3.9, "labels_count": 1308, "reviews_count": 159}, "year": 2019, "grapes": null, "has_valid_ratings": true}, {"id": 156397992, "seo_name": "stefan-winter-riesling-trocken-2018", "name": "Stefan Winter Riesling Trocken 2018", "statistics": {"status": "Normal", "ratings_count": 234, "ratings_average": 3.7, "labels_count": 805, "reviews_count": 87}, "year": 2018, "grapes": null, "has_valid_ratings": true}, {"id": 152167268, "seo_name": "stefan-winter-riesling-trocken-2017", "name": "Stefan Winter Riesling Trocken 2017", "statistics": {"status": "Normal", "ratings_count": 275, "ratings_average": 3.8, "labels_count": 837, "reviews_count": 101}, "year": 2017, "grapes": null, "has_valid_ratings": true}, {"id": 142827676, "seo_name": "stefan-winter-riesling-trocken-2016", "name": "Stefan Winter Riesling Trocken 2016", "statistics": {"status": "Normal", "ratings_count": 419, "ratings_average": 3.8, "labels_count": 1366, "reviews_count": 160}, "year": 2016, "grapes": null, "has_valid_ratings": true}, {"id": 113629260, "seo_name": "stefan-winter-riesling-trocken-2015", "name": "Stefan Winter Riesling Trocken 2015", "statistics": {"status": "Normal", "ratings_count": 534, "ratings_average": 3.8, "labels_count": 1569, "reviews_count": 191}, "year": 2015, "grapes": null, "has_valid_ratings": true}, {"id": 19246370, "seo_name": "stefan-winter-riesling-trocken-2014", "name": "Stefan Winter Riesling Trocken 2014", "statistics": {"status": "Normal", "ratings_count": 402, "ratings_average": 3.7, "labels_count": 1260, "reviews_count": 158}, "year": 2014, "grapes": null, "has_valid_ratings": true}, {"id": 2809971, "seo_name": "stefan-winter-riesling-trocken-2013", "name": "Stefan Winter Riesling Trocken 2013", "statistics": {"status": "Normal", "ratings_count": 405, "ratings_average": 3.9, "labels_count": 1302, "reviews_count": 155}, "year": 2013, "grapes": null, "has_valid_ratings": true}, {"id": 1948695, "seo_name": "stefan-winter-riesling-trocken-2012", "name": "Stefan Winter Riesling Trocken 2012", "statistics": {"status": "Normal", "ratings_count": 349, "ratings_average": 3.8, "labels_count": 1191, "reviews_count": 104}, "year": 2012, "grapes": null, "has_valid_ratings": true}, {"id": 1309825, "seo_name": "stefan-winter-riesling-trocken-2011", "name": "Stefan Winter Riesling Trocken 2011", "statistics": {"status": "Normal", "ratings_count": 110, "ratings_average": 3.5, "labels_count": 456, "reviews_count": 26}, "year": 2011, "grapes": null, "has_valid_ratings": true}, {"id": 1207663, "seo_name": "stefan-winter-riesling-trocken-2010", "name": "Stefan Winter Riesling Trocken 2010", "statistics": {"status": "Normal", "ratings_count": 31, "ratings_average": 3.9, "labels_count": 142, "reviews_count": 3}, "year": 2010, "grapes": null, "has_valid_ratings": true}, {"id": 1217265, "seo_name": "stefan-winter-riesling-trocken-2009", "name": "Stefan Winter Riesling Trocken 2009", "statistics": {"status": "Normal", "ratings_count": 16, "ratings_average": 4.1, "labels_count": 97, "reviews_count": 3}, "year": 2009, "grapes": null, "has_valid_ratings": true}, {"id": 1244745, "seo_name": "stefan-winter-riesling-trocken-2008", "name": "Stefan Winter Riesling Trocken 2008", "statistics": {"status": "BelowThreshold", "ratings_count": 9, "ratings_average": 0, "labels_count": 33, "reviews_count": 1}, "year": 2008, "grapes": null, "has_valid_ratings": false}, {"id": 1164264, "seo_name": "stefan-winter-riesling-trocken-2007", "name": "Stefan Winter Riesling Trocken 2007", "statistics": {"status": "BelowThreshold", "ratings_count": 3, "ratings_average": 0, "labels_count": 20, "reviews_count": 0}, "year": 2007, "grapes": null, "has_valid_ratings": false}, {"id": 113578, "seo_name": "stefan-winter-riesling-trocken-2006", "name": "Stefan Winter Riesling Trocken 2006", "statistics": {"status": "BelowThreshold", "ratings_count": 1, "ratings_average": 0, "labels_count": 3, "reviews_count": 1}, "year": 2006, "grapes": null, "has_valid_ratings": false}, {"id": 13662812, "seo_name": "stefan-winter-riesling-trocken-2005", "name": "Stefan Winter Riesling Trocken 2005", "statistics": {"status": "BelowThreshold", "ratings_count": 1, "ratings_average": 0, "labels_count": 7, "reviews_count": 0}, "year": 2005, "grapes": null, "has_valid_ratings": false}, {"id": 161812040, "seo_name": "stefan-winter-riesling-trocken-1992", "name": "Stefan Winter Riesling Trocken 1992", "statistics": {"status": "BelowThreshold", "ratings_count": 1, "ratings_average": 0, "labels_count": 1, "reviews_count": 0}, "year": 1992, "grapes": null, "has_valid_ratings": false}, {"id": 1520144, "seo_name": "stefan-winter-riesling-trocken-uv", "name": "Stefan Winter Riesling Trocken", "statistics": {"status": "Normal", "ratings_count": 3522, "ratings_average": 3.8, "labels_count": 203, "reviews_count": 56}, "year": 0, "grapes": null, "has_valid_ratings": true}], "description": "", "grapes": [{"id": 15, "name": "Riesling", "seo_name": "riesling", "has_detailed_info": true, "wines_count": 259925}], "foods": [{"id": 10, "name": "Schweinefleisch", "background_image": {"location": "//images.vivino.com/backgrounds/foods/10_pork.png", "variations": {"small": "//images.vivino.com/backgrounds/foods/thumbs/10_pork_932x810.png"}}, "seo_name": "pork"}, {"id": 13, "name": "Schalentiere", "background_image": {"location": "//images.vivino.com/backgrounds/foods/13_shellfish.png", "variations": {"small": "//images.vivino.com/backgrounds/foods/thumbs/13_shellfish_932x810.png"}}, "seo_name": "shellfish"}, {"id": 15, "name": "Scharfe Gerichte", "background_image": {"location": "//images.vivino.com/backgrounds/foods/15_spicyfood.png", "variations": {"small": "//images.vivino.com/backgrounds/foods/thumbs/15_spicyfood_932x810.png"}}, "seo_name": "spicy-food"}, {"id": 20, "name": "Gefl\u00fcgel", "background_image": {"location": "//images.vivino.com/backgrounds/foods/20_chicken.png", "variations": {"small": "//images.vivino.com/backgrounds/foods/thumbs/20_chicken_932x810.png"}}, "seo_name": "poultry"}, {"id": 41, "name": "Ger\u00e4ucherte Fleischprodukte", "background_image": {"location": "//images.vivino.com/backgrounds/foods/41_curedmeat.png", "variations": {"small": "//images.vivino.com/backgrounds/foods/thumbs/41_curedmeat_932x810.png"}}, "seo_name": null}], "non_vintage": false, "alcohol": 12, "sweetness_id": 5, "closure": "screw", "vintage_mask_raw": null, "updated_at": "2021-05-26T19:14:32Z", "created_at": "2010-01-05T10:11:02Z", "is_first_wine": false, "style": {"id": 186, "seo_name": "german-riesling", "regional_name": "German", "varietal_name": "Riesling", "name": "Riesling Deutschland", "image": null, "background_image": {"location": "//images.vivino.com/backgrounds/styles/sUyLeO_TQuaROKfLr65xsg.jpg", "variations": {"small": "//images.vivino.com/backgrounds/styles/thumbs/sUyLeO_TQuaROKfLr65xsg_932x810.jpg"}}, "description": "Riesling is without question Germany's favorite grape. Widely planted, though once derided, Riesling is the superstar of the white wine world at the moment.\n\nThere is a lot of scope for versatility with this sweet, viscous wine, though you can expect to get hints of tropical fruit, nectarine, melon and pineapple from a solid Riesling.\n\nThe grape originated in the Rhine region of Germany, and the best of them are said to grow along the banks of the Mosel River on the beautiful steep, south facing hills.\n\nThere are six categories of Riesling which indicate the ripeness of the grapes. Kabinett is considered \u201coff-dry\u201d and is a typically ripe grape. Sp\u00e4tlese is riper and therefor sweeter, and Auslese is even riper still. Beyond on that you have Beerenauslese, Trockenbeerenauslese and Eiswein (or ice wine), all getting sweeter, more viscous and more expensive.\n\nIt's a favorite in the food and beverage industry because of its willingness to play with a wide variety of foods, particular spicy dishes. The current Asian fusion boom is thought to have had a tremendous effect on Riesling's popularity.", "blurb": null, "interesting_facts": ["Riesling is grown all over the world and thrives in cool to warm climates.", "Riesling is one of the few white wines that develops and improves with age.", "There are an unusually high number of German Riesling producers that carry the prefix \u201cDr.\u201d"], "body": 2, "body_description": "Leichter K\u00f6rper", "acidity": 3, "acidity_description": "Hoch", "country": {"code": "de", "name": "Deutschland", "native_name": "Deutschland", "seo_name": "germany", "currency": {"code": "EUR", "name": "Euros", "prefix": "\u20ac", "suffix": null}, "regions_count": 210, "users_count": 2117308, "wines_count": 197796, "wineries_count": 13493, "most_used_grapes": [{"id": 15, "name": "Riesling", "seo_name": "riesling", "has_detailed_info": true, "wines_count": 259925}, {"id": 299, "name": "Sp\u00e4tburgunder", "seo_name": "spatburgunder", "has_detailed_info": false, "wines_count": 49659}, {"id": 355, "name": "Weissburgunder", "seo_name": "weissburgunder", "has_detailed_info": false, "wines_count": 33123}]}, "wine_type_id": 2, "food": [{"id": 10, "name": "Pork", "background_image": {"location": "//images.vivino.com/backgrounds/foods/10_pork.png", "variations": {"small": "//images.vivino.com/backgrounds/foods/thumbs/10_pork_932x810.png"}}, "seo_name": "pork"}, {"id": 13, "name": "Shellfish", "background_image": {"location": "//images.vivino.com/backgrounds/foods/13_shellfish.png", "variations": {"small": "//images.vivino.com/backgrounds/foods/thumbs/13_shellfish_932x810.png"}}, "seo_name": "shellfish"}, {"id": 15, "name": "Spicy food", "background_image": {"location": "//images.vivino.com/backgrounds/foods/15_spicyfood.png", "variations": {"small": "//images.vivino.com/backgrounds/foods/thumbs/15_spicyfood_932x810.png"}}, "seo_name": "spicy-food"}, {"id": 20, "name": "Poultry", "background_image": {"location": "//images.vivino.com/backgrounds/foods/20_chicken.png", "variations": {"small": "//images.vivino.com/backgrounds/foods/thumbs/20_chicken_932x810.png"}}, "seo_name": "poultry"}, {"id": 41, "name": "Cured Meat", "background_image": {"location": "//images.vivino.com/backgrounds/foods/41_curedmeat.png", "variations": {"small": "//images.vivino.com/backgrounds/foods/thumbs/41_curedmeat_932x810.png"}}, "seo_name": null}], "grapes": [{"id": 15, "name": "Riesling", "seo_name": "riesling", "has_detailed_info": true, "wines_count": 259925}], "region": null}, "has_valid_ratings": true}, "description": "", "expert_reviews": null, "wine_critic_reviews": [], "awards": [], "ratings_distribution": {"1": 1, "2": 9, "3": 129, "4": 239, "5": 34}, "ranking": {"country": {"description": "Rang von Deutschland", "total": 604728, "rank": 11290}, "region": {"description": "Rang von Weinregion", "total": 101712, "rank": 1486}, "winery": {"description": "Rang vom Weingut", "total": 513, "rank": 31}, "global": {"description": "Weltweiter Rang", "total": 8825166, "rank": 426384}}, "wine_facts": {"alcohol": 12.5, "residual_sugar_grams_per_liter": 6.5, "acidity_grams_per_liter": 7.9, "closure": "screw"}, "winemaker": null, "wine_maker": null, "grape_composition": {"15": 100}, "year": 2019, "grapes": [{"id": 15, "name": "Riesling", "seo_name": "riesling", "has_detailed_info": true, "wines_count": 259925}], "has_valid_ratings": true}, "carts": null, "price_range": {"currency": {"code": "EUR", "name": "Euros", "prefix": "\u20ac", "suffix": null}, "price_range": {"minimum": 0, "maximum": 500, "currency_code": "EUR"}, "defaults": {"minimum": 7, "maximum": 30, "currency_code": "EUR"}}, "subtotal_price": null, "full_region": null, "tastes": null, "wine": {"id": 94269, "name": "Riesling Trocken", "seo_name": "riesling-trocken", "type_id": 2, "vintage_type": 0, "is_natural": false, "region": {"id": 480, "name": "Rheinhessen", "name_en": "", "seo_name": "rheinhessen", "country": {"code": "de", "name": "Deutschland", "native_name": "Deutschland", "seo_name": "germany", "currency": {"code": "EUR", "name": "Euros", "prefix": "\u20ac", "suffix": null}, "regions_count": 210, "users_count": 2117308, "wines_count": 197796, "wineries_count": 13493, "most_used_grapes": [{"id": 15, "name": "Riesling", "seo_name": "riesling", "has_detailed_info": true, "wines_count": 259925}, {"id": 299, "name": "Sp\u00e4tburgunder", "seo_name": "spatburgunder", "has_detailed_info": false, "wines_count": 49659}, {"id": 355, "name": "Weissburgunder", "seo_name": "weissburgunder", "has_detailed_info": false, "wines_count": 33123}]}, "parent_id": null, "background_image": {"location": "//images.vivino.com/regions/backgrounds/ogLP94yMTDe3X6tkcQR9Kg.jpg", "variations": {"large": "//thumbs.vivino.com/region_backgrounds/ogLP94yMTDe3X6tkcQR9Kg_1280x760.jpg", "medium": "//thumbs.vivino.com/region_backgrounds/ogLP94yMTDe3X6tkcQR9Kg_600x356.jpg"}}, "class": {"typecast_map": {"background_image": {}, "class": {}}}, "statistics": {"wineries_count": 2659, "wines_count": 29574, "sub_regions_count": 19, "parent_regions_count": 0}}, "review_status": 2, "winery": {"id": 73201, "name": "Stefan Winter", "seo_name": "stefan-winter", "status": 0, "review_status": "Completed", "background_image": null, "statistics": {"ratings_count": 13571, "ratings_average": 3.8, "labels_count": 46224, "wines_count": 76}, "region": {"id": 480, "name": "Rheinhessen", "name_en": "", "seo_name": "rheinhessen", "country": {"code": "de", "name": "Deutschland", "native_name": "Deutschland", "seo_name": "germany", "currency": {"code": "EUR", "name": "Euros", "prefix": "\u20ac", "suffix": null}, "regions_count": 210, "users_count": 2117308, "wines_count": 197796, "wineries_count": 13493, "most_used_grapes": [{"id": 15, "name": "Riesling", "seo_name": "riesling", "has_detailed_info": true, "wines_count": 259925}, {"id": 299, "name": "Sp\u00e4tburgunder", "seo_name": "spatburgunder", "has_detailed_info": false, "wines_count": 49659}, {"id": 355, "name": "Weissburgunder", "seo_name": "weissburgunder", "has_detailed_info": false, "wines_count": 33123}]}, "parent_id": null, "background_image": {"location": "//images.vivino.com/regions/backgrounds/ogLP94yMTDe3X6tkcQR9Kg.jpg", "variations": {"large": "//thumbs.vivino.com/region_backgrounds/ogLP94yMTDe3X6tkcQR9Kg_1280x760.jpg", "medium": "//thumbs.vivino.com/region_backgrounds/ogLP94yMTDe3X6tkcQR9Kg_600x356.jpg"}}, "class": {"typecast_map": {"background_image": {}, "class": {}}}, "statistics": {"wineries_count": 2659, "wines_count": 29574, "sub_regions_count": 19, "parent_regions_count": 0}}, "business_name": "Weingut Stefan Winter", "description": "", "specialists_notes": "", "phone": "49 6244 7446", "email": "info@weingut-winter.de", "facebook": "https://www.facebook.com/weingutwinter/", "instagram": "@weingutwinter", "is_claimed": false, "twitter": "", "website": "http://www.weingut-winter.de", "winemaker": null, "wine_maker": null, "address": {"title": null, "name": null, "street": "Heilgebaumstra\u00dfe 34", "street2": null, "neighborhood": null, "city": "Dittelsheim-He\u00dfloch", "zip": "67596", "state": null, "country": {"code": "de", "name": "Deutschland", "native_name": "Deutschland", "seo_name": "germany", "currency": {"code": "EUR", "name": "Euros", "prefix": "\u20ac", "suffix": null}, "regions_count": 210, "users_count": 2117308, "wines_count": 197796, "wineries_count": 13493, "most_used_grapes": [{"id": 15, "name": "Riesling", "seo_name": "riesling", "has_detailed_info": true, "wines_count": 259925}, {"id": 299, "name": "Sp\u00e4tburgunder", "seo_name": "spatburgunder", "has_detailed_info": false, "wines_count": 49659}, {"id": 355, "name": "Weissburgunder", "seo_name": "weissburgunder", "has_detailed_info": false, "wines_count": 33123}]}, "company": null, "phone": null, "external_id": null, "residential": null, "vat_number": null, "vat_code": null, "addition": null}, "image": null, "location": null, "winery_group": null, "first_wines": [], "sponsored_entity_type": null, "sponsored_entity": null}, "statistics": {"status": "Normal", "ratings_count": 3522, "ratings_average": 3.8, "labels_count": 11136, "vintages_count": 26}, "rank": {"country": {"description": "Rang von Deutschland", "total": 115919, "rank": 2287}, "region": {"description": "Rang von Weinregion", "total": 21880, "rank": 320}, "winery": {"description": "Rang vom Weingut", "total": 71, "rank": 12}, "wine_type": {"description": "Rang in allen Wei\u00dfwein", "total": 394073, "rank": 18714}, "global": {"description": "Weltweiter Rang", "total": 1287385, "rank": 78353}}, "hidden": false, "vintages": [{"id": 165502151, "seo_name": "stefan-winter-riesling-trocken-2020", "name": "Stefan Winter Riesling Trocken 2020", "statistics": {"status": "Normal", "ratings_count": 135, "ratings_average": 3.7, "labels_count": 516, "reviews_count": 51}, "year": 2020, "grapes": null, "has_valid_ratings": true}, {"id": 163137200, "seo_name": "stefan-winter-riesling-trocken-2019", "name": "Stefan Winter Riesling Trocken 2019", "statistics": {"status": "Normal", "ratings_count": 412, "ratings_average": 3.9, "labels_count": 1308, "reviews_count": 159}, "year": 2019, "grapes": null, "has_valid_ratings": true}, {"id": 156397992, "seo_name": "stefan-winter-riesling-trocken-2018", "name": "Stefan Winter Riesling Trocken 2018", "statistics": {"status": "Normal", "ratings_count": 234, "ratings_average": 3.7, "labels_count": 805, "reviews_count": 87}, "year": 2018, "grapes": null, "has_valid_ratings": true}, {"id": 152167268, "seo_name": "stefan-winter-riesling-trocken-2017", "name": "Stefan Winter Riesling Trocken 2017", "statistics": {"status": "Normal", "ratings_count": 275, "ratings_average": 3.8, "labels_count": 837, "reviews_count": 101}, "year": 2017, "grapes": null, "has_valid_ratings": true}, {"id": 142827676, "seo_name": "stefan-winter-riesling-trocken-2016", "name": "Stefan Winter Riesling Trocken 2016", "statistics": {"status": "Normal", "ratings_count": 419, "ratings_average": 3.8, "labels_count": 1366, "reviews_count": 160}, "year": 2016, "grapes": null, "has_valid_ratings": true}, {"id": 113629260, "seo_name": "stefan-winter-riesling-trocken-2015", "name": "Stefan Winter Riesling Trocken 2015", "statistics": {"status": "Normal", "ratings_count": 534, "ratings_average": 3.8, "labels_count": 1569, "reviews_count": 191}, "year": 2015, "grapes": null, "has_valid_ratings": true}, {"id": 19246370, "seo_name": "stefan-winter-riesling-trocken-2014", "name": "Stefan Winter Riesling Trocken 2014", "statistics": {"status": "Normal", "ratings_count": 402, "ratings_average": 3.7, "labels_count": 1260, "reviews_count": 158}, "year": 2014, "grapes": null, "has_valid_ratings": true}, {"id": 2809971, "seo_name": "stefan-winter-riesling-trocken-2013", "name": "Stefan Winter Riesling Trocken 2013", "statistics": {"status": "Normal", "ratings_count": 405, "ratings_average": 3.9, "labels_count": 1302, "reviews_count": 155}, "year": 2013, "grapes": null, "has_valid_ratings": true}, {"id": 1948695, "seo_name": "stefan-winter-riesling-trocken-2012", "name": "Stefan Winter Riesling Trocken 2012", "statistics": {"status": "Normal", "ratings_count": 349, "ratings_average": 3.8, "labels_count": 1191, "reviews_count": 104}, "year": 2012, "grapes": null, "has_valid_ratings": true}, {"id": 1309825, "seo_name": "stefan-winter-riesling-trocken-2011", "name": "Stefan Winter Riesling Trocken 2011", "statistics": {"status": "Normal", "ratings_count": 110, "ratings_average": 3.5, "labels_count": 456, "reviews_count": 26}, "year": 2011, "grapes": null, "has_valid_ratings": true}, {"id": 1207663, "seo_name": "stefan-winter-riesling-trocken-2010", "name": "Stefan Winter Riesling Trocken 2010", "statistics": {"status": "Normal", "ratings_count": 31, "ratings_average": 3.9, "labels_count": 142, "reviews_count": 3}, "year": 2010, "grapes": null, "has_valid_ratings": true}, {"id": 1217265, "seo_name": "stefan-winter-riesling-trocken-2009", "name": "Stefan Winter Riesling Trocken 2009", "statistics": {"status": "Normal", "ratings_count": 16, "ratings_average": 4.1, "labels_count": 97, "reviews_count": 3}, "year": 2009, "grapes": null, "has_valid_ratings": true}, {"id": 1244745, "seo_name": "stefan-winter-riesling-trocken-2008", "name": "Stefan Winter Riesling Trocken 2008", "statistics": {"status": "BelowThreshold", "ratings_count": 9, "ratings_average": 0, "labels_count": 33, "reviews_count": 1}, "year": 2008, "grapes": null, "has_valid_ratings": false}, {"id": 1164264, "seo_name": "stefan-winter-riesling-trocken-2007", "name": "Stefan Winter Riesling Trocken 2007", "statistics": {"status": "BelowThreshold", "ratings_count": 3, "ratings_average": 0, "labels_count": 20, "reviews_count": 0}, "year": 2007, "grapes": null, "has_valid_ratings": false}, {"id": 113578, "seo_name": "stefan-winter-riesling-trocken-2006", "name": "Stefan Winter Riesling Trocken 2006", "statistics": {"status": "BelowThreshold", "ratings_count": 1, "ratings_average": 0, "labels_count": 3, "reviews_count": 1}, "year": 2006, "grapes": null, "has_valid_ratings": false}, {"id": 13662812, "seo_name": "stefan-winter-riesling-trocken-2005", "name": "Stefan Winter Riesling Trocken 2005", "statistics": {"status": "BelowThreshold", "ratings_count": 1, "ratings_average": 0, "labels_count": 7, "reviews_count": 0}, "year": 2005, "grapes": null, "has_valid_ratings": false}, {"id": 161812040, "seo_name": "stefan-winter-riesling-trocken-1992", "name": "Stefan Winter Riesling Trocken 1992", "statistics": {"status": "BelowThreshold", "ratings_count": 1, "ratings_average": 0, "labels_count": 1, "reviews_count": 0}, "year": 1992, "grapes": null, "has_valid_ratings": false}, {"id": 1520144, "seo_name": "stefan-winter-riesling-trocken-uv", "name": "Stefan Winter Riesling Trocken", "statistics": {"status": "Normal", "ratings_count": 3522, "ratings_average": 3.8, "labels_count": 203, "reviews_count": 56}, "year": 0, "grapes": null, "has_valid_ratings": true}], "description": "", "grapes": [{"id": 15, "name": "Riesling", "seo_name": "riesling", "has_detailed_info": true, "wines_count": 259925}], "foods": [{"id": 10, "name": "Schweinefleisch", "background_image": {"location": "//images.vivino.com/backgrounds/foods/10_pork.png", "variations": {"small": "//images.vivino.com/backgrounds/foods/thumbs/10_pork_932x810.png"}}, "seo_name": "pork"}, {"id": 13, "name": "Schalentiere", "background_image": {"location": "//images.vivino.com/backgrounds/foods/13_shellfish.png", "variations": {"small": "//images.vivino.com/backgrounds/foods/thumbs/13_shellfish_932x810.png"}}, "seo_name": "shellfish"}, {"id": 15, "name": "Scharfe Gerichte", "background_image": {"location": "//images.vivino.com/backgrounds/foods/15_spicyfood.png", "variations": {"small": "//images.vivino.com/backgrounds/foods/thumbs/15_spicyfood_932x810.png"}}, "seo_name": "spicy-food"}, {"id": 20, "name": "Gefl\u00fcgel", "background_image": {"location": "//images.vivino.com/backgrounds/foods/20_chicken.png", "variations": {"small": "//images.vivino.com/backgrounds/foods/thumbs/20_chicken_932x810.png"}}, "seo_name": "poultry"}, {"id": 41, "name": "Ger\u00e4ucherte Fleischprodukte", "background_image": {"location": "//images.vivino.com/backgrounds/foods/41_curedmeat.png", "variations": {"small": "//images.vivino.com/backgrounds/foods/thumbs/41_curedmeat_932x810.png"}}, "seo_name": null}], "non_vintage": false, "alcohol": 12, "sweetness_id": 5, "closure": "screw", "vintage_mask_raw": null, "updated_at": "2021-05-26T19:14:32Z", "created_at": "2010-01-05T10:11:02Z", "is_first_wine": false, "style": {"id": 186, "seo_name": "german-riesling", "regional_name": "German", "varietal_name": "Riesling", "name": "Riesling Deutschland", "image": null, "background_image": {"location": "//images.vivino.com/backgrounds/styles/sUyLeO_TQuaROKfLr65xsg.jpg", "variations": {"small": "//images.vivino.com/backgrounds/styles/thumbs/sUyLeO_TQuaROKfLr65xsg_932x810.jpg"}}, "description": "Riesling is without question Germany's favorite grape. Widely planted, though once derided, Riesling is the superstar of the white wine world at the moment.\n\nThere is a lot of scope for versatility with this sweet, viscous wine, though you can expect to get hints of tropical fruit, nectarine, melon and pineapple from a solid Riesling.\n\nThe grape originated in the Rhine region of Germany, and the best of them are said to grow along the banks of the Mosel River on the beautiful steep, south facing hills.\n\nThere are six categories of Riesling which indicate the ripeness of the grapes. Kabinett is considered \u201coff-dry\u201d and is a typically ripe grape. Sp\u00e4tlese is riper and therefor sweeter, and Auslese is even riper still. Beyond on that you have Beerenauslese, Trockenbeerenauslese and Eiswein (or ice wine), all getting sweeter, more viscous and more expensive.\n\nIt's a favorite in the food and beverage industry because of its willingness to play with a wide variety of foods, particular spicy dishes. The current Asian fusion boom is thought to have had a tremendous effect on Riesling's popularity.", "blurb": null, "interesting_facts": ["Riesling is grown all over the world and thrives in cool to warm climates.", "Riesling is one of the few white wines that develops and improves with age.", "There are an unusually high number of German Riesling producers that carry the prefix \u201cDr.\u201d"], "body": 2, "body_description": "Leichter K\u00f6rper", "acidity": 3, "acidity_description": "Hoch", "country": {"code": "de", "name": "Deutschland", "native_name": "Deutschland", "seo_name": "germany", "currency": {"code": "EUR", "name": "Euros", "prefix": "\u20ac", "suffix": null}, "regions_count": 210, "users_count": 2117308, "wines_count": 197796, "wineries_count": 13493, "most_used_grapes": [{"id": 15, "name": "Riesling", "seo_name": "riesling", "has_detailed_info": true, "wines_count": 259925}, {"id": 299, "name": "Sp\u00e4tburgunder", "seo_name": "spatburgunder", "has_detailed_info": false, "wines_count": 49659}, {"id": 355, "name": "Weissburgunder", "seo_name": "weissburgunder", "has_detailed_info": false, "wines_count": 33123}]}, "wine_type_id": 2, "food": [{"id": 10, "name": "Pork", "background_image": {"location": "//images.vivino.com/backgrounds/foods/10_pork.png", "variations": {"small": "//images.vivino.com/backgrounds/foods/thumbs/10_pork_932x810.png"}}, "seo_name": "pork"}, {"id": 13, "name": "Shellfish", "background_image": {"location": "//images.vivino.com/backgrounds/foods/13_shellfish.png", "variations": {"small": "//images.vivino.com/backgrounds/foods/thumbs/13_shellfish_932x810.png"}}, "seo_name": "shellfish"}, {"id": 15, "name": "Spicy food", "background_image": {"location": "//images.vivino.com/backgrounds/foods/15_spicyfood.png", "variations": {"small": "//images.vivino.com/backgrounds/foods/thumbs/15_spicyfood_932x810.png"}}, "seo_name": "spicy-food"}, {"id": 20, "name": "Poultry", "background_image": {"location": "//images.vivino.com/backgrounds/foods/20_chicken.png", "variations": {"small": "//images.vivino.com/backgrounds/foods/thumbs/20_chicken_932x810.png"}}, "seo_name": "poultry"}, {"id": 41, "name": "Cured Meat", "background_image": {"location": "//images.vivino.com/backgrounds/foods/41_curedmeat.png", "variations": {"small": "//images.vivino.com/backgrounds/foods/thumbs/41_curedmeat_932x810.png"}}, "seo_name": null}], "grapes": [{"id": 15, "name": "Riesling", "seo_name": "riesling", "has_detailed_info": true, "wines_count": 259925}], "region": null}, "has_valid_ratings": true}, "price": {"id": 24196025, "vintage_id": 163137200, "amount": 10.7, "type": "vc", "currency": {"code": "EUR", "name": "Euros", "prefix": "\u20ac", "suffix": null}, "bottle_type_id": 1, "inventory_bottles_count": 108, "url": "https://www.wein.de/wein/vdp-gutswein-riesling-trocken-weingut-winter-dry-deutscher-qualitaetswein?utm_medium=pref-cpc&utm_source=vivino-ppc", "message": "Preis pro Flasche, Kiste mit 6", "producer_address": "Heilgebaumstr. 34, 67596 Dittelsheim, DE", "importer_address": "", "discounted_from": null, "bottle_type": {"id": 1, "name": "Flasche (0,75\u00a0l)", "short_name": "Flasche", "short_name_plural": "Flaschen", "volume_ml": 750}}, "highlights": [{"vintage_id": 163137200, "highlight_type": "price_qpr", "message": "Gutes Preis-Leistungsverh\u00e4ltnis. \u00c4hnliche Weine kosten normalerweise 40% mehr.", "icon": "https://images.vivino.com/highlights/icon/price_qpr.svg", "metadata": {"price": {"id": 24196025, "type": "vc", "amount": 10.7, "currency": {"code": "EUR", "name": "Euros", "prefix": "\u20ac", "suffix": null}, "discounted_from": null}, "wine_id": 94269, "toplist": null, "ws_award": null, "critic_review_id": null, "ratings_average": 3.9, "ratings_count": 412, "vintage_year": "2019", "rank_type": "global", "ranks": {"country": {"description": "Rang von Deutschland", "total": 604728, "rank": 11290}, "region": {"description": "Rang von Weinregion", "total": 101712, "rank": 1486}, "winery": {"description": "Rang vom Weingut", "total": 513, "rank": 31}, "global": {"description": "Weltweiter Rang", "total": 8825166, "rank": 426384}}, "style": {"id": 186, "seo_name": "german-riesling", "regional_name": "German", "varietal_name": "Riesling", "name": "Riesling Deutschland", "image": null, "background_image": {"location": "//images.vivino.com/backgrounds/styles/sUyLeO_TQuaROKfLr65xsg.jpg", "variations": {"small": "//images.vivino.com/backgrounds/styles/thumbs/sUyLeO_TQuaROKfLr65xsg_932x810.jpg"}}, "description": "Riesling is without question Germany's favorite grape. Widely planted, though once derided, Riesling is the superstar of the white wine world at the moment.\n\nThere is a lot of scope for versatility with this sweet, viscous wine, though you can expect to get hints of tropical fruit, nectarine, melon and pineapple from a solid Riesling.\n\nThe grape originated in the Rhine region of Germany, and the best of them are said to grow along the banks of the Mosel River on the beautiful steep, south facing hills.\n\nThere are six categories of Riesling which indicate the ripeness of the grapes. Kabinett is considered \u201coff-dry\u201d and is a typically ripe grape. Sp\u00e4tlese is riper and therefor sweeter, and Auslese is even riper still. Beyond on that you have Beerenauslese, Trockenbeerenauslese and Eiswein (or ice wine), all getting sweeter, more viscous and more expensive.\n\nIt's a favorite in the food and beverage industry because of its willingness to play with a wide variety of foods, particular spicy dishes. The current Asian fusion boom is thought to have had a tremendous effect on Riesling's popularity.", "blurb": null, "interesting_facts": ["Riesling is grown all over the world and thrives in cool to warm climates.", "Riesling is one of the few white wines that develops and improves with age.", "There are an unusually high number of German Riesling producers that carry the prefix \u201cDr.\u201d"], "body": 2, "body_description": "Leichter K\u00f6rper", "acidity": 3, "acidity_description": "Hoch", "country": {"code": "de", "name": "Deutschland", "native_name": "Deutschland", "seo_name": "germany", "currency": {"code": "EUR", "name": "Euros", "prefix": "\u20ac", "suffix": null}, "regions_count": 210, "users_count": 2117308, "wines_count": 197796, "wineries_count": 13493, "most_used_grapes": [{"id": 15, "name": "Riesling", "seo_name": "riesling", "has_detailed_info": true, "wines_count": 259925}, {"id": 299, "name": "Sp\u00e4tburgunder", "seo_name": "spatburgunder", "has_detailed_info": false, "wines_count": 49659}, {"id": 355, "name": "Weissburgunder", "seo_name": "weissburgunder", "has_detailed_info": false, "wines_count": 33123}]}, "wine_type_id": 2, "food": [{"id": 10, "name": "Pork", "background_image": {"location": "//images.vivino.com/backgrounds/foods/10_pork.png", "variations": {"small": "//images.vivino.com/backgrounds/foods/thumbs/10_pork_932x810.png"}}, "seo_name": "pork"}, {"id": 13, "name": "Shellfish", "background_image": {"location": "//images.vivino.com/backgrounds/foods/13_shellfish.png", "variations": {"small": "//images.vivino.com/backgrounds/foods/thumbs/13_shellfish_932x810.png"}}, "seo_name": "shellfish"}, {"id": 15, "name": "Spicy food", "background_image": {"location": "//images.vivino.com/backgrounds/foods/15_spicyfood.png", "variations": {"small": "//images.vivino.com/backgrounds/foods/thumbs/15_spicyfood_932x810.png"}}, "seo_name": "spicy-food"}, {"id": 20, "name": "Poultry", "background_image": {"location": "//images.vivino.com/backgrounds/foods/20_chicken.png", "variations": {"small": "//images.vivino.com/backgrounds/foods/thumbs/20_chicken_932x810.png"}}, "seo_name": "poultry"}, {"id": 41, "name": "Cured Meat", "background_image": {"location": "//images.vivino.com/backgrounds/foods/41_curedmeat.png", "variations": {"small": "//images.vivino.com/backgrounds/foods/thumbs/41_curedmeat_932x810.png"}}, "seo_name": null}], "grapes": [{"id": 15, "name": "Riesling", "seo_name": "riesling", "has_detailed_info": true, "wines_count": 259925}], "region": null}}}, {"vintage_id": 163137200, "highlight_type": "top_ranked", "message": "Bei den Top 5% aller Weine weltweit", "icon": "https://images.vivino.com/highlights/icon/top_ranked.svg", "metadata": {"price": {"id": 24196025, "type": "vc", "amount": 10.7, "currency": {"code": "EUR", "name": "Euros", "prefix": "\u20ac", "suffix": null}, "discounted_from": null}, "wine_id": 94269, "toplist": null, "ws_award": null, "critic_review_id": null, "ratings_average": 3.9, "ratings_count": 412, "vintage_year": "2019", "rank_type": "global", "ranks": {"country": {"description": "Rang von Deutschland", "total": 604728, "rank": 11290}, "region": {"description": "Rang von Weinregion", "total": 101712, "rank": 1486}, "winery": {"description": "Rang vom Weingut", "total": 513, "rank": 31}, "global": {"description": "Weltweiter Rang", "total": 8825166, "rank": 426384}}, "style": {"id": 186, "seo_name": "german-riesling", "regional_name": "German", "varietal_name": "Riesling", "name": "Riesling Deutschland", "image": null, "background_image": {"location": "//images.vivino.com/backgrounds/styles/sUyLeO_TQuaROKfLr65xsg.jpg", "variations": {"small": "//images.vivino.com/backgrounds/styles/thumbs/sUyLeO_TQuaROKfLr65xsg_932x810.jpg"}}, "description": "Riesling is without question Germany's favorite grape. Widely planted, though once derided, Riesling is the superstar of the white wine world at the moment.\n\nThere is a lot of scope for versatility with this sweet, viscous wine, though you can expect to get hints of tropical fruit, nectarine, melon and pineapple from a solid Riesling.\n\nThe grape originated in the Rhine region of Germany, and the best of them are said to grow along the banks of the Mosel River on the beautiful steep, south facing hills.\n\nThere are six categories of Riesling which indicate the ripeness of the grapes. Kabinett is considered \u201coff-dry\u201d and is a typically ripe grape. Sp\u00e4tlese is riper and therefor sweeter, and Auslese is even riper still. Beyond on that you have Beerenauslese, Trockenbeerenauslese and Eiswein (or ice wine), all getting sweeter, more viscous and more expensive.\n\nIt's a favorite in the food and beverage industry because of its willingness to play with a wide variety of foods, particular spicy dishes. The current Asian fusion boom is thought to have had a tremendous effect on Riesling's popularity.", "blurb": null, "interesting_facts": ["Riesling is grown all over the world and thrives in cool to warm climates.", "Riesling is one of the few white wines that develops and improves with age.", "There are an unusually high number of German Riesling producers that carry the prefix \u201cDr.\u201d"], "body": 2, "body_description": "Leichter K\u00f6rper", "acidity": 3, "acidity_description": "Hoch", "country": {"code": "de", "name": "Deutschland", "native_name": "Deutschland", "seo_name": "germany", "currency": {"code": "EUR", "name": "Euros", "prefix": "\u20ac", "suffix": null}, "regions_count": 210, "users_count": 2117308, "wines_count": 197796, "wineries_count": 13493, "most_used_grapes": [{"id": 15, "name": "Riesling", "seo_name": "riesling", "has_detailed_info": true, "wines_count": 259925}, {"id": 299, "name": "Sp\u00e4tburgunder", "seo_name": "spatburgunder", "has_detailed_info": false, "wines_count": 49659}, {"id": 355, "name": "Weissburgunder", "seo_name": "weissburgunder", "has_detailed_info": false, "wines_count": 33123}]}, "wine_type_id": 2, "food": [{"id": 10, "name": "Pork", "background_image": {"location": "//images.vivino.com/backgrounds/foods/10_pork.png", "variations": {"small": "//images.vivino.com/backgrounds/foods/thumbs/10_pork_932x810.png"}}, "seo_name": "pork"}, {"id": 13, "name": "Shellfish", "background_image": {"location": "//images.vivino.com/backgrounds/foods/13_shellfish.png", "variations": {"small": "//images.vivino.com/backgrounds/foods/thumbs/13_shellfish_932x810.png"}}, "seo_name": "shellfish"}, {"id": 15, "name": "Spicy food", "background_image": {"location": "//images.vivino.com/backgrounds/foods/15_spicyfood.png", "variations": {"small": "//images.vivino.com/backgrounds/foods/thumbs/15_spicyfood_932x810.png"}}, "seo_name": "spicy-food"}, {"id": 20, "name": "Poultry", "background_image": {"location": "//images.vivino.com/backgrounds/foods/20_chicken.png", "variations": {"small": "//images.vivino.com/backgrounds/foods/thumbs/20_chicken_932x810.png"}}, "seo_name": "poultry"}, {"id": 41, "name": "Cured Meat", "background_image": {"location": "//images.vivino.com/backgrounds/foods/41_curedmeat.png", "variations": {"small": "//images.vivino.com/backgrounds/foods/thumbs/41_curedmeat_932x810.png"}}, "seo_name": null}], "grapes": [{"id": 15, "name": "Riesling", "seo_name": "riesling", "has_detailed_info": true, "wines_count": 259925}], "region": null}}}, {"vintage_id": 163137200, "highlight_type": "oldest_available", "message": "\u00c4ltester Jahrgang", "icon": "https://images.vivino.com/highlights/icon/oldest_available.svg", "metadata": {"price": {"id": 24196025, "type": "vc", "amount": 10.7, "currency": {"code": "EUR", "name": "Euros", "prefix": "\u20ac", "suffix": null}, "discounted_from": null}, "wine_id": 94269, "toplist": null, "ws_award": null, "critic_review_id": null, "ratings_average": 3.9, "ratings_count": 412, "vintage_year": "2019", "rank_type": "global", "ranks": {"country": {"description": "Rang von Deutschland", "total": 604728, "rank": 11290}, "region": {"description": "Rang von Weinregion", "total": 101712, "rank": 1486}, "winery": {"description": "Rang vom Weingut", "total": 513, "rank": 31}, "global": {"description": "Weltweiter Rang", "total": 8825166, "rank": 426384}}, "style": {"id": 186, "seo_name": "german-riesling", "regional_name": "German", "varietal_name": "Riesling", "name": "Riesling Deutschland", "image": null, "background_image": {"location": "//images.vivino.com/backgrounds/styles/sUyLeO_TQuaROKfLr65xsg.jpg", "variations": {"small": "//images.vivino.com/backgrounds/styles/thumbs/sUyLeO_TQuaROKfLr65xsg_932x810.jpg"}}, "description": "Riesling is without question Germany's favorite grape. Widely planted, though once derided, Riesling is the superstar of the white wine world at the moment.\n\nThere is a lot of scope for versatility with this sweet, viscous wine, though you can expect to get hints of tropical fruit, nectarine, melon and pineapple from a solid Riesling.\n\nThe grape originated in the Rhine region of Germany, and the best of them are said to grow along the banks of the Mosel River on the beautiful steep, south facing hills.\n\nThere are six categories of Riesling which indicate the ripeness of the grapes. Kabinett is considered \u201coff-dry\u201d and is a typically ripe grape. Sp\u00e4tlese is riper and therefor sweeter, and Auslese is even riper still. Beyond on that you have Beerenauslese, Trockenbeerenauslese and Eiswein (or ice wine), all getting sweeter, more viscous and more expensive.\n\nIt's a favorite in the food and beverage industry because of its willingness to play with a wide variety of foods, particular spicy dishes. The current Asian fusion boom is thought to have had a tremendous effect on Riesling's popularity.", "blurb": null, "interesting_facts": ["Riesling is grown all over the world and thrives in cool to warm climates.", "Riesling is one of the few white wines that develops and improves with age.", "There are an unusually high number of German Riesling producers that carry the prefix \u201cDr.\u201d"], "body": 2, "body_description": "Leichter K\u00f6rper", "acidity": 3, "acidity_description": "Hoch", "country": {"code": "de", "name": "Deutschland", "native_name": "Deutschland", "seo_name": "germany", "currency": {"code": "EUR", "name": "Euros", "prefix": "\u20ac", "suffix": null}, "regions_count": 210, "users_count": 2117308, "wines_count": 197796, "wineries_count": 13493, "most_used_grapes": [{"id": 15, "name": "Riesling", "seo_name": "riesling", "has_detailed_info": true, "wines_count": 259925}, {"id": 299, "name": "Sp\u00e4tburgunder", "seo_name": "spatburgunder", "has_detailed_info": false, "wines_count": 49659}, {"id": 355, "name": "Weissburgunder", "seo_name": "weissburgunder", "has_detailed_info": false, "wines_count": 33123}]}, "wine_type_id": 2, "food": [{"id": 10, "name": "Pork", "background_image": {"location": "//images.vivino.com/backgrounds/foods/10_pork.png", "variations": {"small": "//images.vivino.com/backgrounds/foods/thumbs/10_pork_932x810.png"}}, "seo_name": "pork"}, {"id": 13, "name": "Shellfish", "background_image": {"location": "//images.vivino.com/backgrounds/foods/13_shellfish.png", "variations": {"small": "//images.vivino.com/backgrounds/foods/thumbs/13_shellfish_932x810.png"}}, "seo_name": "shellfish"}, {"id": 15, "name": "Spicy food", "background_image": {"location": "//images.vivino.com/backgrounds/foods/15_spicyfood.png", "variations": {"small": "//images.vivino.com/backgrounds/foods/thumbs/15_spicyfood_932x810.png"}}, "seo_name": "spicy-food"}, {"id": 20, "name": "Poultry", "background_image": {"location": "//images.vivino.com/backgrounds/foods/20_chicken.png", "variations": {"small": "//images.vivino.com/backgrounds/foods/thumbs/20_chicken_932x810.png"}}, "seo_name": "poultry"}, {"id": 41, "name": "Cured Meat", "background_image": {"location": "//images.vivino.com/backgrounds/foods/41_curedmeat.png", "variations": {"small": "//images.vivino.com/backgrounds/foods/thumbs/41_curedmeat_932x810.png"}}, "seo_name": null}], "grapes": [{"id": 15, "name": "Riesling", "seo_name": "riesling", "has_detailed_info": true, "wines_count": 259925}], "region": null}}}], "merchant": {"id": 19195, "name": "Wein.de", "seo_name": "wein-de", "legal_name": "DLG-Verlag Gmbh", "description": "Versandkostenfrei f\u00fcr Bestellungen ab 80 EUR", "country": {"code": "de", "name": "Deutschland", "native_name": "Deutschland", "seo_name": "germany", "currency": {"code": "EUR", "name": "Euros", "prefix": "\u20ac", "suffix": null}, "regions_count": 210, "users_count": 2117308, "wines_count": 197796, "wineries_count": 13493, "most_used_grapes": [{"id": 15, "name": "Riesling", "seo_name": "riesling", "has_detailed_info": true, "wines_count": 259925}, {"id": 299, "name": "Sp\u00e4tburgunder", "seo_name": "spatburgunder", "has_detailed_info": false, "wines_count": 49659}, {"id": 355, "name": "Weissburgunder", "seo_name": "weissburgunder", "has_detailed_info": false, "wines_count": 33123}]}, "state": null, "status": 3, "image": {"location": "//images.vivino.com/merchants/originals/p1cl34tp0000inr.jpg", "variations": {"large_square": "//images.vivino.com/merchants/thumbs/p1cl34tp0000inr_400x400.jpg", "medium_square": "//images.vivino.com/merchants/thumbs/p1cl34tp0000inr_320x320.jpg", "small_square": "//images.vivino.com/merchants/thumbs/p1cl34tp0000inr_160x160.jpg"}}, "shipping_estimate": "Lieferung voraussichtlich zwischen Di, 21.\u00a0Dez und Di, 28.\u00a0Dez", "impressum_url": "https://www.wein.de/de/impressum/", "tos_url": "https://www.wein.de/de/allgemeine-geschaeftsbedingungen/", "vc_clearing_system": 0, "hidden": false}, "sold_out": false, "prices_and_availability": {"market": {"country": "de", "currency": {"code": "EUR", "name": "Euros", "prefix": "\u20ac", "suffix": null}}, "availability": {"vintage": {"id": 163137200, "year": 2019, "grapes": null, "has_valid_ratings": false}, "median": {"amount": 10.7, "type": "market", "discounted_from": null}, "price": {"id": 24196025, "amount": 10.7, "discounted_from": 0.0, "type": "vc"}}, "merchants_with_prices": [{"merchant": {"id": 19195, "name": "Wein.de", "seo_name": "wein-de", "legal_name": "DLG-Verlag Gmbh", "description": "Versandkostenfrei f\u00fcr Bestellungen ab 80 EUR", "country": {"code": "de", "name": "Deutschland", "native_name": "Deutschland", "seo_name": "germany", "currency": {"code": "EUR", "name": "Euros", "prefix": "\u20ac", "suffix": null}, "regions_count": 210, "users_count": 2117308, "wines_count": 197796, "wineries_count": 13493, "most_used_grapes": [{"id": 15, "name": "Riesling", "seo_name": "riesling", "has_detailed_info": true, "wines_count": 259925}, {"id": 299, "name": "Sp\u00e4tburgunder", "seo_name": "spatburgunder", "has_detailed_info": false, "wines_count": 49659}, {"id": 355, "name": "Weissburgunder", "seo_name": "weissburgunder", "has_detailed_info": false, "wines_count": 33123}]}, "state": null, "status": 3, "image": {"location": "//images.vivino.com/merchants/originals/p1cl34tp0000inr.jpg", "variations": {"large_square": "//images.vivino.com/merchants/thumbs/p1cl34tp0000inr_400x400.jpg", "medium_square": "//images.vivino.com/merchants/thumbs/p1cl34tp0000inr_320x320.jpg", "small_square": "//images.vivino.com/merchants/thumbs/p1cl34tp0000inr_160x160.jpg"}}, "shipping_estimate": "Lieferung voraussichtlich zwischen Di, 21.\u00a0Dez und Di, 28.\u00a0Dez", "impressum_url": "https://www.wein.de/de/impressum/", "tos_url": "https://www.wein.de/de/allgemeine-geschaeftsbedingungen/", "vc_clearing_system": 0, "hidden": false}, "prices": [{"id": 24196025, "vintage_id": 163137200, "amount": 10.7, "type": "vc", "currency": {"code": "EUR", "name": "Euros", "prefix": "\u20ac", "suffix": null}, "bottle_type_id": 1, "inventory_bottles_count": 108, "url": "https://www.wein.de/wein/vdp-gutswein-riesling-trocken-weingut-winter-dry-deutscher-qualitaetswein?utm_medium=pref-cpc&utm_source=vivino-ppc", "message": "Preis pro Flasche, Kiste mit 6", "producer_address": "Heilgebaumstr. 34, 67596 Dittelsheim, DE", "importer_address": "", "discounted_from": null, "bottle_type": {"id": 1, "name": "Flasche (0,75\u00a0l)", "short_name": "Flasche", "short_name_plural": "Flaschen", "volume_ml": 750}}]}]}, "found_by_merchant_and_sku": null, "is_deal_page": false}