{"tastes": {"structure": {"acidity": 3.496594, "fizziness": null, "intensity": 3.7833087, "sweetness": 1.4957664, "tannin": 3.2754502, "user_structure_count": 30, "calculated_structure_count": 24}, "flavor": [{"group": "black_fruit", "stats": {"count": 10, "score": 1100, "mentions_count": 11}, "primary_keywords": [{"id": 49, "name": "blackberry", "count": 2}, {"id": 57, "name": "bramble", "count": 2}, {"id": 135, "name": "dark fruit", "count": 2}, {"id": 52, "name": "blackcurrant", "count": 1}, {"id": 55, "name": "blueberry", "count": 1}, {"id": 56, "name": "boysenberry", "count": 1}, {"id": 39, "name": "black fruit", "count": 1}, {"id": 334, "name": "plum", "count": 1}]}, {"group": "red_fruit", "stats": {"count": 8, "score": 1100, "mentions_count": 11}, "primary_keywords": [{"id": 348, "name": "raspberry", "count": 5}, {"id": 93, "name": "cherry", "count": 3}, {"id": 354, "name": "red fruit", "count": 1}, {"id": 400, "name": "strawberry", "count": 1}, {"id": 352, "name": "red cherry", "count": 1}]}, {"group": "spices", "stats": {"count": 8, "score": 631, "mentions_count": 7}, "primary_keywords": [{"id": 373, "name": "rosemary", "count": 3}, {"id": 249, "name": "licorice", "count": 2}, {"id": 381, "name": "savory", "count": 1}, {"id": 416, "name": "thyme", "count": 1}], "secondary_keywords": [{"id": 434, "name": "vanilla", "count": 1}]}, {"group": "oak", "stats": {"count": 4, "score": 410, "mentions_count": 4}, "primary_keywords": [{"id": 292, "name": "oak", "count": 2}, {"id": 134, "name": "dark chocolate", "count": 1}, {"id": 434, "name": "vanilla", "count": 1}], "secondary_keywords": [{"id": 168, "name": "fresh bread", "count": 1}]}, {"group": "floral", "stats": {"count": 4, "score": 325, "mentions_count": 3}, "primary_keywords": [{"id": 436, "name": "violet", "count": 3}], "secondary_keywords": [{"id": 381, "name": "savory", "count": 1}]}, {"group": "microbio", "stats": {"count": 2, "score": 150, "mentions_count": 2}, "primary_keywords": [{"id": 91, "name": "cheese", "count": 1}, {"id": 168, "name": "fresh bread", "count": 1}]}, {"group": "earth", "stats": {"count": 3, "score": 150, "mentions_count": 1}, "primary_keywords": [{"id": 178, "name": "game", "count": 1}], "secondary_keywords": [{"id": 134, "name": "dark chocolate", "count": 1}, {"id": 381, "name": "savory", "count": 1}]}, {"group": "vegetal", "stats": {"count": 1, "score": 25, "mentions_count": 0}, "secondary_keywords": [{"id": 381, "name": "savory", "count": 1}]}, {"group": "non_oak", "stats": {"count": 1, "score": 9, "mentions_count": 0}, "secondary_keywords": [{"id": 434, "name": "vanilla", "count": 1}]}]}, "vivino_id": "1974717"}