{"vintage": {"id": 5023808, "seo_name": "guinand-domaine-sainte-sophie-saint-christol-rouge-uv", "name": "Domaine Guinand Domaine Sainte Sophie Saint-Christol Rouge", "statistics": {"status": "Normal", "ratings_count": 1071, "ratings_average": 3.6, "labels_count": 608, "reviews_count": 28}, "organic_certification_id": null, "certified_biodynamic": null, "image": {"location": "//images.vivino.com/labels/qnm-4fBPRJa0DVk8loKn2g.jpg", "variations": {"large": "//images.vivino.com/thumbs/qnm-4fBPRJa0DVk8loKn2g_375x500.jpg", "medium": "//images.vivino.com/thumbs/qnm-4fBPRJa0DVk8loKn2g_150x200.jpg", "medium_square": "//images.vivino.com/thumbs/qnm-4fBPRJa0DVk8loKn2g_150x150.jpg", "small_square": "//images.vivino.com/thumbs/qnm-4fBPRJa0DVk8loKn2g_80x80.jpg"}}, "wine": {"id": 1974717, "name": "Domaine Sainte Sophie Saint-Christol Rouge", "seo_name": "domaine-sainte-sophie-saint-christol-rouge", "type_id": 1, "vintage_type": 0, "is_natural": false, "region": {"id": 4295, "name": "Saint-Christol", "name_en": "Languedoc Saint-Christol", "seo_name": "saint-christol", "country": {"code": "fr", "name": "France", "native_name": "France", "seo_name": "france", "currency": {"code": "EUR", "name": "Euros", "prefix": "\u20ac", "suffix": null}, "regions_count": 1292, "users_count": 5068363, "wines_count": 542471, "wineries_count": 67002, "most_used_grapes": [{"id": 14, "name": "Pinot Noir", "seo_name": "pinot-noir", "has_detailed_info": true, "wines_count": 572334}, {"id": 10, "name": "Merlot", "seo_name": "merlot", "has_detailed_info": true, "wines_count": 566719}, {"id": 5, "name": "Chardonnay", "seo_name": "chardonnay", "has_detailed_info": true, "wines_count": 604208}]}, "parent_id": 833, "background_image": null, "class": {"typecast_map": {"background_image": {}, "class": {}}}, "statistics": {"wineries_count": 4, "wines_count": 42, "sub_regions_count": 0, "parent_regions_count": 2}}, "review_status": 2, "winery": {"id": 17762, "name": "Domaine Guinand", "seo_name": "guinand", "status": 0, "review_status": "Completed", "background_image": null, "statistics": {"ratings_count": 3322, "ratings_average": 3.6, "labels_count": 27237, "wines_count": 25}, "region": {"id": 536, "name": "Languedoc-Roussillon", "name_en": "", "seo_name": "languedoc-roussillon", "country": {"code": "fr", "name": "France", "native_name": "France", "seo_name": "france", "currency": {"code": "EUR", "name": "Euros", "prefix": "\u20ac", "suffix": null}, "regions_count": 1292, "users_count": 5068363, "wines_count": 542471, "wineries_count": 67002, "most_used_grapes": [{"id": 14, "name": "Pinot Noir", "seo_name": "pinot-noir", "has_detailed_info": true, "wines_count": 572334}, {"id": 10, "name": "Merlot", "seo_name": "merlot", "has_detailed_info": true, "wines_count": 566719}, {"id": 5, "name": "Chardonnay", "seo_name": "chardonnay", "has_detailed_info": true, "wines_count": 604208}]}, "parent_id": null, "background_image": {"location": "//images.vivino.com/regions/backgrounds/-iw2xwauQ7GnxGGUkTGolw.jpg", "variations": {"large": "//thumbs.vivino.com/region_backgrounds/-iw2xwauQ7GnxGGUkTGolw_1280x760.jpg", "medium": "//thumbs.vivino.com/region_backgrounds/-iw2xwauQ7GnxGGUkTGolw_600x356.jpg"}}, "statistics": {"wineries_count": 6540, "wines_count": 27780, "sub_regions_count": 21, "parent_regions_count": 0}}, "business_name": "Domaine Guinand", "description": "", "specialists_notes": "", "phone": "33 04 67 86 85 55", "email": "contact@domaineguinand.com", "facebook": "https://www.facebook.com/domaine-guinand-181878175573915/", "instagram": "", "is_claimed": false, "twitter": "@DomaineLaroche", "website": "http://www.domaineguinand.com", "winemaker": null, "wine_maker": null, "address": {"title": null, "name": null, "street": "36 Rue De L Epargne", "street2": null, "neighborhood": null, "city": "Saint-Christol", "zip": "34400", "state": null, "country": {"code": "fr", "name": "France", "native_name": "France", "seo_name": "france", "currency": {"code": "EUR", "name": "Euros", "prefix": "\u20ac", "suffix": null}, "regions_count": 1292, "users_count": 5068363, "wines_count": 542471, "wineries_count": 67002, "most_used_grapes": [{"id": 14, "name": "Pinot Noir", "seo_name": "pinot-noir", "has_detailed_info": true, "wines_count": 572334}, {"id": 10, "name": "Merlot", "seo_name": "merlot", "has_detailed_info": true, "wines_count": 566719}, {"id": 5, "name": "Chardonnay", "seo_name": "chardonnay", "has_detailed_info": true, "wines_count": 604208}]}, "company": null, "phone": null, "external_id": null, "residential": null, "vat_number": null, "vat_code": null, "addition": null}, "image": null, "location": {"latitude": 43.727066, "longitude": 4.078616}, "winery_group": null, "first_wines": [], "sponsored_entity_type": null, "sponsored_entity": null}, "statistics": {"status": "Normal", "ratings_count": 1071, "ratings_average": 3.6, "labels_count": 9677, "vintages_count": 29}, "rank": {"country": {"description": "Rank within France", "total": 317721, "rank": 34249}, "region": {"description": "Rank within Wine Region", "total": 40863, "rank": 3257}, "winery": {"description": "Rank within Winery", "total": 22, "rank": 4}, "wine_type": {"description": "Rank within all Red Wine", "total": 659133, "rank": 76666}, "global": {"description": "Global Rank", "total": 1302069, "rank": 126122}}, "hidden": false, "vintages": [{"id": 163727552, "seo_name": "guinand-domaine-sainte-sophie-saint-christol-rouge-2020", "name": "Domaine Guinand Domaine Sainte Sophie Saint-Christol Rouge 2020", "statistics": {"status": "Normal", "ratings_count": 48, "ratings_average": 3.8, "labels_count": 390, "reviews_count": 14}, "year": 2020, "grapes": null, "has_valid_ratings": true}, {"id": 159926740, "seo_name": "guinand-domaine-sainte-sophie-saint-christol-rouge-2019", "name": "Domaine Guinand Domaine Sainte Sophie Saint-Christol Rouge 2019", "statistics": {"status": "Normal", "ratings_count": 108, "ratings_average": 3.8, "labels_count": 828, "reviews_count": 42}, "year": 2019, "grapes": null, "has_valid_ratings": true}, {"id": 159368169, "seo_name": "guinand-domaine-sainte-sophie-saint-christol-rouge-2018", "name": "Domaine Guinand Domaine Sainte Sophie Saint-Christol Rouge 2018", "statistics": {"status": "Normal", "ratings_count": 141, "ratings_average": 3.7, "labels_count": 1595, "reviews_count": 51}, "year": 2018, "grapes": null, "has_valid_ratings": true}, {"id": 157708888, "seo_name": "guinand-domaine-sainte-sophie-saint-christol-rouge-2017", "name": "Domaine Guinand Domaine Sainte Sophie Saint-Christol Rouge 2017", "statistics": {"status": "Normal", "ratings_count": 96, "ratings_average": 3.6, "labels_count": 1026, "reviews_count": 35}, "year": 2017, "grapes": null, "has_valid_ratings": true}, {"id": 147595302, "seo_name": "guinand-domaine-sainte-sophie-saint-christol-rouge-2016", "name": "Domaine Guinand Domaine Sainte Sophie Saint-Christol Rouge 2016", "statistics": {"status": "Normal", "ratings_count": 125, "ratings_average": 3.5, "labels_count": 1337, "reviews_count": 41}, "year": 2016, "grapes": null, "has_valid_ratings": true}, {"id": 145101434, "seo_name": "guinand-domaine-sainte-sophie-saint-christol-rouge-2015", "name": "Domaine Guinand Domaine Sainte Sophie Saint-Christol Rouge 2015", "statistics": {"status": "Normal", "ratings_count": 130, "ratings_average": 3.6, "labels_count": 1116, "reviews_count": 60}, "year": 2015, "grapes": null, "has_valid_ratings": true}, {"id": 28360142, "seo_name": "guinand-domaine-sainte-sophie-saint-christol-rouge-2014", "name": "Domaine Guinand Domaine Sainte Sophie Saint-Christol Rouge 2014", "statistics": {"status": "Normal", "ratings_count": 119, "ratings_average": 3.7, "labels_count": 868, "reviews_count": 42}, "year": 2014, "grapes": null, "has_valid_ratings": true}, {"id": 3837129, "seo_name": "guinand-domaine-sainte-sophie-saint-christol-rouge-2013", "name": "Domaine Guinand Domaine Sainte Sophie Saint-Christol Rouge 2013", "statistics": {"status": "Normal", "ratings_count": 76, "ratings_average": 3.4, "labels_count": 640, "reviews_count": 26}, "year": 2013, "grapes": null, "has_valid_ratings": true}, {"id": 3578118, "seo_name": "guinand-domaine-sainte-sophie-saint-christol-rouge-2012", "name": "Domaine Guinand Domaine Sainte Sophie Saint-Christol Rouge 2012", "statistics": {"status": "Normal", "ratings_count": 62, "ratings_average": 3.4, "labels_count": 399, "reviews_count": 20}, "year": 2012, "grapes": null, "has_valid_ratings": true}, {"id": 3535676, "seo_name": "guinand-domaine-sainte-sophie-saint-christol-rouge-2011", "name": "Domaine Guinand Domaine Sainte Sophie Saint-Christol Rouge 2011", "statistics": {"status": "Normal", "ratings_count": 32, "ratings_average": 3.7, "labels_count": 210, "reviews_count": 8}, "year": 2011, "grapes": null, "has_valid_ratings": true}, {"id": 3578660, "seo_name": "guinand-domaine-sainte-sophie-saint-christol-rouge-2010", "name": "Domaine Guinand Domaine Sainte Sophie Saint-Christol Rouge 2010", "statistics": {"status": "Normal", "ratings_count": 17, "ratings_average": 3.5, "labels_count": 123, "reviews_count": 4}, "year": 2010, "grapes": null, "has_valid_ratings": true}, {"id": 13430448, "seo_name": "guinand-domaine-sainte-sophie-saint-christol-rouge-2009", "name": "Domaine Guinand Domaine Sainte Sophie Saint-Christol Rouge 2009", "statistics": {"status": "BelowThreshold", "ratings_count": 7, "ratings_average": 0, "labels_count": 74, "reviews_count": 3}, "year": 2009, "grapes": null, "has_valid_ratings": false}, {"id": 15280864, "seo_name": "guinand-domaine-sainte-sophie-saint-christol-rouge-2008", "name": "Domaine Guinand Domaine Sainte Sophie Saint-Christol Rouge 2008", "statistics": {"status": "BelowThreshold", "ratings_count": 6, "ratings_average": 0, "labels_count": 41, "reviews_count": 4}, "year": 2008, "grapes": null, "has_valid_ratings": false}, {"id": 14639386, "seo_name": "guinand-domaine-sainte-sophie-saint-christol-rouge-2007", "name": "Domaine Guinand Domaine Sainte Sophie Saint-Christol Rouge 2007", "statistics": {"status": "BelowThreshold", "ratings_count": 4, "ratings_average": 0, "labels_count": 22, "reviews_count": 0}, "year": 2007, "grapes": null, "has_valid_ratings": false}, {"id": 141439487, "seo_name": "guinand-domaine-sainte-sophie-saint-christol-rouge-2005", "name": "Domaine Guinand Domaine Sainte Sophie Saint-Christol Rouge 2005", "statistics": {"status": "BelowThreshold", "ratings_count": 1, "ratings_average": 0, "labels_count": 11, "reviews_count": 0}, "year": 2005, "grapes": null, "has_valid_ratings": false}, {"id": 65844896, "seo_name": "guinand-domaine-sainte-sophie-saint-christol-rouge-2004", "name": "Domaine Guinand Domaine Sainte Sophie Saint-Christol Rouge 2004", "statistics": {"status": "BelowThreshold", "ratings_count": 1, "ratings_average": 0, "labels_count": 12, "reviews_count": 1}, "year": 2004, "grapes": null, "has_valid_ratings": false}, {"id": 10178302, "seo_name": "guinand-domaine-sainte-sophie-saint-christol-rouge-2003", "name": "Domaine Guinand Domaine Sainte Sophie Saint-Christol Rouge 2003", "statistics": {"status": "BelowThreshold", "ratings_count": 2, "ratings_average": 0, "labels_count": 10, "reviews_count": 0}, "year": 2003, "grapes": null, "has_valid_ratings": false}, {"id": 4003489, "seo_name": "guinand-domaine-sainte-sophie-saint-christol-rouge-2002", "name": "Domaine Guinand Domaine Sainte Sophie Saint-Christol Rouge 2002", "statistics": {"status": "BelowThreshold", "ratings_count": 1, "ratings_average": 0, "labels_count": 20, "reviews_count": 0}, "year": 2002, "grapes": null, "has_valid_ratings": false}, {"id": 14624853, "seo_name": "guinand-domaine-sainte-sophie-saint-christol-rouge-2001", "name": "Domaine Guinand Domaine Sainte Sophie Saint-Christol Rouge 2001", "statistics": {"status": "BelowThreshold", "ratings_count": 1, "ratings_average": 0, "labels_count": 6, "reviews_count": 1}, "year": 2001, "grapes": null, "has_valid_ratings": false}, {"id": 154245727, "seo_name": "guinand-domaine-sainte-sophie-saint-christol-rouge-1999", "name": "Domaine Guinand Domaine Sainte Sophie Saint-Christol Rouge 1999", "statistics": {"status": "BelowThreshold", "ratings_count": 1, "ratings_average": 0, "labels_count": 6, "reviews_count": 0}, "year": 1999, "grapes": null, "has_valid_ratings": false}, {"id": 155414648, "seo_name": "guinand-domaine-sainte-sophie-saint-christol-rouge-1998", "name": "Domaine Guinand Domaine Sainte Sophie Saint-Christol Rouge 1998", "statistics": {"status": "BelowThreshold", "ratings_count": 1, "ratings_average": 0, "labels_count": 7, "reviews_count": 1}, "year": 1998, "grapes": null, "has_valid_ratings": false}, {"id": 5023808, "seo_name": "guinand-domaine-sainte-sophie-saint-christol-rouge-uv", "name": "Domaine Guinand Domaine Sainte Sophie Saint-Christol Rouge", "statistics": {"status": "Normal", "ratings_count": 1071, "ratings_average": 3.6, "labels_count": 608, "reviews_count": 28}, "year": 0, "grapes": null, "has_valid_ratings": true}], "description": "", "grapes": [{"id": 22, "name": "Mourvedre", "seo_name": "mourvedre", "has_detailed_info": true, "wines_count": 101132}, {"id": 41, "name": "Carignan", "seo_name": "carignane", "has_detailed_info": true, "wines_count": 59630}, {"id": 1, "name": "Shiraz/Syrah", "seo_name": "shiraz-syrah", "has_detailed_info": true, "wines_count": 551112}, {"id": 8, "name": "Grenache", "seo_name": "grenache-noir", "has_detailed_info": true, "wines_count": 240002}], "foods": [{"id": 4, "name": "Beef", "background_image": {"location": "//images.vivino.com/backgrounds/foods/4_beef.png", "variations": {"small": "//images.vivino.com/backgrounds/foods/thumbs/4_beef_932x810.png"}}, "seo_name": "beef"}, {"id": 5, "name": "Pasta", "background_image": {"location": "//images.vivino.com/backgrounds/foods/5_pasta.png", "variations": {"small": "//images.vivino.com/backgrounds/foods/thumbs/5_pasta_932x810.png"}}, "seo_name": null}, {"id": 9, "name": "Veal", "background_image": {"location": "//images.vivino.com/backgrounds/foods/9_veal.png", "variations": {"small": "//images.vivino.com/backgrounds/foods/thumbs/9_veal_932x810.png"}}, "seo_name": "veal"}], "non_vintage": false, "alcohol": 0, "sweetness_id": null, "closure": null, "vintage_mask_raw": null, "updated_at": "2018-11-23T07:52:51Z", "created_at": "2013-11-15T13:30:31Z", "is_first_wine": false, "style": {"id": 94, "seo_name": "languedoc-roussillon-red", "regional_name": "Languedoc-Roussillon", "varietal_name": "Red", "name": "Languedoc-Roussillon Red", "image": null, "background_image": {"location": "//images.vivino.com/backgrounds/styles/Xfpg1e4BQH2hG2-ZTfdmvQ.jpg", "variations": {"small": "//images.vivino.com/backgrounds/styles/thumbs/Xfpg1e4BQH2hG2-ZTfdmvQ_932x810.jpg"}}, "description": "Wine from the Languedoc-Roussillon region is produced in the South of France, ranging from the Mediterranean coast to Provence. Cabernet, Merlot, Mourvedre, Grenache, and Syrah are some of the most important red grapes in the region.\n\nMost wine producers in this region produce blends, as opposed to single varietal wines. There are some outstanding values to be found in wines from this region. Many red blends from this area retail for well under $20!\n\nLanguedoc-Roussillon is the biggest wine producing region in the world, responsible for over 1/3 of France's wine production.\n\nAlthough the region has been known to produce cheap table wine in the past, many vineyards and cooperatives are replacing lesser quality vines with higher quality wine varieties and production methods. The quality has been steadily improving since the 1970s when the region was best known for churning out cheap jug wine.\n\nThe two regions of Languedoc-Roussillon produce distinct styles of red wine, although they are lumped together.The Languedoc is known for fruit-forward and full-bodied wines that can also be quite complex. Roussillon produces riper and juicier blends, as well as late-harvest and fortified wines.", "blurb": null, "interesting_facts": ["As recently as 2001 the region produced more wine than the entire United States.", "During the World Wars, the French army received its daily wine rations from this region.", "The region is one of the oldest wine producing regions in France, said to date back to at least 6000 BC.", "During the 14th century, wines from the area were prescribed by doctors and hospitals to help various ailments."], "body": 4, "body_description": "Full-bodied", "acidity": 3, "acidity_description": "High", "country": {"code": "fr", "name": "France", "native_name": "France", "seo_name": "france", "currency": {"code": "EUR", "name": "Euros", "prefix": "\u20ac", "suffix": null}, "regions_count": 1292, "users_count": 5068363, "wines_count": 542471, "wineries_count": 67002, "most_used_grapes": [{"id": 14, "name": "Pinot Noir", "seo_name": "pinot-noir", "has_detailed_info": true, "wines_count": 572334}, {"id": 10, "name": "Merlot", "seo_name": "merlot", "has_detailed_info": true, "wines_count": 566719}, {"id": 5, "name": "Chardonnay", "seo_name": "chardonnay", "has_detailed_info": true, "wines_count": 604208}]}, "wine_type_id": 1, "food": [{"id": 4, "name": "Beef", "background_image": {"location": "//images.vivino.com/backgrounds/foods/4_beef.png", "variations": {"small": "//images.vivino.com/backgrounds/foods/thumbs/4_beef_932x810.png"}}, "seo_name": "beef"}, {"id": 5, "name": "Pasta", "background_image": {"location": "//images.vivino.com/backgrounds/foods/5_pasta.png", "variations": {"small": "//images.vivino.com/backgrounds/foods/thumbs/5_pasta_932x810.png"}}, "seo_name": null}, {"id": 9, "name": "Veal", "background_image": {"location": "//images.vivino.com/backgrounds/foods/9_veal.png", "variations": {"small": "//images.vivino.com/backgrounds/foods/thumbs/9_veal_932x810.png"}}, "seo_name": "veal"}], "grapes": [{"id": 1, "name": "Shiraz/Syrah", "seo_name": "shiraz-syrah", "has_detailed_info": true, "wines_count": 551112}, {"id": 8, "name": "Grenache", "seo_name": "grenache-noir", "has_detailed_info": true, "wines_count": 240002}, {"id": 22, "name": "Mourvedre", "seo_name": "mourvedre", "has_detailed_info": true, "wines_count": 101132}], "region": {"id": 536, "name": "Languedoc-Roussillon", "name_en": "", "seo_name": "languedoc-roussillon", "country": {"code": "fr", "name": "France", "native_name": "France", "seo_name": "france", "currency": {"code": "EUR", "name": "Euros", "prefix": "\u20ac", "suffix": null}, "regions_count": 1292, "users_count": 5068363, "wines_count": 542471, "wineries_count": 67002, "most_used_grapes": [{"id": 14, "name": "Pinot Noir", "seo_name": "pinot-noir", "has_detailed_info": true, "wines_count": 572334}, {"id": 10, "name": "Merlot", "seo_name": "merlot", "has_detailed_info": true, "wines_count": 566719}, {"id": 5, "name": "Chardonnay", "seo_name": "chardonnay", "has_detailed_info": true, "wines_count": 604208}]}, "parent_id": null, "background_image": {"location": "//images.vivino.com/regions/backgrounds/-iw2xwauQ7GnxGGUkTGolw.jpg", "variations": {"large": "//thumbs.vivino.com/region_backgrounds/-iw2xwauQ7GnxGGUkTGolw_1280x760.jpg", "medium": "//thumbs.vivino.com/region_backgrounds/-iw2xwauQ7GnxGGUkTGolw_600x356.jpg"}}, "statistics": {"wineries_count": 6529, "wines_count": 27892, "sub_regions_count": 21, "parent_regions_count": 0}}}, "has_valid_ratings": true}, "description": "", "wine_critic_reviews": [], "awards": [], "ratings_distribution": {"1": 20, "2": 57, "3": 460, "4": 461, "5": 73}, "ranking": {"country": {"description": "Rank within France", "total": 2497606, "rank": 320430}, "region": {"description": "Rank within Wine Region", "total": 276716, "rank": 27058}, "winery": {"description": "Rank within Winery", "total": 201, "rank": 19}, "global": {"description": "Global Rank", "total": 8944679, "rank": 1152896}}, "wine_facts": {}, "winemaker": null, "wine_maker": null, "grape_composition": {}, "year": "", "grapes": null, "has_valid_ratings": true}, "carts": null, "full_region": null, "tastes": null, "wine": {"id": 1974717, "name": "Domaine Sainte Sophie Saint-Christol Rouge", "seo_name": "domaine-sainte-sophie-saint-christol-rouge", "type_id": 1, "vintage_type": 0, "is_natural": false, "region": {"id": 4295, "name": "Saint-Christol", "name_en": "Languedoc Saint-Christol", "seo_name": "saint-christol", "country": {"code": "fr", "name": "France", "native_name": "France", "seo_name": "france", "currency": {"code": "EUR", "name": "Euros", "prefix": "\u20ac", "suffix": null}, "regions_count": 1292, "users_count": 5068363, "wines_count": 542471, "wineries_count": 67002, "most_used_grapes": [{"id": 14, "name": "Pinot Noir", "seo_name": "pinot-noir", "has_detailed_info": true, "wines_count": 572334}, {"id": 10, "name": "Merlot", "seo_name": "merlot", "has_detailed_info": true, "wines_count": 566719}, {"id": 5, "name": "Chardonnay", "seo_name": "chardonnay", "has_detailed_info": true, "wines_count": 604208}]}, "parent_id": 833, "background_image": null, "class": {"typecast_map": {"background_image": {}, "class": {}}}, "statistics": {"wineries_count": 4, "wines_count": 42, "sub_regions_count": 0, "parent_regions_count": 2}}, "review_status": 2, "winery": {"id": 17762, "name": "Domaine Guinand", "seo_name": "guinand", "status": 0, "review_status": "Completed", "background_image": null, "statistics": {"ratings_count": 3322, "ratings_average": 3.6, "labels_count": 27237, "wines_count": 25}, "region": {"id": 536, "name": "Languedoc-Roussillon", "name_en": "", "seo_name": "languedoc-roussillon", "country": {"code": "fr", "name": "France", "native_name": "France", "seo_name": "france", "currency": {"code": "EUR", "name": "Euros", "prefix": "\u20ac", "suffix": null}, "regions_count": 1292, "users_count": 5068363, "wines_count": 542471, "wineries_count": 67002, "most_used_grapes": [{"id": 14, "name": "Pinot Noir", "seo_name": "pinot-noir", "has_detailed_info": true, "wines_count": 572334}, {"id": 10, "name": "Merlot", "seo_name": "merlot", "has_detailed_info": true, "wines_count": 566719}, {"id": 5, "name": "Chardonnay", "seo_name": "chardonnay", "has_detailed_info": true, "wines_count": 604208}]}, "parent_id": null, "background_image": {"location": "//images.vivino.com/regions/backgrounds/-iw2xwauQ7GnxGGUkTGolw.jpg", "variations": {"large": "//thumbs.vivino.com/region_backgrounds/-iw2xwauQ7GnxGGUkTGolw_1280x760.jpg", "medium": "//thumbs.vivino.com/region_backgrounds/-iw2xwauQ7GnxGGUkTGolw_600x356.jpg"}}, "statistics": {"wineries_count": 6540, "wines_count": 27780, "sub_regions_count": 21, "parent_regions_count": 0}}}, "image": {"location": "//images.vivino.com/labels/qnm-4fBPRJa0DVk8loKn2g.jpg", "variations": {"large": "//images.vivino.com/thumbs/qnm-4fBPRJa0DVk8loKn2g_375x500.jpg", "medium": "//images.vivino.com/thumbs/qnm-4fBPRJa0DVk8loKn2g_150x200.jpg", "medium_square": "//images.vivino.com/thumbs/qnm-4fBPRJa0DVk8loKn2g_150x150.jpg", "small_square": "//images.vivino.com/thumbs/qnm-4fBPRJa0DVk8loKn2g_80x80.jpg"}}, "statistics": {"status": "Normal", "ratings_count": 1071, "ratings_average": 3.6, "labels_count": 9677, "vintages_count": 29}, "rank": null, "hidden": false, "vintages": [{"id": 163727552, "seo_name": "guinand-domaine-sainte-sophie-saint-christol-rouge-2020", "name": "Domaine Guinand Domaine Sainte Sophie Saint-Christol Rouge 2020", "statistics": {"status": "Normal", "ratings_count": 48, "ratings_average": 3.8, "labels_count": 390, "reviews_count": 14}, "year": 2020, "grapes": null, "has_valid_ratings": true}, {"id": 159926740, "seo_name": "guinand-domaine-sainte-sophie-saint-christol-rouge-2019", "name": "Domaine Guinand Domaine Sainte Sophie Saint-Christol Rouge 2019", "statistics": {"status": "Normal", "ratings_count": 108, "ratings_average": 3.8, "labels_count": 828, "reviews_count": 42}, "year": 2019, "grapes": null, "has_valid_ratings": true}, {"id": 159368169, "seo_name": "guinand-domaine-sainte-sophie-saint-christol-rouge-2018", "name": "Domaine Guinand Domaine Sainte Sophie Saint-Christol Rouge 2018", "statistics": {"status": "Normal", "ratings_count": 141, "ratings_average": 3.7, "labels_count": 1595, "reviews_count": 51}, "year": 2018, "grapes": null, "has_valid_ratings": true}, {"id": 157708888, "seo_name": "guinand-domaine-sainte-sophie-saint-christol-rouge-2017", "name": "Domaine Guinand Domaine Sainte Sophie Saint-Christol Rouge 2017", "statistics": {"status": "Normal", "ratings_count": 96, "ratings_average": 3.6, "labels_count": 1026, "reviews_count": 35}, "year": 2017, "grapes": null, "has_valid_ratings": true}, {"id": 147595302, "seo_name": "guinand-domaine-sainte-sophie-saint-christol-rouge-2016", "name": "Domaine Guinand Domaine Sainte Sophie Saint-Christol Rouge 2016", "statistics": {"status": "Normal", "ratings_count": 125, "ratings_average": 3.5, "labels_count": 1337, "reviews_count": 41}, "year": 2016, "grapes": null, "has_valid_ratings": true}, {"id": 145101434, "seo_name": "guinand-domaine-sainte-sophie-saint-christol-rouge-2015", "name": "Domaine Guinand Domaine Sainte Sophie Saint-Christol Rouge 2015", "statistics": {"status": "Normal", "ratings_count": 130, "ratings_average": 3.6, "labels_count": 1116, "reviews_count": 60}, "year": 2015, "grapes": null, "has_valid_ratings": true}, {"id": 28360142, "seo_name": "guinand-domaine-sainte-sophie-saint-christol-rouge-2014", "name": "Domaine Guinand Domaine Sainte Sophie Saint-Christol Rouge 2014", "statistics": {"status": "Normal", "ratings_count": 119, "ratings_average": 3.7, "labels_count": 868, "reviews_count": 42}, "year": 2014, "grapes": null, "has_valid_ratings": true}, {"id": 3837129, "seo_name": "guinand-domaine-sainte-sophie-saint-christol-rouge-2013", "name": "Domaine Guinand Domaine Sainte Sophie Saint-Christol Rouge 2013", "statistics": {"status": "Normal", "ratings_count": 76, "ratings_average": 3.4, "labels_count": 640, "reviews_count": 26}, "year": 2013, "grapes": null, "has_valid_ratings": true}, {"id": 3578118, "seo_name": "guinand-domaine-sainte-sophie-saint-christol-rouge-2012", "name": "Domaine Guinand Domaine Sainte Sophie Saint-Christol Rouge 2012", "statistics": {"status": "Normal", "ratings_count": 62, "ratings_average": 3.4, "labels_count": 399, "reviews_count": 20}, "year": 2012, "grapes": null, "has_valid_ratings": true}, {"id": 3535676, "seo_name": "guinand-domaine-sainte-sophie-saint-christol-rouge-2011", "name": "Domaine Guinand Domaine Sainte Sophie Saint-Christol Rouge 2011", "statistics": {"status": "Normal", "ratings_count": 32, "ratings_average": 3.7, "labels_count": 210, "reviews_count": 8}, "year": 2011, "grapes": null, "has_valid_ratings": true}, {"id": 3578660, "seo_name": "guinand-domaine-sainte-sophie-saint-christol-rouge-2010", "name": "Domaine Guinand Domaine Sainte Sophie Saint-Christol Rouge 2010", "statistics": {"status": "Normal", "ratings_count": 17, "ratings_average": 3.5, "labels_count": 123, "reviews_count": 4}, "year": 2010, "grapes": null, "has_valid_ratings": true}, {"id": 13430448, "seo_name": "guinand-domaine-sainte-sophie-saint-christol-rouge-2009", "name": "Domaine Guinand Domaine Sainte Sophie Saint-Christol Rouge 2009", "statistics": {"status": "BelowThreshold", "ratings_count": 7, "ratings_average": 0, "labels_count": 74, "reviews_count": 3}, "year": 2009, "grapes": null, "has_valid_ratings": false}, {"id": 15280864, "seo_name": "guinand-domaine-sainte-sophie-saint-christol-rouge-2008", "name": "Domaine Guinand Domaine Sainte Sophie Saint-Christol Rouge 2008", "statistics": {"status": "BelowThreshold", "ratings_count": 6, "ratings_average": 0, "labels_count": 41, "reviews_count": 4}, "year": 2008, "grapes": null, "has_valid_ratings": false}, {"id": 14639386, "seo_name": "guinand-domaine-sainte-sophie-saint-christol-rouge-2007", "name": "Domaine Guinand Domaine Sainte Sophie Saint-Christol Rouge 2007", "statistics": {"status": "BelowThreshold", "ratings_count": 4, "ratings_average": 0, "labels_count": 22, "reviews_count": 0}, "year": 2007, "grapes": null, "has_valid_ratings": false}, {"id": 27548117, "seo_name": "guinand-domaine-sainte-sophie-saint-christol-rouge-2006", "name": "Domaine Guinand Domaine Sainte Sophie Saint-Christol Rouge 2006", "statistics": {"status": "BelowThreshold", "ratings_count": 0, "ratings_average": 0, "labels_count": 3, "reviews_count": 0}, "year": 2006, "grapes": null, "has_valid_ratings": false}, {"id": 141439487, "seo_name": "guinand-domaine-sainte-sophie-saint-christol-rouge-2005", "name": "Domaine Guinand Domaine Sainte Sophie Saint-Christol Rouge 2005", "statistics": {"status": "BelowThreshold", "ratings_count": 1, "ratings_average": 0, "labels_count": 11, "reviews_count": 0}, "year": 2005, "grapes": null, "has_valid_ratings": false}, {"id": 65844896, "seo_name": "guinand-domaine-sainte-sophie-saint-christol-rouge-2004", "name": "Domaine Guinand Domaine Sainte Sophie Saint-Christol Rouge 2004", "statistics": {"status": "BelowThreshold", "ratings_count": 1, "ratings_average": 0, "labels_count": 12, "reviews_count": 1}, "year": 2004, "grapes": null, "has_valid_ratings": false}, {"id": 10178302, "seo_name": "guinand-domaine-sainte-sophie-saint-christol-rouge-2003", "name": "Domaine Guinand Domaine Sainte Sophie Saint-Christol Rouge 2003", "statistics": {"status": "BelowThreshold", "ratings_count": 2, "ratings_average": 0, "labels_count": 10, "reviews_count": 0}, "year": 2003, "grapes": null, "has_valid_ratings": false}, {"id": 4003489, "seo_name": "guinand-domaine-sainte-sophie-saint-christol-rouge-2002", "name": "Domaine Guinand Domaine Sainte Sophie Saint-Christol Rouge 2002", "statistics": {"status": "BelowThreshold", "ratings_count": 1, "ratings_average": 0, "labels_count": 20, "reviews_count": 0}, "year": 2002, "grapes": null, "has_valid_ratings": false}, {"id": 14624853, "seo_name": "guinand-domaine-sainte-sophie-saint-christol-rouge-2001", "name": "Domaine Guinand Domaine Sainte Sophie Saint-Christol Rouge 2001", "statistics": {"status": "BelowThreshold", "ratings_count": 1, "ratings_average": 0, "labels_count": 6, "reviews_count": 1}, "year": 2001, "grapes": null, "has_valid_ratings": false}, {"id": 112942866, "seo_name": "guinand-domaine-sainte-sophie-saint-christol-rouge-2000", "name": "Domaine Guinand Domaine Sainte Sophie Saint-Christol Rouge 2000", "statistics": {"status": "BelowThreshold", "ratings_count": 0, "ratings_average": 0, "labels_count": 0, "reviews_count": 0}, "year": 2000, "grapes": null, "has_valid_ratings": false}, {"id": 154245727, "seo_name": "guinand-domaine-sainte-sophie-saint-christol-rouge-1999", "name": "Domaine Guinand Domaine Sainte Sophie Saint-Christol Rouge 1999", "statistics": {"status": "BelowThreshold", "ratings_count": 1, "ratings_average": 0, "labels_count": 6, "reviews_count": 0}, "year": 1999, "grapes": null, "has_valid_ratings": false}, {"id": 155414648, "seo_name": "guinand-domaine-sainte-sophie-saint-christol-rouge-1998", "name": "Domaine Guinand Domaine Sainte Sophie Saint-Christol Rouge 1998", "statistics": {"status": "BelowThreshold", "ratings_count": 1, "ratings_average": 0, "labels_count": 7, "reviews_count": 1}, "year": 1998, "grapes": null, "has_valid_ratings": false}, {"id": 158513062, "seo_name": "guinand-domaine-sainte-sophie-saint-christol-rouge-1997", "name": "Domaine Guinand Domaine Sainte Sophie Saint-Christol Rouge 1997", "statistics": {"status": "BelowThreshold", "ratings_count": 0, "ratings_average": 0, "labels_count": 0, "reviews_count": 0}, "year": 1997, "grapes": null, "has_valid_ratings": false}, {"id": 157557702, "seo_name": "guinand-domaine-sainte-sophie-saint-christol-rouge-1996", "name": "Domaine Guinand Domaine Sainte Sophie Saint-Christol Rouge 1996", "statistics": {"status": "BelowThreshold", "ratings_count": 0, "ratings_average": 0, "labels_count": 1, "reviews_count": 0}, "year": 1996, "grapes": null, "has_valid_ratings": false}, {"id": 169007158, "seo_name": "guinand-domaine-sainte-sophie-saint-christol-rouge-1995", "name": "Domaine Guinand Domaine Sainte Sophie Saint-Christol Rouge 1995", "statistics": {"status": "BelowThreshold", "ratings_count": 0, "ratings_average": 0, "labels_count": 0, "reviews_count": 0}, "year": 1995, "grapes": null, "has_valid_ratings": false}, {"id": 81958450, "seo_name": "guinand-domaine-sainte-sophie-saint-christol-rouge-1991", "name": "Domaine Guinand Domaine Sainte Sophie Saint-Christol Rouge 1991", "statistics": {"status": "BelowThreshold", "ratings_count": 0, "ratings_average": 0, "labels_count": 1, "reviews_count": 0}, "year": 1991, "grapes": null, "has_valid_ratings": false}, {"id": 150829092, "seo_name": "guinand-domaine-sainte-sophie-saint-christol-rouge-1900", "name": "Domaine Guinand Domaine Sainte Sophie Saint-Christol Rouge 1900", "statistics": {"status": "BelowThreshold", "ratings_count": 0, "ratings_average": 0, "labels_count": 0, "reviews_count": 0}, "year": 1900, "grapes": null, "has_valid_ratings": false}, {"id": 5023808, "seo_name": "guinand-domaine-sainte-sophie-saint-christol-rouge-uv", "name": "Domaine Guinand Domaine Sainte Sophie Saint-Christol Rouge", "statistics": {"status": "Normal", "ratings_count": 1071, "ratings_average": 3.6, "labels_count": 608, "reviews_count": 28}, "year": 0, "grapes": null, "has_valid_ratings": true}], "description": "", "grapes": [{"id": 22, "name": "Mourvedre", "seo_name": "mourvedre", "has_detailed_info": true, "wines_count": 101132}, {"id": 41, "name": "Carignan", "seo_name": "carignane", "has_detailed_info": true, "wines_count": 59630}, {"id": 1, "name": "Shiraz/Syrah", "seo_name": "shiraz-syrah", "has_detailed_info": true, "wines_count": 551112}, {"id": 8, "name": "Grenache", "seo_name": "grenache-noir", "has_detailed_info": true, "wines_count": 240002}], "foods": [{"id": 4, "name": "Beef", "background_image": {"location": "//images.vivino.com/backgrounds/foods/4_beef.png", "variations": {"small": "//images.vivino.com/backgrounds/foods/thumbs/4_beef_932x810.png"}}, "seo_name": "beef"}, {"id": 5, "name": "Pasta", "background_image": {"location": "//images.vivino.com/backgrounds/foods/5_pasta.png", "variations": {"small": "//images.vivino.com/backgrounds/foods/thumbs/5_pasta_932x810.png"}}, "seo_name": null}, {"id": 9, "name": "Veal", "background_image": {"location": "//images.vivino.com/backgrounds/foods/9_veal.png", "variations": {"small": "//images.vivino.com/backgrounds/foods/thumbs/9_veal_932x810.png"}}, "seo_name": "veal"}], "non_vintage": false, "alcohol": 0, "sweetness_id": null, "closure": null, "vintage_mask_raw": null, "updated_at": "2018-11-23T07:52:51Z", "created_at": "2013-11-15T13:30:31Z", "is_first_wine": false, "style": {"id": 94, "seo_name": "languedoc-roussillon-red", "regional_name": "Languedoc-Roussillon", "varietal_name": "Red", "name": "Languedoc-Roussillon Red", "image": null, "background_image": {"location": "//images.vivino.com/backgrounds/styles/Xfpg1e4BQH2hG2-ZTfdmvQ.jpg", "variations": {"small": "//images.vivino.com/backgrounds/styles/thumbs/Xfpg1e4BQH2hG2-ZTfdmvQ_932x810.jpg"}}, "description": "Wine from the Languedoc-Roussillon region is produced in the South of France, ranging from the Mediterranean coast to Provence. Cabernet, Merlot, Mourvedre, Grenache, and Syrah are some of the most important red grapes in the region.\n\nMost wine producers in this region produce blends, as opposed to single varietal wines. There are some outstanding values to be found in wines from this region. Many red blends from this area retail for well under $20!\n\nLanguedoc-Roussillon is the biggest wine producing region in the world, responsible for over 1/3 of France's wine production.\n\nAlthough the region has been known to produce cheap table wine in the past, many vineyards and cooperatives are replacing lesser quality vines with higher quality wine varieties and production methods. The quality has been steadily improving since the 1970s when the region was best known for churning out cheap jug wine.\n\nThe two regions of Languedoc-Roussillon produce distinct styles of red wine, although they are lumped together.The Languedoc is known for fruit-forward and full-bodied wines that can also be quite complex. Roussillon produces riper and juicier blends, as well as late-harvest and fortified wines.", "blurb": null, "interesting_facts": ["As recently as 2001 the region produced more wine than the entire United States.", "During the World Wars, the French army received its daily wine rations from this region.", "The region is one of the oldest wine producing regions in France, said to date back to at least 6000 BC.", "During the 14th century, wines from the area were prescribed by doctors and hospitals to help various ailments."], "body": 4, "body_description": "Full-bodied", "acidity": 3, "acidity_description": "High", "country": {"code": "fr", "name": "France", "native_name": "France", "seo_name": "france", "currency": {"code": "EUR", "name": "Euros", "prefix": "\u20ac", "suffix": null}, "regions_count": 1292, "users_count": 5068363, "wines_count": 542471, "wineries_count": 67002, "most_used_grapes": [{"id": 14, "name": "Pinot Noir", "seo_name": "pinot-noir", "has_detailed_info": true, "wines_count": 572334}, {"id": 10, "name": "Merlot", "seo_name": "merlot", "has_detailed_info": true, "wines_count": 566719}, {"id": 5, "name": "Chardonnay", "seo_name": "chardonnay", "has_detailed_info": true, "wines_count": 604208}]}, "wine_type_id": 1, "food": [{"id": 4, "name": "Beef", "background_image": {"location": "//images.vivino.com/backgrounds/foods/4_beef.png", "variations": {"small": "//images.vivino.com/backgrounds/foods/thumbs/4_beef_932x810.png"}}, "seo_name": "beef"}, {"id": 5, "name": "Pasta", "background_image": {"location": "//images.vivino.com/backgrounds/foods/5_pasta.png", "variations": {"small": "//images.vivino.com/backgrounds/foods/thumbs/5_pasta_932x810.png"}}, "seo_name": null}, {"id": 9, "name": "Veal", "background_image": {"location": "//images.vivino.com/backgrounds/foods/9_veal.png", "variations": {"small": "//images.vivino.com/backgrounds/foods/thumbs/9_veal_932x810.png"}}, "seo_name": "veal"}], "grapes": [{"id": 1, "name": "Shiraz/Syrah", "seo_name": "shiraz-syrah", "has_detailed_info": true, "wines_count": 551112}, {"id": 8, "name": "Grenache", "seo_name": "grenache-noir", "has_detailed_info": true, "wines_count": 240002}, {"id": 22, "name": "Mourvedre", "seo_name": "mourvedre", "has_detailed_info": true, "wines_count": 101132}], "region": {"id": 536, "name": "Languedoc-Roussillon", "name_en": "", "seo_name": "languedoc-roussillon", "country": {"code": "fr", "name": "France", "native_name": "France", "seo_name": "france", "currency": {"code": "EUR", "name": "Euros", "prefix": "\u20ac", "suffix": null}, "regions_count": 1292, "users_count": 5068363, "wines_count": 542471, "wineries_count": 67002, "most_used_grapes": [{"id": 14, "name": "Pinot Noir", "seo_name": "pinot-noir", "has_detailed_info": true, "wines_count": 572334}, {"id": 10, "name": "Merlot", "seo_name": "merlot", "has_detailed_info": true, "wines_count": 566719}, {"id": 5, "name": "Chardonnay", "seo_name": "chardonnay", "has_detailed_info": true, "wines_count": 604208}]}, "parent_id": null, "background_image": {"location": "//images.vivino.com/regions/backgrounds/-iw2xwauQ7GnxGGUkTGolw.jpg", "variations": {"large": "//thumbs.vivino.com/region_backgrounds/-iw2xwauQ7GnxGGUkTGolw_1280x760.jpg", "medium": "//thumbs.vivino.com/region_backgrounds/-iw2xwauQ7GnxGGUkTGolw_600x356.jpg"}}, "statistics": {"wineries_count": 6529, "wines_count": 27892, "sub_regions_count": 21, "parent_regions_count": 0}}}, "has_valid_ratings": true}, "highlights": [{"vintage_id": 163727552, "highlight_type": "best_user_rated", "message": "This vintage rates better than any other year for this wine", "icon": "https://images.vivino.com/highlights/icon/best_user_rated.svg", "metadata": {"price": null, "wine_id": 1974717, "toplist": null, "ws_award": null, "critic_review_id": null, "ratings_average": 3.8, "ratings_count": 48, "vintage_year": "2020", "rank_type": null, "ranks": {"country": {"description": "Rank within France", "total": 2497606, "rank": 393413}, "region": {"description": "Rank within Wine Region", "total": 276716, "rank": 35794}, "winery": {"description": "Rank within Winery", "total": 201, "rank": 30}, "global": {"description": "Global Rank", "total": 8944679, "rank": 1415093}}, "style": {"id": 94, "seo_name": "languedoc-roussillon-red", "regional_name": "Languedoc-Roussillon", "varietal_name": "Red", "name": "Languedoc-Roussillon Red", "image": null, "background_image": {"location": "//images.vivino.com/backgrounds/styles/Xfpg1e4BQH2hG2-ZTfdmvQ.jpg", "variations": {"small": "//images.vivino.com/backgrounds/styles/thumbs/Xfpg1e4BQH2hG2-ZTfdmvQ_932x810.jpg"}}, "description": "Wine from the Languedoc-Roussillon region is produced in the South of France, ranging from the Mediterranean coast to Provence. Cabernet, Merlot, Mourvedre, Grenache, and Syrah are some of the most important red grapes in the region.\n\nMost wine producers in this region produce blends, as opposed to single varietal wines. There are some outstanding values to be found in wines from this region. Many red blends from this area retail for well under $20!\n\nLanguedoc-Roussillon is the biggest wine producing region in the world, responsible for over 1/3 of France's wine production.\n\nAlthough the region has been known to produce cheap table wine in the past, many vineyards and cooperatives are replacing lesser quality vines with higher quality wine varieties and production methods. The quality has been steadily improving since the 1970s when the region was best known for churning out cheap jug wine.\n\nThe two regions of Languedoc-Roussillon produce distinct styles of red wine, although they are lumped together.The Languedoc is known for fruit-forward and full-bodied wines that can also be quite complex. Roussillon produces riper and juicier blends, as well as late-harvest and fortified wines.", "blurb": null, "interesting_facts": ["As recently as 2001 the region produced more wine than the entire United States.", "During the World Wars, the French army received its daily wine rations from this region.", "The region is one of the oldest wine producing regions in France, said to date back to at least 6000 BC.", "During the 14th century, wines from the area were prescribed by doctors and hospitals to help various ailments."], "body": 4, "body_description": "Full-bodied", "acidity": 3, "acidity_description": "High", "country": {"code": "fr", "name": "France", "native_name": "France", "seo_name": "france", "currency": {"code": "EUR", "name": "Euros", "prefix": "\u20ac", "suffix": null}, "regions_count": 1292, "users_count": 5068363, "wines_count": 542471, "wineries_count": 67002, "most_used_grapes": [{"id": 14, "name": "Pinot Noir", "seo_name": "pinot-noir", "has_detailed_info": true, "wines_count": 572334}, {"id": 10, "name": "Merlot", "seo_name": "merlot", "has_detailed_info": true, "wines_count": 566719}, {"id": 5, "name": "Chardonnay", "seo_name": "chardonnay", "has_detailed_info": true, "wines_count": 604208}]}, "wine_type_id": 1, "food": [{"id": 4, "name": "Beef", "background_image": {"location": "//images.vivino.com/backgrounds/foods/4_beef.png", "variations": {"small": "//images.vivino.com/backgrounds/foods/thumbs/4_beef_932x810.png"}}, "seo_name": "beef"}, {"id": 5, "name": "Pasta", "background_image": {"location": "//images.vivino.com/backgrounds/foods/5_pasta.png", "variations": {"small": "//images.vivino.com/backgrounds/foods/thumbs/5_pasta_932x810.png"}}, "seo_name": null}, {"id": 9, "name": "Veal", "background_image": {"location": "//images.vivino.com/backgrounds/foods/9_veal.png", "variations": {"small": "//images.vivino.com/backgrounds/foods/thumbs/9_veal_932x810.png"}}, "seo_name": "veal"}], "grapes": [{"id": 1, "name": "Shiraz/Syrah", "seo_name": "shiraz-syrah", "has_detailed_info": true, "wines_count": 551112}, {"id": 8, "name": "Grenache", "seo_name": "grenache-noir", "has_detailed_info": true, "wines_count": 240002}, {"id": 22, "name": "Mourvedre", "seo_name": "mourvedre", "has_detailed_info": true, "wines_count": 101132}], "region": {"id": 536, "name": "Languedoc-Roussillon", "name_en": "", "seo_name": "languedoc-roussillon", "country": {"code": "fr", "name": "France", "native_name": "France", "seo_name": "france", "currency": {"code": "EUR", "name": "Euros", "prefix": "\u20ac", "suffix": null}, "regions_count": 1292, "users_count": 5068363, "wines_count": 542471, "wineries_count": 67002, "most_used_grapes": [{"id": 14, "name": "Pinot Noir", "seo_name": "pinot-noir", "has_detailed_info": true, "wines_count": 572334}, {"id": 10, "name": "Merlot", "seo_name": "merlot", "has_detailed_info": true, "wines_count": 566719}, {"id": 5, "name": "Chardonnay", "seo_name": "chardonnay", "has_detailed_info": true, "wines_count": 604208}]}, "parent_id": null, "background_image": {"location": "//images.vivino.com/regions/backgrounds/-iw2xwauQ7GnxGGUkTGolw.jpg", "variations": {"large": "//thumbs.vivino.com/region_backgrounds/-iw2xwauQ7GnxGGUkTGolw_1280x760.jpg", "medium": "//thumbs.vivino.com/region_backgrounds/-iw2xwauQ7GnxGGUkTGolw_600x356.jpg"}}, "statistics": {"wineries_count": 6529, "wines_count": 27892, "sub_regions_count": 21, "parent_regions_count": 0}}}}, "vintage_year": 2020}, {"vintage_id": 159368169, "highlight_type": "most_user_rated", "message": "Popular among Vivino users. More than 100 ratings", "icon": "https://images.vivino.com/highlights/icon/most_user_rated.svg", "metadata": {"price": null, "wine_id": 1974717, "toplist": null, "ws_award": null, "critic_review_id": null, "ratings_average": 3.7, "ratings_count": 141, "vintage_year": "2018", "rank_type": "region", "ranks": {"country": {"description": "Rank within France", "total": 2497606, "rank": 255814}, "region": {"description": "Rank within Wine Region", "total": 276716, "rank": 20300}, "winery": {"description": "Rank within Winery", "total": 201, "rank": 12}, "global": {"description": "Global Rank", "total": 8944679, "rank": 930467}}, "style": {"id": 94, "seo_name": "languedoc-roussillon-red", "regional_name": "Languedoc-Roussillon", "varietal_name": "Red", "name": "Languedoc-Roussillon Red", "image": null, "background_image": {"location": "//images.vivino.com/backgrounds/styles/Xfpg1e4BQH2hG2-ZTfdmvQ.jpg", "variations": {"small": "//images.vivino.com/backgrounds/styles/thumbs/Xfpg1e4BQH2hG2-ZTfdmvQ_932x810.jpg"}}, "description": "Wine from the Languedoc-Roussillon region is produced in the South of France, ranging from the Mediterranean coast to Provence. Cabernet, Merlot, Mourvedre, Grenache, and Syrah are some of the most important red grapes in the region.\n\nMost wine producers in this region produce blends, as opposed to single varietal wines. There are some outstanding values to be found in wines from this region. Many red blends from this area retail for well under $20!\n\nLanguedoc-Roussillon is the biggest wine producing region in the world, responsible for over 1/3 of France's wine production.\n\nAlthough the region has been known to produce cheap table wine in the past, many vineyards and cooperatives are replacing lesser quality vines with higher quality wine varieties and production methods. The quality has been steadily improving since the 1970s when the region was best known for churning out cheap jug wine.\n\nThe two regions of Languedoc-Roussillon produce distinct styles of red wine, although they are lumped together.The Languedoc is known for fruit-forward and full-bodied wines that can also be quite complex. Roussillon produces riper and juicier blends, as well as late-harvest and fortified wines.", "blurb": null, "interesting_facts": ["As recently as 2001 the region produced more wine than the entire United States.", "During the World Wars, the French army received its daily wine rations from this region.", "The region is one of the oldest wine producing regions in France, said to date back to at least 6000 BC.", "During the 14th century, wines from the area were prescribed by doctors and hospitals to help various ailments."], "body": 4, "body_description": "Full-bodied", "acidity": 3, "acidity_description": "High", "country": {"code": "fr", "name": "France", "native_name": "France", "seo_name": "france", "currency": {"code": "EUR", "name": "Euros", "prefix": "\u20ac", "suffix": null}, "regions_count": 1292, "users_count": 5068363, "wines_count": 542471, "wineries_count": 67002, "most_used_grapes": [{"id": 14, "name": "Pinot Noir", "seo_name": "pinot-noir", "has_detailed_info": true, "wines_count": 572334}, {"id": 10, "name": "Merlot", "seo_name": "merlot", "has_detailed_info": true, "wines_count": 566719}, {"id": 5, "name": "Chardonnay", "seo_name": "chardonnay", "has_detailed_info": true, "wines_count": 604208}]}, "wine_type_id": 1, "food": [{"id": 4, "name": "Beef", "background_image": {"location": "//images.vivino.com/backgrounds/foods/4_beef.png", "variations": {"small": "//images.vivino.com/backgrounds/foods/thumbs/4_beef_932x810.png"}}, "seo_name": "beef"}, {"id": 5, "name": "Pasta", "background_image": {"location": "//images.vivino.com/backgrounds/foods/5_pasta.png", "variations": {"small": "//images.vivino.com/backgrounds/foods/thumbs/5_pasta_932x810.png"}}, "seo_name": null}, {"id": 9, "name": "Veal", "background_image": {"location": "//images.vivino.com/backgrounds/foods/9_veal.png", "variations": {"small": "//images.vivino.com/backgrounds/foods/thumbs/9_veal_932x810.png"}}, "seo_name": "veal"}], "grapes": [{"id": 1, "name": "Shiraz/Syrah", "seo_name": "shiraz-syrah", "has_detailed_info": true, "wines_count": 551112}, {"id": 8, "name": "Grenache", "seo_name": "grenache-noir", "has_detailed_info": true, "wines_count": 240002}, {"id": 22, "name": "Mourvedre", "seo_name": "mourvedre", "has_detailed_info": true, "wines_count": 101132}], "region": {"id": 536, "name": "Languedoc-Roussillon", "name_en": "", "seo_name": "languedoc-roussillon", "country": {"code": "fr", "name": "France", "native_name": "France", "seo_name": "france", "currency": {"code": "EUR", "name": "Euros", "prefix": "\u20ac", "suffix": null}, "regions_count": 1292, "users_count": 5068363, "wines_count": 542471, "wineries_count": 67002, "most_used_grapes": [{"id": 14, "name": "Pinot Noir", "seo_name": "pinot-noir", "has_detailed_info": true, "wines_count": 572334}, {"id": 10, "name": "Merlot", "seo_name": "merlot", "has_detailed_info": true, "wines_count": 566719}, {"id": 5, "name": "Chardonnay", "seo_name": "chardonnay", "has_detailed_info": true, "wines_count": 604208}]}, "parent_id": null, "background_image": {"location": "//images.vivino.com/regions/backgrounds/-iw2xwauQ7GnxGGUkTGolw.jpg", "variations": {"large": "//thumbs.vivino.com/region_backgrounds/-iw2xwauQ7GnxGGUkTGolw_1280x760.jpg", "medium": "//thumbs.vivino.com/region_backgrounds/-iw2xwauQ7GnxGGUkTGolw_600x356.jpg"}}, "statistics": {"wineries_count": 6529, "wines_count": 27892, "sub_regions_count": 21, "parent_regions_count": 0}}}}, "vintage_year": 2018}, {"vintage_id": 28360142, "highlight_type": "top_ranked", "message": "Among top 8% of all wines in region", "icon": "https://images.vivino.com/highlights/icon/top_ranked.svg", "metadata": {"price": null, "wine_id": 1974717, "toplist": null, "ws_award": null, "critic_review_id": null, "ratings_average": 3.7, "ratings_count": 119, "vintage_year": "2014", "rank_type": "region", "ranks": {"country": {"description": "Rank within France", "total": 2497606, "rank": 258444}, "region": {"description": "Rank within Wine Region", "total": 276716, "rank": 20635}, "winery": {"description": "Rank within Winery", "total": 201, "rank": 14}, "global": {"description": "Global Rank", "total": 8944679, "rank": 940192}}, "style": {"id": 94, "seo_name": "languedoc-roussillon-red", "regional_name": "Languedoc-Roussillon", "varietal_name": "Red", "name": "Languedoc-Roussillon Red", "image": null, "background_image": {"location": "//images.vivino.com/backgrounds/styles/Xfpg1e4BQH2hG2-ZTfdmvQ.jpg", "variations": {"small": "//images.vivino.com/backgrounds/styles/thumbs/Xfpg1e4BQH2hG2-ZTfdmvQ_932x810.jpg"}}, "description": "Wine from the Languedoc-Roussillon region is produced in the South of France, ranging from the Mediterranean coast to Provence. Cabernet, Merlot, Mourvedre, Grenache, and Syrah are some of the most important red grapes in the region.\n\nMost wine producers in this region produce blends, as opposed to single varietal wines. There are some outstanding values to be found in wines from this region. Many red blends from this area retail for well under $20!\n\nLanguedoc-Roussillon is the biggest wine producing region in the world, responsible for over 1/3 of France's wine production.\n\nAlthough the region has been known to produce cheap table wine in the past, many vineyards and cooperatives are replacing lesser quality vines with higher quality wine varieties and production methods. The quality has been steadily improving since the 1970s when the region was best known for churning out cheap jug wine.\n\nThe two regions of Languedoc-Roussillon produce distinct styles of red wine, although they are lumped together.The Languedoc is known for fruit-forward and full-bodied wines that can also be quite complex. Roussillon produces riper and juicier blends, as well as late-harvest and fortified wines.", "blurb": null, "interesting_facts": ["As recently as 2001 the region produced more wine than the entire United States.", "During the World Wars, the French army received its daily wine rations from this region.", "The region is one of the oldest wine producing regions in France, said to date back to at least 6000 BC.", "During the 14th century, wines from the area were prescribed by doctors and hospitals to help various ailments."], "body": 4, "body_description": "Full-bodied", "acidity": 3, "acidity_description": "High", "country": {"code": "fr", "name": "France", "native_name": "France", "seo_name": "france", "currency": {"code": "EUR", "name": "Euros", "prefix": "\u20ac", "suffix": null}, "regions_count": 1292, "users_count": 5068363, "wines_count": 542471, "wineries_count": 67002, "most_used_grapes": [{"id": 14, "name": "Pinot Noir", "seo_name": "pinot-noir", "has_detailed_info": true, "wines_count": 572334}, {"id": 10, "name": "Merlot", "seo_name": "merlot", "has_detailed_info": true, "wines_count": 566719}, {"id": 5, "name": "Chardonnay", "seo_name": "chardonnay", "has_detailed_info": true, "wines_count": 604208}]}, "wine_type_id": 1, "food": [{"id": 4, "name": "Beef", "background_image": {"location": "//images.vivino.com/backgrounds/foods/4_beef.png", "variations": {"small": "//images.vivino.com/backgrounds/foods/thumbs/4_beef_932x810.png"}}, "seo_name": "beef"}, {"id": 5, "name": "Pasta", "background_image": {"location": "//images.vivino.com/backgrounds/foods/5_pasta.png", "variations": {"small": "//images.vivino.com/backgrounds/foods/thumbs/5_pasta_932x810.png"}}, "seo_name": null}, {"id": 9, "name": "Veal", "background_image": {"location": "//images.vivino.com/backgrounds/foods/9_veal.png", "variations": {"small": "//images.vivino.com/backgrounds/foods/thumbs/9_veal_932x810.png"}}, "seo_name": "veal"}], "grapes": [{"id": 1, "name": "Shiraz/Syrah", "seo_name": "shiraz-syrah", "has_detailed_info": true, "wines_count": 551112}, {"id": 8, "name": "Grenache", "seo_name": "grenache-noir", "has_detailed_info": true, "wines_count": 240002}, {"id": 22, "name": "Mourvedre", "seo_name": "mourvedre", "has_detailed_info": true, "wines_count": 101132}], "region": {"id": 536, "name": "Languedoc-Roussillon", "name_en": "", "seo_name": "languedoc-roussillon", "country": {"code": "fr", "name": "France", "native_name": "France", "seo_name": "france", "currency": {"code": "EUR", "name": "Euros", "prefix": "\u20ac", "suffix": null}, "regions_count": 1292, "users_count": 5068363, "wines_count": 542471, "wineries_count": 67002, "most_used_grapes": [{"id": 14, "name": "Pinot Noir", "seo_name": "pinot-noir", "has_detailed_info": true, "wines_count": 572334}, {"id": 10, "name": "Merlot", "seo_name": "merlot", "has_detailed_info": true, "wines_count": 566719}, {"id": 5, "name": "Chardonnay", "seo_name": "chardonnay", "has_detailed_info": true, "wines_count": 604208}]}, "parent_id": null, "background_image": {"location": "//images.vivino.com/regions/backgrounds/-iw2xwauQ7GnxGGUkTGolw.jpg", "variations": {"large": "//thumbs.vivino.com/region_backgrounds/-iw2xwauQ7GnxGGUkTGolw_1280x760.jpg", "medium": "//thumbs.vivino.com/region_backgrounds/-iw2xwauQ7GnxGGUkTGolw_600x356.jpg"}}, "statistics": {"wineries_count": 6529, "wines_count": 27892, "sub_regions_count": 21, "parent_regions_count": 0}}}}, "vintage_year": 2014}], "recommended_vintages": [{"vintage": {"id": 163727552, "seo_name": "guinand-domaine-sainte-sophie-saint-christol-rouge-2020", "name": "Domaine Guinand Domaine Sainte Sophie Saint-Christol Rouge 2020", "statistics": {"status": "Normal", "ratings_count": 48, "ratings_average": 3.8, "labels_count": 390, "reviews_count": 14}, "year": 2020, "grapes": null, "has_valid_ratings": true}, "type": "best_user_rated", "highlight_icon": "https://images.vivino.com/highlights/icon/best_user_rated.svg", "price": null}, {"vintage": {"id": 159368169, "seo_name": "guinand-domaine-sainte-sophie-saint-christol-rouge-2018", "name": "Domaine Guinand Domaine Sainte Sophie Saint-Christol Rouge 2018", "statistics": {"status": "Normal", "ratings_count": 141, "ratings_average": 3.7, "labels_count": 1595, "reviews_count": 51}, "year": 2018, "grapes": null, "has_valid_ratings": true}, "type": "most_user_rated", "highlight_icon": "https://images.vivino.com/highlights/icon/most_user_rated.svg", "price": null}, {"vintage": {"id": 28360142, "seo_name": "guinand-domaine-sainte-sophie-saint-christol-rouge-2014", "name": "Domaine Guinand Domaine Sainte Sophie Saint-Christol Rouge 2014", "statistics": {"status": "Normal", "ratings_count": 119, "ratings_average": 3.7, "labels_count": 868, "reviews_count": 42}, "year": 2014, "grapes": null, "has_valid_ratings": true}, "type": "top_ranked", "highlight_icon": "https://images.vivino.com/highlights/icon/top_ranked.svg", "price": null}], "prices_and_availabilities": [], "price_range": {"currency": {"code": "EUR", "name": "Euros", "prefix": "\u20ac", "suffix": null}, "price_range": {"minimum": 0, "maximum": 500, "currency_code": "EUR"}, "defaults": {"minimum": 7, "maximum": 30, "currency_code": "EUR"}}, "subtotal_price": null}