{"vintage": {"id": 1483118, "seo_name": "luis-felipe-edwards-reserva-carmenere-uv", "name": "Luis Felipe Edwards Reserva Carmen\u00e8re", "statistics": {"status": "Normal", "ratings_count": 4040, "ratings_average": 3.4, "labels_count": 453, "reviews_count": 23}, "organic_certification_id": null, "certified_biodynamic": null, "image": {"location": "//images.vivino.com/thumbs/9azkHiPgR1y9LjcRJv9oIw_pl_480x640.png", "variations": {"bottle_large": "//images.vivino.com/thumbs/9azkHiPgR1y9LjcRJv9oIw_pb_x960.png", "bottle_medium": "//images.vivino.com/thumbs/9azkHiPgR1y9LjcRJv9oIw_pb_x600.png", "bottle_medium_square": "//images.vivino.com/thumbs/9azkHiPgR1y9LjcRJv9oIw_pb_600x600.png", "bottle_small": "//images.vivino.com/thumbs/9azkHiPgR1y9LjcRJv9oIw_pb_x300.png", "bottle_small_square": "//images.vivino.com/thumbs/9azkHiPgR1y9LjcRJv9oIw_pb_300x300.png", "label": "//images.vivino.com/thumbs/9azkHiPgR1y9LjcRJv9oIw_pl_480x640.png", "label_large": "//images.vivino.com/thumbs/9azkHiPgR1y9LjcRJv9oIw_pl_375x500.png", "label_medium": "//images.vivino.com/thumbs/9azkHiPgR1y9LjcRJv9oIw_pl_150x200.png", "label_medium_square": "//images.vivino.com/thumbs/9azkHiPgR1y9LjcRJv9oIw_pl_150x150.png", "label_small_square": "//images.vivino.com/thumbs/9azkHiPgR1y9LjcRJv9oIw_pl_80x80.png", "large": "//images.vivino.com/thumbs/9azkHiPgR1y9LjcRJv9oIw_pl_375x500.png", "medium": "//images.vivino.com/thumbs/9azkHiPgR1y9LjcRJv9oIw_pl_150x200.png", "medium_square": "//images.vivino.com/thumbs/9azkHiPgR1y9LjcRJv9oIw_pl_150x150.png", "small_square": "//images.vivino.com/thumbs/9azkHiPgR1y9LjcRJv9oIw_pl_80x80.png"}}, "wine": {"id": 85362, "name": "Reserva Carmen\u00e8re", "seo_name": "reserva-carmenere", "type_id": 1, "vintage_type": 0, "is_natural": false, "region": {"id": 737, "name": "Colchagua Valley", "name_en": "Valle de Colchagua", "seo_name": "colchagua-valley", "country": {"code": "cl", "name": "Chile", "native_name": "Chile", "seo_name": "chile", "currency": {"code": "CLP", "name": "Chiliean Peso", "prefix": "$", "suffix": null}, "regions_count": 39, "users_count": 292408, "wines_count": 53149, "wineries_count": 5507, "most_used_grapes": [{"id": 2, "name": "Cabernet Sauvignon", "seo_name": "cabernet-sauvignon", "has_detailed_info": true, "wines_count": 801751}, {"id": 51, "name": "Carm\u00e9n\u00e8re", "seo_name": "carmenere", "has_detailed_info": true, "wines_count": 50087}, {"id": 10, "name": "Merlot", "seo_name": "merlot", "has_detailed_info": true, "wines_count": 566719}]}, "parent_id": 736, "background_image": {"location": "//images.vivino.com/regions/backgrounds/8zBR4VOATF-f18S-MKm1Cg.jpg", "variations": {"large": "//thumbs.vivino.com/region_backgrounds/8zBR4VOATF-f18S-MKm1Cg_1280x760.jpg", "medium": "//thumbs.vivino.com/region_backgrounds/8zBR4VOATF-f18S-MKm1Cg_600x356.jpg"}}, "class": {"typecast_map": {"background_image": {}, "class": {}}}, "statistics": {"wineries_count": 417, "wines_count": 4026, "sub_regions_count": 1, "parent_regions_count": 2}}, "review_status": 2, "winery": {"id": 3700, "name": "Luis Felipe Edwards", "seo_name": "luis-felipe-edwards", "status": 1, "review_status": "Completed", "background_image": null, "statistics": {"ratings_count": 163529, "ratings_average": 3.6, "labels_count": 1662392, "wines_count": 319}, "region": {"id": 593, "name": "Central Valley", "name_en": "Valle Central", "seo_name": "central-valley", "country": {"code": "cl", "name": "Chile", "native_name": "Chile", "seo_name": "chile", "currency": {"code": "CLP", "name": "Chiliean Peso", "prefix": "$", "suffix": null}, "regions_count": 39, "users_count": 292408, "wines_count": 53149, "wineries_count": 5507, "most_used_grapes": [{"id": 2, "name": "Cabernet Sauvignon", "seo_name": "cabernet-sauvignon", "has_detailed_info": true, "wines_count": 801751}, {"id": 51, "name": "Carm\u00e9n\u00e8re", "seo_name": "carmenere", "has_detailed_info": true, "wines_count": 50087}, {"id": 10, "name": "Merlot", "seo_name": "merlot", "has_detailed_info": true, "wines_count": 566719}]}, "parent_id": null, "background_image": {"location": "//images.vivino.com/regions/backgrounds/y1hoTX9vTreZJzvxrUBAWw.jpg", "variations": {"large": "//thumbs.vivino.com/region_backgrounds/y1hoTX9vTreZJzvxrUBAWw_1280x760.jpg", "medium": "//thumbs.vivino.com/region_backgrounds/y1hoTX9vTreZJzvxrUBAWw_600x356.jpg"}}, "statistics": {"wineries_count": 4186, "wines_count": 25869, "sub_regions_count": 4, "parent_regions_count": 0}}, "business_name": "Luis Felipe Edwards", "description": "Chile's leading family owned and operated winery, founded in 1976 by Luis Felipe Edwards Sr. Winery located in the family's estate in the renowned Colchagua Valley, with an additional 1.800 hectares of estate vineyards in Colchagua, Colchagua Costa, Leyda and Maule. <br><br>LFE Wines, Elevating Quality ", "specialists_notes": "", "phone": "+56 2 24335700", "email": "lfemarketing@lfewines.com", "facebook": "https://www.facebook.com/lfewinesofficial", "instagram": "LFEWinesofficial ", "is_claimed": true, "twitter": "@LFEWINES", "website": "http://www.lfewines.com", "winemaker": "Nicolas Bizzarri", "wine_maker": {"id": 7947, "name": "Nicolas Bizzarri"}, "address": {"title": null, "name": null, "street": "Fundo San Jose de Puquillay S/N", "street2": null, "neighborhood": null, "city": "Nancagua", "zip": null, "state": null, "country": {"code": "cl", "name": "Chile", "native_name": "Chile", "seo_name": "chile", "currency": {"code": "CLP", "name": "Chiliean Peso", "prefix": "$", "suffix": null}, "regions_count": 39, "users_count": 292408, "wines_count": 53149, "wineries_count": 5507, "most_used_grapes": [{"id": 2, "name": "Cabernet Sauvignon", "seo_name": "cabernet-sauvignon", "has_detailed_info": true, "wines_count": 801751}, {"id": 51, "name": "Carm\u00e9n\u00e8re", "seo_name": "carmenere", "has_detailed_info": true, "wines_count": 50087}, {"id": 10, "name": "Merlot", "seo_name": "merlot", "has_detailed_info": true, "wines_count": 566719}]}, "company": null, "phone": null, "external_id": null, "residential": null, "vat_number": null, "vat_code": null, "addition": null}, "image": {"location": "//images.vivino.com/wineries/3700/logos/YS17vFyiQ0WplQNZrFqTzA.jpeg", "variations": {"large": "//thumbs.vivino.com/wineries/3700/logos/YS17vFyiQ0WplQNZrFqTzA_500x500.jpeg", "medium": "//thumbs.vivino.com/wineries/3700/logos/YS17vFyiQ0WplQNZrFqTzA_200x200.jpeg", "small_square": "//thumbs.vivino.com/wineries/3700/logos/YS17vFyiQ0WplQNZrFqTzA_80x80.jpeg"}}, "location": {"latitude": -33.377632, "longitude": -70.56219}, "winery_group": {"id": 359, "name": "Luis Felipe Edwards", "website": "http://www.lfewines.com/"}, "first_wines": [], "sponsored_entity_type": null, "sponsored_entity": null}, "statistics": {"status": "Normal", "ratings_count": 4040, "ratings_average": 3.4, "labels_count": 34876, "vintages_count": 41}, "rank": {"country": {"description": "Rank within Chile", "total": 30548, "rank": 4783}, "region": {"description": "Rank within Wine Region", "total": 27855, "rank": 4105}, "winery": {"description": "Rank within Winery", "total": 318, "rank": 70}, "wine_type": {"description": "Rank within all Red Wine", "total": 659127, "rank": 113941}, "global": {"description": "Global Rank", "total": 1302036, "rank": 190790}}, "hidden": false, "vintages": [{"id": 165954050, "seo_name": "luis-felipe-edwards-reserva-carmenere-2020", "name": "Luis Felipe Edwards Reserva Carmen\u00e8re 2020", "statistics": {"status": "Normal", "ratings_count": 31, "ratings_average": 4, "labels_count": 503, "reviews_count": 13}, "year": 2020, "grapes": null, "has_valid_ratings": true}, {"id": 159899269, "seo_name": "luis-felipe-edwards-reserva-carmenere-2019", "name": "Luis Felipe Edwards Reserva Carmen\u00e8re 2019", "statistics": {"status": "Normal", "ratings_count": 217, "ratings_average": 3.5, "labels_count": 3769, "reviews_count": 88}, "year": 2019, "grapes": null, "has_valid_ratings": true}, {"id": 156923732, "seo_name": "luis-felipe-edwards-reserva-carmenere-2018", "name": "Luis Felipe Edwards Reserva Carmen\u00e8re 2018", "statistics": {"status": "Normal", "ratings_count": 168, "ratings_average": 3.6, "labels_count": 2455, "reviews_count": 61}, "year": 2018, "grapes": null, "has_valid_ratings": true}, {"id": 151201823, "seo_name": "luis-felipe-edwards-reserva-carmenere-2017", "name": "Luis Felipe Edwards Reserva Carmen\u00e8re 2017", "statistics": {"status": "Normal", "ratings_count": 179, "ratings_average": 3.4, "labels_count": 2809, "reviews_count": 73}, "year": 2017, "grapes": null, "has_valid_ratings": true}, {"id": 102301640, "seo_name": "luis-felipe-edwards-reserva-carmenere-2016", "name": "Luis Felipe Edwards Reserva Carmen\u00e8re 2016", "statistics": {"status": "Normal", "ratings_count": 351, "ratings_average": 3.6, "labels_count": 3781, "reviews_count": 102}, "year": 2016, "grapes": null, "has_valid_ratings": true}, {"id": 22319009, "seo_name": "luis-felipe-edwards-reserva-carmenere-2015", "name": "Luis Felipe Edwards Reserva Carmen\u00e8re 2015", "statistics": {"status": "Normal", "ratings_count": 643, "ratings_average": 3.4, "labels_count": 5910, "reviews_count": 193}, "year": 2015, "grapes": null, "has_valid_ratings": true}, {"id": 5569853, "seo_name": "luis-felipe-edwards-reserva-carmenere-2014", "name": "Luis Felipe Edwards Reserva Carmen\u00e8re 2014", "statistics": {"status": "Normal", "ratings_count": 839, "ratings_average": 3.4, "labels_count": 6103, "reviews_count": 270}, "year": 2014, "grapes": null, "has_valid_ratings": true}, {"id": 2342184, "seo_name": "luis-felipe-edwards-reserva-carmenere-2013", "name": "Luis Felipe Edwards Reserva Carmen\u00e8re 2013", "statistics": {"status": "Normal", "ratings_count": 370, "ratings_average": 3.5, "labels_count": 2105, "reviews_count": 143}, "year": 2013, "grapes": null, "has_valid_ratings": true}, {"id": 1833776, "seo_name": "luis-felipe-edwards-reserva-carmenere-2012", "name": "Luis Felipe Edwards Reserva Carmen\u00e8re 2012", "statistics": {"status": "Normal", "ratings_count": 572, "ratings_average": 3.4, "labels_count": 3321, "reviews_count": 190}, "year": 2012, "grapes": null, "has_valid_ratings": true}, {"id": 1725290, "seo_name": "luis-felipe-edwards-reserva-carmenere-2011", "name": "Luis Felipe Edwards Reserva Carmen\u00e8re 2011", "statistics": {"status": "Normal", "ratings_count": 355, "ratings_average": 3.3, "labels_count": 2037, "reviews_count": 92}, "year": 2011, "grapes": null, "has_valid_ratings": true}, {"id": 1282191, "seo_name": "luis-felipe-edwards-reserva-carmenere-2010", "name": "Luis Felipe Edwards Reserva Carmen\u00e8re 2010", "statistics": {"status": "Normal", "ratings_count": 124, "ratings_average": 3.2, "labels_count": 614, "reviews_count": 30}, "year": 2010, "grapes": null, "has_valid_ratings": true}, {"id": 1227152, "seo_name": "luis-felipe-edwards-reserva-carmenere-2009", "name": "Luis Felipe Edwards Reserva Carmen\u00e8re 2009", "statistics": {"status": "Normal", "ratings_count": 63, "ratings_average": 3.6, "labels_count": 383, "reviews_count": 14}, "year": 2009, "grapes": null, "has_valid_ratings": true}, {"id": 1195890, "seo_name": "luis-felipe-edwards-reserva-carmenere-2008", "name": "Luis Felipe Edwards Reserva Carmen\u00e8re 2008", "statistics": {"status": "Normal", "ratings_count": 30, "ratings_average": 3, "labels_count": 247, "reviews_count": 7}, "year": 2008, "grapes": null, "has_valid_ratings": true}, {"id": 1387960, "seo_name": "luis-felipe-edwards-reserva-carmenere-2007", "name": "Luis Felipe Edwards Reserva Carmen\u00e8re 2007", "statistics": {"status": "BelowThreshold", "ratings_count": 5, "ratings_average": 0, "labels_count": 25, "reviews_count": 2}, "year": 2007, "grapes": null, "has_valid_ratings": false}, {"id": 103073, "seo_name": "luis-felipe-edwards-reserva-carmenere-2006", "name": "Luis Felipe Edwards Reserva Carmen\u00e8re 2006", "statistics": {"status": "BelowThreshold", "ratings_count": 4, "ratings_average": 0, "labels_count": 39, "reviews_count": 1}, "year": 2006, "grapes": null, "has_valid_ratings": false}, {"id": 2086006, "seo_name": "luis-felipe-edwards-reserva-carmenere-2003", "name": "Luis Felipe Edwards Reserva Carmen\u00e8re 2003", "statistics": {"status": "BelowThreshold", "ratings_count": 1, "ratings_average": 0, "labels_count": 25, "reviews_count": 0}, "year": 2003, "grapes": null, "has_valid_ratings": false}, {"id": 13500915, "seo_name": "luis-felipe-edwards-reserva-carmenere-2002", "name": "Luis Felipe Edwards Reserva Carmen\u00e8re 2002", "statistics": {"status": "BelowThreshold", "ratings_count": 1, "ratings_average": 0, "labels_count": 10, "reviews_count": 0}, "year": 2002, "grapes": null, "has_valid_ratings": false}, {"id": 3100081, "seo_name": "luis-felipe-edwards-reserva-carmenere-2001", "name": "Luis Felipe Edwards Reserva Carmen\u00e8re 2001", "statistics": {"status": "BelowThreshold", "ratings_count": 2, "ratings_average": 0, "labels_count": 13, "reviews_count": 0}, "year": 2001, "grapes": null, "has_valid_ratings": false}, {"id": 11368508, "seo_name": "luis-felipe-edwards-reserva-carmenere-1960", "name": "Luis Felipe Edwards Reserva Carmen\u00e8re 1960", "statistics": {"status": "BelowThreshold", "ratings_count": 3, "ratings_average": 0, "labels_count": 35, "reviews_count": 0}, "year": 1960, "grapes": null, "has_valid_ratings": false}, {"id": 1483118, "seo_name": "luis-felipe-edwards-reserva-carmenere-uv", "name": "Luis Felipe Edwards Reserva Carmen\u00e8re", "statistics": {"status": "Normal", "ratings_count": 4040, "ratings_average": 3.4, "labels_count": 453, "reviews_count": 23}, "year": 0, "grapes": null, "has_valid_ratings": true}], "description": "Aromas of red berries, blackberries and spices, and fine touches of chocolate and toasted bread. \nThis wine is round and well-balanced, with mature tannins and an elegant finish. ", "grapes": [{"id": 51, "name": "Carm\u00e9n\u00e8re", "seo_name": "carmenere", "has_detailed_info": true, "wines_count": 50087}], "foods": [{"id": 4, "name": "Beef", "background_image": {"location": "//images.vivino.com/backgrounds/foods/4_beef.png", "variations": {"small": "//images.vivino.com/backgrounds/foods/thumbs/4_beef_932x810.png"}}, "seo_name": "beef"}, {"id": 5, "name": "Pasta", "background_image": {"location": "//images.vivino.com/backgrounds/foods/5_pasta.png", "variations": {"small": "//images.vivino.com/backgrounds/foods/thumbs/5_pasta_932x810.png"}}, "seo_name": null}, {"id": 8, "name": "Lamb", "background_image": {"location": "//images.vivino.com/backgrounds/foods/8_lamb.png", "variations": {"small": "//images.vivino.com/backgrounds/foods/thumbs/8_lamb_932x810.png"}}, "seo_name": "lamb"}, {"id": 20, "name": "Poultry", "background_image": {"location": "//images.vivino.com/backgrounds/foods/20_chicken.png", "variations": {"small": "//images.vivino.com/backgrounds/foods/thumbs/20_chicken_932x810.png"}}, "seo_name": "poultry"}], "non_vintage": false, "alcohol": 14, "sweetness_id": null, "closure": null, "vintage_mask_raw": null, "updated_at": "2018-03-19T15:14:37Z", "created_at": "2009-12-01T08:39:06Z", "is_first_wine": false, "style": {"id": 45, "seo_name": "chilean-carmenere", "regional_name": "Chilean", "varietal_name": "Carm\u00e9n\u00e8re", "name": "Chilean Carm\u00e9n\u00e8re", "image": null, "background_image": null, "description": "A delicious, yet lesser known grape varietal, Chilean Carmenere results in fantastically beautiful, medium-bodied, fruit-forward wines. With gentle tannins, and deep crimson colors, you can expect an array of berries, red fruits, spice, smokiness and earth on both the nose and palate.\n\nIf you're into collecting, be aware that Carmenere is best enjoyed in the first couple of years after bottling.\n\nOriginally from southwest Bordeaux, France, Carmenere finds a hospitable home in central Chile. Today Carmenere grows all over the world, but the best renditions are generally considered to come from Chile. Now, comparatively little Carmenere still grows in France.\n\nCarmenere is very similar to Merlot. In fact, until recently, Chilean wine growers mistook Carmenere for Merlot for decades.\n\nWith respect to food, Carmenere goes really well with menus containing savory flavors and spice. Enjoy a Carmenere with anything from steak to BBQ, to red-sauce pasta. However, try to avoid pairing any red wine with seafood.", "blurb": null, "interesting_facts": ["Carmenere is pronounced with last syllable sounding like \u201cy-air.\u201d", "Carmenere started in Bordeaux, France, and hardly grows in France at all now.", "Carmenere is used mainly as a blending grape and was mistaken as Merlot for many years."], "body": 4, "body_description": "Full-bodied", "acidity": 3, "acidity_description": "High", "country": {"code": "cl", "name": "Chile", "native_name": "Chile", "seo_name": "chile", "currency": {"code": "CLP", "name": "Chiliean Peso", "prefix": "$", "suffix": null}, "regions_count": 39, "users_count": 292408, "wines_count": 53149, "wineries_count": 5507, "most_used_grapes": [{"id": 2, "name": "Cabernet Sauvignon", "seo_name": "cabernet-sauvignon", "has_detailed_info": true, "wines_count": 801751}, {"id": 51, "name": "Carm\u00e9n\u00e8re", "seo_name": "carmenere", "has_detailed_info": true, "wines_count": 50087}, {"id": 10, "name": "Merlot", "seo_name": "merlot", "has_detailed_info": true, "wines_count": 566719}]}, "wine_type_id": 1, "food": [{"id": 4, "name": "Beef", "background_image": {"location": "//images.vivino.com/backgrounds/foods/4_beef.png", "variations": {"small": "//images.vivino.com/backgrounds/foods/thumbs/4_beef_932x810.png"}}, "seo_name": "beef"}, {"id": 5, "name": "Pasta", "background_image": {"location": "//images.vivino.com/backgrounds/foods/5_pasta.png", "variations": {"small": "//images.vivino.com/backgrounds/foods/thumbs/5_pasta_932x810.png"}}, "seo_name": null}, {"id": 8, "name": "Lamb", "background_image": {"location": "//images.vivino.com/backgrounds/foods/8_lamb.png", "variations": {"small": "//images.vivino.com/backgrounds/foods/thumbs/8_lamb_932x810.png"}}, "seo_name": "lamb"}, {"id": 20, "name": "Poultry", "background_image": {"location": "//images.vivino.com/backgrounds/foods/20_chicken.png", "variations": {"small": "//images.vivino.com/backgrounds/foods/thumbs/20_chicken_932x810.png"}}, "seo_name": "poultry"}], "grapes": [{"id": 51, "name": "Carm\u00e9n\u00e8re", "seo_name": "carmenere", "has_detailed_info": true, "wines_count": 50087}], "region": null}, "has_valid_ratings": true}, "description": "", "wine_critic_reviews": [], "awards": [], "ratings_distribution": {"1": 88, "2": 372, "3": 2018, "4": 1345, "5": 217}, "ranking": {"country": {"description": "Rank within Chile", "total": 241362, "rank": 40835}, "region": {"description": "Rank within Wine Region", "total": 219053, "rank": 34601}, "winery": {"description": "Rank within Winery", "total": 2895, "rank": 557}, "global": {"description": "Global Rank", "total": 8944603, "rank": 1760713}}, "wine_facts": {}, "winemaker": null, "wine_maker": null, "grape_composition": {}, "year": "", "grapes": null, "has_valid_ratings": true}, "carts": null, "full_region": null, "tastes": null, "wine": {"id": 85362, "name": "Reserva Carmen\u00e8re", "seo_name": "reserva-carmenere", "type_id": 1, "vintage_type": 0, "is_natural": false, "region": {"id": 737, "name": "Colchagua Valley", "name_en": "Valle de Colchagua", "seo_name": "colchagua-valley", "country": {"code": "cl", "name": "Chile", "native_name": "Chile", "seo_name": "chile", "currency": {"code": "CLP", "name": "Chiliean Peso", "prefix": "$", "suffix": null}, "regions_count": 39, "users_count": 292408, "wines_count": 53149, "wineries_count": 5507, "most_used_grapes": [{"id": 2, "name": "Cabernet Sauvignon", "seo_name": "cabernet-sauvignon", "has_detailed_info": true, "wines_count": 801751}, {"id": 51, "name": "Carm\u00e9n\u00e8re", "seo_name": "carmenere", "has_detailed_info": true, "wines_count": 50087}, {"id": 10, "name": "Merlot", "seo_name": "merlot", "has_detailed_info": true, "wines_count": 566719}]}, "parent_id": 736, "background_image": {"location": "//images.vivino.com/regions/backgrounds/8zBR4VOATF-f18S-MKm1Cg.jpg", "variations": {"large": "//thumbs.vivino.com/region_backgrounds/8zBR4VOATF-f18S-MKm1Cg_1280x760.jpg", "medium": "//thumbs.vivino.com/region_backgrounds/8zBR4VOATF-f18S-MKm1Cg_600x356.jpg"}}, "class": {"typecast_map": {"background_image": {}, "class": {}}}, "statistics": {"wineries_count": 417, "wines_count": 4026, "sub_regions_count": 1, "parent_regions_count": 2}}, "review_status": 2, "winery": {"id": 3700, "name": "Luis Felipe Edwards", "seo_name": "luis-felipe-edwards", "status": 1, "review_status": "Completed", "background_image": null, "statistics": {"ratings_count": 163529, "ratings_average": 3.6, "labels_count": 1662392, "wines_count": 319}, "region": {"id": 593, "name": "Central Valley", "name_en": "Valle Central", "seo_name": "central-valley", "country": {"code": "cl", "name": "Chile", "native_name": "Chile", "seo_name": "chile", "currency": {"code": "CLP", "name": "Chiliean Peso", "prefix": "$", "suffix": null}, "regions_count": 39, "users_count": 292408, "wines_count": 53149, "wineries_count": 5507, "most_used_grapes": [{"id": 2, "name": "Cabernet Sauvignon", "seo_name": "cabernet-sauvignon", "has_detailed_info": true, "wines_count": 801751}, {"id": 51, "name": "Carm\u00e9n\u00e8re", "seo_name": "carmenere", "has_detailed_info": true, "wines_count": 50087}, {"id": 10, "name": "Merlot", "seo_name": "merlot", "has_detailed_info": true, "wines_count": 566719}]}, "parent_id": null, "background_image": {"location": "//images.vivino.com/regions/backgrounds/y1hoTX9vTreZJzvxrUBAWw.jpg", "variations": {"large": "//thumbs.vivino.com/region_backgrounds/y1hoTX9vTreZJzvxrUBAWw_1280x760.jpg", "medium": "//thumbs.vivino.com/region_backgrounds/y1hoTX9vTreZJzvxrUBAWw_600x356.jpg"}}, "statistics": {"wineries_count": 4186, "wines_count": 25869, "sub_regions_count": 4, "parent_regions_count": 0}}}, "image": {"location": "//images.vivino.com/thumbs/9azkHiPgR1y9LjcRJv9oIw_pl_480x640.png", "variations": {"bottle_large": "//images.vivino.com/thumbs/9azkHiPgR1y9LjcRJv9oIw_pb_x960.png", "bottle_medium": "//images.vivino.com/thumbs/9azkHiPgR1y9LjcRJv9oIw_pb_x600.png", "bottle_medium_square": "//images.vivino.com/thumbs/9azkHiPgR1y9LjcRJv9oIw_pb_600x600.png", "bottle_small": "//images.vivino.com/thumbs/9azkHiPgR1y9LjcRJv9oIw_pb_x300.png", "bottle_small_square": "//images.vivino.com/thumbs/9azkHiPgR1y9LjcRJv9oIw_pb_300x300.png", "label": "//images.vivino.com/thumbs/9azkHiPgR1y9LjcRJv9oIw_pl_480x640.png", "label_large": "//images.vivino.com/thumbs/9azkHiPgR1y9LjcRJv9oIw_pl_375x500.png", "label_medium": "//images.vivino.com/thumbs/9azkHiPgR1y9LjcRJv9oIw_pl_150x200.png", "label_medium_square": "//images.vivino.com/thumbs/9azkHiPgR1y9LjcRJv9oIw_pl_150x150.png", "label_small_square": "//images.vivino.com/thumbs/9azkHiPgR1y9LjcRJv9oIw_pl_80x80.png", "large": "//images.vivino.com/thumbs/9azkHiPgR1y9LjcRJv9oIw_pl_375x500.png", "medium": "//images.vivino.com/thumbs/9azkHiPgR1y9LjcRJv9oIw_pl_150x200.png", "medium_square": "//images.vivino.com/thumbs/9azkHiPgR1y9LjcRJv9oIw_pl_150x150.png", "small_square": "//images.vivino.com/thumbs/9azkHiPgR1y9LjcRJv9oIw_pl_80x80.png"}}, "statistics": {"status": "Normal", "ratings_count": 4040, "ratings_average": 3.4, "labels_count": 34876, "vintages_count": 41}, "rank": null, "hidden": false, "vintages": [{"id": 167157174, "seo_name": "luis-felipe-edwards-reserva-carmenere-2021", "name": "Luis Felipe Edwards Reserva Carmen\u00e8re 2021", "statistics": {"status": "BelowThreshold", "ratings_count": 0, "ratings_average": 0, "labels_count": 22, "reviews_count": 0}, "year": 2021, "grapes": null, "has_valid_ratings": false}, {"id": 165954050, "seo_name": "luis-felipe-edwards-reserva-carmenere-2020", "name": "Luis Felipe Edwards Reserva Carmen\u00e8re 2020", "statistics": {"status": "Normal", "ratings_count": 31, "ratings_average": 4, "labels_count": 503, "reviews_count": 13}, "year": 2020, "grapes": null, "has_valid_ratings": true}, {"id": 159899269, "seo_name": "luis-felipe-edwards-reserva-carmenere-2019", "name": "Luis Felipe Edwards Reserva Carmen\u00e8re 2019", "statistics": {"status": "Normal", "ratings_count": 217, "ratings_average": 3.5, "labels_count": 3769, "reviews_count": 88}, "year": 2019, "grapes": null, "has_valid_ratings": true}, {"id": 156923732, "seo_name": "luis-felipe-edwards-reserva-carmenere-2018", "name": "Luis Felipe Edwards Reserva Carmen\u00e8re 2018", "statistics": {"status": "Normal", "ratings_count": 168, "ratings_average": 3.6, "labels_count": 2455, "reviews_count": 61}, "year": 2018, "grapes": null, "has_valid_ratings": true}, {"id": 151201823, "seo_name": "luis-felipe-edwards-reserva-carmenere-2017", "name": "Luis Felipe Edwards Reserva Carmen\u00e8re 2017", "statistics": {"status": "Normal", "ratings_count": 179, "ratings_average": 3.4, "labels_count": 2809, "reviews_count": 73}, "year": 2017, "grapes": null, "has_valid_ratings": true}, {"id": 102301640, "seo_name": "luis-felipe-edwards-reserva-carmenere-2016", "name": "Luis Felipe Edwards Reserva Carmen\u00e8re 2016", "statistics": {"status": "Normal", "ratings_count": 351, "ratings_average": 3.6, "labels_count": 3781, "reviews_count": 102}, "year": 2016, "grapes": null, "has_valid_ratings": true}, {"id": 22319009, "seo_name": "luis-felipe-edwards-reserva-carmenere-2015", "name": "Luis Felipe Edwards Reserva Carmen\u00e8re 2015", "statistics": {"status": "Normal", "ratings_count": 643, "ratings_average": 3.4, "labels_count": 5910, "reviews_count": 193}, "year": 2015, "grapes": null, "has_valid_ratings": true}, {"id": 5569853, "seo_name": "luis-felipe-edwards-reserva-carmenere-2014", "name": "Luis Felipe Edwards Reserva Carmen\u00e8re 2014", "statistics": {"status": "Normal", "ratings_count": 839, "ratings_average": 3.4, "labels_count": 6103, "reviews_count": 270}, "year": 2014, "grapes": null, "has_valid_ratings": true}, {"id": 2342184, "seo_name": "luis-felipe-edwards-reserva-carmenere-2013", "name": "Luis Felipe Edwards Reserva Carmen\u00e8re 2013", "statistics": {"status": "Normal", "ratings_count": 370, "ratings_average": 3.5, "labels_count": 2105, "reviews_count": 143}, "year": 2013, "grapes": null, "has_valid_ratings": true}, {"id": 1833776, "seo_name": "luis-felipe-edwards-reserva-carmenere-2012", "name": "Luis Felipe Edwards Reserva Carmen\u00e8re 2012", "statistics": {"status": "Normal", "ratings_count": 572, "ratings_average": 3.4, "labels_count": 3321, "reviews_count": 190}, "year": 2012, "grapes": null, "has_valid_ratings": true}, {"id": 1725290, "seo_name": "luis-felipe-edwards-reserva-carmenere-2011", "name": "Luis Felipe Edwards Reserva Carmen\u00e8re 2011", "statistics": {"status": "Normal", "ratings_count": 355, "ratings_average": 3.3, "labels_count": 2037, "reviews_count": 92}, "year": 2011, "grapes": null, "has_valid_ratings": true}, {"id": 1282191, "seo_name": "luis-felipe-edwards-reserva-carmenere-2010", "name": "Luis Felipe Edwards Reserva Carmen\u00e8re 2010", "statistics": {"status": "Normal", "ratings_count": 124, "ratings_average": 3.2, "labels_count": 614, "reviews_count": 30}, "year": 2010, "grapes": null, "has_valid_ratings": true}, {"id": 1227152, "seo_name": "luis-felipe-edwards-reserva-carmenere-2009", "name": "Luis Felipe Edwards Reserva Carmen\u00e8re 2009", "statistics": {"status": "Normal", "ratings_count": 63, "ratings_average": 3.6, "labels_count": 383, "reviews_count": 14}, "year": 2009, "grapes": null, "has_valid_ratings": true}, {"id": 1195890, "seo_name": "luis-felipe-edwards-reserva-carmenere-2008", "name": "Luis Felipe Edwards Reserva Carmen\u00e8re 2008", "statistics": {"status": "Normal", "ratings_count": 30, "ratings_average": 3, "labels_count": 247, "reviews_count": 7}, "year": 2008, "grapes": null, "has_valid_ratings": true}, {"id": 1387960, "seo_name": "luis-felipe-edwards-reserva-carmenere-2007", "name": "Luis Felipe Edwards Reserva Carmen\u00e8re 2007", "statistics": {"status": "BelowThreshold", "ratings_count": 5, "ratings_average": 0, "labels_count": 25, "reviews_count": 2}, "year": 2007, "grapes": null, "has_valid_ratings": false}, {"id": 103073, "seo_name": "luis-felipe-edwards-reserva-carmenere-2006", "name": "Luis Felipe Edwards Reserva Carmen\u00e8re 2006", "statistics": {"status": "BelowThreshold", "ratings_count": 4, "ratings_average": 0, "labels_count": 39, "reviews_count": 1}, "year": 2006, "grapes": null, "has_valid_ratings": false}, {"id": 3966656, "seo_name": "luis-felipe-edwards-reserva-carmenere-2005", "name": "Luis Felipe Edwards Reserva Carmen\u00e8re 2005", "statistics": {"status": "BelowThreshold", "ratings_count": 0, "ratings_average": 0, "labels_count": 19, "reviews_count": 0}, "year": 2005, "grapes": null, "has_valid_ratings": false}, {"id": 2933569, "seo_name": "luis-felipe-edwards-reserva-carmenere-2004", "name": "Luis Felipe Edwards Reserva Carmen\u00e8re 2004", "statistics": {"status": "BelowThreshold", "ratings_count": 0, "ratings_average": 0, "labels_count": 10, "reviews_count": 0}, "year": 2004, "grapes": null, "has_valid_ratings": false}, {"id": 2086006, "seo_name": "luis-felipe-edwards-reserva-carmenere-2003", "name": "Luis Felipe Edwards Reserva Carmen\u00e8re 2003", "statistics": {"status": "BelowThreshold", "ratings_count": 1, "ratings_average": 0, "labels_count": 25, "reviews_count": 0}, "year": 2003, "grapes": null, "has_valid_ratings": false}, {"id": 13500915, "seo_name": "luis-felipe-edwards-reserva-carmenere-2002", "name": "Luis Felipe Edwards Reserva Carmen\u00e8re 2002", "statistics": {"status": "BelowThreshold", "ratings_count": 1, "ratings_average": 0, "labels_count": 10, "reviews_count": 0}, "year": 2002, "grapes": null, "has_valid_ratings": false}, {"id": 3100081, "seo_name": "luis-felipe-edwards-reserva-carmenere-2001", "name": "Luis Felipe Edwards Reserva Carmen\u00e8re 2001", "statistics": {"status": "BelowThreshold", "ratings_count": 2, "ratings_average": 0, "labels_count": 13, "reviews_count": 0}, "year": 2001, "grapes": null, "has_valid_ratings": false}, {"id": 3253805, "seo_name": "luis-felipe-edwards-reserva-carmenere-2000", "name": "Luis Felipe Edwards Reserva Carmen\u00e8re 2000", "statistics": {"status": "BelowThreshold", "ratings_count": 0, "ratings_average": 0, "labels_count": 5, "reviews_count": 0}, "year": 2000, "grapes": null, "has_valid_ratings": false}, {"id": 17997001, "seo_name": "luis-felipe-edwards-reserva-carmenere-1999", "name": "Luis Felipe Edwards Reserva Carmen\u00e8re 1999", "statistics": {"status": "BelowThreshold", "ratings_count": 0, "ratings_average": 0, "labels_count": 1, "reviews_count": 0}, "year": 1999, "grapes": null, "has_valid_ratings": false}, {"id": 17996998, "seo_name": "luis-felipe-edwards-reserva-carmenere-1998", "name": "Luis Felipe Edwards Reserva Carmen\u00e8re 1998", "statistics": {"status": "BelowThreshold", "ratings_count": 0, "ratings_average": 0, "labels_count": 2, "reviews_count": 0}, "year": 1998, "grapes": null, "has_valid_ratings": false}, {"id": 17996997, "seo_name": "luis-felipe-edwards-reserva-carmenere-1997", "name": "Luis Felipe Edwards Reserva Carmen\u00e8re 1997", "statistics": {"status": "BelowThreshold", "ratings_count": 0, "ratings_average": 0, "labels_count": 0, "reviews_count": 0}, "year": 1997, "grapes": null, "has_valid_ratings": false}, {"id": 35024912, "seo_name": "luis-felipe-edwards-reserva-carmenere-1995", "name": "Luis Felipe Edwards Reserva Carmen\u00e8re 1995", "statistics": {"status": "BelowThreshold", "ratings_count": 0, "ratings_average": 0, "labels_count": 0, "reviews_count": 0}, "year": 1995, "grapes": null, "has_valid_ratings": false}, {"id": 170216282, "seo_name": "luis-felipe-edwards-reserva-carmenere-1992", "name": "Luis Felipe Edwards Reserva Carmen\u00e8re 1992", "statistics": {"status": "BelowThreshold", "ratings_count": 0, "ratings_average": 0, "labels_count": 1, "reviews_count": 0}, "year": 1992, "grapes": null, "has_valid_ratings": false}, {"id": 4287208, "seo_name": "luis-felipe-edwards-reserva-carmenere-1991", "name": "Luis Felipe Edwards Reserva Carmen\u00e8re 1991", "statistics": {"status": "BelowThreshold", "ratings_count": 0, "ratings_average": 0, "labels_count": 8, "reviews_count": 0}, "year": 1991, "grapes": null, "has_valid_ratings": false}, {"id": 28305308, "seo_name": "luis-felipe-edwards-reserva-carmenere-1990", "name": "Luis Felipe Edwards Reserva Carmen\u00e8re 1990", "statistics": {"status": "BelowThreshold", "ratings_count": 0, "ratings_average": 0, "labels_count": 1, "reviews_count": 0}, "year": 1990, "grapes": null, "has_valid_ratings": false}, {"id": 157434197, "seo_name": "luis-felipe-edwards-reserva-carmenere-1989", "name": "Luis Felipe Edwards Reserva Carmen\u00e8re 1989", "statistics": {"status": "BelowThreshold", "ratings_count": 0, "ratings_average": 0, "labels_count": 0, "reviews_count": 0}, "year": 1989, "grapes": null, "has_valid_ratings": false}, {"id": 3253804, "seo_name": "luis-felipe-edwards-reserva-carmenere-1988", "name": "Luis Felipe Edwards Reserva Carmen\u00e8re 1988", "statistics": {"status": "BelowThreshold", "ratings_count": 0, "ratings_average": 0, "labels_count": 3, "reviews_count": 0}, "year": 1988, "grapes": null, "has_valid_ratings": false}, {"id": 19958012, "seo_name": "luis-felipe-edwards-reserva-carmenere-1980", "name": "Luis Felipe Edwards Reserva Carmen\u00e8re 1980", "statistics": {"status": "BelowThreshold", "ratings_count": 0, "ratings_average": 0, "labels_count": 1, "reviews_count": 0}, "year": 1980, "grapes": null, "has_valid_ratings": false}, {"id": 3748065, "seo_name": "luis-felipe-edwards-reserva-carmenere-1979", "name": "Luis Felipe Edwards Reserva Carmen\u00e8re 1979", "statistics": {"status": "BelowThreshold", "ratings_count": 0, "ratings_average": 0, "labels_count": 0, "reviews_count": 0}, "year": 1979, "grapes": null, "has_valid_ratings": false}, {"id": 141148724, "seo_name": "luis-felipe-edwards-reserva-carmenere-1975", "name": "Luis Felipe Edwards Reserva Carmen\u00e8re 1975", "statistics": {"status": "BelowThreshold", "ratings_count": 0, "ratings_average": 0, "labels_count": 0, "reviews_count": 0}, "year": 1975, "grapes": null, "has_valid_ratings": false}, {"id": 3868572, "seo_name": "luis-felipe-edwards-reserva-carmenere-1971", "name": "Luis Felipe Edwards Reserva Carmen\u00e8re 1971", "statistics": {"status": "BelowThreshold", "ratings_count": 0, "ratings_average": 0, "labels_count": 1, "reviews_count": 0}, "year": 1971, "grapes": null, "has_valid_ratings": false}, {"id": 11368508, "seo_name": "luis-felipe-edwards-reserva-carmenere-1960", "name": "Luis Felipe Edwards Reserva Carmen\u00e8re 1960", "statistics": {"status": "BelowThreshold", "ratings_count": 3, "ratings_average": 0, "labels_count": 35, "reviews_count": 0}, "year": 1960, "grapes": null, "has_valid_ratings": false}, {"id": 142909906, "seo_name": "luis-felipe-edwards-reserva-carmenere-1946", "name": "Luis Felipe Edwards Reserva Carmen\u00e8re 1946", "statistics": {"status": "BelowThreshold", "ratings_count": 0, "ratings_average": 0, "labels_count": 0, "reviews_count": 0}, "year": 1946, "grapes": null, "has_valid_ratings": false}, {"id": 142650766, "seo_name": "luis-felipe-edwards-reserva-carmenere-1941", "name": "Luis Felipe Edwards Reserva Carmen\u00e8re 1941", "statistics": {"status": "BelowThreshold", "ratings_count": 0, "ratings_average": 0, "labels_count": 0, "reviews_count": 0}, "year": 1941, "grapes": null, "has_valid_ratings": false}, {"id": 150691105, "seo_name": "luis-felipe-edwards-reserva-carmenere-1900", "name": "Luis Felipe Edwards Reserva Carmen\u00e8re 1900", "statistics": {"status": "BelowThreshold", "ratings_count": 0, "ratings_average": 0, "labels_count": 0, "reviews_count": 0}, "year": 1900, "grapes": null, "has_valid_ratings": false}, {"id": 40157441, "seo_name": "luis-felipe-edwards-reserva-carmenere-1790", "name": "Luis Felipe Edwards Reserva Carmen\u00e8re 1790", "statistics": {"status": "BelowThreshold", "ratings_count": 0, "ratings_average": 0, "labels_count": 1, "reviews_count": 0}, "year": 1790, "grapes": null, "has_valid_ratings": false}, {"id": 1483118, "seo_name": "luis-felipe-edwards-reserva-carmenere-uv", "name": "Luis Felipe Edwards Reserva Carmen\u00e8re", "statistics": {"status": "Normal", "ratings_count": 4040, "ratings_average": 3.4, "labels_count": 453, "reviews_count": 23}, "year": 0, "grapes": null, "has_valid_ratings": true}], "description": "Aromas of red berries, blackberries and spices, and fine touches of chocolate and toasted bread. \nThis wine is round and well-balanced, with mature tannins and an elegant finish. ", "grapes": [{"id": 51, "name": "Carm\u00e9n\u00e8re", "seo_name": "carmenere", "has_detailed_info": true, "wines_count": 50087}], "foods": [{"id": 4, "name": "Beef", "background_image": {"location": "//images.vivino.com/backgrounds/foods/4_beef.png", "variations": {"small": "//images.vivino.com/backgrounds/foods/thumbs/4_beef_932x810.png"}}, "seo_name": "beef"}, {"id": 5, "name": "Pasta", "background_image": {"location": "//images.vivino.com/backgrounds/foods/5_pasta.png", "variations": {"small": "//images.vivino.com/backgrounds/foods/thumbs/5_pasta_932x810.png"}}, "seo_name": null}, {"id": 8, "name": "Lamb", "background_image": {"location": "//images.vivino.com/backgrounds/foods/8_lamb.png", "variations": {"small": "//images.vivino.com/backgrounds/foods/thumbs/8_lamb_932x810.png"}}, "seo_name": "lamb"}, {"id": 20, "name": "Poultry", "background_image": {"location": "//images.vivino.com/backgrounds/foods/20_chicken.png", "variations": {"small": "//images.vivino.com/backgrounds/foods/thumbs/20_chicken_932x810.png"}}, "seo_name": "poultry"}], "non_vintage": false, "alcohol": 14, "sweetness_id": null, "closure": null, "vintage_mask_raw": null, "updated_at": "2018-03-19T15:14:37Z", "created_at": "2009-12-01T08:39:06Z", "is_first_wine": false, "style": {"id": 45, "seo_name": "chilean-carmenere", "regional_name": "Chilean", "varietal_name": "Carm\u00e9n\u00e8re", "name": "Chilean Carm\u00e9n\u00e8re", "image": null, "background_image": null, "description": "A delicious, yet lesser known grape varietal, Chilean Carmenere results in fantastically beautiful, medium-bodied, fruit-forward wines. With gentle tannins, and deep crimson colors, you can expect an array of berries, red fruits, spice, smokiness and earth on both the nose and palate.\n\nIf you're into collecting, be aware that Carmenere is best enjoyed in the first couple of years after bottling.\n\nOriginally from southwest Bordeaux, France, Carmenere finds a hospitable home in central Chile. Today Carmenere grows all over the world, but the best renditions are generally considered to come from Chile. Now, comparatively little Carmenere still grows in France.\n\nCarmenere is very similar to Merlot. In fact, until recently, Chilean wine growers mistook Carmenere for Merlot for decades.\n\nWith respect to food, Carmenere goes really well with menus containing savory flavors and spice. Enjoy a Carmenere with anything from steak to BBQ, to red-sauce pasta. However, try to avoid pairing any red wine with seafood.", "blurb": null, "interesting_facts": ["Carmenere is pronounced with last syllable sounding like \u201cy-air.\u201d", "Carmenere started in Bordeaux, France, and hardly grows in France at all now.", "Carmenere is used mainly as a blending grape and was mistaken as Merlot for many years."], "body": 4, "body_description": "Full-bodied", "acidity": 3, "acidity_description": "High", "country": {"code": "cl", "name": "Chile", "native_name": "Chile", "seo_name": "chile", "currency": {"code": "CLP", "name": "Chiliean Peso", "prefix": "$", "suffix": null}, "regions_count": 39, "users_count": 292408, "wines_count": 53149, "wineries_count": 5507, "most_used_grapes": [{"id": 2, "name": "Cabernet Sauvignon", "seo_name": "cabernet-sauvignon", "has_detailed_info": true, "wines_count": 801751}, {"id": 51, "name": "Carm\u00e9n\u00e8re", "seo_name": "carmenere", "has_detailed_info": true, "wines_count": 50087}, {"id": 10, "name": "Merlot", "seo_name": "merlot", "has_detailed_info": true, "wines_count": 566719}]}, "wine_type_id": 1, "food": [{"id": 4, "name": "Beef", "background_image": {"location": "//images.vivino.com/backgrounds/foods/4_beef.png", "variations": {"small": "//images.vivino.com/backgrounds/foods/thumbs/4_beef_932x810.png"}}, "seo_name": "beef"}, {"id": 5, "name": "Pasta", "background_image": {"location": "//images.vivino.com/backgrounds/foods/5_pasta.png", "variations": {"small": "//images.vivino.com/backgrounds/foods/thumbs/5_pasta_932x810.png"}}, "seo_name": null}, {"id": 8, "name": "Lamb", "background_image": {"location": "//images.vivino.com/backgrounds/foods/8_lamb.png", "variations": {"small": "//images.vivino.com/backgrounds/foods/thumbs/8_lamb_932x810.png"}}, "seo_name": "lamb"}, {"id": 20, "name": "Poultry", "background_image": {"location": "//images.vivino.com/backgrounds/foods/20_chicken.png", "variations": {"small": "//images.vivino.com/backgrounds/foods/thumbs/20_chicken_932x810.png"}}, "seo_name": "poultry"}], "grapes": [{"id": 51, "name": "Carm\u00e9n\u00e8re", "seo_name": "carmenere", "has_detailed_info": true, "wines_count": 50087}], "region": null}, "has_valid_ratings": true}, "highlights": [{"vintage_id": 165954050, "highlight_type": "best_user_rated", "message": "This vintage rates better than any other year for this wine", "icon": "https://images.vivino.com/highlights/icon/best_user_rated.svg", "metadata": {"price": null, "wine_id": 85362, "toplist": null, "ws_award": null, "critic_review_id": null, "ratings_average": 4, "ratings_count": 31, "vintage_year": "2020", "rank_type": "country", "ranks": {"country": {"description": "Rank within Chile", "total": 241362, "rank": 21636}, "region": {"description": "Rank within Wine Region", "total": 219053, "rank": 17868}, "winery": {"description": "Rank within Winery", "total": 2895, "rank": 235}, "global": {"description": "Global Rank", "total": 8944603, "rank": 1108862}}, "style": {"id": 45, "seo_name": "chilean-carmenere", "regional_name": "Chilean", "varietal_name": "Carm\u00e9n\u00e8re", "name": "Chilean Carm\u00e9n\u00e8re", "image": null, "background_image": null, "description": "A delicious, yet lesser known grape varietal, Chilean Carmenere results in fantastically beautiful, medium-bodied, fruit-forward wines. With gentle tannins, and deep crimson colors, you can expect an array of berries, red fruits, spice, smokiness and earth on both the nose and palate.\n\nIf you're into collecting, be aware that Carmenere is best enjoyed in the first couple of years after bottling.\n\nOriginally from southwest Bordeaux, France, Carmenere finds a hospitable home in central Chile. Today Carmenere grows all over the world, but the best renditions are generally considered to come from Chile. Now, comparatively little Carmenere still grows in France.\n\nCarmenere is very similar to Merlot. In fact, until recently, Chilean wine growers mistook Carmenere for Merlot for decades.\n\nWith respect to food, Carmenere goes really well with menus containing savory flavors and spice. Enjoy a Carmenere with anything from steak to BBQ, to red-sauce pasta. However, try to avoid pairing any red wine with seafood.", "blurb": null, "interesting_facts": ["Carmenere is pronounced with last syllable sounding like \u201cy-air.\u201d", "Carmenere started in Bordeaux, France, and hardly grows in France at all now.", "Carmenere is used mainly as a blending grape and was mistaken as Merlot for many years."], "body": 4, "body_description": "Full-bodied", "acidity": 3, "acidity_description": "High", "country": {"code": "cl", "name": "Chile", "native_name": "Chile", "seo_name": "chile", "currency": {"code": "CLP", "name": "Chiliean Peso", "prefix": "$", "suffix": null}, "regions_count": 39, "users_count": 292408, "wines_count": 53149, "wineries_count": 5507, "most_used_grapes": [{"id": 2, "name": "Cabernet Sauvignon", "seo_name": "cabernet-sauvignon", "has_detailed_info": true, "wines_count": 801751}, {"id": 51, "name": "Carm\u00e9n\u00e8re", "seo_name": "carmenere", "has_detailed_info": true, "wines_count": 50087}, {"id": 10, "name": "Merlot", "seo_name": "merlot", "has_detailed_info": true, "wines_count": 566719}]}, "wine_type_id": 1, "food": [{"id": 4, "name": "Beef", "background_image": {"location": "//images.vivino.com/backgrounds/foods/4_beef.png", "variations": {"small": "//images.vivino.com/backgrounds/foods/thumbs/4_beef_932x810.png"}}, "seo_name": "beef"}, {"id": 5, "name": "Pasta", "background_image": {"location": "//images.vivino.com/backgrounds/foods/5_pasta.png", "variations": {"small": "//images.vivino.com/backgrounds/foods/thumbs/5_pasta_932x810.png"}}, "seo_name": null}, {"id": 8, "name": "Lamb", "background_image": {"location": "//images.vivino.com/backgrounds/foods/8_lamb.png", "variations": {"small": "//images.vivino.com/backgrounds/foods/thumbs/8_lamb_932x810.png"}}, "seo_name": "lamb"}, {"id": 20, "name": "Poultry", "background_image": {"location": "//images.vivino.com/backgrounds/foods/20_chicken.png", "variations": {"small": "//images.vivino.com/backgrounds/foods/thumbs/20_chicken_932x810.png"}}, "seo_name": "poultry"}], "grapes": [{"id": 51, "name": "Carm\u00e9n\u00e8re", "seo_name": "carmenere", "has_detailed_info": true, "wines_count": 50087}], "region": null}}, "vintage_year": 2020}, {"vintage_id": 5569853, "highlight_type": "most_user_rated", "message": "Popular among Vivino users. More than 800 ratings", "icon": "https://images.vivino.com/highlights/icon/most_user_rated.svg", "metadata": {"price": null, "wine_id": 85362, "toplist": null, "ws_award": null, "critic_review_id": null, "ratings_average": 3.4, "ratings_count": 839, "vintage_year": "2014", "rank_type": null, "ranks": {"country": {"description": "Rank within Chile", "total": 241362, "rank": 41481}, "region": {"description": "Rank within Wine Region", "total": 219053, "rank": 35209}, "winery": {"description": "Rank within Winery", "total": 2895, "rank": 574}, "global": {"description": "Global Rank", "total": 8944603, "rank": 1765177}}, "style": {"id": 45, "seo_name": "chilean-carmenere", "regional_name": "Chilean", "varietal_name": "Carm\u00e9n\u00e8re", "name": "Chilean Carm\u00e9n\u00e8re", "image": null, "background_image": null, "description": "A delicious, yet lesser known grape varietal, Chilean Carmenere results in fantastically beautiful, medium-bodied, fruit-forward wines. With gentle tannins, and deep crimson colors, you can expect an array of berries, red fruits, spice, smokiness and earth on both the nose and palate.\n\nIf you're into collecting, be aware that Carmenere is best enjoyed in the first couple of years after bottling.\n\nOriginally from southwest Bordeaux, France, Carmenere finds a hospitable home in central Chile. Today Carmenere grows all over the world, but the best renditions are generally considered to come from Chile. Now, comparatively little Carmenere still grows in France.\n\nCarmenere is very similar to Merlot. In fact, until recently, Chilean wine growers mistook Carmenere for Merlot for decades.\n\nWith respect to food, Carmenere goes really well with menus containing savory flavors and spice. Enjoy a Carmenere with anything from steak to BBQ, to red-sauce pasta. However, try to avoid pairing any red wine with seafood.", "blurb": null, "interesting_facts": ["Carmenere is pronounced with last syllable sounding like \u201cy-air.\u201d", "Carmenere started in Bordeaux, France, and hardly grows in France at all now.", "Carmenere is used mainly as a blending grape and was mistaken as Merlot for many years."], "body": 4, "body_description": "Full-bodied", "acidity": 3, "acidity_description": "High", "country": {"code": "cl", "name": "Chile", "native_name": "Chile", "seo_name": "chile", "currency": {"code": "CLP", "name": "Chiliean Peso", "prefix": "$", "suffix": null}, "regions_count": 39, "users_count": 292408, "wines_count": 53149, "wineries_count": 5507, "most_used_grapes": [{"id": 2, "name": "Cabernet Sauvignon", "seo_name": "cabernet-sauvignon", "has_detailed_info": true, "wines_count": 801751}, {"id": 51, "name": "Carm\u00e9n\u00e8re", "seo_name": "carmenere", "has_detailed_info": true, "wines_count": 50087}, {"id": 10, "name": "Merlot", "seo_name": "merlot", "has_detailed_info": true, "wines_count": 566719}]}, "wine_type_id": 1, "food": [{"id": 4, "name": "Beef", "background_image": {"location": "//images.vivino.com/backgrounds/foods/4_beef.png", "variations": {"small": "//images.vivino.com/backgrounds/foods/thumbs/4_beef_932x810.png"}}, "seo_name": "beef"}, {"id": 5, "name": "Pasta", "background_image": {"location": "//images.vivino.com/backgrounds/foods/5_pasta.png", "variations": {"small": "//images.vivino.com/backgrounds/foods/thumbs/5_pasta_932x810.png"}}, "seo_name": null}, {"id": 8, "name": "Lamb", "background_image": {"location": "//images.vivino.com/backgrounds/foods/8_lamb.png", "variations": {"small": "//images.vivino.com/backgrounds/foods/thumbs/8_lamb_932x810.png"}}, "seo_name": "lamb"}, {"id": 20, "name": "Poultry", "background_image": {"location": "//images.vivino.com/backgrounds/foods/20_chicken.png", "variations": {"small": "//images.vivino.com/backgrounds/foods/thumbs/20_chicken_932x810.png"}}, "seo_name": "poultry"}], "grapes": [{"id": 51, "name": "Carm\u00e9n\u00e8re", "seo_name": "carmenere", "has_detailed_info": true, "wines_count": 50087}], "region": null}}, "vintage_year": 2014}, {"vintage_id": 156923732, "highlight_type": "top_ranked", "message": "Among top 10% of all wines in region", "icon": "https://images.vivino.com/highlights/icon/top_ranked.svg", "metadata": {"price": null, "wine_id": 85362, "toplist": null, "ws_award": null, "critic_review_id": null, "ratings_average": 3.6, "ratings_count": 168, "vintage_year": "2018", "rank_type": "region", "ranks": {"country": {"description": "Rank within Chile", "total": 241362, "rank": 25294}, "region": {"description": "Rank within Wine Region", "total": 219053, "rank": 21025}, "winery": {"description": "Rank within Winery", "total": 2895, "rank": 298}, "global": {"description": "Global Rank", "total": 8944603, "rank": 1196760}}, "style": {"id": 45, "seo_name": "chilean-carmenere", "regional_name": "Chilean", "varietal_name": "Carm\u00e9n\u00e8re", "name": "Chilean Carm\u00e9n\u00e8re", "image": null, "background_image": null, "description": "A delicious, yet lesser known grape varietal, Chilean Carmenere results in fantastically beautiful, medium-bodied, fruit-forward wines. With gentle tannins, and deep crimson colors, you can expect an array of berries, red fruits, spice, smokiness and earth on both the nose and palate.\n\nIf you're into collecting, be aware that Carmenere is best enjoyed in the first couple of years after bottling.\n\nOriginally from southwest Bordeaux, France, Carmenere finds a hospitable home in central Chile. Today Carmenere grows all over the world, but the best renditions are generally considered to come from Chile. Now, comparatively little Carmenere still grows in France.\n\nCarmenere is very similar to Merlot. In fact, until recently, Chilean wine growers mistook Carmenere for Merlot for decades.\n\nWith respect to food, Carmenere goes really well with menus containing savory flavors and spice. Enjoy a Carmenere with anything from steak to BBQ, to red-sauce pasta. However, try to avoid pairing any red wine with seafood.", "blurb": null, "interesting_facts": ["Carmenere is pronounced with last syllable sounding like \u201cy-air.\u201d", "Carmenere started in Bordeaux, France, and hardly grows in France at all now.", "Carmenere is used mainly as a blending grape and was mistaken as Merlot for many years."], "body": 4, "body_description": "Full-bodied", "acidity": 3, "acidity_description": "High", "country": {"code": "cl", "name": "Chile", "native_name": "Chile", "seo_name": "chile", "currency": {"code": "CLP", "name": "Chiliean Peso", "prefix": "$", "suffix": null}, "regions_count": 39, "users_count": 292408, "wines_count": 53149, "wineries_count": 5507, "most_used_grapes": [{"id": 2, "name": "Cabernet Sauvignon", "seo_name": "cabernet-sauvignon", "has_detailed_info": true, "wines_count": 801751}, {"id": 51, "name": "Carm\u00e9n\u00e8re", "seo_name": "carmenere", "has_detailed_info": true, "wines_count": 50087}, {"id": 10, "name": "Merlot", "seo_name": "merlot", "has_detailed_info": true, "wines_count": 566719}]}, "wine_type_id": 1, "food": [{"id": 4, "name": "Beef", "background_image": {"location": "//images.vivino.com/backgrounds/foods/4_beef.png", "variations": {"small": "//images.vivino.com/backgrounds/foods/thumbs/4_beef_932x810.png"}}, "seo_name": "beef"}, {"id": 5, "name": "Pasta", "background_image": {"location": "//images.vivino.com/backgrounds/foods/5_pasta.png", "variations": {"small": "//images.vivino.com/backgrounds/foods/thumbs/5_pasta_932x810.png"}}, "seo_name": null}, {"id": 8, "name": "Lamb", "background_image": {"location": "//images.vivino.com/backgrounds/foods/8_lamb.png", "variations": {"small": "//images.vivino.com/backgrounds/foods/thumbs/8_lamb_932x810.png"}}, "seo_name": "lamb"}, {"id": 20, "name": "Poultry", "background_image": {"location": "//images.vivino.com/backgrounds/foods/20_chicken.png", "variations": {"small": "//images.vivino.com/backgrounds/foods/thumbs/20_chicken_932x810.png"}}, "seo_name": "poultry"}], "grapes": [{"id": 51, "name": "Carm\u00e9n\u00e8re", "seo_name": "carmenere", "has_detailed_info": true, "wines_count": 50087}], "region": null}}, "vintage_year": 2018}], "recommended_vintages": [{"vintage": {"id": 165954050, "seo_name": "luis-felipe-edwards-reserva-carmenere-2020", "name": "Luis Felipe Edwards Reserva Carmen\u00e8re 2020", "statistics": {"status": "Normal", "ratings_count": 31, "ratings_average": 4, "labels_count": 503, "reviews_count": 13}, "year": 2020, "grapes": null, "has_valid_ratings": true}, "type": "best_user_rated", "highlight_icon": "https://images.vivino.com/highlights/icon/best_user_rated.svg", "price": null}, {"vintage": {"id": 5569853, "seo_name": "luis-felipe-edwards-reserva-carmenere-2014", "name": "Luis Felipe Edwards Reserva Carmen\u00e8re 2014", "statistics": {"status": "Normal", "ratings_count": 839, "ratings_average": 3.4, "labels_count": 6103, "reviews_count": 270}, "year": 2014, "grapes": null, "has_valid_ratings": true}, "type": "most_user_rated", "highlight_icon": "https://images.vivino.com/highlights/icon/most_user_rated.svg", "price": null}, {"vintage": {"id": 156923732, "seo_name": "luis-felipe-edwards-reserva-carmenere-2018", "name": "Luis Felipe Edwards Reserva Carmen\u00e8re 2018", "statistics": {"status": "Normal", "ratings_count": 168, "ratings_average": 3.6, "labels_count": 2455, "reviews_count": 61}, "year": 2018, "grapes": null, "has_valid_ratings": true}, "type": "top_ranked", "highlight_icon": "https://images.vivino.com/highlights/icon/top_ranked.svg", "price": null}], "prices_and_availabilities": [], "price_range": {"currency": {"code": "EUR", "name": "Euros", "prefix": "\u20ac", "suffix": null}, "price_range": {"minimum": 0, "maximum": 500, "currency_code": "EUR"}, "defaults": {"minimum": 7, "maximum": 30, "currency_code": "EUR"}}, "subtotal_price": null}