{"vintage": {"id": 162169462, "seo_name": "cecilia-beretta-brognoligo-soave-classico-2019", "name": "Cecilia Beretta Brognoligo Soave Classico 2019", "statistics": {"status": "Normal", "ratings_count": 136, "ratings_average": 3.8, "labels_count": 1045, "reviews_count": 56}, "organic_certification_id": null, "certified_biodynamic": null, "image": {"location": "//images.vivino.com/thumbs/49YPwsvrS4a410rlSPMg_g_pl_480x640.png", "variations": {"bottle_large": "//images.vivino.com/thumbs/49YPwsvrS4a410rlSPMg_g_pb_x960.png", "bottle_medium": "//images.vivino.com/thumbs/49YPwsvrS4a410rlSPMg_g_pb_x600.png", "bottle_medium_square": "//images.vivino.com/thumbs/49YPwsvrS4a410rlSPMg_g_pb_600x600.png", "bottle_small": "//images.vivino.com/thumbs/49YPwsvrS4a410rlSPMg_g_pb_x300.png", "bottle_small_square": "//images.vivino.com/thumbs/49YPwsvrS4a410rlSPMg_g_pb_300x300.png", "label": "//images.vivino.com/thumbs/49YPwsvrS4a410rlSPMg_g_pl_480x640.png", "label_large": "//images.vivino.com/thumbs/49YPwsvrS4a410rlSPMg_g_pl_375x500.png", "label_medium": "//images.vivino.com/thumbs/49YPwsvrS4a410rlSPMg_g_pl_150x200.png", "label_medium_square": "//images.vivino.com/thumbs/49YPwsvrS4a410rlSPMg_g_pl_150x150.png", "label_small_square": "//images.vivino.com/thumbs/49YPwsvrS4a410rlSPMg_g_pl_80x80.png", "large": "//images.vivino.com/thumbs/49YPwsvrS4a410rlSPMg_g_pl_375x500.png", "medium": "//images.vivino.com/thumbs/49YPwsvrS4a410rlSPMg_g_pl_150x200.png", "medium_square": "//images.vivino.com/thumbs/49YPwsvrS4a410rlSPMg_g_pl_150x150.png", "small_square": "//images.vivino.com/thumbs/49YPwsvrS4a410rlSPMg_g_pl_80x80.png"}}, "wine": {"id": 1192753, "name": "Brognoligo Soave Classico", "seo_name": "brognoligo-soave-classico", "type_id": 2, "vintage_type": 0, "is_natural": false, "region": {"id": 2493, "name": "Soave", "name_en": "", "seo_name": "soave", "country": {"code": "it", "name": "Italien", "native_name": "Italia", "seo_name": "italy", "currency": {"code": "EUR", "name": "Euros", "prefix": "\u20ac", "suffix": null}, "regions_count": 555, "users_count": 3800165, "wines_count": 351993, "wineries_count": 41153, "most_used_grapes": [{"id": 16, "name": "Sangiovese", "seo_name": "sangiovese", "has_detailed_info": true, "wines_count": 123993}, {"id": 10, "name": "Merlot", "seo_name": "merlot", "has_detailed_info": true, "wines_count": 560926}, {"id": 5, "name": "Chardonnay", "seo_name": "chardonnay", "has_detailed_info": true, "wines_count": 597329}]}, "parent_id": 460, "background_image": null, "class": {"typecast_map": {"background_image": {}, "class": {}}}, "statistics": {"wineries_count": 55, "wines_count": 1200, "sub_regions_count": 3, "parent_regions_count": 1}}, "review_status": 2, "winery": {"id": 4649, "name": "Cecilia Beretta", "seo_name": "cecilia-beretta", "status": 0, "review_status": "Completed", "background_image": null, "statistics": {"ratings_count": 37659, "ratings_average": 3.9, "labels_count": 308735, "wines_count": 36}, "region": {"id": 3072, "name": "Verona", "name_en": "Veronese", "seo_name": "verona", "country": {"code": "it", "name": "Italien", "native_name": "Italia", "seo_name": "italy", "currency": {"code": "EUR", "name": "Euros", "prefix": "\u20ac", "suffix": null}, "regions_count": 555, "users_count": 3800165, "wines_count": 351993, "wineries_count": 41153, "most_used_grapes": [{"id": 16, "name": "Sangiovese", "seo_name": "sangiovese", "has_detailed_info": true, "wines_count": 123993}, {"id": 10, "name": "Merlot", "seo_name": "merlot", "has_detailed_info": true, "wines_count": 560926}, {"id": 5, "name": "Chardonnay", "seo_name": "chardonnay", "has_detailed_info": true, "wines_count": 597329}]}, "parent_id": 460, "background_image": {"location": "//images.vivino.com/regions/backgrounds/F5GNt38bQrC79sk3xhI6qQ.jpg", "variations": {"large": "//thumbs.vivino.com/region_backgrounds/F5GNt38bQrC79sk3xhI6qQ_1280x760.jpg", "medium": "//thumbs.vivino.com/region_backgrounds/F5GNt38bQrC79sk3xhI6qQ_600x356.jpg"}}, "class": {"typecast_map": {"background_image": {}, "class": {}}}, "statistics": {"wineries_count": 176, "wines_count": 1241, "sub_regions_count": 1, "parent_regions_count": 1}}, "business_name": "Cecilia Beretta", "description": "", "specialists_notes": "", "phone": "39 045 840 2111", "email": "info@pasqua.it", "facebook": "", "instagram": "", "is_claimed": false, "twitter": "", "website": "http://www.ceciliaberetta.it", "winemaker": null, "wine_maker": null, "address": {"title": null, "name": null, "street": "via Belvedere, 135", "street2": null, "neighborhood": null, "city": "Verona", "zip": "37131", "state": null, "country": {"code": "it", "name": "Italien", "native_name": "Italia", "seo_name": "italy", "currency": {"code": "EUR", "name": "Euros", "prefix": "\u20ac", "suffix": null}, "regions_count": 555, "users_count": 3800165, "wines_count": 351993, "wineries_count": 41153, "most_used_grapes": [{"id": 16, "name": "Sangiovese", "seo_name": "sangiovese", "has_detailed_info": true, "wines_count": 123993}, {"id": 10, "name": "Merlot", "seo_name": "merlot", "has_detailed_info": true, "wines_count": 560926}, {"id": 5, "name": "Chardonnay", "seo_name": "chardonnay", "has_detailed_info": true, "wines_count": 597329}]}, "company": null, "phone": null, "external_id": null, "residential": null, "vat_number": null, "vat_code": null, "addition": null}, "image": null, "location": {"latitude": 45.450417, "longitude": 11.034604}, "winery_group": {"id": 149, "name": "Pasqua Vigneti e Cantine", "website": "http://www.pasqua.it/"}, "first_wines": [], "sponsored_entity_type": null, "sponsored_entity": null}, "statistics": {"status": "Normal", "ratings_count": 1134, "ratings_average": 3.8, "labels_count": 6517, "vintages_count": 29}, "rank": {"country": {"description": "Rang von Italien", "total": 210247, "rank": 16068}, "region": {"description": "Rang von Weinregion", "total": 1834, "rank": 265}, "winery": {"description": "Rang vom Weingut", "total": 36, "rank": 14}, "wine_type": {"description": "Rang in allen Wei\u00dfwein", "total": 394073, "rank": 19035}, "global": {"description": "Weltweiter Rang", "total": 1287385, "rank": 79533}}, "hidden": false, "vintages": [{"id": 163184782, "seo_name": "cecilia-beretta-brognoligo-soave-classico-2020", "name": "Cecilia Beretta Brognoligo Soave Classico 2020", "statistics": {"status": "BelowThreshold", "ratings_count": 6, "ratings_average": 0, "labels_count": 19, "reviews_count": 3}, "year": 2020, "grapes": null, "has_valid_ratings": false}, {"id": 162169462, "seo_name": "cecilia-beretta-brognoligo-soave-classico-2019", "name": "Cecilia Beretta Brognoligo Soave Classico 2019", "statistics": {"status": "Normal", "ratings_count": 136, "ratings_average": 3.8, "labels_count": 1045, "reviews_count": 56}, "year": 2019, "grapes": null, "has_valid_ratings": true}, {"id": 160228454, "seo_name": "cecilia-beretta-brognoligo-soave-classico-2018", "name": "Cecilia Beretta Brognoligo Soave Classico 2018", "statistics": {"status": "Normal", "ratings_count": 321, "ratings_average": 3.9, "labels_count": 2184, "reviews_count": 121}, "year": 2018, "grapes": null, "has_valid_ratings": true}, {"id": 152900724, "seo_name": "cecilia-beretta-brognoligo-soave-classico-2017", "name": "Cecilia Beretta Brognoligo Soave Classico 2017", "statistics": {"status": "Normal", "ratings_count": 177, "ratings_average": 4, "labels_count": 897, "reviews_count": 63}, "year": 2017, "grapes": null, "has_valid_ratings": true}, {"id": 152288039, "seo_name": "cecilia-beretta-brognoligo-soave-classico-2016", "name": "Cecilia Beretta Brognoligo Soave Classico 2016", "statistics": {"status": "Normal", "ratings_count": 69, "ratings_average": 3.8, "labels_count": 395, "reviews_count": 23}, "year": 2016, "grapes": null, "has_valid_ratings": true}, {"id": 18879469, "seo_name": "cecilia-beretta-brognoligo-soave-classico-2015", "name": "Cecilia Beretta Brognoligo Soave Classico 2015", "statistics": {"status": "Normal", "ratings_count": 72, "ratings_average": 3.7, "labels_count": 314, "reviews_count": 25}, "year": 2015, "grapes": null, "has_valid_ratings": true}, {"id": 22500668, "seo_name": "cecilia-beretta-brognoligo-soave-classico-2014", "name": "Cecilia Beretta Brognoligo Soave Classico 2014", "statistics": {"status": "Normal", "ratings_count": 65, "ratings_average": 3.9, "labels_count": 339, "reviews_count": 24}, "year": 2014, "grapes": null, "has_valid_ratings": true}, {"id": 7005124, "seo_name": "cecilia-beretta-brognoligo-soave-classico-2013", "name": "Cecilia Beretta Brognoligo Soave Classico 2013", "statistics": {"status": "Normal", "ratings_count": 67, "ratings_average": 3.4, "labels_count": 378, "reviews_count": 27}, "year": 2013, "grapes": null, "has_valid_ratings": true}, {"id": 2873777, "seo_name": "cecilia-beretta-brognoligo-soave-classico-2012", "name": "Cecilia Beretta Brognoligo Soave Classico 2012", "statistics": {"status": "Normal", "ratings_count": 72, "ratings_average": 3.5, "labels_count": 283, "reviews_count": 30}, "year": 2012, "grapes": null, "has_valid_ratings": true}, {"id": 1968843, "seo_name": "cecilia-beretta-brognoligo-soave-classico-2011", "name": "Cecilia Beretta Brognoligo Soave Classico 2011", "statistics": {"status": "Normal", "ratings_count": 58, "ratings_average": 3.4, "labels_count": 341, "reviews_count": 15}, "year": 2011, "grapes": null, "has_valid_ratings": true}, {"id": 1260879, "seo_name": "cecilia-beretta-brognoligo-soave-classico-2010", "name": "Cecilia Beretta Brognoligo Soave Classico 2010", "statistics": {"status": "Normal", "ratings_count": 44, "ratings_average": 3.7, "labels_count": 172, "reviews_count": 13}, "year": 2010, "grapes": null, "has_valid_ratings": true}, {"id": 1454369, "seo_name": "cecilia-beretta-brognoligo-soave-classico-2009", "name": "Cecilia Beretta Brognoligo Soave Classico 2009", "statistics": {"status": "BelowThreshold", "ratings_count": 2, "ratings_average": 0, "labels_count": 8, "reviews_count": 1}, "year": 2009, "grapes": null, "has_valid_ratings": false}, {"id": 2890992, "seo_name": "cecilia-beretta-brognoligo-soave-classico-2008", "name": "Cecilia Beretta Brognoligo Soave Classico 2008", "statistics": {"status": "BelowThreshold", "ratings_count": 2, "ratings_average": 0, "labels_count": 5, "reviews_count": 0}, "year": 2008, "grapes": null, "has_valid_ratings": false}, {"id": 2117136, "seo_name": "cecilia-beretta-brognoligo-soave-classico-2007", "name": "Cecilia Beretta Brognoligo Soave Classico 2007", "statistics": {"status": "BelowThreshold", "ratings_count": 2, "ratings_average": 0, "labels_count": 4, "reviews_count": 0}, "year": 2007, "grapes": null, "has_valid_ratings": false}, {"id": 2909228, "seo_name": "cecilia-beretta-brognoligo-soave-classico-2001", "name": "Cecilia Beretta Brognoligo Soave Classico 2001", "statistics": {"status": "BelowThreshold", "ratings_count": 1, "ratings_average": 0, "labels_count": 1, "reviews_count": 0}, "year": 2001, "grapes": null, "has_valid_ratings": false}, {"id": 2854121, "seo_name": "cecilia-beretta-brognoligo-soave-classico-uv", "name": "Cecilia Beretta Brognoligo Soave Classico", "statistics": {"status": "Normal", "ratings_count": 1134, "ratings_average": 3.8, "labels_count": 37, "reviews_count": 8}, "year": 0, "grapes": null, "has_valid_ratings": true}], "description": "This wine has a straw yellow colour with a tinge of green. Perfumes of ripe golden apple and apricot with sweet notes of flowers.", "grapes": [{"id": 104, "name": "Garganega", "seo_name": "garganega", "has_detailed_info": false, "wines_count": 8661}], "foods": [{"id": 13, "name": "Schalentiere", "background_image": {"location": "//images.vivino.com/backgrounds/foods/13_shellfish.png", "variations": {"small": "//images.vivino.com/backgrounds/foods/thumbs/13_shellfish_932x810.png"}}, "seo_name": "shellfish"}, {"id": 19, "name": "Vegetarische Gerichte", "background_image": {"location": "//images.vivino.com/backgrounds/foods/19_vegetarian.png", "variations": {"small": "//images.vivino.com/backgrounds/foods/thumbs/19_vegetarian_932x810.png"}}, "seo_name": "vegetarian"}, {"id": 27, "name": "Vorspeisen und Snacks", "background_image": {"location": "//images.vivino.com/backgrounds/foods/27_appetizers-snacks.png", "variations": {"small": "//images.vivino.com/backgrounds/foods/thumbs/27_appetizers-snacks_932x810.png"}}, "seo_name": null}, {"id": 28, "name": "Magerer Fisch", "background_image": {"location": "//images.vivino.com/backgrounds/foods/28_leanfish.png", "variations": {"small": "//images.vivino.com/backgrounds/foods/thumbs/28_leanfish_932x810.png"}}, "seo_name": null}], "non_vintage": false, "alcohol": 12.5, "sweetness_id": 5, "closure": null, "vintage_mask_raw": null, "updated_at": "2021-03-18T01:35:28Z", "created_at": "2011-11-21T18:06:42Z", "is_first_wine": false, "style": {"id": 207, "seo_name": "italian-soave", "regional_name": "Italian", "varietal_name": "Soave", "name": "Soave Italien", "image": null, "background_image": null, "description": null, "blurb": "Garganega-based DOC/DOCG white wine from Veneto", "interesting_facts": null, "body": 2, "body_description": "Leichter K\u00f6rper", "acidity": 3, "acidity_description": "Hoch", "country": {"code": "it", "name": "Italien", "native_name": "Italia", "seo_name": "italy", "currency": {"code": "EUR", "name": "Euros", "prefix": "\u20ac", "suffix": null}, "regions_count": 555, "users_count": 3800165, "wines_count": 351993, "wineries_count": 41153, "most_used_grapes": [{"id": 16, "name": "Sangiovese", "seo_name": "sangiovese", "has_detailed_info": true, "wines_count": 123993}, {"id": 10, "name": "Merlot", "seo_name": "merlot", "has_detailed_info": true, "wines_count": 560926}, {"id": 5, "name": "Chardonnay", "seo_name": "chardonnay", "has_detailed_info": true, "wines_count": 597329}]}, "wine_type_id": 2, "food": [{"id": 13, "name": "Shellfish", "background_image": {"location": "//images.vivino.com/backgrounds/foods/13_shellfish.png", "variations": {"small": "//images.vivino.com/backgrounds/foods/thumbs/13_shellfish_932x810.png"}}, "seo_name": "shellfish"}, {"id": 19, "name": "Vegetarian", "background_image": {"location": "//images.vivino.com/backgrounds/foods/19_vegetarian.png", "variations": {"small": "//images.vivino.com/backgrounds/foods/thumbs/19_vegetarian_932x810.png"}}, "seo_name": "vegetarian"}, {"id": 27, "name": "Appetizers and snacks", "background_image": {"location": "//images.vivino.com/backgrounds/foods/27_appetizers-snacks.png", "variations": {"small": "//images.vivino.com/backgrounds/foods/thumbs/27_appetizers-snacks_932x810.png"}}, "seo_name": null}, {"id": 28, "name": "Lean fish", "background_image": {"location": "//images.vivino.com/backgrounds/foods/28_leanfish.png", "variations": {"small": "//images.vivino.com/backgrounds/foods/thumbs/28_leanfish_932x810.png"}}, "seo_name": null}], "grapes": [{"id": 55, "name": "Trebbiano", "seo_name": "trebbiano", "has_detailed_info": false, "wines_count": 19999}, {"id": 104, "name": "Garganega", "seo_name": "garganega", "has_detailed_info": false, "wines_count": 8661}], "region": {"id": 460, "name": "Veneto", "name_en": "", "seo_name": "veneto", "country": {"code": "it", "name": "Italien", "native_name": "Italia", "seo_name": "italy", "currency": {"code": "EUR", "name": "Euros", "prefix": "\u20ac", "suffix": null}, "regions_count": 555, "users_count": 3800165, "wines_count": 351993, "wineries_count": 41153, "most_used_grapes": [{"id": 16, "name": "Sangiovese", "seo_name": "sangiovese", "has_detailed_info": true, "wines_count": 123993}, {"id": 10, "name": "Merlot", "seo_name": "merlot", "has_detailed_info": true, "wines_count": 560926}, {"id": 5, "name": "Chardonnay", "seo_name": "chardonnay", "has_detailed_info": true, "wines_count": 597329}]}, "parent_id": null, "background_image": {"location": "//images.vivino.com/regions/backgrounds/WCIaSSA0QMaX1Pjfe2SxEg.jpg", "variations": {"large": "//thumbs.vivino.com/region_backgrounds/WCIaSSA0QMaX1Pjfe2SxEg_1280x760.jpg", "medium": "//thumbs.vivino.com/region_backgrounds/WCIaSSA0QMaX1Pjfe2SxEg_600x356.jpg"}}, "class": {"typecast_map": {"background_image": {}, "class": {}}}, "statistics": {"wineries_count": 5983, "wines_count": 35924, "sub_regions_count": 28, "parent_regions_count": 0}}}, "has_valid_ratings": true}, "description": "", "expert_reviews": null, "wine_critic_reviews": [], "awards": [], "ratings_distribution": {"1": 1, "2": 6, "3": 44, "4": 71, "5": 14}, "ranking": {"country": {"description": "Rang von Italien", "total": 1543866, "rank": 131138}, "region": {"description": "Rang von Weinregion", "total": 16791, "rank": 2296}, "winery": {"description": "Rang vom Weingut", "total": 482, "rank": 122}, "global": {"description": "Weltweiter Rang", "total": 8825166, "rank": 673027}}, "wine_facts": {"alcohol": 13.5, "residual_sugar_grams_per_liter": 4.2, "acidity_grams_per_liter": 5.5, "contains_milk_allergens": true, "contains_egg_allergens": true}, "winemaker": null, "wine_maker": null, "grape_composition": {"104": 100}, "year": 2019, "grapes": [{"id": 104, "name": "Garganega", "seo_name": "garganega", "has_detailed_info": false, "wines_count": 8661}], "has_valid_ratings": true}, "carts": null, "price_range": {"currency": {"code": "EUR", "name": "Euros", "prefix": "\u20ac", "suffix": null}, "price_range": {"minimum": 0, "maximum": 500, "currency_code": "EUR"}, "defaults": {"minimum": 7, "maximum": 30, "currency_code": "EUR"}}, "subtotal_price": null, "full_region": null, "tastes": null, "wine": {"id": 1192753, "name": "Brognoligo Soave Classico", "seo_name": "brognoligo-soave-classico", "type_id": 2, "vintage_type": 0, "is_natural": false, "region": {"id": 2493, "name": "Soave", "name_en": "", "seo_name": "soave", "country": {"code": "it", "name": "Italien", "native_name": "Italia", "seo_name": "italy", "currency": {"code": "EUR", "name": "Euros", "prefix": "\u20ac", "suffix": null}, "regions_count": 555, "users_count": 3800165, "wines_count": 351993, "wineries_count": 41153, "most_used_grapes": [{"id": 16, "name": "Sangiovese", "seo_name": "sangiovese", "has_detailed_info": true, "wines_count": 123993}, {"id": 10, "name": "Merlot", "seo_name": "merlot", "has_detailed_info": true, "wines_count": 560926}, {"id": 5, "name": "Chardonnay", "seo_name": "chardonnay", "has_detailed_info": true, "wines_count": 597329}]}, "parent_id": 460, "background_image": null, "class": {"typecast_map": {"background_image": {}, "class": {}}}, "statistics": {"wineries_count": 55, "wines_count": 1200, "sub_regions_count": 3, "parent_regions_count": 1}}, "review_status": 2, "winery": {"id": 4649, "name": "Cecilia Beretta", "seo_name": "cecilia-beretta", "status": 0, "review_status": "Completed", "background_image": null, "statistics": {"ratings_count": 37659, "ratings_average": 3.9, "labels_count": 308735, "wines_count": 36}, "region": {"id": 3072, "name": "Verona", "name_en": "Veronese", "seo_name": "verona", "country": {"code": "it", "name": "Italien", "native_name": "Italia", "seo_name": "italy", "currency": {"code": "EUR", "name": "Euros", "prefix": "\u20ac", "suffix": null}, "regions_count": 555, "users_count": 3800165, "wines_count": 351993, "wineries_count": 41153, "most_used_grapes": [{"id": 16, "name": "Sangiovese", "seo_name": "sangiovese", "has_detailed_info": true, "wines_count": 123993}, {"id": 10, "name": "Merlot", "seo_name": "merlot", "has_detailed_info": true, "wines_count": 560926}, {"id": 5, "name": "Chardonnay", "seo_name": "chardonnay", "has_detailed_info": true, "wines_count": 597329}]}, "parent_id": 460, "background_image": {"location": "//images.vivino.com/regions/backgrounds/F5GNt38bQrC79sk3xhI6qQ.jpg", "variations": {"large": "//thumbs.vivino.com/region_backgrounds/F5GNt38bQrC79sk3xhI6qQ_1280x760.jpg", "medium": "//thumbs.vivino.com/region_backgrounds/F5GNt38bQrC79sk3xhI6qQ_600x356.jpg"}}, "class": {"typecast_map": {"background_image": {}, "class": {}}}, "statistics": {"wineries_count": 176, "wines_count": 1241, "sub_regions_count": 1, "parent_regions_count": 1}}, "business_name": "Cecilia Beretta", "description": "", "specialists_notes": "", "phone": "39 045 840 2111", "email": "info@pasqua.it", "facebook": "", "instagram": "", "is_claimed": false, "twitter": "", "website": "http://www.ceciliaberetta.it", "winemaker": null, "wine_maker": null, "address": {"title": null, "name": null, "street": "via Belvedere, 135", "street2": null, "neighborhood": null, "city": "Verona", "zip": "37131", "state": null, "country": {"code": "it", "name": "Italien", "native_name": "Italia", "seo_name": "italy", "currency": {"code": "EUR", "name": "Euros", "prefix": "\u20ac", "suffix": null}, "regions_count": 555, "users_count": 3800165, "wines_count": 351993, "wineries_count": 41153, "most_used_grapes": [{"id": 16, "name": "Sangiovese", "seo_name": "sangiovese", "has_detailed_info": true, "wines_count": 123993}, {"id": 10, "name": "Merlot", "seo_name": "merlot", "has_detailed_info": true, "wines_count": 560926}, {"id": 5, "name": "Chardonnay", "seo_name": "chardonnay", "has_detailed_info": true, "wines_count": 597329}]}, "company": null, "phone": null, "external_id": null, "residential": null, "vat_number": null, "vat_code": null, "addition": null}, "image": null, "location": {"latitude": 45.450417, "longitude": 11.034604}, "winery_group": {"id": 149, "name": "Pasqua Vigneti e Cantine", "website": "http://www.pasqua.it/"}, "first_wines": [], "sponsored_entity_type": null, "sponsored_entity": null}, "statistics": {"status": "Normal", "ratings_count": 1134, "ratings_average": 3.8, "labels_count": 6517, "vintages_count": 29}, "rank": {"country": {"description": "Rang von Italien", "total": 210247, "rank": 16068}, "region": {"description": "Rang von Weinregion", "total": 1834, "rank": 265}, "winery": {"description": "Rang vom Weingut", "total": 36, "rank": 14}, "wine_type": {"description": "Rang in allen Wei\u00dfwein", "total": 394073, "rank": 19035}, "global": {"description": "Weltweiter Rang", "total": 1287385, "rank": 79533}}, "hidden": false, "vintages": [{"id": 163184782, "seo_name": "cecilia-beretta-brognoligo-soave-classico-2020", "name": "Cecilia Beretta Brognoligo Soave Classico 2020", "statistics": {"status": "BelowThreshold", "ratings_count": 6, "ratings_average": 0, "labels_count": 19, "reviews_count": 3}, "year": 2020, "grapes": null, "has_valid_ratings": false}, {"id": 162169462, "seo_name": "cecilia-beretta-brognoligo-soave-classico-2019", "name": "Cecilia Beretta Brognoligo Soave Classico 2019", "statistics": {"status": "Normal", "ratings_count": 136, "ratings_average": 3.8, "labels_count": 1045, "reviews_count": 56}, "year": 2019, "grapes": null, "has_valid_ratings": true}, {"id": 160228454, "seo_name": "cecilia-beretta-brognoligo-soave-classico-2018", "name": "Cecilia Beretta Brognoligo Soave Classico 2018", "statistics": {"status": "Normal", "ratings_count": 321, "ratings_average": 3.9, "labels_count": 2184, "reviews_count": 121}, "year": 2018, "grapes": null, "has_valid_ratings": true}, {"id": 152900724, "seo_name": "cecilia-beretta-brognoligo-soave-classico-2017", "name": "Cecilia Beretta Brognoligo Soave Classico 2017", "statistics": {"status": "Normal", "ratings_count": 177, "ratings_average": 4, "labels_count": 897, "reviews_count": 63}, "year": 2017, "grapes": null, "has_valid_ratings": true}, {"id": 152288039, "seo_name": "cecilia-beretta-brognoligo-soave-classico-2016", "name": "Cecilia Beretta Brognoligo Soave Classico 2016", "statistics": {"status": "Normal", "ratings_count": 69, "ratings_average": 3.8, "labels_count": 395, "reviews_count": 23}, "year": 2016, "grapes": null, "has_valid_ratings": true}, {"id": 18879469, "seo_name": "cecilia-beretta-brognoligo-soave-classico-2015", "name": "Cecilia Beretta Brognoligo Soave Classico 2015", "statistics": {"status": "Normal", "ratings_count": 72, "ratings_average": 3.7, "labels_count": 314, "reviews_count": 25}, "year": 2015, "grapes": null, "has_valid_ratings": true}, {"id": 22500668, "seo_name": "cecilia-beretta-brognoligo-soave-classico-2014", "name": "Cecilia Beretta Brognoligo Soave Classico 2014", "statistics": {"status": "Normal", "ratings_count": 65, "ratings_average": 3.9, "labels_count": 339, "reviews_count": 24}, "year": 2014, "grapes": null, "has_valid_ratings": true}, {"id": 7005124, "seo_name": "cecilia-beretta-brognoligo-soave-classico-2013", "name": "Cecilia Beretta Brognoligo Soave Classico 2013", "statistics": {"status": "Normal", "ratings_count": 67, "ratings_average": 3.4, "labels_count": 378, "reviews_count": 27}, "year": 2013, "grapes": null, "has_valid_ratings": true}, {"id": 2873777, "seo_name": "cecilia-beretta-brognoligo-soave-classico-2012", "name": "Cecilia Beretta Brognoligo Soave Classico 2012", "statistics": {"status": "Normal", "ratings_count": 72, "ratings_average": 3.5, "labels_count": 283, "reviews_count": 30}, "year": 2012, "grapes": null, "has_valid_ratings": true}, {"id": 1968843, "seo_name": "cecilia-beretta-brognoligo-soave-classico-2011", "name": "Cecilia Beretta Brognoligo Soave Classico 2011", "statistics": {"status": "Normal", "ratings_count": 58, "ratings_average": 3.4, "labels_count": 341, "reviews_count": 15}, "year": 2011, "grapes": null, "has_valid_ratings": true}, {"id": 1260879, "seo_name": "cecilia-beretta-brognoligo-soave-classico-2010", "name": "Cecilia Beretta Brognoligo Soave Classico 2010", "statistics": {"status": "Normal", "ratings_count": 44, "ratings_average": 3.7, "labels_count": 172, "reviews_count": 13}, "year": 2010, "grapes": null, "has_valid_ratings": true}, {"id": 1454369, "seo_name": "cecilia-beretta-brognoligo-soave-classico-2009", "name": "Cecilia Beretta Brognoligo Soave Classico 2009", "statistics": {"status": "BelowThreshold", "ratings_count": 2, "ratings_average": 0, "labels_count": 8, "reviews_count": 1}, "year": 2009, "grapes": null, "has_valid_ratings": false}, {"id": 2890992, "seo_name": "cecilia-beretta-brognoligo-soave-classico-2008", "name": "Cecilia Beretta Brognoligo Soave Classico 2008", "statistics": {"status": "BelowThreshold", "ratings_count": 2, "ratings_average": 0, "labels_count": 5, "reviews_count": 0}, "year": 2008, "grapes": null, "has_valid_ratings": false}, {"id": 2117136, "seo_name": "cecilia-beretta-brognoligo-soave-classico-2007", "name": "Cecilia Beretta Brognoligo Soave Classico 2007", "statistics": {"status": "BelowThreshold", "ratings_count": 2, "ratings_average": 0, "labels_count": 4, "reviews_count": 0}, "year": 2007, "grapes": null, "has_valid_ratings": false}, {"id": 2909228, "seo_name": "cecilia-beretta-brognoligo-soave-classico-2001", "name": "Cecilia Beretta Brognoligo Soave Classico 2001", "statistics": {"status": "BelowThreshold", "ratings_count": 1, "ratings_average": 0, "labels_count": 1, "reviews_count": 0}, "year": 2001, "grapes": null, "has_valid_ratings": false}, {"id": 2854121, "seo_name": "cecilia-beretta-brognoligo-soave-classico-uv", "name": "Cecilia Beretta Brognoligo Soave Classico", "statistics": {"status": "Normal", "ratings_count": 1134, "ratings_average": 3.8, "labels_count": 37, "reviews_count": 8}, "year": 0, "grapes": null, "has_valid_ratings": true}], "description": "This wine has a straw yellow colour with a tinge of green. Perfumes of ripe golden apple and apricot with sweet notes of flowers.", "grapes": [{"id": 104, "name": "Garganega", "seo_name": "garganega", "has_detailed_info": false, "wines_count": 8661}], "foods": [{"id": 13, "name": "Schalentiere", "background_image": {"location": "//images.vivino.com/backgrounds/foods/13_shellfish.png", "variations": {"small": "//images.vivino.com/backgrounds/foods/thumbs/13_shellfish_932x810.png"}}, "seo_name": "shellfish"}, {"id": 19, "name": "Vegetarische Gerichte", "background_image": {"location": "//images.vivino.com/backgrounds/foods/19_vegetarian.png", "variations": {"small": "//images.vivino.com/backgrounds/foods/thumbs/19_vegetarian_932x810.png"}}, "seo_name": "vegetarian"}, {"id": 27, "name": "Vorspeisen und Snacks", "background_image": {"location": "//images.vivino.com/backgrounds/foods/27_appetizers-snacks.png", "variations": {"small": "//images.vivino.com/backgrounds/foods/thumbs/27_appetizers-snacks_932x810.png"}}, "seo_name": null}, {"id": 28, "name": "Magerer Fisch", "background_image": {"location": "//images.vivino.com/backgrounds/foods/28_leanfish.png", "variations": {"small": "//images.vivino.com/backgrounds/foods/thumbs/28_leanfish_932x810.png"}}, "seo_name": null}], "non_vintage": false, "alcohol": 12.5, "sweetness_id": 5, "closure": null, "vintage_mask_raw": null, "updated_at": "2021-03-18T01:35:28Z", "created_at": "2011-11-21T18:06:42Z", "is_first_wine": false, "style": {"id": 207, "seo_name": "italian-soave", "regional_name": "Italian", "varietal_name": "Soave", "name": "Soave Italien", "image": null, "background_image": null, "description": null, "blurb": "Garganega-based DOC/DOCG white wine from Veneto", "interesting_facts": null, "body": 2, "body_description": "Leichter K\u00f6rper", "acidity": 3, "acidity_description": "Hoch", "country": {"code": "it", "name": "Italien", "native_name": "Italia", "seo_name": "italy", "currency": {"code": "EUR", "name": "Euros", "prefix": "\u20ac", "suffix": null}, "regions_count": 555, "users_count": 3800165, "wines_count": 351993, "wineries_count": 41153, "most_used_grapes": [{"id": 16, "name": "Sangiovese", "seo_name": "sangiovese", "has_detailed_info": true, "wines_count": 123993}, {"id": 10, "name": "Merlot", "seo_name": "merlot", "has_detailed_info": true, "wines_count": 560926}, {"id": 5, "name": "Chardonnay", "seo_name": "chardonnay", "has_detailed_info": true, "wines_count": 597329}]}, "wine_type_id": 2, "food": [{"id": 13, "name": "Shellfish", "background_image": {"location": "//images.vivino.com/backgrounds/foods/13_shellfish.png", "variations": {"small": "//images.vivino.com/backgrounds/foods/thumbs/13_shellfish_932x810.png"}}, "seo_name": "shellfish"}, {"id": 19, "name": "Vegetarian", "background_image": {"location": "//images.vivino.com/backgrounds/foods/19_vegetarian.png", "variations": {"small": "//images.vivino.com/backgrounds/foods/thumbs/19_vegetarian_932x810.png"}}, "seo_name": "vegetarian"}, {"id": 27, "name": "Appetizers and snacks", "background_image": {"location": "//images.vivino.com/backgrounds/foods/27_appetizers-snacks.png", "variations": {"small": "//images.vivino.com/backgrounds/foods/thumbs/27_appetizers-snacks_932x810.png"}}, "seo_name": null}, {"id": 28, "name": "Lean fish", "background_image": {"location": "//images.vivino.com/backgrounds/foods/28_leanfish.png", "variations": {"small": "//images.vivino.com/backgrounds/foods/thumbs/28_leanfish_932x810.png"}}, "seo_name": null}], "grapes": [{"id": 55, "name": "Trebbiano", "seo_name": "trebbiano", "has_detailed_info": false, "wines_count": 19999}, {"id": 104, "name": "Garganega", "seo_name": "garganega", "has_detailed_info": false, "wines_count": 8661}], "region": {"id": 460, "name": "Veneto", "name_en": "", "seo_name": "veneto", "country": {"code": "it", "name": "Italien", "native_name": "Italia", "seo_name": "italy", "currency": {"code": "EUR", "name": "Euros", "prefix": "\u20ac", "suffix": null}, "regions_count": 555, "users_count": 3800165, "wines_count": 351993, "wineries_count": 41153, "most_used_grapes": [{"id": 16, "name": "Sangiovese", "seo_name": "sangiovese", "has_detailed_info": true, "wines_count": 123993}, {"id": 10, "name": "Merlot", "seo_name": "merlot", "has_detailed_info": true, "wines_count": 560926}, {"id": 5, "name": "Chardonnay", "seo_name": "chardonnay", "has_detailed_info": true, "wines_count": 597329}]}, "parent_id": null, "background_image": {"location": "//images.vivino.com/regions/backgrounds/WCIaSSA0QMaX1Pjfe2SxEg.jpg", "variations": {"large": "//thumbs.vivino.com/region_backgrounds/WCIaSSA0QMaX1Pjfe2SxEg_1280x760.jpg", "medium": "//thumbs.vivino.com/region_backgrounds/WCIaSSA0QMaX1Pjfe2SxEg_600x356.jpg"}}, "class": {"typecast_map": {"background_image": {}, "class": {}}}, "statistics": {"wineries_count": 5983, "wines_count": 35924, "sub_regions_count": 28, "parent_regions_count": 0}}}, "has_valid_ratings": true}, "price": {"id": 24196024, "vintage_id": 162169462, "amount": 10.7, "type": "vc", "currency": {"code": "EUR", "name": "Euros", "prefix": "\u20ac", "suffix": null}, "bottle_type_id": 1, "inventory_bottles_count": 108, "bottles_sold_count": 2, "url": "https://www.wein.de/wein/brognoligo-soave-classico-doc-cecilia-beretta-dry-garganega-dop-125732?utm_medium=pref-cpc&utm_source=vivino-ppc", "message": "Preis pro Flasche, Kiste mit 6", "producer_address": "Strada della Giara 10, 37131 Verona, IT", "importer_address": "", "discounted_from": null, "bottle_type": {"id": 1, "name": "Flasche (0,75\u00a0l)", "short_name": "Flasche", "short_name_plural": "Flaschen", "volume_ml": 750}}, "highlights": [{"vintage_id": 162169462, "highlight_type": "oldest_available", "message": "\u00c4ltester Jahrgang", "icon": "https://images.vivino.com/highlights/icon/oldest_available.svg", "metadata": {"price": {"id": 24196024, "type": "vc", "amount": 10.7, "currency": {"code": "EUR", "name": "Euros", "prefix": "\u20ac", "suffix": null}, "discounted_from": null}, "wine_id": 1192753, "toplist": null, "ws_award": null, "critic_review_id": null, "ratings_average": 3.8, "ratings_count": 136, "vintage_year": "2019", "rank_type": "global", "ranks": {"country": {"description": "Rang von Italien", "total": 1543866, "rank": 131138}, "region": {"description": "Rang von Weinregion", "total": 16791, "rank": 2296}, "winery": {"description": "Rang vom Weingut", "total": 482, "rank": 122}, "global": {"description": "Weltweiter Rang", "total": 8825166, "rank": 673027}}, "style": {"id": 207, "seo_name": "italian-soave", "regional_name": "Italian", "varietal_name": "Soave", "name": "Soave Italien", "image": null, "background_image": null, "description": null, "blurb": "Garganega-based DOC/DOCG white wine from Veneto", "interesting_facts": null, "body": 2, "body_description": "Leichter K\u00f6rper", "acidity": 3, "acidity_description": "Hoch", "country": {"code": "it", "name": "Italien", "native_name": "Italia", "seo_name": "italy", "currency": {"code": "EUR", "name": "Euros", "prefix": "\u20ac", "suffix": null}, "regions_count": 555, "users_count": 3800165, "wines_count": 351993, "wineries_count": 41153, "most_used_grapes": [{"id": 16, "name": "Sangiovese", "seo_name": "sangiovese", "has_detailed_info": true, "wines_count": 123993}, {"id": 10, "name": "Merlot", "seo_name": "merlot", "has_detailed_info": true, "wines_count": 560926}, {"id": 5, "name": "Chardonnay", "seo_name": "chardonnay", "has_detailed_info": true, "wines_count": 597329}]}, "wine_type_id": 2, "food": [{"id": 13, "name": "Shellfish", "background_image": {"location": "//images.vivino.com/backgrounds/foods/13_shellfish.png", "variations": {"small": "//images.vivino.com/backgrounds/foods/thumbs/13_shellfish_932x810.png"}}, "seo_name": "shellfish"}, {"id": 19, "name": "Vegetarian", "background_image": {"location": "//images.vivino.com/backgrounds/foods/19_vegetarian.png", "variations": {"small": "//images.vivino.com/backgrounds/foods/thumbs/19_vegetarian_932x810.png"}}, "seo_name": "vegetarian"}, {"id": 27, "name": "Appetizers and snacks", "background_image": {"location": "//images.vivino.com/backgrounds/foods/27_appetizers-snacks.png", "variations": {"small": "//images.vivino.com/backgrounds/foods/thumbs/27_appetizers-snacks_932x810.png"}}, "seo_name": null}, {"id": 28, "name": "Lean fish", "background_image": {"location": "//images.vivino.com/backgrounds/foods/28_leanfish.png", "variations": {"small": "//images.vivino.com/backgrounds/foods/thumbs/28_leanfish_932x810.png"}}, "seo_name": null}], "grapes": [{"id": 55, "name": "Trebbiano", "seo_name": "trebbiano", "has_detailed_info": false, "wines_count": 19999}, {"id": 104, "name": "Garganega", "seo_name": "garganega", "has_detailed_info": false, "wines_count": 8661}], "region": {"id": 460, "name": "Veneto", "name_en": "", "seo_name": "veneto", "country": {"code": "it", "name": "Italien", "native_name": "Italia", "seo_name": "italy", "currency": {"code": "EUR", "name": "Euros", "prefix": "\u20ac", "suffix": null}, "regions_count": 555, "users_count": 3800165, "wines_count": 351993, "wineries_count": 41153, "most_used_grapes": [{"id": 16, "name": "Sangiovese", "seo_name": "sangiovese", "has_detailed_info": true, "wines_count": 123993}, {"id": 10, "name": "Merlot", "seo_name": "merlot", "has_detailed_info": true, "wines_count": 560926}, {"id": 5, "name": "Chardonnay", "seo_name": "chardonnay", "has_detailed_info": true, "wines_count": 597329}]}, "parent_id": null, "background_image": {"location": "//images.vivino.com/regions/backgrounds/WCIaSSA0QMaX1Pjfe2SxEg.jpg", "variations": {"large": "//thumbs.vivino.com/region_backgrounds/WCIaSSA0QMaX1Pjfe2SxEg_1280x760.jpg", "medium": "//thumbs.vivino.com/region_backgrounds/WCIaSSA0QMaX1Pjfe2SxEg_600x356.jpg"}}, "class": {"typecast_map": {"background_image": {}, "class": {}}}, "statistics": {"wineries_count": 5983, "wines_count": 35924, "sub_regions_count": 28, "parent_regions_count": 0}}}}}, {"vintage_id": 162169462, "highlight_type": "cheapest_available", "message": "G\u00fcnstigster verf\u00fcgbarer Jahrgang", "icon": "https://images.vivino.com/highlights/icon/cheapest_available.svg", "metadata": {"price": {"id": 24196024, "type": "vc", "amount": 10.7, "currency": {"code": "EUR", "name": "Euros", "prefix": "\u20ac", "suffix": null}, "discounted_from": null}, "wine_id": 1192753, "toplist": null, "ws_award": null, "critic_review_id": null, "ratings_average": 3.8, "ratings_count": 136, "vintage_year": "2019", "rank_type": "global", "ranks": {"country": {"description": "Rang von Italien", "total": 1543866, "rank": 131138}, "region": {"description": "Rang von Weinregion", "total": 16791, "rank": 2296}, "winery": {"description": "Rang vom Weingut", "total": 482, "rank": 122}, "global": {"description": "Weltweiter Rang", "total": 8825166, "rank": 673027}}, "style": {"id": 207, "seo_name": "italian-soave", "regional_name": "Italian", "varietal_name": "Soave", "name": "Soave Italien", "image": null, "background_image": null, "description": null, "blurb": "Garganega-based DOC/DOCG white wine from Veneto", "interesting_facts": null, "body": 2, "body_description": "Leichter K\u00f6rper", "acidity": 3, "acidity_description": "Hoch", "country": {"code": "it", "name": "Italien", "native_name": "Italia", "seo_name": "italy", "currency": {"code": "EUR", "name": "Euros", "prefix": "\u20ac", "suffix": null}, "regions_count": 555, "users_count": 3800165, "wines_count": 351993, "wineries_count": 41153, "most_used_grapes": [{"id": 16, "name": "Sangiovese", "seo_name": "sangiovese", "has_detailed_info": true, "wines_count": 123993}, {"id": 10, "name": "Merlot", "seo_name": "merlot", "has_detailed_info": true, "wines_count": 560926}, {"id": 5, "name": "Chardonnay", "seo_name": "chardonnay", "has_detailed_info": true, "wines_count": 597329}]}, "wine_type_id": 2, "food": [{"id": 13, "name": "Shellfish", "background_image": {"location": "//images.vivino.com/backgrounds/foods/13_shellfish.png", "variations": {"small": "//images.vivino.com/backgrounds/foods/thumbs/13_shellfish_932x810.png"}}, "seo_name": "shellfish"}, {"id": 19, "name": "Vegetarian", "background_image": {"location": "//images.vivino.com/backgrounds/foods/19_vegetarian.png", "variations": {"small": "//images.vivino.com/backgrounds/foods/thumbs/19_vegetarian_932x810.png"}}, "seo_name": "vegetarian"}, {"id": 27, "name": "Appetizers and snacks", "background_image": {"location": "//images.vivino.com/backgrounds/foods/27_appetizers-snacks.png", "variations": {"small": "//images.vivino.com/backgrounds/foods/thumbs/27_appetizers-snacks_932x810.png"}}, "seo_name": null}, {"id": 28, "name": "Lean fish", "background_image": {"location": "//images.vivino.com/backgrounds/foods/28_leanfish.png", "variations": {"small": "//images.vivino.com/backgrounds/foods/thumbs/28_leanfish_932x810.png"}}, "seo_name": null}], "grapes": [{"id": 55, "name": "Trebbiano", "seo_name": "trebbiano", "has_detailed_info": false, "wines_count": 19999}, {"id": 104, "name": "Garganega", "seo_name": "garganega", "has_detailed_info": false, "wines_count": 8661}], "region": {"id": 460, "name": "Veneto", "name_en": "", "seo_name": "veneto", "country": {"code": "it", "name": "Italien", "native_name": "Italia", "seo_name": "italy", "currency": {"code": "EUR", "name": "Euros", "prefix": "\u20ac", "suffix": null}, "regions_count": 555, "users_count": 3800165, "wines_count": 351993, "wineries_count": 41153, "most_used_grapes": [{"id": 16, "name": "Sangiovese", "seo_name": "sangiovese", "has_detailed_info": true, "wines_count": 123993}, {"id": 10, "name": "Merlot", "seo_name": "merlot", "has_detailed_info": true, "wines_count": 560926}, {"id": 5, "name": "Chardonnay", "seo_name": "chardonnay", "has_detailed_info": true, "wines_count": 597329}]}, "parent_id": null, "background_image": {"location": "//images.vivino.com/regions/backgrounds/WCIaSSA0QMaX1Pjfe2SxEg.jpg", "variations": {"large": "//thumbs.vivino.com/region_backgrounds/WCIaSSA0QMaX1Pjfe2SxEg_1280x760.jpg", "medium": "//thumbs.vivino.com/region_backgrounds/WCIaSSA0QMaX1Pjfe2SxEg_600x356.jpg"}}, "class": {"typecast_map": {"background_image": {}, "class": {}}}, "statistics": {"wineries_count": 5983, "wines_count": 35924, "sub_regions_count": 28, "parent_regions_count": 0}}}}}], "merchant": {"id": 19195, "name": "Wein.de", "seo_name": "wein-de", "legal_name": "DLG-Verlag Gmbh", "description": "Versandkostenfrei f\u00fcr Bestellungen ab 80 EUR", "country": {"code": "de", "name": "Deutschland", "native_name": "Deutschland", "seo_name": "germany", "currency": {"code": "EUR", "name": "Euros", "prefix": "\u20ac", "suffix": null}, "regions_count": 210, "users_count": 2117308, "wines_count": 197796, "wineries_count": 13493, "most_used_grapes": [{"id": 15, "name": "Riesling", "seo_name": "riesling", "has_detailed_info": true, "wines_count": 259925}, {"id": 299, "name": "Sp\u00e4tburgunder", "seo_name": "spatburgunder", "has_detailed_info": false, "wines_count": 49659}, {"id": 355, "name": "Weissburgunder", "seo_name": "weissburgunder", "has_detailed_info": false, "wines_count": 33123}]}, "state": null, "status": 3, "image": {"location": "//images.vivino.com/merchants/originals/p1cl34tp0000inr.jpg", "variations": {"large_square": "//images.vivino.com/merchants/thumbs/p1cl34tp0000inr_400x400.jpg", "medium_square": "//images.vivino.com/merchants/thumbs/p1cl34tp0000inr_320x320.jpg", "small_square": "//images.vivino.com/merchants/thumbs/p1cl34tp0000inr_160x160.jpg"}}, "shipping_estimate": "Lieferung voraussichtlich zwischen Di, 21.\u00a0Dez und Di, 28.\u00a0Dez", "impressum_url": "https://www.wein.de/de/impressum/", "tos_url": "https://www.wein.de/de/allgemeine-geschaeftsbedingungen/", "vc_clearing_system": 0, "hidden": false}, "sold_out": false, "prices_and_availability": {"market": {"country": "de", "currency": {"code": "EUR", "name": "Euros", "prefix": "\u20ac", "suffix": null}}, "availability": {"vintage": {"id": 162169462, "year": 2019, "grapes": null, "has_valid_ratings": false}, "median": {"amount": 10.7, "type": "market", "discounted_from": null}, "price": {"id": 24196024, "amount": 10.7, "discounted_from": 0.0, "type": "vc"}}, "merchants_with_prices": [{"merchant": {"id": 19195, "name": "Wein.de", "seo_name": "wein-de", "legal_name": "DLG-Verlag Gmbh", "description": "Versandkostenfrei f\u00fcr Bestellungen ab 80 EUR", "country": {"code": "de", "name": "Deutschland", "native_name": "Deutschland", "seo_name": "germany", "currency": {"code": "EUR", "name": "Euros", "prefix": "\u20ac", "suffix": null}, "regions_count": 210, "users_count": 2117308, "wines_count": 197796, "wineries_count": 13493, "most_used_grapes": [{"id": 15, "name": "Riesling", "seo_name": "riesling", "has_detailed_info": true, "wines_count": 259925}, {"id": 299, "name": "Sp\u00e4tburgunder", "seo_name": "spatburgunder", "has_detailed_info": false, "wines_count": 49659}, {"id": 355, "name": "Weissburgunder", "seo_name": "weissburgunder", "has_detailed_info": false, "wines_count": 33123}]}, "state": null, "status": 3, "image": {"location": "//images.vivino.com/merchants/originals/p1cl34tp0000inr.jpg", "variations": {"large_square": "//images.vivino.com/merchants/thumbs/p1cl34tp0000inr_400x400.jpg", "medium_square": "//images.vivino.com/merchants/thumbs/p1cl34tp0000inr_320x320.jpg", "small_square": "//images.vivino.com/merchants/thumbs/p1cl34tp0000inr_160x160.jpg"}}, "shipping_estimate": "Lieferung voraussichtlich zwischen Di, 21.\u00a0Dez und Di, 28.\u00a0Dez", "impressum_url": "https://www.wein.de/de/impressum/", "tos_url": "https://www.wein.de/de/allgemeine-geschaeftsbedingungen/", "vc_clearing_system": 0, "hidden": false}, "prices": [{"id": 24196024, "vintage_id": 162169462, "amount": 10.7, "type": "vc", "currency": {"code": "EUR", "name": "Euros", "prefix": "\u20ac", "suffix": null}, "bottle_type_id": 1, "inventory_bottles_count": 108, "bottles_sold_count": 2, "url": "https://www.wein.de/wein/brognoligo-soave-classico-doc-cecilia-beretta-dry-garganega-dop-125732?utm_medium=pref-cpc&utm_source=vivino-ppc", "message": "Preis pro Flasche, Kiste mit 6", "producer_address": "Strada della Giara 10, 37131 Verona, IT", "importer_address": "", "discounted_from": null, "bottle_type": {"id": 1, "name": "Flasche (0,75\u00a0l)", "short_name": "Flasche", "short_name_plural": "Flaschen", "volume_ml": 750}}]}]}, "found_by_merchant_and_sku": null, "is_deal_page": false}