{"tastes": {"structure": {"acidity": 4.0034823, "fizziness": null, "intensity": 2.0753808, "sweetness": 1.2876649, "tannin": null, "user_structure_count": 38, "calculated_structure_count": 59}, "flavor": [{"group": "citrus_fruit", "stats": {"count": 38, "score": 4800, "mentions_count": 48}, "primary_keywords": [{"id": 106, "name": "Zitrone", "count": 20}, {"id": 190, "name": "Grapefruit", "count": 14}, {"id": 243, "name": "Zitrone", "count": 13}, {"id": 248, "name": "Zitronenw\u00fcrze", "count": 1}]}, {"group": "vegetal", "stats": {"count": 22, "score": 3650, "mentions_count": 37}, "primary_keywords": [{"id": 185, "name": "Stachelbeere", "count": 14}, {"id": 193, "name": "Gras", "count": 12}, {"id": 399, "name": "Stroh", "count": 3}, {"id": 212, "name": "Heu", "count": 3}, {"id": 16, "name": "Spargel", "count": 1}, {"id": 197, "name": "Gr\u00fcne Paprika", "count": 1}, {"id": 36, "name": "Bittermandel", "count": 1}, {"id": 29, "name": "Paprika", "count": 1}, {"id": 468, "name": "Katzenurin", "count": 1}]}, {"group": "tree_fruit", "stats": {"count": 22, "score": 2500, "mentions_count": 25}, "primary_keywords": [{"id": 195, "name": "Gr\u00fcner Apfel", "count": 13}, {"id": 310, "name": "Pfirsich", "count": 5}, {"id": 9, "name": "Apfel", "count": 4}, {"id": 271, "name": "Melone", "count": 2}, {"id": 315, "name": "Birne", "count": 1}]}, {"group": "earth", "stats": {"count": 10, "score": 1200, "mentions_count": 12}, "primary_keywords": [{"id": 276, "name": "Mineralien", "count": 7}, {"id": 156, "name": "Erdig", "count": 3}, {"id": 398, "name": "Stein", "count": 2}]}, {"group": "spices", "stats": {"count": 7, "score": 606, "mentions_count": 6}, "primary_keywords": [{"id": 320, "name": "Pfeffer", "count": 3}, {"id": 449, "name": "Weiter Pfeffer", "count": 2}, {"id": 277, "name": "Minze", "count": 1}], "secondary_keywords": [{"id": 434, "name": "Vanille", "count": 1}]}, {"group": "floral", "stats": {"count": 5, "score": 500, "mentions_count": 5}, "primary_keywords": [{"id": 157, "name": "Holunderbl\u00fcte", "count": 4}, {"id": 10, "name": "Apfelbl\u00fcte", "count": 1}]}, {"group": "tropical_fruit", "stats": {"count": 3, "score": 300, "mentions_count": 3}, "primary_keywords": [{"id": 428, "name": "Tropisch", "count": 2}, {"id": 304, "name": "Papaya", "count": 1}]}, {"group": "microbio", "stats": {"count": 2, "score": 200, "mentions_count": 2}, "primary_keywords": [{"id": 123, "name": "Creme", "count": 2}]}, {"group": "non_oak", "stats": {"count": 3, "score": 159, "mentions_count": 1}, "primary_keywords": [{"id": 438, "name": "Walnuss", "count": 1}], "secondary_keywords": [{"id": 36, "name": "Bittermandel", "count": 1}, {"id": 434, "name": "Vanille", "count": 1}]}, {"group": "oak", "stats": {"count": 1, "score": 85, "mentions_count": 1}, "primary_keywords": [{"id": 434, "name": "Vanille", "count": 1}]}]}, "vivino_id": "2279993"}