{"tastes": {"structure": {"acidity": 3.338268, "fizziness": null, "intensity": 3.9157429, "sweetness": 1.9352858, "tannin": null, "user_structure_count": 81, "calculated_structure_count": 191}, "flavor": [{"group": "oak", "stats": {"count": 231, "score": 30658, "mentions_count": 360}, "primary_keywords": [{"id": 434, "name": "Vanille", "count": 109}, {"id": 70, "name": "Butter", "count": 107}, {"id": 292, "name": "Eiche", "count": 95}, {"id": 72, "name": "Karamellbonbon", "count": 21}, {"id": 112, "name": "Nelke", "count": 8}, {"id": 79, "name": "Karamell", "count": 7}, {"id": 101, "name": "Schokolade", "count": 5}, {"id": 424, "name": "Toffee", "count": 3}, {"id": 83, "name": "Zeder", "count": 2}, {"id": 422, "name": "Tabak", "count": 1}, {"id": 290, "name": "Muskat", "count": 1}, {"id": 115, "name": "Kokosnuss", "count": 1}], "secondary_keywords": [{"id": 267, "name": "Marzipan", "count": 3}, {"id": 213, "name": "Haselnuss", "count": 2}, {"id": 6, "name": "Mandel", "count": 2}, {"id": 62, "name": "Brioche", "count": 2}, {"id": 384, "name": "Rauch", "count": 1}]}, {"group": "citrus_fruit", "stats": {"count": 159, "score": 21300, "mentions_count": 213}, "primary_keywords": [{"id": 106, "name": "Zitrone", "count": 116}, {"id": 243, "name": "Zitrone", "count": 44}, {"id": 252, "name": "Limette", "count": 21}, {"id": 298, "name": "Orange", "count": 11}, {"id": 190, "name": "Grapefruit", "count": 6}, {"id": 300, "name": "Orangenschale", "count": 6}, {"id": 266, "name": "Marmelade", "count": 3}, {"id": 254, "name": "Limettenmark", "count": 2}, {"id": 109, "name": "Zitrusw\u00fcrze", "count": 2}, {"id": 248, "name": "Zitronenw\u00fcrze", "count": 1}, {"id": 246, "name": "Zitronenschale", "count": 1}]}, {"group": "tree_fruit", "stats": {"count": 80, "score": 10800, "mentions_count": 108}, "primary_keywords": [{"id": 310, "name": "Pfirsich", "count": 28}, {"id": 9, "name": "Apfel", "count": 25}, {"id": 315, "name": "Birne", "count": 25}, {"id": 271, "name": "Melone", "count": 8}, {"id": 195, "name": "Gr\u00fcner Apfel", "count": 7}, {"id": 11, "name": "Aprikose", "count": 5}, {"id": 469, "name": "Steinfrucht", "count": 4}, {"id": 458, "name": "Gelber Apfel", "count": 4}, {"id": 204, "name": "Gr\u00fcne Birne", "count": 1}, {"id": 448, "name": "Wei\u00dfer Pfirsich", "count": 1}]}, {"group": "microbio", "stats": {"count": 161, "score": 11863, "mentions_count": 80}, "primary_keywords": [{"id": 123, "name": "Creme", "count": 62}, {"id": 23, "name": "Banane", "count": 10}, {"id": 129, "name": "Quark", "count": 3}, {"id": 91, "name": "K\u00e4se", "count": 2}, {"id": 457, "name": "Hefe", "count": 1}, {"id": 295, "name": "\u00d6l", "count": 1}, {"id": 419, "name": "Getoastetes Brot", "count": 1}], "secondary_keywords": [{"id": 70, "name": "Butter", "count": 107}, {"id": 417, "name": "Toast", "count": 18}, {"id": 424, "name": "Toffee", "count": 3}, {"id": 6, "name": "Mandel", "count": 2}]}, {"group": "earth", "stats": {"count": 65, "score": 5841, "mentions_count": 67}, "primary_keywords": [{"id": 181, "name": "Ingwer", "count": 32}, {"id": 218, "name": "Honig", "count": 13}, {"id": 276, "name": "Mineralien", "count": 8}, {"id": 398, "name": "Stein", "count": 5}, {"id": 156, "name": "Erdig", "count": 3}, {"id": 85, "name": "Kreide", "count": 1}, {"id": 384, "name": "Rauch", "count": 1}, {"id": 376, "name": "Saline", "count": 1}, {"id": 178, "name": "Wild", "count": 1}, {"id": 441, "name": "Wachs", "count": 1}, {"id": 377, "name": "Salz", "count": 1}], "secondary_keywords": [{"id": 267, "name": "Marzipan", "count": 3}, {"id": 6, "name": "Mandel", "count": 2}, {"id": 422, "name": "Tabak", "count": 1}]}, {"group": "non_oak", "stats": {"count": 139, "score": 4123, "mentions_count": 39}, "primary_keywords": [{"id": 417, "name": "Toast", "count": 18}, {"id": 291, "name": "Nussig", "count": 9}, {"id": 267, "name": "Marzipan", "count": 3}, {"id": 6, "name": "Mandel", "count": 2}, {"id": 62, "name": "Brioche", "count": 2}, {"id": 213, "name": "Haselnuss", "count": 2}, {"id": 35, "name": "Keks", "count": 1}, {"id": 362, "name": "Ger\u00f6stete Mandel", "count": 1}, {"id": 438, "name": "Walnuss", "count": 1}], "secondary_keywords": [{"id": 434, "name": "Vanille", "count": 109}, {"id": 112, "name": "Nelke", "count": 8}, {"id": 79, "name": "Karamell", "count": 7}, {"id": 83, "name": "Zeder", "count": 2}, {"id": 163, "name": "Feige", "count": 1}, {"id": 422, "name": "Tabak", "count": 1}, {"id": 384, "name": "Rauch", "count": 1}, {"id": 290, "name": "Muskat", "count": 1}]}, {"group": "tropical_fruit", "stats": {"count": 37, "score": 4030, "mentions_count": 37}, "primary_keywords": [{"id": 329, "name": "Ananas", "count": 22}, {"id": 428, "name": "Tropisch", "count": 9}, {"id": 304, "name": "Papaya", "count": 2}, {"id": 256, "name": "Litschi", "count": 1}, {"id": 261, "name": "Mango", "count": 1}, {"id": 306, "name": "Passionsfrucht", "count": 1}, {"id": 210, "name": "Guave", "count": 1}], "secondary_keywords": [{"id": 23, "name": "Banane", "count": 10}]}, {"group": "vegetal", "stats": {"count": 36, "score": 3520, "mentions_count": 35}, "primary_keywords": [{"id": 89, "name": "Mangold", "count": 17}, {"id": 399, "name": "Stroh", "count": 11}, {"id": 16, "name": "Spargel", "count": 3}, {"id": 193, "name": "Gras", "count": 2}, {"id": 425, "name": "Tomate", "count": 1}, {"id": 212, "name": "Heu", "count": 1}], "secondary_keywords": [{"id": 6, "name": "Mandel", "count": 2}]}, {"group": "floral", "stats": {"count": 6, "score": 700, "mentions_count": 7}, "primary_keywords": [{"id": 221, "name": "Gei\u00dfblatt", "count": 5}, {"id": 251, "name": "Lilie", "count": 1}, {"id": 133, "name": "L\u00f6wenzahn", "count": 1}]}, {"group": "dried_fruit", "stats": {"count": 4, "score": 391, "mentions_count": 4}, "primary_keywords": [{"id": 140, "name": "Getrocknete Aprikose", "count": 2}, {"id": 163, "name": "Feige", "count": 1}, {"id": 347, "name": "Rosine", "count": 1}]}, {"group": "spices", "stats": {"count": 130, "score": 2074, "mentions_count": 3}, "primary_keywords": [{"id": 413, "name": "Estragon", "count": 1}, {"id": 8, "name": "Anissamen", "count": 1}, {"id": 245, "name": "Zitronengras", "count": 1}], "secondary_keywords": [{"id": 434, "name": "Vanille", "count": 109}, {"id": 181, "name": "Ingwer", "count": 32}, {"id": 112, "name": "Nelke", "count": 8}, {"id": 290, "name": "Muskat", "count": 1}]}, {"group": "red_fruit", "stats": {"count": 1, "score": 100, "mentions_count": 1}, "primary_keywords": [{"id": 400, "name": "Erdbeere", "count": 1}]}]}, "vivino_id": "1123143"}