{"tastes": {"structure": {"acidity": 3.3695915, "fizziness": null, "intensity": 3.478002, "sweetness": 2.1524704, "tannin": null, "user_structure_count": 71, "calculated_structure_count": 21}, "flavor": [{"group": "citrus_fruit", "stats": {"count": 15, "score": 2000, "mentions_count": 20}, "primary_keywords": [{"id": 106, "name": "Zitrone", "count": 12}, {"id": 190, "name": "Grapefruit", "count": 5}, {"id": 243, "name": "Zitrone", "count": 3}]}, {"group": "tree_fruit", "stats": {"count": 12, "score": 1600, "mentions_count": 16}, "primary_keywords": [{"id": 310, "name": "Pfirsich", "count": 7}, {"id": 315, "name": "Birne", "count": 5}, {"id": 469, "name": "Steinfrucht", "count": 3}, {"id": 220, "name": "Honigmelone", "count": 1}]}, {"group": "earth", "stats": {"count": 6, "score": 740, "mentions_count": 7}, "primary_keywords": [{"id": 398, "name": "Stein", "count": 3}, {"id": 218, "name": "Honig", "count": 2}, {"id": 376, "name": "Saline", "count": 1}, {"id": 276, "name": "Mineralien", "count": 1}], "secondary_keywords": [{"id": 6, "name": "Mandel", "count": 2}]}, {"group": "microbio", "stats": {"count": 5, "score": 287, "mentions_count": 3}, "primary_keywords": [{"id": 123, "name": "Creme", "count": 1}, {"id": 23, "name": "Banane", "count": 1}, {"id": 295, "name": "\u00d6l", "count": 1}], "secondary_keywords": [{"id": 6, "name": "Mandel", "count": 2}]}, {"group": "vegetal", "stats": {"count": 4, "score": 220, "mentions_count": 2}, "primary_keywords": [{"id": 399, "name": "Stroh", "count": 1}, {"id": 29, "name": "Paprika", "count": 1}], "secondary_keywords": [{"id": 6, "name": "Mandel", "count": 2}]}, {"group": "floral", "stats": {"count": 2, "score": 200, "mentions_count": 2}, "primary_keywords": [{"id": 157, "name": "Holunderbl\u00fcte", "count": 1}, {"id": 221, "name": "Gei\u00dfblatt", "count": 1}]}, {"group": "non_oak", "stats": {"count": 2, "score": 100, "mentions_count": 2}, "primary_keywords": [{"id": 6, "name": "Mandel", "count": 2}]}, {"group": "spices", "stats": {"count": 1, "score": 100, "mentions_count": 1}, "primary_keywords": [{"id": 161, "name": "Fenchel", "count": 1}]}, {"group": "oak", "stats": {"count": 2, "score": 20, "mentions_count": 0}, "secondary_keywords": [{"id": 6, "name": "Mandel", "count": 2}]}, {"group": "tropical_fruit", "stats": {"count": 1, "score": 33, "mentions_count": 0}, "secondary_keywords": [{"id": 23, "name": "Banane", "count": 1}]}]}, "vivino_id": "1204720"}