{"tastes": {"structure": {"acidity": 3.129841, "fizziness": null, "intensity": 4.4963493, "sweetness": 1.3496826, "tannin": 2.5901587, "user_structure_count": 2, "calculated_structure_count": 5}, "flavor": [{"group": "earth", "stats": {"count": 4, "score": 473, "mentions_count": 5}, "primary_keywords": [{"id": 242, "name": "leather", "count": 3}, {"id": 156, "name": "earthy", "count": 1}, {"id": 364, "name": "roasted meat", "count": 1}]}, {"group": "black_fruit", "stats": {"count": 1, "score": 100, "mentions_count": 1}, "primary_keywords": [{"id": 470, "name": "cassis", "count": 1}]}, {"group": "oak", "stats": {"count": 3, "score": 27, "mentions_count": 0}, "secondary_keywords": [{"id": 242, "name": "leather", "count": 3}]}]}, "vivino_id": "2740981"}