{"vintage": {"id": 22971716, "seo_name": "luis-felipe-edwards-private-reserva-carmenere-uv", "name": "Luis Felipe Edwards Private Reserva Carmen\u00e8re", "statistics": {"status": "Normal", "ratings_count": 118, "ratings_average": 3.2, "labels_count": 15, "reviews_count": 0}, "organic_certification_id": null, "certified_biodynamic": null, "image": {"location": "//images.vivino.com/labels/oKBYTexCQya_4GumEaGUOg.jpg", "variations": {"large": "//images.vivino.com/thumbs/oKBYTexCQya_4GumEaGUOg_375x500.jpg", "medium": "//images.vivino.com/thumbs/oKBYTexCQya_4GumEaGUOg_150x200.jpg", "medium_square": "//images.vivino.com/thumbs/oKBYTexCQya_4GumEaGUOg_150x150.jpg", "small_square": "//images.vivino.com/thumbs/oKBYTexCQya_4GumEaGUOg_80x80.jpg"}}, "wine": {"id": 2740981, "name": "Private Reserva Carmen\u00e8re", "seo_name": "private-reserva-carmenere", "type_id": 1, "vintage_type": 0, "is_natural": false, "region": {"id": 593, "name": "Central Valley", "name_en": "Valle Central", "seo_name": "central-valley", "country": {"code": "cl", "name": "Chile", "native_name": "Chile", "seo_name": "chile", "currency": {"code": "CLP", "name": "Chiliean Peso", "prefix": "$", "suffix": null}, "regions_count": 39, "users_count": 292408, "wines_count": 53149, "wineries_count": 5507, "most_used_grapes": [{"id": 2, "name": "Cabernet Sauvignon", "seo_name": "cabernet-sauvignon", "has_detailed_info": true, "wines_count": 801751}, {"id": 51, "name": "Carm\u00e9n\u00e8re", "seo_name": "carmenere", "has_detailed_info": true, "wines_count": 50087}, {"id": 10, "name": "Merlot", "seo_name": "merlot", "has_detailed_info": true, "wines_count": 566719}]}, "parent_id": null, "background_image": {"location": "//images.vivino.com/regions/backgrounds/y1hoTX9vTreZJzvxrUBAWw.jpg", "variations": {"large": "//thumbs.vivino.com/region_backgrounds/y1hoTX9vTreZJzvxrUBAWw_1280x760.jpg", "medium": "//thumbs.vivino.com/region_backgrounds/y1hoTX9vTreZJzvxrUBAWw_600x356.jpg"}}, "statistics": {"wineries_count": 4186, "wines_count": 25869, "sub_regions_count": 4, "parent_regions_count": 0}}, "review_status": 2, "winery": {"id": 3700, "name": "Luis Felipe Edwards", "seo_name": "luis-felipe-edwards", "status": 1, "review_status": "Completed", "background_image": null, "statistics": {"ratings_count": 163529, "ratings_average": 3.6, "labels_count": 1662392, "wines_count": 319}, "region": {"id": 593, "name": "Central Valley", "name_en": "Valle Central", "seo_name": "central-valley", "country": {"code": "cl", "name": "Chile", "native_name": "Chile", "seo_name": "chile", "currency": {"code": "CLP", "name": "Chiliean Peso", "prefix": "$", "suffix": null}, "regions_count": 39, "users_count": 292408, "wines_count": 53149, "wineries_count": 5507, "most_used_grapes": [{"id": 2, "name": "Cabernet Sauvignon", "seo_name": "cabernet-sauvignon", "has_detailed_info": true, "wines_count": 801751}, {"id": 51, "name": "Carm\u00e9n\u00e8re", "seo_name": "carmenere", "has_detailed_info": true, "wines_count": 50087}, {"id": 10, "name": "Merlot", "seo_name": "merlot", "has_detailed_info": true, "wines_count": 566719}]}, "parent_id": null, "background_image": {"location": "//images.vivino.com/regions/backgrounds/y1hoTX9vTreZJzvxrUBAWw.jpg", "variations": {"large": "//thumbs.vivino.com/region_backgrounds/y1hoTX9vTreZJzvxrUBAWw_1280x760.jpg", "medium": "//thumbs.vivino.com/region_backgrounds/y1hoTX9vTreZJzvxrUBAWw_600x356.jpg"}}, "statistics": {"wineries_count": 4186, "wines_count": 25869, "sub_regions_count": 4, "parent_regions_count": 0}}, "business_name": "Luis Felipe Edwards", "description": "Chile's leading family owned and operated winery, founded in 1976 by Luis Felipe Edwards Sr. Winery located in the family's estate in the renowned Colchagua Valley, with an additional 1.800 hectares of estate vineyards in Colchagua, Colchagua Costa, Leyda and Maule. <br><br>LFE Wines, Elevating Quality ", "specialists_notes": "", "phone": "+56 2 24335700", "email": "lfemarketing@lfewines.com", "facebook": "https://www.facebook.com/lfewinesofficial", "instagram": "LFEWinesofficial ", "is_claimed": true, "twitter": "@LFEWINES", "website": "http://www.lfewines.com", "winemaker": "Nicolas Bizzarri", "wine_maker": {"id": 7947, "name": "Nicolas Bizzarri"}, "address": {"title": null, "name": null, "street": "Fundo San Jose de Puquillay S/N", "street2": null, "neighborhood": null, "city": "Nancagua", "zip": null, "state": null, "country": {"code": "cl", "name": "Chile", "native_name": "Chile", "seo_name": "chile", "currency": {"code": "CLP", "name": "Chiliean Peso", "prefix": "$", "suffix": null}, "regions_count": 39, "users_count": 292408, "wines_count": 53149, "wineries_count": 5507, "most_used_grapes": [{"id": 2, "name": "Cabernet Sauvignon", "seo_name": "cabernet-sauvignon", "has_detailed_info": true, "wines_count": 801751}, {"id": 51, "name": "Carm\u00e9n\u00e8re", "seo_name": "carmenere", "has_detailed_info": true, "wines_count": 50087}, {"id": 10, "name": "Merlot", "seo_name": "merlot", "has_detailed_info": true, "wines_count": 566719}]}, "company": null, "phone": null, "external_id": null, "residential": null, "vat_number": null, "vat_code": null, "addition": null}, "image": {"location": "//images.vivino.com/wineries/3700/logos/YS17vFyiQ0WplQNZrFqTzA.jpeg", "variations": {"large": "//thumbs.vivino.com/wineries/3700/logos/YS17vFyiQ0WplQNZrFqTzA_500x500.jpeg", "medium": "//thumbs.vivino.com/wineries/3700/logos/YS17vFyiQ0WplQNZrFqTzA_200x200.jpeg", "small_square": "//thumbs.vivino.com/wineries/3700/logos/YS17vFyiQ0WplQNZrFqTzA_80x80.jpeg"}}, "location": {"latitude": -33.377632, "longitude": -70.56219}, "winery_group": {"id": 359, "name": "Luis Felipe Edwards", "website": "http://www.lfewines.com/"}, "first_wines": [], "sponsored_entity_type": null, "sponsored_entity": null}, "statistics": {"status": "Normal", "ratings_count": 118, "ratings_average": 3.2, "labels_count": 6321, "vintages_count": 16}, "rank": {"country": {"description": "Rank within Chile", "total": 30548, "rank": 16629}, "region": {"description": "Rank within Wine Region", "total": 27855, "rank": 14857}, "winery": {"description": "Rank within Winery", "total": 318, "rank": 246}, "wine_type": {"description": "Rank within all Red Wine", "total": 659127, "rank": 359731}, "global": {"description": "Global Rank", "total": 1302035, "rank": 678445}}, "hidden": false, "vintages": [{"id": 162715288, "seo_name": "luis-felipe-edwards-private-reserva-carmenere-2019", "name": "Luis Felipe Edwards Private Reserva Carmen\u00e8re 2019", "statistics": {"status": "BelowThreshold", "ratings_count": 3, "ratings_average": 0, "labels_count": 241, "reviews_count": 1}, "year": 2019, "grapes": null, "has_valid_ratings": false}, {"id": 161166791, "seo_name": "luis-felipe-edwards-private-reserva-carmenere-2018", "name": "Luis Felipe Edwards Private Reserva Carmen\u00e8re 2018", "statistics": {"status": "Normal", "ratings_count": 13, "ratings_average": 3.1, "labels_count": 1641, "reviews_count": 5}, "year": 2018, "grapes": null, "has_valid_ratings": true}, {"id": 157638808, "seo_name": "luis-felipe-edwards-private-reserva-carmenere-2017", "name": "Luis Felipe Edwards Private Reserva Carmen\u00e8re 2017", "statistics": {"status": "Normal", "ratings_count": 31, "ratings_average": 3.2, "labels_count": 1909, "reviews_count": 12}, "year": 2017, "grapes": null, "has_valid_ratings": true}, {"id": 151744613, "seo_name": "luis-felipe-edwards-private-reserva-carmenere-2016", "name": "Luis Felipe Edwards Private Reserva Carmen\u00e8re 2016", "statistics": {"status": "Normal", "ratings_count": 19, "ratings_average": 3, "labels_count": 1104, "reviews_count": 7}, "year": 2016, "grapes": null, "has_valid_ratings": true}, {"id": 51392177, "seo_name": "luis-felipe-edwards-private-reserva-carmenere-2015", "name": "Luis Felipe Edwards Private Reserva Carmen\u00e8re 2015", "statistics": {"status": "BelowThreshold", "ratings_count": 5, "ratings_average": 0, "labels_count": 265, "reviews_count": 2}, "year": 2015, "grapes": null, "has_valid_ratings": false}, {"id": 23554949, "seo_name": "luis-felipe-edwards-private-reserva-carmenere-2014", "name": "Luis Felipe Edwards Private Reserva Carmen\u00e8re 2014", "statistics": {"status": "Normal", "ratings_count": 21, "ratings_average": 3.2, "labels_count": 626, "reviews_count": 5}, "year": 2014, "grapes": null, "has_valid_ratings": true}, {"id": 15032812, "seo_name": "luis-felipe-edwards-private-reserva-carmenere-2013", "name": "Luis Felipe Edwards Private Reserva Carmen\u00e8re 2013", "statistics": {"status": "Normal", "ratings_count": 17, "ratings_average": 3.3, "labels_count": 415, "reviews_count": 6}, "year": 2013, "grapes": null, "has_valid_ratings": true}, {"id": 10359480, "seo_name": "luis-felipe-edwards-private-reserva-carmenere-2012", "name": "Luis Felipe Edwards Private Reserva Carmen\u00e8re 2012", "statistics": {"status": "BelowThreshold", "ratings_count": 7, "ratings_average": 0, "labels_count": 84, "reviews_count": 4}, "year": 2012, "grapes": null, "has_valid_ratings": false}, {"id": 22971715, "seo_name": "luis-felipe-edwards-private-reserva-carmenere-2011", "name": "Luis Felipe Edwards Private Reserva Carmen\u00e8re 2011", "statistics": {"status": "BelowThreshold", "ratings_count": 1, "ratings_average": 0, "labels_count": 4, "reviews_count": 0}, "year": 2011, "grapes": null, "has_valid_ratings": false}, {"id": 22971716, "seo_name": "luis-felipe-edwards-private-reserva-carmenere-uv", "name": "Luis Felipe Edwards Private Reserva Carmen\u00e8re", "statistics": {"status": "Normal", "ratings_count": 118, "ratings_average": 3.2, "labels_count": 15, "reviews_count": 0}, "year": 0, "grapes": null, "has_valid_ratings": true}], "description": "", "grapes": [{"id": 51, "name": "Carm\u00e9n\u00e8re", "seo_name": "carmenere", "has_detailed_info": true, "wines_count": 50087}], "foods": [{"id": 4, "name": "Beef", "background_image": {"location": "//images.vivino.com/backgrounds/foods/4_beef.png", "variations": {"small": "//images.vivino.com/backgrounds/foods/thumbs/4_beef_932x810.png"}}, "seo_name": "beef"}, {"id": 5, "name": "Pasta", "background_image": {"location": "//images.vivino.com/backgrounds/foods/5_pasta.png", "variations": {"small": "//images.vivino.com/backgrounds/foods/thumbs/5_pasta_932x810.png"}}, "seo_name": null}, {"id": 8, "name": "Lamb", "background_image": {"location": "//images.vivino.com/backgrounds/foods/8_lamb.png", "variations": {"small": "//images.vivino.com/backgrounds/foods/thumbs/8_lamb_932x810.png"}}, "seo_name": "lamb"}, {"id": 20, "name": "Poultry", "background_image": {"location": "//images.vivino.com/backgrounds/foods/20_chicken.png", "variations": {"small": "//images.vivino.com/backgrounds/foods/thumbs/20_chicken_932x810.png"}}, "seo_name": "poultry"}], "non_vintage": false, "alcohol": 0, "sweetness_id": null, "closure": null, "vintage_mask_raw": null, "updated_at": "2018-03-19T17:21:15Z", "created_at": "2014-10-11T07:17:52Z", "is_first_wine": false, "style": {"id": 45, "seo_name": "chilean-carmenere", "regional_name": "Chilean", "varietal_name": "Carm\u00e9n\u00e8re", "name": "Chilean Carm\u00e9n\u00e8re", "image": null, "background_image": null, "description": "A delicious, yet lesser known grape varietal, Chilean Carmenere results in fantastically beautiful, medium-bodied, fruit-forward wines. With gentle tannins, and deep crimson colors, you can expect an array of berries, red fruits, spice, smokiness and earth on both the nose and palate.\n\nIf you're into collecting, be aware that Carmenere is best enjoyed in the first couple of years after bottling.\n\nOriginally from southwest Bordeaux, France, Carmenere finds a hospitable home in central Chile. Today Carmenere grows all over the world, but the best renditions are generally considered to come from Chile. Now, comparatively little Carmenere still grows in France.\n\nCarmenere is very similar to Merlot. In fact, until recently, Chilean wine growers mistook Carmenere for Merlot for decades.\n\nWith respect to food, Carmenere goes really well with menus containing savory flavors and spice. Enjoy a Carmenere with anything from steak to BBQ, to red-sauce pasta. However, try to avoid pairing any red wine with seafood.", "blurb": null, "interesting_facts": ["Carmenere is pronounced with last syllable sounding like \u201cy-air.\u201d", "Carmenere started in Bordeaux, France, and hardly grows in France at all now.", "Carmenere is used mainly as a blending grape and was mistaken as Merlot for many years."], "body": 4, "body_description": "Full-bodied", "acidity": 3, "acidity_description": "High", "country": {"code": "cl", "name": "Chile", "native_name": "Chile", "seo_name": "chile", "currency": {"code": "CLP", "name": "Chiliean Peso", "prefix": "$", "suffix": null}, "regions_count": 39, "users_count": 292408, "wines_count": 53149, "wineries_count": 5507, "most_used_grapes": [{"id": 2, "name": "Cabernet Sauvignon", "seo_name": "cabernet-sauvignon", "has_detailed_info": true, "wines_count": 801751}, {"id": 51, "name": "Carm\u00e9n\u00e8re", "seo_name": "carmenere", "has_detailed_info": true, "wines_count": 50087}, {"id": 10, "name": "Merlot", "seo_name": "merlot", "has_detailed_info": true, "wines_count": 566719}]}, "wine_type_id": 1, "food": [{"id": 4, "name": "Beef", "background_image": {"location": "//images.vivino.com/backgrounds/foods/4_beef.png", "variations": {"small": "//images.vivino.com/backgrounds/foods/thumbs/4_beef_932x810.png"}}, "seo_name": "beef"}, {"id": 5, "name": "Pasta", "background_image": {"location": "//images.vivino.com/backgrounds/foods/5_pasta.png", "variations": {"small": "//images.vivino.com/backgrounds/foods/thumbs/5_pasta_932x810.png"}}, "seo_name": null}, {"id": 8, "name": "Lamb", "background_image": {"location": "//images.vivino.com/backgrounds/foods/8_lamb.png", "variations": {"small": "//images.vivino.com/backgrounds/foods/thumbs/8_lamb_932x810.png"}}, "seo_name": "lamb"}, {"id": 20, "name": "Poultry", "background_image": {"location": "//images.vivino.com/backgrounds/foods/20_chicken.png", "variations": {"small": "//images.vivino.com/backgrounds/foods/thumbs/20_chicken_932x810.png"}}, "seo_name": "poultry"}], "grapes": [{"id": 51, "name": "Carm\u00e9n\u00e8re", "seo_name": "carmenere", "has_detailed_info": true, "wines_count": 50087}], "region": null}, "has_valid_ratings": true}, "description": "", "wine_critic_reviews": [], "awards": [], "ratings_distribution": {"1": 5, "2": 14, "3": 75, "4": 21, "5": 3}, "ranking": {"country": {"description": "Rank within Chile", "total": 241362, "rank": 65398}, "region": {"description": "Rank within Wine Region", "total": 219053, "rank": 57054}, "winery": {"description": "Rank within Winery", "total": 2895, "rank": 972}, "global": {"description": "Global Rank", "total": 8944603, "rank": 2355675}}, "wine_facts": {}, "winemaker": null, "wine_maker": null, "grape_composition": {}, "year": "", "grapes": null, "has_valid_ratings": true}, "carts": null, "full_region": null, "tastes": null, "wine": {"id": 2740981, "name": "Private Reserva Carmen\u00e8re", "seo_name": "private-reserva-carmenere", "type_id": 1, "vintage_type": 0, "is_natural": false, "region": {"id": 593, "name": "Central Valley", "name_en": "Valle Central", "seo_name": "central-valley", "country": {"code": "cl", "name": "Chile", "native_name": "Chile", "seo_name": "chile", "currency": {"code": "CLP", "name": "Chiliean Peso", "prefix": "$", "suffix": null}, "regions_count": 39, "users_count": 292408, "wines_count": 53149, "wineries_count": 5507, "most_used_grapes": [{"id": 2, "name": "Cabernet Sauvignon", "seo_name": "cabernet-sauvignon", "has_detailed_info": true, "wines_count": 801751}, {"id": 51, "name": "Carm\u00e9n\u00e8re", "seo_name": "carmenere", "has_detailed_info": true, "wines_count": 50087}, {"id": 10, "name": "Merlot", "seo_name": "merlot", "has_detailed_info": true, "wines_count": 566719}]}, "parent_id": null, "background_image": {"location": "//images.vivino.com/regions/backgrounds/y1hoTX9vTreZJzvxrUBAWw.jpg", "variations": {"large": "//thumbs.vivino.com/region_backgrounds/y1hoTX9vTreZJzvxrUBAWw_1280x760.jpg", "medium": "//thumbs.vivino.com/region_backgrounds/y1hoTX9vTreZJzvxrUBAWw_600x356.jpg"}}, "statistics": {"wineries_count": 4186, "wines_count": 25869, "sub_regions_count": 4, "parent_regions_count": 0}}, "review_status": 2, "winery": {"id": 3700, "name": "Luis Felipe Edwards", "seo_name": "luis-felipe-edwards", "status": 1, "review_status": "Completed", "background_image": null, "statistics": {"ratings_count": 163529, "ratings_average": 3.6, "labels_count": 1662392, "wines_count": 319}, "region": {"id": 593, "name": "Central Valley", "name_en": "Valle Central", "seo_name": "central-valley", "country": {"code": "cl", "name": "Chile", "native_name": "Chile", "seo_name": "chile", "currency": {"code": "CLP", "name": "Chiliean Peso", "prefix": "$", "suffix": null}, "regions_count": 39, "users_count": 292408, "wines_count": 53149, "wineries_count": 5507, "most_used_grapes": [{"id": 2, "name": "Cabernet Sauvignon", "seo_name": "cabernet-sauvignon", "has_detailed_info": true, "wines_count": 801751}, {"id": 51, "name": "Carm\u00e9n\u00e8re", "seo_name": "carmenere", "has_detailed_info": true, "wines_count": 50087}, {"id": 10, "name": "Merlot", "seo_name": "merlot", "has_detailed_info": true, "wines_count": 566719}]}, "parent_id": null, "background_image": {"location": "//images.vivino.com/regions/backgrounds/y1hoTX9vTreZJzvxrUBAWw.jpg", "variations": {"large": "//thumbs.vivino.com/region_backgrounds/y1hoTX9vTreZJzvxrUBAWw_1280x760.jpg", "medium": "//thumbs.vivino.com/region_backgrounds/y1hoTX9vTreZJzvxrUBAWw_600x356.jpg"}}, "statistics": {"wineries_count": 4186, "wines_count": 25869, "sub_regions_count": 4, "parent_regions_count": 0}}}, "image": {"location": "//images.vivino.com/labels/oKBYTexCQya_4GumEaGUOg.jpg", "variations": {"large": "//images.vivino.com/thumbs/oKBYTexCQya_4GumEaGUOg_375x500.jpg", "medium": "//images.vivino.com/thumbs/oKBYTexCQya_4GumEaGUOg_150x200.jpg", "medium_square": "//images.vivino.com/thumbs/oKBYTexCQya_4GumEaGUOg_150x150.jpg", "small_square": "//images.vivino.com/thumbs/oKBYTexCQya_4GumEaGUOg_80x80.jpg"}}, "statistics": {"status": "Normal", "ratings_count": 118, "ratings_average": 3.2, "labels_count": 6321, "vintages_count": 16}, "rank": null, "hidden": false, "vintages": [{"id": 168618784, "seo_name": "luis-felipe-edwards-private-reserva-carmenere-2021", "name": "Luis Felipe Edwards Private Reserva Carmen\u00e8re 2021", "statistics": {"status": "BelowThreshold", "ratings_count": 0, "ratings_average": 0, "labels_count": 1, "reviews_count": 0}, "year": 2021, "grapes": null, "has_valid_ratings": false}, {"id": 165330617, "seo_name": "luis-felipe-edwards-private-reserva-carmenere-2020", "name": "Luis Felipe Edwards Private Reserva Carmen\u00e8re 2020", "statistics": {"status": "BelowThreshold", "ratings_count": 0, "ratings_average": 0, "labels_count": 11, "reviews_count": 0}, "year": 2020, "grapes": null, "has_valid_ratings": false}, {"id": 162715288, "seo_name": "luis-felipe-edwards-private-reserva-carmenere-2019", "name": "Luis Felipe Edwards Private Reserva Carmen\u00e8re 2019", "statistics": {"status": "BelowThreshold", "ratings_count": 3, "ratings_average": 0, "labels_count": 241, "reviews_count": 1}, "year": 2019, "grapes": null, "has_valid_ratings": false}, {"id": 161166791, "seo_name": "luis-felipe-edwards-private-reserva-carmenere-2018", "name": "Luis Felipe Edwards Private Reserva Carmen\u00e8re 2018", "statistics": {"status": "Normal", "ratings_count": 13, "ratings_average": 3.1, "labels_count": 1641, "reviews_count": 5}, "year": 2018, "grapes": null, "has_valid_ratings": true}, {"id": 157638808, "seo_name": "luis-felipe-edwards-private-reserva-carmenere-2017", "name": "Luis Felipe Edwards Private Reserva Carmen\u00e8re 2017", "statistics": {"status": "Normal", "ratings_count": 31, "ratings_average": 3.2, "labels_count": 1909, "reviews_count": 12}, "year": 2017, "grapes": null, "has_valid_ratings": true}, {"id": 151744613, "seo_name": "luis-felipe-edwards-private-reserva-carmenere-2016", "name": "Luis Felipe Edwards Private Reserva Carmen\u00e8re 2016", "statistics": {"status": "Normal", "ratings_count": 19, "ratings_average": 3, "labels_count": 1104, "reviews_count": 7}, "year": 2016, "grapes": null, "has_valid_ratings": true}, {"id": 51392177, "seo_name": "luis-felipe-edwards-private-reserva-carmenere-2015", "name": "Luis Felipe Edwards Private Reserva Carmen\u00e8re 2015", "statistics": {"status": "BelowThreshold", "ratings_count": 5, "ratings_average": 0, "labels_count": 265, "reviews_count": 2}, "year": 2015, "grapes": null, "has_valid_ratings": false}, {"id": 23554949, "seo_name": "luis-felipe-edwards-private-reserva-carmenere-2014", "name": "Luis Felipe Edwards Private Reserva Carmen\u00e8re 2014", "statistics": {"status": "Normal", "ratings_count": 21, "ratings_average": 3.2, "labels_count": 626, "reviews_count": 5}, "year": 2014, "grapes": null, "has_valid_ratings": true}, {"id": 15032812, "seo_name": "luis-felipe-edwards-private-reserva-carmenere-2013", "name": "Luis Felipe Edwards Private Reserva Carmen\u00e8re 2013", "statistics": {"status": "Normal", "ratings_count": 17, "ratings_average": 3.3, "labels_count": 415, "reviews_count": 6}, "year": 2013, "grapes": null, "has_valid_ratings": true}, {"id": 10359480, "seo_name": "luis-felipe-edwards-private-reserva-carmenere-2012", "name": "Luis Felipe Edwards Private Reserva Carmen\u00e8re 2012", "statistics": {"status": "BelowThreshold", "ratings_count": 7, "ratings_average": 0, "labels_count": 84, "reviews_count": 4}, "year": 2012, "grapes": null, "has_valid_ratings": false}, {"id": 22971715, "seo_name": "luis-felipe-edwards-private-reserva-carmenere-2011", "name": "Luis Felipe Edwards Private Reserva Carmen\u00e8re 2011", "statistics": {"status": "BelowThreshold", "ratings_count": 1, "ratings_average": 0, "labels_count": 4, "reviews_count": 0}, "year": 2011, "grapes": null, "has_valid_ratings": false}, {"id": 34209129, "seo_name": "luis-felipe-edwards-private-reserva-carmenere-2010", "name": "Luis Felipe Edwards Private Reserva Carmen\u00e8re 2010", "statistics": {"status": "BelowThreshold", "ratings_count": 0, "ratings_average": 0, "labels_count": 2, "reviews_count": 0}, "year": 2010, "grapes": null, "has_valid_ratings": false}, {"id": 26782620, "seo_name": "luis-felipe-edwards-private-reserva-carmenere-2009", "name": "Luis Felipe Edwards Private Reserva Carmen\u00e8re 2009", "statistics": {"status": "BelowThreshold", "ratings_count": 0, "ratings_average": 0, "labels_count": 1, "reviews_count": 0}, "year": 2009, "grapes": null, "has_valid_ratings": false}, {"id": 138409026, "seo_name": "luis-felipe-edwards-private-reserva-carmenere-2002", "name": "Luis Felipe Edwards Private Reserva Carmen\u00e8re 2002", "statistics": {"status": "BelowThreshold", "ratings_count": 0, "ratings_average": 0, "labels_count": 1, "reviews_count": 0}, "year": 2002, "grapes": null, "has_valid_ratings": false}, {"id": 49585665, "seo_name": "luis-felipe-edwards-private-reserva-carmenere-1991", "name": "Luis Felipe Edwards Private Reserva Carmen\u00e8re 1991", "statistics": {"status": "BelowThreshold", "ratings_count": 0, "ratings_average": 0, "labels_count": 1, "reviews_count": 0}, "year": 1991, "grapes": null, "has_valid_ratings": false}, {"id": 22971716, "seo_name": "luis-felipe-edwards-private-reserva-carmenere-uv", "name": "Luis Felipe Edwards Private Reserva Carmen\u00e8re", "statistics": {"status": "Normal", "ratings_count": 118, "ratings_average": 3.2, "labels_count": 15, "reviews_count": 0}, "year": 0, "grapes": null, "has_valid_ratings": true}], "description": "", "grapes": [{"id": 51, "name": "Carm\u00e9n\u00e8re", "seo_name": "carmenere", "has_detailed_info": true, "wines_count": 50087}], "foods": [{"id": 4, "name": "Beef", "background_image": {"location": "//images.vivino.com/backgrounds/foods/4_beef.png", "variations": {"small": "//images.vivino.com/backgrounds/foods/thumbs/4_beef_932x810.png"}}, "seo_name": "beef"}, {"id": 5, "name": "Pasta", "background_image": {"location": "//images.vivino.com/backgrounds/foods/5_pasta.png", "variations": {"small": "//images.vivino.com/backgrounds/foods/thumbs/5_pasta_932x810.png"}}, "seo_name": null}, {"id": 8, "name": "Lamb", "background_image": {"location": "//images.vivino.com/backgrounds/foods/8_lamb.png", "variations": {"small": "//images.vivino.com/backgrounds/foods/thumbs/8_lamb_932x810.png"}}, "seo_name": "lamb"}, {"id": 20, "name": "Poultry", "background_image": {"location": "//images.vivino.com/backgrounds/foods/20_chicken.png", "variations": {"small": "//images.vivino.com/backgrounds/foods/thumbs/20_chicken_932x810.png"}}, "seo_name": "poultry"}], "non_vintage": false, "alcohol": 0, "sweetness_id": null, "closure": null, "vintage_mask_raw": null, "updated_at": "2018-03-19T17:21:15Z", "created_at": "2014-10-11T07:17:52Z", "is_first_wine": false, "style": {"id": 45, "seo_name": "chilean-carmenere", "regional_name": "Chilean", "varietal_name": "Carm\u00e9n\u00e8re", "name": "Chilean Carm\u00e9n\u00e8re", "image": null, "background_image": null, "description": "A delicious, yet lesser known grape varietal, Chilean Carmenere results in fantastically beautiful, medium-bodied, fruit-forward wines. With gentle tannins, and deep crimson colors, you can expect an array of berries, red fruits, spice, smokiness and earth on both the nose and palate.\n\nIf you're into collecting, be aware that Carmenere is best enjoyed in the first couple of years after bottling.\n\nOriginally from southwest Bordeaux, France, Carmenere finds a hospitable home in central Chile. Today Carmenere grows all over the world, but the best renditions are generally considered to come from Chile. Now, comparatively little Carmenere still grows in France.\n\nCarmenere is very similar to Merlot. In fact, until recently, Chilean wine growers mistook Carmenere for Merlot for decades.\n\nWith respect to food, Carmenere goes really well with menus containing savory flavors and spice. Enjoy a Carmenere with anything from steak to BBQ, to red-sauce pasta. However, try to avoid pairing any red wine with seafood.", "blurb": null, "interesting_facts": ["Carmenere is pronounced with last syllable sounding like \u201cy-air.\u201d", "Carmenere started in Bordeaux, France, and hardly grows in France at all now.", "Carmenere is used mainly as a blending grape and was mistaken as Merlot for many years."], "body": 4, "body_description": "Full-bodied", "acidity": 3, "acidity_description": "High", "country": {"code": "cl", "name": "Chile", "native_name": "Chile", "seo_name": "chile", "currency": {"code": "CLP", "name": "Chiliean Peso", "prefix": "$", "suffix": null}, "regions_count": 39, "users_count": 292408, "wines_count": 53149, "wineries_count": 5507, "most_used_grapes": [{"id": 2, "name": "Cabernet Sauvignon", "seo_name": "cabernet-sauvignon", "has_detailed_info": true, "wines_count": 801751}, {"id": 51, "name": "Carm\u00e9n\u00e8re", "seo_name": "carmenere", "has_detailed_info": true, "wines_count": 50087}, {"id": 10, "name": "Merlot", "seo_name": "merlot", "has_detailed_info": true, "wines_count": 566719}]}, "wine_type_id": 1, "food": [{"id": 4, "name": "Beef", "background_image": {"location": "//images.vivino.com/backgrounds/foods/4_beef.png", "variations": {"small": "//images.vivino.com/backgrounds/foods/thumbs/4_beef_932x810.png"}}, "seo_name": "beef"}, {"id": 5, "name": "Pasta", "background_image": {"location": "//images.vivino.com/backgrounds/foods/5_pasta.png", "variations": {"small": "//images.vivino.com/backgrounds/foods/thumbs/5_pasta_932x810.png"}}, "seo_name": null}, {"id": 8, "name": "Lamb", "background_image": {"location": "//images.vivino.com/backgrounds/foods/8_lamb.png", "variations": {"small": "//images.vivino.com/backgrounds/foods/thumbs/8_lamb_932x810.png"}}, "seo_name": "lamb"}, {"id": 20, "name": "Poultry", "background_image": {"location": "//images.vivino.com/backgrounds/foods/20_chicken.png", "variations": {"small": "//images.vivino.com/backgrounds/foods/thumbs/20_chicken_932x810.png"}}, "seo_name": "poultry"}], "grapes": [{"id": 51, "name": "Carm\u00e9n\u00e8re", "seo_name": "carmenere", "has_detailed_info": true, "wines_count": 50087}], "region": null}, "has_valid_ratings": true}, "highlights": [{"vintage_id": 15032812, "highlight_type": "best_user_rated", "message": "This vintage rates better than any other year for this wine", "icon": "https://images.vivino.com/highlights/icon/best_user_rated.svg", "metadata": {"price": null, "wine_id": 2740981, "toplist": null, "ws_award": null, "critic_review_id": null, "ratings_average": 3.3, "ratings_count": 17, "vintage_year": "2013", "rank_type": null, "ranks": {"country": {"description": "Rank within Chile", "total": 241362, "rank": 100128}, "region": {"description": "Rank within Wine Region", "total": 219053, "rank": 89355}, "winery": {"description": "Rank within Winery", "total": 2895, "rank": 1424}, "global": {"description": "Global Rank", "total": 8944603, "rank": 3327473}}, "style": {"id": 45, "seo_name": "chilean-carmenere", "regional_name": "Chilean", "varietal_name": "Carm\u00e9n\u00e8re", "name": "Chilean Carm\u00e9n\u00e8re", "image": null, "background_image": null, "description": "A delicious, yet lesser known grape varietal, Chilean Carmenere results in fantastically beautiful, medium-bodied, fruit-forward wines. With gentle tannins, and deep crimson colors, you can expect an array of berries, red fruits, spice, smokiness and earth on both the nose and palate.\n\nIf you're into collecting, be aware that Carmenere is best enjoyed in the first couple of years after bottling.\n\nOriginally from southwest Bordeaux, France, Carmenere finds a hospitable home in central Chile. Today Carmenere grows all over the world, but the best renditions are generally considered to come from Chile. Now, comparatively little Carmenere still grows in France.\n\nCarmenere is very similar to Merlot. In fact, until recently, Chilean wine growers mistook Carmenere for Merlot for decades.\n\nWith respect to food, Carmenere goes really well with menus containing savory flavors and spice. Enjoy a Carmenere with anything from steak to BBQ, to red-sauce pasta. However, try to avoid pairing any red wine with seafood.", "blurb": null, "interesting_facts": ["Carmenere is pronounced with last syllable sounding like \u201cy-air.\u201d", "Carmenere started in Bordeaux, France, and hardly grows in France at all now.", "Carmenere is used mainly as a blending grape and was mistaken as Merlot for many years."], "body": 4, "body_description": "Full-bodied", "acidity": 3, "acidity_description": "High", "country": {"code": "cl", "name": "Chile", "native_name": "Chile", "seo_name": "chile", "currency": {"code": "CLP", "name": "Chiliean Peso", "prefix": "$", "suffix": null}, "regions_count": 39, "users_count": 292408, "wines_count": 53149, "wineries_count": 5507, "most_used_grapes": [{"id": 2, "name": "Cabernet Sauvignon", "seo_name": "cabernet-sauvignon", "has_detailed_info": true, "wines_count": 801751}, {"id": 51, "name": "Carm\u00e9n\u00e8re", "seo_name": "carmenere", "has_detailed_info": true, "wines_count": 50087}, {"id": 10, "name": "Merlot", "seo_name": "merlot", "has_detailed_info": true, "wines_count": 566719}]}, "wine_type_id": 1, "food": [{"id": 4, "name": "Beef", "background_image": {"location": "//images.vivino.com/backgrounds/foods/4_beef.png", "variations": {"small": "//images.vivino.com/backgrounds/foods/thumbs/4_beef_932x810.png"}}, "seo_name": "beef"}, {"id": 5, "name": "Pasta", "background_image": {"location": "//images.vivino.com/backgrounds/foods/5_pasta.png", "variations": {"small": "//images.vivino.com/backgrounds/foods/thumbs/5_pasta_932x810.png"}}, "seo_name": null}, {"id": 8, "name": "Lamb", "background_image": {"location": "//images.vivino.com/backgrounds/foods/8_lamb.png", "variations": {"small": "//images.vivino.com/backgrounds/foods/thumbs/8_lamb_932x810.png"}}, "seo_name": "lamb"}, {"id": 20, "name": "Poultry", "background_image": {"location": "//images.vivino.com/backgrounds/foods/20_chicken.png", "variations": {"small": "//images.vivino.com/backgrounds/foods/thumbs/20_chicken_932x810.png"}}, "seo_name": "poultry"}], "grapes": [{"id": 51, "name": "Carm\u00e9n\u00e8re", "seo_name": "carmenere", "has_detailed_info": true, "wines_count": 50087}], "region": null}}, "vintage_year": 2013}, {"vintage_id": 157638808, "highlight_type": "most_user_rated", "message": "Popular among Vivino users. More than 30 ratings", "icon": "https://images.vivino.com/highlights/icon/most_user_rated.svg", "metadata": {"price": null, "wine_id": 2740981, "toplist": null, "ws_award": null, "critic_review_id": null, "ratings_average": 3.2, "ratings_count": 31, "vintage_year": "2017", "rank_type": null, "ranks": {"country": {"description": "Rank within Chile", "total": 241362, "rank": 101416}, "region": {"description": "Rank within Wine Region", "total": 219053, "rank": 90563}, "winery": {"description": "Rank within Winery", "total": 2895, "rank": 1444}, "global": {"description": "Global Rank", "total": 8944603, "rank": 3352747}}, "style": {"id": 45, "seo_name": "chilean-carmenere", "regional_name": "Chilean", "varietal_name": "Carm\u00e9n\u00e8re", "name": "Chilean Carm\u00e9n\u00e8re", "image": null, "background_image": null, "description": "A delicious, yet lesser known grape varietal, Chilean Carmenere results in fantastically beautiful, medium-bodied, fruit-forward wines. With gentle tannins, and deep crimson colors, you can expect an array of berries, red fruits, spice, smokiness and earth on both the nose and palate.\n\nIf you're into collecting, be aware that Carmenere is best enjoyed in the first couple of years after bottling.\n\nOriginally from southwest Bordeaux, France, Carmenere finds a hospitable home in central Chile. Today Carmenere grows all over the world, but the best renditions are generally considered to come from Chile. Now, comparatively little Carmenere still grows in France.\n\nCarmenere is very similar to Merlot. In fact, until recently, Chilean wine growers mistook Carmenere for Merlot for decades.\n\nWith respect to food, Carmenere goes really well with menus containing savory flavors and spice. Enjoy a Carmenere with anything from steak to BBQ, to red-sauce pasta. However, try to avoid pairing any red wine with seafood.", "blurb": null, "interesting_facts": ["Carmenere is pronounced with last syllable sounding like \u201cy-air.\u201d", "Carmenere started in Bordeaux, France, and hardly grows in France at all now.", "Carmenere is used mainly as a blending grape and was mistaken as Merlot for many years."], "body": 4, "body_description": "Full-bodied", "acidity": 3, "acidity_description": "High", "country": {"code": "cl", "name": "Chile", "native_name": "Chile", "seo_name": "chile", "currency": {"code": "CLP", "name": "Chiliean Peso", "prefix": "$", "suffix": null}, "regions_count": 39, "users_count": 292408, "wines_count": 53149, "wineries_count": 5507, "most_used_grapes": [{"id": 2, "name": "Cabernet Sauvignon", "seo_name": "cabernet-sauvignon", "has_detailed_info": true, "wines_count": 801751}, {"id": 51, "name": "Carm\u00e9n\u00e8re", "seo_name": "carmenere", "has_detailed_info": true, "wines_count": 50087}, {"id": 10, "name": "Merlot", "seo_name": "merlot", "has_detailed_info": true, "wines_count": 566719}]}, "wine_type_id": 1, "food": [{"id": 4, "name": "Beef", "background_image": {"location": "//images.vivino.com/backgrounds/foods/4_beef.png", "variations": {"small": "//images.vivino.com/backgrounds/foods/thumbs/4_beef_932x810.png"}}, "seo_name": "beef"}, {"id": 5, "name": "Pasta", "background_image": {"location": "//images.vivino.com/backgrounds/foods/5_pasta.png", "variations": {"small": "//images.vivino.com/backgrounds/foods/thumbs/5_pasta_932x810.png"}}, "seo_name": null}, {"id": 8, "name": "Lamb", "background_image": {"location": "//images.vivino.com/backgrounds/foods/8_lamb.png", "variations": {"small": "//images.vivino.com/backgrounds/foods/thumbs/8_lamb_932x810.png"}}, "seo_name": "lamb"}, {"id": 20, "name": "Poultry", "background_image": {"location": "//images.vivino.com/backgrounds/foods/20_chicken.png", "variations": {"small": "//images.vivino.com/backgrounds/foods/thumbs/20_chicken_932x810.png"}}, "seo_name": "poultry"}], "grapes": [{"id": 51, "name": "Carm\u00e9n\u00e8re", "seo_name": "carmenere", "has_detailed_info": true, "wines_count": 50087}], "region": null}}, "vintage_year": 2017}], "recommended_vintages": [{"vintage": {"id": 15032812, "seo_name": "luis-felipe-edwards-private-reserva-carmenere-2013", "name": "Luis Felipe Edwards Private Reserva Carmen\u00e8re 2013", "statistics": {"status": "Normal", "ratings_count": 17, "ratings_average": 3.3, "labels_count": 415, "reviews_count": 6}, "year": 2013, "grapes": null, "has_valid_ratings": true}, "type": "best_user_rated", "highlight_icon": "https://images.vivino.com/highlights/icon/best_user_rated.svg", "price": null}, {"vintage": {"id": 157638808, "seo_name": "luis-felipe-edwards-private-reserva-carmenere-2017", "name": "Luis Felipe Edwards Private Reserva Carmen\u00e8re 2017", "statistics": {"status": "Normal", "ratings_count": 31, "ratings_average": 3.2, "labels_count": 1909, "reviews_count": 12}, "year": 2017, "grapes": null, "has_valid_ratings": true}, "type": "most_user_rated", "highlight_icon": "https://images.vivino.com/highlights/icon/most_user_rated.svg", "price": null}], "prices_and_availabilities": [], "price_range": {"currency": {"code": "EUR", "name": "Euros", "prefix": "\u20ac", "suffix": null}, "price_range": {"minimum": 0, "maximum": 500, "currency_code": "EUR"}, "defaults": {"minimum": 7, "maximum": 30, "currency_code": "EUR"}}, "subtotal_price": null}