{"tastes": {"structure": {"acidity": 3.040134, "fizziness": null, "intensity": 3.0798438, "sweetness": 1.9464285, "tannin": null, "user_structure_count": 13, "calculated_structure_count": 18}, "flavor": [{"group": "tree_fruit", "stats": {"count": 17, "score": 2400, "mentions_count": 24}, "primary_keywords": [{"id": 315, "name": "Birne", "count": 4}, {"id": 9, "name": "Apfel", "count": 4}, {"id": 310, "name": "Pfirsich", "count": 4}, {"id": 11, "name": "Aprikose", "count": 3}, {"id": 195, "name": "Gr\u00fcner Apfel", "count": 3}, {"id": 271, "name": "Melone", "count": 2}, {"id": 458, "name": "Gelber Apfel", "count": 2}, {"id": 460, "name": "Gelber Pfirsich", "count": 1}, {"id": 469, "name": "Steinfrucht", "count": 1}]}, {"group": "earth", "stats": {"count": 12, "score": 1733, "mentions_count": 18}, "primary_keywords": [{"id": 276, "name": "Mineralien", "count": 8}, {"id": 398, "name": "Stein", "count": 3}, {"id": 164, "name": "Feuerstein", "count": 2}, {"id": 85, "name": "Kreide", "count": 1}, {"id": 284, "name": "Champignon", "count": 1}, {"id": 384, "name": "Rauch", "count": 1}, {"id": 325, "name": "Petroleum", "count": 1}, {"id": 218, "name": "Honig", "count": 1}], "secondary_keywords": [{"id": 381, "name": "Bohnenkraut", "count": 1}]}, {"group": "citrus_fruit", "stats": {"count": 14, "score": 1700, "mentions_count": 17}, "primary_keywords": [{"id": 298, "name": "Orange", "count": 5}, {"id": 106, "name": "Zitrone", "count": 5}, {"id": 252, "name": "Limette", "count": 4}, {"id": 54, "name": "Blutorange", "count": 2}, {"id": 243, "name": "Zitrone", "count": 1}]}, {"group": "vegetal", "stats": {"count": 7, "score": 625, "mentions_count": 6}, "primary_keywords": [{"id": 185, "name": "Stachelbeere", "count": 3}, {"id": 359, "name": "Rhabarber", "count": 1}, {"id": 425, "name": "Tomate", "count": 1}, {"id": 155, "name": "Earl Grey-Tee", "count": 1}], "secondary_keywords": [{"id": 381, "name": "Bohnenkraut", "count": 1}]}, {"group": "spices", "stats": {"count": 6, "score": 525, "mentions_count": 6}, "primary_keywords": [{"id": 320, "name": "Pfeffer", "count": 1}, {"id": 381, "name": "Bohnenkraut", "count": 1}, {"id": 7, "name": "Anis", "count": 1}, {"id": 200, "name": "Gr\u00fcne Gew\u00fcrze", "count": 1}, {"id": 277, "name": "Minze", "count": 1}, {"id": 449, "name": "Weiter Pfeffer", "count": 1}]}, {"group": "microbio", "stats": {"count": 5, "score": 483, "mentions_count": 4}, "primary_keywords": [{"id": 123, "name": "Creme", "count": 3}, {"id": 295, "name": "\u00d6l", "count": 1}], "secondary_keywords": [{"id": 70, "name": "Butter", "count": 1}, {"id": 284, "name": "Champignon", "count": 1}]}, {"group": "tropical_fruit", "stats": {"count": 4, "score": 400, "mentions_count": 4}, "primary_keywords": [{"id": 210, "name": "Guave", "count": 1}, {"id": 304, "name": "Papaya", "count": 1}, {"id": 306, "name": "Passionsfrucht", "count": 1}, {"id": 261, "name": "Mango", "count": 1}]}, {"group": "oak", "stats": {"count": 2, "score": 202, "mentions_count": 2}, "primary_keywords": [{"id": 70, "name": "Butter", "count": 1}, {"id": 292, "name": "Eiche", "count": 1}], "secondary_keywords": [{"id": 384, "name": "Rauch", "count": 1}]}, {"group": "red_fruit", "stats": {"count": 1, "score": 200, "mentions_count": 2}, "primary_keywords": [{"id": 400, "name": "Erdbeere", "count": 1}, {"id": 348, "name": "Himbeere", "count": 1}]}, {"group": "floral", "stats": {"count": 1, "score": 25, "mentions_count": 0}, "secondary_keywords": [{"id": 381, "name": "Bohnenkraut", "count": 1}]}, {"group": "non_oak", "stats": {"count": 1, "score": 7, "mentions_count": 0}, "secondary_keywords": [{"id": 384, "name": "Rauch", "count": 1}]}]}, "vivino_id": "5246614"}