{"vintage": {"id": 167532674, "seo_name": "juliane-eller-juwel-silvaner-2020", "name": "Juwel - Juliane Eller Weine Silvaner 2020", "statistics": {"status": "Normal", "ratings_count": 39, "ratings_average": 3.9, "labels_count": 75, "reviews_count": 9}, "organic_certification_id": null, "certified_biodynamic": null, "image": {"location": "//images.vivino.com/thumbs/ts9mU9k5SwWvFHXVb0eJHg_pl_480x640.png", "variations": {"bottle_large": "//images.vivino.com/thumbs/ts9mU9k5SwWvFHXVb0eJHg_pb_x960.png", "bottle_medium": "//images.vivino.com/thumbs/ts9mU9k5SwWvFHXVb0eJHg_pb_x600.png", "bottle_medium_square": "//images.vivino.com/thumbs/ts9mU9k5SwWvFHXVb0eJHg_pb_600x600.png", "bottle_small": "//images.vivino.com/thumbs/ts9mU9k5SwWvFHXVb0eJHg_pb_x300.png", "bottle_small_square": "//images.vivino.com/thumbs/ts9mU9k5SwWvFHXVb0eJHg_pb_300x300.png", "label": "//images.vivino.com/thumbs/ts9mU9k5SwWvFHXVb0eJHg_pl_480x640.png", "label_large": "//images.vivino.com/thumbs/ts9mU9k5SwWvFHXVb0eJHg_pl_375x500.png", "label_medium": "//images.vivino.com/thumbs/ts9mU9k5SwWvFHXVb0eJHg_pl_150x200.png", "label_medium_square": "//images.vivino.com/thumbs/ts9mU9k5SwWvFHXVb0eJHg_pl_150x150.png", "label_small_square": "//images.vivino.com/thumbs/ts9mU9k5SwWvFHXVb0eJHg_pl_80x80.png", "large": "//images.vivino.com/thumbs/ts9mU9k5SwWvFHXVb0eJHg_pl_375x500.png", "medium": "//images.vivino.com/thumbs/ts9mU9k5SwWvFHXVb0eJHg_pl_150x200.png", "medium_square": "//images.vivino.com/thumbs/ts9mU9k5SwWvFHXVb0eJHg_pl_150x150.png", "small_square": "//images.vivino.com/thumbs/ts9mU9k5SwWvFHXVb0eJHg_pl_80x80.png"}}, "wine": {"id": 5667336, "name": "Silvaner", "seo_name": "juwel-silvaner", "type_id": 2, "vintage_type": 0, "is_natural": false, "region": {"id": 480, "name": "Rheinhessen", "name_en": "", "seo_name": "rheinhessen", "country": {"code": "de", "name": "Deutschland", "native_name": "Deutschland", "seo_name": "germany", "currency": {"code": "EUR", "name": "Euros", "prefix": "\u20ac", "suffix": null}, "regions_count": 210, "users_count": 2117308, "wines_count": 197796, "wineries_count": 13493, "most_used_grapes": [{"id": 15, "name": "Riesling", "seo_name": "riesling", "has_detailed_info": true, "wines_count": 259925}, {"id": 299, "name": "Sp\u00e4tburgunder", "seo_name": "spatburgunder", "has_detailed_info": false, "wines_count": 49659}, {"id": 355, "name": "Weissburgunder", "seo_name": "weissburgunder", "has_detailed_info": false, "wines_count": 33123}]}, "parent_id": null, "background_image": {"location": "//images.vivino.com/regions/backgrounds/ogLP94yMTDe3X6tkcQR9Kg.jpg", "variations": {"large": "//thumbs.vivino.com/region_backgrounds/ogLP94yMTDe3X6tkcQR9Kg_1280x760.jpg", "medium": "//thumbs.vivino.com/region_backgrounds/ogLP94yMTDe3X6tkcQR9Kg_600x356.jpg"}}, "class": {"typecast_map": {"background_image": {}, "class": {}}}, "statistics": {"wineries_count": 2661, "wines_count": 29632, "sub_regions_count": 19, "parent_regions_count": 0}}, "review_status": 2, "winery": {"id": 170433, "name": "Juwel - Juliane Eller Weine", "seo_name": "juliane-eller", "status": 0, "review_status": "Completed", "background_image": null, "statistics": {"ratings_count": 3039, "ratings_average": 3.9, "labels_count": 10045, "wines_count": 12}, "region": {"id": 480, "name": "Rheinhessen", "name_en": "", "seo_name": "rheinhessen", "country": {"code": "de", "name": "Deutschland", "native_name": "Deutschland", "seo_name": "germany", "currency": {"code": "EUR", "name": "Euros", "prefix": "\u20ac", "suffix": null}, "regions_count": 210, "users_count": 2117308, "wines_count": 197796, "wineries_count": 13493, "most_used_grapes": [{"id": 15, "name": "Riesling", "seo_name": "riesling", "has_detailed_info": true, "wines_count": 259925}, {"id": 299, "name": "Sp\u00e4tburgunder", "seo_name": "spatburgunder", "has_detailed_info": false, "wines_count": 49659}, {"id": 355, "name": "Weissburgunder", "seo_name": "weissburgunder", "has_detailed_info": false, "wines_count": 33123}]}, "parent_id": null, "background_image": {"location": "//images.vivino.com/regions/backgrounds/ogLP94yMTDe3X6tkcQR9Kg.jpg", "variations": {"large": "//thumbs.vivino.com/region_backgrounds/ogLP94yMTDe3X6tkcQR9Kg_1280x760.jpg", "medium": "//thumbs.vivino.com/region_backgrounds/ogLP94yMTDe3X6tkcQR9Kg_600x356.jpg"}}, "class": {"typecast_map": {"background_image": {}, "class": {}}}, "statistics": {"wineries_count": 2661, "wines_count": 29632, "sub_regions_count": 19, "parent_regions_count": 0}}, "business_name": "Juwel - Juliane Eller Weine", "description": "", "specialists_notes": "", "phone": "+49 (0) 6249 / 46 66 ", "email": "info@juwel-weine.de", "facebook": "https://www.facebook.com/juwelweine/", "instagram": "@juwel_weine", "is_claimed": false, "twitter": "", "website": "http://www.juwel-weine.de/", "winemaker": null, "wine_maker": null, "address": {"title": null, "name": null, "street": "Ausserhalb 9 ", "street2": null, "neighborhood": null, "city": "Alsheim", "zip": "67577 ", "state": null, "country": {"code": "de", "name": "Deutschland", "native_name": "Deutschland", "seo_name": "germany", "currency": {"code": "EUR", "name": "Euros", "prefix": "\u20ac", "suffix": null}, "regions_count": 210, "users_count": 2117308, "wines_count": 197796, "wineries_count": 13493, "most_used_grapes": [{"id": 15, "name": "Riesling", "seo_name": "riesling", "has_detailed_info": true, "wines_count": 259925}, {"id": 299, "name": "Sp\u00e4tburgunder", "seo_name": "spatburgunder", "has_detailed_info": false, "wines_count": 49659}, {"id": 355, "name": "Weissburgunder", "seo_name": "weissburgunder", "has_detailed_info": false, "wines_count": 33123}]}, "company": null, "phone": null, "external_id": null, "residential": null, "vat_number": null, "vat_code": null, "addition": null}, "image": null, "location": null, "winery_group": null, "first_wines": [], "sponsored_entity_type": null, "sponsored_entity": null}, "statistics": {"status": "Normal", "ratings_count": 226, "ratings_average": 3.9, "labels_count": 558, "vintages_count": 10}, "rank": {"country": {"description": "Rang von Deutschland", "total": 115919, "rank": 2135}, "region": {"description": "Rang von Weinregion", "total": 21880, "rank": 296}, "winery": {"description": "Rang vom Weingut", "total": 12, "rank": 4}, "wine_type": {"description": "Rang in allen Wei\u00dfwein", "total": 394072, "rank": 17475}, "global": {"description": "Weltweiter Rang", "total": 1287382, "rank": 73845}}, "hidden": false, "vintages": [{"id": 167532674, "seo_name": "juliane-eller-juwel-silvaner-2020", "name": "Juwel - Juliane Eller Weine Silvaner 2020", "statistics": {"status": "Normal", "ratings_count": 39, "ratings_average": 3.9, "labels_count": 75, "reviews_count": 9}, "year": 2020, "grapes": null, "has_valid_ratings": true}, {"id": 163684590, "seo_name": "juliane-eller-juwel-silvaner-2019", "name": "Juwel - Juliane Eller Weine Silvaner 2019", "statistics": {"status": "Normal", "ratings_count": 52, "ratings_average": 3.8, "labels_count": 131, "reviews_count": 21}, "year": 2019, "grapes": null, "has_valid_ratings": true}, {"id": 160021842, "seo_name": "juliane-eller-juwel-silvaner-2018", "name": "Juwel - Juliane Eller Weine Silvaner 2018", "statistics": {"status": "Normal", "ratings_count": 36, "ratings_average": 3.9, "labels_count": 125, "reviews_count": 14}, "year": 2018, "grapes": null, "has_valid_ratings": true}, {"id": 156736614, "seo_name": "juliane-eller-juwel-silvaner-2017", "name": "Juwel - Juliane Eller Weine Silvaner 2017", "statistics": {"status": "Normal", "ratings_count": 43, "ratings_average": 3.9, "labels_count": 118, "reviews_count": 13}, "year": 2017, "grapes": null, "has_valid_ratings": true}, {"id": 154598649, "seo_name": "juliane-eller-juwel-silvaner-2016", "name": "Juwel - Juliane Eller Weine Silvaner 2016", "statistics": {"status": "Normal", "ratings_count": 20, "ratings_average": 4.2, "labels_count": 53, "reviews_count": 10}, "year": 2016, "grapes": null, "has_valid_ratings": true}, {"id": 154363194, "seo_name": "juliane-eller-juwel-silvaner-2015", "name": "Juwel - Juliane Eller Weine Silvaner 2015", "statistics": {"status": "BelowThreshold", "ratings_count": 5, "ratings_average": 0, "labels_count": 18, "reviews_count": 3}, "year": 2015, "grapes": null, "has_valid_ratings": false}, {"id": 154397907, "seo_name": "juliane-eller-juwel-silvaner-2014", "name": "Juwel - Juliane Eller Weine Silvaner 2014", "statistics": {"status": "BelowThreshold", "ratings_count": 2, "ratings_average": 0, "labels_count": 7, "reviews_count": 0}, "year": 2014, "grapes": null, "has_valid_ratings": false}, {"id": 158964739, "seo_name": "juliane-eller-juwel-silvaner-2013", "name": "Juwel - Juliane Eller Weine Silvaner 2013", "statistics": {"status": "BelowThreshold", "ratings_count": 4, "ratings_average": 0, "labels_count": 14, "reviews_count": 2}, "year": 2013, "grapes": null, "has_valid_ratings": false}, {"id": 154363186, "seo_name": "juliane-eller-juwel-silvaner-uv", "name": "Juwel - Juliane Eller Weine Silvaner", "statistics": {"status": "Normal", "ratings_count": 226, "ratings_average": 3.9, "labels_count": 0, "reviews_count": 7}, "year": 0, "grapes": null, "has_valid_ratings": true}], "description": "", "grapes": [{"id": 252, "name": "Silvaner", "seo_name": "silvaner", "has_detailed_info": false, "wines_count": 15480}], "foods": [{"id": 9, "name": "Kalbfleisch", "background_image": {"location": "//images.vivino.com/backgrounds/foods/9_veal.png", "variations": {"small": "//images.vivino.com/backgrounds/foods/thumbs/9_veal_932x810.png"}}, "seo_name": "veal"}, {"id": 10, "name": "Schweinefleisch", "background_image": {"location": "//images.vivino.com/backgrounds/foods/10_pork.png", "variations": {"small": "//images.vivino.com/backgrounds/foods/thumbs/10_pork_932x810.png"}}, "seo_name": "pork"}, {"id": 19, "name": "Vegetarische Gerichte", "background_image": {"location": "//images.vivino.com/backgrounds/foods/19_vegetarian.png", "variations": {"small": "//images.vivino.com/backgrounds/foods/thumbs/19_vegetarian_932x810.png"}}, "seo_name": "vegetarian"}, {"id": 20, "name": "Gefl\u00fcgel", "background_image": {"location": "//images.vivino.com/backgrounds/foods/20_chicken.png", "variations": {"small": "//images.vivino.com/backgrounds/foods/thumbs/20_chicken_932x810.png"}}, "seo_name": "poultry"}, {"id": 28, "name": "Magerer Fisch", "background_image": {"location": "//images.vivino.com/backgrounds/foods/28_leanfish.png", "variations": {"small": "//images.vivino.com/backgrounds/foods/thumbs/28_leanfish_932x810.png"}}, "seo_name": null}], "non_vintage": false, "alcohol": 0, "sweetness_id": null, "closure": null, "vintage_mask_raw": null, "updated_at": "2018-03-19T22:08:41Z", "created_at": "2017-07-22T15:36:44Z", "is_first_wine": false, "style": {"id": 258, "seo_name": "german-silvaner", "regional_name": "German", "varietal_name": "Silvaner", "name": "Silvaner Deutschland", "image": null, "background_image": null, "description": "Silvaner from Germany is a dry white wine known for its racy mineral characteristics. It's flavors and aromas are on the lighter side, but sniff well enough and you'll find traces of citrus, apple and black pepper.\n\nThe wines are mostly full-bodied with mild acidity.\n\nIn Franken\u2014located on the northern part of Bavaria and east of the city of Frankfurt\u2014the wines are bolder, while south of Frankfurt, in Rheinhessen, Silvaner can be more elegant with earthy flavors.\n\nMost Silvaner wines drink best when they're young.", "blurb": null, "interesting_facts": ["In Alsace and Austria, the same grape is spelled 'Sylvaner'.", "By the mid-20th century, Silvaner was the most widely planted grape variety in Germany. Once making up more than 50 percent of the country's vines, it now only makes up about 5 percent.", "Wines from Franken, including Silvaner, are required by law to be bottled in a bocksbeutel, which is a round squat flagon-shaped bottle."], "body": 4, "body_description": "Voller K\u00f6rper", "acidity": 2, "acidity_description": "Mittel", "country": {"code": "de", "name": "Deutschland", "native_name": "Deutschland", "seo_name": "germany", "currency": {"code": "EUR", "name": "Euros", "prefix": "\u20ac", "suffix": null}, "regions_count": 210, "users_count": 2117308, "wines_count": 197796, "wineries_count": 13493, "most_used_grapes": [{"id": 15, "name": "Riesling", "seo_name": "riesling", "has_detailed_info": true, "wines_count": 259925}, {"id": 299, "name": "Sp\u00e4tburgunder", "seo_name": "spatburgunder", "has_detailed_info": false, "wines_count": 49659}, {"id": 355, "name": "Weissburgunder", "seo_name": "weissburgunder", "has_detailed_info": false, "wines_count": 33123}]}, "wine_type_id": 2, "food": [{"id": 9, "name": "Veal", "background_image": {"location": "//images.vivino.com/backgrounds/foods/9_veal.png", "variations": {"small": "//images.vivino.com/backgrounds/foods/thumbs/9_veal_932x810.png"}}, "seo_name": "veal"}, {"id": 10, "name": "Pork", "background_image": {"location": "//images.vivino.com/backgrounds/foods/10_pork.png", "variations": {"small": "//images.vivino.com/backgrounds/foods/thumbs/10_pork_932x810.png"}}, "seo_name": "pork"}, {"id": 19, "name": "Vegetarian", "background_image": {"location": "//images.vivino.com/backgrounds/foods/19_vegetarian.png", "variations": {"small": "//images.vivino.com/backgrounds/foods/thumbs/19_vegetarian_932x810.png"}}, "seo_name": "vegetarian"}, {"id": 20, "name": "Poultry", "background_image": {"location": "//images.vivino.com/backgrounds/foods/20_chicken.png", "variations": {"small": "//images.vivino.com/backgrounds/foods/thumbs/20_chicken_932x810.png"}}, "seo_name": "poultry"}, {"id": 28, "name": "Lean fish", "background_image": {"location": "//images.vivino.com/backgrounds/foods/28_leanfish.png", "variations": {"small": "//images.vivino.com/backgrounds/foods/thumbs/28_leanfish_932x810.png"}}, "seo_name": null}], "grapes": [{"id": 252, "name": "Silvaner", "seo_name": "silvaner", "has_detailed_info": false, "wines_count": 15480}], "region": null}, "has_valid_ratings": true}, "description": "", "expert_reviews": null, "wine_critic_reviews": [], "awards": [], "ratings_distribution": {"1": 0, "2": 2, "3": 8, "4": 27, "5": 2}, "ranking": {"country": {"description": "Rang von Deutschland", "total": 604730, "rank": 46066}, "region": {"description": "Rang von Weinregion", "total": 101712, "rank": 6600}, "winery": {"description": "Rang vom Weingut", "total": 99, "rank": 38}, "global": {"description": "Weltweiter Rang", "total": 8825185, "rank": 1280978}}, "wine_facts": {"alcohol": 13, "contains_milk_allergens": false, "contains_egg_allergens": false}, "winemaker": null, "wine_maker": null, "grape_composition": {}, "year": 2020, "grapes": null, "has_valid_ratings": true}, "carts": null, "price_range": {"currency": {"code": "EUR", "name": "Euros", "prefix": "\u20ac", "suffix": null}, "price_range": {"minimum": 0, "maximum": 500, "currency_code": "EUR"}, "defaults": {"minimum": 7, "maximum": 30, "currency_code": "EUR"}}, "subtotal_price": null, "full_region": null, "tastes": null, "wine": {"id": 5667336, "name": "Silvaner", "seo_name": "juwel-silvaner", "type_id": 2, "vintage_type": 0, "is_natural": false, "region": {"id": 480, "name": "Rheinhessen", "name_en": "", "seo_name": "rheinhessen", "country": {"code": "de", "name": "Deutschland", "native_name": "Deutschland", "seo_name": "germany", "currency": {"code": "EUR", "name": "Euros", "prefix": "\u20ac", "suffix": null}, "regions_count": 210, "users_count": 2117308, "wines_count": 197796, "wineries_count": 13493, "most_used_grapes": [{"id": 15, "name": "Riesling", "seo_name": "riesling", "has_detailed_info": true, "wines_count": 259925}, {"id": 299, "name": "Sp\u00e4tburgunder", "seo_name": "spatburgunder", "has_detailed_info": false, "wines_count": 49659}, {"id": 355, "name": "Weissburgunder", "seo_name": "weissburgunder", "has_detailed_info": false, "wines_count": 33123}]}, "parent_id": null, "background_image": {"location": "//images.vivino.com/regions/backgrounds/ogLP94yMTDe3X6tkcQR9Kg.jpg", "variations": {"large": "//thumbs.vivino.com/region_backgrounds/ogLP94yMTDe3X6tkcQR9Kg_1280x760.jpg", "medium": "//thumbs.vivino.com/region_backgrounds/ogLP94yMTDe3X6tkcQR9Kg_600x356.jpg"}}, "class": {"typecast_map": {"background_image": {}, "class": {}}}, "statistics": {"wineries_count": 2661, "wines_count": 29632, "sub_regions_count": 19, "parent_regions_count": 0}}, "review_status": 2, "winery": {"id": 170433, "name": "Juwel - Juliane Eller Weine", "seo_name": "juliane-eller", "status": 0, "review_status": "Completed", "background_image": null, "statistics": {"ratings_count": 3039, "ratings_average": 3.9, "labels_count": 10045, "wines_count": 12}, "region": {"id": 480, "name": "Rheinhessen", "name_en": "", "seo_name": "rheinhessen", "country": {"code": "de", "name": "Deutschland", "native_name": "Deutschland", "seo_name": "germany", "currency": {"code": "EUR", "name": "Euros", "prefix": "\u20ac", "suffix": null}, "regions_count": 210, "users_count": 2117308, "wines_count": 197796, "wineries_count": 13493, "most_used_grapes": [{"id": 15, "name": "Riesling", "seo_name": "riesling", "has_detailed_info": true, "wines_count": 259925}, {"id": 299, "name": "Sp\u00e4tburgunder", "seo_name": "spatburgunder", "has_detailed_info": false, "wines_count": 49659}, {"id": 355, "name": "Weissburgunder", "seo_name": "weissburgunder", "has_detailed_info": false, "wines_count": 33123}]}, "parent_id": null, "background_image": {"location": "//images.vivino.com/regions/backgrounds/ogLP94yMTDe3X6tkcQR9Kg.jpg", "variations": {"large": "//thumbs.vivino.com/region_backgrounds/ogLP94yMTDe3X6tkcQR9Kg_1280x760.jpg", "medium": "//thumbs.vivino.com/region_backgrounds/ogLP94yMTDe3X6tkcQR9Kg_600x356.jpg"}}, "class": {"typecast_map": {"background_image": {}, "class": {}}}, "statistics": {"wineries_count": 2661, "wines_count": 29632, "sub_regions_count": 19, "parent_regions_count": 0}}, "business_name": "Juwel - Juliane Eller Weine", "description": "", "specialists_notes": "", "phone": "+49 (0) 6249 / 46 66 ", "email": "info@juwel-weine.de", "facebook": "https://www.facebook.com/juwelweine/", "instagram": "@juwel_weine", "is_claimed": false, "twitter": "", "website": "http://www.juwel-weine.de/", "winemaker": null, "wine_maker": null, "address": {"title": null, "name": null, "street": "Ausserhalb 9 ", "street2": null, "neighborhood": null, "city": "Alsheim", "zip": "67577 ", "state": null, "country": {"code": "de", "name": "Deutschland", "native_name": "Deutschland", "seo_name": "germany", "currency": {"code": "EUR", "name": "Euros", "prefix": "\u20ac", "suffix": null}, "regions_count": 210, "users_count": 2117308, "wines_count": 197796, "wineries_count": 13493, "most_used_grapes": [{"id": 15, "name": "Riesling", "seo_name": "riesling", "has_detailed_info": true, "wines_count": 259925}, {"id": 299, "name": "Sp\u00e4tburgunder", "seo_name": "spatburgunder", "has_detailed_info": false, "wines_count": 49659}, {"id": 355, "name": "Weissburgunder", "seo_name": "weissburgunder", "has_detailed_info": false, "wines_count": 33123}]}, "company": null, "phone": null, "external_id": null, "residential": null, "vat_number": null, "vat_code": null, "addition": null}, "image": null, "location": null, "winery_group": null, "first_wines": [], "sponsored_entity_type": null, "sponsored_entity": null}, "statistics": {"status": "Normal", "ratings_count": 226, "ratings_average": 3.9, "labels_count": 558, "vintages_count": 10}, "rank": {"country": {"description": "Rang von Deutschland", "total": 115919, "rank": 2135}, "region": {"description": "Rang von Weinregion", "total": 21880, "rank": 296}, "winery": {"description": "Rang vom Weingut", "total": 12, "rank": 4}, "wine_type": {"description": "Rang in allen Wei\u00dfwein", "total": 394072, "rank": 17475}, "global": {"description": "Weltweiter Rang", "total": 1287382, "rank": 73845}}, "hidden": false, "vintages": [{"id": 167532674, "seo_name": "juliane-eller-juwel-silvaner-2020", "name": "Juwel - Juliane Eller Weine Silvaner 2020", "statistics": {"status": "Normal", "ratings_count": 39, "ratings_average": 3.9, "labels_count": 75, "reviews_count": 9}, "year": 2020, "grapes": null, "has_valid_ratings": true}, {"id": 163684590, "seo_name": "juliane-eller-juwel-silvaner-2019", "name": "Juwel - Juliane Eller Weine Silvaner 2019", "statistics": {"status": "Normal", "ratings_count": 52, "ratings_average": 3.8, "labels_count": 131, "reviews_count": 21}, "year": 2019, "grapes": null, "has_valid_ratings": true}, {"id": 160021842, "seo_name": "juliane-eller-juwel-silvaner-2018", "name": "Juwel - Juliane Eller Weine Silvaner 2018", "statistics": {"status": "Normal", "ratings_count": 36, "ratings_average": 3.9, "labels_count": 125, "reviews_count": 14}, "year": 2018, "grapes": null, "has_valid_ratings": true}, {"id": 156736614, "seo_name": "juliane-eller-juwel-silvaner-2017", "name": "Juwel - Juliane Eller Weine Silvaner 2017", "statistics": {"status": "Normal", "ratings_count": 43, "ratings_average": 3.9, "labels_count": 118, "reviews_count": 13}, "year": 2017, "grapes": null, "has_valid_ratings": true}, {"id": 154598649, "seo_name": "juliane-eller-juwel-silvaner-2016", "name": "Juwel - Juliane Eller Weine Silvaner 2016", "statistics": {"status": "Normal", "ratings_count": 20, "ratings_average": 4.2, "labels_count": 53, "reviews_count": 10}, "year": 2016, "grapes": null, "has_valid_ratings": true}, {"id": 154363194, "seo_name": "juliane-eller-juwel-silvaner-2015", "name": "Juwel - Juliane Eller Weine Silvaner 2015", "statistics": {"status": "BelowThreshold", "ratings_count": 5, "ratings_average": 0, "labels_count": 18, "reviews_count": 3}, "year": 2015, "grapes": null, "has_valid_ratings": false}, {"id": 154397907, "seo_name": "juliane-eller-juwel-silvaner-2014", "name": "Juwel - Juliane Eller Weine Silvaner 2014", "statistics": {"status": "BelowThreshold", "ratings_count": 2, "ratings_average": 0, "labels_count": 7, "reviews_count": 0}, "year": 2014, "grapes": null, "has_valid_ratings": false}, {"id": 158964739, "seo_name": "juliane-eller-juwel-silvaner-2013", "name": "Juwel - Juliane Eller Weine Silvaner 2013", "statistics": {"status": "BelowThreshold", "ratings_count": 4, "ratings_average": 0, "labels_count": 14, "reviews_count": 2}, "year": 2013, "grapes": null, "has_valid_ratings": false}, {"id": 154363186, "seo_name": "juliane-eller-juwel-silvaner-uv", "name": "Juwel - Juliane Eller Weine Silvaner", "statistics": {"status": "Normal", "ratings_count": 226, "ratings_average": 3.9, "labels_count": 0, "reviews_count": 7}, "year": 0, "grapes": null, "has_valid_ratings": true}], "description": "", "grapes": [{"id": 252, "name": "Silvaner", "seo_name": "silvaner", "has_detailed_info": false, "wines_count": 15480}], "foods": [{"id": 9, "name": "Kalbfleisch", "background_image": {"location": "//images.vivino.com/backgrounds/foods/9_veal.png", "variations": {"small": "//images.vivino.com/backgrounds/foods/thumbs/9_veal_932x810.png"}}, "seo_name": "veal"}, {"id": 10, "name": "Schweinefleisch", "background_image": {"location": "//images.vivino.com/backgrounds/foods/10_pork.png", "variations": {"small": "//images.vivino.com/backgrounds/foods/thumbs/10_pork_932x810.png"}}, "seo_name": "pork"}, {"id": 19, "name": "Vegetarische Gerichte", "background_image": {"location": "//images.vivino.com/backgrounds/foods/19_vegetarian.png", "variations": {"small": "//images.vivino.com/backgrounds/foods/thumbs/19_vegetarian_932x810.png"}}, "seo_name": "vegetarian"}, {"id": 20, "name": "Gefl\u00fcgel", "background_image": {"location": "//images.vivino.com/backgrounds/foods/20_chicken.png", "variations": {"small": "//images.vivino.com/backgrounds/foods/thumbs/20_chicken_932x810.png"}}, "seo_name": "poultry"}, {"id": 28, "name": "Magerer Fisch", "background_image": {"location": "//images.vivino.com/backgrounds/foods/28_leanfish.png", "variations": {"small": "//images.vivino.com/backgrounds/foods/thumbs/28_leanfish_932x810.png"}}, "seo_name": null}], "non_vintage": false, "alcohol": 0, "sweetness_id": null, "closure": null, "vintage_mask_raw": null, "updated_at": "2018-03-19T22:08:41Z", "created_at": "2017-07-22T15:36:44Z", "is_first_wine": false, "style": {"id": 258, "seo_name": "german-silvaner", "regional_name": "German", "varietal_name": "Silvaner", "name": "Silvaner Deutschland", "image": null, "background_image": null, "description": "Silvaner from Germany is a dry white wine known for its racy mineral characteristics. It's flavors and aromas are on the lighter side, but sniff well enough and you'll find traces of citrus, apple and black pepper.\n\nThe wines are mostly full-bodied with mild acidity.\n\nIn Franken\u2014located on the northern part of Bavaria and east of the city of Frankfurt\u2014the wines are bolder, while south of Frankfurt, in Rheinhessen, Silvaner can be more elegant with earthy flavors.\n\nMost Silvaner wines drink best when they're young.", "blurb": null, "interesting_facts": ["In Alsace and Austria, the same grape is spelled 'Sylvaner'.", "By the mid-20th century, Silvaner was the most widely planted grape variety in Germany. Once making up more than 50 percent of the country's vines, it now only makes up about 5 percent.", "Wines from Franken, including Silvaner, are required by law to be bottled in a bocksbeutel, which is a round squat flagon-shaped bottle."], "body": 4, "body_description": "Voller K\u00f6rper", "acidity": 2, "acidity_description": "Mittel", "country": {"code": "de", "name": "Deutschland", "native_name": "Deutschland", "seo_name": "germany", "currency": {"code": "EUR", "name": "Euros", "prefix": "\u20ac", "suffix": null}, "regions_count": 210, "users_count": 2117308, "wines_count": 197796, "wineries_count": 13493, "most_used_grapes": [{"id": 15, "name": "Riesling", "seo_name": "riesling", "has_detailed_info": true, "wines_count": 259925}, {"id": 299, "name": "Sp\u00e4tburgunder", "seo_name": "spatburgunder", "has_detailed_info": false, "wines_count": 49659}, {"id": 355, "name": "Weissburgunder", "seo_name": "weissburgunder", "has_detailed_info": false, "wines_count": 33123}]}, "wine_type_id": 2, "food": [{"id": 9, "name": "Veal", "background_image": {"location": "//images.vivino.com/backgrounds/foods/9_veal.png", "variations": {"small": "//images.vivino.com/backgrounds/foods/thumbs/9_veal_932x810.png"}}, "seo_name": "veal"}, {"id": 10, "name": "Pork", "background_image": {"location": "//images.vivino.com/backgrounds/foods/10_pork.png", "variations": {"small": "//images.vivino.com/backgrounds/foods/thumbs/10_pork_932x810.png"}}, "seo_name": "pork"}, {"id": 19, "name": "Vegetarian", "background_image": {"location": "//images.vivino.com/backgrounds/foods/19_vegetarian.png", "variations": {"small": "//images.vivino.com/backgrounds/foods/thumbs/19_vegetarian_932x810.png"}}, "seo_name": "vegetarian"}, {"id": 20, "name": "Poultry", "background_image": {"location": "//images.vivino.com/backgrounds/foods/20_chicken.png", "variations": {"small": "//images.vivino.com/backgrounds/foods/thumbs/20_chicken_932x810.png"}}, "seo_name": "poultry"}, {"id": 28, "name": "Lean fish", "background_image": {"location": "//images.vivino.com/backgrounds/foods/28_leanfish.png", "variations": {"small": "//images.vivino.com/backgrounds/foods/thumbs/28_leanfish_932x810.png"}}, "seo_name": null}], "grapes": [{"id": 252, "name": "Silvaner", "seo_name": "silvaner", "has_detailed_info": false, "wines_count": 15480}], "region": null}, "has_valid_ratings": true}, "price": {"id": 23997009, "vintage_id": 167532674, "amount": 10.97, "type": "vc", "currency": {"code": "EUR", "name": "Euros", "prefix": "\u20ac", "suffix": null}, "bottle_type_id": 1, "inventory_bottles_count": 888, "bottles_sold_count": 11, "url": "https://www.billigerweinkaufen.de/juwel-silvaner/?utm_medium=pref-cpc&utm_source=vivino-ppc", "message": "", "producer_address": "Juwel Weine", "importer_address": "", "discounted_from": null, "bottle_type": {"id": 1, "name": "Flasche (0,75\u00a0l)", "short_name": "Flasche", "short_name_plural": "Flaschen", "volume_ml": 750}}, "highlights": [{"vintage_id": 167532674, "highlight_type": "price_qpr", "message": "Gutes Preis-Leistungsverh\u00e4ltnis. \u00c4hnliche Weine kosten normalerweise 37% mehr.", "icon": "https://images.vivino.com/highlights/icon/price_qpr.svg", "metadata": {"price": {"id": 23997009, "type": "vc", "amount": 10.97, "currency": {"code": "EUR", "name": "Euros", "prefix": "\u20ac", "suffix": null}, "discounted_from": null}, "wine_id": 5667336, "toplist": null, "ws_award": null, "critic_review_id": null, "ratings_average": 3.9, "ratings_count": 39, "vintage_year": "2020", "rank_type": "country", "ranks": {"country": {"description": "Rang von Deutschland", "total": 604730, "rank": 46066}, "region": {"description": "Rang von Weinregion", "total": 101712, "rank": 6600}, "winery": {"description": "Rang vom Weingut", "total": 99, "rank": 38}, "global": {"description": "Weltweiter Rang", "total": 8825185, "rank": 1280978}}, "style": {"id": 258, "seo_name": "german-silvaner", "regional_name": "German", "varietal_name": "Silvaner", "name": "Silvaner Deutschland", "image": null, "background_image": null, "description": "Silvaner from Germany is a dry white wine known for its racy mineral characteristics. It's flavors and aromas are on the lighter side, but sniff well enough and you'll find traces of citrus, apple and black pepper.\n\nThe wines are mostly full-bodied with mild acidity.\n\nIn Franken\u2014located on the northern part of Bavaria and east of the city of Frankfurt\u2014the wines are bolder, while south of Frankfurt, in Rheinhessen, Silvaner can be more elegant with earthy flavors.\n\nMost Silvaner wines drink best when they're young.", "blurb": null, "interesting_facts": ["In Alsace and Austria, the same grape is spelled 'Sylvaner'.", "By the mid-20th century, Silvaner was the most widely planted grape variety in Germany. Once making up more than 50 percent of the country's vines, it now only makes up about 5 percent.", "Wines from Franken, including Silvaner, are required by law to be bottled in a bocksbeutel, which is a round squat flagon-shaped bottle."], "body": 4, "body_description": "Voller K\u00f6rper", "acidity": 2, "acidity_description": "Mittel", "country": {"code": "de", "name": "Deutschland", "native_name": "Deutschland", "seo_name": "germany", "currency": {"code": "EUR", "name": "Euros", "prefix": "\u20ac", "suffix": null}, "regions_count": 210, "users_count": 2117308, "wines_count": 197796, "wineries_count": 13493, "most_used_grapes": [{"id": 15, "name": "Riesling", "seo_name": "riesling", "has_detailed_info": true, "wines_count": 259925}, {"id": 299, "name": "Sp\u00e4tburgunder", "seo_name": "spatburgunder", "has_detailed_info": false, "wines_count": 49659}, {"id": 355, "name": "Weissburgunder", "seo_name": "weissburgunder", "has_detailed_info": false, "wines_count": 33123}]}, "wine_type_id": 2, "food": [{"id": 9, "name": "Veal", "background_image": {"location": "//images.vivino.com/backgrounds/foods/9_veal.png", "variations": {"small": "//images.vivino.com/backgrounds/foods/thumbs/9_veal_932x810.png"}}, "seo_name": "veal"}, {"id": 10, "name": "Pork", "background_image": {"location": "//images.vivino.com/backgrounds/foods/10_pork.png", "variations": {"small": "//images.vivino.com/backgrounds/foods/thumbs/10_pork_932x810.png"}}, "seo_name": "pork"}, {"id": 19, "name": "Vegetarian", "background_image": {"location": "//images.vivino.com/backgrounds/foods/19_vegetarian.png", "variations": {"small": "//images.vivino.com/backgrounds/foods/thumbs/19_vegetarian_932x810.png"}}, "seo_name": "vegetarian"}, {"id": 20, "name": "Poultry", "background_image": {"location": "//images.vivino.com/backgrounds/foods/20_chicken.png", "variations": {"small": "//images.vivino.com/backgrounds/foods/thumbs/20_chicken_932x810.png"}}, "seo_name": "poultry"}, {"id": 28, "name": "Lean fish", "background_image": {"location": "//images.vivino.com/backgrounds/foods/28_leanfish.png", "variations": {"small": "//images.vivino.com/backgrounds/foods/thumbs/28_leanfish_932x810.png"}}, "seo_name": null}], "grapes": [{"id": 252, "name": "Silvaner", "seo_name": "silvaner", "has_detailed_info": false, "wines_count": 15480}], "region": null}}}], "merchant": {"id": 1703, "name": "Billigerweinkaufen.de", "seo_name": "billigerweinkaufen-de", "legal_name": "Weinliebe GmbH", "description": "Versandkostenfrei f\u00fcr Bestellungen ab 80 EUR", "country": {"code": "de", "name": "Deutschland", "native_name": "Deutschland", "seo_name": "germany", "currency": {"code": "EUR", "name": "Euros", "prefix": "\u20ac", "suffix": null}, "regions_count": 210, "users_count": 2117308, "wines_count": 197796, "wineries_count": 13493, "most_used_grapes": [{"id": 15, "name": "Riesling", "seo_name": "riesling", "has_detailed_info": true, "wines_count": 259925}, {"id": 299, "name": "Sp\u00e4tburgunder", "seo_name": "spatburgunder", "has_detailed_info": false, "wines_count": 49659}, {"id": 355, "name": "Weissburgunder", "seo_name": "weissburgunder", "has_detailed_info": false, "wines_count": 33123}]}, "state": null, "status": 3, "image": {"location": "//images.vivino.com/merchants/originals/p1cqtbv100001l7.jpg", "variations": {"large_square": "//images.vivino.com/merchants/thumbs/p1cqtbv100001l7_400x400.jpg", "medium_square": "//images.vivino.com/merchants/thumbs/p1cqtbv100001l7_320x320.jpg", "small_square": "//images.vivino.com/merchants/thumbs/p1cqtbv100001l7_160x160.jpg"}}, "shipping_estimate": "Lieferung voraussichtlich zwischen Di, 21.\u00a0Dez und Mi, 29.\u00a0Dez", "impressum_url": "https://www.billigerweinkaufen.de/impressum", "tos_url": "https://www.billigerweinkaufen.de/agb", "vc_clearing_system": 0, "hidden": false}, "sold_out": false, "prices_and_availability": {"market": {"country": "de", "currency": {"code": "EUR", "name": "Euros", "prefix": "\u20ac", "suffix": null}}, "availability": {"vintage": {"id": 167532674, "year": 2020, "grapes": null, "has_valid_ratings": false}, "median": {"amount": 9.5, "type": "market", "discounted_from": null}, "price": {"id": 23997009, "amount": 10.97, "discounted_from": 0.0, "type": "vc"}}, "merchants_with_prices": [{"merchant": {"id": 1703, "name": "Billigerweinkaufen.de", "seo_name": "billigerweinkaufen-de", "legal_name": "Weinliebe GmbH", "description": "Versandkostenfrei f\u00fcr Bestellungen ab 80 EUR", "country": {"code": "de", "name": "Deutschland", "native_name": "Deutschland", "seo_name": "germany", "currency": {"code": "EUR", "name": "Euros", "prefix": "\u20ac", "suffix": null}, "regions_count": 210, "users_count": 2117308, "wines_count": 197796, "wineries_count": 13493, "most_used_grapes": [{"id": 15, "name": "Riesling", "seo_name": "riesling", "has_detailed_info": true, "wines_count": 259925}, {"id": 299, "name": "Sp\u00e4tburgunder", "seo_name": "spatburgunder", "has_detailed_info": false, "wines_count": 49659}, {"id": 355, "name": "Weissburgunder", "seo_name": "weissburgunder", "has_detailed_info": false, "wines_count": 33123}]}, "state": null, "status": 3, "image": {"location": "//images.vivino.com/merchants/originals/p1cqtbv100001l7.jpg", "variations": {"large_square": "//images.vivino.com/merchants/thumbs/p1cqtbv100001l7_400x400.jpg", "medium_square": "//images.vivino.com/merchants/thumbs/p1cqtbv100001l7_320x320.jpg", "small_square": "//images.vivino.com/merchants/thumbs/p1cqtbv100001l7_160x160.jpg"}}, "shipping_estimate": "Lieferung voraussichtlich zwischen Di, 21.\u00a0Dez und Mi, 29.\u00a0Dez", "impressum_url": "https://www.billigerweinkaufen.de/impressum", "tos_url": "https://www.billigerweinkaufen.de/agb", "vc_clearing_system": 0, "hidden": false}, "prices": [{"id": 23997009, "vintage_id": 167532674, "amount": 10.97, "type": "vc", "currency": {"code": "EUR", "name": "Euros", "prefix": "\u20ac", "suffix": null}, "bottle_type_id": 1, "inventory_bottles_count": 888, "bottles_sold_count": 11, "url": "https://www.billigerweinkaufen.de/juwel-silvaner/?utm_medium=pref-cpc&utm_source=vivino-ppc", "message": "", "producer_address": "Juwel Weine", "importer_address": "", "discounted_from": null, "bottle_type": {"id": 1, "name": "Flasche (0,75\u00a0l)", "short_name": "Flasche", "short_name_plural": "Flaschen", "volume_ml": 750}}]}, {"merchant": {"id": 2669, "name": "Deutsche Weine", "seo_name": "deutsche-weine", "legal_name": null, "description": "Versandkostenfrei f\u00fcr Bestellungen ab EUR 60", "country": {"code": "de", "name": "Deutschland", "native_name": "Deutschland", "seo_name": "germany", "currency": {"code": "EUR", "name": "Euros", "prefix": "\u20ac", "suffix": null}, "regions_count": 210, "users_count": 2117308, "wines_count": 197796, "wineries_count": 13493, "most_used_grapes": [{"id": 15, "name": "Riesling", "seo_name": "riesling", "has_detailed_info": true, "wines_count": 259925}, {"id": 299, "name": "Sp\u00e4tburgunder", "seo_name": "spatburgunder", "has_detailed_info": false, "wines_count": 49659}, {"id": 355, "name": "Weissburgunder", "seo_name": "weissburgunder", "has_detailed_info": false, "wines_count": 33123}]}, "state": null, "status": 0, "image": {"location": "//images.vivino.com/merchants/originals/p1ddr9jj00002jd.png", "variations": {"large_square": "//images.vivino.com/merchants/thumbs/p1ddr9jj00002jd_400x400.jpg", "medium_square": "//images.vivino.com/merchants/thumbs/p1ddr9jj00002jd_320x320.jpg", "small_square": "//images.vivino.com/merchants/thumbs/p1ddr9jj00002jd_160x160.jpg"}}, "shipping_estimate": "Lieferung bis Mi, 22.\u00a0Dez", "impressum_url": "https://www.deutsche-weine.com/impressum/", "tos_url": "https://www.deutsche-weine.com/agb/ ", "vc_clearing_system": 0, "hidden": false}, "prices": [{"id": 23946835, "vintage_id": 167532674, "amount": 9.2, "type": "ppc", "currency": {"code": "EUR", "name": "Euros", "prefix": "\u20ac", "suffix": null}, "bottle_type_id": 1, "inventory_bottles_count": null, "url": "https://www.deutsche-weine.com/produkt/juliane-eller-juwel-silvaner-trocken-2020?utm_medium=pref-cpc&utm_source=vivino-ppc", "message": "", "producer_address": "", "importer_address": "", "discounted_from": null, "bottle_type": {"id": 1, "name": "Flasche (0,75\u00a0l)", "short_name": "Flasche", "short_name_plural": "Flaschen", "volume_ml": 750}}]}, {"merchant": {"id": 22180, "name": "Wine4Friends", "seo_name": "wine4friends", "legal_name": null, "description": "Mobile friendly checkout. No minimum order.", "country": {"code": "de", "name": "Deutschland", "native_name": "Deutschland", "seo_name": "germany", "currency": {"code": "EUR", "name": "Euros", "prefix": "\u20ac", "suffix": null}, "regions_count": 210, "users_count": 2117308, "wines_count": 197796, "wineries_count": 13493, "most_used_grapes": [{"id": 15, "name": "Riesling", "seo_name": "riesling", "has_detailed_info": true, "wines_count": 259925}, {"id": 299, "name": "Sp\u00e4tburgunder", "seo_name": "spatburgunder", "has_detailed_info": false, "wines_count": 49659}, {"id": 355, "name": "Weissburgunder", "seo_name": "weissburgunder", "has_detailed_info": false, "wines_count": 33123}]}, "state": null, "status": 0, "image": null, "shipping_estimate": "Lieferung bis Mi, 22.\u00a0Dez", "impressum_url": null, "tos_url": null, "vc_clearing_system": 0, "hidden": false}, "prices": [{"id": 25133882, "vintage_id": 167532674, "amount": 9.5, "type": "ppc", "currency": {"code": "EUR", "name": "Euros", "prefix": "\u20ac", "suffix": null}, "bottle_type_id": 1, "inventory_bottles_count": null, "url": "https://www.wine4friends.com/juliane-eller-juwel-weine-silvaner-rheinhessen/922?c=14&utm_medium=pref-cpc&utm_source=vivino-ppc", "message": "", "producer_address": "", "importer_address": "", "discounted_from": null, "bottle_type": {"id": 1, "name": "Flasche (0,75\u00a0l)", "short_name": "Flasche", "short_name_plural": "Flaschen", "volume_ml": 750}}]}]}, "found_by_merchant_and_sku": null, "is_deal_page": false}