{"tastes": {"structure": {"acidity": 4.760427, "fizziness": null, "intensity": 2.8898842, "sweetness": 1.3701404, "tannin": null, "user_structure_count": 246, "calculated_structure_count": 216}, "flavor": [{"group": "earth", "stats": {"count": 156, "score": 22301, "mentions_count": 224}, "primary_keywords": [{"id": 276, "name": "Mineralien", "count": 76}, {"id": 218, "name": "Honig", "count": 55}, {"id": 383, "name": "Schiefer", "count": 22}, {"id": 325, "name": "Petroleum", "count": 15}, {"id": 398, "name": "Stein", "count": 15}, {"id": 85, "name": "Kreide", "count": 5}, {"id": 164, "name": "Feuerstein", "count": 4}, {"id": 156, "name": "Erdig", "count": 4}, {"id": 235, "name": "Kerosin", "count": 3}, {"id": 465, "name": "Gummi", "count": 3}, {"id": 441, "name": "Wachs", "count": 3}, {"id": 376, "name": "Saline", "count": 3}, {"id": 377, "name": "Salz", "count": 2}, {"id": 28, "name": "Bienenwachs", "count": 2}, {"id": 178, "name": "Wild", "count": 2}, {"id": 88, "name": "Holzkohle", "count": 1}, {"id": 466, "name": "Kunststoff", "count": 1}, {"id": 384, "name": "Rauch", "count": 1}, {"id": 226, "name": "Eisen", "count": 1}, {"id": 242, "name": "Leder", "count": 1}, {"id": 108, "name": "Zitronen\u00f6l", "count": 1}, {"id": 181, "name": "Ingwer", "count": 1}, {"id": 284, "name": "Champignon", "count": 1}, {"id": 219, "name": "Honigwabe", "count": 1}, {"id": 442, "name": "Nasser Beton", "count": 1}], "secondary_keywords": [{"id": 6, "name": "Mandel", "count": 2}, {"id": 381, "name": "Bohnenkraut", "count": 1}]}, {"group": "tree_fruit", "stats": {"count": 148, "score": 20600, "mentions_count": 206}, "primary_keywords": [{"id": 195, "name": "Gr\u00fcner Apfel", "count": 71}, {"id": 9, "name": "Apfel", "count": 39}, {"id": 315, "name": "Birne", "count": 28}, {"id": 310, "name": "Pfirsich", "count": 19}, {"id": 11, "name": "Aprikose", "count": 15}, {"id": 448, "name": "Wei\u00dfer Pfirsich", "count": 6}, {"id": 271, "name": "Melone", "count": 6}, {"id": 469, "name": "Steinfrucht", "count": 6}, {"id": 343, "name": "Quitte", "count": 5}, {"id": 458, "name": "Gelber Apfel", "count": 4}, {"id": 461, "name": "Gelbe Pflaume", "count": 2}, {"id": 78, "name": "Cantaloupe-Melone", "count": 1}, {"id": 433, "name": "Unreife Birne", "count": 1}, {"id": 288, "name": "Nektarine", "count": 1}, {"id": 204, "name": "Gr\u00fcne Birne", "count": 1}, {"id": 323, "name": "Dattelpflaume", "count": 1}]}, {"group": "citrus_fruit", "stats": {"count": 149, "score": 19200, "mentions_count": 191}, "primary_keywords": [{"id": 106, "name": "Zitrone", "count": 73}, {"id": 243, "name": "Zitrone", "count": 44}, {"id": 252, "name": "Limette", "count": 36}, {"id": 254, "name": "Limettenmark", "count": 12}, {"id": 190, "name": "Grapefruit", "count": 8}, {"id": 248, "name": "Zitronenw\u00fcrze", "count": 4}, {"id": 330, "name": "Rosa Grapefruit", "count": 3}, {"id": 411, "name": "Mandarine", "count": 2}, {"id": 300, "name": "Orangenschale", "count": 2}, {"id": 298, "name": "Orange", "count": 2}, {"id": 246, "name": "Zitronenschale", "count": 2}, {"id": 109, "name": "Zitrusw\u00fcrze", "count": 1}, {"id": 247, "name": "Zitronenmark", "count": 1}, {"id": 54, "name": "Blutorange", "count": 1}], "secondary_keywords": [{"id": 244, "name": "Zitronencreme", "count": 4}]}, {"group": "tropical_fruit", "stats": {"count": 39, "score": 4100, "mentions_count": 41}, "primary_keywords": [{"id": 329, "name": "Ananas", "count": 20}, {"id": 428, "name": "Tropisch", "count": 7}, {"id": 306, "name": "Passionsfrucht", "count": 5}, {"id": 261, "name": "Mango", "count": 3}, {"id": 237, "name": "Kiwi", "count": 3}, {"id": 256, "name": "Litschi", "count": 2}, {"id": 201, "name": "Gr\u00fcne Mango", "count": 1}]}, {"group": "vegetal", "stats": {"count": 27, "score": 2645, "mentions_count": 26}, "primary_keywords": [{"id": 399, "name": "Stroh", "count": 12}, {"id": 193, "name": "Gras", "count": 8}, {"id": 212, "name": "Heu", "count": 3}, {"id": 197, "name": "Gr\u00fcne Paprika", "count": 1}, {"id": 185, "name": "Stachelbeere", "count": 1}, {"id": 13, "name": "rucola", "count": 1}], "secondary_keywords": [{"id": 6, "name": "Mandel", "count": 2}, {"id": 381, "name": "Bohnenkraut", "count": 1}]}, {"group": "microbio", "stats": {"count": 30, "score": 2250, "mentions_count": 21}, "primary_keywords": [{"id": 295, "name": "\u00d6l", "count": 8}, {"id": 123, "name": "Creme", "count": 5}, {"id": 244, "name": "Zitronencreme", "count": 4}, {"id": 91, "name": "K\u00e4se", "count": 2}, {"id": 404, "name": "Verschwitzt", "count": 1}, {"id": 457, "name": "Hefe", "count": 1}], "secondary_keywords": [{"id": 70, "name": "Butter", "count": 5}, {"id": 417, "name": "Toast", "count": 3}, {"id": 6, "name": "Mandel", "count": 2}, {"id": 424, "name": "Toffee", "count": 1}, {"id": 284, "name": "Champignon", "count": 1}]}, {"group": "oak", "stats": {"count": 25, "score": 1673, "mentions_count": 17}, "primary_keywords": [{"id": 292, "name": "Eiche", "count": 6}, {"id": 70, "name": "Butter", "count": 5}, {"id": 115, "name": "Kokosnuss", "count": 2}, {"id": 79, "name": "Karamell", "count": 2}, {"id": 434, "name": "Vanille", "count": 1}, {"id": 424, "name": "Toffee", "count": 1}], "secondary_keywords": [{"id": 244, "name": "Zitronencreme", "count": 4}, {"id": 6, "name": "Mandel", "count": 2}, {"id": 384, "name": "Rauch", "count": 1}, {"id": 88, "name": "Holzkohle", "count": 1}, {"id": 242, "name": "Leder", "count": 1}]}, {"group": "floral", "stats": {"count": 16, "score": 1625, "mentions_count": 16}, "primary_keywords": [{"id": 157, "name": "Holunderbl\u00fcte", "count": 4}, {"id": 221, "name": "Gei\u00dfblatt", "count": 3}, {"id": 250, "name": "Flieder", "count": 2}, {"id": 230, "name": "Jasmin", "count": 2}, {"id": 2, "name": "Akazie", "count": 2}, {"id": 436, "name": "Veilchen", "count": 1}, {"id": 299, "name": "Orangenbl\u00fcte", "count": 1}, {"id": 87, "name": "Kamille", "count": 1}], "secondary_keywords": [{"id": 381, "name": "Bohnenkraut", "count": 1}]}, {"group": "non_oak", "stats": {"count": 10, "score": 445, "mentions_count": 6}, "primary_keywords": [{"id": 417, "name": "Toast", "count": 3}, {"id": 6, "name": "Mandel", "count": 2}, {"id": 438, "name": "Walnuss", "count": 1}], "secondary_keywords": [{"id": 79, "name": "Karamell", "count": 2}, {"id": 434, "name": "Vanille", "count": 1}, {"id": 384, "name": "Rauch", "count": 1}]}, {"group": "spices", "stats": {"count": 7, "score": 561, "mentions_count": 6}, "primary_keywords": [{"id": 449, "name": "Weiter Pfeffer", "count": 2}, {"id": 277, "name": "Minze", "count": 1}, {"id": 373, "name": "Rosmarin", "count": 1}, {"id": 375, "name": "Salbei", "count": 1}, {"id": 381, "name": "Bohnenkraut", "count": 1}], "secondary_keywords": [{"id": 434, "name": "Vanille", "count": 1}, {"id": 181, "name": "Ingwer", "count": 1}]}, {"group": "red_fruit", "stats": {"count": 2, "score": 200, "mentions_count": 2}, "primary_keywords": [{"id": 120, "name": "Zuckerwatte", "count": 1}, {"id": 93, "name": "Kirsche", "count": 1}]}]}, "vivino_id": "1555674"}