{"vintage": {"id": 159904166, "seo_name": "santiago-ruiz-albarino-o-rosal-2019", "name": "Santiago Ruiz Albari\u00f1o (O Rosal) 2019", "statistics": {"status": "Normal", "ratings_count": 1146, "ratings_average": 4.1, "labels_count": 8456, "reviews_count": 415}, "organic_certification_id": null, "certified_biodynamic": null, "image": {"location": "//images.vivino.com/thumbs/qu5jakm8TF2GXZwo4xRBSA_pl_480x640.png", "variations": {"bottle_large": "//images.vivino.com/thumbs/qu5jakm8TF2GXZwo4xRBSA_pb_x960.png", "bottle_medium": "//images.vivino.com/thumbs/qu5jakm8TF2GXZwo4xRBSA_pb_x600.png", "bottle_medium_square": "//images.vivino.com/thumbs/qu5jakm8TF2GXZwo4xRBSA_pb_600x600.png", "bottle_small": "//images.vivino.com/thumbs/qu5jakm8TF2GXZwo4xRBSA_pb_x300.png", "bottle_small_square": "//images.vivino.com/thumbs/qu5jakm8TF2GXZwo4xRBSA_pb_300x300.png", "label": "//images.vivino.com/thumbs/qu5jakm8TF2GXZwo4xRBSA_pl_480x640.png", "label_large": "//images.vivino.com/thumbs/qu5jakm8TF2GXZwo4xRBSA_pl_375x500.png", "label_medium": "//images.vivino.com/thumbs/qu5jakm8TF2GXZwo4xRBSA_pl_150x200.png", "label_medium_square": "//images.vivino.com/thumbs/qu5jakm8TF2GXZwo4xRBSA_pl_150x150.png", "label_small_square": "//images.vivino.com/thumbs/qu5jakm8TF2GXZwo4xRBSA_pl_80x80.png", "large": "//images.vivino.com/thumbs/qu5jakm8TF2GXZwo4xRBSA_pl_375x500.png", "medium": "//images.vivino.com/thumbs/qu5jakm8TF2GXZwo4xRBSA_pl_150x200.png", "medium_square": "//images.vivino.com/thumbs/qu5jakm8TF2GXZwo4xRBSA_pl_150x150.png", "small_square": "//images.vivino.com/thumbs/qu5jakm8TF2GXZwo4xRBSA_pl_80x80.png"}}, "wine": {"id": 1138165, "name": "Albari\u00f1o (O Rosal)", "seo_name": "albarino-o-rosal", "type_id": 2, "vintage_type": 0, "is_natural": false, "region": {"id": 766, "name": "R\u00edas Baixas", "name_en": "", "seo_name": "rias-baixas", "country": {"code": "es", "name": "Spanien", "native_name": "Espa\u00f1a", "seo_name": "spain", "currency": {"code": "EUR", "name": "Euros", "prefix": "\u20ac", "suffix": null}, "regions_count": 152, "users_count": 2007042, "wines_count": 130133, "wineries_count": 17560, "most_used_grapes": [{"id": 19, "name": "Tempranillo", "seo_name": "tempranillo", "has_detailed_info": true, "wines_count": 171275}, {"id": 142, "name": "Garnacha", "seo_name": "garnacha", "has_detailed_info": true, "wines_count": 57586}, {"id": 2, "name": "Cabernet Sauvignon", "seo_name": "cabernet-sauvignon", "has_detailed_info": true, "wines_count": 794022}]}, "parent_id": 663, "background_image": {"location": "//images.vivino.com/regions/backgrounds/wgZ7N7oiTd-_bbw3iUCcRg.jpg", "variations": {"large": "//thumbs.vivino.com/region_backgrounds/wgZ7N7oiTd-_bbw3iUCcRg_1280x760.jpg", "medium": "//thumbs.vivino.com/region_backgrounds/wgZ7N7oiTd-_bbw3iUCcRg_600x356.jpg"}}, "class": {"typecast_map": {"background_image": {}, "class": {}}}, "statistics": {"wineries_count": 361, "wines_count": 1528, "sub_regions_count": 0, "parent_regions_count": 1}}, "review_status": 2, "winery": {"id": 14363, "name": "Santiago Ruiz", "seo_name": "santiago-ruiz", "status": 0, "review_status": "Completed", "background_image": null, "statistics": {"ratings_count": 12237, "ratings_average": 4, "labels_count": 64149, "wines_count": 4}, "region": {"id": 663, "name": "Galicia", "name_en": "", "seo_name": "galicia", "country": {"code": "es", "name": "Spanien", "native_name": "Espa\u00f1a", "seo_name": "spain", "currency": {"code": "EUR", "name": "Euros", "prefix": "\u20ac", "suffix": null}, "regions_count": 152, "users_count": 2007042, "wines_count": 130133, "wineries_count": 17560, "most_used_grapes": [{"id": 19, "name": "Tempranillo", "seo_name": "tempranillo", "has_detailed_info": true, "wines_count": 171275}, {"id": 142, "name": "Garnacha", "seo_name": "garnacha", "has_detailed_info": true, "wines_count": 57586}, {"id": 2, "name": "Cabernet Sauvignon", "seo_name": "cabernet-sauvignon", "has_detailed_info": true, "wines_count": 794022}]}, "parent_id": null, "background_image": {"location": "//images.vivino.com/regions/backgrounds/ttgVgGktRN-ChPAs20rbhQ.jpg", "variations": {"large": "//thumbs.vivino.com/region_backgrounds/ttgVgGktRN-ChPAs20rbhQ_1280x760.jpg", "medium": "//thumbs.vivino.com/region_backgrounds/ttgVgGktRN-ChPAs20rbhQ_600x356.jpg"}}, "statistics": {"wineries_count": 1148, "wines_count": 4397, "sub_regions_count": 8, "parent_regions_count": 0}}, "business_name": "Bodegas Santiago Ruiz", "description": "", "specialists_notes": "", "phone": "34 986 614 083", "email": "info@bodegassantiagoruiz.com", "facebook": "", "instagram": "", "is_claimed": false, "twitter": "", "website": "http://www.bodegasantiagoruiz.com", "winemaker": "Santiago Ruiz", "wine_maker": {"id": 9048, "name": "Santiago Ruiz"}, "address": {"title": null, "name": null, "street": "Rua De Vinicultor", "street2": null, "neighborhood": null, "city": "San Miguel De Tabag\u00f3n O Rosal", "zip": "36760", "state": null, "country": {"code": "es", "name": "Spanien", "native_name": "Espa\u00f1a", "seo_name": "spain", "currency": {"code": "EUR", "name": "Euros", "prefix": "\u20ac", "suffix": null}, "regions_count": 152, "users_count": 2007042, "wines_count": 130133, "wineries_count": 17560, "most_used_grapes": [{"id": 19, "name": "Tempranillo", "seo_name": "tempranillo", "has_detailed_info": true, "wines_count": 171275}, {"id": 142, "name": "Garnacha", "seo_name": "garnacha", "has_detailed_info": true, "wines_count": 57586}, {"id": 2, "name": "Cabernet Sauvignon", "seo_name": "cabernet-sauvignon", "has_detailed_info": true, "wines_count": 794022}]}, "company": null, "phone": null, "external_id": null, "residential": null, "vat_number": null, "vat_code": null, "addition": null}, "image": null, "location": {"latitude": 28.03344, "longitude": -15.470144}, "winery_group": null, "first_wines": [], "sponsored_entity_type": null, "sponsored_entity": null}, "statistics": {"status": "Normal", "ratings_count": 11812, "ratings_average": 4, "labels_count": 62245, "vintages_count": 59}, "rank": {"country": {"description": "Rang von Spanien", "total": 79192, "rank": 2207}, "region": {"description": "Rang von Weinregion", "total": 3989, "rank": 127}, "winery": {"description": "Rang vom Weingut", "total": 4, "rank": 1}, "wine_type": {"description": "Rang in allen Wei\u00dfwein", "total": 394073, "rank": 7155}, "global": {"description": "Weltweiter Rang", "total": 1287386, "rank": 35411}}, "hidden": false, "vintages": [{"id": 167423885, "seo_name": "santiago-ruiz-albarino-o-rosal-2021", "name": "Santiago Ruiz Albari\u00f1o (O Rosal) 2021", "statistics": {"status": "Normal", "ratings_count": 23, "ratings_average": 4.3, "labels_count": 147, "reviews_count": 4}, "year": 2021, "grapes": null, "has_valid_ratings": true}, {"id": 162995370, "seo_name": "santiago-ruiz-albarino-o-rosal-2020", "name": "Santiago Ruiz Albari\u00f1o (O Rosal) 2020", "statistics": {"status": "Normal", "ratings_count": 387, "ratings_average": 4, "labels_count": 2902, "reviews_count": 140}, "year": 2020, "grapes": null, "has_valid_ratings": true}, {"id": 159904166, "seo_name": "santiago-ruiz-albarino-o-rosal-2019", "name": "Santiago Ruiz Albari\u00f1o (O Rosal) 2019", "statistics": {"status": "Normal", "ratings_count": 1146, "ratings_average": 4.1, "labels_count": 8456, "reviews_count": 415}, "year": 2019, "grapes": null, "has_valid_ratings": true}, {"id": 156106417, "seo_name": "santiago-ruiz-albarino-o-rosal-2018", "name": "Santiago Ruiz Albari\u00f1o (O Rosal) 2018", "statistics": {"status": "Normal", "ratings_count": 1516, "ratings_average": 4.1, "labels_count": 10280, "reviews_count": 527}, "year": 2018, "grapes": null, "has_valid_ratings": true}, {"id": 150313481, "seo_name": "santiago-ruiz-albarino-o-rosal-2017", "name": "Santiago Ruiz Albari\u00f1o (O Rosal) 2017", "statistics": {"status": "Normal", "ratings_count": 1732, "ratings_average": 4.1, "labels_count": 11094, "reviews_count": 624}, "year": 2017, "grapes": null, "has_valid_ratings": true}, {"id": 136832007, "seo_name": "santiago-ruiz-albarino-o-rosal-2016", "name": "Santiago Ruiz Albari\u00f1o (O Rosal) 2016", "statistics": {"status": "Normal", "ratings_count": 1424, "ratings_average": 4, "labels_count": 8721, "reviews_count": 442}, "year": 2016, "grapes": null, "has_valid_ratings": true}, {"id": 14202422, "seo_name": "santiago-ruiz-albarino-o-rosal-2015", "name": "Santiago Ruiz Albari\u00f1o (O Rosal) 2015", "statistics": {"status": "Normal", "ratings_count": 1300, "ratings_average": 3.9, "labels_count": 6388, "reviews_count": 374}, "year": 2015, "grapes": null, "has_valid_ratings": true}, {"id": 4468766, "seo_name": "santiago-ruiz-albarino-o-rosal-2014", "name": "Santiago Ruiz Albari\u00f1o (O Rosal) 2014", "statistics": {"status": "Normal", "ratings_count": 849, "ratings_average": 3.9, "labels_count": 3363, "reviews_count": 296}, "year": 2014, "grapes": null, "has_valid_ratings": true}, {"id": 2259240, "seo_name": "santiago-ruiz-albarino-o-rosal-2013", "name": "Santiago Ruiz Albari\u00f1o (O Rosal) 2013", "statistics": {"status": "Normal", "ratings_count": 1280, "ratings_average": 3.8, "labels_count": 5644, "reviews_count": 442}, "year": 2013, "grapes": null, "has_valid_ratings": true}, {"id": 2128486, "seo_name": "santiago-ruiz-albarino-o-rosal-2012", "name": "Santiago Ruiz Albari\u00f1o (O Rosal) 2012", "statistics": {"status": "Normal", "ratings_count": 368, "ratings_average": 3.7, "labels_count": 785, "reviews_count": 117}, "year": 2012, "grapes": null, "has_valid_ratings": true}, {"id": 1367766, "seo_name": "santiago-ruiz-albarino-o-rosal-2011", "name": "Santiago Ruiz Albari\u00f1o (O Rosal) 2011", "statistics": {"status": "Normal", "ratings_count": 290, "ratings_average": 3.8, "labels_count": 886, "reviews_count": 64}, "year": 2011, "grapes": null, "has_valid_ratings": true}, {"id": 1229564, "seo_name": "santiago-ruiz-albarino-o-rosal-2010", "name": "Santiago Ruiz Albari\u00f1o (O Rosal) 2010", "statistics": {"status": "Normal", "ratings_count": 151, "ratings_average": 4, "labels_count": 780, "reviews_count": 44}, "year": 2010, "grapes": null, "has_valid_ratings": true}, {"id": 1188051, "seo_name": "santiago-ruiz-albarino-o-rosal-2009", "name": "Santiago Ruiz Albari\u00f1o (O Rosal) 2009", "statistics": {"status": "Normal", "ratings_count": 381, "ratings_average": 3.9, "labels_count": 1451, "reviews_count": 73}, "year": 2009, "grapes": null, "has_valid_ratings": true}, {"id": 1166589, "seo_name": "santiago-ruiz-albarino-o-rosal-2008", "name": "Santiago Ruiz Albari\u00f1o (O Rosal) 2008", "statistics": {"status": "Normal", "ratings_count": 87, "ratings_average": 3.9, "labels_count": 383, "reviews_count": 13}, "year": 2008, "grapes": null, "has_valid_ratings": true}, {"id": 1446176, "seo_name": "santiago-ruiz-albarino-o-rosal-2007", "name": "Santiago Ruiz Albari\u00f1o (O Rosal) 2007", "statistics": {"status": "Normal", "ratings_count": 12, "ratings_average": 3.8, "labels_count": 56, "reviews_count": 2}, "year": 2007, "grapes": null, "has_valid_ratings": true}, {"id": 1440903, "seo_name": "santiago-ruiz-albarino-o-rosal-2006", "name": "Santiago Ruiz Albari\u00f1o (O Rosal) 2006", "statistics": {"status": "Normal", "ratings_count": 13, "ratings_average": 3.7, "labels_count": 85, "reviews_count": 5}, "year": 2006, "grapes": null, "has_valid_ratings": true}, {"id": 1446173, "seo_name": "santiago-ruiz-albarino-o-rosal-2005", "name": "Santiago Ruiz Albari\u00f1o (O Rosal) 2005", "statistics": {"status": "Normal", "ratings_count": 14, "ratings_average": 3.7, "labels_count": 134, "reviews_count": 3}, "year": 2005, "grapes": null, "has_valid_ratings": true}, {"id": 3066241, "seo_name": "santiago-ruiz-albarino-o-rosal-2004", "name": "Santiago Ruiz Albari\u00f1o (O Rosal) 2004", "statistics": {"status": "BelowThreshold", "ratings_count": 2, "ratings_average": 0, "labels_count": 27, "reviews_count": 1}, "year": 2004, "grapes": null, "has_valid_ratings": false}, {"id": 3893876, "seo_name": "santiago-ruiz-albarino-o-rosal-2003", "name": "Santiago Ruiz Albari\u00f1o (O Rosal) 2003", "statistics": {"status": "BelowThreshold", "ratings_count": 1, "ratings_average": 0, "labels_count": 9, "reviews_count": 0}, "year": 2003, "grapes": null, "has_valid_ratings": false}, {"id": 2899315, "seo_name": "santiago-ruiz-albarino-o-rosal-2002", "name": "Santiago Ruiz Albari\u00f1o (O Rosal) 2002", "statistics": {"status": "BelowThreshold", "ratings_count": 3, "ratings_average": 0, "labels_count": 23, "reviews_count": 1}, "year": 2002, "grapes": null, "has_valid_ratings": false}, {"id": 6266873, "seo_name": "santiago-ruiz-albarino-o-rosal-2001", "name": "Santiago Ruiz Albari\u00f1o (O Rosal) 2001", "statistics": {"status": "BelowThreshold", "ratings_count": 6, "ratings_average": 0, "labels_count": 66, "reviews_count": 3}, "year": 2001, "grapes": null, "has_valid_ratings": false}, {"id": 3701646, "seo_name": "santiago-ruiz-albarino-o-rosal-2000", "name": "Santiago Ruiz Albari\u00f1o (O Rosal) 2000", "statistics": {"status": "Normal", "ratings_count": 11, "ratings_average": 4.4, "labels_count": 88, "reviews_count": 2}, "year": 2000, "grapes": null, "has_valid_ratings": true}, {"id": 3294875, "seo_name": "santiago-ruiz-albarino-o-rosal-1999", "name": "Santiago Ruiz Albari\u00f1o (O Rosal) 1999", "statistics": {"status": "BelowThreshold", "ratings_count": 2, "ratings_average": 0, "labels_count": 26, "reviews_count": 0}, "year": 1999, "grapes": null, "has_valid_ratings": false}, {"id": 13520382, "seo_name": "santiago-ruiz-albarino-o-rosal-1998", "name": "Santiago Ruiz Albari\u00f1o (O Rosal) 1998", "statistics": {"status": "BelowThreshold", "ratings_count": 3, "ratings_average": 0, "labels_count": 18, "reviews_count": 0}, "year": 1998, "grapes": null, "has_valid_ratings": false}, {"id": 2837707, "seo_name": "santiago-ruiz-albarino-o-rosal-1993", "name": "Santiago Ruiz Albari\u00f1o (O Rosal) 1993", "statistics": {"status": "BelowThreshold", "ratings_count": 1, "ratings_average": 0, "labels_count": 9, "reviews_count": 0}, "year": 1993, "grapes": null, "has_valid_ratings": false}, {"id": 4362146, "seo_name": "santiago-ruiz-albarino-o-rosal-1991", "name": "Santiago Ruiz Albari\u00f1o (O Rosal) 1991", "statistics": {"status": "BelowThreshold", "ratings_count": 6, "ratings_average": 0, "labels_count": 48, "reviews_count": 1}, "year": 1991, "grapes": null, "has_valid_ratings": false}, {"id": 8206242, "seo_name": "santiago-ruiz-albarino-o-rosal-1978", "name": "Santiago Ruiz Albari\u00f1o (O Rosal) 1978", "statistics": {"status": "BelowThreshold", "ratings_count": 1, "ratings_average": 0, "labels_count": 5, "reviews_count": 1}, "year": 1978, "grapes": null, "has_valid_ratings": false}, {"id": 7431368, "seo_name": "santiago-ruiz-albarino-o-rosal-1976", "name": "Santiago Ruiz Albari\u00f1o (O Rosal) 1976", "statistics": {"status": "BelowThreshold", "ratings_count": 1, "ratings_average": 0, "labels_count": 1, "reviews_count": 0}, "year": 1976, "grapes": null, "has_valid_ratings": false}, {"id": 17906780, "seo_name": "santiago-ruiz-albarino-o-rosal-1975", "name": "Santiago Ruiz Albari\u00f1o (O Rosal) 1975", "statistics": {"status": "Normal", "ratings_count": 15, "ratings_average": 3.5, "labels_count": 97, "reviews_count": 3}, "year": 1975, "grapes": null, "has_valid_ratings": true}, {"id": 4069552, "seo_name": "santiago-ruiz-albarino-o-rosal-1965", "name": "Santiago Ruiz Albari\u00f1o (O Rosal) 1965", "statistics": {"status": "BelowThreshold", "ratings_count": 1, "ratings_average": 0, "labels_count": 1, "reviews_count": 0}, "year": 1965, "grapes": null, "has_valid_ratings": false}, {"id": 79119538, "seo_name": "santiago-ruiz-albarino-o-rosal-1961", "name": "Santiago Ruiz Albari\u00f1o (O Rosal) 1961", "statistics": {"status": "BelowThreshold", "ratings_count": 1, "ratings_average": 0, "labels_count": 1, "reviews_count": 0}, "year": 1961, "grapes": null, "has_valid_ratings": false}, {"id": 1592649, "seo_name": "santiago-ruiz-albarino-o-rosal-uv", "name": "Santiago Ruiz Albari\u00f1o (O Rosal)", "statistics": {"status": "Normal", "ratings_count": 11812, "ratings_average": 4, "labels_count": 121, "reviews_count": 205}, "year": 0, "grapes": null, "has_valid_ratings": true}], "description": "It has yellow straw colour with green reflections. Very aromatic with fruity nuances (pear, loquat, citrics) as well as balsamic (mint, laurel) and mineral notes. Powerful in the mouth, well-balanced\r\nin acidity and with a long finish.", "grapes": [{"id": 49, "name": "Albari\u00f1o", "seo_name": "albarino", "has_detailed_info": false, "wines_count": 15241}], "foods": [{"id": 5, "name": "Pasta", "background_image": {"location": "//images.vivino.com/backgrounds/foods/5_pasta.png", "variations": {"small": "//images.vivino.com/backgrounds/foods/thumbs/5_pasta_932x810.png"}}, "seo_name": null}, {"id": 13, "name": "Schalentiere", "background_image": {"location": "//images.vivino.com/backgrounds/foods/13_shellfish.png", "variations": {"small": "//images.vivino.com/backgrounds/foods/thumbs/13_shellfish_932x810.png"}}, "seo_name": "shellfish"}, {"id": 19, "name": "Vegetarische Gerichte", "background_image": {"location": "//images.vivino.com/backgrounds/foods/19_vegetarian.png", "variations": {"small": "//images.vivino.com/backgrounds/foods/thumbs/19_vegetarian_932x810.png"}}, "seo_name": "vegetarian"}, {"id": 27, "name": "Vorspeisen und Snacks", "background_image": {"location": "//images.vivino.com/backgrounds/foods/27_appetizers-snacks.png", "variations": {"small": "//images.vivino.com/backgrounds/foods/thumbs/27_appetizers-snacks_932x810.png"}}, "seo_name": null}, {"id": 28, "name": "Magerer Fisch", "background_image": {"location": "//images.vivino.com/backgrounds/foods/28_leanfish.png", "variations": {"small": "//images.vivino.com/backgrounds/foods/thumbs/28_leanfish_932x810.png"}}, "seo_name": null}], "non_vintage": false, "alcohol": 0, "sweetness_id": 5, "closure": "cork", "vintage_mask_raw": null, "updated_at": "2021-07-08T17:02:21Z", "created_at": "2010-12-22T03:13:02Z", "is_first_wine": false, "style": {"id": 1, "seo_name": "spanish-albarino", "regional_name": "Spanish", "varietal_name": "Albari\u00f1o", "name": "Albari\u00f1o Spanien", "image": null, "background_image": {"location": "//images.vivino.com/backgrounds/styles/8ZzCpW2sTaCWJwMGRZFFdQ.jpg", "variations": {"small": "//images.vivino.com/backgrounds/styles/thumbs/8ZzCpW2sTaCWJwMGRZFFdQ_932x810.jpg"}}}, "has_valid_ratings": true}, "description": "", "expert_reviews": null, "wine_critic_reviews": [{"id": 3506742, "wine_critic_id": 95, "score": "90", "score_normalized": 90, "reviewed_at": "2020-05-18T00:00:00Z"}, {"id": 3506748, "wine_critic_id": 5, "score": "90", "score_normalized": 90, "reviewed_at": "2015-01-01T00:00:00Z"}], "awards": [], "ratings_distribution": {"1": 2, "2": 14, "3": 197, "4": 726, "5": 207}, "ranking": {"country": {"description": "Rang von Spanien", "total": 600990, "rank": 9462}, "region": {"description": "Rang von Weinregion", "total": 29010, "rank": 342}, "winery": {"description": "Rang vom Weingut", "total": 56, "rank": 3}, "global": {"description": "Weltweiter Rang", "total": 8825154, "rank": 155864}}, "wine_facts": {"alcohol": 13, "contains_milk_allergens": false, "contains_egg_allergens": false, "closure": "cork"}, "winemaker": null, "wine_maker": null, "grape_composition": {}, "year": 2019, "grapes": null, "has_valid_ratings": true}, "carts": null, "price_range": {"currency": {"code": "EUR", "name": "Euros", "prefix": "\u20ac", "suffix": null}, "price_range": {"minimum": 0, "maximum": 500, "currency_code": "EUR"}, "defaults": {"minimum": 7, "maximum": 30, "currency_code": "EUR"}}, "subtotal_price": null, "full_region": null, "tastes": null, "wine": {"id": 1138165, "name": "Albari\u00f1o (O Rosal)", "seo_name": "albarino-o-rosal", "type_id": 2, "vintage_type": 0, "is_natural": false, "region": {"id": 766, "name": "R\u00edas Baixas", "name_en": "", "seo_name": "rias-baixas", "country": {"code": "es", "name": "Spanien", "native_name": "Espa\u00f1a", "seo_name": "spain", "currency": {"code": "EUR", "name": "Euros", "prefix": "\u20ac", "suffix": null}, "regions_count": 152, "users_count": 2007042, "wines_count": 130133, "wineries_count": 17560, "most_used_grapes": [{"id": 19, "name": "Tempranillo", "seo_name": "tempranillo", "has_detailed_info": true, "wines_count": 171275}, {"id": 142, "name": "Garnacha", "seo_name": "garnacha", "has_detailed_info": true, "wines_count": 57586}, {"id": 2, "name": "Cabernet Sauvignon", "seo_name": "cabernet-sauvignon", "has_detailed_info": true, "wines_count": 794022}]}, "parent_id": 663, "background_image": {"location": "//images.vivino.com/regions/backgrounds/wgZ7N7oiTd-_bbw3iUCcRg.jpg", "variations": {"large": "//thumbs.vivino.com/region_backgrounds/wgZ7N7oiTd-_bbw3iUCcRg_1280x760.jpg", "medium": "//thumbs.vivino.com/region_backgrounds/wgZ7N7oiTd-_bbw3iUCcRg_600x356.jpg"}}, "class": {"typecast_map": {"background_image": {}, "class": {}}}, "statistics": {"wineries_count": 361, "wines_count": 1528, "sub_regions_count": 0, "parent_regions_count": 1}}, "review_status": 2, "winery": {"id": 14363, "name": "Santiago Ruiz", "seo_name": "santiago-ruiz", "status": 0, "review_status": "Completed", "background_image": null, "statistics": {"ratings_count": 12237, "ratings_average": 4, "labels_count": 64149, "wines_count": 4}, "region": {"id": 663, "name": "Galicia", "name_en": "", "seo_name": "galicia", "country": {"code": "es", "name": "Spanien", "native_name": "Espa\u00f1a", "seo_name": "spain", "currency": {"code": "EUR", "name": "Euros", "prefix": "\u20ac", "suffix": null}, "regions_count": 152, "users_count": 2007042, "wines_count": 130133, "wineries_count": 17560, "most_used_grapes": [{"id": 19, "name": "Tempranillo", "seo_name": "tempranillo", "has_detailed_info": true, "wines_count": 171275}, {"id": 142, "name": "Garnacha", "seo_name": "garnacha", "has_detailed_info": true, "wines_count": 57586}, {"id": 2, "name": "Cabernet Sauvignon", "seo_name": "cabernet-sauvignon", "has_detailed_info": true, "wines_count": 794022}]}, "parent_id": null, "background_image": {"location": "//images.vivino.com/regions/backgrounds/ttgVgGktRN-ChPAs20rbhQ.jpg", "variations": {"large": "//thumbs.vivino.com/region_backgrounds/ttgVgGktRN-ChPAs20rbhQ_1280x760.jpg", "medium": "//thumbs.vivino.com/region_backgrounds/ttgVgGktRN-ChPAs20rbhQ_600x356.jpg"}}, "statistics": {"wineries_count": 1148, "wines_count": 4397, "sub_regions_count": 8, "parent_regions_count": 0}}, "business_name": "Bodegas Santiago Ruiz", "description": "", "specialists_notes": "", "phone": "34 986 614 083", "email": "info@bodegassantiagoruiz.com", "facebook": "", "instagram": "", "is_claimed": false, "twitter": "", "website": "http://www.bodegasantiagoruiz.com", "winemaker": "Santiago Ruiz", "wine_maker": {"id": 9048, "name": "Santiago Ruiz"}, "address": {"title": null, "name": null, "street": "Rua De Vinicultor", "street2": null, "neighborhood": null, "city": "San Miguel De Tabag\u00f3n O Rosal", "zip": "36760", "state": null, "country": {"code": "es", "name": "Spanien", "native_name": "Espa\u00f1a", "seo_name": "spain", "currency": {"code": "EUR", "name": "Euros", "prefix": "\u20ac", "suffix": null}, "regions_count": 152, "users_count": 2007042, "wines_count": 130133, "wineries_count": 17560, "most_used_grapes": [{"id": 19, "name": "Tempranillo", "seo_name": "tempranillo", "has_detailed_info": true, "wines_count": 171275}, {"id": 142, "name": "Garnacha", "seo_name": "garnacha", "has_detailed_info": true, "wines_count": 57586}, {"id": 2, "name": "Cabernet Sauvignon", "seo_name": "cabernet-sauvignon", "has_detailed_info": true, "wines_count": 794022}]}, "company": null, "phone": null, "external_id": null, "residential": null, "vat_number": null, "vat_code": null, "addition": null}, "image": null, "location": {"latitude": 28.03344, "longitude": -15.470144}, "winery_group": null, "first_wines": [], "sponsored_entity_type": null, "sponsored_entity": null}, "statistics": {"status": "Normal", "ratings_count": 11812, "ratings_average": 4, "labels_count": 62245, "vintages_count": 59}, "rank": {"country": {"description": "Rang von Spanien", "total": 79192, "rank": 2207}, "region": {"description": "Rang von Weinregion", "total": 3989, "rank": 127}, "winery": {"description": "Rang vom Weingut", "total": 4, "rank": 1}, "wine_type": {"description": "Rang in allen Wei\u00dfwein", "total": 394073, "rank": 7155}, "global": {"description": "Weltweiter Rang", "total": 1287386, "rank": 35411}}, "hidden": false, "vintages": [{"id": 167423885, "seo_name": "santiago-ruiz-albarino-o-rosal-2021", "name": "Santiago Ruiz Albari\u00f1o (O Rosal) 2021", "statistics": {"status": "Normal", "ratings_count": 23, "ratings_average": 4.3, "labels_count": 147, "reviews_count": 4}, "year": 2021, "grapes": null, "has_valid_ratings": true}, {"id": 162995370, "seo_name": "santiago-ruiz-albarino-o-rosal-2020", "name": "Santiago Ruiz Albari\u00f1o (O Rosal) 2020", "statistics": {"status": "Normal", "ratings_count": 387, "ratings_average": 4, "labels_count": 2902, "reviews_count": 140}, "year": 2020, "grapes": null, "has_valid_ratings": true}, {"id": 159904166, "seo_name": "santiago-ruiz-albarino-o-rosal-2019", "name": "Santiago Ruiz Albari\u00f1o (O Rosal) 2019", "statistics": {"status": "Normal", "ratings_count": 1146, "ratings_average": 4.1, "labels_count": 8456, "reviews_count": 415}, "year": 2019, "grapes": null, "has_valid_ratings": true}, {"id": 156106417, "seo_name": "santiago-ruiz-albarino-o-rosal-2018", "name": "Santiago Ruiz Albari\u00f1o (O Rosal) 2018", "statistics": {"status": "Normal", "ratings_count": 1516, "ratings_average": 4.1, "labels_count": 10280, "reviews_count": 527}, "year": 2018, "grapes": null, "has_valid_ratings": true}, {"id": 150313481, "seo_name": "santiago-ruiz-albarino-o-rosal-2017", "name": "Santiago Ruiz Albari\u00f1o (O Rosal) 2017", "statistics": {"status": "Normal", "ratings_count": 1732, "ratings_average": 4.1, "labels_count": 11094, "reviews_count": 624}, "year": 2017, "grapes": null, "has_valid_ratings": true}, {"id": 136832007, "seo_name": "santiago-ruiz-albarino-o-rosal-2016", "name": "Santiago Ruiz Albari\u00f1o (O Rosal) 2016", "statistics": {"status": "Normal", "ratings_count": 1424, "ratings_average": 4, "labels_count": 8721, "reviews_count": 442}, "year": 2016, "grapes": null, "has_valid_ratings": true}, {"id": 14202422, "seo_name": "santiago-ruiz-albarino-o-rosal-2015", "name": "Santiago Ruiz Albari\u00f1o (O Rosal) 2015", "statistics": {"status": "Normal", "ratings_count": 1300, "ratings_average": 3.9, "labels_count": 6388, "reviews_count": 374}, "year": 2015, "grapes": null, "has_valid_ratings": true}, {"id": 4468766, "seo_name": "santiago-ruiz-albarino-o-rosal-2014", "name": "Santiago Ruiz Albari\u00f1o (O Rosal) 2014", "statistics": {"status": "Normal", "ratings_count": 849, "ratings_average": 3.9, "labels_count": 3363, "reviews_count": 296}, "year": 2014, "grapes": null, "has_valid_ratings": true}, {"id": 2259240, "seo_name": "santiago-ruiz-albarino-o-rosal-2013", "name": "Santiago Ruiz Albari\u00f1o (O Rosal) 2013", "statistics": {"status": "Normal", "ratings_count": 1280, "ratings_average": 3.8, "labels_count": 5644, "reviews_count": 442}, "year": 2013, "grapes": null, "has_valid_ratings": true}, {"id": 2128486, "seo_name": "santiago-ruiz-albarino-o-rosal-2012", "name": "Santiago Ruiz Albari\u00f1o (O Rosal) 2012", "statistics": {"status": "Normal", "ratings_count": 368, "ratings_average": 3.7, "labels_count": 785, "reviews_count": 117}, "year": 2012, "grapes": null, "has_valid_ratings": true}, {"id": 1367766, "seo_name": "santiago-ruiz-albarino-o-rosal-2011", "name": "Santiago Ruiz Albari\u00f1o (O Rosal) 2011", "statistics": {"status": "Normal", "ratings_count": 290, "ratings_average": 3.8, "labels_count": 886, "reviews_count": 64}, "year": 2011, "grapes": null, "has_valid_ratings": true}, {"id": 1229564, "seo_name": "santiago-ruiz-albarino-o-rosal-2010", "name": "Santiago Ruiz Albari\u00f1o (O Rosal) 2010", "statistics": {"status": "Normal", "ratings_count": 151, "ratings_average": 4, "labels_count": 780, "reviews_count": 44}, "year": 2010, "grapes": null, "has_valid_ratings": true}, {"id": 1188051, "seo_name": "santiago-ruiz-albarino-o-rosal-2009", "name": "Santiago Ruiz Albari\u00f1o (O Rosal) 2009", "statistics": {"status": "Normal", "ratings_count": 381, "ratings_average": 3.9, "labels_count": 1451, "reviews_count": 73}, "year": 2009, "grapes": null, "has_valid_ratings": true}, {"id": 1166589, "seo_name": "santiago-ruiz-albarino-o-rosal-2008", "name": "Santiago Ruiz Albari\u00f1o (O Rosal) 2008", "statistics": {"status": "Normal", "ratings_count": 87, "ratings_average": 3.9, "labels_count": 383, "reviews_count": 13}, "year": 2008, "grapes": null, "has_valid_ratings": true}, {"id": 1446176, "seo_name": "santiago-ruiz-albarino-o-rosal-2007", "name": "Santiago Ruiz Albari\u00f1o (O Rosal) 2007", "statistics": {"status": "Normal", "ratings_count": 12, "ratings_average": 3.8, "labels_count": 56, "reviews_count": 2}, "year": 2007, "grapes": null, "has_valid_ratings": true}, {"id": 1440903, "seo_name": "santiago-ruiz-albarino-o-rosal-2006", "name": "Santiago Ruiz Albari\u00f1o (O Rosal) 2006", "statistics": {"status": "Normal", "ratings_count": 13, "ratings_average": 3.7, "labels_count": 85, "reviews_count": 5}, "year": 2006, "grapes": null, "has_valid_ratings": true}, {"id": 1446173, "seo_name": "santiago-ruiz-albarino-o-rosal-2005", "name": "Santiago Ruiz Albari\u00f1o (O Rosal) 2005", "statistics": {"status": "Normal", "ratings_count": 14, "ratings_average": 3.7, "labels_count": 134, "reviews_count": 3}, "year": 2005, "grapes": null, "has_valid_ratings": true}, {"id": 3066241, "seo_name": "santiago-ruiz-albarino-o-rosal-2004", "name": "Santiago Ruiz Albari\u00f1o (O Rosal) 2004", "statistics": {"status": "BelowThreshold", "ratings_count": 2, "ratings_average": 0, "labels_count": 27, "reviews_count": 1}, "year": 2004, "grapes": null, "has_valid_ratings": false}, {"id": 3893876, "seo_name": "santiago-ruiz-albarino-o-rosal-2003", "name": "Santiago Ruiz Albari\u00f1o (O Rosal) 2003", "statistics": {"status": "BelowThreshold", "ratings_count": 1, "ratings_average": 0, "labels_count": 9, "reviews_count": 0}, "year": 2003, "grapes": null, "has_valid_ratings": false}, {"id": 2899315, "seo_name": "santiago-ruiz-albarino-o-rosal-2002", "name": "Santiago Ruiz Albari\u00f1o (O Rosal) 2002", "statistics": {"status": "BelowThreshold", "ratings_count": 3, "ratings_average": 0, "labels_count": 23, "reviews_count": 1}, "year": 2002, "grapes": null, "has_valid_ratings": false}, {"id": 6266873, "seo_name": "santiago-ruiz-albarino-o-rosal-2001", "name": "Santiago Ruiz Albari\u00f1o (O Rosal) 2001", "statistics": {"status": "BelowThreshold", "ratings_count": 6, "ratings_average": 0, "labels_count": 66, "reviews_count": 3}, "year": 2001, "grapes": null, "has_valid_ratings": false}, {"id": 3701646, "seo_name": "santiago-ruiz-albarino-o-rosal-2000", "name": "Santiago Ruiz Albari\u00f1o (O Rosal) 2000", "statistics": {"status": "Normal", "ratings_count": 11, "ratings_average": 4.4, "labels_count": 88, "reviews_count": 2}, "year": 2000, "grapes": null, "has_valid_ratings": true}, {"id": 3294875, "seo_name": "santiago-ruiz-albarino-o-rosal-1999", "name": "Santiago Ruiz Albari\u00f1o (O Rosal) 1999", "statistics": {"status": "BelowThreshold", "ratings_count": 2, "ratings_average": 0, "labels_count": 26, "reviews_count": 0}, "year": 1999, "grapes": null, "has_valid_ratings": false}, {"id": 13520382, "seo_name": "santiago-ruiz-albarino-o-rosal-1998", "name": "Santiago Ruiz Albari\u00f1o (O Rosal) 1998", "statistics": {"status": "BelowThreshold", "ratings_count": 3, "ratings_average": 0, "labels_count": 18, "reviews_count": 0}, "year": 1998, "grapes": null, "has_valid_ratings": false}, {"id": 2837707, "seo_name": "santiago-ruiz-albarino-o-rosal-1993", "name": "Santiago Ruiz Albari\u00f1o (O Rosal) 1993", "statistics": {"status": "BelowThreshold", "ratings_count": 1, "ratings_average": 0, "labels_count": 9, "reviews_count": 0}, "year": 1993, "grapes": null, "has_valid_ratings": false}, {"id": 4362146, "seo_name": "santiago-ruiz-albarino-o-rosal-1991", "name": "Santiago Ruiz Albari\u00f1o (O Rosal) 1991", "statistics": {"status": "BelowThreshold", "ratings_count": 6, "ratings_average": 0, "labels_count": 48, "reviews_count": 1}, "year": 1991, "grapes": null, "has_valid_ratings": false}, {"id": 8206242, "seo_name": "santiago-ruiz-albarino-o-rosal-1978", "name": "Santiago Ruiz Albari\u00f1o (O Rosal) 1978", "statistics": {"status": "BelowThreshold", "ratings_count": 1, "ratings_average": 0, "labels_count": 5, "reviews_count": 1}, "year": 1978, "grapes": null, "has_valid_ratings": false}, {"id": 7431368, "seo_name": "santiago-ruiz-albarino-o-rosal-1976", "name": "Santiago Ruiz Albari\u00f1o (O Rosal) 1976", "statistics": {"status": "BelowThreshold", "ratings_count": 1, "ratings_average": 0, "labels_count": 1, "reviews_count": 0}, "year": 1976, "grapes": null, "has_valid_ratings": false}, {"id": 17906780, "seo_name": "santiago-ruiz-albarino-o-rosal-1975", "name": "Santiago Ruiz Albari\u00f1o (O Rosal) 1975", "statistics": {"status": "Normal", "ratings_count": 15, "ratings_average": 3.5, "labels_count": 97, "reviews_count": 3}, "year": 1975, "grapes": null, "has_valid_ratings": true}, {"id": 4069552, "seo_name": "santiago-ruiz-albarino-o-rosal-1965", "name": "Santiago Ruiz Albari\u00f1o (O Rosal) 1965", "statistics": {"status": "BelowThreshold", "ratings_count": 1, "ratings_average": 0, "labels_count": 1, "reviews_count": 0}, "year": 1965, "grapes": null, "has_valid_ratings": false}, {"id": 79119538, "seo_name": "santiago-ruiz-albarino-o-rosal-1961", "name": "Santiago Ruiz Albari\u00f1o (O Rosal) 1961", "statistics": {"status": "BelowThreshold", "ratings_count": 1, "ratings_average": 0, "labels_count": 1, "reviews_count": 0}, "year": 1961, "grapes": null, "has_valid_ratings": false}, {"id": 1592649, "seo_name": "santiago-ruiz-albarino-o-rosal-uv", "name": "Santiago Ruiz Albari\u00f1o (O Rosal)", "statistics": {"status": "Normal", "ratings_count": 11812, "ratings_average": 4, "labels_count": 121, "reviews_count": 205}, "year": 0, "grapes": null, "has_valid_ratings": true}], "description": "It has yellow straw colour with green reflections. Very aromatic with fruity nuances (pear, loquat, citrics) as well as balsamic (mint, laurel) and mineral notes. Powerful in the mouth, well-balanced\r\nin acidity and with a long finish.", "grapes": [{"id": 49, "name": "Albari\u00f1o", "seo_name": "albarino", "has_detailed_info": false, "wines_count": 15241}], "foods": [{"id": 5, "name": "Pasta", "background_image": {"location": "//images.vivino.com/backgrounds/foods/5_pasta.png", "variations": {"small": "//images.vivino.com/backgrounds/foods/thumbs/5_pasta_932x810.png"}}, "seo_name": null}, {"id": 13, "name": "Schalentiere", "background_image": {"location": "//images.vivino.com/backgrounds/foods/13_shellfish.png", "variations": {"small": "//images.vivino.com/backgrounds/foods/thumbs/13_shellfish_932x810.png"}}, "seo_name": "shellfish"}, {"id": 19, "name": "Vegetarische Gerichte", "background_image": {"location": "//images.vivino.com/backgrounds/foods/19_vegetarian.png", "variations": {"small": "//images.vivino.com/backgrounds/foods/thumbs/19_vegetarian_932x810.png"}}, "seo_name": "vegetarian"}, {"id": 27, "name": "Vorspeisen und Snacks", "background_image": {"location": "//images.vivino.com/backgrounds/foods/27_appetizers-snacks.png", "variations": {"small": "//images.vivino.com/backgrounds/foods/thumbs/27_appetizers-snacks_932x810.png"}}, "seo_name": null}, {"id": 28, "name": "Magerer Fisch", "background_image": {"location": "//images.vivino.com/backgrounds/foods/28_leanfish.png", "variations": {"small": "//images.vivino.com/backgrounds/foods/thumbs/28_leanfish_932x810.png"}}, "seo_name": null}], "non_vintage": false, "alcohol": 0, "sweetness_id": 5, "closure": "cork", "vintage_mask_raw": null, "updated_at": "2021-07-08T17:02:21Z", "created_at": "2010-12-22T03:13:02Z", "is_first_wine": false, "style": {"id": 1, "seo_name": "spanish-albarino", "regional_name": "Spanish", "varietal_name": "Albari\u00f1o", "name": "Albari\u00f1o Spanien", "image": null, "background_image": {"location": "//images.vivino.com/backgrounds/styles/8ZzCpW2sTaCWJwMGRZFFdQ.jpg", "variations": {"small": "//images.vivino.com/backgrounds/styles/thumbs/8ZzCpW2sTaCWJwMGRZFFdQ_932x810.jpg"}}}, "has_valid_ratings": true}, "price": {"id": 21220332, "vintage_id": 159904166, "amount": 10.49, "type": "vc", "currency": {"code": "EUR", "name": "Euros", "prefix": "\u20ac", "suffix": null}, "bottle_type_id": 1, "inventory_bottles_count": 80, "bottles_sold_count": 99, "url": "https://weindomaine.de/produkte/santiago-ruiz-albarino-2019-spanien?utm_medium=pref-cpc&utm_source=vivino-ppc", "message": "", "producer_address": "San Miguel de Tabag\u00f3n, Spanien", "importer_address": "San Miguel de Tabag\u00f3n, Spanien", "discounted_from": null, "bottle_type": {"id": 1, "name": "Flasche (0,75\u00a0l)", "short_name": "Flasche", "short_name_plural": "Flaschen", "volume_ml": 750}}, "highlights": [{"vintage_id": 159904166, "highlight_type": "price_qpr", "message": "Gutes Preis-Leistungsverh\u00e4ltnis. \u00c4hnliche Weine kosten normalerweise 33% mehr.", "icon": "https://images.vivino.com/highlights/icon/price_qpr.svg", "metadata": {"price": {"id": 21220332, "type": "vc", "amount": 10.49, "currency": {"code": "EUR", "name": "Euros", "prefix": "\u20ac", "suffix": null}, "discounted_from": null}, "wine_id": 1138165, "toplist": null, "ws_award": null, "critic_review_id": 3506748, "ratings_average": 4.1, "ratings_count": 1146, "vintage_year": "2019", "rank_type": "global", "ranks": {"country": {"description": "Rang von Spanien", "total": 600990, "rank": 9462}, "region": {"description": "Rang von Weinregion", "total": 29010, "rank": 342}, "winery": {"description": "Rang vom Weingut", "total": 56, "rank": 3}, "global": {"description": "Weltweiter Rang", "total": 8825154, "rank": 155864}}, "style": {"id": 1, "seo_name": "spanish-albarino", "regional_name": "Spanish", "varietal_name": "Albari\u00f1o", "name": "Albari\u00f1o Spanien", "image": null, "background_image": {"location": "//images.vivino.com/backgrounds/styles/8ZzCpW2sTaCWJwMGRZFFdQ.jpg", "variations": {"small": "//images.vivino.com/backgrounds/styles/thumbs/8ZzCpW2sTaCWJwMGRZFFdQ_932x810.jpg"}}}}}, {"vintage_id": 159904166, "highlight_type": "oldest_available", "message": "\u00c4ltester Jahrgang", "icon": "https://images.vivino.com/highlights/icon/oldest_available.svg", "metadata": {"price": {"id": 21220332, "type": "vc", "amount": 10.49, "currency": {"code": "EUR", "name": "Euros", "prefix": "\u20ac", "suffix": null}, "discounted_from": null}, "wine_id": 1138165, "toplist": null, "ws_award": null, "critic_review_id": 3506748, "ratings_average": 4.1, "ratings_count": 1146, "vintage_year": "2019", "rank_type": "global", "ranks": {"country": {"description": "Rang von Spanien", "total": 600990, "rank": 9462}, "region": {"description": "Rang von Weinregion", "total": 29010, "rank": 342}, "winery": {"description": "Rang vom Weingut", "total": 56, "rank": 3}, "global": {"description": "Weltweiter Rang", "total": 8825154, "rank": 155864}}, "style": {"id": 1, "seo_name": "spanish-albarino", "regional_name": "Spanish", "varietal_name": "Albari\u00f1o", "name": "Albari\u00f1o Spanien", "image": null, "background_image": {"location": "//images.vivino.com/backgrounds/styles/8ZzCpW2sTaCWJwMGRZFFdQ.jpg", "variations": {"small": "//images.vivino.com/backgrounds/styles/thumbs/8ZzCpW2sTaCWJwMGRZFFdQ_932x810.jpg"}}}}}], "merchant": {"id": 1579, "name": "Wein Domaine", "seo_name": "wein-domaine", "legal_name": "WeinDomaine", "description": "Versandkostenfrei f\u00fcr Bestellungen ab 80 EUR", "country": {"code": "de", "name": "Deutschland", "native_name": "Deutschland", "seo_name": "germany", "currency": {"code": "EUR", "name": "Euros", "prefix": "\u20ac", "suffix": null}, "regions_count": 210, "users_count": 2117308, "wines_count": 197796, "wineries_count": 13493, "most_used_grapes": [{"id": 15, "name": "Riesling", "seo_name": "riesling", "has_detailed_info": true, "wines_count": 259925}, {"id": 299, "name": "Sp\u00e4tburgunder", "seo_name": "spatburgunder", "has_detailed_info": false, "wines_count": 49659}, {"id": 355, "name": "Weissburgunder", "seo_name": "weissburgunder", "has_detailed_info": false, "wines_count": 33123}]}, "state": null, "status": 3, "image": {"location": "//images.vivino.com/merchants/originals/p1d3i2aq00001hb.jpg", "variations": {"large_square": "//images.vivino.com/merchants/thumbs/p1d3i2aq00001hb_400x400.jpg", "medium_square": "//images.vivino.com/merchants/thumbs/p1d3i2aq00001hb_320x320.jpg", "small_square": "//images.vivino.com/merchants/thumbs/p1d3i2aq00001hb_160x160.jpg"}}, "shipping_estimate": "Lieferung voraussichtlich zwischen Di, 21.\u00a0Dez und Do, 23.\u00a0Dez", "impressum_url": "https://www.weindomaine.de/Impressum:_:4.html", "tos_url": "https://www.weindomaine.de/Unsere-AGB:_:3.html", "vc_clearing_system": 0, "hidden": false}, "sold_out": false, "prices_and_availability": {"market": {"country": "de", "currency": {"code": "EUR", "name": "Euros", "prefix": "\u20ac", "suffix": null}}, "availability": {"vintage": {"id": 159904166, "year": 2019, "grapes": null, "has_valid_ratings": false}, "median": {"amount": 10.49, "type": "market", "discounted_from": null}, "price": {"id": 21220332, "amount": 10.49, "discounted_from": 0.0, "type": "vc"}}, "merchants_with_prices": [{"merchant": {"id": 1579, "name": "Wein Domaine", "seo_name": "wein-domaine", "legal_name": "WeinDomaine", "description": "Versandkostenfrei f\u00fcr Bestellungen ab 80 EUR", "country": {"code": "de", "name": "Deutschland", "native_name": "Deutschland", "seo_name": "germany", "currency": {"code": "EUR", "name": "Euros", "prefix": "\u20ac", "suffix": null}, "regions_count": 210, "users_count": 2117308, "wines_count": 197796, "wineries_count": 13493, "most_used_grapes": [{"id": 15, "name": "Riesling", "seo_name": "riesling", "has_detailed_info": true, "wines_count": 259925}, {"id": 299, "name": "Sp\u00e4tburgunder", "seo_name": "spatburgunder", "has_detailed_info": false, "wines_count": 49659}, {"id": 355, "name": "Weissburgunder", "seo_name": "weissburgunder", "has_detailed_info": false, "wines_count": 33123}]}, "state": null, "status": 3, "image": {"location": "//images.vivino.com/merchants/originals/p1d3i2aq00001hb.jpg", "variations": {"large_square": "//images.vivino.com/merchants/thumbs/p1d3i2aq00001hb_400x400.jpg", "medium_square": "//images.vivino.com/merchants/thumbs/p1d3i2aq00001hb_320x320.jpg", "small_square": "//images.vivino.com/merchants/thumbs/p1d3i2aq00001hb_160x160.jpg"}}, "shipping_estimate": "Lieferung voraussichtlich zwischen Di, 21.\u00a0Dez und Do, 23.\u00a0Dez", "impressum_url": "https://www.weindomaine.de/Impressum:_:4.html", "tos_url": "https://www.weindomaine.de/Unsere-AGB:_:3.html", "vc_clearing_system": 0, "hidden": false}, "prices": [{"id": 21220332, "vintage_id": 159904166, "amount": 10.49, "type": "vc", "currency": {"code": "EUR", "name": "Euros", "prefix": "\u20ac", "suffix": null}, "bottle_type_id": 1, "inventory_bottles_count": 80, "bottles_sold_count": 99, "url": "https://weindomaine.de/produkte/santiago-ruiz-albarino-2019-spanien?utm_medium=pref-cpc&utm_source=vivino-ppc", "message": "", "producer_address": "San Miguel de Tabag\u00f3n, Spanien", "importer_address": "San Miguel de Tabag\u00f3n, Spanien", "discounted_from": null, "bottle_type": {"id": 1, "name": "Flasche (0,75\u00a0l)", "short_name": "Flasche", "short_name_plural": "Flaschen", "volume_ml": 750}}]}, {"merchant": {"id": 364, "name": "Wijnhandel de Haas", "seo_name": "wijnhandel-de-haas", "legal_name": null, "description": "Mobile-friendly checkout. Minimum order of 6 bottles.", "country": {"code": "nl", "name": "Niederlande", "native_name": "Nederland", "seo_name": "netherlands", "currency": {"code": "EUR", "name": "Euros", "prefix": "\u20ac", "suffix": null}, "regions_count": 19, "users_count": 2093336, "wines_count": 1677, "wineries_count": 293, "most_used_grapes": [{"id": 1073, "name": "Johanniter", "seo_name": "johanniter", "has_detailed_info": false, "wines_count": 2820}, {"id": 285, "name": "Regent", "seo_name": "regent", "has_detailed_info": false, "wines_count": 6973}, {"id": 658, "name": "Solaris", "seo_name": "solaris", "has_detailed_info": false, "wines_count": 4684}]}, "state": null, "status": 0, "image": null, "shipping_estimate": "Lieferung bis Mi, 22.\u00a0Dez", "impressum_url": null, "tos_url": null, "vc_clearing_system": 0, "hidden": false}, "prices": [{"id": 23506038, "vintage_id": 159904166, "amount": 12.45, "type": "ppc", "currency": {"code": "EUR", "name": "Euros", "prefix": "\u20ac", "suffix": null}, "bottle_type_id": 1, "inventory_bottles_count": null, "url": "https://www.wijnhandeldehaas.nl/duitsland/santiago-ruiz-o-rosal-rias-baixas.php?utm_medium=pref-cpc&utm_source=vivino-ppc", "message": "", "producer_address": "", "importer_address": "", "discounted_from": null, "bottle_type": {"id": 1, "name": "Flasche (0,75\u00a0l)", "short_name": "Flasche", "short_name_plural": "Flaschen", "volume_ml": 750}}]}]}, "found_by_merchant_and_sku": null, "is_deal_page": false}