{"vintage": {"id": 163823355, "seo_name": "it-ritterhof-weissburgunder-2019", "name": "Ritterhof Weissburgunder 2019", "statistics": {"status": "Normal", "ratings_count": 25, "ratings_average": 3.6, "labels_count": 128, "reviews_count": 10}, "organic_certification_id": null, "certified_biodynamic": null, "image": {"location": "//images.vivino.com/thumbs/yp8LVcBIT5qnwvZFlpBKyA_pl_480x640.png", "variations": {"bottle_large": "//images.vivino.com/thumbs/yp8LVcBIT5qnwvZFlpBKyA_pb_x960.png", "bottle_medium": "//images.vivino.com/thumbs/yp8LVcBIT5qnwvZFlpBKyA_pb_x600.png", "bottle_medium_square": "//images.vivino.com/thumbs/yp8LVcBIT5qnwvZFlpBKyA_pb_600x600.png", "bottle_small": "//images.vivino.com/thumbs/yp8LVcBIT5qnwvZFlpBKyA_pb_x300.png", "bottle_small_square": "//images.vivino.com/thumbs/yp8LVcBIT5qnwvZFlpBKyA_pb_300x300.png", "label": "//images.vivino.com/thumbs/yp8LVcBIT5qnwvZFlpBKyA_pl_480x640.png", "label_large": "//images.vivino.com/thumbs/yp8LVcBIT5qnwvZFlpBKyA_pl_375x500.png", "label_medium": "//images.vivino.com/thumbs/yp8LVcBIT5qnwvZFlpBKyA_pl_150x200.png", "label_medium_square": "//images.vivino.com/thumbs/yp8LVcBIT5qnwvZFlpBKyA_pl_150x150.png", "label_small_square": "//images.vivino.com/thumbs/yp8LVcBIT5qnwvZFlpBKyA_pl_80x80.png", "large": "//images.vivino.com/thumbs/yp8LVcBIT5qnwvZFlpBKyA_pl_375x500.png", "medium": "//images.vivino.com/thumbs/yp8LVcBIT5qnwvZFlpBKyA_pl_150x200.png", "medium_square": "//images.vivino.com/thumbs/yp8LVcBIT5qnwvZFlpBKyA_pl_150x150.png", "small_square": "//images.vivino.com/thumbs/yp8LVcBIT5qnwvZFlpBKyA_pl_80x80.png"}}, "wine": {"id": 2274819, "name": "Weissburgunder", "seo_name": "weissburgunder", "type_id": 2, "vintage_type": 0, "is_natural": false, "region": {"id": 661, "name": "S\u00fcdtirol - Alto Adige", "name_en": "Alto Adige (S\u00fcdtirol)", "seo_name": "alto-adige", "country": {"code": "it", "name": "Italien", "native_name": "Italia", "seo_name": "italy", "currency": {"code": "EUR", "name": "Euros", "prefix": "\u20ac", "suffix": null}, "regions_count": 555, "users_count": 3800165, "wines_count": 351993, "wineries_count": 41153, "most_used_grapes": [{"id": 16, "name": "Sangiovese", "seo_name": "sangiovese", "has_detailed_info": true, "wines_count": 123993}, {"id": 10, "name": "Merlot", "seo_name": "merlot", "has_detailed_info": true, "wines_count": 560926}, {"id": 5, "name": "Chardonnay", "seo_name": "chardonnay", "has_detailed_info": true, "wines_count": 597329}]}, "parent_id": 576, "background_image": {"location": "//images.vivino.com/regions/backgrounds/fwSJeiXsQKa5CAbMMDKygA.jpeg", "variations": {"large": "//thumbs.vivino.com/region_backgrounds/fwSJeiXsQKa5CAbMMDKygA_1280x760.jpeg", "medium": "//thumbs.vivino.com/region_backgrounds/fwSJeiXsQKa5CAbMMDKygA_600x356.jpeg"}}, "class": {"typecast_map": {"background_image": {}, "class": {}}}, "statistics": {"wineries_count": 296, "wines_count": 3492, "sub_regions_count": 3, "parent_regions_count": 1}}, "review_status": 2, "winery": {"id": 67698, "name": "Ritterhof", "seo_name": "it-ritterhof", "status": 0, "review_status": "Completed", "background_image": null, "statistics": {"ratings_count": 7488, "ratings_average": 3.9, "labels_count": 38008, "wines_count": 43}, "region": {"id": 661, "name": "S\u00fcdtirol - Alto Adige", "name_en": "Alto Adige (S\u00fcdtirol)", "seo_name": "alto-adige", "country": {"code": "it", "name": "Italien", "native_name": "Italia", "seo_name": "italy", "currency": {"code": "EUR", "name": "Euros", "prefix": "\u20ac", "suffix": null}, "regions_count": 555, "users_count": 3800165, "wines_count": 351993, "wineries_count": 41153, "most_used_grapes": [{"id": 16, "name": "Sangiovese", "seo_name": "sangiovese", "has_detailed_info": true, "wines_count": 123993}, {"id": 10, "name": "Merlot", "seo_name": "merlot", "has_detailed_info": true, "wines_count": 560926}, {"id": 5, "name": "Chardonnay", "seo_name": "chardonnay", "has_detailed_info": true, "wines_count": 597329}]}, "parent_id": 576, "background_image": {"location": "//images.vivino.com/regions/backgrounds/fwSJeiXsQKa5CAbMMDKygA.jpeg", "variations": {"large": "//thumbs.vivino.com/region_backgrounds/fwSJeiXsQKa5CAbMMDKygA_1280x760.jpeg", "medium": "//thumbs.vivino.com/region_backgrounds/fwSJeiXsQKa5CAbMMDKygA_600x356.jpeg"}}, "class": {"typecast_map": {"background_image": {}, "class": {}}}, "statistics": {"wineries_count": 296, "wines_count": 3492, "sub_regions_count": 3, "parent_regions_count": 1}}, "business_name": "Weingut Tenuta Ritterhof", "description": "", "specialists_notes": "", "phone": "39 0471 963298", "email": "info@ritterhof.it", "facebook": "https://www.facebook.com/ritterhof.tenuta/", "instagram": "", "is_claimed": false, "twitter": "", "website": "http://www.ritterhof.it/en/", "winemaker": "Ritterhof", "wine_maker": {"id": 9769, "name": "Ritterhof"}, "address": {"title": null, "name": null, "street": "Strada del Vino 1", "street2": null, "neighborhood": null, "city": "Caldaro ", "zip": "39052", "state": null, "country": {"code": "it", "name": "Italien", "native_name": "Italia", "seo_name": "italy", "currency": {"code": "EUR", "name": "Euros", "prefix": "\u20ac", "suffix": null}, "regions_count": 555, "users_count": 3800165, "wines_count": 351993, "wineries_count": 41153, "most_used_grapes": [{"id": 16, "name": "Sangiovese", "seo_name": "sangiovese", "has_detailed_info": true, "wines_count": 123993}, {"id": 10, "name": "Merlot", "seo_name": "merlot", "has_detailed_info": true, "wines_count": 560926}, {"id": 5, "name": "Chardonnay", "seo_name": "chardonnay", "has_detailed_info": true, "wines_count": 597329}]}, "company": null, "phone": null, "external_id": null, "residential": null, "vat_number": null, "vat_code": null, "addition": null}, "image": null, "location": null, "winery_group": null, "first_wines": [], "sponsored_entity_type": null, "sponsored_entity": null}, "statistics": {"status": "Normal", "ratings_count": 139, "ratings_average": 3.7, "labels_count": 616, "vintages_count": 18}, "rank": {"country": {"description": "Rang von Italien", "total": 210247, "rank": 43676}, "region": {"description": "Rang von Weinregion", "total": 2929, "rank": 996}, "winery": {"description": "Rang vom Weingut", "total": 42, "rank": 18}, "wine_type": {"description": "Rang in allen Wei\u00dfwein", "total": 394073, "rank": 61113}, "global": {"description": "Weltweiter Rang", "total": 1287385, "rank": 230754}}, "hidden": false, "vintages": [{"id": 168766094, "seo_name": "it-ritterhof-weissburgunder-2020", "name": "Ritterhof Weissburgunder 2020", "statistics": {"status": "BelowThreshold", "ratings_count": 4, "ratings_average": 0, "labels_count": 14, "reviews_count": 2}, "year": 2020, "grapes": null, "has_valid_ratings": false}, {"id": 163823355, "seo_name": "it-ritterhof-weissburgunder-2019", "name": "Ritterhof Weissburgunder 2019", "statistics": {"status": "Normal", "ratings_count": 25, "ratings_average": 3.6, "labels_count": 128, "reviews_count": 10}, "year": 2019, "grapes": null, "has_valid_ratings": true}, {"id": 160227913, "seo_name": "it-ritterhof-weissburgunder-2018", "name": "Ritterhof Weissburgunder 2018", "statistics": {"status": "Normal", "ratings_count": 16, "ratings_average": 4, "labels_count": 81, "reviews_count": 5}, "year": 2018, "grapes": null, "has_valid_ratings": true}, {"id": 156849246, "seo_name": "it-ritterhof-weissburgunder-2017", "name": "Ritterhof Weissburgunder 2017", "statistics": {"status": "Normal", "ratings_count": 18, "ratings_average": 3.6, "labels_count": 80, "reviews_count": 9}, "year": 2017, "grapes": null, "has_valid_ratings": true}, {"id": 152391645, "seo_name": "it-ritterhof-weissburgunder-2016", "name": "Ritterhof Weissburgunder 2016", "statistics": {"status": "Normal", "ratings_count": 19, "ratings_average": 3.9, "labels_count": 65, "reviews_count": 6}, "year": 2016, "grapes": null, "has_valid_ratings": true}, {"id": 141913570, "seo_name": "it-ritterhof-weissburgunder-2015", "name": "Ritterhof Weissburgunder 2015", "statistics": {"status": "Normal", "ratings_count": 19, "ratings_average": 3.8, "labels_count": 83, "reviews_count": 7}, "year": 2015, "grapes": null, "has_valid_ratings": true}, {"id": 21956915, "seo_name": "it-ritterhof-weissburgunder-2014", "name": "Ritterhof Weissburgunder 2014", "statistics": {"status": "Normal", "ratings_count": 18, "ratings_average": 3.4, "labels_count": 111, "reviews_count": 8}, "year": 2014, "grapes": null, "has_valid_ratings": true}, {"id": 19487882, "seo_name": "it-ritterhof-weissburgunder-2013", "name": "Ritterhof Weissburgunder 2013", "statistics": {"status": "BelowThreshold", "ratings_count": 9, "ratings_average": 0, "labels_count": 25, "reviews_count": 3}, "year": 2013, "grapes": null, "has_valid_ratings": false}, {"id": 11231976, "seo_name": "it-ritterhof-weissburgunder-2012", "name": "Ritterhof Weissburgunder 2012", "statistics": {"status": "BelowThreshold", "ratings_count": 5, "ratings_average": 0, "labels_count": 7, "reviews_count": 1}, "year": 2012, "grapes": null, "has_valid_ratings": false}, {"id": 5016568, "seo_name": "it-ritterhof-weissburgunder-uv", "name": "Ritterhof Weissburgunder", "statistics": {"status": "Normal", "ratings_count": 139, "ratings_average": 3.7, "labels_count": 7, "reviews_count": 2}, "year": 0, "grapes": null, "has_valid_ratings": true}], "description": "", "grapes": [{"id": 355, "name": "Weissburgunder", "seo_name": "weissburgunder", "has_detailed_info": false, "wines_count": 33123}], "foods": [{"id": 12, "name": "Fetthaltiger Fisch (Lachs, Thunfisch etc.)", "background_image": {"location": "//images.vivino.com/backgrounds/foods/12_richfish.png", "variations": {"small": "//images.vivino.com/backgrounds/foods/thumbs/12_richfish_932x810.png"}}, "seo_name": null}, {"id": 13, "name": "Schalentiere", "background_image": {"location": "//images.vivino.com/backgrounds/foods/13_shellfish.png", "variations": {"small": "//images.vivino.com/backgrounds/foods/thumbs/13_shellfish_932x810.png"}}, "seo_name": "shellfish"}, {"id": 35, "name": "Milde K\u00e4sesorten und Weichk\u00e4se", "background_image": {"location": "//images.vivino.com/backgrounds/foods/35_softcheese.png", "variations": {"small": "//images.vivino.com/backgrounds/foods/thumbs/35_softcheese_932x810.png"}}, "seo_name": null}, {"id": 41, "name": "Ger\u00e4ucherte Fleischprodukte", "background_image": {"location": "//images.vivino.com/backgrounds/foods/41_curedmeat.png", "variations": {"small": "//images.vivino.com/backgrounds/foods/thumbs/41_curedmeat_932x810.png"}}, "seo_name": null}], "non_vintage": false, "alcohol": 0, "sweetness_id": 5, "closure": null, "vintage_mask_raw": null, "updated_at": "2020-07-06T14:56:17Z", "created_at": "2014-03-24T03:46:26Z", "is_first_wine": false, "style": {"id": 142, "seo_name": "northern-italy-pinot-blanc", "regional_name": "Northern Italy", "varietal_name": "Pinot Blanc", "name": "Pinot Bianco Norditalien", "image": null, "background_image": null, "description": null, "blurb": null, "interesting_facts": null, "body": 3, "body_description": "Mittlerer K\u00f6rper", "acidity": 3, "acidity_description": "Hoch", "country": {"code": "it", "name": "Italien", "native_name": "Italia", "seo_name": "italy", "currency": {"code": "EUR", "name": "Euros", "prefix": "\u20ac", "suffix": null}, "regions_count": 555, "users_count": 3800165, "wines_count": 351993, "wineries_count": 41153, "most_used_grapes": [{"id": 16, "name": "Sangiovese", "seo_name": "sangiovese", "has_detailed_info": true, "wines_count": 123993}, {"id": 10, "name": "Merlot", "seo_name": "merlot", "has_detailed_info": true, "wines_count": 560926}, {"id": 5, "name": "Chardonnay", "seo_name": "chardonnay", "has_detailed_info": true, "wines_count": 597329}]}, "wine_type_id": 2, "food": [{"id": 12, "name": "Rich fish (salmon, tuna etc)", "background_image": {"location": "//images.vivino.com/backgrounds/foods/12_richfish.png", "variations": {"small": "//images.vivino.com/backgrounds/foods/thumbs/12_richfish_932x810.png"}}, "seo_name": null}, {"id": 13, "name": "Shellfish", "background_image": {"location": "//images.vivino.com/backgrounds/foods/13_shellfish.png", "variations": {"small": "//images.vivino.com/backgrounds/foods/thumbs/13_shellfish_932x810.png"}}, "seo_name": "shellfish"}, {"id": 35, "name": "Mild and soft cheese", "background_image": {"location": "//images.vivino.com/backgrounds/foods/35_softcheese.png", "variations": {"small": "//images.vivino.com/backgrounds/foods/thumbs/35_softcheese_932x810.png"}}, "seo_name": null}, {"id": 41, "name": "Cured Meat", "background_image": {"location": "//images.vivino.com/backgrounds/foods/41_curedmeat.png", "variations": {"small": "//images.vivino.com/backgrounds/foods/thumbs/41_curedmeat_932x810.png"}}, "seo_name": null}], "grapes": [{"id": 36, "name": "Pinot Blanc", "seo_name": "pinot-blanc", "has_detailed_info": false, "wines_count": 48247}], "region": null}, "has_valid_ratings": true}, "description": "", "expert_reviews": null, "wine_critic_reviews": [], "awards": [], "ratings_distribution": {"1": 1, "2": 0, "3": 12, "4": 12, "5": 0}, "ranking": {"country": {"description": "Rang von Italien", "total": 1543866, "rank": 448406}, "region": {"description": "Rang von Weinregion", "total": 27195, "rank": 10434}, "winery": {"description": "Rang vom Weingut", "total": 451, "rank": 184}, "global": {"description": "Weltweiter Rang", "total": 8825166, "rank": 2362999}}, "wine_facts": {"alcohol": 13, "contains_milk_allergens": true, "contains_egg_allergens": true}, "winemaker": null, "wine_maker": null, "grape_composition": {}, "year": 2019, "grapes": null, "has_valid_ratings": true}, "carts": null, "price_range": {"currency": {"code": "EUR", "name": "Euros", "prefix": "\u20ac", "suffix": null}, "price_range": {"minimum": 0, "maximum": 500, "currency_code": "EUR"}, "defaults": {"minimum": 7, "maximum": 30, "currency_code": "EUR"}}, "subtotal_price": null, "full_region": null, "tastes": null, "wine": {"id": 2274819, "name": "Weissburgunder", "seo_name": "weissburgunder", "type_id": 2, "vintage_type": 0, "is_natural": false, "region": {"id": 661, "name": "S\u00fcdtirol - Alto Adige", "name_en": "Alto Adige (S\u00fcdtirol)", "seo_name": "alto-adige", "country": {"code": "it", "name": "Italien", "native_name": "Italia", "seo_name": "italy", "currency": {"code": "EUR", "name": "Euros", "prefix": "\u20ac", "suffix": null}, "regions_count": 555, "users_count": 3800165, "wines_count": 351993, "wineries_count": 41153, "most_used_grapes": [{"id": 16, "name": "Sangiovese", "seo_name": "sangiovese", "has_detailed_info": true, "wines_count": 123993}, {"id": 10, "name": "Merlot", "seo_name": "merlot", "has_detailed_info": true, "wines_count": 560926}, {"id": 5, "name": "Chardonnay", "seo_name": "chardonnay", "has_detailed_info": true, "wines_count": 597329}]}, "parent_id": 576, "background_image": {"location": "//images.vivino.com/regions/backgrounds/fwSJeiXsQKa5CAbMMDKygA.jpeg", "variations": {"large": "//thumbs.vivino.com/region_backgrounds/fwSJeiXsQKa5CAbMMDKygA_1280x760.jpeg", "medium": "//thumbs.vivino.com/region_backgrounds/fwSJeiXsQKa5CAbMMDKygA_600x356.jpeg"}}, "class": {"typecast_map": {"background_image": {}, "class": {}}}, "statistics": {"wineries_count": 296, "wines_count": 3492, "sub_regions_count": 3, "parent_regions_count": 1}}, "review_status": 2, "winery": {"id": 67698, "name": "Ritterhof", "seo_name": "it-ritterhof", "status": 0, "review_status": "Completed", "background_image": null, "statistics": {"ratings_count": 7488, "ratings_average": 3.9, "labels_count": 38008, "wines_count": 43}, "region": {"id": 661, "name": "S\u00fcdtirol - Alto Adige", "name_en": "Alto Adige (S\u00fcdtirol)", "seo_name": "alto-adige", "country": {"code": "it", "name": "Italien", "native_name": "Italia", "seo_name": "italy", "currency": {"code": "EUR", "name": "Euros", "prefix": "\u20ac", "suffix": null}, "regions_count": 555, "users_count": 3800165, "wines_count": 351993, "wineries_count": 41153, "most_used_grapes": [{"id": 16, "name": "Sangiovese", "seo_name": "sangiovese", "has_detailed_info": true, "wines_count": 123993}, {"id": 10, "name": "Merlot", "seo_name": "merlot", "has_detailed_info": true, "wines_count": 560926}, {"id": 5, "name": "Chardonnay", "seo_name": "chardonnay", "has_detailed_info": true, "wines_count": 597329}]}, "parent_id": 576, "background_image": {"location": "//images.vivino.com/regions/backgrounds/fwSJeiXsQKa5CAbMMDKygA.jpeg", "variations": {"large": "//thumbs.vivino.com/region_backgrounds/fwSJeiXsQKa5CAbMMDKygA_1280x760.jpeg", "medium": "//thumbs.vivino.com/region_backgrounds/fwSJeiXsQKa5CAbMMDKygA_600x356.jpeg"}}, "class": {"typecast_map": {"background_image": {}, "class": {}}}, "statistics": {"wineries_count": 296, "wines_count": 3492, "sub_regions_count": 3, "parent_regions_count": 1}}, "business_name": "Weingut Tenuta Ritterhof", "description": "", "specialists_notes": "", "phone": "39 0471 963298", "email": "info@ritterhof.it", "facebook": "https://www.facebook.com/ritterhof.tenuta/", "instagram": "", "is_claimed": false, "twitter": "", "website": "http://www.ritterhof.it/en/", "winemaker": "Ritterhof", "wine_maker": {"id": 9769, "name": "Ritterhof"}, "address": {"title": null, "name": null, "street": "Strada del Vino 1", "street2": null, "neighborhood": null, "city": "Caldaro ", "zip": "39052", "state": null, "country": {"code": "it", "name": "Italien", "native_name": "Italia", "seo_name": "italy", "currency": {"code": "EUR", "name": "Euros", "prefix": "\u20ac", "suffix": null}, "regions_count": 555, "users_count": 3800165, "wines_count": 351993, "wineries_count": 41153, "most_used_grapes": [{"id": 16, "name": "Sangiovese", "seo_name": "sangiovese", "has_detailed_info": true, "wines_count": 123993}, {"id": 10, "name": "Merlot", "seo_name": "merlot", "has_detailed_info": true, "wines_count": 560926}, {"id": 5, "name": "Chardonnay", "seo_name": "chardonnay", "has_detailed_info": true, "wines_count": 597329}]}, "company": null, "phone": null, "external_id": null, "residential": null, "vat_number": null, "vat_code": null, "addition": null}, "image": null, "location": null, "winery_group": null, "first_wines": [], "sponsored_entity_type": null, "sponsored_entity": null}, "statistics": {"status": "Normal", "ratings_count": 139, "ratings_average": 3.7, "labels_count": 616, "vintages_count": 18}, "rank": {"country": {"description": "Rang von Italien", "total": 210247, "rank": 43676}, "region": {"description": "Rang von Weinregion", "total": 2929, "rank": 996}, "winery": {"description": "Rang vom Weingut", "total": 42, "rank": 18}, "wine_type": {"description": "Rang in allen Wei\u00dfwein", "total": 394073, "rank": 61113}, "global": {"description": "Weltweiter Rang", "total": 1287385, "rank": 230754}}, "hidden": false, "vintages": [{"id": 168766094, "seo_name": "it-ritterhof-weissburgunder-2020", "name": "Ritterhof Weissburgunder 2020", "statistics": {"status": "BelowThreshold", "ratings_count": 4, "ratings_average": 0, "labels_count": 14, "reviews_count": 2}, "year": 2020, "grapes": null, "has_valid_ratings": false}, {"id": 163823355, "seo_name": "it-ritterhof-weissburgunder-2019", "name": "Ritterhof Weissburgunder 2019", "statistics": {"status": "Normal", "ratings_count": 25, "ratings_average": 3.6, "labels_count": 128, "reviews_count": 10}, "year": 2019, "grapes": null, "has_valid_ratings": true}, {"id": 160227913, "seo_name": "it-ritterhof-weissburgunder-2018", "name": "Ritterhof Weissburgunder 2018", "statistics": {"status": "Normal", "ratings_count": 16, "ratings_average": 4, "labels_count": 81, "reviews_count": 5}, "year": 2018, "grapes": null, "has_valid_ratings": true}, {"id": 156849246, "seo_name": "it-ritterhof-weissburgunder-2017", "name": "Ritterhof Weissburgunder 2017", "statistics": {"status": "Normal", "ratings_count": 18, "ratings_average": 3.6, "labels_count": 80, "reviews_count": 9}, "year": 2017, "grapes": null, "has_valid_ratings": true}, {"id": 152391645, "seo_name": "it-ritterhof-weissburgunder-2016", "name": "Ritterhof Weissburgunder 2016", "statistics": {"status": "Normal", "ratings_count": 19, "ratings_average": 3.9, "labels_count": 65, "reviews_count": 6}, "year": 2016, "grapes": null, "has_valid_ratings": true}, {"id": 141913570, "seo_name": "it-ritterhof-weissburgunder-2015", "name": "Ritterhof Weissburgunder 2015", "statistics": {"status": "Normal", "ratings_count": 19, "ratings_average": 3.8, "labels_count": 83, "reviews_count": 7}, "year": 2015, "grapes": null, "has_valid_ratings": true}, {"id": 21956915, "seo_name": "it-ritterhof-weissburgunder-2014", "name": "Ritterhof Weissburgunder 2014", "statistics": {"status": "Normal", "ratings_count": 18, "ratings_average": 3.4, "labels_count": 111, "reviews_count": 8}, "year": 2014, "grapes": null, "has_valid_ratings": true}, {"id": 19487882, "seo_name": "it-ritterhof-weissburgunder-2013", "name": "Ritterhof Weissburgunder 2013", "statistics": {"status": "BelowThreshold", "ratings_count": 9, "ratings_average": 0, "labels_count": 25, "reviews_count": 3}, "year": 2013, "grapes": null, "has_valid_ratings": false}, {"id": 11231976, "seo_name": "it-ritterhof-weissburgunder-2012", "name": "Ritterhof Weissburgunder 2012", "statistics": {"status": "BelowThreshold", "ratings_count": 5, "ratings_average": 0, "labels_count": 7, "reviews_count": 1}, "year": 2012, "grapes": null, "has_valid_ratings": false}, {"id": 5016568, "seo_name": "it-ritterhof-weissburgunder-uv", "name": "Ritterhof Weissburgunder", "statistics": {"status": "Normal", "ratings_count": 139, "ratings_average": 3.7, "labels_count": 7, "reviews_count": 2}, "year": 0, "grapes": null, "has_valid_ratings": true}], "description": "", "grapes": [{"id": 355, "name": "Weissburgunder", "seo_name": "weissburgunder", "has_detailed_info": false, "wines_count": 33123}], "foods": [{"id": 12, "name": "Fetthaltiger Fisch (Lachs, Thunfisch etc.)", "background_image": {"location": "//images.vivino.com/backgrounds/foods/12_richfish.png", "variations": {"small": "//images.vivino.com/backgrounds/foods/thumbs/12_richfish_932x810.png"}}, "seo_name": null}, {"id": 13, "name": "Schalentiere", "background_image": {"location": "//images.vivino.com/backgrounds/foods/13_shellfish.png", "variations": {"small": "//images.vivino.com/backgrounds/foods/thumbs/13_shellfish_932x810.png"}}, "seo_name": "shellfish"}, {"id": 35, "name": "Milde K\u00e4sesorten und Weichk\u00e4se", "background_image": {"location": "//images.vivino.com/backgrounds/foods/35_softcheese.png", "variations": {"small": "//images.vivino.com/backgrounds/foods/thumbs/35_softcheese_932x810.png"}}, "seo_name": null}, {"id": 41, "name": "Ger\u00e4ucherte Fleischprodukte", "background_image": {"location": "//images.vivino.com/backgrounds/foods/41_curedmeat.png", "variations": {"small": "//images.vivino.com/backgrounds/foods/thumbs/41_curedmeat_932x810.png"}}, "seo_name": null}], "non_vintage": false, "alcohol": 0, "sweetness_id": 5, "closure": null, "vintage_mask_raw": null, "updated_at": "2020-07-06T14:56:17Z", "created_at": "2014-03-24T03:46:26Z", "is_first_wine": false, "style": {"id": 142, "seo_name": "northern-italy-pinot-blanc", "regional_name": "Northern Italy", "varietal_name": "Pinot Blanc", "name": "Pinot Bianco Norditalien", "image": null, "background_image": null, "description": null, "blurb": null, "interesting_facts": null, "body": 3, "body_description": "Mittlerer K\u00f6rper", "acidity": 3, "acidity_description": "Hoch", "country": {"code": "it", "name": "Italien", "native_name": "Italia", "seo_name": "italy", "currency": {"code": "EUR", "name": "Euros", "prefix": "\u20ac", "suffix": null}, "regions_count": 555, "users_count": 3800165, "wines_count": 351993, "wineries_count": 41153, "most_used_grapes": [{"id": 16, "name": "Sangiovese", "seo_name": "sangiovese", "has_detailed_info": true, "wines_count": 123993}, {"id": 10, "name": "Merlot", "seo_name": "merlot", "has_detailed_info": true, "wines_count": 560926}, {"id": 5, "name": "Chardonnay", "seo_name": "chardonnay", "has_detailed_info": true, "wines_count": 597329}]}, "wine_type_id": 2, "food": [{"id": 12, "name": "Rich fish (salmon, tuna etc)", "background_image": {"location": "//images.vivino.com/backgrounds/foods/12_richfish.png", "variations": {"small": "//images.vivino.com/backgrounds/foods/thumbs/12_richfish_932x810.png"}}, "seo_name": null}, {"id": 13, "name": "Shellfish", "background_image": {"location": "//images.vivino.com/backgrounds/foods/13_shellfish.png", "variations": {"small": "//images.vivino.com/backgrounds/foods/thumbs/13_shellfish_932x810.png"}}, "seo_name": "shellfish"}, {"id": 35, "name": "Mild and soft cheese", "background_image": {"location": "//images.vivino.com/backgrounds/foods/35_softcheese.png", "variations": {"small": "//images.vivino.com/backgrounds/foods/thumbs/35_softcheese_932x810.png"}}, "seo_name": null}, {"id": 41, "name": "Cured Meat", "background_image": {"location": "//images.vivino.com/backgrounds/foods/41_curedmeat.png", "variations": {"small": "//images.vivino.com/backgrounds/foods/thumbs/41_curedmeat_932x810.png"}}, "seo_name": null}], "grapes": [{"id": 36, "name": "Pinot Blanc", "seo_name": "pinot-blanc", "has_detailed_info": false, "wines_count": 48247}], "region": null}, "has_valid_ratings": true}, "price": {"id": 26468590, "vintage_id": 163823355, "amount": 10.7, "type": "vc", "currency": {"code": "EUR", "name": "Euros", "prefix": "\u20ac", "suffix": null}, "bottle_type_id": 1, "inventory_bottles_count": null, "url": "https://www.terra-vinum.de/2391/ritterhof-weissburgunder-doc-ritterhof-suedtirol?utm_medium=pref-cpc&utm_source=vivino-ppc", "message": "Preis pro Flasche, Kiste mit 6", "producer_address": "", "importer_address": "", "discounted_from": null, "bottle_type": {"id": 1, "name": "Flasche (0,75\u00a0l)", "short_name": "Flasche", "short_name_plural": "Flaschen", "volume_ml": 750}}, "highlights": [{"vintage_id": 163823355, "highlight_type": "most_user_rated", "message": "Beliebt bei Vivino-Nutzern. Mehr als 20 Bewertungen", "icon": "https://images.vivino.com/highlights/icon/most_user_rated.svg", "metadata": {"price": {"id": 26468590, "type": "vc", "amount": 10.7, "currency": {"code": "EUR", "name": "Euros", "prefix": "\u20ac", "suffix": null}, "discounted_from": null}, "wine_id": 2274819, "toplist": null, "ws_award": null, "critic_review_id": null, "ratings_average": 3.6, "ratings_count": 25, "vintage_year": "2019", "rank_type": null, "ranks": {"country": {"description": "Rang von Italien", "total": 1543866, "rank": 448406}, "region": {"description": "Rang von Weinregion", "total": 27195, "rank": 10434}, "winery": {"description": "Rang vom Weingut", "total": 451, "rank": 184}, "global": {"description": "Weltweiter Rang", "total": 8825166, "rank": 2362999}}, "style": {"id": 142, "seo_name": "northern-italy-pinot-blanc", "regional_name": "Northern Italy", "varietal_name": "Pinot Blanc", "name": "Pinot Bianco Norditalien", "image": null, "background_image": null, "description": null, "blurb": null, "interesting_facts": null, "body": 3, "body_description": "Mittlerer K\u00f6rper", "acidity": 3, "acidity_description": "Hoch", "country": {"code": "it", "name": "Italien", "native_name": "Italia", "seo_name": "italy", "currency": {"code": "EUR", "name": "Euros", "prefix": "\u20ac", "suffix": null}, "regions_count": 555, "users_count": 3800165, "wines_count": 351993, "wineries_count": 41153, "most_used_grapes": [{"id": 16, "name": "Sangiovese", "seo_name": "sangiovese", "has_detailed_info": true, "wines_count": 123993}, {"id": 10, "name": "Merlot", "seo_name": "merlot", "has_detailed_info": true, "wines_count": 560926}, {"id": 5, "name": "Chardonnay", "seo_name": "chardonnay", "has_detailed_info": true, "wines_count": 597329}]}, "wine_type_id": 2, "food": [{"id": 12, "name": "Rich fish (salmon, tuna etc)", "background_image": {"location": "//images.vivino.com/backgrounds/foods/12_richfish.png", "variations": {"small": "//images.vivino.com/backgrounds/foods/thumbs/12_richfish_932x810.png"}}, "seo_name": null}, {"id": 13, "name": "Shellfish", "background_image": {"location": "//images.vivino.com/backgrounds/foods/13_shellfish.png", "variations": {"small": "//images.vivino.com/backgrounds/foods/thumbs/13_shellfish_932x810.png"}}, "seo_name": "shellfish"}, {"id": 35, "name": "Mild and soft cheese", "background_image": {"location": "//images.vivino.com/backgrounds/foods/35_softcheese.png", "variations": {"small": "//images.vivino.com/backgrounds/foods/thumbs/35_softcheese_932x810.png"}}, "seo_name": null}, {"id": 41, "name": "Cured Meat", "background_image": {"location": "//images.vivino.com/backgrounds/foods/41_curedmeat.png", "variations": {"small": "//images.vivino.com/backgrounds/foods/thumbs/41_curedmeat_932x810.png"}}, "seo_name": null}], "grapes": [{"id": 36, "name": "Pinot Blanc", "seo_name": "pinot-blanc", "has_detailed_info": false, "wines_count": 48247}], "region": null}}}, {"vintage_id": 163823355, "highlight_type": "oldest_available", "message": "\u00c4ltester Jahrgang", "icon": "https://images.vivino.com/highlights/icon/oldest_available.svg", "metadata": {"price": {"id": 26468590, "type": "vc", "amount": 10.7, "currency": {"code": "EUR", "name": "Euros", "prefix": "\u20ac", "suffix": null}, "discounted_from": null}, "wine_id": 2274819, "toplist": null, "ws_award": null, "critic_review_id": null, "ratings_average": 3.6, "ratings_count": 25, "vintage_year": "2019", "rank_type": null, "ranks": {"country": {"description": "Rang von Italien", "total": 1543866, "rank": 448406}, "region": {"description": "Rang von Weinregion", "total": 27195, "rank": 10434}, "winery": {"description": "Rang vom Weingut", "total": 451, "rank": 184}, "global": {"description": "Weltweiter Rang", "total": 8825166, "rank": 2362999}}, "style": {"id": 142, "seo_name": "northern-italy-pinot-blanc", "regional_name": "Northern Italy", "varietal_name": "Pinot Blanc", "name": "Pinot Bianco Norditalien", "image": null, "background_image": null, "description": null, "blurb": null, "interesting_facts": null, "body": 3, "body_description": "Mittlerer K\u00f6rper", "acidity": 3, "acidity_description": "Hoch", "country": {"code": "it", "name": "Italien", "native_name": "Italia", "seo_name": "italy", "currency": {"code": "EUR", "name": "Euros", "prefix": "\u20ac", "suffix": null}, "regions_count": 555, "users_count": 3800165, "wines_count": 351993, "wineries_count": 41153, "most_used_grapes": [{"id": 16, "name": "Sangiovese", "seo_name": "sangiovese", "has_detailed_info": true, "wines_count": 123993}, {"id": 10, "name": "Merlot", "seo_name": "merlot", "has_detailed_info": true, "wines_count": 560926}, {"id": 5, "name": "Chardonnay", "seo_name": "chardonnay", "has_detailed_info": true, "wines_count": 597329}]}, "wine_type_id": 2, "food": [{"id": 12, "name": "Rich fish (salmon, tuna etc)", "background_image": {"location": "//images.vivino.com/backgrounds/foods/12_richfish.png", "variations": {"small": "//images.vivino.com/backgrounds/foods/thumbs/12_richfish_932x810.png"}}, "seo_name": null}, {"id": 13, "name": "Shellfish", "background_image": {"location": "//images.vivino.com/backgrounds/foods/13_shellfish.png", "variations": {"small": "//images.vivino.com/backgrounds/foods/thumbs/13_shellfish_932x810.png"}}, "seo_name": "shellfish"}, {"id": 35, "name": "Mild and soft cheese", "background_image": {"location": "//images.vivino.com/backgrounds/foods/35_softcheese.png", "variations": {"small": "//images.vivino.com/backgrounds/foods/thumbs/35_softcheese_932x810.png"}}, "seo_name": null}, {"id": 41, "name": "Cured Meat", "background_image": {"location": "//images.vivino.com/backgrounds/foods/41_curedmeat.png", "variations": {"small": "//images.vivino.com/backgrounds/foods/thumbs/41_curedmeat_932x810.png"}}, "seo_name": null}], "grapes": [{"id": 36, "name": "Pinot Blanc", "seo_name": "pinot-blanc", "has_detailed_info": false, "wines_count": 48247}], "region": null}}}, {"vintage_id": 163823355, "highlight_type": "cheapest_available", "message": "G\u00fcnstigster verf\u00fcgbarer Jahrgang", "icon": "https://images.vivino.com/highlights/icon/cheapest_available.svg", "metadata": {"price": {"id": 26468590, "type": "vc", "amount": 10.7, "currency": {"code": "EUR", "name": "Euros", "prefix": "\u20ac", "suffix": null}, "discounted_from": null}, "wine_id": 2274819, "toplist": null, "ws_award": null, "critic_review_id": null, "ratings_average": 3.6, "ratings_count": 25, "vintage_year": "2019", "rank_type": null, "ranks": {"country": {"description": "Rang von Italien", "total": 1543866, "rank": 448406}, "region": {"description": "Rang von Weinregion", "total": 27195, "rank": 10434}, "winery": {"description": "Rang vom Weingut", "total": 451, "rank": 184}, "global": {"description": "Weltweiter Rang", "total": 8825166, "rank": 2362999}}, "style": {"id": 142, "seo_name": "northern-italy-pinot-blanc", "regional_name": "Northern Italy", "varietal_name": "Pinot Blanc", "name": "Pinot Bianco Norditalien", "image": null, "background_image": null, "description": null, "blurb": null, "interesting_facts": null, "body": 3, "body_description": "Mittlerer K\u00f6rper", "acidity": 3, "acidity_description": "Hoch", "country": {"code": "it", "name": "Italien", "native_name": "Italia", "seo_name": "italy", "currency": {"code": "EUR", "name": "Euros", "prefix": "\u20ac", "suffix": null}, "regions_count": 555, "users_count": 3800165, "wines_count": 351993, "wineries_count": 41153, "most_used_grapes": [{"id": 16, "name": "Sangiovese", "seo_name": "sangiovese", "has_detailed_info": true, "wines_count": 123993}, {"id": 10, "name": "Merlot", "seo_name": "merlot", "has_detailed_info": true, "wines_count": 560926}, {"id": 5, "name": "Chardonnay", "seo_name": "chardonnay", "has_detailed_info": true, "wines_count": 597329}]}, "wine_type_id": 2, "food": [{"id": 12, "name": "Rich fish (salmon, tuna etc)", "background_image": {"location": "//images.vivino.com/backgrounds/foods/12_richfish.png", "variations": {"small": "//images.vivino.com/backgrounds/foods/thumbs/12_richfish_932x810.png"}}, "seo_name": null}, {"id": 13, "name": "Shellfish", "background_image": {"location": "//images.vivino.com/backgrounds/foods/13_shellfish.png", "variations": {"small": "//images.vivino.com/backgrounds/foods/thumbs/13_shellfish_932x810.png"}}, "seo_name": "shellfish"}, {"id": 35, "name": "Mild and soft cheese", "background_image": {"location": "//images.vivino.com/backgrounds/foods/35_softcheese.png", "variations": {"small": "//images.vivino.com/backgrounds/foods/thumbs/35_softcheese_932x810.png"}}, "seo_name": null}, {"id": 41, "name": "Cured Meat", "background_image": {"location": "//images.vivino.com/backgrounds/foods/41_curedmeat.png", "variations": {"small": "//images.vivino.com/backgrounds/foods/thumbs/41_curedmeat_932x810.png"}}, "seo_name": null}], "grapes": [{"id": 36, "name": "Pinot Blanc", "seo_name": "pinot-blanc", "has_detailed_info": false, "wines_count": 48247}], "region": null}}}], "merchant": {"id": 329, "name": "Terra-Vinum", "seo_name": "terra-vinum", "legal_name": "terra-vinum.de c/o ternum GmbH", "description": "Versandkostenfrei f\u00fcr Bestellungen ab 80 EUR", "country": {"code": "de", "name": "Deutschland", "native_name": "Deutschland", "seo_name": "germany", "currency": {"code": "EUR", "name": "Euros", "prefix": "\u20ac", "suffix": null}, "regions_count": 210, "users_count": 2117308, "wines_count": 197796, "wineries_count": 13493, "most_used_grapes": [{"id": 15, "name": "Riesling", "seo_name": "riesling", "has_detailed_info": true, "wines_count": 259925}, {"id": 299, "name": "Sp\u00e4tburgunder", "seo_name": "spatburgunder", "has_detailed_info": false, "wines_count": 49659}, {"id": 355, "name": "Weissburgunder", "seo_name": "weissburgunder", "has_detailed_info": false, "wines_count": 33123}]}, "state": null, "status": 3, "image": {"location": "//images.vivino.com/merchants/originals/p1cqg29n00000a9.jpg", "variations": {"large_square": "//images.vivino.com/merchants/thumbs/p1cqg29n00000a9_400x400.jpg", "medium_square": "//images.vivino.com/merchants/thumbs/p1cqg29n00000a9_320x320.jpg", "small_square": "//images.vivino.com/merchants/thumbs/p1cqg29n00000a9_160x160.jpg"}}, "shipping_estimate": "Lieferung voraussichtlich zwischen Di, 21.\u00a0Dez und Do, 23.\u00a0Dez", "impressum_url": "https://www.terra-vinum.de/impressum", "tos_url": "https://www.terra-vinum.de/unsere-agb", "vc_clearing_system": 0, "hidden": false}, "sold_out": false, "prices_and_availability": {"market": {"country": "de", "currency": {"code": "EUR", "name": "Euros", "prefix": "\u20ac", "suffix": null}}, "availability": {"vintage": {"id": 163823355, "year": 2019, "grapes": null, "has_valid_ratings": false}, "median": {"amount": 10.75, "type": "market", "discounted_from": null}, "price": {"id": 26468590, "amount": 10.7, "discounted_from": 0.0, "type": "vc"}}, "merchants_with_prices": [{"merchant": {"id": 329, "name": "Terra-Vinum", "seo_name": "terra-vinum", "legal_name": "terra-vinum.de c/o ternum GmbH", "description": "Versandkostenfrei f\u00fcr Bestellungen ab 80 EUR", "country": {"code": "de", "name": "Deutschland", "native_name": "Deutschland", "seo_name": "germany", "currency": {"code": "EUR", "name": "Euros", "prefix": "\u20ac", "suffix": null}, "regions_count": 210, "users_count": 2117308, "wines_count": 197796, "wineries_count": 13493, "most_used_grapes": [{"id": 15, "name": "Riesling", "seo_name": "riesling", "has_detailed_info": true, "wines_count": 259925}, {"id": 299, "name": "Sp\u00e4tburgunder", "seo_name": "spatburgunder", "has_detailed_info": false, "wines_count": 49659}, {"id": 355, "name": "Weissburgunder", "seo_name": "weissburgunder", "has_detailed_info": false, "wines_count": 33123}]}, "state": null, "status": 3, "image": {"location": "//images.vivino.com/merchants/originals/p1cqg29n00000a9.jpg", "variations": {"large_square": "//images.vivino.com/merchants/thumbs/p1cqg29n00000a9_400x400.jpg", "medium_square": "//images.vivino.com/merchants/thumbs/p1cqg29n00000a9_320x320.jpg", "small_square": "//images.vivino.com/merchants/thumbs/p1cqg29n00000a9_160x160.jpg"}}, "shipping_estimate": "Lieferung voraussichtlich zwischen Di, 21.\u00a0Dez und Do, 23.\u00a0Dez", "impressum_url": "https://www.terra-vinum.de/impressum", "tos_url": "https://www.terra-vinum.de/unsere-agb", "vc_clearing_system": 0, "hidden": false}, "prices": [{"id": 26468590, "vintage_id": 163823355, "amount": 10.7, "type": "vc", "currency": {"code": "EUR", "name": "Euros", "prefix": "\u20ac", "suffix": null}, "bottle_type_id": 1, "inventory_bottles_count": null, "url": "https://www.terra-vinum.de/2391/ritterhof-weissburgunder-doc-ritterhof-suedtirol?utm_medium=pref-cpc&utm_source=vivino-ppc", "message": "Preis pro Flasche, Kiste mit 6", "producer_address": "", "importer_address": "", "discounted_from": null, "bottle_type": {"id": 1, "name": "Flasche (0,75\u00a0l)", "short_name": "Flasche", "short_name_plural": "Flaschen", "volume_ml": 750}}]}, {"merchant": {"id": 265, "name": "Weinunion.de", "seo_name": "weinunion-de", "legal_name": "WeinUnion", "description": "Versandkostenfrei f\u00fcr Bestellungen ab 80 EUR", "country": {"code": "de", "name": "Deutschland", "native_name": "Deutschland", "seo_name": "germany", "currency": {"code": "EUR", "name": "Euros", "prefix": "\u20ac", "suffix": null}, "regions_count": 210, "users_count": 2117308, "wines_count": 197796, "wineries_count": 13493, "most_used_grapes": [{"id": 15, "name": "Riesling", "seo_name": "riesling", "has_detailed_info": true, "wines_count": 259925}, {"id": 299, "name": "Sp\u00e4tburgunder", "seo_name": "spatburgunder", "has_detailed_info": false, "wines_count": 49659}, {"id": 355, "name": "Weissburgunder", "seo_name": "weissburgunder", "has_detailed_info": false, "wines_count": 33123}]}, "state": null, "status": 3, "image": {"location": "//images.vivino.com/merchants/originals/p1cm9n7r0000089.png", "variations": {"large_square": "//images.vivino.com/merchants/thumbs/p1cm9n7r0000089_400x400.jpg", "medium_square": "//images.vivino.com/merchants/thumbs/p1cm9n7r0000089_320x320.jpg", "small_square": "//images.vivino.com/merchants/thumbs/p1cm9n7r0000089_160x160.jpg"}}, "shipping_estimate": "Lieferung voraussichtlich zwischen Di, 21.\u00a0Dez und Fr, 24.\u00a0Dez", "impressum_url": "http://www.weinunion.de/cgi-bin/wein.pl?t=impressum2", "tos_url": "http://www.weinunion.de/cgi-bin/wein.pl?t=agb", "vc_clearing_system": 0, "hidden": false}, "prices": [{"id": 23080635, "vintage_id": 163823355, "amount": 11.59, "type": "vc", "currency": {"code": "EUR", "name": "Euros", "prefix": "\u20ac", "suffix": null}, "bottle_type_id": 1, "inventory_bottles_count": 50, "url": "https://www.weinunion.de/_sku450080745_pidpa_viv.html?utm_medium=pref-cpc&utm_source=vivino-ppc", "message": "", "producer_address": "Ritterhof,Strada del Vino, 1, Caldaro sulla Strada del Vino BZ, Italien", "importer_address": "Weinwelt Neue Str. 45 73277 Owen / Teck ", "discounted_from": null, "bottle_type": {"id": 1, "name": "Flasche (0,75\u00a0l)", "short_name": "Flasche", "short_name_plural": "Flaschen", "volume_ml": 750}}]}, {"merchant": {"id": 20222, "name": "Mundo Mediterraneo", "seo_name": "mundo-mediterraneo", "legal_name": null, "description": "Mobile-friendly checkout. No minimum order.", "country": {"code": "de", "name": "Deutschland", "native_name": "Deutschland", "seo_name": "germany", "currency": {"code": "EUR", "name": "Euros", "prefix": "\u20ac", "suffix": null}, "regions_count": 210, "users_count": 2117308, "wines_count": 197796, "wineries_count": 13493, "most_used_grapes": [{"id": 15, "name": "Riesling", "seo_name": "riesling", "has_detailed_info": true, "wines_count": 259925}, {"id": 299, "name": "Sp\u00e4tburgunder", "seo_name": "spatburgunder", "has_detailed_info": false, "wines_count": 49659}, {"id": 355, "name": "Weissburgunder", "seo_name": "weissburgunder", "has_detailed_info": false, "wines_count": 33123}]}, "state": null, "status": 0, "image": null, "shipping_estimate": "Lieferung bis Mi, 22.\u00a0Dez", "impressum_url": null, "tos_url": null, "vc_clearing_system": 0, "hidden": false}, "prices": [{"id": 23995054, "vintage_id": 163823355, "amount": 10.75, "type": "ppc", "currency": {"code": "EUR", "name": "Euros", "prefix": "\u20ac", "suffix": null}, "bottle_type_id": 1, "inventory_bottles_count": null, "url": "https://mundomediterraneo.de/produkt/weingut-ritterhof-suedtiroler-weissburgunder-doc-2019/?utm_medium=pref-cpc&utm_source=vivino-ppc", "message": "", "producer_address": "", "importer_address": "", "discounted_from": null, "bottle_type": {"id": 1, "name": "Flasche (0,75\u00a0l)", "short_name": "Flasche", "short_name_plural": "Flaschen", "volume_ml": 750}}]}]}, "found_by_merchant_and_sku": null, "is_deal_page": false}