{"tastes": {"structure": null, "flavor": [{"group": "tree_fruit", "stats": {"count": 3, "score": 400, "mentions_count": 4}, "primary_keywords": [{"id": 343, "name": "quince", "count": 1}, {"id": 310, "name": "peach", "count": 1}, {"id": 448, "name": "white peach", "count": 1}, {"id": 9, "name": "apple", "count": 1}]}, {"group": "citrus_fruit", "stats": {"count": 2, "score": 200, "mentions_count": 2}, "primary_keywords": [{"id": 106, "name": "citrus", "count": 1}, {"id": 246, "name": "lemon peel", "count": 1}]}, {"group": "earth", "stats": {"count": 2, "score": 150, "mentions_count": 2}, "primary_keywords": [{"id": 276, "name": "minerals", "count": 1}, {"id": 284, "name": "mushroom", "count": 1}]}, {"group": "tropical_fruit", "stats": {"count": 1, "score": 200, "mentions_count": 2}, "primary_keywords": [{"id": 428, "name": "tropical", "count": 1}, {"id": 261, "name": "mango", "count": 1}]}, {"group": "microbio", "stats": {"count": 2, "score": 150, "mentions_count": 1}, "primary_keywords": [{"id": 457, "name": "yeast", "count": 1}], "secondary_keywords": [{"id": 284, "name": "mushroom", "count": 1}]}, {"group": "vegetal", "stats": {"count": 1, "score": 100, "mentions_count": 1}, "primary_keywords": [{"id": 197, "name": "green bell pepper", "count": 1}]}]}, "vivino_id": "2825953"}