{"tastes": {"structure": {"acidity": 2.6339707, "fizziness": null, "intensity": 3.5755103, "sweetness": 2.7098866, "tannin": null, "user_structure_count": 37, "calculated_structure_count": 6}, "flavor": [{"group": "tree_fruit", "stats": {"count": 4, "score": 600, "mentions_count": 6}, "primary_keywords": [{"id": 310, "name": "peach", "count": 2}, {"id": 315, "name": "pear", "count": 2}, {"id": 9, "name": "apple", "count": 2}]}, {"group": "citrus_fruit", "stats": {"count": 4, "score": 400, "mentions_count": 4}, "primary_keywords": [{"id": 106, "name": "citrus", "count": 2}, {"id": 252, "name": "lime", "count": 1}, {"id": 190, "name": "grapefruit", "count": 1}]}, {"group": "oak", "stats": {"count": 3, "score": 367, "mentions_count": 4}, "primary_keywords": [{"id": 292, "name": "oak", "count": 3}, {"id": 70, "name": "butter", "count": 1}]}, {"group": "microbio", "stats": {"count": 2, "score": 233, "mentions_count": 2}, "primary_keywords": [{"id": 91, "name": "cheese", "count": 1}, {"id": 457, "name": "yeast", "count": 1}], "secondary_keywords": [{"id": 70, "name": "butter", "count": 1}]}, {"group": "vegetal", "stats": {"count": 1, "score": 100, "mentions_count": 1}, "primary_keywords": [{"id": 89, "name": "chard", "count": 1}]}, {"group": "earth", "stats": {"count": 1, "score": 100, "mentions_count": 1}, "primary_keywords": [{"id": 218, "name": "honey", "count": 1}]}]}, "vivino_id": "6734496"}