{"tastes": {"structure": null, "flavor": [{"group": "tree_fruit", "stats": {"count": 16, "score": 3300, "mentions_count": 33}, "primary_keywords": [{"id": 315, "name": "Birne", "count": 8}, {"id": 310, "name": "Pfirsich", "count": 6}, {"id": 11, "name": "Aprikose", "count": 5}, {"id": 343, "name": "Quitte", "count": 4}, {"id": 9, "name": "Apfel", "count": 4}, {"id": 195, "name": "Gr\u00fcner Apfel", "count": 2}, {"id": 458, "name": "Gelber Apfel", "count": 2}, {"id": 271, "name": "Melone", "count": 1}, {"id": 433, "name": "Unreife Birne", "count": 1}]}, {"group": "citrus_fruit", "stats": {"count": 11, "score": 1500, "mentions_count": 15}, "primary_keywords": [{"id": 106, "name": "Zitrone", "count": 9}, {"id": 190, "name": "Grapefruit", "count": 3}, {"id": 248, "name": "Zitronenw\u00fcrze", "count": 1}, {"id": 109, "name": "Zitrusw\u00fcrze", "count": 1}, {"id": 411, "name": "Mandarine", "count": 1}]}, {"group": "tropical_fruit", "stats": {"count": 8, "score": 900, "mentions_count": 9}, "primary_keywords": [{"id": 208, "name": "Gegrillte Ananas", "count": 3}, {"id": 329, "name": "Ananas", "count": 3}, {"id": 428, "name": "Tropisch", "count": 2}, {"id": 237, "name": "Kiwi", "count": 1}]}, {"group": "earth", "stats": {"count": 8, "score": 748, "mentions_count": 8}, "primary_keywords": [{"id": 276, "name": "Mineralien", "count": 2}, {"id": 218, "name": "Honig", "count": 1}, {"id": 398, "name": "Stein", "count": 1}, {"id": 383, "name": "Schiefer", "count": 1}, {"id": 325, "name": "Petroleum", "count": 1}, {"id": 384, "name": "Rauch", "count": 1}, {"id": 181, "name": "Ingwer", "count": 1}], "secondary_keywords": [{"id": 6, "name": "Mandel", "count": 1}]}, {"group": "spices", "stats": {"count": 5, "score": 632, "mentions_count": 7}, "primary_keywords": [{"id": 105, "name": "Zimt", "count": 2}, {"id": 320, "name": "Pfeffer", "count": 1}, {"id": 449, "name": "Weiter Pfeffer", "count": 1}, {"id": 375, "name": "Salbei", "count": 1}, {"id": 395, "name": "Sternanis", "count": 1}, {"id": 249, "name": "Lakritze", "count": 1}], "secondary_keywords": [{"id": 181, "name": "Ingwer", "count": 1}]}, {"group": "oak", "stats": {"count": 5, "score": 472, "mentions_count": 4}, "primary_keywords": [{"id": 70, "name": "Butter", "count": 1}, {"id": 21, "name": "Backgew\u00fcrz", "count": 1}, {"id": 292, "name": "Eiche", "count": 1}, {"id": 79, "name": "Karamell", "count": 1}], "secondary_keywords": [{"id": 105, "name": "Zimt", "count": 2}, {"id": 6, "name": "Mandel", "count": 1}, {"id": 384, "name": "Rauch", "count": 1}]}, {"group": "vegetal", "stats": {"count": 3, "score": 210, "mentions_count": 2}, "primary_keywords": [{"id": 193, "name": "Gras", "count": 1}, {"id": 425, "name": "Tomate", "count": 1}], "secondary_keywords": [{"id": 6, "name": "Mandel", "count": 1}]}, {"group": "floral", "stats": {"count": 2, "score": 200, "mentions_count": 2}, "primary_keywords": [{"id": 157, "name": "Holunderbl\u00fcte", "count": 1}, {"id": 241, "name": "Lavendel", "count": 1}]}, {"group": "black_fruit", "stats": {"count": 2, "score": 200, "mentions_count": 2}, "primary_keywords": [{"id": 334, "name": "Pflaume", "count": 2}]}, {"group": "non_oak", "stats": {"count": 4, "score": 95, "mentions_count": 1}, "primary_keywords": [{"id": 6, "name": "Mandel", "count": 1}], "secondary_keywords": [{"id": 105, "name": "Zimt", "count": 2}, {"id": 384, "name": "Rauch", "count": 1}, {"id": 79, "name": "Karamell", "count": 1}]}, {"group": "microbio", "stats": {"count": 2, "score": 43, "mentions_count": 0}, "secondary_keywords": [{"id": 6, "name": "Mandel", "count": 1}, {"id": 70, "name": "Butter", "count": 1}]}]}, "vivino_id": "1679206"}