{"vintage": {"id": 163471846, "seo_name": "gunter-and-regina-furmint-2019", "name": "Gunter & Regina Triebaumer Furmint 2019", "statistics": {"status": "Normal", "ratings_count": 37, "ratings_average": 3.8, "labels_count": 60, "reviews_count": 18}, "organic_certification_id": null, "certified_biodynamic": null, "image": {"location": "//images.vivino.com/thumbs/32iamMtoSJayQDZzebuo7w_pl_480x640.png", "variations": {"bottle_large": "//images.vivino.com/thumbs/32iamMtoSJayQDZzebuo7w_pb_x960.png", "bottle_medium": "//images.vivino.com/thumbs/32iamMtoSJayQDZzebuo7w_pb_x600.png", "bottle_medium_square": "//images.vivino.com/thumbs/32iamMtoSJayQDZzebuo7w_pb_600x600.png", "bottle_small": "//images.vivino.com/thumbs/32iamMtoSJayQDZzebuo7w_pb_x300.png", "bottle_small_square": "//images.vivino.com/thumbs/32iamMtoSJayQDZzebuo7w_pb_300x300.png", "label": "//images.vivino.com/thumbs/32iamMtoSJayQDZzebuo7w_pl_480x640.png", "label_large": "//images.vivino.com/thumbs/32iamMtoSJayQDZzebuo7w_pl_375x500.png", "label_medium": "//images.vivino.com/thumbs/32iamMtoSJayQDZzebuo7w_pl_150x200.png", "label_medium_square": "//images.vivino.com/thumbs/32iamMtoSJayQDZzebuo7w_pl_150x150.png", "label_small_square": "//images.vivino.com/thumbs/32iamMtoSJayQDZzebuo7w_pl_80x80.png", "large": "//images.vivino.com/thumbs/32iamMtoSJayQDZzebuo7w_pl_375x500.png", "medium": "//images.vivino.com/thumbs/32iamMtoSJayQDZzebuo7w_pl_150x200.png", "medium_square": "//images.vivino.com/thumbs/32iamMtoSJayQDZzebuo7w_pl_150x150.png", "small_square": "//images.vivino.com/thumbs/32iamMtoSJayQDZzebuo7w_pl_80x80.png"}}, "wine": {"id": 1679206, "name": "Furmint", "seo_name": "furmint", "type_id": 2, "vintage_type": 0, "is_natural": false, "region": {"id": 875, "name": "Neusiedlersee-H\u00fcgelland", "name_en": "Leithaberg", "seo_name": "neusiedlersee-hugelland", "country": {"code": "at", "name": "\u00d6sterreich", "native_name": "\u00d6sterreich", "seo_name": "austria", "currency": {"code": "EUR", "name": "Euros", "prefix": "\u20ac", "suffix": null}, "regions_count": 29, "users_count": 198116, "wines_count": 53278, "wineries_count": 4638, "most_used_grapes": [{"id": 233, "name": "Gr\u00fcner Veltliner", "seo_name": "gruner-veltliner", "has_detailed_info": false, "wines_count": 37953}, {"id": 257, "name": "Zweigelt", "seo_name": "zweigelt", "has_detailed_info": false, "wines_count": 31578}, {"id": 15, "name": "Riesling", "seo_name": "riesling", "has_detailed_info": true, "wines_count": 259925}]}, "parent_id": 784, "background_image": null, "class": {"typecast_map": {"background_image": {}, "class": {}}}, "statistics": {"wineries_count": 63, "wines_count": 534, "sub_regions_count": 0, "parent_regions_count": 2}}, "review_status": 2, "winery": {"id": 66478, "name": "Gunter & Regina Triebaumer", "seo_name": "gunter-and-regina", "status": 0, "review_status": "Completed", "background_image": null, "statistics": {"ratings_count": 2872, "ratings_average": 3.7, "labels_count": 11090, "wines_count": 40}, "region": {"id": 785, "name": "Neusiedlersee", "name_en": "", "seo_name": "neusiedlersee", "country": {"code": "at", "name": "\u00d6sterreich", "native_name": "\u00d6sterreich", "seo_name": "austria", "currency": {"code": "EUR", "name": "Euros", "prefix": "\u20ac", "suffix": null}, "regions_count": 29, "users_count": 198116, "wines_count": 53278, "wineries_count": 4638, "most_used_grapes": [{"id": 233, "name": "Gr\u00fcner Veltliner", "seo_name": "gruner-veltliner", "has_detailed_info": false, "wines_count": 37953}, {"id": 257, "name": "Zweigelt", "seo_name": "zweigelt", "has_detailed_info": false, "wines_count": 31578}, {"id": 15, "name": "Riesling", "seo_name": "riesling", "has_detailed_info": true, "wines_count": 259925}]}, "parent_id": 784, "background_image": null, "class": {"typecast_map": {"background_image": {}, "class": {}}}, "statistics": {"wineries_count": 209, "wines_count": 1832, "sub_regions_count": 0, "parent_regions_count": 2}}, "business_name": "Gunter & Regina Triebaumer", "description": "", "specialists_notes": "", "phone": "43 676 724 8797", "email": "weingut@triebaumer.at", "facebook": "", "instagram": "", "is_claimed": false, "twitter": "", "website": "http://www.triebaumer.at/", "winemaker": "Gerhard  Triebaumer", "wine_maker": {"id": 2770, "name": "Gerhard  Triebaumer"}, "address": {"title": null, "name": null, "street": "Neuegasse 18", "street2": null, "neighborhood": null, "city": "Rust", "zip": "7071", "state": null, "country": {"code": "at", "name": "\u00d6sterreich", "native_name": "\u00d6sterreich", "seo_name": "austria", "currency": {"code": "EUR", "name": "Euros", "prefix": "\u20ac", "suffix": null}, "regions_count": 29, "users_count": 198116, "wines_count": 53278, "wineries_count": 4638, "most_used_grapes": [{"id": 233, "name": "Gr\u00fcner Veltliner", "seo_name": "gruner-veltliner", "has_detailed_info": false, "wines_count": 37953}, {"id": 257, "name": "Zweigelt", "seo_name": "zweigelt", "has_detailed_info": false, "wines_count": 31578}, {"id": 15, "name": "Riesling", "seo_name": "riesling", "has_detailed_info": true, "wines_count": 259925}]}, "company": null, "phone": null, "external_id": null, "residential": null, "vat_number": null, "vat_code": null, "addition": null}, "image": null, "location": {"latitude": 47.80165, "longitude": 16.66912}, "winery_group": null, "first_wines": [], "sponsored_entity_type": null, "sponsored_entity": null}, "statistics": {"status": "Normal", "ratings_count": 269, "ratings_average": 3.7, "labels_count": 860, "vintages_count": 17}, "rank": {"country": {"description": "Rang von \u00d6sterreich", "total": 34949, "rank": 1780}, "region": {"description": "Rang von Weinregion", "total": 1779, "rank": 75}, "winery": {"description": "Rang vom Weingut", "total": 38, "rank": 3}, "wine_type": {"description": "Rang in allen Wei\u00dfwein", "total": 394073, "rank": 27730}, "global": {"description": "Weltweiter Rang", "total": 1287385, "rank": 111069}}, "hidden": false, "vintages": [{"id": 167426806, "seo_name": "gunter-and-regina-furmint-2020", "name": "Gunter & Regina Triebaumer Furmint 2020", "statistics": {"status": "Normal", "ratings_count": 10, "ratings_average": 3.5, "labels_count": 14, "reviews_count": 7}, "year": 2020, "grapes": null, "has_valid_ratings": true}, {"id": 163471846, "seo_name": "gunter-and-regina-furmint-2019", "name": "Gunter & Regina Triebaumer Furmint 2019", "statistics": {"status": "Normal", "ratings_count": 37, "ratings_average": 3.8, "labels_count": 60, "reviews_count": 18}, "year": 2019, "grapes": null, "has_valid_ratings": true}, {"id": 159638777, "seo_name": "gunter-and-regina-furmint-2018", "name": "Gunter & Regina Triebaumer Furmint 2018", "statistics": {"status": "Normal", "ratings_count": 33, "ratings_average": 3.5, "labels_count": 53, "reviews_count": 19}, "year": 2018, "grapes": null, "has_valid_ratings": true}, {"id": 155781006, "seo_name": "gunter-and-regina-furmint-2017", "name": "Gunter & Regina Triebaumer Furmint 2017", "statistics": {"status": "Normal", "ratings_count": 37, "ratings_average": 3.8, "labels_count": 82, "reviews_count": 20}, "year": 2017, "grapes": null, "has_valid_ratings": true}, {"id": 152520761, "seo_name": "gunter-and-regina-furmint-2016", "name": "Gunter & Regina Triebaumer Furmint 2016", "statistics": {"status": "Normal", "ratings_count": 33, "ratings_average": 3.3, "labels_count": 91, "reviews_count": 9}, "year": 2016, "grapes": null, "has_valid_ratings": true}, {"id": 98389378, "seo_name": "gunter-and-regina-furmint-2015", "name": "Gunter & Regina Triebaumer Furmint 2015", "statistics": {"status": "Normal", "ratings_count": 23, "ratings_average": 3.6, "labels_count": 103, "reviews_count": 13}, "year": 2015, "grapes": null, "has_valid_ratings": true}, {"id": 27179521, "seo_name": "gunter-and-regina-furmint-2014", "name": "Gunter & Regina Triebaumer Furmint 2014", "statistics": {"status": "Normal", "ratings_count": 47, "ratings_average": 3.8, "labels_count": 216, "reviews_count": 13}, "year": 2014, "grapes": null, "has_valid_ratings": true}, {"id": 5302688, "seo_name": "gunter-and-regina-furmint-2013", "name": "Gunter & Regina Triebaumer Furmint 2013", "statistics": {"status": "Normal", "ratings_count": 20, "ratings_average": 3.7, "labels_count": 142, "reviews_count": 8}, "year": 2013, "grapes": null, "has_valid_ratings": true}, {"id": 3857249, "seo_name": "gunter-and-regina-furmint-2011", "name": "Gunter & Regina Triebaumer Furmint 2011", "statistics": {"status": "BelowThreshold", "ratings_count": 6, "ratings_average": 0, "labels_count": 14, "reviews_count": 5}, "year": 2011, "grapes": null, "has_valid_ratings": false}, {"id": 18000755, "seo_name": "gunter-and-regina-furmint-2010", "name": "Gunter & Regina Triebaumer Furmint 2010", "statistics": {"status": "BelowThreshold", "ratings_count": 2, "ratings_average": 0, "labels_count": 18, "reviews_count": 1}, "year": 2010, "grapes": null, "has_valid_ratings": false}, {"id": 13513425, "seo_name": "gunter-and-regina-furmint-2009", "name": "Gunter & Regina Triebaumer Furmint 2009", "statistics": {"status": "BelowThreshold", "ratings_count": 1, "ratings_average": 0, "labels_count": 2, "reviews_count": 1}, "year": 2009, "grapes": null, "has_valid_ratings": false}, {"id": 8685565, "seo_name": "gunter-and-regina-furmint-2008", "name": "Gunter & Regina Triebaumer Furmint 2008", "statistics": {"status": "BelowThreshold", "ratings_count": 1, "ratings_average": 0, "labels_count": 2, "reviews_count": 0}, "year": 2008, "grapes": null, "has_valid_ratings": false}, {"id": 2476159, "seo_name": "gunter-and-regina-furmint-2007", "name": "Gunter & Regina Triebaumer Furmint 2007", "statistics": {"status": "BelowThreshold", "ratings_count": 1, "ratings_average": 0, "labels_count": 2, "reviews_count": 0}, "year": 2007, "grapes": null, "has_valid_ratings": false}, {"id": 3857198, "seo_name": "gunter-and-regina-furmint-2006", "name": "Gunter & Regina Triebaumer Furmint 2006", "statistics": {"status": "BelowThreshold", "ratings_count": 1, "ratings_average": 0, "labels_count": 0, "reviews_count": 1}, "year": 2006, "grapes": null, "has_valid_ratings": false}, {"id": 2610161, "seo_name": "gunter-and-regina-furmint-uv", "name": "Gunter & Regina Triebaumer Furmint", "statistics": {"status": "Normal", "ratings_count": 269, "ratings_average": 3.7, "labels_count": 25, "reviews_count": 6}, "year": 0, "grapes": null, "has_valid_ratings": true}], "description": "Brilliant straw yellow, Dry, vital, animating, complex acidity, hearty and balanced. Beautiful touch of buckthorn. Highly elegant and highly interesting wine.", "grapes": [{"id": 394, "name": "Furmint", "seo_name": "furmint", "has_detailed_info": false, "wines_count": 11038}], "non_vintage": false, "alcohol": 11, "sweetness_id": null, "closure": null, "vintage_mask_raw": null, "updated_at": "2018-06-12T06:13:56Z", "created_at": "2013-06-26T08:04:34Z", "is_first_wine": false, "style": null, "has_valid_ratings": true}, "description": "", "expert_reviews": null, "wine_critic_reviews": [], "awards": [], "ratings_distribution": {"1": 0, "2": 0, "3": 15, "4": 20, "5": 2}, "ranking": {"country": {"description": "Rang von \u00d6sterreich", "total": 201209, "rank": 27187}, "region": {"description": "Rang von Weinregion", "total": 9436, "rank": 1149}, "winery": {"description": "Rang vom Weingut", "total": 314, "rank": 51}, "global": {"description": "Weltweiter Rang", "total": 8825163, "rank": 1596706}}, "wine_facts": {"alcohol": 11, "contains_milk_allergens": false, "contains_egg_allergens": true}, "winemaker": null, "wine_maker": null, "grape_composition": {}, "year": 2019, "grapes": null, "has_valid_ratings": true}, "carts": null, "price_range": {"currency": {"code": "EUR", "name": "Euros", "prefix": "\u20ac", "suffix": null}, "price_range": {"minimum": 0, "maximum": 500, "currency_code": "EUR"}, "defaults": {"minimum": 7, "maximum": 30, "currency_code": "EUR"}}, "subtotal_price": null, "full_region": null, "tastes": null, "wine": {"id": 1679206, "name": "Furmint", "seo_name": "furmint", "type_id": 2, "vintage_type": 0, "is_natural": false, "region": {"id": 875, "name": "Neusiedlersee-H\u00fcgelland", "name_en": "Leithaberg", "seo_name": "neusiedlersee-hugelland", "country": {"code": "at", "name": "\u00d6sterreich", "native_name": "\u00d6sterreich", "seo_name": "austria", "currency": {"code": "EUR", "name": "Euros", "prefix": "\u20ac", "suffix": null}, "regions_count": 29, "users_count": 198116, "wines_count": 53278, "wineries_count": 4638, "most_used_grapes": [{"id": 233, "name": "Gr\u00fcner Veltliner", "seo_name": "gruner-veltliner", "has_detailed_info": false, "wines_count": 37953}, {"id": 257, "name": "Zweigelt", "seo_name": "zweigelt", "has_detailed_info": false, "wines_count": 31578}, {"id": 15, "name": "Riesling", "seo_name": "riesling", "has_detailed_info": true, "wines_count": 259925}]}, "parent_id": 784, "background_image": null, "class": {"typecast_map": {"background_image": {}, "class": {}}}, "statistics": {"wineries_count": 63, "wines_count": 534, "sub_regions_count": 0, "parent_regions_count": 2}}, "review_status": 2, "winery": {"id": 66478, "name": "Gunter & Regina Triebaumer", "seo_name": "gunter-and-regina", "status": 0, "review_status": "Completed", "background_image": null, "statistics": {"ratings_count": 2872, "ratings_average": 3.7, "labels_count": 11090, "wines_count": 40}, "region": {"id": 785, "name": "Neusiedlersee", "name_en": "", "seo_name": "neusiedlersee", "country": {"code": "at", "name": "\u00d6sterreich", "native_name": "\u00d6sterreich", "seo_name": "austria", "currency": {"code": "EUR", "name": "Euros", "prefix": "\u20ac", "suffix": null}, "regions_count": 29, "users_count": 198116, "wines_count": 53278, "wineries_count": 4638, "most_used_grapes": [{"id": 233, "name": "Gr\u00fcner Veltliner", "seo_name": "gruner-veltliner", "has_detailed_info": false, "wines_count": 37953}, {"id": 257, "name": "Zweigelt", "seo_name": "zweigelt", "has_detailed_info": false, "wines_count": 31578}, {"id": 15, "name": "Riesling", "seo_name": "riesling", "has_detailed_info": true, "wines_count": 259925}]}, "parent_id": 784, "background_image": null, "class": {"typecast_map": {"background_image": {}, "class": {}}}, "statistics": {"wineries_count": 209, "wines_count": 1832, "sub_regions_count": 0, "parent_regions_count": 2}}, "business_name": "Gunter & Regina Triebaumer", "description": "", "specialists_notes": "", "phone": "43 676 724 8797", "email": "weingut@triebaumer.at", "facebook": "", "instagram": "", "is_claimed": false, "twitter": "", "website": "http://www.triebaumer.at/", "winemaker": "Gerhard  Triebaumer", "wine_maker": {"id": 2770, "name": "Gerhard  Triebaumer"}, "address": {"title": null, "name": null, "street": "Neuegasse 18", "street2": null, "neighborhood": null, "city": "Rust", "zip": "7071", "state": null, "country": {"code": "at", "name": "\u00d6sterreich", "native_name": "\u00d6sterreich", "seo_name": "austria", "currency": {"code": "EUR", "name": "Euros", "prefix": "\u20ac", "suffix": null}, "regions_count": 29, "users_count": 198116, "wines_count": 53278, "wineries_count": 4638, "most_used_grapes": [{"id": 233, "name": "Gr\u00fcner Veltliner", "seo_name": "gruner-veltliner", "has_detailed_info": false, "wines_count": 37953}, {"id": 257, "name": "Zweigelt", "seo_name": "zweigelt", "has_detailed_info": false, "wines_count": 31578}, {"id": 15, "name": "Riesling", "seo_name": "riesling", "has_detailed_info": true, "wines_count": 259925}]}, "company": null, "phone": null, "external_id": null, "residential": null, "vat_number": null, "vat_code": null, "addition": null}, "image": null, "location": {"latitude": 47.80165, "longitude": 16.66912}, "winery_group": null, "first_wines": [], "sponsored_entity_type": null, "sponsored_entity": null}, "statistics": {"status": "Normal", "ratings_count": 269, "ratings_average": 3.7, "labels_count": 860, "vintages_count": 17}, "rank": {"country": {"description": "Rang von \u00d6sterreich", "total": 34949, "rank": 1780}, "region": {"description": "Rang von Weinregion", "total": 1779, "rank": 75}, "winery": {"description": "Rang vom Weingut", "total": 38, "rank": 3}, "wine_type": {"description": "Rang in allen Wei\u00dfwein", "total": 394073, "rank": 27730}, "global": {"description": "Weltweiter Rang", "total": 1287385, "rank": 111069}}, "hidden": false, "vintages": [{"id": 167426806, "seo_name": "gunter-and-regina-furmint-2020", "name": "Gunter & Regina Triebaumer Furmint 2020", "statistics": {"status": "Normal", "ratings_count": 10, "ratings_average": 3.5, "labels_count": 14, "reviews_count": 7}, "year": 2020, "grapes": null, "has_valid_ratings": true}, {"id": 163471846, "seo_name": "gunter-and-regina-furmint-2019", "name": "Gunter & Regina Triebaumer Furmint 2019", "statistics": {"status": "Normal", "ratings_count": 37, "ratings_average": 3.8, "labels_count": 60, "reviews_count": 18}, "year": 2019, "grapes": null, "has_valid_ratings": true}, {"id": 159638777, "seo_name": "gunter-and-regina-furmint-2018", "name": "Gunter & Regina Triebaumer Furmint 2018", "statistics": {"status": "Normal", "ratings_count": 33, "ratings_average": 3.5, "labels_count": 53, "reviews_count": 19}, "year": 2018, "grapes": null, "has_valid_ratings": true}, {"id": 155781006, "seo_name": "gunter-and-regina-furmint-2017", "name": "Gunter & Regina Triebaumer Furmint 2017", "statistics": {"status": "Normal", "ratings_count": 37, "ratings_average": 3.8, "labels_count": 82, "reviews_count": 20}, "year": 2017, "grapes": null, "has_valid_ratings": true}, {"id": 152520761, "seo_name": "gunter-and-regina-furmint-2016", "name": "Gunter & Regina Triebaumer Furmint 2016", "statistics": {"status": "Normal", "ratings_count": 33, "ratings_average": 3.3, "labels_count": 91, "reviews_count": 9}, "year": 2016, "grapes": null, "has_valid_ratings": true}, {"id": 98389378, "seo_name": "gunter-and-regina-furmint-2015", "name": "Gunter & Regina Triebaumer Furmint 2015", "statistics": {"status": "Normal", "ratings_count": 23, "ratings_average": 3.6, "labels_count": 103, "reviews_count": 13}, "year": 2015, "grapes": null, "has_valid_ratings": true}, {"id": 27179521, "seo_name": "gunter-and-regina-furmint-2014", "name": "Gunter & Regina Triebaumer Furmint 2014", "statistics": {"status": "Normal", "ratings_count": 47, "ratings_average": 3.8, "labels_count": 216, "reviews_count": 13}, "year": 2014, "grapes": null, "has_valid_ratings": true}, {"id": 5302688, "seo_name": "gunter-and-regina-furmint-2013", "name": "Gunter & Regina Triebaumer Furmint 2013", "statistics": {"status": "Normal", "ratings_count": 20, "ratings_average": 3.7, "labels_count": 142, "reviews_count": 8}, "year": 2013, "grapes": null, "has_valid_ratings": true}, {"id": 3857249, "seo_name": "gunter-and-regina-furmint-2011", "name": "Gunter & Regina Triebaumer Furmint 2011", "statistics": {"status": "BelowThreshold", "ratings_count": 6, "ratings_average": 0, "labels_count": 14, "reviews_count": 5}, "year": 2011, "grapes": null, "has_valid_ratings": false}, {"id": 18000755, "seo_name": "gunter-and-regina-furmint-2010", "name": "Gunter & Regina Triebaumer Furmint 2010", "statistics": {"status": "BelowThreshold", "ratings_count": 2, "ratings_average": 0, "labels_count": 18, "reviews_count": 1}, "year": 2010, "grapes": null, "has_valid_ratings": false}, {"id": 13513425, "seo_name": "gunter-and-regina-furmint-2009", "name": "Gunter & Regina Triebaumer Furmint 2009", "statistics": {"status": "BelowThreshold", "ratings_count": 1, "ratings_average": 0, "labels_count": 2, "reviews_count": 1}, "year": 2009, "grapes": null, "has_valid_ratings": false}, {"id": 8685565, "seo_name": "gunter-and-regina-furmint-2008", "name": "Gunter & Regina Triebaumer Furmint 2008", "statistics": {"status": "BelowThreshold", "ratings_count": 1, "ratings_average": 0, "labels_count": 2, "reviews_count": 0}, "year": 2008, "grapes": null, "has_valid_ratings": false}, {"id": 2476159, "seo_name": "gunter-and-regina-furmint-2007", "name": "Gunter & Regina Triebaumer Furmint 2007", "statistics": {"status": "BelowThreshold", "ratings_count": 1, "ratings_average": 0, "labels_count": 2, "reviews_count": 0}, "year": 2007, "grapes": null, "has_valid_ratings": false}, {"id": 3857198, "seo_name": "gunter-and-regina-furmint-2006", "name": "Gunter & Regina Triebaumer Furmint 2006", "statistics": {"status": "BelowThreshold", "ratings_count": 1, "ratings_average": 0, "labels_count": 0, "reviews_count": 1}, "year": 2006, "grapes": null, "has_valid_ratings": false}, {"id": 2610161, "seo_name": "gunter-and-regina-furmint-uv", "name": "Gunter & Regina Triebaumer Furmint", "statistics": {"status": "Normal", "ratings_count": 269, "ratings_average": 3.7, "labels_count": 25, "reviews_count": 6}, "year": 0, "grapes": null, "has_valid_ratings": true}], "description": "Brilliant straw yellow, Dry, vital, animating, complex acidity, hearty and balanced. Beautiful touch of buckthorn. Highly elegant and highly interesting wine.", "grapes": [{"id": 394, "name": "Furmint", "seo_name": "furmint", "has_detailed_info": false, "wines_count": 11038}], "non_vintage": false, "alcohol": 11, "sweetness_id": null, "closure": null, "vintage_mask_raw": null, "updated_at": "2018-06-12T06:13:56Z", "created_at": "2013-06-26T08:04:34Z", "is_first_wine": false, "style": null, "has_valid_ratings": true}, "price": {"id": 21795260, "vintage_id": 163471846, "amount": 10.5, "type": "vc", "currency": {"code": "EUR", "name": "Euros", "prefix": "\u20ac", "suffix": null}, "bottle_type_id": 1, "inventory_bottles_count": 91, "url": "https://www.lakaaf.de/Wein-etc/Weisswein/oesterreichischer-Weisswein/Triebaumer-Furmint-2019-0-75l.html?utm_medium=pref-cpc&utm_source=vivino-ppc", "message": "", "producer_address": "Weingut G\u00fcnter + Regina Triebaumer | Neuegasse 18 | AT-7071 Rust", "importer_address": "lakaaf.de, Schoeninger Str. 118, 33129 Delbrueck", "discounted_from": null, "bottle_type": {"id": 1, "name": "Flasche (0,75\u00a0l)", "short_name": "Flasche", "short_name_plural": "Flaschen", "volume_ml": 750}}, "highlights": [], "merchant": {"id": 1498, "name": "La Kaaf.de", "seo_name": "la-kaaf-de", "legal_name": "la Kaaf - Weinhandel Inh. Stefan Kaaf", "description": "Versandkostenfrei f\u00fcr Bestellungen ab 80 EUR", "country": {"code": "de", "name": "Deutschland", "native_name": "Deutschland", "seo_name": "germany", "currency": {"code": "EUR", "name": "Euros", "prefix": "\u20ac", "suffix": null}, "regions_count": 210, "users_count": 2117308, "wines_count": 197796, "wineries_count": 13493, "most_used_grapes": [{"id": 15, "name": "Riesling", "seo_name": "riesling", "has_detailed_info": true, "wines_count": 259925}, {"id": 299, "name": "Sp\u00e4tburgunder", "seo_name": "spatburgunder", "has_detailed_info": false, "wines_count": 49659}, {"id": 355, "name": "Weissburgunder", "seo_name": "weissburgunder", "has_detailed_info": false, "wines_count": 33123}]}, "state": null, "status": 3, "image": {"location": "//images.vivino.com/merchants/originals/p1ctf4da00001eq.jpg", "variations": {"large_square": "//images.vivino.com/merchants/thumbs/p1ctf4da00001eq_400x400.jpg", "medium_square": "//images.vivino.com/merchants/thumbs/p1ctf4da00001eq_320x320.jpg", "small_square": "//images.vivino.com/merchants/thumbs/p1ctf4da00001eq_160x160.jpg"}}, "shipping_estimate": "Lieferung voraussichtlich zwischen Di, 21.\u00a0Dez und Di, 28.\u00a0Dez", "impressum_url": "http://www.lakaaf.de/Specials/Impressum/", "tos_url": "http://www.lakaaf.de/Specials/AGB/", "vc_clearing_system": 0, "hidden": false}, "sold_out": false, "prices_and_availability": {"market": {"country": "de", "currency": {"code": "EUR", "name": "Euros", "prefix": "\u20ac", "suffix": null}}, "availability": {"vintage": {"id": 163471846, "year": 2019, "grapes": null, "has_valid_ratings": false}, "median": {"amount": 10.45, "type": "market", "discounted_from": null}, "price": {"id": 21795260, "amount": 10.5, "discounted_from": 0.0, "type": "vc"}}, "merchants_with_prices": [{"merchant": {"id": 1498, "name": "La Kaaf.de", "seo_name": "la-kaaf-de", "legal_name": "la Kaaf - Weinhandel Inh. Stefan Kaaf", "description": "Versandkostenfrei f\u00fcr Bestellungen ab 80 EUR", "country": {"code": "de", "name": "Deutschland", "native_name": "Deutschland", "seo_name": "germany", "currency": {"code": "EUR", "name": "Euros", "prefix": "\u20ac", "suffix": null}, "regions_count": 210, "users_count": 2117308, "wines_count": 197796, "wineries_count": 13493, "most_used_grapes": [{"id": 15, "name": "Riesling", "seo_name": "riesling", "has_detailed_info": true, "wines_count": 259925}, {"id": 299, "name": "Sp\u00e4tburgunder", "seo_name": "spatburgunder", "has_detailed_info": false, "wines_count": 49659}, {"id": 355, "name": "Weissburgunder", "seo_name": "weissburgunder", "has_detailed_info": false, "wines_count": 33123}]}, "state": null, "status": 3, "image": {"location": "//images.vivino.com/merchants/originals/p1ctf4da00001eq.jpg", "variations": {"large_square": "//images.vivino.com/merchants/thumbs/p1ctf4da00001eq_400x400.jpg", "medium_square": "//images.vivino.com/merchants/thumbs/p1ctf4da00001eq_320x320.jpg", "small_square": "//images.vivino.com/merchants/thumbs/p1ctf4da00001eq_160x160.jpg"}}, "shipping_estimate": "Lieferung voraussichtlich zwischen Di, 21.\u00a0Dez und Di, 28.\u00a0Dez", "impressum_url": "http://www.lakaaf.de/Specials/Impressum/", "tos_url": "http://www.lakaaf.de/Specials/AGB/", "vc_clearing_system": 0, "hidden": false}, "prices": [{"id": 21795260, "vintage_id": 163471846, "amount": 10.5, "type": "vc", "currency": {"code": "EUR", "name": "Euros", "prefix": "\u20ac", "suffix": null}, "bottle_type_id": 1, "inventory_bottles_count": 91, "url": "https://www.lakaaf.de/Wein-etc/Weisswein/oesterreichischer-Weisswein/Triebaumer-Furmint-2019-0-75l.html?utm_medium=pref-cpc&utm_source=vivino-ppc", "message": "", "producer_address": "Weingut G\u00fcnter + Regina Triebaumer | Neuegasse 18 | AT-7071 Rust", "importer_address": "lakaaf.de, Schoeninger Str. 118, 33129 Delbrueck", "discounted_from": null, "bottle_type": {"id": 1, "name": "Flasche (0,75\u00a0l)", "short_name": "Flasche", "short_name_plural": "Flaschen", "volume_ml": 750}}]}, {"merchant": {"id": 27216, "name": "Birr & Partner Shop", "seo_name": "birr-partner-shop", "legal_name": null, "description": "Mobile-friendly checkout. No minimum order.", "country": {"code": "de", "name": "Deutschland", "native_name": "Deutschland", "seo_name": "germany", "currency": {"code": "EUR", "name": "Euros", "prefix": "\u20ac", "suffix": null}, "regions_count": 210, "users_count": 2117308, "wines_count": 197796, "wineries_count": 13493, "most_used_grapes": [{"id": 15, "name": "Riesling", "seo_name": "riesling", "has_detailed_info": true, "wines_count": 259925}, {"id": 299, "name": "Sp\u00e4tburgunder", "seo_name": "spatburgunder", "has_detailed_info": false, "wines_count": 49659}, {"id": 355, "name": "Weissburgunder", "seo_name": "weissburgunder", "has_detailed_info": false, "wines_count": 33123}]}, "state": null, "status": 0, "image": null, "shipping_estimate": "Lieferung bis Mi, 22.\u00a0Dez", "impressum_url": null, "tos_url": null, "vc_clearing_system": 0, "hidden": false}, "prices": [{"id": 21364772, "vintage_id": 163471846, "amount": 9.9, "type": "ppc", "currency": {"code": "EUR", "name": "Euros", "prefix": "\u20ac", "suffix": null}, "bottle_type_id": 1, "inventory_bottles_count": null, "url": "https://www.birr-partner-shop.com/kategorie/weisswein/336/furmint-2019?c=406&utm_medium=pref-cpc&utm_source=vivino-ppc", "message": "", "producer_address": "", "importer_address": "", "discounted_from": null, "bottle_type": {"id": 1, "name": "Flasche (0,75\u00a0l)", "short_name": "Flasche", "short_name_plural": "Flaschen", "volume_ml": 750}}]}, {"merchant": {"id": 2396, "name": "Apropos Wein", "seo_name": "apropos-wein", "legal_name": null, "description": "Mobile-friendly checkout. No minimum order.", "country": {"code": "de", "name": "Deutschland", "native_name": "Deutschland", "seo_name": "germany", "currency": {"code": "EUR", "name": "Euros", "prefix": "\u20ac", "suffix": null}, "regions_count": 210, "users_count": 2117308, "wines_count": 197796, "wineries_count": 13493, "most_used_grapes": [{"id": 15, "name": "Riesling", "seo_name": "riesling", "has_detailed_info": true, "wines_count": 259925}, {"id": 299, "name": "Sp\u00e4tburgunder", "seo_name": "spatburgunder", "has_detailed_info": false, "wines_count": 49659}, {"id": 355, "name": "Weissburgunder", "seo_name": "weissburgunder", "has_detailed_info": false, "wines_count": 33123}]}, "state": null, "status": 0, "image": null, "shipping_estimate": "Lieferung bis Mi, 22.\u00a0Dez", "impressum_url": null, "tos_url": null, "vc_clearing_system": 0, "hidden": false}, "prices": [{"id": 26502587, "vintage_id": 163471846, "amount": 10.4, "type": "ppc", "currency": {"code": "EUR", "name": "Euros", "prefix": "\u20ac", "suffix": null}, "bottle_type_id": 1, "inventory_bottles_count": null, "url": "https://aproposwein.com/produkt/furmint-2019-guenter-triebaumer/?utm_medium=pref-cpc&utm_source=vivino-ppc", "message": "", "producer_address": "", "importer_address": "", "discounted_from": null, "bottle_type": {"id": 1, "name": "Flasche (0,75\u00a0l)", "short_name": "Flasche", "short_name_plural": "Flaschen", "volume_ml": 750}}]}, {"merchant": {"id": 16943, "name": "Weine Garibaldi Delikatessen", "seo_name": "weine-garibaldi-delikatessen", "legal_name": null, "description": "No minimum order.", "country": {"code": "de", "name": "Deutschland", "native_name": "Deutschland", "seo_name": "germany", "currency": {"code": "EUR", "name": "Euros", "prefix": "\u20ac", "suffix": null}, "regions_count": 210, "users_count": 2117308, "wines_count": 197796, "wineries_count": 13493, "most_used_grapes": [{"id": 15, "name": "Riesling", "seo_name": "riesling", "has_detailed_info": true, "wines_count": 259925}, {"id": 299, "name": "Sp\u00e4tburgunder", "seo_name": "spatburgunder", "has_detailed_info": false, "wines_count": 49659}, {"id": 355, "name": "Weissburgunder", "seo_name": "weissburgunder", "has_detailed_info": false, "wines_count": 33123}]}, "state": null, "status": 0, "image": null, "shipping_estimate": "Lieferung bis Mi, 22.\u00a0Dez", "impressum_url": null, "tos_url": null, "vc_clearing_system": 0, "hidden": false}, "prices": [{"id": 21856352, "vintage_id": 163471846, "amount": 14.2, "type": "ppc", "currency": {"code": "EUR", "name": "Euros", "prefix": "\u20ac", "suffix": null}, "bottle_type_id": 1, "inventory_bottles_count": null, "url": "https://www.garibaldi.de/weine/furmint-2019?utm_medium=pref-cpc&utm_source=vivino-ppc", "message": "", "producer_address": "", "importer_address": "", "discounted_from": null, "bottle_type": {"id": 1, "name": "Flasche (0,75\u00a0l)", "short_name": "Flasche", "short_name_plural": "Flaschen", "volume_ml": 750}}]}]}, "found_by_merchant_and_sku": null, "is_deal_page": false}