{"vintage": {"id": 160797497, "seo_name": "la-villette-chardonnay-2019", "name": "Maison de La Villette Chardonnay 2019", "statistics": {"status": "Normal", "ratings_count": 533, "ratings_average": 3.9, "labels_count": 5426, "reviews_count": 230}, "organic_certification_id": null, "certified_biodynamic": null, "image": {"location": "//images.vivino.com/thumbs/19VxhCsoRWGxX8UESPx57Q_pl_480x640.png", "variations": {"bottle_large": "//images.vivino.com/thumbs/19VxhCsoRWGxX8UESPx57Q_pb_x960.png", "bottle_medium": "//images.vivino.com/thumbs/19VxhCsoRWGxX8UESPx57Q_pb_x600.png", "bottle_medium_square": "//images.vivino.com/thumbs/19VxhCsoRWGxX8UESPx57Q_pb_600x600.png", "bottle_small": "//images.vivino.com/thumbs/19VxhCsoRWGxX8UESPx57Q_pb_x300.png", "bottle_small_square": "//images.vivino.com/thumbs/19VxhCsoRWGxX8UESPx57Q_pb_300x300.png", "label": "//images.vivino.com/thumbs/19VxhCsoRWGxX8UESPx57Q_pl_480x640.png", "label_large": "//images.vivino.com/thumbs/19VxhCsoRWGxX8UESPx57Q_pl_375x500.png", "label_medium": "//images.vivino.com/thumbs/19VxhCsoRWGxX8UESPx57Q_pl_150x200.png", "label_medium_square": "//images.vivino.com/thumbs/19VxhCsoRWGxX8UESPx57Q_pl_150x150.png", "label_small_square": "//images.vivino.com/thumbs/19VxhCsoRWGxX8UESPx57Q_pl_80x80.png", "large": "//images.vivino.com/thumbs/19VxhCsoRWGxX8UESPx57Q_pl_375x500.png", "medium": "//images.vivino.com/thumbs/19VxhCsoRWGxX8UESPx57Q_pl_150x200.png", "medium_square": "//images.vivino.com/thumbs/19VxhCsoRWGxX8UESPx57Q_pl_150x150.png", "small_square": "//images.vivino.com/thumbs/19VxhCsoRWGxX8UESPx57Q_pl_80x80.png"}}, "wine": {"id": 3946189, "name": "Chardonnay", "seo_name": "chardonnay", "type_id": 2, "vintage_type": 0, "is_natural": false, "region": {"id": 3009, "name": "Vin de France", "name_en": "Vin de Table", "seo_name": "vin-de-pays-vignobles-de-france", "country": {"code": "fr", "name": "Frankreich", "native_name": "France", "seo_name": "france", "currency": {"code": "EUR", "name": "Euros", "prefix": "\u20ac", "suffix": null}, "regions_count": 1291, "users_count": 4913559, "wines_count": 537022, "wineries_count": 66898, "most_used_grapes": [{"id": 14, "name": "Pinot Noir", "seo_name": "pinot-noir", "has_detailed_info": true, "wines_count": 565547}, {"id": 10, "name": "Merlot", "seo_name": "merlot", "has_detailed_info": true, "wines_count": 560926}, {"id": 5, "name": "Chardonnay", "seo_name": "chardonnay", "has_detailed_info": true, "wines_count": 597329}]}, "parent_id": null, "background_image": {"location": "//images.vivino.com/regions/backgrounds/50RQyI8kSxCUxXanviGV9g.jpg", "variations": {"large": "//thumbs.vivino.com/region_backgrounds/50RQyI8kSxCUxXanviGV9g_1280x760.jpg", "medium": "//thumbs.vivino.com/region_backgrounds/50RQyI8kSxCUxXanviGV9g_600x356.jpg"}}, "class": {"typecast_map": {"background_image": {}, "class": {}}}, "statistics": {"wineries_count": 1864, "wines_count": 19813, "sub_regions_count": 0, "parent_regions_count": 0}}, "review_status": 2, "winery": {"id": 199733, "name": "Maison de La Villette", "seo_name": "la-villette", "status": 0, "review_status": "Completed", "background_image": null, "statistics": {"ratings_count": 8191, "ratings_average": 3.8, "labels_count": 72100, "wines_count": 13}, "region": {"id": 3009, "name": "Vin de France", "name_en": "Vin de Table", "seo_name": "vin-de-pays-vignobles-de-france", "country": {"code": "fr", "name": "Frankreich", "native_name": "France", "seo_name": "france", "currency": {"code": "EUR", "name": "Euros", "prefix": "\u20ac", "suffix": null}, "regions_count": 1291, "users_count": 4913559, "wines_count": 537022, "wineries_count": 66898, "most_used_grapes": [{"id": 14, "name": "Pinot Noir", "seo_name": "pinot-noir", "has_detailed_info": true, "wines_count": 565547}, {"id": 10, "name": "Merlot", "seo_name": "merlot", "has_detailed_info": true, "wines_count": 560926}, {"id": 5, "name": "Chardonnay", "seo_name": "chardonnay", "has_detailed_info": true, "wines_count": 597329}]}, "parent_id": null, "background_image": {"location": "//images.vivino.com/regions/backgrounds/50RQyI8kSxCUxXanviGV9g.jpg", "variations": {"large": "//thumbs.vivino.com/region_backgrounds/50RQyI8kSxCUxXanviGV9g_1280x760.jpg", "medium": "//thumbs.vivino.com/region_backgrounds/50RQyI8kSxCUxXanviGV9g_600x356.jpg"}}, "class": {"typecast_map": {"background_image": {}, "class": {}}}, "statistics": {"wineries_count": 1864, "wines_count": 19813, "sub_regions_count": 0, "parent_regions_count": 0}}, "business_name": "Maison de La Villette", "description": "", "specialists_notes": "", "phone": "", "email": "", "facebook": "", "instagram": "", "is_claimed": false, "twitter": "", "website": "", "winemaker": "Maison de la Villette", "wine_maker": {"id": 9288, "name": "Maison de la Villette"}, "address": {"title": null, "name": null, "street": null, "street2": null, "neighborhood": null, "city": null, "zip": null, "state": null, "country": {"code": "fr", "name": "Frankreich", "native_name": "France", "seo_name": "france", "currency": {"code": "EUR", "name": "Euros", "prefix": "\u20ac", "suffix": null}, "regions_count": 1291, "users_count": 4913559, "wines_count": 537022, "wineries_count": 66898, "most_used_grapes": [{"id": 14, "name": "Pinot Noir", "seo_name": "pinot-noir", "has_detailed_info": true, "wines_count": 565547}, {"id": 10, "name": "Merlot", "seo_name": "merlot", "has_detailed_info": true, "wines_count": 560926}, {"id": 5, "name": "Chardonnay", "seo_name": "chardonnay", "has_detailed_info": true, "wines_count": 597329}]}, "company": null, "phone": null, "external_id": null, "residential": null, "vat_number": null, "vat_code": null, "addition": null}, "image": null, "location": null, "winery_group": null, "first_wines": [], "sponsored_entity_type": null, "sponsored_entity": null}, "statistics": {"status": "Normal", "ratings_count": 3254, "ratings_average": 3.9, "labels_count": 24315, "vintages_count": 18}, "rank": {"country": {"description": "Rang von Frankreich", "total": 314254, "rank": 12932}, "region": {"description": "Rang von Weinregion", "total": 6452, "rank": 129}, "winery": {"description": "Rang vom Weingut", "total": 13, "rank": 1}, "wine_type": {"description": "Rang in allen Wei\u00dfwein", "total": 394049, "rank": 10564}, "global": {"description": "Weltweiter Rang", "total": 1287357, "rank": 48470}}, "hidden": false, "vintages": [{"id": 162897635, "seo_name": "la-villette-chardonnay-2020", "name": "Maison de La Villette Chardonnay 2020", "statistics": {"status": "Normal", "ratings_count": 13, "ratings_average": 3.9, "labels_count": 149, "reviews_count": 6}, "year": 2020, "grapes": null, "has_valid_ratings": true}, {"id": 160797497, "seo_name": "la-villette-chardonnay-2019", "name": "Maison de La Villette Chardonnay 2019", "statistics": {"status": "Normal", "ratings_count": 533, "ratings_average": 3.9, "labels_count": 5426, "reviews_count": 230}, "year": 2019, "grapes": null, "has_valid_ratings": true}, {"id": 156200833, "seo_name": "la-villette-chardonnay-2018", "name": "Maison de La Villette Chardonnay 2018", "statistics": {"status": "Normal", "ratings_count": 993, "ratings_average": 3.9, "labels_count": 8376, "reviews_count": 413}, "year": 2018, "grapes": null, "has_valid_ratings": true}, {"id": 153010556, "seo_name": "la-villette-chardonnay-2017", "name": "Maison de La Villette Chardonnay 2017", "statistics": {"status": "Normal", "ratings_count": 598, "ratings_average": 4, "labels_count": 4400, "reviews_count": 237}, "year": 2017, "grapes": null, "has_valid_ratings": true}, {"id": 103782146, "seo_name": "la-villette-chardonnay-2016", "name": "Maison de La Villette Chardonnay 2016", "statistics": {"status": "Normal", "ratings_count": 271, "ratings_average": 3.8, "labels_count": 1850, "reviews_count": 95}, "year": 2016, "grapes": null, "has_valid_ratings": true}, {"id": 77873379, "seo_name": "la-villette-chardonnay-2015", "name": "Maison de La Villette Chardonnay 2015", "statistics": {"status": "Normal", "ratings_count": 407, "ratings_average": 3.8, "labels_count": 2358, "reviews_count": 148}, "year": 2015, "grapes": null, "has_valid_ratings": true}, {"id": 64528660, "seo_name": "la-villette-chardonnay-2014", "name": "Maison de La Villette Chardonnay 2014", "statistics": {"status": "Normal", "ratings_count": 207, "ratings_average": 3.9, "labels_count": 1233, "reviews_count": 73}, "year": 2014, "grapes": null, "has_valid_ratings": true}, {"id": 67737466, "seo_name": "la-villette-chardonnay-2013", "name": "Maison de La Villette Chardonnay 2013", "statistics": {"status": "Normal", "ratings_count": 19, "ratings_average": 4.2, "labels_count": 269, "reviews_count": 7}, "year": 2013, "grapes": null, "has_valid_ratings": true}, {"id": 120819633, "seo_name": "la-villette-chardonnay-2012", "name": "Maison de La Villette Chardonnay 2012", "statistics": {"status": "BelowThreshold", "ratings_count": 2, "ratings_average": 0, "labels_count": 8, "reviews_count": 1}, "year": 2012, "grapes": null, "has_valid_ratings": false}, {"id": 112181860, "seo_name": "la-villette-chardonnay-2011", "name": "Maison de La Villette Chardonnay 2011", "statistics": {"status": "BelowThreshold", "ratings_count": 1, "ratings_average": 0, "labels_count": 20, "reviews_count": 0}, "year": 2011, "grapes": null, "has_valid_ratings": false}, {"id": 146601099, "seo_name": "la-villette-chardonnay-2010", "name": "Maison de La Villette Chardonnay 2010", "statistics": {"status": "Normal", "ratings_count": 17, "ratings_average": 3.9, "labels_count": 142, "reviews_count": 4}, "year": 2010, "grapes": null, "has_valid_ratings": true}, {"id": 143907336, "seo_name": "la-villette-chardonnay-2001", "name": "Maison de La Villette Chardonnay 2001", "statistics": {"status": "BelowThreshold", "ratings_count": 1, "ratings_average": 0, "labels_count": 2, "reviews_count": 0}, "year": 2001, "grapes": null, "has_valid_ratings": false}, {"id": 64528661, "seo_name": "la-villette-chardonnay-uv", "name": "Maison de La Villette Chardonnay", "statistics": {"status": "Normal", "ratings_count": 3254, "ratings_average": 3.9, "labels_count": 10, "reviews_count": 73}, "year": 0, "grapes": null, "has_valid_ratings": true}], "description": "", "grapes": [{"id": 5, "name": "Chardonnay", "seo_name": "chardonnay", "has_detailed_info": true, "wines_count": 597329}], "foods": [{"id": 10, "name": "Schweinefleisch", "background_image": {"location": "//images.vivino.com/backgrounds/foods/10_pork.png", "variations": {"small": "//images.vivino.com/backgrounds/foods/thumbs/10_pork_932x810.png"}}, "seo_name": "pork"}, {"id": 12, "name": "Fetthaltiger Fisch (Lachs, Thunfisch etc.)", "background_image": {"location": "//images.vivino.com/backgrounds/foods/12_richfish.png", "variations": {"small": "//images.vivino.com/backgrounds/foods/thumbs/12_richfish_932x810.png"}}, "seo_name": null}, {"id": 19, "name": "Vegetarische Gerichte", "background_image": {"location": "//images.vivino.com/backgrounds/foods/19_vegetarian.png", "variations": {"small": "//images.vivino.com/backgrounds/foods/thumbs/19_vegetarian_932x810.png"}}, "seo_name": "vegetarian"}, {"id": 20, "name": "Gefl\u00fcgel", "background_image": {"location": "//images.vivino.com/backgrounds/foods/20_chicken.png", "variations": {"small": "//images.vivino.com/backgrounds/foods/thumbs/20_chicken_932x810.png"}}, "seo_name": "poultry"}], "non_vintage": false, "alcohol": 13, "sweetness_id": null, "closure": null, "vintage_mask_raw": null, "updated_at": "2021-06-03T20:23:37Z", "created_at": "2015-11-28T18:39:57Z", "is_first_wine": false, "style": null, "has_valid_ratings": true}, "description": "", "expert_reviews": null, "wine_critic_reviews": [], "awards": [], "ratings_distribution": {"1": 3, "2": 11, "3": 159, "4": 309, "5": 51}, "ranking": {"country": {"description": "Rang von Frankreich", "total": 2463361, "rank": 112253}, "region": {"description": "Rang von Weinregion", "total": 32581, "rank": 873}, "winery": {"description": "Rang vom Weingut", "total": 112, "rank": 6}, "global": {"description": "Weltweiter Rang", "total": 8824776, "rank": 421282}}, "wine_facts": {"alcohol": 13.5, "contains_milk_allergens": false, "contains_egg_allergens": false, "drink_until": 2023}, "winemaker": null, "wine_maker": null, "grape_composition": {"5": 100}, "year": 2019, "grapes": [{"id": 5, "name": "Chardonnay", "seo_name": "chardonnay", "has_detailed_info": true, "wines_count": 597329}], "has_valid_ratings": true}, "carts": null, "price_range": {"currency": {"code": "EUR", "name": "Euros", "prefix": "\u20ac", "suffix": null}, "price_range": {"minimum": 0, "maximum": 500, "currency_code": "EUR"}, "defaults": {"minimum": 7, "maximum": 30, "currency_code": "EUR"}}, "subtotal_price": null, "full_region": null, "tastes": null, "wine": {"id": 3946189, "name": "Chardonnay", "seo_name": "chardonnay", "type_id": 2, "vintage_type": 0, "is_natural": false, "region": {"id": 3009, "name": "Vin de France", "name_en": "Vin de Table", "seo_name": "vin-de-pays-vignobles-de-france", "country": {"code": "fr", "name": "Frankreich", "native_name": "France", "seo_name": "france", "currency": {"code": "EUR", "name": "Euros", "prefix": "\u20ac", "suffix": null}, "regions_count": 1291, "users_count": 4913559, "wines_count": 537022, "wineries_count": 66898, "most_used_grapes": [{"id": 14, "name": "Pinot Noir", "seo_name": "pinot-noir", "has_detailed_info": true, "wines_count": 565547}, {"id": 10, "name": "Merlot", "seo_name": "merlot", "has_detailed_info": true, "wines_count": 560926}, {"id": 5, "name": "Chardonnay", "seo_name": "chardonnay", "has_detailed_info": true, "wines_count": 597329}]}, "parent_id": null, "background_image": {"location": "//images.vivino.com/regions/backgrounds/50RQyI8kSxCUxXanviGV9g.jpg", "variations": {"large": "//thumbs.vivino.com/region_backgrounds/50RQyI8kSxCUxXanviGV9g_1280x760.jpg", "medium": "//thumbs.vivino.com/region_backgrounds/50RQyI8kSxCUxXanviGV9g_600x356.jpg"}}, "class": {"typecast_map": {"background_image": {}, "class": {}}}, "statistics": {"wineries_count": 1864, "wines_count": 19813, "sub_regions_count": 0, "parent_regions_count": 0}}, "review_status": 2, "winery": {"id": 199733, "name": "Maison de La Villette", "seo_name": "la-villette", "status": 0, "review_status": "Completed", "background_image": null, "statistics": {"ratings_count": 8191, "ratings_average": 3.8, "labels_count": 72100, "wines_count": 13}, "region": {"id": 3009, "name": "Vin de France", "name_en": "Vin de Table", "seo_name": "vin-de-pays-vignobles-de-france", "country": {"code": "fr", "name": "Frankreich", "native_name": "France", "seo_name": "france", "currency": {"code": "EUR", "name": "Euros", "prefix": "\u20ac", "suffix": null}, "regions_count": 1291, "users_count": 4913559, "wines_count": 537022, "wineries_count": 66898, "most_used_grapes": [{"id": 14, "name": "Pinot Noir", "seo_name": "pinot-noir", "has_detailed_info": true, "wines_count": 565547}, {"id": 10, "name": "Merlot", "seo_name": "merlot", "has_detailed_info": true, "wines_count": 560926}, {"id": 5, "name": "Chardonnay", "seo_name": "chardonnay", "has_detailed_info": true, "wines_count": 597329}]}, "parent_id": null, "background_image": {"location": "//images.vivino.com/regions/backgrounds/50RQyI8kSxCUxXanviGV9g.jpg", "variations": {"large": "//thumbs.vivino.com/region_backgrounds/50RQyI8kSxCUxXanviGV9g_1280x760.jpg", "medium": "//thumbs.vivino.com/region_backgrounds/50RQyI8kSxCUxXanviGV9g_600x356.jpg"}}, "class": {"typecast_map": {"background_image": {}, "class": {}}}, "statistics": {"wineries_count": 1864, "wines_count": 19813, "sub_regions_count": 0, "parent_regions_count": 0}}, "business_name": "Maison de La Villette", "description": "", "specialists_notes": "", "phone": "", "email": "", "facebook": "", "instagram": "", "is_claimed": false, "twitter": "", "website": "", "winemaker": "Maison de la Villette", "wine_maker": {"id": 9288, "name": "Maison de la Villette"}, "address": {"title": null, "name": null, "street": null, "street2": null, "neighborhood": null, "city": null, "zip": null, "state": null, "country": {"code": "fr", "name": "Frankreich", "native_name": "France", "seo_name": "france", "currency": {"code": "EUR", "name": "Euros", "prefix": "\u20ac", "suffix": null}, "regions_count": 1291, "users_count": 4913559, "wines_count": 537022, "wineries_count": 66898, "most_used_grapes": [{"id": 14, "name": "Pinot Noir", "seo_name": "pinot-noir", "has_detailed_info": true, "wines_count": 565547}, {"id": 10, "name": "Merlot", "seo_name": "merlot", "has_detailed_info": true, "wines_count": 560926}, {"id": 5, "name": "Chardonnay", "seo_name": "chardonnay", "has_detailed_info": true, "wines_count": 597329}]}, "company": null, "phone": null, "external_id": null, "residential": null, "vat_number": null, "vat_code": null, "addition": null}, "image": null, "location": null, "winery_group": null, "first_wines": [], "sponsored_entity_type": null, "sponsored_entity": null}, "statistics": {"status": "Normal", "ratings_count": 3254, "ratings_average": 3.9, "labels_count": 24315, "vintages_count": 18}, "rank": {"country": {"description": "Rang von Frankreich", "total": 314254, "rank": 12932}, "region": {"description": "Rang von Weinregion", "total": 6452, "rank": 129}, "winery": {"description": "Rang vom Weingut", "total": 13, "rank": 1}, "wine_type": {"description": "Rang in allen Wei\u00dfwein", "total": 394049, "rank": 10564}, "global": {"description": "Weltweiter Rang", "total": 1287357, "rank": 48470}}, "hidden": false, "vintages": [{"id": 162897635, "seo_name": "la-villette-chardonnay-2020", "name": "Maison de La Villette Chardonnay 2020", "statistics": {"status": "Normal", "ratings_count": 13, "ratings_average": 3.9, "labels_count": 149, "reviews_count": 6}, "year": 2020, "grapes": null, "has_valid_ratings": true}, {"id": 160797497, "seo_name": "la-villette-chardonnay-2019", "name": "Maison de La Villette Chardonnay 2019", "statistics": {"status": "Normal", "ratings_count": 533, "ratings_average": 3.9, "labels_count": 5426, "reviews_count": 230}, "year": 2019, "grapes": null, "has_valid_ratings": true}, {"id": 156200833, "seo_name": "la-villette-chardonnay-2018", "name": "Maison de La Villette Chardonnay 2018", "statistics": {"status": "Normal", "ratings_count": 993, "ratings_average": 3.9, "labels_count": 8376, "reviews_count": 413}, "year": 2018, "grapes": null, "has_valid_ratings": true}, {"id": 153010556, "seo_name": "la-villette-chardonnay-2017", "name": "Maison de La Villette Chardonnay 2017", "statistics": {"status": "Normal", "ratings_count": 598, "ratings_average": 4, "labels_count": 4400, "reviews_count": 237}, "year": 2017, "grapes": null, "has_valid_ratings": true}, {"id": 103782146, "seo_name": "la-villette-chardonnay-2016", "name": "Maison de La Villette Chardonnay 2016", "statistics": {"status": "Normal", "ratings_count": 271, "ratings_average": 3.8, "labels_count": 1850, "reviews_count": 95}, "year": 2016, "grapes": null, "has_valid_ratings": true}, {"id": 77873379, "seo_name": "la-villette-chardonnay-2015", "name": "Maison de La Villette Chardonnay 2015", "statistics": {"status": "Normal", "ratings_count": 407, "ratings_average": 3.8, "labels_count": 2358, "reviews_count": 148}, "year": 2015, "grapes": null, "has_valid_ratings": true}, {"id": 64528660, "seo_name": "la-villette-chardonnay-2014", "name": "Maison de La Villette Chardonnay 2014", "statistics": {"status": "Normal", "ratings_count": 207, "ratings_average": 3.9, "labels_count": 1233, "reviews_count": 73}, "year": 2014, "grapes": null, "has_valid_ratings": true}, {"id": 67737466, "seo_name": "la-villette-chardonnay-2013", "name": "Maison de La Villette Chardonnay 2013", "statistics": {"status": "Normal", "ratings_count": 19, "ratings_average": 4.2, "labels_count": 269, "reviews_count": 7}, "year": 2013, "grapes": null, "has_valid_ratings": true}, {"id": 120819633, "seo_name": "la-villette-chardonnay-2012", "name": "Maison de La Villette Chardonnay 2012", "statistics": {"status": "BelowThreshold", "ratings_count": 2, "ratings_average": 0, "labels_count": 8, "reviews_count": 1}, "year": 2012, "grapes": null, "has_valid_ratings": false}, {"id": 112181860, "seo_name": "la-villette-chardonnay-2011", "name": "Maison de La Villette Chardonnay 2011", "statistics": {"status": "BelowThreshold", "ratings_count": 1, "ratings_average": 0, "labels_count": 20, "reviews_count": 0}, "year": 2011, "grapes": null, "has_valid_ratings": false}, {"id": 146601099, "seo_name": "la-villette-chardonnay-2010", "name": "Maison de La Villette Chardonnay 2010", "statistics": {"status": "Normal", "ratings_count": 17, "ratings_average": 3.9, "labels_count": 142, "reviews_count": 4}, "year": 2010, "grapes": null, "has_valid_ratings": true}, {"id": 143907336, "seo_name": "la-villette-chardonnay-2001", "name": "Maison de La Villette Chardonnay 2001", "statistics": {"status": "BelowThreshold", "ratings_count": 1, "ratings_average": 0, "labels_count": 2, "reviews_count": 0}, "year": 2001, "grapes": null, "has_valid_ratings": false}, {"id": 64528661, "seo_name": "la-villette-chardonnay-uv", "name": "Maison de La Villette Chardonnay", "statistics": {"status": "Normal", "ratings_count": 3254, "ratings_average": 3.9, "labels_count": 10, "reviews_count": 73}, "year": 0, "grapes": null, "has_valid_ratings": true}], "description": "", "grapes": [{"id": 5, "name": "Chardonnay", "seo_name": "chardonnay", "has_detailed_info": true, "wines_count": 597329}], "foods": [{"id": 10, "name": "Schweinefleisch", "background_image": {"location": "//images.vivino.com/backgrounds/foods/10_pork.png", "variations": {"small": "//images.vivino.com/backgrounds/foods/thumbs/10_pork_932x810.png"}}, "seo_name": "pork"}, {"id": 12, "name": "Fetthaltiger Fisch (Lachs, Thunfisch etc.)", "background_image": {"location": "//images.vivino.com/backgrounds/foods/12_richfish.png", "variations": {"small": "//images.vivino.com/backgrounds/foods/thumbs/12_richfish_932x810.png"}}, "seo_name": null}, {"id": 19, "name": "Vegetarische Gerichte", "background_image": {"location": "//images.vivino.com/backgrounds/foods/19_vegetarian.png", "variations": {"small": "//images.vivino.com/backgrounds/foods/thumbs/19_vegetarian_932x810.png"}}, "seo_name": "vegetarian"}, {"id": 20, "name": "Gefl\u00fcgel", "background_image": {"location": "//images.vivino.com/backgrounds/foods/20_chicken.png", "variations": {"small": "//images.vivino.com/backgrounds/foods/thumbs/20_chicken_932x810.png"}}, "seo_name": "poultry"}], "non_vintage": false, "alcohol": 13, "sweetness_id": null, "closure": null, "vintage_mask_raw": null, "updated_at": "2021-06-03T20:23:37Z", "created_at": "2015-11-28T18:39:57Z", "is_first_wine": false, "style": null, "has_valid_ratings": true}, "price": {"id": 23272467, "vintage_id": 160797497, "amount": 6.2, "type": "vc", "currency": {"code": "EUR", "name": "Euros", "prefix": "\u20ac", "suffix": null}, "bottle_type_id": 1, "inventory_bottles_count": 89, "bottles_sold_count": 183, "url": "https://www.billigerweinkaufen.de/maison-de-la-villette-chardonnay/?utm_medium=pref-cpc&utm_source=vivino-ppc", "message": "", "producer_address": "La Villette", "importer_address": "Weinliebe GmbH, Eichholzhof, 45149 Essen, Deutschland", "discounted_from": null, "bottle_type": {"id": 1, "name": "Flasche (0,75\u00a0l)", "short_name": "Flasche", "short_name_plural": "Flaschen", "volume_ml": 750}}, "highlights": [], "merchant": {"id": 1703, "name": "Billigerweinkaufen.de", "seo_name": "billigerweinkaufen-de", "legal_name": "Weinliebe GmbH", "description": "Versandkostenfrei f\u00fcr Bestellungen ab 80 EUR", "country": {"code": "de", "name": "Deutschland", "native_name": "Deutschland", "seo_name": "germany", "currency": {"code": "EUR", "name": "Euros", "prefix": "\u20ac", "suffix": null}, "regions_count": 210, "users_count": 2117308, "wines_count": 197796, "wineries_count": 13493, "most_used_grapes": [{"id": 15, "name": "Riesling", "seo_name": "riesling", "has_detailed_info": true, "wines_count": 259925}, {"id": 299, "name": "Sp\u00e4tburgunder", "seo_name": "spatburgunder", "has_detailed_info": false, "wines_count": 49659}, {"id": 355, "name": "Weissburgunder", "seo_name": "weissburgunder", "has_detailed_info": false, "wines_count": 33123}]}, "state": null, "status": 3, "image": {"location": "//images.vivino.com/merchants/originals/p1cqtbv100001l7.jpg", "variations": {"large_square": "//images.vivino.com/merchants/thumbs/p1cqtbv100001l7_400x400.jpg", "medium_square": "//images.vivino.com/merchants/thumbs/p1cqtbv100001l7_320x320.jpg", "small_square": "//images.vivino.com/merchants/thumbs/p1cqtbv100001l7_160x160.jpg"}}, "shipping_estimate": "Lieferung voraussichtlich zwischen Di, 21.\u00a0Dez und Mi, 29.\u00a0Dez", "impressum_url": "https://www.billigerweinkaufen.de/impressum", "tos_url": "https://www.billigerweinkaufen.de/agb", "vc_clearing_system": 0, "hidden": false}, "sold_out": false, "prices_and_availability": {"market": {"country": "de", "currency": {"code": "EUR", "name": "Euros", "prefix": "\u20ac", "suffix": null}}, "availability": {"vintage": {"id": 160797497, "year": 2019, "grapes": null, "has_valid_ratings": false}, "median": {"amount": 6.6, "type": "market", "discounted_from": null}, "price": {"id": 23272467, "amount": 6.2, "discounted_from": 0.0, "type": "vc"}}, "merchants_with_prices": [{"merchant": {"id": 1703, "name": "Billigerweinkaufen.de", "seo_name": "billigerweinkaufen-de", "legal_name": "Weinliebe GmbH", "description": "Versandkostenfrei f\u00fcr Bestellungen ab 80 EUR", "country": {"code": "de", "name": "Deutschland", "native_name": "Deutschland", "seo_name": "germany", "currency": {"code": "EUR", "name": "Euros", "prefix": "\u20ac", "suffix": null}, "regions_count": 210, "users_count": 2117308, "wines_count": 197796, "wineries_count": 13493, "most_used_grapes": [{"id": 15, "name": "Riesling", "seo_name": "riesling", "has_detailed_info": true, "wines_count": 259925}, {"id": 299, "name": "Sp\u00e4tburgunder", "seo_name": "spatburgunder", "has_detailed_info": false, "wines_count": 49659}, {"id": 355, "name": "Weissburgunder", "seo_name": "weissburgunder", "has_detailed_info": false, "wines_count": 33123}]}, "state": null, "status": 3, "image": {"location": "//images.vivino.com/merchants/originals/p1cqtbv100001l7.jpg", "variations": {"large_square": "//images.vivino.com/merchants/thumbs/p1cqtbv100001l7_400x400.jpg", "medium_square": "//images.vivino.com/merchants/thumbs/p1cqtbv100001l7_320x320.jpg", "small_square": "//images.vivino.com/merchants/thumbs/p1cqtbv100001l7_160x160.jpg"}}, "shipping_estimate": "Lieferung voraussichtlich zwischen Di, 21.\u00a0Dez und Mi, 29.\u00a0Dez", "impressum_url": "https://www.billigerweinkaufen.de/impressum", "tos_url": "https://www.billigerweinkaufen.de/agb", "vc_clearing_system": 0, "hidden": false}, "prices": [{"id": 23272467, "vintage_id": 160797497, "amount": 6.2, "type": "vc", "currency": {"code": "EUR", "name": "Euros", "prefix": "\u20ac", "suffix": null}, "bottle_type_id": 1, "inventory_bottles_count": 89, "bottles_sold_count": 183, "url": "https://www.billigerweinkaufen.de/maison-de-la-villette-chardonnay/?utm_medium=pref-cpc&utm_source=vivino-ppc", "message": "", "producer_address": "La Villette", "importer_address": "Weinliebe GmbH, Eichholzhof, 45149 Essen, Deutschland", "discounted_from": null, "bottle_type": {"id": 1, "name": "Flasche (0,75\u00a0l)", "short_name": "Flasche", "short_name_plural": "Flaschen", "volume_ml": 750}}]}, {"merchant": {"id": 17581, "name": "Vineshop24", "seo_name": "vineshop24", "legal_name": "Vineshop24 GmbH & Co. KG", "description": "Versandkostenfrei f\u00fcr Bestellungen ab 80 EUR", "country": {"code": "de", "name": "Deutschland", "native_name": "Deutschland", "seo_name": "germany", "currency": {"code": "EUR", "name": "Euros", "prefix": "\u20ac", "suffix": null}, "regions_count": 210, "users_count": 2117308, "wines_count": 197796, "wineries_count": 13493, "most_used_grapes": [{"id": 15, "name": "Riesling", "seo_name": "riesling", "has_detailed_info": true, "wines_count": 259925}, {"id": 299, "name": "Sp\u00e4tburgunder", "seo_name": "spatburgunder", "has_detailed_info": false, "wines_count": 49659}, {"id": 355, "name": "Weissburgunder", "seo_name": "weissburgunder", "has_detailed_info": false, "wines_count": 33123}]}, "state": null, "status": 3, "image": {"location": "//images.vivino.com/merchants/originals/p1ei8m730000h5d.png", "variations": {"large_square": "//images.vivino.com/merchants/thumbs/p1ei8m730000h5d_400x400.jpg", "medium_square": "//images.vivino.com/merchants/thumbs/p1ei8m730000h5d_320x320.jpg", "small_square": "//images.vivino.com/merchants/thumbs/p1ei8m730000h5d_160x160.jpg"}}, "shipping_estimate": "Lieferung voraussichtlich zwischen Di, 21.\u00a0Dez und Do, 23.\u00a0Dez", "impressum_url": "https://www.vineshop24.de/info/impressum.html", "tos_url": "https://www.vineshop24.de/info/allgemeine-geschaeftsbedingungen.html", "vc_clearing_system": 0, "hidden": false}, "prices": [{"id": 23488323, "vintage_id": 160797497, "amount": 6.6000000000000005, "type": "vc", "currency": {"code": "EUR", "name": "Euros", "prefix": "\u20ac", "suffix": null}, "bottle_type_id": 1, "inventory_bottles_count": 1469, "bottles_sold_count": 29, "url": "https://www.vineshop24.de/weine-aus-aller-welt/frankreich/languedoc-roussillon/la-villette-chardonnay-vdf.html?utm_medium=pref-cpc&utm_source=vivino-ppc", "message": "Preis f\u00fcr 6 oder mehr Flaschen. (Preis \u20ac6.90 einzelne Flasche)", "producer_address": "Badet Clement, 10, rue Lavoisier, 21700 Nuits-Saint-Georges, Frankreich", "importer_address": "", "discounted_from": null, "bottle_type": {"id": 1, "name": "Flasche (0,75\u00a0l)", "short_name": "Flasche", "short_name_plural": "Flaschen", "volume_ml": 750}}]}, {"merchant": {"id": 364, "name": "Wijnhandel de Haas", "seo_name": "wijnhandel-de-haas", "legal_name": null, "description": "Mobile-friendly checkout. Minimum order of 6 bottles.", "country": {"code": "nl", "name": "Niederlande", "native_name": "Nederland", "seo_name": "netherlands", "currency": {"code": "EUR", "name": "Euros", "prefix": "\u20ac", "suffix": null}, "regions_count": 19, "users_count": 2093336, "wines_count": 1677, "wineries_count": 293, "most_used_grapes": [{"id": 1073, "name": "Johanniter", "seo_name": "johanniter", "has_detailed_info": false, "wines_count": 2820}, {"id": 285, "name": "Regent", "seo_name": "regent", "has_detailed_info": false, "wines_count": 6973}, {"id": 658, "name": "Solaris", "seo_name": "solaris", "has_detailed_info": false, "wines_count": 4684}]}, "state": null, "status": 0, "image": null, "shipping_estimate": "Lieferung bis Mi, 22.\u00a0Dez", "impressum_url": null, "tos_url": null, "vc_clearing_system": 0, "hidden": false}, "prices": [{"id": 22998869, "vintage_id": 160797497, "amount": 6.95, "type": "ppc", "currency": {"code": "EUR", "name": "Euros", "prefix": "\u20ac", "suffix": null}, "bottle_type_id": 1, "inventory_bottles_count": null, "url": "https://www.wijnhandeldehaas.nl/duitsland/la-villette-chardonnay.php?utm_medium=pref-cpc&utm_source=vivino-ppc", "message": "", "producer_address": "", "importer_address": "", "discounted_from": null, "bottle_type": {"id": 1, "name": "Flasche (0,75\u00a0l)", "short_name": "Flasche", "short_name_plural": "Flaschen", "volume_ml": 750}}]}, {"merchant": {"id": 675, "name": "Wijnenwereld", "seo_name": "wijnenwereld", "legal_name": null, "description": "Mobile friendly checkout. No minimum order.", "country": {"code": "nl", "name": "Niederlande", "native_name": "Nederland", "seo_name": "netherlands", "currency": {"code": "EUR", "name": "Euros", "prefix": "\u20ac", "suffix": null}, "regions_count": 19, "users_count": 2093336, "wines_count": 1677, "wineries_count": 293, "most_used_grapes": [{"id": 1073, "name": "Johanniter", "seo_name": "johanniter", "has_detailed_info": false, "wines_count": 2820}, {"id": 285, "name": "Regent", "seo_name": "regent", "has_detailed_info": false, "wines_count": 6973}, {"id": 658, "name": "Solaris", "seo_name": "solaris", "has_detailed_info": false, "wines_count": 4684}]}, "state": null, "status": 0, "image": null, "shipping_estimate": "Lieferung bis Mi, 22.\u00a0Dez", "impressum_url": null, "tos_url": null, "vc_clearing_system": 0, "hidden": false}, "prices": [{"id": 23459434, "vintage_id": 160797497, "amount": 6.95, "type": "ppc", "currency": {"code": "EUR", "name": "Euros", "prefix": "\u20ac", "suffix": null}, "bottle_type_id": 1, "inventory_bottles_count": null, "url": "https://www.wijnenwereld.nl/winkel/la-villette-chardonnay/?utm_medium=pref-cpc&utm_source=vivino-ppc", "message": "", "producer_address": "", "importer_address": "", "discounted_from": null, "bottle_type": {"id": 1, "name": "Flasche (0,75\u00a0l)", "short_name": "Flasche", "short_name_plural": "Flaschen", "volume_ml": 750}}]}]}, "found_by_merchant_and_sku": null, "is_deal_page": false}