{"tastes": {"structure": {"acidity": 3.233625, "fizziness": null, "intensity": 3.87625, "sweetness": 1.9805, "tannin": null, "user_structure_count": 1, "calculated_structure_count": 6}, "flavor": [{"group": "citrus_fruit", "stats": {"count": 6, "score": 700, "mentions_count": 7}, "primary_keywords": [{"id": 106, "name": "citrus", "count": 6}, {"id": 246, "name": "lemon peel", "count": 1}]}, {"group": "spices", "stats": {"count": 5, "score": 600, "mentions_count": 6}, "primary_keywords": [{"id": 416, "name": "thyme", "count": 3}, {"id": 277, "name": "mint", "count": 2}, {"id": 449, "name": "white pepper", "count": 1}]}, {"group": "vegetal", "stats": {"count": 4, "score": 600, "mentions_count": 6}, "primary_keywords": [{"id": 185, "name": "gooseberry", "count": 3}, {"id": 468, "name": "cat's pee", "count": 1}, {"id": 193, "name": "grass", "count": 1}, {"id": 212, "name": "hay", "count": 1}]}, {"group": "tree_fruit", "stats": {"count": 4, "score": 500, "mentions_count": 5}, "primary_keywords": [{"id": 315, "name": "pear", "count": 1}, {"id": 271, "name": "melon", "count": 1}, {"id": 469, "name": "stone fruit", "count": 1}, {"id": 11, "name": "apricot", "count": 1}, {"id": 195, "name": "green apple", "count": 1}]}, {"group": "earth", "stats": {"count": 3, "score": 400, "mentions_count": 4}, "primary_keywords": [{"id": 276, "name": "minerals", "count": 2}, {"id": 398, "name": "stone", "count": 1}, {"id": 218, "name": "honey", "count": 1}]}, {"group": "tropical_fruit", "stats": {"count": 2, "score": 300, "mentions_count": 3}, "primary_keywords": [{"id": 304, "name": "papaya", "count": 2}, {"id": 329, "name": "pineapple", "count": 1}]}, {"group": "floral", "stats": {"count": 1, "score": 100, "mentions_count": 1}, "primary_keywords": [{"id": 157, "name": "elderflower", "count": 1}]}, {"group": "black_fruit", "stats": {"count": 1, "score": 100, "mentions_count": 1}, "primary_keywords": [{"id": 470, "name": "cassis", "count": 1}]}, {"group": "oak", "stats": {"count": 1, "score": 100, "mentions_count": 1}, "primary_keywords": [{"id": 292, "name": "oak", "count": 1}]}]}, "vivino_id": "1190713"}