{"vintage": {"id": 16349994, "seo_name": "karl-pfaffmann-weissburgunder-bischofskreuz-trocken-uv", "name": "Karl Pfaffmann Weissburgunder Bischofskreuz Trocken", "statistics": {"status": "Normal", "ratings_count": 297, "ratings_average": 3.8, "labels_count": 0, "reviews_count": 3}, "organic_certification_id": null, "certified_biodynamic": null, "image": {"location": "//images.vivino.com/thumbs/ZuqTps8hQ6Wriq1BkYzDLg_pl_480x640.png", "variations": {"bottle_large": "//images.vivino.com/thumbs/ZuqTps8hQ6Wriq1BkYzDLg_pb_x960.png", "bottle_medium": "//images.vivino.com/thumbs/ZuqTps8hQ6Wriq1BkYzDLg_pb_x600.png", "bottle_medium_square": "//images.vivino.com/thumbs/ZuqTps8hQ6Wriq1BkYzDLg_pb_600x600.png", "bottle_small": "//images.vivino.com/thumbs/ZuqTps8hQ6Wriq1BkYzDLg_pb_x300.png", "bottle_small_square": "//images.vivino.com/thumbs/ZuqTps8hQ6Wriq1BkYzDLg_pb_300x300.png", "label": "//images.vivino.com/thumbs/ZuqTps8hQ6Wriq1BkYzDLg_pl_480x640.png", "label_large": "//images.vivino.com/thumbs/ZuqTps8hQ6Wriq1BkYzDLg_pl_375x500.png", "label_medium": "//images.vivino.com/thumbs/ZuqTps8hQ6Wriq1BkYzDLg_pl_150x200.png", "label_medium_square": "//images.vivino.com/thumbs/ZuqTps8hQ6Wriq1BkYzDLg_pl_150x150.png", "label_small_square": "//images.vivino.com/thumbs/ZuqTps8hQ6Wriq1BkYzDLg_pl_80x80.png", "large": "//images.vivino.com/thumbs/ZuqTps8hQ6Wriq1BkYzDLg_pl_375x500.png", "medium": "//images.vivino.com/thumbs/ZuqTps8hQ6Wriq1BkYzDLg_pl_150x200.png", "medium_square": "//images.vivino.com/thumbs/ZuqTps8hQ6Wriq1BkYzDLg_pl_150x150.png", "small_square": "//images.vivino.com/thumbs/ZuqTps8hQ6Wriq1BkYzDLg_pl_80x80.png"}}, "wine": {"id": 2431304, "name": "Weissburgunder Bischofskreuz Trocken", "seo_name": "weissburgunder-bischofskreuz-trocken", "type_id": 2, "vintage_type": 0, "is_natural": false, "region": {"id": 649, "name": "Pfalz", "name_en": "Palatinate", "seo_name": "pfalz", "country": {"code": "de", "name": "Germany", "native_name": "Deutschland", "seo_name": "germany", "currency": {"code": "EUR", "name": "Euros", "prefix": "\u20ac", "suffix": null}, "regions_count": 210, "users_count": 2175366, "wines_count": 199914, "wineries_count": 13512, "most_used_grapes": [{"id": 15, "name": "Riesling", "seo_name": "riesling", "has_detailed_info": true, "wines_count": 262136}, {"id": 299, "name": "Sp\u00e4tburgunder", "seo_name": "spatburgunder", "has_detailed_info": false, "wines_count": 50164}, {"id": 355, "name": "Weissburgunder", "seo_name": "weissburgunder", "has_detailed_info": false, "wines_count": 33464}]}, "parent_id": null, "background_image": {"location": "//images.vivino.com/regions/backgrounds/klw147B8QSi16e-qNdUAYA.jpg", "variations": {"large": "//thumbs.vivino.com/region_backgrounds/klw147B8QSi16e-qNdUAYA_1280x760.jpg", "medium": "//thumbs.vivino.com/region_backgrounds/klw147B8QSi16e-qNdUAYA_600x356.jpg"}}, "class": {"typecast_map": {"background_image": {}, "class": {}}}, "statistics": {"wineries_count": 2245, "wines_count": 32041, "sub_regions_count": 24, "parent_regions_count": 0}}, "review_status": 2, "winery": {"id": 16587, "name": "Karl Pfaffmann", "seo_name": "karl-pfaffmann", "status": 0, "review_status": "Completed", "background_image": null, "statistics": {"ratings_count": 17102, "ratings_average": 3.8, "labels_count": 83574, "wines_count": 162}, "region": {"id": 649, "name": "Pfalz", "name_en": "Palatinate", "seo_name": "pfalz", "country": {"code": "de", "name": "Germany", "native_name": "Deutschland", "seo_name": "germany", "currency": {"code": "EUR", "name": "Euros", "prefix": "\u20ac", "suffix": null}, "regions_count": 210, "users_count": 2175366, "wines_count": 199914, "wineries_count": 13512, "most_used_grapes": [{"id": 15, "name": "Riesling", "seo_name": "riesling", "has_detailed_info": true, "wines_count": 262136}, {"id": 299, "name": "Sp\u00e4tburgunder", "seo_name": "spatburgunder", "has_detailed_info": false, "wines_count": 50164}, {"id": 355, "name": "Weissburgunder", "seo_name": "weissburgunder", "has_detailed_info": false, "wines_count": 33464}]}, "parent_id": null, "background_image": {"location": "//images.vivino.com/regions/backgrounds/klw147B8QSi16e-qNdUAYA.jpg", "variations": {"large": "//thumbs.vivino.com/region_backgrounds/klw147B8QSi16e-qNdUAYA_1280x760.jpg", "medium": "//thumbs.vivino.com/region_backgrounds/klw147B8QSi16e-qNdUAYA_600x356.jpg"}}, "class": {"typecast_map": {"background_image": {}, "class": {}}}, "statistics": {"wineries_count": 2245, "wines_count": 32041, "sub_regions_count": 24, "parent_regions_count": 0}}, "business_name": "Weingut Karl Pfaffmann", "description": "", "specialists_notes": "", "phone": "496341969130", "email": "info@karl-pfaffmann.de", "facebook": "", "instagram": "", "is_claimed": false, "twitter": "", "website": "http://www.karl-pfaffmann.de/", "winemaker": null, "wine_maker": null, "address": {"title": null, "name": null, "street": "Nussdorfer Stra\u00dfe 2 ", "street2": null, "neighborhood": null, "city": "Walsheim", "zip": "76833", "state": null, "country": {"code": "de", "name": "Germany", "native_name": "Deutschland", "seo_name": "germany", "currency": {"code": "EUR", "name": "Euros", "prefix": "\u20ac", "suffix": null}, "regions_count": 210, "users_count": 2175366, "wines_count": 199914, "wineries_count": 13512, "most_used_grapes": [{"id": 15, "name": "Riesling", "seo_name": "riesling", "has_detailed_info": true, "wines_count": 262136}, {"id": 299, "name": "Sp\u00e4tburgunder", "seo_name": "spatburgunder", "has_detailed_info": false, "wines_count": 50164}, {"id": 355, "name": "Weissburgunder", "seo_name": "weissburgunder", "has_detailed_info": false, "wines_count": 33464}]}, "company": null, "phone": null, "external_id": null, "residential": null, "vat_number": null, "vat_code": null, "addition": null}, "image": null, "location": null, "winery_group": null, "first_wines": [], "sponsored_entity_type": null, "sponsored_entity": null}, "statistics": {"status": "Normal", "ratings_count": 297, "ratings_average": 3.8, "labels_count": 1380, "vintages_count": 13}, "rank": {"country": {"description": "Rank within Germany", "total": 117618, "rank": 2001}, "region": {"description": "Rank within Wine Region", "total": 25916, "rank": 476}, "winery": {"description": "Rank within Winery", "total": 157, "rank": 15}, "wine_type": {"description": "Rank within all White Wine", "total": 398745, "rank": 16307}, "global": {"description": "Global Rank", "total": 1302037, "rank": 69642}}, "hidden": false, "vintages": [{"id": 166483817, "seo_name": "karl-pfaffmann-weissburgunder-bischofskreuz-trocken-2020", "name": "Karl Pfaffmann Weissburgunder Bischofskreuz Trocken 2020", "statistics": {"status": "Normal", "ratings_count": 34, "ratings_average": 3.7, "labels_count": 188, "reviews_count": 7}, "year": 2020, "grapes": null, "has_valid_ratings": true}, {"id": 162666007, "seo_name": "karl-pfaffmann-weissburgunder-bischofskreuz-trocken-2019", "name": "Karl Pfaffmann Weissburgunder Bischofskreuz Trocken 2019", "statistics": {"status": "Normal", "ratings_count": 43, "ratings_average": 4, "labels_count": 240, "reviews_count": 13}, "year": 2019, "grapes": null, "has_valid_ratings": true}, {"id": 159528253, "seo_name": "karl-pfaffmann-weissburgunder-bischofskreuz-trocken-2018", "name": "Karl Pfaffmann Weissburgunder Bischofskreuz Trocken 2018", "statistics": {"status": "Normal", "ratings_count": 31, "ratings_average": 3.8, "labels_count": 146, "reviews_count": 12}, "year": 2018, "grapes": null, "has_valid_ratings": true}, {"id": 156131710, "seo_name": "karl-pfaffmann-weissburgunder-bischofskreuz-trocken-2017", "name": "Karl Pfaffmann Weissburgunder Bischofskreuz Trocken 2017", "statistics": {"status": "Normal", "ratings_count": 23, "ratings_average": 3.6, "labels_count": 137, "reviews_count": 6}, "year": 2017, "grapes": null, "has_valid_ratings": true}, {"id": 149939113, "seo_name": "karl-pfaffmann-weissburgunder-bischofskreuz-trocken-2016", "name": "Karl Pfaffmann Weissburgunder Bischofskreuz Trocken 2016", "statistics": {"status": "Normal", "ratings_count": 37, "ratings_average": 4.1, "labels_count": 169, "reviews_count": 12}, "year": 2016, "grapes": null, "has_valid_ratings": true}, {"id": 71237802, "seo_name": "karl-pfaffmann-weissburgunder-bischofskreuz-trocken-2015", "name": "Karl Pfaffmann Weissburgunder Bischofskreuz Trocken 2015", "statistics": {"status": "Normal", "ratings_count": 36, "ratings_average": 3.9, "labels_count": 148, "reviews_count": 12}, "year": 2015, "grapes": null, "has_valid_ratings": true}, {"id": 17584094, "seo_name": "karl-pfaffmann-weissburgunder-bischofskreuz-trocken-2014", "name": "Karl Pfaffmann Weissburgunder Bischofskreuz Trocken 2014", "statistics": {"status": "Normal", "ratings_count": 36, "ratings_average": 3.7, "labels_count": 152, "reviews_count": 12}, "year": 2014, "grapes": null, "has_valid_ratings": true}, {"id": 6077963, "seo_name": "karl-pfaffmann-weissburgunder-bischofskreuz-trocken-2013", "name": "Karl Pfaffmann Weissburgunder Bischofskreuz Trocken 2013", "statistics": {"status": "Normal", "ratings_count": 42, "ratings_average": 3.6, "labels_count": 192, "reviews_count": 12}, "year": 2013, "grapes": null, "has_valid_ratings": true}, {"id": 16349994, "seo_name": "karl-pfaffmann-weissburgunder-bischofskreuz-trocken-uv", "name": "Karl Pfaffmann Weissburgunder Bischofskreuz Trocken", "statistics": {"status": "Normal", "ratings_count": 297, "ratings_average": 3.8, "labels_count": 0, "reviews_count": 3}, "year": 0, "grapes": null, "has_valid_ratings": true}], "description": "", "grapes": [{"id": 355, "name": "Weissburgunder", "seo_name": "weissburgunder", "has_detailed_info": false, "wines_count": 33464}], "foods": [{"id": 12, "name": "Rich fish (salmon, tuna etc)", "background_image": {"location": "//images.vivino.com/backgrounds/foods/12_richfish.png", "variations": {"small": "//images.vivino.com/backgrounds/foods/thumbs/12_richfish_932x810.png"}}, "seo_name": null}, {"id": 13, "name": "Shellfish", "background_image": {"location": "//images.vivino.com/backgrounds/foods/13_shellfish.png", "variations": {"small": "//images.vivino.com/backgrounds/foods/thumbs/13_shellfish_932x810.png"}}, "seo_name": "shellfish"}, {"id": 35, "name": "Mild and soft cheese", "background_image": {"location": "//images.vivino.com/backgrounds/foods/35_softcheese.png", "variations": {"small": "//images.vivino.com/backgrounds/foods/thumbs/35_softcheese_932x810.png"}}, "seo_name": null}, {"id": 41, "name": "Cured Meat", "background_image": {"location": "//images.vivino.com/backgrounds/foods/41_curedmeat.png", "variations": {"small": "//images.vivino.com/backgrounds/foods/thumbs/41_curedmeat_932x810.png"}}, "seo_name": null}], "non_vintage": false, "alcohol": 12.5, "sweetness_id": null, "closure": null, "vintage_mask_raw": null, "updated_at": "2018-03-19T16:55:42Z", "created_at": "2014-05-24T07:06:48Z", "is_first_wine": false, "style": {"id": 141, "seo_name": "german-pinot-blanc", "regional_name": "German", "varietal_name": "Pinot Blanc", "name": "German Pinot Blanc", "image": null, "background_image": null, "description": null, "blurb": null, "interesting_facts": null, "body": 3, "body_description": "Medium-bodied", "acidity": 3, "acidity_description": "High", "country": {"code": "de", "name": "Germany", "native_name": "Deutschland", "seo_name": "germany", "currency": {"code": "EUR", "name": "Euros", "prefix": "\u20ac", "suffix": null}, "regions_count": 210, "users_count": 2175366, "wines_count": 199914, "wineries_count": 13512, "most_used_grapes": [{"id": 15, "name": "Riesling", "seo_name": "riesling", "has_detailed_info": true, "wines_count": 262136}, {"id": 299, "name": "Sp\u00e4tburgunder", "seo_name": "spatburgunder", "has_detailed_info": false, "wines_count": 50164}, {"id": 355, "name": "Weissburgunder", "seo_name": "weissburgunder", "has_detailed_info": false, "wines_count": 33464}]}, "wine_type_id": 2, "food": [{"id": 12, "name": "Rich fish (salmon, tuna etc)", "background_image": {"location": "//images.vivino.com/backgrounds/foods/12_richfish.png", "variations": {"small": "//images.vivino.com/backgrounds/foods/thumbs/12_richfish_932x810.png"}}, "seo_name": null}, {"id": 13, "name": "Shellfish", "background_image": {"location": "//images.vivino.com/backgrounds/foods/13_shellfish.png", "variations": {"small": "//images.vivino.com/backgrounds/foods/thumbs/13_shellfish_932x810.png"}}, "seo_name": "shellfish"}, {"id": 35, "name": "Mild and soft cheese", "background_image": {"location": "//images.vivino.com/backgrounds/foods/35_softcheese.png", "variations": {"small": "//images.vivino.com/backgrounds/foods/thumbs/35_softcheese_932x810.png"}}, "seo_name": null}, {"id": 41, "name": "Cured Meat", "background_image": {"location": "//images.vivino.com/backgrounds/foods/41_curedmeat.png", "variations": {"small": "//images.vivino.com/backgrounds/foods/thumbs/41_curedmeat_932x810.png"}}, "seo_name": null}], "grapes": [{"id": 36, "name": "Pinot Blanc", "seo_name": "pinot-blanc", "has_detailed_info": false, "wines_count": 48765}], "region": null}, "has_valid_ratings": true}, "description": "", "wine_critic_reviews": [], "awards": [], "ratings_distribution": {"1": 3, "2": 13, "3": 91, "4": 159, "5": 31}, "ranking": {"country": {"description": "Rank within Germany", "total": 614810, "rank": 19943}, "region": {"description": "Rank within Wine Region", "total": 131630, "rank": 4343}, "winery": {"description": "Rank within Winery", "total": 1154, "rank": 88}, "global": {"description": "Global Rank", "total": 8944615, "rank": 650981}}, "wine_facts": {}, "winemaker": null, "wine_maker": null, "grape_composition": {}, "year": "", "grapes": null, "has_valid_ratings": true}, "carts": null, "full_region": null, "tastes": null, "wine": {"id": 2431304, "name": "Weissburgunder Bischofskreuz Trocken", "seo_name": "weissburgunder-bischofskreuz-trocken", "type_id": 2, "vintage_type": 0, "is_natural": false, "region": {"id": 649, "name": "Pfalz", "name_en": "Palatinate", "seo_name": "pfalz", "country": {"code": "de", "name": "Germany", "native_name": "Deutschland", "seo_name": "germany", "currency": {"code": "EUR", "name": "Euros", "prefix": "\u20ac", "suffix": null}, "regions_count": 210, "users_count": 2175366, "wines_count": 199914, "wineries_count": 13512, "most_used_grapes": [{"id": 15, "name": "Riesling", "seo_name": "riesling", "has_detailed_info": true, "wines_count": 262136}, {"id": 299, "name": "Sp\u00e4tburgunder", "seo_name": "spatburgunder", "has_detailed_info": false, "wines_count": 50164}, {"id": 355, "name": "Weissburgunder", "seo_name": "weissburgunder", "has_detailed_info": false, "wines_count": 33464}]}, "parent_id": null, "background_image": {"location": "//images.vivino.com/regions/backgrounds/klw147B8QSi16e-qNdUAYA.jpg", "variations": {"large": "//thumbs.vivino.com/region_backgrounds/klw147B8QSi16e-qNdUAYA_1280x760.jpg", "medium": "//thumbs.vivino.com/region_backgrounds/klw147B8QSi16e-qNdUAYA_600x356.jpg"}}, "class": {"typecast_map": {"background_image": {}, "class": {}}}, "statistics": {"wineries_count": 2245, "wines_count": 32041, "sub_regions_count": 24, "parent_regions_count": 0}}, "review_status": 2, "winery": {"id": 16587, "name": "Karl Pfaffmann", "seo_name": "karl-pfaffmann", "status": 0, "review_status": "Completed", "background_image": null, "statistics": {"ratings_count": 17102, "ratings_average": 3.8, "labels_count": 83574, "wines_count": 162}, "region": {"id": 649, "name": "Pfalz", "name_en": "Palatinate", "seo_name": "pfalz", "country": {"code": "de", "name": "Germany", "native_name": "Deutschland", "seo_name": "germany", "currency": {"code": "EUR", "name": "Euros", "prefix": "\u20ac", "suffix": null}, "regions_count": 210, "users_count": 2175366, "wines_count": 199914, "wineries_count": 13512, "most_used_grapes": [{"id": 15, "name": "Riesling", "seo_name": "riesling", "has_detailed_info": true, "wines_count": 262136}, {"id": 299, "name": "Sp\u00e4tburgunder", "seo_name": "spatburgunder", "has_detailed_info": false, "wines_count": 50164}, {"id": 355, "name": "Weissburgunder", "seo_name": "weissburgunder", "has_detailed_info": false, "wines_count": 33464}]}, "parent_id": null, "background_image": {"location": "//images.vivino.com/regions/backgrounds/klw147B8QSi16e-qNdUAYA.jpg", "variations": {"large": "//thumbs.vivino.com/region_backgrounds/klw147B8QSi16e-qNdUAYA_1280x760.jpg", "medium": "//thumbs.vivino.com/region_backgrounds/klw147B8QSi16e-qNdUAYA_600x356.jpg"}}, "class": {"typecast_map": {"background_image": {}, "class": {}}}, "statistics": {"wineries_count": 2245, "wines_count": 32041, "sub_regions_count": 24, "parent_regions_count": 0}}}, "image": {"location": "//images.vivino.com/thumbs/ZuqTps8hQ6Wriq1BkYzDLg_pl_480x640.png", "variations": {"bottle_large": "//images.vivino.com/thumbs/ZuqTps8hQ6Wriq1BkYzDLg_pb_x960.png", "bottle_medium": "//images.vivino.com/thumbs/ZuqTps8hQ6Wriq1BkYzDLg_pb_x600.png", "bottle_medium_square": "//images.vivino.com/thumbs/ZuqTps8hQ6Wriq1BkYzDLg_pb_600x600.png", "bottle_small": "//images.vivino.com/thumbs/ZuqTps8hQ6Wriq1BkYzDLg_pb_x300.png", "bottle_small_square": "//images.vivino.com/thumbs/ZuqTps8hQ6Wriq1BkYzDLg_pb_300x300.png", "label": "//images.vivino.com/thumbs/ZuqTps8hQ6Wriq1BkYzDLg_pl_480x640.png", "label_large": "//images.vivino.com/thumbs/ZuqTps8hQ6Wriq1BkYzDLg_pl_375x500.png", "label_medium": "//images.vivino.com/thumbs/ZuqTps8hQ6Wriq1BkYzDLg_pl_150x200.png", "label_medium_square": "//images.vivino.com/thumbs/ZuqTps8hQ6Wriq1BkYzDLg_pl_150x150.png", "label_small_square": "//images.vivino.com/thumbs/ZuqTps8hQ6Wriq1BkYzDLg_pl_80x80.png", "large": "//images.vivino.com/thumbs/ZuqTps8hQ6Wriq1BkYzDLg_pl_375x500.png", "medium": "//images.vivino.com/thumbs/ZuqTps8hQ6Wriq1BkYzDLg_pl_150x200.png", "medium_square": "//images.vivino.com/thumbs/ZuqTps8hQ6Wriq1BkYzDLg_pl_150x150.png", "small_square": "//images.vivino.com/thumbs/ZuqTps8hQ6Wriq1BkYzDLg_pl_80x80.png"}}, "statistics": {"status": "Normal", "ratings_count": 297, "ratings_average": 3.8, "labels_count": 1380, "vintages_count": 13}, "rank": null, "hidden": false, "vintages": [{"id": 170608310, "seo_name": "karl-pfaffmann-weissburgunder-bischofskreuz-trocken-2022", "name": "Karl Pfaffmann Weissburgunder Bischofskreuz Trocken 2022", "statistics": {"status": "BelowThreshold", "ratings_count": 0, "ratings_average": 0, "labels_count": 0, "reviews_count": 0}, "year": 2022, "grapes": null, "has_valid_ratings": false}, {"id": 166483817, "seo_name": "karl-pfaffmann-weissburgunder-bischofskreuz-trocken-2020", "name": "Karl Pfaffmann Weissburgunder Bischofskreuz Trocken 2020", "statistics": {"status": "Normal", "ratings_count": 34, "ratings_average": 3.7, "labels_count": 188, "reviews_count": 7}, "year": 2020, "grapes": null, "has_valid_ratings": true}, {"id": 162666007, "seo_name": "karl-pfaffmann-weissburgunder-bischofskreuz-trocken-2019", "name": "Karl Pfaffmann Weissburgunder Bischofskreuz Trocken 2019", "statistics": {"status": "Normal", "ratings_count": 43, "ratings_average": 4, "labels_count": 240, "reviews_count": 13}, "year": 2019, "grapes": null, "has_valid_ratings": true}, {"id": 159528253, "seo_name": "karl-pfaffmann-weissburgunder-bischofskreuz-trocken-2018", "name": "Karl Pfaffmann Weissburgunder Bischofskreuz Trocken 2018", "statistics": {"status": "Normal", "ratings_count": 31, "ratings_average": 3.8, "labels_count": 146, "reviews_count": 12}, "year": 2018, "grapes": null, "has_valid_ratings": true}, {"id": 156131710, "seo_name": "karl-pfaffmann-weissburgunder-bischofskreuz-trocken-2017", "name": "Karl Pfaffmann Weissburgunder Bischofskreuz Trocken 2017", "statistics": {"status": "Normal", "ratings_count": 23, "ratings_average": 3.6, "labels_count": 137, "reviews_count": 6}, "year": 2017, "grapes": null, "has_valid_ratings": true}, {"id": 149939113, "seo_name": "karl-pfaffmann-weissburgunder-bischofskreuz-trocken-2016", "name": "Karl Pfaffmann Weissburgunder Bischofskreuz Trocken 2016", "statistics": {"status": "Normal", "ratings_count": 37, "ratings_average": 4.1, "labels_count": 169, "reviews_count": 12}, "year": 2016, "grapes": null, "has_valid_ratings": true}, {"id": 71237802, "seo_name": "karl-pfaffmann-weissburgunder-bischofskreuz-trocken-2015", "name": "Karl Pfaffmann Weissburgunder Bischofskreuz Trocken 2015", "statistics": {"status": "Normal", "ratings_count": 36, "ratings_average": 3.9, "labels_count": 148, "reviews_count": 12}, "year": 2015, "grapes": null, "has_valid_ratings": true}, {"id": 17584094, "seo_name": "karl-pfaffmann-weissburgunder-bischofskreuz-trocken-2014", "name": "Karl Pfaffmann Weissburgunder Bischofskreuz Trocken 2014", "statistics": {"status": "Normal", "ratings_count": 36, "ratings_average": 3.7, "labels_count": 152, "reviews_count": 12}, "year": 2014, "grapes": null, "has_valid_ratings": true}, {"id": 6077963, "seo_name": "karl-pfaffmann-weissburgunder-bischofskreuz-trocken-2013", "name": "Karl Pfaffmann Weissburgunder Bischofskreuz Trocken 2013", "statistics": {"status": "Normal", "ratings_count": 42, "ratings_average": 3.6, "labels_count": 192, "reviews_count": 12}, "year": 2013, "grapes": null, "has_valid_ratings": true}, {"id": 22122912, "seo_name": "karl-pfaffmann-weissburgunder-bischofskreuz-trocken-2012", "name": "Karl Pfaffmann Weissburgunder Bischofskreuz Trocken 2012", "statistics": {"status": "BelowThreshold", "ratings_count": 0, "ratings_average": 0, "labels_count": 1, "reviews_count": 0}, "year": 2012, "grapes": null, "has_valid_ratings": false}, {"id": 26909048, "seo_name": "karl-pfaffmann-weissburgunder-bischofskreuz-trocken-2011", "name": "Karl Pfaffmann Weissburgunder Bischofskreuz Trocken 2011", "statistics": {"status": "BelowThreshold", "ratings_count": 0, "ratings_average": 0, "labels_count": 2, "reviews_count": 0}, "year": 2011, "grapes": null, "has_valid_ratings": false}, {"id": 142802590, "seo_name": "karl-pfaffmann-weissburgunder-bischofskreuz-trocken-2010", "name": "Karl Pfaffmann Weissburgunder Bischofskreuz Trocken 2010", "statistics": {"status": "BelowThreshold", "ratings_count": 0, "ratings_average": 0, "labels_count": 1, "reviews_count": 0}, "year": 2010, "grapes": null, "has_valid_ratings": false}, {"id": 16349993, "seo_name": "karl-pfaffmann-weissburgunder-bischofskreuz-trocken-2005", "name": "Karl Pfaffmann Weissburgunder Bischofskreuz Trocken 2005", "statistics": {"status": "BelowThreshold", "ratings_count": 0, "ratings_average": 0, "labels_count": 0, "reviews_count": 0}, "year": 2005, "grapes": null, "has_valid_ratings": false}, {"id": 16349994, "seo_name": "karl-pfaffmann-weissburgunder-bischofskreuz-trocken-uv", "name": "Karl Pfaffmann Weissburgunder Bischofskreuz Trocken", "statistics": {"status": "Normal", "ratings_count": 297, "ratings_average": 3.8, "labels_count": 0, "reviews_count": 3}, "year": 0, "grapes": null, "has_valid_ratings": true}], "description": "", "grapes": [{"id": 355, "name": "Weissburgunder", "seo_name": "weissburgunder", "has_detailed_info": false, "wines_count": 33464}], "foods": [{"id": 12, "name": "Rich fish (salmon, tuna etc)", "background_image": {"location": "//images.vivino.com/backgrounds/foods/12_richfish.png", "variations": {"small": "//images.vivino.com/backgrounds/foods/thumbs/12_richfish_932x810.png"}}, "seo_name": null}, {"id": 13, "name": "Shellfish", "background_image": {"location": "//images.vivino.com/backgrounds/foods/13_shellfish.png", "variations": {"small": "//images.vivino.com/backgrounds/foods/thumbs/13_shellfish_932x810.png"}}, "seo_name": "shellfish"}, {"id": 35, "name": "Mild and soft cheese", "background_image": {"location": "//images.vivino.com/backgrounds/foods/35_softcheese.png", "variations": {"small": "//images.vivino.com/backgrounds/foods/thumbs/35_softcheese_932x810.png"}}, "seo_name": null}, {"id": 41, "name": "Cured Meat", "background_image": {"location": "//images.vivino.com/backgrounds/foods/41_curedmeat.png", "variations": {"small": "//images.vivino.com/backgrounds/foods/thumbs/41_curedmeat_932x810.png"}}, "seo_name": null}], "non_vintage": false, "alcohol": 12.5, "sweetness_id": null, "closure": null, "vintage_mask_raw": null, "updated_at": "2018-03-19T16:55:42Z", "created_at": "2014-05-24T07:06:48Z", "is_first_wine": false, "style": {"id": 141, "seo_name": "german-pinot-blanc", "regional_name": "German", "varietal_name": "Pinot Blanc", "name": "German Pinot Blanc", "image": null, "background_image": null, "description": null, "blurb": null, "interesting_facts": null, "body": 3, "body_description": "Medium-bodied", "acidity": 3, "acidity_description": "High", "country": {"code": "de", "name": "Germany", "native_name": "Deutschland", "seo_name": "germany", "currency": {"code": "EUR", "name": "Euros", "prefix": "\u20ac", "suffix": null}, "regions_count": 210, "users_count": 2175366, "wines_count": 199914, "wineries_count": 13512, "most_used_grapes": [{"id": 15, "name": "Riesling", "seo_name": "riesling", "has_detailed_info": true, "wines_count": 262136}, {"id": 299, "name": "Sp\u00e4tburgunder", "seo_name": "spatburgunder", "has_detailed_info": false, "wines_count": 50164}, {"id": 355, "name": "Weissburgunder", "seo_name": "weissburgunder", "has_detailed_info": false, "wines_count": 33464}]}, "wine_type_id": 2, "food": [{"id": 12, "name": "Rich fish (salmon, tuna etc)", "background_image": {"location": "//images.vivino.com/backgrounds/foods/12_richfish.png", "variations": {"small": "//images.vivino.com/backgrounds/foods/thumbs/12_richfish_932x810.png"}}, "seo_name": null}, {"id": 13, "name": "Shellfish", "background_image": {"location": "//images.vivino.com/backgrounds/foods/13_shellfish.png", "variations": {"small": "//images.vivino.com/backgrounds/foods/thumbs/13_shellfish_932x810.png"}}, "seo_name": "shellfish"}, {"id": 35, "name": "Mild and soft cheese", "background_image": {"location": "//images.vivino.com/backgrounds/foods/35_softcheese.png", "variations": {"small": "//images.vivino.com/backgrounds/foods/thumbs/35_softcheese_932x810.png"}}, "seo_name": null}, {"id": 41, "name": "Cured Meat", "background_image": {"location": "//images.vivino.com/backgrounds/foods/41_curedmeat.png", "variations": {"small": "//images.vivino.com/backgrounds/foods/thumbs/41_curedmeat_932x810.png"}}, "seo_name": null}], "grapes": [{"id": 36, "name": "Pinot Blanc", "seo_name": "pinot-blanc", "has_detailed_info": false, "wines_count": 48765}], "region": null}, "has_valid_ratings": true}, "highlights": [{"vintage_id": 166483817, "highlight_type": "price_qpr", "message": "Good value for money. Similar wines usually cost 56% more.", "icon": "https://images.vivino.com/highlights/icon/price_qpr.svg", "metadata": {"price": {"id": 23209717, "type": "ppc", "amount": 6.39, "currency": {"code": "EUR", "name": "Euros", "prefix": "\u20ac", "suffix": null}, "discounted_from": null}, "wine_id": 2431304, "toplist": null, "ws_award": null, "critic_review_id": null, "ratings_average": 3.7, "ratings_count": 34, "vintage_year": "2020", "rank_type": null, "ranks": {"country": {"description": "Rank within Germany", "total": 614810, "rank": 77528}, "region": {"description": "Rank within Wine Region", "total": 131630, "rank": 17863}, "winery": {"description": "Rank within Winery", "total": 1154, "rank": 350}, "global": {"description": "Global Rank", "total": 8944615, "rank": 1960406}}, "style": {"id": 141, "seo_name": "german-pinot-blanc", "regional_name": "German", "varietal_name": "Pinot Blanc", "name": "German Pinot Blanc", "image": null, "background_image": null, "description": null, "blurb": null, "interesting_facts": null, "body": 3, "body_description": "Medium-bodied", "acidity": 3, "acidity_description": "High", "country": {"code": "de", "name": "Germany", "native_name": "Deutschland", "seo_name": "germany", "currency": {"code": "EUR", "name": "Euros", "prefix": "\u20ac", "suffix": null}, "regions_count": 210, "users_count": 2175366, "wines_count": 199914, "wineries_count": 13512, "most_used_grapes": [{"id": 15, "name": "Riesling", "seo_name": "riesling", "has_detailed_info": true, "wines_count": 262136}, {"id": 299, "name": "Sp\u00e4tburgunder", "seo_name": "spatburgunder", "has_detailed_info": false, "wines_count": 50164}, {"id": 355, "name": "Weissburgunder", "seo_name": "weissburgunder", "has_detailed_info": false, "wines_count": 33464}]}, "wine_type_id": 2, "food": [{"id": 12, "name": "Rich fish (salmon, tuna etc)", "background_image": {"location": "//images.vivino.com/backgrounds/foods/12_richfish.png", "variations": {"small": "//images.vivino.com/backgrounds/foods/thumbs/12_richfish_932x810.png"}}, "seo_name": null}, {"id": 13, "name": "Shellfish", "background_image": {"location": "//images.vivino.com/backgrounds/foods/13_shellfish.png", "variations": {"small": "//images.vivino.com/backgrounds/foods/thumbs/13_shellfish_932x810.png"}}, "seo_name": "shellfish"}, {"id": 35, "name": "Mild and soft cheese", "background_image": {"location": "//images.vivino.com/backgrounds/foods/35_softcheese.png", "variations": {"small": "//images.vivino.com/backgrounds/foods/thumbs/35_softcheese_932x810.png"}}, "seo_name": null}, {"id": 41, "name": "Cured Meat", "background_image": {"location": "//images.vivino.com/backgrounds/foods/41_curedmeat.png", "variations": {"small": "//images.vivino.com/backgrounds/foods/thumbs/41_curedmeat_932x810.png"}}, "seo_name": null}], "grapes": [{"id": 36, "name": "Pinot Blanc", "seo_name": "pinot-blanc", "has_detailed_info": false, "wines_count": 48765}], "region": null}}, "vintage_year": 2020}, {"vintage_id": 149939113, "highlight_type": "best_user_rated", "message": "This vintage rates better than any other year for this wine", "icon": "https://images.vivino.com/highlights/icon/best_user_rated.svg", "metadata": {"price": null, "wine_id": 2431304, "toplist": null, "ws_award": null, "critic_review_id": null, "ratings_average": 4.1, "ratings_count": 37, "vintage_year": "2016", "rank_type": "global", "ranks": {"country": {"description": "Rank within Germany", "total": 614810, "rank": 25035}, "region": {"description": "Rank within Wine Region", "total": 131630, "rank": 5456}, "winery": {"description": "Rank within Winery", "total": 1154, "rank": 112}, "global": {"description": "Global Rank", "total": 8944615, "rank": 775620}}, "style": {"id": 141, "seo_name": "german-pinot-blanc", "regional_name": "German", "varietal_name": "Pinot Blanc", "name": "German Pinot Blanc", "image": null, "background_image": null, "description": null, "blurb": null, "interesting_facts": null, "body": 3, "body_description": "Medium-bodied", "acidity": 3, "acidity_description": "High", "country": {"code": "de", "name": "Germany", "native_name": "Deutschland", "seo_name": "germany", "currency": {"code": "EUR", "name": "Euros", "prefix": "\u20ac", "suffix": null}, "regions_count": 210, "users_count": 2175366, "wines_count": 199914, "wineries_count": 13512, "most_used_grapes": [{"id": 15, "name": "Riesling", "seo_name": "riesling", "has_detailed_info": true, "wines_count": 262136}, {"id": 299, "name": "Sp\u00e4tburgunder", "seo_name": "spatburgunder", "has_detailed_info": false, "wines_count": 50164}, {"id": 355, "name": "Weissburgunder", "seo_name": "weissburgunder", "has_detailed_info": false, "wines_count": 33464}]}, "wine_type_id": 2, "food": [{"id": 12, "name": "Rich fish (salmon, tuna etc)", "background_image": {"location": "//images.vivino.com/backgrounds/foods/12_richfish.png", "variations": {"small": "//images.vivino.com/backgrounds/foods/thumbs/12_richfish_932x810.png"}}, "seo_name": null}, {"id": 13, "name": "Shellfish", "background_image": {"location": "//images.vivino.com/backgrounds/foods/13_shellfish.png", "variations": {"small": "//images.vivino.com/backgrounds/foods/thumbs/13_shellfish_932x810.png"}}, "seo_name": "shellfish"}, {"id": 35, "name": "Mild and soft cheese", "background_image": {"location": "//images.vivino.com/backgrounds/foods/35_softcheese.png", "variations": {"small": "//images.vivino.com/backgrounds/foods/thumbs/35_softcheese_932x810.png"}}, "seo_name": null}, {"id": 41, "name": "Cured Meat", "background_image": {"location": "//images.vivino.com/backgrounds/foods/41_curedmeat.png", "variations": {"small": "//images.vivino.com/backgrounds/foods/thumbs/41_curedmeat_932x810.png"}}, "seo_name": null}], "grapes": [{"id": 36, "name": "Pinot Blanc", "seo_name": "pinot-blanc", "has_detailed_info": false, "wines_count": 48765}], "region": null}}, "vintage_year": 2016}, {"vintage_id": 162666007, "highlight_type": "most_user_rated", "message": "Popular among Vivino users. More than 40 ratings", "icon": "https://images.vivino.com/highlights/icon/most_user_rated.svg", "metadata": {"price": null, "wine_id": 2431304, "toplist": null, "ws_award": null, "critic_review_id": null, "ratings_average": 4, "ratings_count": 43, "vintage_year": "2019", "rank_type": "country", "ranks": {"country": {"description": "Rank within Germany", "total": 614810, "rank": 33291}, "region": {"description": "Rank within Wine Region", "total": 131630, "rank": 7390}, "winery": {"description": "Rank within Winery", "total": 1154, "rank": 161}, "global": {"description": "Global Rank", "total": 8944615, "rank": 984638}}, "style": {"id": 141, "seo_name": "german-pinot-blanc", "regional_name": "German", "varietal_name": "Pinot Blanc", "name": "German Pinot Blanc", "image": null, "background_image": null, "description": null, "blurb": null, "interesting_facts": null, "body": 3, "body_description": "Medium-bodied", "acidity": 3, "acidity_description": "High", "country": {"code": "de", "name": "Germany", "native_name": "Deutschland", "seo_name": "germany", "currency": {"code": "EUR", "name": "Euros", "prefix": "\u20ac", "suffix": null}, "regions_count": 210, "users_count": 2175366, "wines_count": 199914, "wineries_count": 13512, "most_used_grapes": [{"id": 15, "name": "Riesling", "seo_name": "riesling", "has_detailed_info": true, "wines_count": 262136}, {"id": 299, "name": "Sp\u00e4tburgunder", "seo_name": "spatburgunder", "has_detailed_info": false, "wines_count": 50164}, {"id": 355, "name": "Weissburgunder", "seo_name": "weissburgunder", "has_detailed_info": false, "wines_count": 33464}]}, "wine_type_id": 2, "food": [{"id": 12, "name": "Rich fish (salmon, tuna etc)", "background_image": {"location": "//images.vivino.com/backgrounds/foods/12_richfish.png", "variations": {"small": "//images.vivino.com/backgrounds/foods/thumbs/12_richfish_932x810.png"}}, "seo_name": null}, {"id": 13, "name": "Shellfish", "background_image": {"location": "//images.vivino.com/backgrounds/foods/13_shellfish.png", "variations": {"small": "//images.vivino.com/backgrounds/foods/thumbs/13_shellfish_932x810.png"}}, "seo_name": "shellfish"}, {"id": 35, "name": "Mild and soft cheese", "background_image": {"location": "//images.vivino.com/backgrounds/foods/35_softcheese.png", "variations": {"small": "//images.vivino.com/backgrounds/foods/thumbs/35_softcheese_932x810.png"}}, "seo_name": null}, {"id": 41, "name": "Cured Meat", "background_image": {"location": "//images.vivino.com/backgrounds/foods/41_curedmeat.png", "variations": {"small": "//images.vivino.com/backgrounds/foods/thumbs/41_curedmeat_932x810.png"}}, "seo_name": null}], "grapes": [{"id": 36, "name": "Pinot Blanc", "seo_name": "pinot-blanc", "has_detailed_info": false, "wines_count": 48765}], "region": null}}, "vintage_year": 2019}, {"vintage_id": 71237802, "highlight_type": "top_ranked", "message": "Among top 8% of all wines in country", "icon": "https://images.vivino.com/highlights/icon/top_ranked.svg", "metadata": {"price": null, "wine_id": 2431304, "toplist": null, "ws_award": null, "critic_review_id": null, "ratings_average": 3.9, "ratings_count": 36, "vintage_year": "2015", "rank_type": "country", "ranks": {"country": {"description": "Rank within Germany", "total": 614810, "rank": 48669}, "region": {"description": "Rank within Wine Region", "total": 131630, "rank": 11033}, "winery": {"description": "Rank within Winery", "total": 1154, "rank": 236}, "global": {"description": "Global Rank", "total": 8944615, "rank": 1336155}}, "style": {"id": 141, "seo_name": "german-pinot-blanc", "regional_name": "German", "varietal_name": "Pinot Blanc", "name": "German Pinot Blanc", "image": null, "background_image": null, "description": null, "blurb": null, "interesting_facts": null, "body": 3, "body_description": "Medium-bodied", "acidity": 3, "acidity_description": "High", "country": {"code": "de", "name": "Germany", "native_name": "Deutschland", "seo_name": "germany", "currency": {"code": "EUR", "name": "Euros", "prefix": "\u20ac", "suffix": null}, "regions_count": 210, "users_count": 2175366, "wines_count": 199914, "wineries_count": 13512, "most_used_grapes": [{"id": 15, "name": "Riesling", "seo_name": "riesling", "has_detailed_info": true, "wines_count": 262136}, {"id": 299, "name": "Sp\u00e4tburgunder", "seo_name": "spatburgunder", "has_detailed_info": false, "wines_count": 50164}, {"id": 355, "name": "Weissburgunder", "seo_name": "weissburgunder", "has_detailed_info": false, "wines_count": 33464}]}, "wine_type_id": 2, "food": [{"id": 12, "name": "Rich fish (salmon, tuna etc)", "background_image": {"location": "//images.vivino.com/backgrounds/foods/12_richfish.png", "variations": {"small": "//images.vivino.com/backgrounds/foods/thumbs/12_richfish_932x810.png"}}, "seo_name": null}, {"id": 13, "name": "Shellfish", "background_image": {"location": "//images.vivino.com/backgrounds/foods/13_shellfish.png", "variations": {"small": "//images.vivino.com/backgrounds/foods/thumbs/13_shellfish_932x810.png"}}, "seo_name": "shellfish"}, {"id": 35, "name": "Mild and soft cheese", "background_image": {"location": "//images.vivino.com/backgrounds/foods/35_softcheese.png", "variations": {"small": "//images.vivino.com/backgrounds/foods/thumbs/35_softcheese_932x810.png"}}, "seo_name": null}, {"id": 41, "name": "Cured Meat", "background_image": {"location": "//images.vivino.com/backgrounds/foods/41_curedmeat.png", "variations": {"small": "//images.vivino.com/backgrounds/foods/thumbs/41_curedmeat_932x810.png"}}, "seo_name": null}], "grapes": [{"id": 36, "name": "Pinot Blanc", "seo_name": "pinot-blanc", "has_detailed_info": false, "wines_count": 48765}], "region": null}}, "vintage_year": 2015}], "recommended_vintages": [{"vintage": {"id": 166483817, "seo_name": "karl-pfaffmann-weissburgunder-bischofskreuz-trocken-2020", "name": "Karl Pfaffmann Weissburgunder Bischofskreuz Trocken 2020", "statistics": {"status": "Normal", "ratings_count": 34, "ratings_average": 3.7, "labels_count": 188, "reviews_count": 7}, "year": 2020, "grapes": null, "has_valid_ratings": true}, "type": "price_qpr", "highlight_icon": "https://images.vivino.com/highlights/icon/price_qpr.svg", "price": {"id": 23209717, "type": "ppc", "amount": 6.39, "currency": {"code": "EUR", "name": "Euros", "prefix": "\u20ac", "suffix": null}, "discounted_from": null}}, {"vintage": {"id": 149939113, "seo_name": "karl-pfaffmann-weissburgunder-bischofskreuz-trocken-2016", "name": "Karl Pfaffmann Weissburgunder Bischofskreuz Trocken 2016", "statistics": {"status": "Normal", "ratings_count": 37, "ratings_average": 4.1, "labels_count": 169, "reviews_count": 12}, "year": 2016, "grapes": null, "has_valid_ratings": true}, "type": "best_user_rated", "highlight_icon": "https://images.vivino.com/highlights/icon/best_user_rated.svg", "price": null}, {"vintage": {"id": 162666007, "seo_name": "karl-pfaffmann-weissburgunder-bischofskreuz-trocken-2019", "name": "Karl Pfaffmann Weissburgunder Bischofskreuz Trocken 2019", "statistics": {"status": "Normal", "ratings_count": 43, "ratings_average": 4, "labels_count": 240, "reviews_count": 13}, "year": 2019, "grapes": null, "has_valid_ratings": true}, "type": "most_user_rated", "highlight_icon": "https://images.vivino.com/highlights/icon/most_user_rated.svg", "price": null}, {"vintage": {"id": 71237802, "seo_name": "karl-pfaffmann-weissburgunder-bischofskreuz-trocken-2015", "name": "Karl Pfaffmann Weissburgunder Bischofskreuz Trocken 2015", "statistics": {"status": "Normal", "ratings_count": 36, "ratings_average": 3.9, "labels_count": 148, "reviews_count": 12}, "year": 2015, "grapes": null, "has_valid_ratings": true}, "type": "top_ranked", "highlight_icon": "https://images.vivino.com/highlights/icon/top_ranked.svg", "price": null}], "prices_and_availabilities": [], "price_range": {"currency": {"code": "EUR", "name": "Euros", "prefix": "\u20ac", "suffix": null}, "price_range": {"minimum": 0, "maximum": 500, "currency_code": "EUR"}, "defaults": {"minimum": 7, "maximum": 30, "currency_code": "EUR"}}, "subtotal_price": null}