{"vintage": {"id": 145536161, "seo_name": "jean-geiler-pinot-blanc-uv", "name": "Jean Geiler Pinot Blanc", "statistics": {"status": "Normal", "ratings_count": 158, "ratings_average": 3.7, "labels_count": 79, "reviews_count": 12}, "organic_certification_id": null, "certified_biodynamic": null, "image": {"location": "//images.vivino.com/labels/U7Xf6ZMmTAi09iq3MMpZsg.jpg", "variations": {"large": "//images.vivino.com/thumbs/U7Xf6ZMmTAi09iq3MMpZsg_375x500.jpg", "medium": "//images.vivino.com/thumbs/U7Xf6ZMmTAi09iq3MMpZsg_150x200.jpg", "medium_square": "//images.vivino.com/thumbs/U7Xf6ZMmTAi09iq3MMpZsg_150x150.jpg", "small_square": "//images.vivino.com/thumbs/U7Xf6ZMmTAi09iq3MMpZsg_80x80.jpg"}}, "wine": {"id": 4713076, "name": "Pinot Blanc", "seo_name": "pinot-blanc", "type_id": 2, "vintage_type": 0, "is_natural": false, "region": {"id": 387, "name": "Alsace", "name_en": "Vin d'Alsace", "seo_name": "alsace", "country": {"code": "fr", "name": "France", "native_name": "France", "seo_name": "france", "currency": {"code": "EUR", "name": "Euros", "prefix": "\u20ac", "suffix": null}, "regions_count": 1292, "users_count": 5068363, "wines_count": 542471, "wineries_count": 67002, "most_used_grapes": [{"id": 14, "name": "Pinot Noir", "seo_name": "pinot-noir", "has_detailed_info": true, "wines_count": 572334}, {"id": 10, "name": "Merlot", "seo_name": "merlot", "has_detailed_info": true, "wines_count": 566719}, {"id": 5, "name": "Chardonnay", "seo_name": "chardonnay", "has_detailed_info": true, "wines_count": 604208}]}, "parent_id": null, "background_image": {"location": "//images.vivino.com/regions/backgrounds/n9vcTbetTYeiupq175Mgig.jpg", "variations": {"large": "//thumbs.vivino.com/region_backgrounds/n9vcTbetTYeiupq175Mgig_1280x760.jpg", "medium": "//thumbs.vivino.com/region_backgrounds/n9vcTbetTYeiupq175Mgig_600x356.jpg"}}, "class": {"typecast_map": {"background_image": {}, "class": {}}}, "statistics": {"wineries_count": 1610, "wines_count": 21681, "sub_regions_count": 2, "parent_regions_count": 0}}, "review_status": 2, "winery": {"id": 13889, "name": "Jean Geiler", "seo_name": "jean-geiler", "status": 0, "review_status": "Completed", "background_image": null, "statistics": {"ratings_count": 12233, "ratings_average": 3.7, "labels_count": 94594, "wines_count": 110}, "region": {"id": 387, "name": "Alsace", "name_en": "Vin d'Alsace", "seo_name": "alsace", "country": {"code": "fr", "name": "France", "native_name": "France", "seo_name": "france", "currency": {"code": "EUR", "name": "Euros", "prefix": "\u20ac", "suffix": null}, "regions_count": 1292, "users_count": 5068363, "wines_count": 542471, "wineries_count": 67002, "most_used_grapes": [{"id": 14, "name": "Pinot Noir", "seo_name": "pinot-noir", "has_detailed_info": true, "wines_count": 572334}, {"id": 10, "name": "Merlot", "seo_name": "merlot", "has_detailed_info": true, "wines_count": 566719}, {"id": 5, "name": "Chardonnay", "seo_name": "chardonnay", "has_detailed_info": true, "wines_count": 604208}]}, "parent_id": null, "background_image": {"location": "//images.vivino.com/regions/backgrounds/n9vcTbetTYeiupq175Mgig.jpg", "variations": {"large": "//thumbs.vivino.com/region_backgrounds/n9vcTbetTYeiupq175Mgig_1280x760.jpg", "medium": "//thumbs.vivino.com/region_backgrounds/n9vcTbetTYeiupq175Mgig_600x356.jpg"}}, "class": {"typecast_map": {"background_image": {}, "class": {}}}, "statistics": {"wineries_count": 1610, "wines_count": 21681, "sub_regions_count": 2, "parent_regions_count": 0}}, "business_name": "Cave Jean Geiler", "description": "", "specialists_notes": "", "phone": "33 03 89 27 90 27", "email": "vin@geiler.fr", "facebook": "https://www.facebook.com/jeangeiler", "instagram": "", "is_claimed": false, "twitter": "@jeangeiler", "website": "http://www.geiler.fr", "winemaker": null, "wine_maker": null, "address": {"title": null, "name": null, "street": "45 rue de la R\u00e9publique", "street2": null, "neighborhood": null, "city": "Ingersheim", "zip": "68040", "state": null, "country": {"code": "fr", "name": "France", "native_name": "France", "seo_name": "france", "currency": {"code": "EUR", "name": "Euros", "prefix": "\u20ac", "suffix": null}, "regions_count": 1292, "users_count": 5068363, "wines_count": 542471, "wineries_count": 67002, "most_used_grapes": [{"id": 14, "name": "Pinot Noir", "seo_name": "pinot-noir", "has_detailed_info": true, "wines_count": 572334}, {"id": 10, "name": "Merlot", "seo_name": "merlot", "has_detailed_info": true, "wines_count": 566719}, {"id": 5, "name": "Chardonnay", "seo_name": "chardonnay", "has_detailed_info": true, "wines_count": 604208}]}, "company": null, "phone": null, "external_id": null, "residential": null, "vat_number": null, "vat_code": null, "addition": null}, "image": null, "location": {"latitude": 48.09525, "longitude": 7.305026}, "winery_group": null, "first_wines": [], "sponsored_entity_type": null, "sponsored_entity": null}, "statistics": {"status": "Normal", "ratings_count": 158, "ratings_average": 3.7, "labels_count": 1392, "vintages_count": 17}, "rank": {"country": {"description": "Rank within France", "total": 317717, "rank": 60210}, "region": {"description": "Rank within Wine Region", "total": 21296, "rank": 3133}, "winery": {"description": "Rank within Winery", "total": 103, "rank": 24}, "wine_type": {"description": "Rank within all White Wine", "total": 398743, "rank": 59247}, "global": {"description": "Global Rank", "total": 1302039, "rank": 224627}}, "hidden": false, "vintages": [{"id": 162435999, "seo_name": "jean-geiler-pinot-blanc-2019", "name": "Jean Geiler Pinot Blanc 2019", "statistics": {"status": "Normal", "ratings_count": 20, "ratings_average": 3.8, "labels_count": 56, "reviews_count": 13}, "year": 2019, "grapes": null, "has_valid_ratings": true}, {"id": 159170134, "seo_name": "jean-geiler-pinot-blanc-2018", "name": "Jean Geiler Pinot Blanc 2018", "statistics": {"status": "Normal", "ratings_count": 12, "ratings_average": 3.7, "labels_count": 113, "reviews_count": 6}, "year": 2018, "grapes": null, "has_valid_ratings": true}, {"id": 153016150, "seo_name": "jean-geiler-pinot-blanc-2017", "name": "Jean Geiler Pinot Blanc 2017", "statistics": {"status": "Normal", "ratings_count": 59, "ratings_average": 3.5, "labels_count": 864, "reviews_count": 29}, "year": 2017, "grapes": null, "has_valid_ratings": true}, {"id": 152650752, "seo_name": "jean-geiler-pinot-blanc-2016", "name": "Jean Geiler Pinot Blanc 2016", "statistics": {"status": "Normal", "ratings_count": 18, "ratings_average": 3.8, "labels_count": 127, "reviews_count": 10}, "year": 2016, "grapes": null, "has_valid_ratings": true}, {"id": 145583444, "seo_name": "jean-geiler-pinot-blanc-2015", "name": "Jean Geiler Pinot Blanc 2015", "statistics": {"status": "BelowThreshold", "ratings_count": 7, "ratings_average": 0, "labels_count": 31, "reviews_count": 7}, "year": 2015, "grapes": null, "has_valid_ratings": false}, {"id": 145637793, "seo_name": "jean-geiler-pinot-blanc-2014", "name": "Jean Geiler Pinot Blanc 2014", "statistics": {"status": "Normal", "ratings_count": 11, "ratings_average": 3.3, "labels_count": 63, "reviews_count": 4}, "year": 2014, "grapes": null, "has_valid_ratings": true}, {"id": 146029445, "seo_name": "jean-geiler-pinot-blanc-2013", "name": "Jean Geiler Pinot Blanc 2013", "statistics": {"status": "BelowThreshold", "ratings_count": 2, "ratings_average": 0, "labels_count": 12, "reviews_count": 2}, "year": 2013, "grapes": null, "has_valid_ratings": false}, {"id": 152557264, "seo_name": "jean-geiler-pinot-blanc-2010", "name": "Jean Geiler Pinot Blanc 2010", "statistics": {"status": "BelowThreshold", "ratings_count": 2, "ratings_average": 0, "labels_count": 9, "reviews_count": 0}, "year": 2010, "grapes": null, "has_valid_ratings": false}, {"id": 145536161, "seo_name": "jean-geiler-pinot-blanc-uv", "name": "Jean Geiler Pinot Blanc", "statistics": {"status": "Normal", "ratings_count": 158, "ratings_average": 3.7, "labels_count": 79, "reviews_count": 12}, "year": 0, "grapes": null, "has_valid_ratings": true}], "description": "It has a pale yellow color with hints of green. This dry white wine has a fresh and delicate bouquet with notes of peach and white flowers hints. Pleasant and soft, with medium acidity, it is an easy to drink wine.The Alsace Pinot Blanc is a wine which pairs well with poultry, white meat, or with egg-based dishes such as quiche and omelettes. It pairs also well with noodles, schrimps salads or soft cheese.", "grapes": [{"id": 36, "name": "Pinot Blanc", "seo_name": "pinot-blanc", "has_detailed_info": false, "wines_count": 48765}], "foods": [{"id": 12, "name": "Rich fish (salmon, tuna etc)", "background_image": {"location": "//images.vivino.com/backgrounds/foods/12_richfish.png", "variations": {"small": "//images.vivino.com/backgrounds/foods/thumbs/12_richfish_932x810.png"}}, "seo_name": null}, {"id": 13, "name": "Shellfish", "background_image": {"location": "//images.vivino.com/backgrounds/foods/13_shellfish.png", "variations": {"small": "//images.vivino.com/backgrounds/foods/thumbs/13_shellfish_932x810.png"}}, "seo_name": "shellfish"}, {"id": 35, "name": "Mild and soft cheese", "background_image": {"location": "//images.vivino.com/backgrounds/foods/35_softcheese.png", "variations": {"small": "//images.vivino.com/backgrounds/foods/thumbs/35_softcheese_932x810.png"}}, "seo_name": null}, {"id": 41, "name": "Cured Meat", "background_image": {"location": "//images.vivino.com/backgrounds/foods/41_curedmeat.png", "variations": {"small": "//images.vivino.com/backgrounds/foods/thumbs/41_curedmeat_932x810.png"}}, "seo_name": null}], "non_vintage": false, "alcohol": 12.2, "sweetness_id": null, "closure": null, "vintage_mask_raw": null, "updated_at": "2018-03-19T20:37:59Z", "created_at": "2016-08-03T10:37:47Z", "is_first_wine": false, "style": {"id": 139, "seo_name": "alsace-pinot-blanc", "regional_name": "Alsace", "varietal_name": "Pinot Blanc", "name": "Alsace Pinot Blanc", "image": null, "background_image": null, "description": null, "blurb": null, "interesting_facts": null, "body": 4, "body_description": "Full-bodied", "acidity": 3, "acidity_description": "High", "country": {"code": "fr", "name": "France", "native_name": "France", "seo_name": "france", "currency": {"code": "EUR", "name": "Euros", "prefix": "\u20ac", "suffix": null}, "regions_count": 1292, "users_count": 5068363, "wines_count": 542471, "wineries_count": 67002, "most_used_grapes": [{"id": 14, "name": "Pinot Noir", "seo_name": "pinot-noir", "has_detailed_info": true, "wines_count": 572334}, {"id": 10, "name": "Merlot", "seo_name": "merlot", "has_detailed_info": true, "wines_count": 566719}, {"id": 5, "name": "Chardonnay", "seo_name": "chardonnay", "has_detailed_info": true, "wines_count": 604208}]}, "wine_type_id": 2, "food": [{"id": 12, "name": "Rich fish (salmon, tuna etc)", "background_image": {"location": "//images.vivino.com/backgrounds/foods/12_richfish.png", "variations": {"small": "//images.vivino.com/backgrounds/foods/thumbs/12_richfish_932x810.png"}}, "seo_name": null}, {"id": 13, "name": "Shellfish", "background_image": {"location": "//images.vivino.com/backgrounds/foods/13_shellfish.png", "variations": {"small": "//images.vivino.com/backgrounds/foods/thumbs/13_shellfish_932x810.png"}}, "seo_name": "shellfish"}, {"id": 35, "name": "Mild and soft cheese", "background_image": {"location": "//images.vivino.com/backgrounds/foods/35_softcheese.png", "variations": {"small": "//images.vivino.com/backgrounds/foods/thumbs/35_softcheese_932x810.png"}}, "seo_name": null}, {"id": 41, "name": "Cured Meat", "background_image": {"location": "//images.vivino.com/backgrounds/foods/41_curedmeat.png", "variations": {"small": "//images.vivino.com/backgrounds/foods/thumbs/41_curedmeat_932x810.png"}}, "seo_name": null}], "grapes": [{"id": 36, "name": "Pinot Blanc", "seo_name": "pinot-blanc", "has_detailed_info": false, "wines_count": 48765}], "region": {"id": 387, "name": "Alsace", "name_en": "Vin d'Alsace", "seo_name": "alsace", "country": {"code": "fr", "name": "France", "native_name": "France", "seo_name": "france", "currency": {"code": "EUR", "name": "Euros", "prefix": "\u20ac", "suffix": null}, "regions_count": 1292, "users_count": 5068363, "wines_count": 542471, "wineries_count": 67002, "most_used_grapes": [{"id": 14, "name": "Pinot Noir", "seo_name": "pinot-noir", "has_detailed_info": true, "wines_count": 572334}, {"id": 10, "name": "Merlot", "seo_name": "merlot", "has_detailed_info": true, "wines_count": 566719}, {"id": 5, "name": "Chardonnay", "seo_name": "chardonnay", "has_detailed_info": true, "wines_count": 604208}]}, "parent_id": null, "background_image": {"location": "//images.vivino.com/regions/backgrounds/n9vcTbetTYeiupq175Mgig.jpg", "variations": {"large": "//thumbs.vivino.com/region_backgrounds/n9vcTbetTYeiupq175Mgig_1280x760.jpg", "medium": "//thumbs.vivino.com/region_backgrounds/n9vcTbetTYeiupq175Mgig_600x356.jpg"}}, "class": {"typecast_map": {"background_image": {}, "class": {}}}, "statistics": {"wineries_count": 1614, "wines_count": 21988, "sub_regions_count": 2, "parent_regions_count": 0}}}, "has_valid_ratings": true}, "description": "", "wine_critic_reviews": [], "awards": [], "ratings_distribution": {"1": 2, "2": 5, "3": 72, "4": 72, "5": 7}, "ranking": {"country": {"description": "Rank within France", "total": 2497578, "rank": 254264}, "region": {"description": "Rank within Wine Region", "total": 161664, "rank": 11642}, "winery": {"description": "Rank within Winery", "total": 1020, "rank": 65}, "global": {"description": "Global Rank", "total": 8944575, "rank": 924685}}, "wine_facts": {}, "winemaker": null, "wine_maker": null, "grape_composition": {}, "year": "", "grapes": null, "has_valid_ratings": true}, "carts": null, "full_region": null, "tastes": null, "wine": {"id": 4713076, "name": "Pinot Blanc", "seo_name": "pinot-blanc", "type_id": 2, "vintage_type": 0, "is_natural": false, "region": {"id": 387, "name": "Alsace", "name_en": "Vin d'Alsace", "seo_name": "alsace", "country": {"code": "fr", "name": "France", "native_name": "France", "seo_name": "france", "currency": {"code": "EUR", "name": "Euros", "prefix": "\u20ac", "suffix": null}, "regions_count": 1292, "users_count": 5068363, "wines_count": 542471, "wineries_count": 67002, "most_used_grapes": [{"id": 14, "name": "Pinot Noir", "seo_name": "pinot-noir", "has_detailed_info": true, "wines_count": 572334}, {"id": 10, "name": "Merlot", "seo_name": "merlot", "has_detailed_info": true, "wines_count": 566719}, {"id": 5, "name": "Chardonnay", "seo_name": "chardonnay", "has_detailed_info": true, "wines_count": 604208}]}, "parent_id": null, "background_image": {"location": "//images.vivino.com/regions/backgrounds/n9vcTbetTYeiupq175Mgig.jpg", "variations": {"large": "//thumbs.vivino.com/region_backgrounds/n9vcTbetTYeiupq175Mgig_1280x760.jpg", "medium": "//thumbs.vivino.com/region_backgrounds/n9vcTbetTYeiupq175Mgig_600x356.jpg"}}, "class": {"typecast_map": {"background_image": {}, "class": {}}}, "statistics": {"wineries_count": 1610, "wines_count": 21681, "sub_regions_count": 2, "parent_regions_count": 0}}, "review_status": 2, "winery": {"id": 13889, "name": "Jean Geiler", "seo_name": "jean-geiler", "status": 0, "review_status": "Completed", "background_image": null, "statistics": {"ratings_count": 12233, "ratings_average": 3.7, "labels_count": 94594, "wines_count": 110}, "region": {"id": 387, "name": "Alsace", "name_en": "Vin d'Alsace", "seo_name": "alsace", "country": {"code": "fr", "name": "France", "native_name": "France", "seo_name": "france", "currency": {"code": "EUR", "name": "Euros", "prefix": "\u20ac", "suffix": null}, "regions_count": 1292, "users_count": 5068363, "wines_count": 542471, "wineries_count": 67002, "most_used_grapes": [{"id": 14, "name": "Pinot Noir", "seo_name": "pinot-noir", "has_detailed_info": true, "wines_count": 572334}, {"id": 10, "name": "Merlot", "seo_name": "merlot", "has_detailed_info": true, "wines_count": 566719}, {"id": 5, "name": "Chardonnay", "seo_name": "chardonnay", "has_detailed_info": true, "wines_count": 604208}]}, "parent_id": null, "background_image": {"location": "//images.vivino.com/regions/backgrounds/n9vcTbetTYeiupq175Mgig.jpg", "variations": {"large": "//thumbs.vivino.com/region_backgrounds/n9vcTbetTYeiupq175Mgig_1280x760.jpg", "medium": "//thumbs.vivino.com/region_backgrounds/n9vcTbetTYeiupq175Mgig_600x356.jpg"}}, "class": {"typecast_map": {"background_image": {}, "class": {}}}, "statistics": {"wineries_count": 1610, "wines_count": 21681, "sub_regions_count": 2, "parent_regions_count": 0}}}, "image": {"location": "//images.vivino.com/labels/U7Xf6ZMmTAi09iq3MMpZsg.jpg", "variations": {"large": "//images.vivino.com/thumbs/U7Xf6ZMmTAi09iq3MMpZsg_375x500.jpg", "medium": "//images.vivino.com/thumbs/U7Xf6ZMmTAi09iq3MMpZsg_150x200.jpg", "medium_square": "//images.vivino.com/thumbs/U7Xf6ZMmTAi09iq3MMpZsg_150x150.jpg", "small_square": "//images.vivino.com/thumbs/U7Xf6ZMmTAi09iq3MMpZsg_80x80.jpg"}}, "statistics": {"status": "Normal", "ratings_count": 158, "ratings_average": 3.7, "labels_count": 1392, "vintages_count": 17}, "rank": null, "hidden": false, "vintages": [{"id": 166267175, "seo_name": "jean-geiler-pinot-blanc-2020", "name": "Jean Geiler Pinot Blanc 2020", "statistics": {"status": "BelowThreshold", "ratings_count": 0, "ratings_average": 0, "labels_count": 11, "reviews_count": 0}, "year": 2020, "grapes": null, "has_valid_ratings": false}, {"id": 162435999, "seo_name": "jean-geiler-pinot-blanc-2019", "name": "Jean Geiler Pinot Blanc 2019", "statistics": {"status": "Normal", "ratings_count": 20, "ratings_average": 3.8, "labels_count": 56, "reviews_count": 13}, "year": 2019, "grapes": null, "has_valid_ratings": true}, {"id": 159170134, "seo_name": "jean-geiler-pinot-blanc-2018", "name": "Jean Geiler Pinot Blanc 2018", "statistics": {"status": "Normal", "ratings_count": 12, "ratings_average": 3.7, "labels_count": 113, "reviews_count": 6}, "year": 2018, "grapes": null, "has_valid_ratings": true}, {"id": 153016150, "seo_name": "jean-geiler-pinot-blanc-2017", "name": "Jean Geiler Pinot Blanc 2017", "statistics": {"status": "Normal", "ratings_count": 59, "ratings_average": 3.5, "labels_count": 864, "reviews_count": 29}, "year": 2017, "grapes": null, "has_valid_ratings": true}, {"id": 152650752, "seo_name": "jean-geiler-pinot-blanc-2016", "name": "Jean Geiler Pinot Blanc 2016", "statistics": {"status": "Normal", "ratings_count": 18, "ratings_average": 3.8, "labels_count": 127, "reviews_count": 10}, "year": 2016, "grapes": null, "has_valid_ratings": true}, {"id": 145583444, "seo_name": "jean-geiler-pinot-blanc-2015", "name": "Jean Geiler Pinot Blanc 2015", "statistics": {"status": "BelowThreshold", "ratings_count": 7, "ratings_average": 0, "labels_count": 31, "reviews_count": 7}, "year": 2015, "grapes": null, "has_valid_ratings": false}, {"id": 145637793, "seo_name": "jean-geiler-pinot-blanc-2014", "name": "Jean Geiler Pinot Blanc 2014", "statistics": {"status": "Normal", "ratings_count": 11, "ratings_average": 3.3, "labels_count": 63, "reviews_count": 4}, "year": 2014, "grapes": null, "has_valid_ratings": true}, {"id": 146029445, "seo_name": "jean-geiler-pinot-blanc-2013", "name": "Jean Geiler Pinot Blanc 2013", "statistics": {"status": "BelowThreshold", "ratings_count": 2, "ratings_average": 0, "labels_count": 12, "reviews_count": 2}, "year": 2013, "grapes": null, "has_valid_ratings": false}, {"id": 152569664, "seo_name": "jean-geiler-pinot-blanc-2012", "name": "Jean Geiler Pinot Blanc 2012", "statistics": {"status": "BelowThreshold", "ratings_count": 0, "ratings_average": 0, "labels_count": 12, "reviews_count": 0}, "year": 2012, "grapes": null, "has_valid_ratings": false}, {"id": 152697254, "seo_name": "jean-geiler-pinot-blanc-2011", "name": "Jean Geiler Pinot Blanc 2011", "statistics": {"status": "BelowThreshold", "ratings_count": 0, "ratings_average": 0, "labels_count": 2, "reviews_count": 0}, "year": 2011, "grapes": null, "has_valid_ratings": false}, {"id": 152557264, "seo_name": "jean-geiler-pinot-blanc-2010", "name": "Jean Geiler Pinot Blanc 2010", "statistics": {"status": "BelowThreshold", "ratings_count": 2, "ratings_average": 0, "labels_count": 9, "reviews_count": 0}, "year": 2010, "grapes": null, "has_valid_ratings": false}, {"id": 148394720, "seo_name": "jean-geiler-pinot-blanc-2009", "name": "Jean Geiler Pinot Blanc 2009", "statistics": {"status": "BelowThreshold", "ratings_count": 0, "ratings_average": 0, "labels_count": 3, "reviews_count": 0}, "year": 2009, "grapes": null, "has_valid_ratings": false}, {"id": 162683854, "seo_name": "jean-geiler-pinot-blanc-2008", "name": "Jean Geiler Pinot Blanc 2008", "statistics": {"status": "BelowThreshold", "ratings_count": 0, "ratings_average": 0, "labels_count": 2, "reviews_count": 0}, "year": 2008, "grapes": null, "has_valid_ratings": false}, {"id": 153263110, "seo_name": "jean-geiler-pinot-blanc-2007", "name": "Jean Geiler Pinot Blanc 2007", "statistics": {"status": "BelowThreshold", "ratings_count": 0, "ratings_average": 0, "labels_count": 1, "reviews_count": 0}, "year": 2007, "grapes": null, "has_valid_ratings": false}, {"id": 151532826, "seo_name": "jean-geiler-pinot-blanc-2005", "name": "Jean Geiler Pinot Blanc 2005", "statistics": {"status": "BelowThreshold", "ratings_count": 0, "ratings_average": 0, "labels_count": 0, "reviews_count": 0}, "year": 2005, "grapes": null, "has_valid_ratings": false}, {"id": 150829598, "seo_name": "jean-geiler-pinot-blanc-1900", "name": "Jean Geiler Pinot Blanc 1900", "statistics": {"status": "BelowThreshold", "ratings_count": 0, "ratings_average": 0, "labels_count": 0, "reviews_count": 0}, "year": 1900, "grapes": null, "has_valid_ratings": false}, {"id": 145536161, "seo_name": "jean-geiler-pinot-blanc-uv", "name": "Jean Geiler Pinot Blanc", "statistics": {"status": "Normal", "ratings_count": 158, "ratings_average": 3.7, "labels_count": 79, "reviews_count": 12}, "year": 0, "grapes": null, "has_valid_ratings": true}], "description": "It has a pale yellow color with hints of green. This dry white wine has a fresh and delicate bouquet with notes of peach and white flowers hints. Pleasant and soft, with medium acidity, it is an easy to drink wine.The Alsace Pinot Blanc is a wine which pairs well with poultry, white meat, or with egg-based dishes such as quiche and omelettes. It pairs also well with noodles, schrimps salads or soft cheese.", "grapes": [{"id": 36, "name": "Pinot Blanc", "seo_name": "pinot-blanc", "has_detailed_info": false, "wines_count": 48765}], "foods": [{"id": 12, "name": "Rich fish (salmon, tuna etc)", "background_image": {"location": "//images.vivino.com/backgrounds/foods/12_richfish.png", "variations": {"small": "//images.vivino.com/backgrounds/foods/thumbs/12_richfish_932x810.png"}}, "seo_name": null}, {"id": 13, "name": "Shellfish", "background_image": {"location": "//images.vivino.com/backgrounds/foods/13_shellfish.png", "variations": {"small": "//images.vivino.com/backgrounds/foods/thumbs/13_shellfish_932x810.png"}}, "seo_name": "shellfish"}, {"id": 35, "name": "Mild and soft cheese", "background_image": {"location": "//images.vivino.com/backgrounds/foods/35_softcheese.png", "variations": {"small": "//images.vivino.com/backgrounds/foods/thumbs/35_softcheese_932x810.png"}}, "seo_name": null}, {"id": 41, "name": "Cured Meat", "background_image": {"location": "//images.vivino.com/backgrounds/foods/41_curedmeat.png", "variations": {"small": "//images.vivino.com/backgrounds/foods/thumbs/41_curedmeat_932x810.png"}}, "seo_name": null}], "non_vintage": false, "alcohol": 12.2, "sweetness_id": null, "closure": null, "vintage_mask_raw": null, "updated_at": "2018-03-19T20:37:59Z", "created_at": "2016-08-03T10:37:47Z", "is_first_wine": false, "style": {"id": 139, "seo_name": "alsace-pinot-blanc", "regional_name": "Alsace", "varietal_name": "Pinot Blanc", "name": "Alsace Pinot Blanc", "image": null, "background_image": null, "description": null, "blurb": null, "interesting_facts": null, "body": 4, "body_description": "Full-bodied", "acidity": 3, "acidity_description": "High", "country": {"code": "fr", "name": "France", "native_name": "France", "seo_name": "france", "currency": {"code": "EUR", "name": "Euros", "prefix": "\u20ac", "suffix": null}, "regions_count": 1292, "users_count": 5068363, "wines_count": 542471, "wineries_count": 67002, "most_used_grapes": [{"id": 14, "name": "Pinot Noir", "seo_name": "pinot-noir", "has_detailed_info": true, "wines_count": 572334}, {"id": 10, "name": "Merlot", "seo_name": "merlot", "has_detailed_info": true, "wines_count": 566719}, {"id": 5, "name": "Chardonnay", "seo_name": "chardonnay", "has_detailed_info": true, "wines_count": 604208}]}, "wine_type_id": 2, "food": [{"id": 12, "name": "Rich fish (salmon, tuna etc)", "background_image": {"location": "//images.vivino.com/backgrounds/foods/12_richfish.png", "variations": {"small": "//images.vivino.com/backgrounds/foods/thumbs/12_richfish_932x810.png"}}, "seo_name": null}, {"id": 13, "name": "Shellfish", "background_image": {"location": "//images.vivino.com/backgrounds/foods/13_shellfish.png", "variations": {"small": "//images.vivino.com/backgrounds/foods/thumbs/13_shellfish_932x810.png"}}, "seo_name": "shellfish"}, {"id": 35, "name": "Mild and soft cheese", "background_image": {"location": "//images.vivino.com/backgrounds/foods/35_softcheese.png", "variations": {"small": "//images.vivino.com/backgrounds/foods/thumbs/35_softcheese_932x810.png"}}, "seo_name": null}, {"id": 41, "name": "Cured Meat", "background_image": {"location": "//images.vivino.com/backgrounds/foods/41_curedmeat.png", "variations": {"small": "//images.vivino.com/backgrounds/foods/thumbs/41_curedmeat_932x810.png"}}, "seo_name": null}], "grapes": [{"id": 36, "name": "Pinot Blanc", "seo_name": "pinot-blanc", "has_detailed_info": false, "wines_count": 48765}], "region": {"id": 387, "name": "Alsace", "name_en": "Vin d'Alsace", "seo_name": "alsace", "country": {"code": "fr", "name": "France", "native_name": "France", "seo_name": "france", "currency": {"code": "EUR", "name": "Euros", "prefix": "\u20ac", "suffix": null}, "regions_count": 1292, "users_count": 5068363, "wines_count": 542471, "wineries_count": 67002, "most_used_grapes": [{"id": 14, "name": "Pinot Noir", "seo_name": "pinot-noir", "has_detailed_info": true, "wines_count": 572334}, {"id": 10, "name": "Merlot", "seo_name": "merlot", "has_detailed_info": true, "wines_count": 566719}, {"id": 5, "name": "Chardonnay", "seo_name": "chardonnay", "has_detailed_info": true, "wines_count": 604208}]}, "parent_id": null, "background_image": {"location": "//images.vivino.com/regions/backgrounds/n9vcTbetTYeiupq175Mgig.jpg", "variations": {"large": "//thumbs.vivino.com/region_backgrounds/n9vcTbetTYeiupq175Mgig_1280x760.jpg", "medium": "//thumbs.vivino.com/region_backgrounds/n9vcTbetTYeiupq175Mgig_600x356.jpg"}}, "class": {"typecast_map": {"background_image": {}, "class": {}}}, "statistics": {"wineries_count": 1614, "wines_count": 21988, "sub_regions_count": 2, "parent_regions_count": 0}}}, "has_valid_ratings": true}, "highlights": [{"vintage_id": 152650752, "highlight_type": "best_user_rated", "message": "This vintage rates better than any other year for this wine", "icon": "https://images.vivino.com/highlights/icon/best_user_rated.svg", "metadata": {"price": null, "wine_id": 4713076, "toplist": null, "ws_award": null, "critic_review_id": null, "ratings_average": 3.8, "ratings_count": 18, "vintage_year": "2016", "rank_type": null, "ranks": {"country": {"description": "Rank within France", "total": 2497578, "rank": 535715}, "region": {"description": "Rank within Wine Region", "total": 161664, "rank": 28407}, "winery": {"description": "Rank within Winery", "total": 1020, "rank": 211}, "global": {"description": "Global Rank", "total": 8944575, "rank": 1932915}}, "style": {"id": 139, "seo_name": "alsace-pinot-blanc", "regional_name": "Alsace", "varietal_name": "Pinot Blanc", "name": "Alsace Pinot Blanc", "image": null, "background_image": null, "description": null, "blurb": null, "interesting_facts": null, "body": 4, "body_description": "Full-bodied", "acidity": 3, "acidity_description": "High", "country": {"code": "fr", "name": "France", "native_name": "France", "seo_name": "france", "currency": {"code": "EUR", "name": "Euros", "prefix": "\u20ac", "suffix": null}, "regions_count": 1292, "users_count": 5068363, "wines_count": 542471, "wineries_count": 67002, "most_used_grapes": [{"id": 14, "name": "Pinot Noir", "seo_name": "pinot-noir", "has_detailed_info": true, "wines_count": 572334}, {"id": 10, "name": "Merlot", "seo_name": "merlot", "has_detailed_info": true, "wines_count": 566719}, {"id": 5, "name": "Chardonnay", "seo_name": "chardonnay", "has_detailed_info": true, "wines_count": 604208}]}, "wine_type_id": 2, "food": [{"id": 12, "name": "Rich fish (salmon, tuna etc)", "background_image": {"location": "//images.vivino.com/backgrounds/foods/12_richfish.png", "variations": {"small": "//images.vivino.com/backgrounds/foods/thumbs/12_richfish_932x810.png"}}, "seo_name": null}, {"id": 13, "name": "Shellfish", "background_image": {"location": "//images.vivino.com/backgrounds/foods/13_shellfish.png", "variations": {"small": "//images.vivino.com/backgrounds/foods/thumbs/13_shellfish_932x810.png"}}, "seo_name": "shellfish"}, {"id": 35, "name": "Mild and soft cheese", "background_image": {"location": "//images.vivino.com/backgrounds/foods/35_softcheese.png", "variations": {"small": "//images.vivino.com/backgrounds/foods/thumbs/35_softcheese_932x810.png"}}, "seo_name": null}, {"id": 41, "name": "Cured Meat", "background_image": {"location": "//images.vivino.com/backgrounds/foods/41_curedmeat.png", "variations": {"small": "//images.vivino.com/backgrounds/foods/thumbs/41_curedmeat_932x810.png"}}, "seo_name": null}], "grapes": [{"id": 36, "name": "Pinot Blanc", "seo_name": "pinot-blanc", "has_detailed_info": false, "wines_count": 48765}], "region": {"id": 387, "name": "Alsace", "name_en": "Vin d'Alsace", "seo_name": "alsace", "country": {"code": "fr", "name": "France", "native_name": "France", "seo_name": "france", "currency": {"code": "EUR", "name": "Euros", "prefix": "\u20ac", "suffix": null}, "regions_count": 1292, "users_count": 5068363, "wines_count": 542471, "wineries_count": 67002, "most_used_grapes": [{"id": 14, "name": "Pinot Noir", "seo_name": "pinot-noir", "has_detailed_info": true, "wines_count": 572334}, {"id": 10, "name": "Merlot", "seo_name": "merlot", "has_detailed_info": true, "wines_count": 566719}, {"id": 5, "name": "Chardonnay", "seo_name": "chardonnay", "has_detailed_info": true, "wines_count": 604208}]}, "parent_id": null, "background_image": {"location": "//images.vivino.com/regions/backgrounds/n9vcTbetTYeiupq175Mgig.jpg", "variations": {"large": "//thumbs.vivino.com/region_backgrounds/n9vcTbetTYeiupq175Mgig_1280x760.jpg", "medium": "//thumbs.vivino.com/region_backgrounds/n9vcTbetTYeiupq175Mgig_600x356.jpg"}}, "class": {"typecast_map": {"background_image": {}, "class": {}}}, "statistics": {"wineries_count": 1614, "wines_count": 21988, "sub_regions_count": 2, "parent_regions_count": 0}}}}, "vintage_year": 2016}, {"vintage_id": 153016150, "highlight_type": "most_user_rated", "message": "Popular among Vivino users. More than 50 ratings", "icon": "https://images.vivino.com/highlights/icon/most_user_rated.svg", "metadata": {"price": null, "wine_id": 4713076, "toplist": null, "ws_award": null, "critic_review_id": null, "ratings_average": 3.5, "ratings_count": 59, "vintage_year": "2017", "rank_type": null, "ranks": {"country": {"description": "Rank within France", "total": 2497578, "rank": 596290}, "region": {"description": "Rank within Wine Region", "total": 161664, "rank": 32019}, "winery": {"description": "Rank within Winery", "total": 1020, "rank": 234}, "global": {"description": "Global Rank", "total": 8944575, "rank": 2156972}}, "style": {"id": 139, "seo_name": "alsace-pinot-blanc", "regional_name": "Alsace", "varietal_name": "Pinot Blanc", "name": "Alsace Pinot Blanc", "image": null, "background_image": null, "description": null, "blurb": null, "interesting_facts": null, "body": 4, "body_description": "Full-bodied", "acidity": 3, "acidity_description": "High", "country": {"code": "fr", "name": "France", "native_name": "France", "seo_name": "france", "currency": {"code": "EUR", "name": "Euros", "prefix": "\u20ac", "suffix": null}, "regions_count": 1292, "users_count": 5068363, "wines_count": 542471, "wineries_count": 67002, "most_used_grapes": [{"id": 14, "name": "Pinot Noir", "seo_name": "pinot-noir", "has_detailed_info": true, "wines_count": 572334}, {"id": 10, "name": "Merlot", "seo_name": "merlot", "has_detailed_info": true, "wines_count": 566719}, {"id": 5, "name": "Chardonnay", "seo_name": "chardonnay", "has_detailed_info": true, "wines_count": 604208}]}, "wine_type_id": 2, "food": [{"id": 12, "name": "Rich fish (salmon, tuna etc)", "background_image": {"location": "//images.vivino.com/backgrounds/foods/12_richfish.png", "variations": {"small": "//images.vivino.com/backgrounds/foods/thumbs/12_richfish_932x810.png"}}, "seo_name": null}, {"id": 13, "name": "Shellfish", "background_image": {"location": "//images.vivino.com/backgrounds/foods/13_shellfish.png", "variations": {"small": "//images.vivino.com/backgrounds/foods/thumbs/13_shellfish_932x810.png"}}, "seo_name": "shellfish"}, {"id": 35, "name": "Mild and soft cheese", "background_image": {"location": "//images.vivino.com/backgrounds/foods/35_softcheese.png", "variations": {"small": "//images.vivino.com/backgrounds/foods/thumbs/35_softcheese_932x810.png"}}, "seo_name": null}, {"id": 41, "name": "Cured Meat", "background_image": {"location": "//images.vivino.com/backgrounds/foods/41_curedmeat.png", "variations": {"small": "//images.vivino.com/backgrounds/foods/thumbs/41_curedmeat_932x810.png"}}, "seo_name": null}], "grapes": [{"id": 36, "name": "Pinot Blanc", "seo_name": "pinot-blanc", "has_detailed_info": false, "wines_count": 48765}], "region": {"id": 387, "name": "Alsace", "name_en": "Vin d'Alsace", "seo_name": "alsace", "country": {"code": "fr", "name": "France", "native_name": "France", "seo_name": "france", "currency": {"code": "EUR", "name": "Euros", "prefix": "\u20ac", "suffix": null}, "regions_count": 1292, "users_count": 5068363, "wines_count": 542471, "wineries_count": 67002, "most_used_grapes": [{"id": 14, "name": "Pinot Noir", "seo_name": "pinot-noir", "has_detailed_info": true, "wines_count": 572334}, {"id": 10, "name": "Merlot", "seo_name": "merlot", "has_detailed_info": true, "wines_count": 566719}, {"id": 5, "name": "Chardonnay", "seo_name": "chardonnay", "has_detailed_info": true, "wines_count": 604208}]}, "parent_id": null, "background_image": {"location": "//images.vivino.com/regions/backgrounds/n9vcTbetTYeiupq175Mgig.jpg", "variations": {"large": "//thumbs.vivino.com/region_backgrounds/n9vcTbetTYeiupq175Mgig_1280x760.jpg", "medium": "//thumbs.vivino.com/region_backgrounds/n9vcTbetTYeiupq175Mgig_600x356.jpg"}}, "class": {"typecast_map": {"background_image": {}, "class": {}}}, "statistics": {"wineries_count": 1614, "wines_count": 21988, "sub_regions_count": 2, "parent_regions_count": 0}}}}, "vintage_year": 2017}], "recommended_vintages": [{"vintage": {"id": 152650752, "seo_name": "jean-geiler-pinot-blanc-2016", "name": "Jean Geiler Pinot Blanc 2016", "statistics": {"status": "Normal", "ratings_count": 18, "ratings_average": 3.8, "labels_count": 127, "reviews_count": 10}, "year": 2016, "grapes": null, "has_valid_ratings": true}, "type": "best_user_rated", "highlight_icon": "https://images.vivino.com/highlights/icon/best_user_rated.svg", "price": null}, {"vintage": {"id": 153016150, "seo_name": "jean-geiler-pinot-blanc-2017", "name": "Jean Geiler Pinot Blanc 2017", "statistics": {"status": "Normal", "ratings_count": 59, "ratings_average": 3.5, "labels_count": 864, "reviews_count": 29}, "year": 2017, "grapes": null, "has_valid_ratings": true}, "type": "most_user_rated", "highlight_icon": "https://images.vivino.com/highlights/icon/most_user_rated.svg", "price": null}], "prices_and_availabilities": [], "price_range": {"currency": {"code": "EUR", "name": "Euros", "prefix": "\u20ac", "suffix": null}, "price_range": {"minimum": 0, "maximum": 500, "currency_code": "EUR"}, "defaults": {"minimum": 7, "maximum": 30, "currency_code": "EUR"}}, "subtotal_price": null}