{"tastes": {"structure": {"acidity": 4.4297915, "fizziness": null, "intensity": 2.6489086, "sweetness": 1.5112199, "tannin": null, "user_structure_count": 35, "calculated_structure_count": 15}, "flavor": [{"group": "tree_fruit", "stats": {"count": 13, "score": 2300, "mentions_count": 23}, "primary_keywords": [{"id": 195, "name": "Gr\u00fcner Apfel", "count": 7}, {"id": 11, "name": "Aprikose", "count": 5}, {"id": 9, "name": "Apfel", "count": 4}, {"id": 310, "name": "Pfirsich", "count": 4}, {"id": 278, "name": "Mirabelle", "count": 2}, {"id": 315, "name": "Birne", "count": 1}]}, {"group": "earth", "stats": {"count": 11, "score": 1700, "mentions_count": 17}, "primary_keywords": [{"id": 276, "name": "Mineralien", "count": 8}, {"id": 218, "name": "Honig", "count": 5}, {"id": 325, "name": "Petroleum", "count": 2}, {"id": 398, "name": "Stein", "count": 1}, {"id": 156, "name": "Erdig", "count": 1}]}, {"group": "citrus_fruit", "stats": {"count": 6, "score": 600, "mentions_count": 6}, "primary_keywords": [{"id": 243, "name": "Zitrone", "count": 3}, {"id": 106, "name": "Zitrone", "count": 2}, {"id": 254, "name": "Limettenmark", "count": 1}]}, {"group": "vegetal", "stats": {"count": 6, "score": 600, "mentions_count": 6}, "primary_keywords": [{"id": 193, "name": "Gras", "count": 4}, {"id": 185, "name": "Stachelbeere", "count": 1}, {"id": 468, "name": "Katzenurin", "count": 1}]}, {"group": "tropical_fruit", "stats": {"count": 3, "score": 300, "mentions_count": 3}, "primary_keywords": [{"id": 329, "name": "Ananas", "count": 1}, {"id": 237, "name": "Kiwi", "count": 1}, {"id": 428, "name": "Tropisch", "count": 1}]}, {"group": "floral", "stats": {"count": 2, "score": 200, "mentions_count": 2}, "primary_keywords": [{"id": 221, "name": "Gei\u00dfblatt", "count": 1}, {"id": 230, "name": "Jasmin", "count": 1}]}]}, "vivino_id": "6835599"}