{"tastes": {"structure": {"acidity": 3.3541656, "fizziness": null, "intensity": 2.4059708, "sweetness": 1.9612277, "tannin": null, "user_structure_count": 35, "calculated_structure_count": 45}, "flavor": [{"group": "tree_fruit", "stats": {"count": 23, "score": 3500, "mentions_count": 35}, "primary_keywords": [{"id": 9, "name": "Apfel", "count": 11}, {"id": 315, "name": "Birne", "count": 6}, {"id": 469, "name": "Steinfrucht", "count": 5}, {"id": 271, "name": "Melone", "count": 4}, {"id": 11, "name": "Aprikose", "count": 3}, {"id": 195, "name": "Gr\u00fcner Apfel", "count": 2}, {"id": 199, "name": "Gr\u00fcne Feige", "count": 1}, {"id": 432, "name": "Unreifer Pfirsich", "count": 1}, {"id": 310, "name": "Pfirsich", "count": 1}, {"id": 343, "name": "Quitte", "count": 1}]}, {"group": "oak", "stats": {"count": 28, "score": 3003, "mentions_count": 32}, "primary_keywords": [{"id": 292, "name": "Eiche", "count": 19}, {"id": 434, "name": "Vanille", "count": 4}, {"id": 112, "name": "Nelke", "count": 4}, {"id": 70, "name": "Butter", "count": 3}, {"id": 115, "name": "Kokosnuss", "count": 2}], "secondary_keywords": [{"id": 384, "name": "Rauch", "count": 2}]}, {"group": "earth", "stats": {"count": 20, "score": 2336, "mentions_count": 25}, "primary_keywords": [{"id": 398, "name": "Stein", "count": 8}, {"id": 276, "name": "Mineralien", "count": 6}, {"id": 218, "name": "Honig", "count": 5}, {"id": 384, "name": "Rauch", "count": 2}, {"id": 156, "name": "Erdig", "count": 1}, {"id": 284, "name": "Champignon", "count": 1}, {"id": 383, "name": "Schiefer", "count": 1}, {"id": 181, "name": "Ingwer", "count": 1}]}, {"group": "citrus_fruit", "stats": {"count": 14, "score": 1600, "mentions_count": 16}, "primary_keywords": [{"id": 106, "name": "Zitrone", "count": 8}, {"id": 252, "name": "Limette", "count": 3}, {"id": 243, "name": "Zitrone", "count": 3}, {"id": 248, "name": "Zitronenw\u00fcrze", "count": 1}, {"id": 190, "name": "Grapefruit", "count": 1}]}, {"group": "tropical_fruit", "stats": {"count": 13, "score": 1333, "mentions_count": 13}, "primary_keywords": [{"id": 428, "name": "Tropisch", "count": 5}, {"id": 329, "name": "Ananas", "count": 4}, {"id": 237, "name": "Kiwi", "count": 1}, {"id": 256, "name": "Litschi", "count": 1}, {"id": 306, "name": "Passionsfrucht", "count": 1}, {"id": 261, "name": "Mango", "count": 1}], "secondary_keywords": [{"id": 23, "name": "Banane", "count": 1}]}, {"group": "vegetal", "stats": {"count": 8, "score": 800, "mentions_count": 8}, "primary_keywords": [{"id": 193, "name": "Gras", "count": 5}, {"id": 399, "name": "Stroh", "count": 2}, {"id": 185, "name": "Stachelbeere", "count": 1}]}, {"group": "microbio", "stats": {"count": 8, "score": 816, "mentions_count": 7}, "primary_keywords": [{"id": 295, "name": "\u00d6l", "count": 4}, {"id": 123, "name": "Creme", "count": 1}, {"id": 419, "name": "Getoastetes Brot", "count": 1}, {"id": 23, "name": "Banane", "count": 1}], "secondary_keywords": [{"id": 70, "name": "Butter", "count": 3}, {"id": 284, "name": "Champignon", "count": 1}]}, {"group": "spices", "stats": {"count": 10, "score": 526, "mentions_count": 4}, "primary_keywords": [{"id": 373, "name": "Rosmarin", "count": 1}, {"id": 375, "name": "Salbei", "count": 1}, {"id": 416, "name": "Thymian", "count": 1}, {"id": 161, "name": "Fenchel", "count": 1}], "secondary_keywords": [{"id": 434, "name": "Vanille", "count": 4}, {"id": 112, "name": "Nelke", "count": 4}, {"id": 181, "name": "Ingwer", "count": 1}]}, {"group": "non_oak", "stats": {"count": 9, "score": 186, "mentions_count": 1}, "primary_keywords": [{"id": 35, "name": "Keks", "count": 1}], "secondary_keywords": [{"id": 434, "name": "Vanille", "count": 4}, {"id": 112, "name": "Nelke", "count": 4}, {"id": 384, "name": "Rauch", "count": 2}]}, {"group": "red_fruit", "stats": {"count": 1, "score": 100, "mentions_count": 1}, "primary_keywords": [{"id": 400, "name": "Erdbeere", "count": 1}]}, {"group": "floral", "stats": {"count": 1, "score": 100, "mentions_count": 1}, "primary_keywords": [{"id": 221, "name": "Gei\u00dfblatt", "count": 1}]}, {"group": "dried_fruit", "stats": {"count": 1, "score": 100, "mentions_count": 1}, "primary_keywords": [{"id": 347, "name": "Rosine", "count": 1}]}, {"group": "black_fruit", "stats": {"count": 1, "score": 100, "mentions_count": 1}, "primary_keywords": [{"id": 52, "name": "Schwarze Johannisbeere", "count": 1}]}]}, "vivino_id": "1524062"}