{"tastes": {"structure": {"acidity": 3.8555992, "fizziness": null, "intensity": 3.4270573, "sweetness": 2.3415873, "tannin": null, "user_structure_count": 77, "calculated_structure_count": 37}, "flavor": [{"group": "tree_fruit", "stats": {"count": 28, "score": 4600, "mentions_count": 46}, "primary_keywords": [{"id": 310, "name": "Pfirsich", "count": 12}, {"id": 9, "name": "Apfel", "count": 7}, {"id": 11, "name": "Aprikose", "count": 6}, {"id": 315, "name": "Birne", "count": 5}, {"id": 448, "name": "Wei\u00dfer Pfirsich", "count": 4}, {"id": 469, "name": "Steinfrucht", "count": 3}, {"id": 271, "name": "Melone", "count": 3}, {"id": 461, "name": "Gelbe Pflaume", "count": 2}, {"id": 432, "name": "Unreifer Pfirsich", "count": 1}, {"id": 195, "name": "Gr\u00fcner Apfel", "count": 1}, {"id": 458, "name": "Gelber Apfel", "count": 1}, {"id": 460, "name": "Gelber Pfirsich", "count": 1}]}, {"group": "earth", "stats": {"count": 23, "score": 2605, "mentions_count": 26}, "primary_keywords": [{"id": 276, "name": "Mineralien", "count": 11}, {"id": 218, "name": "Honig", "count": 7}, {"id": 398, "name": "Stein", "count": 3}, {"id": 430, "name": "Tr\u00fcffel", "count": 2}, {"id": 156, "name": "Erdig", "count": 1}, {"id": 164, "name": "Feuerstein", "count": 1}, {"id": 181, "name": "Ingwer", "count": 1}], "secondary_keywords": [{"id": 6, "name": "Mandel", "count": 3}, {"id": 381, "name": "Bohnenkraut", "count": 1}]}, {"group": "citrus_fruit", "stats": {"count": 16, "score": 2100, "mentions_count": 21}, "primary_keywords": [{"id": 106, "name": "Zitrone", "count": 8}, {"id": 252, "name": "Limette", "count": 3}, {"id": 243, "name": "Zitrone", "count": 3}, {"id": 298, "name": "Orange", "count": 3}, {"id": 248, "name": "Zitronenw\u00fcrze", "count": 1}, {"id": 274, "name": "Meyerlimette", "count": 1}, {"id": 109, "name": "Zitrusw\u00fcrze", "count": 1}, {"id": 190, "name": "Grapefruit", "count": 1}]}, {"group": "floral", "stats": {"count": 8, "score": 925, "mentions_count": 9}, "primary_keywords": [{"id": 221, "name": "Gei\u00dfblatt", "count": 2}, {"id": 2, "name": "Akazie", "count": 1}, {"id": 157, "name": "Holunderbl\u00fcte", "count": 1}, {"id": 322, "name": "Parf\u00fcm", "count": 1}, {"id": 299, "name": "Orangenbl\u00fcte", "count": 1}, {"id": 107, "name": "Zitronenbl\u00fcte", "count": 1}, {"id": 10, "name": "Apfelbl\u00fcte", "count": 1}, {"id": 371, "name": "Rosenblatt", "count": 1}], "secondary_keywords": [{"id": 381, "name": "Bohnenkraut", "count": 1}]}, {"group": "tropical_fruit", "stats": {"count": 6, "score": 800, "mentions_count": 8}, "primary_keywords": [{"id": 261, "name": "Mango", "count": 3}, {"id": 428, "name": "Tropisch", "count": 3}, {"id": 306, "name": "Passionsfrucht", "count": 1}, {"id": 329, "name": "Ananas", "count": 1}]}, {"group": "vegetal", "stats": {"count": 9, "score": 755, "mentions_count": 7}, "primary_keywords": [{"id": 399, "name": "Stroh", "count": 5}, {"id": 193, "name": "Gras", "count": 1}, {"id": 212, "name": "Heu", "count": 1}], "secondary_keywords": [{"id": 6, "name": "Mandel", "count": 3}, {"id": 381, "name": "Bohnenkraut", "count": 1}]}, {"group": "microbio", "stats": {"count": 7, "score": 513, "mentions_count": 4}, "primary_keywords": [{"id": 123, "name": "Creme", "count": 2}, {"id": 295, "name": "\u00d6l", "count": 1}, {"id": 60, "name": "Brothefe", "count": 1}], "secondary_keywords": [{"id": 6, "name": "Mandel", "count": 3}, {"id": 430, "name": "Tr\u00fcffel", "count": 2}, {"id": 70, "name": "Butter", "count": 1}]}, {"group": "non_oak", "stats": {"count": 5, "score": 259, "mentions_count": 4}, "primary_keywords": [{"id": 6, "name": "Mandel", "count": 3}, {"id": 291, "name": "Nussig", "count": 1}], "secondary_keywords": [{"id": 434, "name": "Vanille", "count": 1}]}, {"group": "oak", "stats": {"count": 6, "score": 282, "mentions_count": 3}, "primary_keywords": [{"id": 70, "name": "Butter", "count": 1}, {"id": 292, "name": "Eiche", "count": 1}, {"id": 434, "name": "Vanille", "count": 1}], "secondary_keywords": [{"id": 6, "name": "Mandel", "count": 3}]}, {"group": "spices", "stats": {"count": 3, "score": 261, "mentions_count": 3}, "primary_keywords": [{"id": 449, "name": "Weiter Pfeffer", "count": 1}, {"id": 381, "name": "Bohnenkraut", "count": 1}, {"id": 26, "name": "Lorbeer", "count": 1}], "secondary_keywords": [{"id": 181, "name": "Ingwer", "count": 1}, {"id": 434, "name": "Vanille", "count": 1}]}, {"group": "dried_fruit", "stats": {"count": 2, "score": 200, "mentions_count": 2}, "primary_keywords": [{"id": 140, "name": "Getrocknete Aprikose", "count": 2}]}]}, "vivino_id": "92568"}