{"tastes": {"structure": {"acidity": 3.9414916, "fizziness": null, "intensity": 2.796627, "sweetness": 1.0681186, "tannin": null, "user_structure_count": 16, "calculated_structure_count": 31}, "flavor": [{"group": "earth", "stats": {"count": 20, "score": 2958, "mentions_count": 30}, "primary_keywords": [{"id": 276, "name": "Mineralien", "count": 14}, {"id": 398, "name": "Stein", "count": 6}, {"id": 218, "name": "Honig", "count": 3}, {"id": 85, "name": "Kreide", "count": 3}, {"id": 383, "name": "Schiefer", "count": 2}, {"id": 444, "name": "Nasser Schiefer", "count": 1}, {"id": 384, "name": "Rauch", "count": 1}]}, {"group": "tree_fruit", "stats": {"count": 21, "score": 2800, "mentions_count": 28}, "primary_keywords": [{"id": 310, "name": "Pfirsich", "count": 7}, {"id": 9, "name": "Apfel", "count": 5}, {"id": 315, "name": "Birne", "count": 5}, {"id": 195, "name": "Gr\u00fcner Apfel", "count": 2}, {"id": 448, "name": "Wei\u00dfer Pfirsich", "count": 2}, {"id": 271, "name": "Melone", "count": 2}, {"id": 11, "name": "Aprikose", "count": 2}, {"id": 432, "name": "Unreifer Pfirsich", "count": 1}, {"id": 458, "name": "Gelber Apfel", "count": 1}, {"id": 469, "name": "Steinfrucht", "count": 1}]}, {"group": "citrus_fruit", "stats": {"count": 16, "score": 1900, "mentions_count": 19}, "primary_keywords": [{"id": 106, "name": "Zitrone", "count": 11}, {"id": 248, "name": "Zitronenw\u00fcrze", "count": 3}, {"id": 243, "name": "Zitrone", "count": 2}, {"id": 252, "name": "Limette", "count": 2}, {"id": 190, "name": "Grapefruit", "count": 1}]}, {"group": "tropical_fruit", "stats": {"count": 11, "score": 1200, "mentions_count": 12}, "primary_keywords": [{"id": 428, "name": "Tropisch", "count": 8}, {"id": 304, "name": "Papaya", "count": 1}, {"id": 261, "name": "Mango", "count": 1}, {"id": 306, "name": "Passionsfrucht", "count": 1}, {"id": 329, "name": "Ananas", "count": 1}]}, {"group": "oak", "stats": {"count": 5, "score": 457, "mentions_count": 5}, "primary_keywords": [{"id": 434, "name": "Vanille", "count": 3}, {"id": 70, "name": "Butter", "count": 1}, {"id": 292, "name": "Eiche", "count": 1}], "secondary_keywords": [{"id": 384, "name": "Rauch", "count": 1}]}, {"group": "microbio", "stats": {"count": 5, "score": 533, "mentions_count": 5}, "primary_keywords": [{"id": 123, "name": "Creme", "count": 4}, {"id": 404, "name": "Verschwitzt", "count": 1}], "secondary_keywords": [{"id": 70, "name": "Butter", "count": 1}]}, {"group": "floral", "stats": {"count": 3, "score": 300, "mentions_count": 3}, "primary_keywords": [{"id": 10, "name": "Apfelbl\u00fcte", "count": 1}, {"id": 157, "name": "Holunderbl\u00fcte", "count": 1}, {"id": 2, "name": "Akazie", "count": 1}]}, {"group": "vegetal", "stats": {"count": 2, "score": 200, "mentions_count": 2}, "primary_keywords": [{"id": 399, "name": "Stroh", "count": 1}, {"id": 193, "name": "Gras", "count": 1}]}, {"group": "non_oak", "stats": {"count": 4, "score": 34, "mentions_count": 0}, "secondary_keywords": [{"id": 434, "name": "Vanille", "count": 3}, {"id": 384, "name": "Rauch", "count": 1}]}, {"group": "spices", "stats": {"count": 3, "score": 18, "mentions_count": 0}, "secondary_keywords": [{"id": 434, "name": "Vanille", "count": 3}]}]}, "vivino_id": "1738036"}