{"vintage": {"id": 1961899, "seo_name": "nino-negri-sassella-valtellina-superiore-uv", "name": "Nino Negri Sassella Valtellina Superiore", "statistics": {"status": "Normal", "ratings_count": 4177, "ratings_average": 3.5, "labels_count": 424, "reviews_count": 38}, "organic_certification_id": null, "certified_biodynamic": null, "image": {"location": "//images.vivino.com/thumbs/UFMxZ_v6SsW4VDRxSTeu1w_pl_480x640.png", "variations": {"bottle_large": "//images.vivino.com/thumbs/UFMxZ_v6SsW4VDRxSTeu1w_pb_x960.png", "bottle_medium": "//images.vivino.com/thumbs/UFMxZ_v6SsW4VDRxSTeu1w_pb_x600.png", "bottle_medium_square": "//images.vivino.com/thumbs/UFMxZ_v6SsW4VDRxSTeu1w_pb_600x600.png", "bottle_small": "//images.vivino.com/thumbs/UFMxZ_v6SsW4VDRxSTeu1w_pb_x300.png", "bottle_small_square": "//images.vivino.com/thumbs/UFMxZ_v6SsW4VDRxSTeu1w_pb_300x300.png", "label": "//images.vivino.com/thumbs/UFMxZ_v6SsW4VDRxSTeu1w_pl_480x640.png", "label_large": "//images.vivino.com/thumbs/UFMxZ_v6SsW4VDRxSTeu1w_pl_375x500.png", "label_medium": "//images.vivino.com/thumbs/UFMxZ_v6SsW4VDRxSTeu1w_pl_150x200.png", "label_medium_square": "//images.vivino.com/thumbs/UFMxZ_v6SsW4VDRxSTeu1w_pl_150x150.png", "label_small_square": "//images.vivino.com/thumbs/UFMxZ_v6SsW4VDRxSTeu1w_pl_80x80.png", "large": "//images.vivino.com/thumbs/UFMxZ_v6SsW4VDRxSTeu1w_pl_375x500.png", "medium": "//images.vivino.com/thumbs/UFMxZ_v6SsW4VDRxSTeu1w_pl_150x200.png", "medium_square": "//images.vivino.com/thumbs/UFMxZ_v6SsW4VDRxSTeu1w_pl_150x150.png", "small_square": "//images.vivino.com/thumbs/UFMxZ_v6SsW4VDRxSTeu1w_pl_80x80.png"}}, "wine": {"id": 1219823, "name": "Sassella Valtellina Superiore", "seo_name": "sassella-valtellina-superiore", "type_id": 1, "vintage_type": 0, "is_natural": false, "region": {"id": 1836, "name": "Valtellina Superiore", "name_en": "", "seo_name": "valtellina-superiore", "country": {"code": "it", "name": "Italy", "native_name": "Italia", "seo_name": "italy", "currency": {"code": "EUR", "name": "Euros", "prefix": "\u20ac", "suffix": null}, "regions_count": 557, "users_count": 3875564, "wines_count": 355339, "wineries_count": 41362, "most_used_grapes": [{"id": 16, "name": "Sangiovese", "seo_name": "sangiovese", "has_detailed_info": true, "wines_count": 125094}, {"id": 10, "name": "Merlot", "seo_name": "merlot", "has_detailed_info": true, "wines_count": 566719}, {"id": 5, "name": "Chardonnay", "seo_name": "chardonnay", "has_detailed_info": true, "wines_count": 604208}]}, "parent_id": 746, "background_image": null, "class": {"typecast_map": {"background_image": {}, "class": {}}}, "statistics": {"wineries_count": 19, "wines_count": 387, "sub_regions_count": 0, "parent_regions_count": 2}}, "review_status": 2, "winery": {"id": 2995, "name": "Nino Negri", "seo_name": "nino-negri", "status": 0, "review_status": "Completed", "background_image": null, "statistics": {"ratings_count": 58265, "ratings_average": 3.9, "labels_count": 333227, "wines_count": 39}, "region": {"id": 745, "name": "Lombardia", "name_en": "Lombardy", "seo_name": "lombardia", "country": {"code": "it", "name": "Italy", "native_name": "Italia", "seo_name": "italy", "currency": {"code": "EUR", "name": "Euros", "prefix": "\u20ac", "suffix": null}, "regions_count": 557, "users_count": 3875564, "wines_count": 355339, "wineries_count": 41362, "most_used_grapes": [{"id": 16, "name": "Sangiovese", "seo_name": "sangiovese", "has_detailed_info": true, "wines_count": 125094}, {"id": 10, "name": "Merlot", "seo_name": "merlot", "has_detailed_info": true, "wines_count": 566719}, {"id": 5, "name": "Chardonnay", "seo_name": "chardonnay", "has_detailed_info": true, "wines_count": 604208}]}, "parent_id": null, "background_image": {"location": "//images.vivino.com/regions/backgrounds/q694FLEERu6-oBYfx9mMzw.jpg", "variations": {"large": "//thumbs.vivino.com/region_backgrounds/q694FLEERu6-oBYfx9mMzw_1280x760.jpg", "medium": "//thumbs.vivino.com/region_backgrounds/q694FLEERu6-oBYfx9mMzw_600x356.jpg"}}, "statistics": {"wineries_count": 1916, "wines_count": 11267, "sub_regions_count": 28, "parent_regions_count": 0}}, "business_name": "Nino Negri", "description": "", "specialists_notes": "", "phone": "39 0342 485 211", "email": "n.negri@giv.it", "facebook": "", "instagram": "", "is_claimed": false, "twitter": "", "website": "http://www.ninonegri.it", "winemaker": "Nino Negri", "wine_maker": {"id": 9717, "name": "Nino Negri"}, "address": {"title": null, "name": null, "street": "Via Ghibellini, 3", "street2": null, "neighborhood": null, "city": "Sondrio", "zip": "23030", "state": null, "country": {"code": "it", "name": "Italy", "native_name": "Italia", "seo_name": "italy", "currency": {"code": "EUR", "name": "Euros", "prefix": "\u20ac", "suffix": null}, "regions_count": 557, "users_count": 3875564, "wines_count": 355339, "wineries_count": 41362, "most_used_grapes": [{"id": 16, "name": "Sangiovese", "seo_name": "sangiovese", "has_detailed_info": true, "wines_count": 125094}, {"id": 10, "name": "Merlot", "seo_name": "merlot", "has_detailed_info": true, "wines_count": 566719}, {"id": 5, "name": "Chardonnay", "seo_name": "chardonnay", "has_detailed_info": true, "wines_count": 604208}]}, "company": null, "phone": null, "external_id": null, "residential": null, "vat_number": null, "vat_code": null, "addition": null}, "image": null, "location": {"latitude": 46.17107, "longitude": 9.990381}, "winery_group": {"id": 63, "name": "Gruppo Italiano Vini", "website": "http://www.gruppoitalianovini.com/"}, "first_wines": [], "sponsored_entity_type": null, "sponsored_entity": null}, "statistics": {"status": "Normal", "ratings_count": 4177, "ratings_average": 3.5, "labels_count": 24406, "vintages_count": 72}, "rank": {"country": {"description": "Rank within Italy", "total": 212328, "rank": 32057}, "region": {"description": "Rank within Wine Region", "total": 11457, "rank": 1318}, "winery": {"description": "Rank within Winery", "total": 36, "rank": 21}, "wine_type": {"description": "Rank within all Red Wine", "total": 659126, "rank": 98266}, "global": {"description": "Global Rank", "total": 1302037, "rank": 163325}}, "hidden": false, "vintages": [{"id": 156697247, "seo_name": "nino-negri-sassella-valtellina-superiore-2018", "name": "Nino Negri Sassella Valtellina Superiore 2018", "statistics": {"status": "Normal", "ratings_count": 49, "ratings_average": 3.5, "labels_count": 285, "reviews_count": 15}, "year": 2018, "grapes": null, "has_valid_ratings": true}, {"id": 151198832, "seo_name": "nino-negri-sassella-valtellina-superiore-2017", "name": "Nino Negri Sassella Valtellina Superiore 2017", "statistics": {"status": "Normal", "ratings_count": 235, "ratings_average": 3.6, "labels_count": 1658, "reviews_count": 66}, "year": 2017, "grapes": null, "has_valid_ratings": true}, {"id": 97422358, "seo_name": "nino-negri-sassella-valtellina-superiore-2016", "name": "Nino Negri Sassella Valtellina Superiore 2016", "statistics": {"status": "Normal", "ratings_count": 384, "ratings_average": 3.7, "labels_count": 3006, "reviews_count": 105}, "year": 2016, "grapes": null, "has_valid_ratings": true}, {"id": 14210651, "seo_name": "nino-negri-sassella-valtellina-superiore-2015", "name": "Nino Negri Sassella Valtellina Superiore 2015", "statistics": {"status": "Normal", "ratings_count": 358, "ratings_average": 3.6, "labels_count": 2600, "reviews_count": 75}, "year": 2015, "grapes": null, "has_valid_ratings": true}, {"id": 11067241, "seo_name": "nino-negri-sassella-valtellina-superiore-2014", "name": "Nino Negri Sassella Valtellina Superiore 2014", "statistics": {"status": "Normal", "ratings_count": 272, "ratings_average": 3.5, "labels_count": 1789, "reviews_count": 60}, "year": 2014, "grapes": null, "has_valid_ratings": true}, {"id": 3166657, "seo_name": "nino-negri-sassella-valtellina-superiore-2013", "name": "Nino Negri Sassella Valtellina Superiore 2013", "statistics": {"status": "Normal", "ratings_count": 701, "ratings_average": 3.4, "labels_count": 4835, "reviews_count": 150}, "year": 2013, "grapes": null, "has_valid_ratings": true}, {"id": 4362586, "seo_name": "nino-negri-sassella-valtellina-superiore-2012", "name": "Nino Negri Sassella Valtellina Superiore 2012", "statistics": {"status": "Normal", "ratings_count": 435, "ratings_average": 3.6, "labels_count": 2326, "reviews_count": 112}, "year": 2012, "grapes": null, "has_valid_ratings": true}, {"id": 4260895, "seo_name": "nino-negri-sassella-valtellina-superiore-2011", "name": "Nino Negri Sassella Valtellina Superiore 2011", "statistics": {"status": "Normal", "ratings_count": 496, "ratings_average": 3.5, "labels_count": 2551, "reviews_count": 131}, "year": 2011, "grapes": null, "has_valid_ratings": true}, {"id": 3100719, "seo_name": "nino-negri-sassella-valtellina-superiore-2010", "name": "Nino Negri Sassella Valtellina Superiore 2010", "statistics": {"status": "Normal", "ratings_count": 525, "ratings_average": 3.4, "labels_count": 2242, "reviews_count": 133}, "year": 2010, "grapes": null, "has_valid_ratings": true}, {"id": 2064322, "seo_name": "nino-negri-sassella-valtellina-superiore-2009", "name": "Nino Negri Sassella Valtellina Superiore 2009", "statistics": {"status": "Normal", "ratings_count": 317, "ratings_average": 3.4, "labels_count": 1199, "reviews_count": 79}, "year": 2009, "grapes": null, "has_valid_ratings": true}, {"id": 1348438, "seo_name": "nino-negri-sassella-valtellina-superiore-2008", "name": "Nino Negri Sassella Valtellina Superiore 2008", "statistics": {"status": "Normal", "ratings_count": 82, "ratings_average": 3.1, "labels_count": 358, "reviews_count": 17}, "year": 2008, "grapes": null, "has_valid_ratings": true}, {"id": 1322744, "seo_name": "nino-negri-sassella-valtellina-superiore-2007", "name": "Nino Negri Sassella Valtellina Superiore 2007", "statistics": {"status": "Normal", "ratings_count": 57, "ratings_average": 3.6, "labels_count": 221, "reviews_count": 23}, "year": 2007, "grapes": null, "has_valid_ratings": true}, {"id": 2714154, "seo_name": "nino-negri-sassella-valtellina-superiore-2006", "name": "Nino Negri Sassella Valtellina Superiore 2006", "statistics": {"status": "Normal", "ratings_count": 26, "ratings_average": 3.7, "labels_count": 161, "reviews_count": 4}, "year": 2006, "grapes": null, "has_valid_ratings": true}, {"id": 3377141, "seo_name": "nino-negri-sassella-valtellina-superiore-2005", "name": "Nino Negri Sassella Valtellina Superiore 2005", "statistics": {"status": "BelowThreshold", "ratings_count": 7, "ratings_average": 0, "labels_count": 66, "reviews_count": 5}, "year": 2005, "grapes": null, "has_valid_ratings": false}, {"id": 3656382, "seo_name": "nino-negri-sassella-valtellina-superiore-2004", "name": "Nino Negri Sassella Valtellina Superiore 2004", "statistics": {"status": "Normal", "ratings_count": 15, "ratings_average": 4, "labels_count": 58, "reviews_count": 4}, "year": 2004, "grapes": null, "has_valid_ratings": true}, {"id": 13008643, "seo_name": "nino-negri-sassella-valtellina-superiore-2003", "name": "Nino Negri Sassella Valtellina Superiore 2003", "statistics": {"status": "BelowThreshold", "ratings_count": 7, "ratings_average": 0, "labels_count": 49, "reviews_count": 3}, "year": 2003, "grapes": null, "has_valid_ratings": false}, {"id": 4538354, "seo_name": "nino-negri-sassella-valtellina-superiore-2002", "name": "Nino Negri Sassella Valtellina Superiore 2002", "statistics": {"status": "BelowThreshold", "ratings_count": 3, "ratings_average": 0, "labels_count": 27, "reviews_count": 1}, "year": 2002, "grapes": null, "has_valid_ratings": false}, {"id": 3543571, "seo_name": "nino-negri-sassella-valtellina-superiore-2001", "name": "Nino Negri Sassella Valtellina Superiore 2001", "statistics": {"status": "BelowThreshold", "ratings_count": 4, "ratings_average": 0, "labels_count": 41, "reviews_count": 0}, "year": 2001, "grapes": null, "has_valid_ratings": false}, {"id": 2372541, "seo_name": "nino-negri-sassella-valtellina-superiore-2000", "name": "Nino Negri Sassella Valtellina Superiore 2000", "statistics": {"status": "BelowThreshold", "ratings_count": 5, "ratings_average": 0, "labels_count": 68, "reviews_count": 0}, "year": 2000, "grapes": null, "has_valid_ratings": false}, {"id": 12049254, "seo_name": "nino-negri-sassella-valtellina-superiore-1999", "name": "Nino Negri Sassella Valtellina Superiore 1999", "statistics": {"status": "BelowThreshold", "ratings_count": 6, "ratings_average": 0, "labels_count": 34, "reviews_count": 1}, "year": 1999, "grapes": null, "has_valid_ratings": false}, {"id": 13815659, "seo_name": "nino-negri-sassella-valtellina-superiore-1998", "name": "Nino Negri Sassella Valtellina Superiore 1998", "statistics": {"status": "BelowThreshold", "ratings_count": 3, "ratings_average": 0, "labels_count": 18, "reviews_count": 0}, "year": 1998, "grapes": null, "has_valid_ratings": false}, {"id": 4417500, "seo_name": "nino-negri-sassella-valtellina-superiore-1997", "name": "Nino Negri Sassella Valtellina Superiore 1997", "statistics": {"status": "BelowThreshold", "ratings_count": 2, "ratings_average": 0, "labels_count": 31, "reviews_count": 1}, "year": 1997, "grapes": null, "has_valid_ratings": false}, {"id": 11111768, "seo_name": "nino-negri-sassella-valtellina-superiore-1996", "name": "Nino Negri Sassella Valtellina Superiore 1996", "statistics": {"status": "BelowThreshold", "ratings_count": 1, "ratings_average": 0, "labels_count": 13, "reviews_count": 0}, "year": 1996, "grapes": null, "has_valid_ratings": false}, {"id": 6251392, "seo_name": "nino-negri-sassella-valtellina-superiore-1995", "name": "Nino Negri Sassella Valtellina Superiore 1995", "statistics": {"status": "BelowThreshold", "ratings_count": 3, "ratings_average": 0, "labels_count": 23, "reviews_count": 1}, "year": 1995, "grapes": null, "has_valid_ratings": false}, {"id": 10596252, "seo_name": "nino-negri-sassella-valtellina-superiore-1990", "name": "Nino Negri Sassella Valtellina Superiore 1990", "statistics": {"status": "BelowThreshold", "ratings_count": 1, "ratings_average": 0, "labels_count": 9, "reviews_count": 0}, "year": 1990, "grapes": null, "has_valid_ratings": false}, {"id": 19910907, "seo_name": "nino-negri-sassella-valtellina-superiore-1989", "name": "Nino Negri Sassella Valtellina Superiore 1989", "statistics": {"status": "BelowThreshold", "ratings_count": 1, "ratings_average": 0, "labels_count": 3, "reviews_count": 0}, "year": 1989, "grapes": null, "has_valid_ratings": false}, {"id": 144918227, "seo_name": "nino-negri-sassella-valtellina-superiore-1984", "name": "Nino Negri Sassella Valtellina Superiore 1984", "statistics": {"status": "BelowThreshold", "ratings_count": 1, "ratings_average": 0, "labels_count": 6, "reviews_count": 0}, "year": 1984, "grapes": null, "has_valid_ratings": false}, {"id": 12368441, "seo_name": "nino-negri-sassella-valtellina-superiore-1983", "name": "Nino Negri Sassella Valtellina Superiore 1983", "statistics": {"status": "BelowThreshold", "ratings_count": 1, "ratings_average": 0, "labels_count": 10, "reviews_count": 0}, "year": 1983, "grapes": null, "has_valid_ratings": false}, {"id": 152242767, "seo_name": "nino-negri-sassella-valtellina-superiore-1982", "name": "Nino Negri Sassella Valtellina Superiore 1982", "statistics": {"status": "BelowThreshold", "ratings_count": 1, "ratings_average": 0, "labels_count": 16, "reviews_count": 0}, "year": 1982, "grapes": null, "has_valid_ratings": false}, {"id": 12368298, "seo_name": "nino-negri-sassella-valtellina-superiore-1981", "name": "Nino Negri Sassella Valtellina Superiore 1981", "statistics": {"status": "BelowThreshold", "ratings_count": 2, "ratings_average": 0, "labels_count": 4, "reviews_count": 1}, "year": 1981, "grapes": null, "has_valid_ratings": false}, {"id": 5109449, "seo_name": "nino-negri-sassella-valtellina-superiore-1979", "name": "Nino Negri Sassella Valtellina Superiore 1979", "statistics": {"status": "BelowThreshold", "ratings_count": 3, "ratings_average": 0, "labels_count": 13, "reviews_count": 2}, "year": 1979, "grapes": null, "has_valid_ratings": false}, {"id": 4577727, "seo_name": "nino-negri-sassella-valtellina-superiore-1978", "name": "Nino Negri Sassella Valtellina Superiore 1978", "statistics": {"status": "BelowThreshold", "ratings_count": 1, "ratings_average": 0, "labels_count": 4, "reviews_count": 0}, "year": 1978, "grapes": null, "has_valid_ratings": false}, {"id": 14995820, "seo_name": "nino-negri-sassella-valtellina-superiore-1977", "name": "Nino Negri Sassella Valtellina Superiore 1977", "statistics": {"status": "BelowThreshold", "ratings_count": 1, "ratings_average": 0, "labels_count": 6, "reviews_count": 1}, "year": 1977, "grapes": null, "has_valid_ratings": false}, {"id": 12316651, "seo_name": "nino-negri-sassella-valtellina-superiore-1974", "name": "Nino Negri Sassella Valtellina Superiore 1974", "statistics": {"status": "BelowThreshold", "ratings_count": 1, "ratings_average": 0, "labels_count": 3, "reviews_count": 1}, "year": 1974, "grapes": null, "has_valid_ratings": false}, {"id": 4581045, "seo_name": "nino-negri-sassella-valtellina-superiore-1970", "name": "Nino Negri Sassella Valtellina Superiore 1970", "statistics": {"status": "BelowThreshold", "ratings_count": 1, "ratings_average": 0, "labels_count": 16, "reviews_count": 0}, "year": 1970, "grapes": null, "has_valid_ratings": false}, {"id": 8557784, "seo_name": "nino-negri-sassella-valtellina-superiore-1969", "name": "Nino Negri Sassella Valtellina Superiore 1969", "statistics": {"status": "BelowThreshold", "ratings_count": 2, "ratings_average": 0, "labels_count": 20, "reviews_count": 1}, "year": 1969, "grapes": null, "has_valid_ratings": false}, {"id": 15091549, "seo_name": "nino-negri-sassella-valtellina-superiore-1968", "name": "Nino Negri Sassella Valtellina Superiore 1968", "statistics": {"status": "BelowThreshold", "ratings_count": 1, "ratings_average": 0, "labels_count": 10, "reviews_count": 0}, "year": 1968, "grapes": null, "has_valid_ratings": false}, {"id": 5137607, "seo_name": "nino-negri-sassella-valtellina-superiore-1966", "name": "Nino Negri Sassella Valtellina Superiore 1966", "statistics": {"status": "BelowThreshold", "ratings_count": 1, "ratings_average": 0, "labels_count": 7, "reviews_count": 0}, "year": 1966, "grapes": null, "has_valid_ratings": false}, {"id": 1961899, "seo_name": "nino-negri-sassella-valtellina-superiore-uv", "name": "Nino Negri Sassella Valtellina Superiore", "statistics": {"status": "Normal", "ratings_count": 4177, "ratings_average": 3.5, "labels_count": 424, "reviews_count": 38}, "year": 0, "grapes": null, "has_valid_ratings": true}], "description": "complex perfume with mellow fragrance of raspberry jam and with hints of rose bush and ripe black cherry; full but soft-bodied flavor, with great elegance and harmony, with a pleasant \nbackground of dried plum, spice and a long finish.", "grapes": [{"id": 12, "name": "Nebbiolo", "seo_name": "nebbiolo", "has_detailed_info": true, "wines_count": 55983}], "foods": [{"id": 4, "name": "Beef", "background_image": {"location": "//images.vivino.com/backgrounds/foods/4_beef.png", "variations": {"small": "//images.vivino.com/backgrounds/foods/thumbs/4_beef_932x810.png"}}, "seo_name": "beef"}, {"id": 5, "name": "Pasta", "background_image": {"location": "//images.vivino.com/backgrounds/foods/5_pasta.png", "variations": {"small": "//images.vivino.com/backgrounds/foods/thumbs/5_pasta_932x810.png"}}, "seo_name": null}, {"id": 8, "name": "Lamb", "background_image": {"location": "//images.vivino.com/backgrounds/foods/8_lamb.png", "variations": {"small": "//images.vivino.com/backgrounds/foods/thumbs/8_lamb_932x810.png"}}, "seo_name": "lamb"}, {"id": 11, "name": "Game (deer, venison)", "background_image": {"location": "//images.vivino.com/backgrounds/foods/11_venison.png", "variations": {"small": "//images.vivino.com/backgrounds/foods/thumbs/11_venison_932x810.png"}}, "seo_name": "game"}], "non_vintage": false, "alcohol": 13.3, "sweetness_id": null, "closure": null, "vintage_mask_raw": null, "updated_at": "2020-04-09T17:03:34Z", "created_at": "2012-04-17T11:19:31Z", "is_first_wine": false, "style": {"id": 130, "seo_name": "northern-italy-red", "regional_name": "Northern Italy", "varietal_name": "Red", "name": "Northern Italy Red", "image": null, "background_image": {"location": "//images.vivino.com/backgrounds/styles/KhR_c_ZwS7uL-COwrSLXjA.jpg", "variations": {"small": "//images.vivino.com/backgrounds/styles/thumbs/KhR_c_ZwS7uL-COwrSLXjA_932x810.jpg"}}, "description": "The wines of Northern Italy include some of the most well known red wines in the country including Nebbiolo, Barbera, Dolcetto, Amarone and Valpolicella.\n\nArguably, the two most important regions in Northern Italy are Piedmont in the northwest, and Veneto in the northeast. Red wines from these regions range from some of the most expensive and sought after in all of Italy to great value red wines.\n\nNebbiolo produces some of the most exclusive and expensive red wines in Italy, including Barolo and Barbaresco. However, these sought after wines come with a hefty price tag.\n\nDolcetto and Barbera from Piedmont offer relative value. Dolcetto is planted on less desirable vineyard sites, and produces fruit-forward, great value wines that are meant to be consumed within 1-2 years of bottling. Barbera is a high yield variety with low tannins and high acidity.\n\nIn Veneto, Valpolicella reigns supreme as its own distinct viticultural zone. There are five different tiers within this wine category ranging from inexpensive and light-bodied Valpolicella Classico, to pricey Amarone.\n\nRed wines from Valpolicella are typically based on Corvina, with Rondinella, and Molinara rounding out these blended wines.", "blurb": null, "interesting_facts": ["Until the last 20 years, Barbera was the most widely planted red variety in all of Italy.", "Many varieties of wine from Northern Italy are now being planted in California.", "Italy produces more wine than any country in the world accounting for nearly 1/3 of global production."], "body": 4, "body_description": "Full-bodied", "acidity": 3, "acidity_description": "High", "country": {"code": "it", "name": "Italy", "native_name": "Italia", "seo_name": "italy", "currency": {"code": "EUR", "name": "Euros", "prefix": "\u20ac", "suffix": null}, "regions_count": 557, "users_count": 3875564, "wines_count": 355339, "wineries_count": 41362, "most_used_grapes": [{"id": 16, "name": "Sangiovese", "seo_name": "sangiovese", "has_detailed_info": true, "wines_count": 125094}, {"id": 10, "name": "Merlot", "seo_name": "merlot", "has_detailed_info": true, "wines_count": 566719}, {"id": 5, "name": "Chardonnay", "seo_name": "chardonnay", "has_detailed_info": true, "wines_count": 604208}]}, "wine_type_id": 1, "food": [{"id": 4, "name": "Beef", "background_image": {"location": "//images.vivino.com/backgrounds/foods/4_beef.png", "variations": {"small": "//images.vivino.com/backgrounds/foods/thumbs/4_beef_932x810.png"}}, "seo_name": "beef"}, {"id": 5, "name": "Pasta", "background_image": {"location": "//images.vivino.com/backgrounds/foods/5_pasta.png", "variations": {"small": "//images.vivino.com/backgrounds/foods/thumbs/5_pasta_932x810.png"}}, "seo_name": null}, {"id": 8, "name": "Lamb", "background_image": {"location": "//images.vivino.com/backgrounds/foods/8_lamb.png", "variations": {"small": "//images.vivino.com/backgrounds/foods/thumbs/8_lamb_932x810.png"}}, "seo_name": "lamb"}, {"id": 11, "name": "Game (deer, venison)", "background_image": {"location": "//images.vivino.com/backgrounds/foods/11_venison.png", "variations": {"small": "//images.vivino.com/backgrounds/foods/thumbs/11_venison_932x810.png"}}, "seo_name": "game"}], "grapes": [{"id": 12, "name": "Nebbiolo", "seo_name": "nebbiolo", "has_detailed_info": true, "wines_count": 55983}, {"id": 31, "name": "Barbera", "seo_name": "barbera", "has_detailed_info": true, "wines_count": 49745}, {"id": 37, "name": "Dolcetto", "seo_name": "dolcetto", "has_detailed_info": false, "wines_count": 11300}], "region": null}, "has_valid_ratings": true}, "description": "", "wine_critic_reviews": [], "awards": [], "ratings_distribution": {"1": 51, "2": 263, "3": 2215, "4": 1470, "5": 178}, "ranking": {"country": {"description": "Rank within Italy", "total": 1562232, "rank": 276728}, "region": {"description": "Rank within Wine Region", "total": 75978, "rank": 11256}, "winery": {"description": "Rank within Winery", "total": 696, "rank": 222}, "global": {"description": "Global Rank", "total": 8944641, "rank": 1456485}}, "wine_facts": {}, "winemaker": null, "wine_maker": null, "grape_composition": {}, "year": "", "grapes": null, "has_valid_ratings": true}, "carts": null, "full_region": null, "tastes": null, "wine": {"id": 1219823, "name": "Sassella Valtellina Superiore", "seo_name": "sassella-valtellina-superiore", "type_id": 1, "vintage_type": 0, "is_natural": false, "region": {"id": 1836, "name": "Valtellina Superiore", "name_en": "", "seo_name": "valtellina-superiore", "country": {"code": "it", "name": "Italy", "native_name": "Italia", "seo_name": "italy", "currency": {"code": "EUR", "name": "Euros", "prefix": "\u20ac", "suffix": null}, "regions_count": 557, "users_count": 3875564, "wines_count": 355339, "wineries_count": 41362, "most_used_grapes": [{"id": 16, "name": "Sangiovese", "seo_name": "sangiovese", "has_detailed_info": true, "wines_count": 125094}, {"id": 10, "name": "Merlot", "seo_name": "merlot", "has_detailed_info": true, "wines_count": 566719}, {"id": 5, "name": "Chardonnay", "seo_name": "chardonnay", "has_detailed_info": true, "wines_count": 604208}]}, "parent_id": 746, "background_image": null, "class": {"typecast_map": {"background_image": {}, "class": {}}}, "statistics": {"wineries_count": 19, "wines_count": 387, "sub_regions_count": 0, "parent_regions_count": 2}}, "review_status": 2, "winery": {"id": 2995, "name": "Nino Negri", "seo_name": "nino-negri", "status": 0, "review_status": "Completed", "background_image": null, "statistics": {"ratings_count": 58265, "ratings_average": 3.9, "labels_count": 333227, "wines_count": 39}, "region": {"id": 745, "name": "Lombardia", "name_en": "Lombardy", "seo_name": "lombardia", "country": {"code": "it", "name": "Italy", "native_name": "Italia", "seo_name": "italy", "currency": {"code": "EUR", "name": "Euros", "prefix": "\u20ac", "suffix": null}, "regions_count": 557, "users_count": 3875564, "wines_count": 355339, "wineries_count": 41362, "most_used_grapes": [{"id": 16, "name": "Sangiovese", "seo_name": "sangiovese", "has_detailed_info": true, "wines_count": 125094}, {"id": 10, "name": "Merlot", "seo_name": "merlot", "has_detailed_info": true, "wines_count": 566719}, {"id": 5, "name": "Chardonnay", "seo_name": "chardonnay", "has_detailed_info": true, "wines_count": 604208}]}, "parent_id": null, "background_image": {"location": "//images.vivino.com/regions/backgrounds/q694FLEERu6-oBYfx9mMzw.jpg", "variations": {"large": "//thumbs.vivino.com/region_backgrounds/q694FLEERu6-oBYfx9mMzw_1280x760.jpg", "medium": "//thumbs.vivino.com/region_backgrounds/q694FLEERu6-oBYfx9mMzw_600x356.jpg"}}, "statistics": {"wineries_count": 1916, "wines_count": 11267, "sub_regions_count": 28, "parent_regions_count": 0}}}, "image": {"location": "//images.vivino.com/thumbs/UFMxZ_v6SsW4VDRxSTeu1w_pl_480x640.png", "variations": {"bottle_large": "//images.vivino.com/thumbs/UFMxZ_v6SsW4VDRxSTeu1w_pb_x960.png", "bottle_medium": "//images.vivino.com/thumbs/UFMxZ_v6SsW4VDRxSTeu1w_pb_x600.png", "bottle_medium_square": "//images.vivino.com/thumbs/UFMxZ_v6SsW4VDRxSTeu1w_pb_600x600.png", "bottle_small": "//images.vivino.com/thumbs/UFMxZ_v6SsW4VDRxSTeu1w_pb_x300.png", "bottle_small_square": "//images.vivino.com/thumbs/UFMxZ_v6SsW4VDRxSTeu1w_pb_300x300.png", "label": "//images.vivino.com/thumbs/UFMxZ_v6SsW4VDRxSTeu1w_pl_480x640.png", "label_large": "//images.vivino.com/thumbs/UFMxZ_v6SsW4VDRxSTeu1w_pl_375x500.png", "label_medium": "//images.vivino.com/thumbs/UFMxZ_v6SsW4VDRxSTeu1w_pl_150x200.png", "label_medium_square": "//images.vivino.com/thumbs/UFMxZ_v6SsW4VDRxSTeu1w_pl_150x150.png", "label_small_square": "//images.vivino.com/thumbs/UFMxZ_v6SsW4VDRxSTeu1w_pl_80x80.png", "large": "//images.vivino.com/thumbs/UFMxZ_v6SsW4VDRxSTeu1w_pl_375x500.png", "medium": "//images.vivino.com/thumbs/UFMxZ_v6SsW4VDRxSTeu1w_pl_150x200.png", "medium_square": "//images.vivino.com/thumbs/UFMxZ_v6SsW4VDRxSTeu1w_pl_150x150.png", "small_square": "//images.vivino.com/thumbs/UFMxZ_v6SsW4VDRxSTeu1w_pl_80x80.png"}}, "statistics": {"status": "Normal", "ratings_count": 4177, "ratings_average": 3.5, "labels_count": 24406, "vintages_count": 72}, "rank": null, "hidden": false, "vintages": [{"id": 167815857, "seo_name": "nino-negri-sassella-valtellina-superiore-2021", "name": "Nino Negri Sassella Valtellina Superiore 2021", "statistics": {"status": "BelowThreshold", "ratings_count": 0, "ratings_average": 0, "labels_count": 1, "reviews_count": 0}, "year": 2021, "grapes": null, "has_valid_ratings": false}, {"id": 163256236, "seo_name": "nino-negri-sassella-valtellina-superiore-2020", "name": "Nino Negri Sassella Valtellina Superiore 2020", "statistics": {"status": "BelowThreshold", "ratings_count": 0, "ratings_average": 0, "labels_count": 2, "reviews_count": 0}, "year": 2020, "grapes": null, "has_valid_ratings": false}, {"id": 160263272, "seo_name": "nino-negri-sassella-valtellina-superiore-2019", "name": "Nino Negri Sassella Valtellina Superiore 2019", "statistics": {"status": "BelowThreshold", "ratings_count": 0, "ratings_average": 0, "labels_count": 5, "reviews_count": 0}, "year": 2019, "grapes": null, "has_valid_ratings": false}, {"id": 156697247, "seo_name": "nino-negri-sassella-valtellina-superiore-2018", "name": "Nino Negri Sassella Valtellina Superiore 2018", "statistics": {"status": "Normal", "ratings_count": 49, "ratings_average": 3.5, "labels_count": 285, "reviews_count": 15}, "year": 2018, "grapes": null, "has_valid_ratings": true}, {"id": 151198832, "seo_name": "nino-negri-sassella-valtellina-superiore-2017", "name": "Nino Negri Sassella Valtellina Superiore 2017", "statistics": {"status": "Normal", "ratings_count": 235, "ratings_average": 3.6, "labels_count": 1658, "reviews_count": 66}, "year": 2017, "grapes": null, "has_valid_ratings": true}, {"id": 97422358, "seo_name": "nino-negri-sassella-valtellina-superiore-2016", "name": "Nino Negri Sassella Valtellina Superiore 2016", "statistics": {"status": "Normal", "ratings_count": 384, "ratings_average": 3.7, "labels_count": 3006, "reviews_count": 105}, "year": 2016, "grapes": null, "has_valid_ratings": true}, {"id": 14210651, "seo_name": "nino-negri-sassella-valtellina-superiore-2015", "name": "Nino Negri Sassella Valtellina Superiore 2015", "statistics": {"status": "Normal", "ratings_count": 358, "ratings_average": 3.6, "labels_count": 2600, "reviews_count": 75}, "year": 2015, "grapes": null, "has_valid_ratings": true}, {"id": 11067241, "seo_name": "nino-negri-sassella-valtellina-superiore-2014", "name": "Nino Negri Sassella Valtellina Superiore 2014", "statistics": {"status": "Normal", "ratings_count": 272, "ratings_average": 3.5, "labels_count": 1789, "reviews_count": 60}, "year": 2014, "grapes": null, "has_valid_ratings": true}, {"id": 3166657, "seo_name": "nino-negri-sassella-valtellina-superiore-2013", "name": "Nino Negri Sassella Valtellina Superiore 2013", "statistics": {"status": "Normal", "ratings_count": 701, "ratings_average": 3.4, "labels_count": 4835, "reviews_count": 150}, "year": 2013, "grapes": null, "has_valid_ratings": true}, {"id": 4362586, "seo_name": "nino-negri-sassella-valtellina-superiore-2012", "name": "Nino Negri Sassella Valtellina Superiore 2012", "statistics": {"status": "Normal", "ratings_count": 435, "ratings_average": 3.6, "labels_count": 2326, "reviews_count": 112}, "year": 2012, "grapes": null, "has_valid_ratings": true}, {"id": 4260895, "seo_name": "nino-negri-sassella-valtellina-superiore-2011", "name": "Nino Negri Sassella Valtellina Superiore 2011", "statistics": {"status": "Normal", "ratings_count": 496, "ratings_average": 3.5, "labels_count": 2551, "reviews_count": 131}, "year": 2011, "grapes": null, "has_valid_ratings": true}, {"id": 3100719, "seo_name": "nino-negri-sassella-valtellina-superiore-2010", "name": "Nino Negri Sassella Valtellina Superiore 2010", "statistics": {"status": "Normal", "ratings_count": 525, "ratings_average": 3.4, "labels_count": 2242, "reviews_count": 133}, "year": 2010, "grapes": null, "has_valid_ratings": true}, {"id": 2064322, "seo_name": "nino-negri-sassella-valtellina-superiore-2009", "name": "Nino Negri Sassella Valtellina Superiore 2009", "statistics": {"status": "Normal", "ratings_count": 317, "ratings_average": 3.4, "labels_count": 1199, "reviews_count": 79}, "year": 2009, "grapes": null, "has_valid_ratings": true}, {"id": 1348438, "seo_name": "nino-negri-sassella-valtellina-superiore-2008", "name": "Nino Negri Sassella Valtellina Superiore 2008", "statistics": {"status": "Normal", "ratings_count": 82, "ratings_average": 3.1, "labels_count": 358, "reviews_count": 17}, "year": 2008, "grapes": null, "has_valid_ratings": true}, {"id": 1322744, "seo_name": "nino-negri-sassella-valtellina-superiore-2007", "name": "Nino Negri Sassella Valtellina Superiore 2007", "statistics": {"status": "Normal", "ratings_count": 57, "ratings_average": 3.6, "labels_count": 221, "reviews_count": 23}, "year": 2007, "grapes": null, "has_valid_ratings": true}, {"id": 2714154, "seo_name": "nino-negri-sassella-valtellina-superiore-2006", "name": "Nino Negri Sassella Valtellina Superiore 2006", "statistics": {"status": "Normal", "ratings_count": 26, "ratings_average": 3.7, "labels_count": 161, "reviews_count": 4}, "year": 2006, "grapes": null, "has_valid_ratings": true}, {"id": 3377141, "seo_name": "nino-negri-sassella-valtellina-superiore-2005", "name": "Nino Negri Sassella Valtellina Superiore 2005", "statistics": {"status": "BelowThreshold", "ratings_count": 7, "ratings_average": 0, "labels_count": 66, "reviews_count": 5}, "year": 2005, "grapes": null, "has_valid_ratings": false}, {"id": 3656382, "seo_name": "nino-negri-sassella-valtellina-superiore-2004", "name": "Nino Negri Sassella Valtellina Superiore 2004", "statistics": {"status": "Normal", "ratings_count": 15, "ratings_average": 4, "labels_count": 58, "reviews_count": 4}, "year": 2004, "grapes": null, "has_valid_ratings": true}, {"id": 13008643, "seo_name": "nino-negri-sassella-valtellina-superiore-2003", "name": "Nino Negri Sassella Valtellina Superiore 2003", "statistics": {"status": "BelowThreshold", "ratings_count": 7, "ratings_average": 0, "labels_count": 49, "reviews_count": 3}, "year": 2003, "grapes": null, "has_valid_ratings": false}, {"id": 4538354, "seo_name": "nino-negri-sassella-valtellina-superiore-2002", "name": "Nino Negri Sassella Valtellina Superiore 2002", "statistics": {"status": "BelowThreshold", "ratings_count": 3, "ratings_average": 0, "labels_count": 27, "reviews_count": 1}, "year": 2002, "grapes": null, "has_valid_ratings": false}, {"id": 3543571, "seo_name": "nino-negri-sassella-valtellina-superiore-2001", "name": "Nino Negri Sassella Valtellina Superiore 2001", "statistics": {"status": "BelowThreshold", "ratings_count": 4, "ratings_average": 0, "labels_count": 41, "reviews_count": 0}, "year": 2001, "grapes": null, "has_valid_ratings": false}, {"id": 2372541, "seo_name": "nino-negri-sassella-valtellina-superiore-2000", "name": "Nino Negri Sassella Valtellina Superiore 2000", "statistics": {"status": "BelowThreshold", "ratings_count": 5, "ratings_average": 0, "labels_count": 68, "reviews_count": 0}, "year": 2000, "grapes": null, "has_valid_ratings": false}, {"id": 12049254, "seo_name": "nino-negri-sassella-valtellina-superiore-1999", "name": "Nino Negri Sassella Valtellina Superiore 1999", "statistics": {"status": "BelowThreshold", "ratings_count": 6, "ratings_average": 0, "labels_count": 34, "reviews_count": 1}, "year": 1999, "grapes": null, "has_valid_ratings": false}, {"id": 13815659, "seo_name": "nino-negri-sassella-valtellina-superiore-1998", "name": "Nino Negri Sassella Valtellina Superiore 1998", "statistics": {"status": "BelowThreshold", "ratings_count": 3, "ratings_average": 0, "labels_count": 18, "reviews_count": 0}, "year": 1998, "grapes": null, "has_valid_ratings": false}, {"id": 4417500, "seo_name": "nino-negri-sassella-valtellina-superiore-1997", "name": "Nino Negri Sassella Valtellina Superiore 1997", "statistics": {"status": "BelowThreshold", "ratings_count": 2, "ratings_average": 0, "labels_count": 31, "reviews_count": 1}, "year": 1997, "grapes": null, "has_valid_ratings": false}, {"id": 11111768, "seo_name": "nino-negri-sassella-valtellina-superiore-1996", "name": "Nino Negri Sassella Valtellina Superiore 1996", "statistics": {"status": "BelowThreshold", "ratings_count": 1, "ratings_average": 0, "labels_count": 13, "reviews_count": 0}, "year": 1996, "grapes": null, "has_valid_ratings": false}, {"id": 6251392, "seo_name": "nino-negri-sassella-valtellina-superiore-1995", "name": "Nino Negri Sassella Valtellina Superiore 1995", "statistics": {"status": "BelowThreshold", "ratings_count": 3, "ratings_average": 0, "labels_count": 23, "reviews_count": 1}, "year": 1995, "grapes": null, "has_valid_ratings": false}, {"id": 7169900, "seo_name": "nino-negri-sassella-valtellina-superiore-1994", "name": "Nino Negri Sassella Valtellina Superiore 1994", "statistics": {"status": "BelowThreshold", "ratings_count": 0, "ratings_average": 0, "labels_count": 11, "reviews_count": 0}, "year": 1994, "grapes": null, "has_valid_ratings": false}, {"id": 133937839, "seo_name": "nino-negri-sassella-valtellina-superiore-1993", "name": "Nino Negri Sassella Valtellina Superiore 1993", "statistics": {"status": "BelowThreshold", "ratings_count": 0, "ratings_average": 0, "labels_count": 3, "reviews_count": 0}, "year": 1993, "grapes": null, "has_valid_ratings": false}, {"id": 154921358, "seo_name": "nino-negri-sassella-valtellina-superiore-1992", "name": "Nino Negri Sassella Valtellina Superiore 1992", "statistics": {"status": "BelowThreshold", "ratings_count": 0, "ratings_average": 0, "labels_count": 5, "reviews_count": 0}, "year": 1992, "grapes": null, "has_valid_ratings": false}, {"id": 13275999, "seo_name": "nino-negri-sassella-valtellina-superiore-1991", "name": "Nino Negri Sassella Valtellina Superiore 1991", "statistics": {"status": "BelowThreshold", "ratings_count": 0, "ratings_average": 0, "labels_count": 9, "reviews_count": 0}, "year": 1991, "grapes": null, "has_valid_ratings": false}, {"id": 10596252, "seo_name": "nino-negri-sassella-valtellina-superiore-1990", "name": "Nino Negri Sassella Valtellina Superiore 1990", "statistics": {"status": "BelowThreshold", "ratings_count": 1, "ratings_average": 0, "labels_count": 9, "reviews_count": 0}, "year": 1990, "grapes": null, "has_valid_ratings": false}, {"id": 19910907, "seo_name": "nino-negri-sassella-valtellina-superiore-1989", "name": "Nino Negri Sassella Valtellina Superiore 1989", "statistics": {"status": "BelowThreshold", "ratings_count": 1, "ratings_average": 0, "labels_count": 3, "reviews_count": 0}, "year": 1989, "grapes": null, "has_valid_ratings": false}, {"id": 1889172, "seo_name": "nino-negri-sassella-valtellina-superiore-1988", "name": "Nino Negri Sassella Valtellina Superiore 1988", "statistics": {"status": "BelowThreshold", "ratings_count": 0, "ratings_average": 0, "labels_count": 6, "reviews_count": 0}, "year": 1988, "grapes": null, "has_valid_ratings": false}, {"id": 9179012, "seo_name": "nino-negri-sassella-valtellina-superiore-1987", "name": "Nino Negri Sassella Valtellina Superiore 1987", "statistics": {"status": "BelowThreshold", "ratings_count": 0, "ratings_average": 0, "labels_count": 7, "reviews_count": 0}, "year": 1987, "grapes": null, "has_valid_ratings": false}, {"id": 10666477, "seo_name": "nino-negri-sassella-valtellina-superiore-1986", "name": "Nino Negri Sassella Valtellina Superiore 1986", "statistics": {"status": "BelowThreshold", "ratings_count": 0, "ratings_average": 0, "labels_count": 10, "reviews_count": 0}, "year": 1986, "grapes": null, "has_valid_ratings": false}, {"id": 21214337, "seo_name": "nino-negri-sassella-valtellina-superiore-1985", "name": "Nino Negri Sassella Valtellina Superiore 1985", "statistics": {"status": "BelowThreshold", "ratings_count": 0, "ratings_average": 0, "labels_count": 4, "reviews_count": 0}, "year": 1985, "grapes": null, "has_valid_ratings": false}, {"id": 144918227, "seo_name": "nino-negri-sassella-valtellina-superiore-1984", "name": "Nino Negri Sassella Valtellina Superiore 1984", "statistics": {"status": "BelowThreshold", "ratings_count": 1, "ratings_average": 0, "labels_count": 6, "reviews_count": 0}, "year": 1984, "grapes": null, "has_valid_ratings": false}, {"id": 12368441, "seo_name": "nino-negri-sassella-valtellina-superiore-1983", "name": "Nino Negri Sassella Valtellina Superiore 1983", "statistics": {"status": "BelowThreshold", "ratings_count": 1, "ratings_average": 0, "labels_count": 10, "reviews_count": 0}, "year": 1983, "grapes": null, "has_valid_ratings": false}, {"id": 152242767, "seo_name": "nino-negri-sassella-valtellina-superiore-1982", "name": "Nino Negri Sassella Valtellina Superiore 1982", "statistics": {"status": "BelowThreshold", "ratings_count": 1, "ratings_average": 0, "labels_count": 16, "reviews_count": 0}, "year": 1982, "grapes": null, "has_valid_ratings": false}, {"id": 12368298, "seo_name": "nino-negri-sassella-valtellina-superiore-1981", "name": "Nino Negri Sassella Valtellina Superiore 1981", "statistics": {"status": "BelowThreshold", "ratings_count": 2, "ratings_average": 0, "labels_count": 4, "reviews_count": 1}, "year": 1981, "grapes": null, "has_valid_ratings": false}, {"id": 35200933, "seo_name": "nino-negri-sassella-valtellina-superiore-1980", "name": "Nino Negri Sassella Valtellina Superiore 1980", "statistics": {"status": "BelowThreshold", "ratings_count": 0, "ratings_average": 0, "labels_count": 0, "reviews_count": 0}, "year": 1980, "grapes": null, "has_valid_ratings": false}, {"id": 5109449, "seo_name": "nino-negri-sassella-valtellina-superiore-1979", "name": "Nino Negri Sassella Valtellina Superiore 1979", "statistics": {"status": "BelowThreshold", "ratings_count": 3, "ratings_average": 0, "labels_count": 13, "reviews_count": 2}, "year": 1979, "grapes": null, "has_valid_ratings": false}, {"id": 4577727, "seo_name": "nino-negri-sassella-valtellina-superiore-1978", "name": "Nino Negri Sassella Valtellina Superiore 1978", "statistics": {"status": "BelowThreshold", "ratings_count": 1, "ratings_average": 0, "labels_count": 4, "reviews_count": 0}, "year": 1978, "grapes": null, "has_valid_ratings": false}, {"id": 14995820, "seo_name": "nino-negri-sassella-valtellina-superiore-1977", "name": "Nino Negri Sassella Valtellina Superiore 1977", "statistics": {"status": "BelowThreshold", "ratings_count": 1, "ratings_average": 0, "labels_count": 6, "reviews_count": 1}, "year": 1977, "grapes": null, "has_valid_ratings": false}, {"id": 153200823, "seo_name": "nino-negri-sassella-valtellina-superiore-1976", "name": "Nino Negri Sassella Valtellina Superiore 1976", "statistics": {"status": "BelowThreshold", "ratings_count": 0, "ratings_average": 0, "labels_count": 2, "reviews_count": 0}, "year": 1976, "grapes": null, "has_valid_ratings": false}, {"id": 4577737, "seo_name": "nino-negri-sassella-valtellina-superiore-1975", "name": "Nino Negri Sassella Valtellina Superiore 1975", "statistics": {"status": "BelowThreshold", "ratings_count": 0, "ratings_average": 0, "labels_count": 2, "reviews_count": 0}, "year": 1975, "grapes": null, "has_valid_ratings": false}, {"id": 12316651, "seo_name": "nino-negri-sassella-valtellina-superiore-1974", "name": "Nino Negri Sassella Valtellina Superiore 1974", "statistics": {"status": "BelowThreshold", "ratings_count": 1, "ratings_average": 0, "labels_count": 3, "reviews_count": 1}, "year": 1974, "grapes": null, "has_valid_ratings": false}, {"id": 25661443, "seo_name": "nino-negri-sassella-valtellina-superiore-1973", "name": "Nino Negri Sassella Valtellina Superiore 1973", "statistics": {"status": "BelowThreshold", "ratings_count": 0, "ratings_average": 0, "labels_count": 5, "reviews_count": 0}, "year": 1973, "grapes": null, "has_valid_ratings": false}, {"id": 157613946, "seo_name": "nino-negri-sassella-valtellina-superiore-1972", "name": "Nino Negri Sassella Valtellina Superiore 1972", "statistics": {"status": "BelowThreshold", "ratings_count": 0, "ratings_average": 0, "labels_count": 2, "reviews_count": 0}, "year": 1972, "grapes": null, "has_valid_ratings": false}, {"id": 16499844, "seo_name": "nino-negri-sassella-valtellina-superiore-1971", "name": "Nino Negri Sassella Valtellina Superiore 1971", "statistics": {"status": "BelowThreshold", "ratings_count": 0, "ratings_average": 0, "labels_count": 5, "reviews_count": 0}, "year": 1971, "grapes": null, "has_valid_ratings": false}, {"id": 4581045, "seo_name": "nino-negri-sassella-valtellina-superiore-1970", "name": "Nino Negri Sassella Valtellina Superiore 1970", "statistics": {"status": "BelowThreshold", "ratings_count": 1, "ratings_average": 0, "labels_count": 16, "reviews_count": 0}, "year": 1970, "grapes": null, "has_valid_ratings": false}, {"id": 8557784, "seo_name": "nino-negri-sassella-valtellina-superiore-1969", "name": "Nino Negri Sassella Valtellina Superiore 1969", "statistics": {"status": "BelowThreshold", "ratings_count": 2, "ratings_average": 0, "labels_count": 20, "reviews_count": 1}, "year": 1969, "grapes": null, "has_valid_ratings": false}, {"id": 15091549, "seo_name": "nino-negri-sassella-valtellina-superiore-1968", "name": "Nino Negri Sassella Valtellina Superiore 1968", "statistics": {"status": "BelowThreshold", "ratings_count": 1, "ratings_average": 0, "labels_count": 10, "reviews_count": 0}, "year": 1968, "grapes": null, "has_valid_ratings": false}, {"id": 143207744, "seo_name": "nino-negri-sassella-valtellina-superiore-1967", "name": "Nino Negri Sassella Valtellina Superiore 1967", "statistics": {"status": "BelowThreshold", "ratings_count": 0, "ratings_average": 0, "labels_count": 4, "reviews_count": 0}, "year": 1967, "grapes": null, "has_valid_ratings": false}, {"id": 5137607, "seo_name": "nino-negri-sassella-valtellina-superiore-1966", "name": "Nino Negri Sassella Valtellina Superiore 1966", "statistics": {"status": "BelowThreshold", "ratings_count": 1, "ratings_average": 0, "labels_count": 7, "reviews_count": 0}, "year": 1966, "grapes": null, "has_valid_ratings": false}, {"id": 169163163, "seo_name": "nino-negri-sassella-valtellina-superiore-1965", "name": "Nino Negri Sassella Valtellina Superiore 1965", "statistics": {"status": "BelowThreshold", "ratings_count": 0, "ratings_average": 0, "labels_count": 1, "reviews_count": 0}, "year": 1965, "grapes": null, "has_valid_ratings": false}, {"id": 9402091, "seo_name": "nino-negri-sassella-valtellina-superiore-1964", "name": "Nino Negri Sassella Valtellina Superiore 1964", "statistics": {"status": "BelowThreshold", "ratings_count": 0, "ratings_average": 0, "labels_count": 11, "reviews_count": 0}, "year": 1964, "grapes": null, "has_valid_ratings": false}, {"id": 8470998, "seo_name": "nino-negri-sassella-valtellina-superiore-1962", "name": "Nino Negri Sassella Valtellina Superiore 1962", "statistics": {"status": "BelowThreshold", "ratings_count": 0, "ratings_average": 0, "labels_count": 7, "reviews_count": 0}, "year": 1962, "grapes": null, "has_valid_ratings": false}, {"id": 8470666, "seo_name": "nino-negri-sassella-valtellina-superiore-1961", "name": "Nino Negri Sassella Valtellina Superiore 1961", "statistics": {"status": "BelowThreshold", "ratings_count": 0, "ratings_average": 0, "labels_count": 3, "reviews_count": 0}, "year": 1961, "grapes": null, "has_valid_ratings": false}, {"id": 16005062, "seo_name": "nino-negri-sassella-valtellina-superiore-1959", "name": "Nino Negri Sassella Valtellina Superiore 1959", "statistics": {"status": "BelowThreshold", "ratings_count": 0, "ratings_average": 0, "labels_count": 1, "reviews_count": 0}, "year": 1959, "grapes": null, "has_valid_ratings": false}, {"id": 152101807, "seo_name": "nino-negri-sassella-valtellina-superiore-1957", "name": "Nino Negri Sassella Valtellina Superiore 1957", "statistics": {"status": "BelowThreshold", "ratings_count": 0, "ratings_average": 0, "labels_count": 0, "reviews_count": 0}, "year": 1957, "grapes": null, "has_valid_ratings": false}, {"id": 152790041, "seo_name": "nino-negri-sassella-valtellina-superiore-1955", "name": "Nino Negri Sassella Valtellina Superiore 1955", "statistics": {"status": "BelowThreshold", "ratings_count": 0, "ratings_average": 0, "labels_count": 1, "reviews_count": 0}, "year": 1955, "grapes": null, "has_valid_ratings": false}, {"id": 20407542, "seo_name": "nino-negri-sassella-valtellina-superiore-1954", "name": "Nino Negri Sassella Valtellina Superiore 1954", "statistics": {"status": "BelowThreshold", "ratings_count": 0, "ratings_average": 0, "labels_count": 2, "reviews_count": 0}, "year": 1954, "grapes": null, "has_valid_ratings": false}, {"id": 143936986, "seo_name": "nino-negri-sassella-valtellina-superiore-1950", "name": "Nino Negri Sassella Valtellina Superiore 1950", "statistics": {"status": "BelowThreshold", "ratings_count": 0, "ratings_average": 0, "labels_count": 0, "reviews_count": 0}, "year": 1950, "grapes": null, "has_valid_ratings": false}, {"id": 33982841, "seo_name": "nino-negri-sassella-valtellina-superiore-1947", "name": "Nino Negri Sassella Valtellina Superiore 1947", "statistics": {"status": "BelowThreshold", "ratings_count": 0, "ratings_average": 0, "labels_count": 1, "reviews_count": 0}, "year": 1947, "grapes": null, "has_valid_ratings": false}, {"id": 150769260, "seo_name": "nino-negri-sassella-valtellina-superiore-1900", "name": "Nino Negri Sassella Valtellina Superiore 1900", "statistics": {"status": "BelowThreshold", "ratings_count": 0, "ratings_average": 0, "labels_count": 0, "reviews_count": 0}, "year": 1900, "grapes": null, "has_valid_ratings": false}, {"id": 15423318, "seo_name": "nino-negri-sassella-valtellina-superiore-1893", "name": "Nino Negri Sassella Valtellina Superiore 1893", "statistics": {"status": "BelowThreshold", "ratings_count": 0, "ratings_average": 0, "labels_count": 0, "reviews_count": 0}, "year": 1893, "grapes": null, "has_valid_ratings": false}, {"id": 149702596, "seo_name": "nino-negri-sassella-valtellina-superiore-1874", "name": "Nino Negri Sassella Valtellina Superiore 1874", "statistics": {"status": "BelowThreshold", "ratings_count": 0, "ratings_average": 0, "labels_count": 0, "reviews_count": 0}, "year": 1874, "grapes": null, "has_valid_ratings": false}, {"id": 21208427, "seo_name": "nino-negri-sassella-valtellina-superiore-1791", "name": "Nino Negri Sassella Valtellina Superiore 1791", "statistics": {"status": "BelowThreshold", "ratings_count": 0, "ratings_average": 0, "labels_count": 0, "reviews_count": 0}, "year": 1791, "grapes": null, "has_valid_ratings": false}, {"id": 12612966, "seo_name": "nino-negri-sassella-valtellina-superiore-1790", "name": "Nino Negri Sassella Valtellina Superiore 1790", "statistics": {"status": "BelowThreshold", "ratings_count": 0, "ratings_average": 0, "labels_count": 0, "reviews_count": 0}, "year": 1790, "grapes": null, "has_valid_ratings": false}, {"id": 1961899, "seo_name": "nino-negri-sassella-valtellina-superiore-uv", "name": "Nino Negri Sassella Valtellina Superiore", "statistics": {"status": "Normal", "ratings_count": 4177, "ratings_average": 3.5, "labels_count": 424, "reviews_count": 38}, "year": 0, "grapes": null, "has_valid_ratings": true}], "description": "complex perfume with mellow fragrance of raspberry jam and with hints of rose bush and ripe black cherry; full but soft-bodied flavor, with great elegance and harmony, with a pleasant \nbackground of dried plum, spice and a long finish.", "grapes": [{"id": 12, "name": "Nebbiolo", "seo_name": "nebbiolo", "has_detailed_info": true, "wines_count": 55983}], "foods": [{"id": 4, "name": "Beef", "background_image": {"location": "//images.vivino.com/backgrounds/foods/4_beef.png", "variations": {"small": "//images.vivino.com/backgrounds/foods/thumbs/4_beef_932x810.png"}}, "seo_name": "beef"}, {"id": 5, "name": "Pasta", "background_image": {"location": "//images.vivino.com/backgrounds/foods/5_pasta.png", "variations": {"small": "//images.vivino.com/backgrounds/foods/thumbs/5_pasta_932x810.png"}}, "seo_name": null}, {"id": 8, "name": "Lamb", "background_image": {"location": "//images.vivino.com/backgrounds/foods/8_lamb.png", "variations": {"small": "//images.vivino.com/backgrounds/foods/thumbs/8_lamb_932x810.png"}}, "seo_name": "lamb"}, {"id": 11, "name": "Game (deer, venison)", "background_image": {"location": "//images.vivino.com/backgrounds/foods/11_venison.png", "variations": {"small": "//images.vivino.com/backgrounds/foods/thumbs/11_venison_932x810.png"}}, "seo_name": "game"}], "non_vintage": false, "alcohol": 13.3, "sweetness_id": null, "closure": null, "vintage_mask_raw": null, "updated_at": "2020-04-09T17:03:34Z", "created_at": "2012-04-17T11:19:31Z", "is_first_wine": false, "style": {"id": 130, "seo_name": "northern-italy-red", "regional_name": "Northern Italy", "varietal_name": "Red", "name": "Northern Italy Red", "image": null, "background_image": {"location": "//images.vivino.com/backgrounds/styles/KhR_c_ZwS7uL-COwrSLXjA.jpg", "variations": {"small": "//images.vivino.com/backgrounds/styles/thumbs/KhR_c_ZwS7uL-COwrSLXjA_932x810.jpg"}}, "description": "The wines of Northern Italy include some of the most well known red wines in the country including Nebbiolo, Barbera, Dolcetto, Amarone and Valpolicella.\n\nArguably, the two most important regions in Northern Italy are Piedmont in the northwest, and Veneto in the northeast. Red wines from these regions range from some of the most expensive and sought after in all of Italy to great value red wines.\n\nNebbiolo produces some of the most exclusive and expensive red wines in Italy, including Barolo and Barbaresco. However, these sought after wines come with a hefty price tag.\n\nDolcetto and Barbera from Piedmont offer relative value. Dolcetto is planted on less desirable vineyard sites, and produces fruit-forward, great value wines that are meant to be consumed within 1-2 years of bottling. Barbera is a high yield variety with low tannins and high acidity.\n\nIn Veneto, Valpolicella reigns supreme as its own distinct viticultural zone. There are five different tiers within this wine category ranging from inexpensive and light-bodied Valpolicella Classico, to pricey Amarone.\n\nRed wines from Valpolicella are typically based on Corvina, with Rondinella, and Molinara rounding out these blended wines.", "blurb": null, "interesting_facts": ["Until the last 20 years, Barbera was the most widely planted red variety in all of Italy.", "Many varieties of wine from Northern Italy are now being planted in California.", "Italy produces more wine than any country in the world accounting for nearly 1/3 of global production."], "body": 4, "body_description": "Full-bodied", "acidity": 3, "acidity_description": "High", "country": {"code": "it", "name": "Italy", "native_name": "Italia", "seo_name": "italy", "currency": {"code": "EUR", "name": "Euros", "prefix": "\u20ac", "suffix": null}, "regions_count": 557, "users_count": 3875564, "wines_count": 355339, "wineries_count": 41362, "most_used_grapes": [{"id": 16, "name": "Sangiovese", "seo_name": "sangiovese", "has_detailed_info": true, "wines_count": 125094}, {"id": 10, "name": "Merlot", "seo_name": "merlot", "has_detailed_info": true, "wines_count": 566719}, {"id": 5, "name": "Chardonnay", "seo_name": "chardonnay", "has_detailed_info": true, "wines_count": 604208}]}, "wine_type_id": 1, "food": [{"id": 4, "name": "Beef", "background_image": {"location": "//images.vivino.com/backgrounds/foods/4_beef.png", "variations": {"small": "//images.vivino.com/backgrounds/foods/thumbs/4_beef_932x810.png"}}, "seo_name": "beef"}, {"id": 5, "name": "Pasta", "background_image": {"location": "//images.vivino.com/backgrounds/foods/5_pasta.png", "variations": {"small": "//images.vivino.com/backgrounds/foods/thumbs/5_pasta_932x810.png"}}, "seo_name": null}, {"id": 8, "name": "Lamb", "background_image": {"location": "//images.vivino.com/backgrounds/foods/8_lamb.png", "variations": {"small": "//images.vivino.com/backgrounds/foods/thumbs/8_lamb_932x810.png"}}, "seo_name": "lamb"}, {"id": 11, "name": "Game (deer, venison)", "background_image": {"location": "//images.vivino.com/backgrounds/foods/11_venison.png", "variations": {"small": "//images.vivino.com/backgrounds/foods/thumbs/11_venison_932x810.png"}}, "seo_name": "game"}], "grapes": [{"id": 12, "name": "Nebbiolo", "seo_name": "nebbiolo", "has_detailed_info": true, "wines_count": 55983}, {"id": 31, "name": "Barbera", "seo_name": "barbera", "has_detailed_info": true, "wines_count": 49745}, {"id": 37, "name": "Dolcetto", "seo_name": "dolcetto", "has_detailed_info": false, "wines_count": 11300}], "region": null}, "has_valid_ratings": true}, "highlights": [{"vintage_id": 3656382, "highlight_type": "best_user_rated", "message": "This vintage rates better than any other year for this wine", "icon": "https://images.vivino.com/highlights/icon/best_user_rated.svg", "metadata": {"price": null, "wine_id": 1219823, "toplist": null, "ws_award": null, "critic_review_id": null, "ratings_average": 4, "ratings_count": 15, "vintage_year": "2004", "rank_type": null, "ranks": {"country": {"description": "Rank within Italy", "total": 1562232, "rank": 263453}, "region": {"description": "Rank within Wine Region", "total": 75978, "rank": 10613}, "winery": {"description": "Rank within Winery", "total": 696, "rank": 219}, "global": {"description": "Global Rank", "total": 8944641, "rank": 1377908}}, "style": {"id": 130, "seo_name": "northern-italy-red", "regional_name": "Northern Italy", "varietal_name": "Red", "name": "Northern Italy Red", "image": null, "background_image": {"location": "//images.vivino.com/backgrounds/styles/KhR_c_ZwS7uL-COwrSLXjA.jpg", "variations": {"small": "//images.vivino.com/backgrounds/styles/thumbs/KhR_c_ZwS7uL-COwrSLXjA_932x810.jpg"}}, "description": "The wines of Northern Italy include some of the most well known red wines in the country including Nebbiolo, Barbera, Dolcetto, Amarone and Valpolicella.\n\nArguably, the two most important regions in Northern Italy are Piedmont in the northwest, and Veneto in the northeast. Red wines from these regions range from some of the most expensive and sought after in all of Italy to great value red wines.\n\nNebbiolo produces some of the most exclusive and expensive red wines in Italy, including Barolo and Barbaresco. However, these sought after wines come with a hefty price tag.\n\nDolcetto and Barbera from Piedmont offer relative value. Dolcetto is planted on less desirable vineyard sites, and produces fruit-forward, great value wines that are meant to be consumed within 1-2 years of bottling. Barbera is a high yield variety with low tannins and high acidity.\n\nIn Veneto, Valpolicella reigns supreme as its own distinct viticultural zone. There are five different tiers within this wine category ranging from inexpensive and light-bodied Valpolicella Classico, to pricey Amarone.\n\nRed wines from Valpolicella are typically based on Corvina, with Rondinella, and Molinara rounding out these blended wines.", "blurb": null, "interesting_facts": ["Until the last 20 years, Barbera was the most widely planted red variety in all of Italy.", "Many varieties of wine from Northern Italy are now being planted in California.", "Italy produces more wine than any country in the world accounting for nearly 1/3 of global production."], "body": 4, "body_description": "Full-bodied", "acidity": 3, "acidity_description": "High", "country": {"code": "it", "name": "Italy", "native_name": "Italia", "seo_name": "italy", "currency": {"code": "EUR", "name": "Euros", "prefix": "\u20ac", "suffix": null}, "regions_count": 557, "users_count": 3875564, "wines_count": 355339, "wineries_count": 41362, "most_used_grapes": [{"id": 16, "name": "Sangiovese", "seo_name": "sangiovese", "has_detailed_info": true, "wines_count": 125094}, {"id": 10, "name": "Merlot", "seo_name": "merlot", "has_detailed_info": true, "wines_count": 566719}, {"id": 5, "name": "Chardonnay", "seo_name": "chardonnay", "has_detailed_info": true, "wines_count": 604208}]}, "wine_type_id": 1, "food": [{"id": 4, "name": "Beef", "background_image": {"location": "//images.vivino.com/backgrounds/foods/4_beef.png", "variations": {"small": "//images.vivino.com/backgrounds/foods/thumbs/4_beef_932x810.png"}}, "seo_name": "beef"}, {"id": 5, "name": "Pasta", "background_image": {"location": "//images.vivino.com/backgrounds/foods/5_pasta.png", "variations": {"small": "//images.vivino.com/backgrounds/foods/thumbs/5_pasta_932x810.png"}}, "seo_name": null}, {"id": 8, "name": "Lamb", "background_image": {"location": "//images.vivino.com/backgrounds/foods/8_lamb.png", "variations": {"small": "//images.vivino.com/backgrounds/foods/thumbs/8_lamb_932x810.png"}}, "seo_name": "lamb"}, {"id": 11, "name": "Game (deer, venison)", "background_image": {"location": "//images.vivino.com/backgrounds/foods/11_venison.png", "variations": {"small": "//images.vivino.com/backgrounds/foods/thumbs/11_venison_932x810.png"}}, "seo_name": "game"}], "grapes": [{"id": 12, "name": "Nebbiolo", "seo_name": "nebbiolo", "has_detailed_info": true, "wines_count": 55983}, {"id": 31, "name": "Barbera", "seo_name": "barbera", "has_detailed_info": true, "wines_count": 49745}, {"id": 37, "name": "Dolcetto", "seo_name": "dolcetto", "has_detailed_info": false, "wines_count": 11300}], "region": null}}, "vintage_year": 2004}, {"vintage_id": 3166657, "highlight_type": "most_user_rated", "message": "Popular among Vivino users. More than 700 ratings", "icon": "https://images.vivino.com/highlights/icon/most_user_rated.svg", "metadata": {"price": null, "wine_id": 1219823, "toplist": null, "ws_award": null, "critic_review_id": null, "ratings_average": 3.4, "ratings_count": 701, "vintage_year": "2013", "rank_type": null, "ranks": {"country": {"description": "Rank within Italy", "total": 1562232, "rank": 334937}, "region": {"description": "Rank within Wine Region", "total": 75978, "rank": 13759}, "winery": {"description": "Rank within Winery", "total": 696, "rank": 255}, "global": {"description": "Global Rank", "total": 8944641, "rank": 1766416}}, "style": {"id": 130, "seo_name": "northern-italy-red", "regional_name": "Northern Italy", "varietal_name": "Red", "name": "Northern Italy Red", "image": null, "background_image": {"location": "//images.vivino.com/backgrounds/styles/KhR_c_ZwS7uL-COwrSLXjA.jpg", "variations": {"small": "//images.vivino.com/backgrounds/styles/thumbs/KhR_c_ZwS7uL-COwrSLXjA_932x810.jpg"}}, "description": "The wines of Northern Italy include some of the most well known red wines in the country including Nebbiolo, Barbera, Dolcetto, Amarone and Valpolicella.\n\nArguably, the two most important regions in Northern Italy are Piedmont in the northwest, and Veneto in the northeast. Red wines from these regions range from some of the most expensive and sought after in all of Italy to great value red wines.\n\nNebbiolo produces some of the most exclusive and expensive red wines in Italy, including Barolo and Barbaresco. However, these sought after wines come with a hefty price tag.\n\nDolcetto and Barbera from Piedmont offer relative value. Dolcetto is planted on less desirable vineyard sites, and produces fruit-forward, great value wines that are meant to be consumed within 1-2 years of bottling. Barbera is a high yield variety with low tannins and high acidity.\n\nIn Veneto, Valpolicella reigns supreme as its own distinct viticultural zone. There are five different tiers within this wine category ranging from inexpensive and light-bodied Valpolicella Classico, to pricey Amarone.\n\nRed wines from Valpolicella are typically based on Corvina, with Rondinella, and Molinara rounding out these blended wines.", "blurb": null, "interesting_facts": ["Until the last 20 years, Barbera was the most widely planted red variety in all of Italy.", "Many varieties of wine from Northern Italy are now being planted in California.", "Italy produces more wine than any country in the world accounting for nearly 1/3 of global production."], "body": 4, "body_description": "Full-bodied", "acidity": 3, "acidity_description": "High", "country": {"code": "it", "name": "Italy", "native_name": "Italia", "seo_name": "italy", "currency": {"code": "EUR", "name": "Euros", "prefix": "\u20ac", "suffix": null}, "regions_count": 557, "users_count": 3875564, "wines_count": 355339, "wineries_count": 41362, "most_used_grapes": [{"id": 16, "name": "Sangiovese", "seo_name": "sangiovese", "has_detailed_info": true, "wines_count": 125094}, {"id": 10, "name": "Merlot", "seo_name": "merlot", "has_detailed_info": true, "wines_count": 566719}, {"id": 5, "name": "Chardonnay", "seo_name": "chardonnay", "has_detailed_info": true, "wines_count": 604208}]}, "wine_type_id": 1, "food": [{"id": 4, "name": "Beef", "background_image": {"location": "//images.vivino.com/backgrounds/foods/4_beef.png", "variations": {"small": "//images.vivino.com/backgrounds/foods/thumbs/4_beef_932x810.png"}}, "seo_name": "beef"}, {"id": 5, "name": "Pasta", "background_image": {"location": "//images.vivino.com/backgrounds/foods/5_pasta.png", "variations": {"small": "//images.vivino.com/backgrounds/foods/thumbs/5_pasta_932x810.png"}}, "seo_name": null}, {"id": 8, "name": "Lamb", "background_image": {"location": "//images.vivino.com/backgrounds/foods/8_lamb.png", "variations": {"small": "//images.vivino.com/backgrounds/foods/thumbs/8_lamb_932x810.png"}}, "seo_name": "lamb"}, {"id": 11, "name": "Game (deer, venison)", "background_image": {"location": "//images.vivino.com/backgrounds/foods/11_venison.png", "variations": {"small": "//images.vivino.com/backgrounds/foods/thumbs/11_venison_932x810.png"}}, "seo_name": "game"}], "grapes": [{"id": 12, "name": "Nebbiolo", "seo_name": "nebbiolo", "has_detailed_info": true, "wines_count": 55983}, {"id": 31, "name": "Barbera", "seo_name": "barbera", "has_detailed_info": true, "wines_count": 49745}, {"id": 37, "name": "Dolcetto", "seo_name": "dolcetto", "has_detailed_info": false, "wines_count": 11300}], "region": null}}, "vintage_year": 2013}, {"vintage_id": 97422358, "highlight_type": "top_ranked", "message": "Among top 10% of all wines in the world", "icon": "https://images.vivino.com/highlights/icon/top_ranked.svg", "metadata": {"price": null, "wine_id": 1219823, "toplist": null, "ws_award": null, "critic_review_id": null, "ratings_average": 3.7, "ratings_count": 384, "vintage_year": "2016", "rank_type": "global", "ranks": {"country": {"description": "Rank within Italy", "total": 1562232, "rank": 170387}, "region": {"description": "Rank within Wine Region", "total": 75978, "rank": 6629}, "winery": {"description": "Rank within Winery", "total": 696, "rank": 152}, "global": {"description": "Global Rank", "total": 8944641, "rank": 890737}}, "style": {"id": 130, "seo_name": "northern-italy-red", "regional_name": "Northern Italy", "varietal_name": "Red", "name": "Northern Italy Red", "image": null, "background_image": {"location": "//images.vivino.com/backgrounds/styles/KhR_c_ZwS7uL-COwrSLXjA.jpg", "variations": {"small": "//images.vivino.com/backgrounds/styles/thumbs/KhR_c_ZwS7uL-COwrSLXjA_932x810.jpg"}}, "description": "The wines of Northern Italy include some of the most well known red wines in the country including Nebbiolo, Barbera, Dolcetto, Amarone and Valpolicella.\n\nArguably, the two most important regions in Northern Italy are Piedmont in the northwest, and Veneto in the northeast. Red wines from these regions range from some of the most expensive and sought after in all of Italy to great value red wines.\n\nNebbiolo produces some of the most exclusive and expensive red wines in Italy, including Barolo and Barbaresco. However, these sought after wines come with a hefty price tag.\n\nDolcetto and Barbera from Piedmont offer relative value. Dolcetto is planted on less desirable vineyard sites, and produces fruit-forward, great value wines that are meant to be consumed within 1-2 years of bottling. Barbera is a high yield variety with low tannins and high acidity.\n\nIn Veneto, Valpolicella reigns supreme as its own distinct viticultural zone. There are five different tiers within this wine category ranging from inexpensive and light-bodied Valpolicella Classico, to pricey Amarone.\n\nRed wines from Valpolicella are typically based on Corvina, with Rondinella, and Molinara rounding out these blended wines.", "blurb": null, "interesting_facts": ["Until the last 20 years, Barbera was the most widely planted red variety in all of Italy.", "Many varieties of wine from Northern Italy are now being planted in California.", "Italy produces more wine than any country in the world accounting for nearly 1/3 of global production."], "body": 4, "body_description": "Full-bodied", "acidity": 3, "acidity_description": "High", "country": {"code": "it", "name": "Italy", "native_name": "Italia", "seo_name": "italy", "currency": {"code": "EUR", "name": "Euros", "prefix": "\u20ac", "suffix": null}, "regions_count": 557, "users_count": 3875564, "wines_count": 355339, "wineries_count": 41362, "most_used_grapes": [{"id": 16, "name": "Sangiovese", "seo_name": "sangiovese", "has_detailed_info": true, "wines_count": 125094}, {"id": 10, "name": "Merlot", "seo_name": "merlot", "has_detailed_info": true, "wines_count": 566719}, {"id": 5, "name": "Chardonnay", "seo_name": "chardonnay", "has_detailed_info": true, "wines_count": 604208}]}, "wine_type_id": 1, "food": [{"id": 4, "name": "Beef", "background_image": {"location": "//images.vivino.com/backgrounds/foods/4_beef.png", "variations": {"small": "//images.vivino.com/backgrounds/foods/thumbs/4_beef_932x810.png"}}, "seo_name": "beef"}, {"id": 5, "name": "Pasta", "background_image": {"location": "//images.vivino.com/backgrounds/foods/5_pasta.png", "variations": {"small": "//images.vivino.com/backgrounds/foods/thumbs/5_pasta_932x810.png"}}, "seo_name": null}, {"id": 8, "name": "Lamb", "background_image": {"location": "//images.vivino.com/backgrounds/foods/8_lamb.png", "variations": {"small": "//images.vivino.com/backgrounds/foods/thumbs/8_lamb_932x810.png"}}, "seo_name": "lamb"}, {"id": 11, "name": "Game (deer, venison)", "background_image": {"location": "//images.vivino.com/backgrounds/foods/11_venison.png", "variations": {"small": "//images.vivino.com/backgrounds/foods/thumbs/11_venison_932x810.png"}}, "seo_name": "game"}], "grapes": [{"id": 12, "name": "Nebbiolo", "seo_name": "nebbiolo", "has_detailed_info": true, "wines_count": 55983}, {"id": 31, "name": "Barbera", "seo_name": "barbera", "has_detailed_info": true, "wines_count": 49745}, {"id": 37, "name": "Dolcetto", "seo_name": "dolcetto", "has_detailed_info": false, "wines_count": 11300}], "region": null}}, "vintage_year": 2016}], "recommended_vintages": [{"vintage": {"id": 3656382, "seo_name": "nino-negri-sassella-valtellina-superiore-2004", "name": "Nino Negri Sassella Valtellina Superiore 2004", "statistics": {"status": "Normal", "ratings_count": 15, "ratings_average": 4, "labels_count": 58, "reviews_count": 4}, "year": 2004, "grapes": null, "has_valid_ratings": true}, "type": "best_user_rated", "highlight_icon": "https://images.vivino.com/highlights/icon/best_user_rated.svg", "price": null}, {"vintage": {"id": 3166657, "seo_name": "nino-negri-sassella-valtellina-superiore-2013", "name": "Nino Negri Sassella Valtellina Superiore 2013", "statistics": {"status": "Normal", "ratings_count": 701, "ratings_average": 3.4, "labels_count": 4835, "reviews_count": 150}, "year": 2013, "grapes": null, "has_valid_ratings": true}, "type": "most_user_rated", "highlight_icon": "https://images.vivino.com/highlights/icon/most_user_rated.svg", "price": null}, {"vintage": {"id": 97422358, "seo_name": "nino-negri-sassella-valtellina-superiore-2016", "name": "Nino Negri Sassella Valtellina Superiore 2016", "statistics": {"status": "Normal", "ratings_count": 384, "ratings_average": 3.7, "labels_count": 3006, "reviews_count": 105}, "year": 2016, "grapes": null, "has_valid_ratings": true}, "type": "top_ranked", "highlight_icon": "https://images.vivino.com/highlights/icon/top_ranked.svg", "price": null}], "prices_and_availabilities": [], "price_range": {"currency": {"code": "EUR", "name": "Euros", "prefix": "\u20ac", "suffix": null}, "price_range": {"minimum": 0, "maximum": 500, "currency_code": "EUR"}, "defaults": {"minimum": 7, "maximum": 30, "currency_code": "EUR"}}, "subtotal_price": null}