{"tastes": {"structure": {"acidity": 3.4987726, "fizziness": null, "intensity": 3.8982272, "sweetness": 1.3929546, "tannin": null, "user_structure_count": 8, "calculated_structure_count": 18}, "flavor": [{"group": "tree_fruit", "stats": {"count": 9, "score": 1600, "mentions_count": 16}, "primary_keywords": [{"id": 195, "name": "Gr\u00fcner Apfel", "count": 8}, {"id": 315, "name": "Birne", "count": 4}, {"id": 204, "name": "Gr\u00fcne Birne", "count": 2}, {"id": 11, "name": "Aprikose", "count": 1}, {"id": 310, "name": "Pfirsich", "count": 1}]}, {"group": "vegetal", "stats": {"count": 5, "score": 500, "mentions_count": 5}, "primary_keywords": [{"id": 193, "name": "Gras", "count": 2}, {"id": 89, "name": "Mangold", "count": 1}, {"id": 425, "name": "Tomate", "count": 1}, {"id": 185, "name": "Stachelbeere", "count": 1}]}, {"group": "tropical_fruit", "stats": {"count": 1, "score": 400, "mentions_count": 4}, "primary_keywords": [{"id": 261, "name": "Mango", "count": 1}, {"id": 428, "name": "Tropisch", "count": 1}, {"id": 256, "name": "Litschi", "count": 1}, {"id": 329, "name": "Ananas", "count": 1}]}, {"group": "citrus_fruit", "stats": {"count": 3, "score": 300, "mentions_count": 3}, "primary_keywords": [{"id": 106, "name": "Zitrone", "count": 3}]}, {"group": "oak", "stats": {"count": 2, "score": 134, "mentions_count": 2}, "primary_keywords": [{"id": 70, "name": "Butter", "count": 2}]}, {"group": "dried_fruit", "stats": {"count": 1, "score": 89, "mentions_count": 1}, "primary_keywords": [{"id": 341, "name": "Backpflaume", "count": 1}]}, {"group": "microbio", "stats": {"count": 2, "score": 66, "mentions_count": 0}, "secondary_keywords": [{"id": 70, "name": "Butter", "count": 2}]}, {"group": "black_fruit", "stats": {"count": 1, "score": 11, "mentions_count": 0}, "secondary_keywords": [{"id": 341, "name": "Backpflaume", "count": 1}]}]}, "vivino_id": "1972405"}