{"vintage": {"id": 160003336, "seo_name": "sylvain-langoureau-bourgogne-aligote-2019", "name": "Domaine Sylvain Langoureau Bourgogne Aligot\u00e9 2019", "statistics": {"status": "Normal", "ratings_count": 25, "ratings_average": 3.9, "labels_count": 135, "reviews_count": 12}, "organic_certification_id": null, "certified_biodynamic": null, "image": {"location": "//images.vivino.com/thumbs/4h5E7FNlTtuUcgmU1i6VOw_pl_480x640.png", "variations": {"bottle_large": "//images.vivino.com/thumbs/4h5E7FNlTtuUcgmU1i6VOw_pb_x960.png", "bottle_medium": "//images.vivino.com/thumbs/4h5E7FNlTtuUcgmU1i6VOw_pb_x600.png", "bottle_medium_square": "//images.vivino.com/thumbs/4h5E7FNlTtuUcgmU1i6VOw_pb_600x600.png", "bottle_small": "//images.vivino.com/thumbs/4h5E7FNlTtuUcgmU1i6VOw_pb_x300.png", "bottle_small_square": "//images.vivino.com/thumbs/4h5E7FNlTtuUcgmU1i6VOw_pb_300x300.png", "label": "//images.vivino.com/thumbs/4h5E7FNlTtuUcgmU1i6VOw_pl_480x640.png", "label_large": "//images.vivino.com/thumbs/4h5E7FNlTtuUcgmU1i6VOw_pl_375x500.png", "label_medium": "//images.vivino.com/thumbs/4h5E7FNlTtuUcgmU1i6VOw_pl_150x200.png", "label_medium_square": "//images.vivino.com/thumbs/4h5E7FNlTtuUcgmU1i6VOw_pl_150x150.png", "label_small_square": "//images.vivino.com/thumbs/4h5E7FNlTtuUcgmU1i6VOw_pl_80x80.png", "large": "//images.vivino.com/thumbs/4h5E7FNlTtuUcgmU1i6VOw_pl_375x500.png", "medium": "//images.vivino.com/thumbs/4h5E7FNlTtuUcgmU1i6VOw_pl_150x200.png", "medium_square": "//images.vivino.com/thumbs/4h5E7FNlTtuUcgmU1i6VOw_pl_150x150.png", "small_square": "//images.vivino.com/thumbs/4h5E7FNlTtuUcgmU1i6VOw_pl_80x80.png"}}, "wine": {"id": 1972405, "name": "Bourgogne Aligot\u00e9", "seo_name": "bourgogne-aligote", "type_id": 2, "vintage_type": 0, "is_natural": false, "region": {"id": 2185, "name": "Bourgogne Aligot\u00e9", "name_en": "", "seo_name": "bourgogne-aligote", "country": {"code": "fr", "name": "Frankreich", "native_name": "France", "seo_name": "france", "currency": {"code": "EUR", "name": "Euros", "prefix": "\u20ac", "suffix": null}, "regions_count": 1291, "users_count": 4913559, "wines_count": 537022, "wineries_count": 66898, "most_used_grapes": [{"id": 14, "name": "Pinot Noir", "seo_name": "pinot-noir", "has_detailed_info": true, "wines_count": 565547}, {"id": 10, "name": "Merlot", "seo_name": "merlot", "has_detailed_info": true, "wines_count": 560926}, {"id": 5, "name": "Chardonnay", "seo_name": "chardonnay", "has_detailed_info": true, "wines_count": 597329}]}, "parent_id": 385, "background_image": null, "class": {"typecast_map": {"background_image": {}, "class": {}}}, "statistics": {"wineries_count": 27, "wines_count": 1443, "sub_regions_count": 0, "parent_regions_count": 1}}, "review_status": 2, "winery": {"id": 5739, "name": "Domaine Sylvain Langoureau", "seo_name": "sylvain-langoureau", "status": 0, "review_status": "Completed", "background_image": null, "statistics": {"ratings_count": 4659, "ratings_average": 4.1, "labels_count": 25637, "wines_count": 18}, "region": {"id": 396, "name": "C\u00f4te de Beaune", "name_en": "", "seo_name": "cote-de-beaune", "country": {"code": "fr", "name": "Frankreich", "native_name": "France", "seo_name": "france", "currency": {"code": "EUR", "name": "Euros", "prefix": "\u20ac", "suffix": null}, "regions_count": 1291, "users_count": 4913559, "wines_count": 537022, "wineries_count": 66898, "most_used_grapes": [{"id": 14, "name": "Pinot Noir", "seo_name": "pinot-noir", "has_detailed_info": true, "wines_count": 565547}, {"id": 10, "name": "Merlot", "seo_name": "merlot", "has_detailed_info": true, "wines_count": 560926}, {"id": 5, "name": "Chardonnay", "seo_name": "chardonnay", "has_detailed_info": true, "wines_count": 597329}]}, "parent_id": 385, "background_image": {"location": "//images.vivino.com/regions/backgrounds/K_XJAVjVR5SjLZuUnGCb8Q.jpg", "variations": {"large": "//thumbs.vivino.com/region_backgrounds/K_XJAVjVR5SjLZuUnGCb8Q_1280x760.jpg", "medium": "//thumbs.vivino.com/region_backgrounds/K_XJAVjVR5SjLZuUnGCb8Q_600x356.jpg"}}, "class": {"typecast_map": {"background_image": {}, "class": {}}}, "statistics": {"wineries_count": 1332, "wines_count": 12870, "sub_regions_count": 20, "parent_regions_count": 1}}, "business_name": "Domaine Sylvain Langoureau", "description": "", "specialists_notes": "", "phone": "330380213999", "email": "domaine.sylvain.langoureau@cegetel.net", "facebook": "", "instagram": "", "is_claimed": false, "twitter": "", "website": "", "winemaker": "Domaine Sylvain Langoureau", "wine_maker": {"id": 10542, "name": "Domaine Sylvain Langoureau"}, "address": {"title": null, "name": null, "street": "20 Rue de la Fontenotte,", "street2": null, "neighborhood": null, "city": "Saint Aubin", "zip": " 21190", "state": null, "country": {"code": "fr", "name": "Frankreich", "native_name": "France", "seo_name": "france", "currency": {"code": "EUR", "name": "Euros", "prefix": "\u20ac", "suffix": null}, "regions_count": 1291, "users_count": 4913559, "wines_count": 537022, "wineries_count": 66898, "most_used_grapes": [{"id": 14, "name": "Pinot Noir", "seo_name": "pinot-noir", "has_detailed_info": true, "wines_count": 565547}, {"id": 10, "name": "Merlot", "seo_name": "merlot", "has_detailed_info": true, "wines_count": 560926}, {"id": 5, "name": "Chardonnay", "seo_name": "chardonnay", "has_detailed_info": true, "wines_count": 597329}]}, "company": null, "phone": null, "external_id": null, "residential": null, "vat_number": null, "vat_code": null, "addition": null}, "image": null, "location": {"latitude": 46.95066, "longitude": 4.71014}, "winery_group": null, "first_wines": [], "sponsored_entity_type": null, "sponsored_entity": null}, "statistics": {"status": "Normal", "ratings_count": 169, "ratings_average": 3.9, "labels_count": 802, "vintages_count": 20}, "rank": {"country": {"description": "Rang von Frankreich", "total": 314263, "rank": 36545}, "region": {"description": "Rang von Weinregion", "total": 14621, "rank": 2678}, "winery": {"description": "Rang vom Weingut", "total": 17, "rank": 14}, "wine_type": {"description": "Rang in allen Wei\u00dfwein", "total": 394073, "rank": 34343}, "global": {"description": "Weltweiter Rang", "total": 1287386, "rank": 135522}}, "hidden": false, "vintages": [{"id": 160003336, "seo_name": "sylvain-langoureau-bourgogne-aligote-2019", "name": "Domaine Sylvain Langoureau Bourgogne Aligot\u00e9 2019", "statistics": {"status": "Normal", "ratings_count": 25, "ratings_average": 3.9, "labels_count": 135, "reviews_count": 12}, "year": 2019, "grapes": null, "has_valid_ratings": true}, {"id": 157982910, "seo_name": "sylvain-langoureau-bourgogne-aligote-2018", "name": "Domaine Sylvain Langoureau Bourgogne Aligot\u00e9 2018", "statistics": {"status": "Normal", "ratings_count": 57, "ratings_average": 4, "labels_count": 215, "reviews_count": 24}, "year": 2018, "grapes": null, "has_valid_ratings": true}, {"id": 157888254, "seo_name": "sylvain-langoureau-bourgogne-aligote-2017", "name": "Domaine Sylvain Langoureau Bourgogne Aligot\u00e9 2017", "statistics": {"status": "Normal", "ratings_count": 10, "ratings_average": 3.8, "labels_count": 75, "reviews_count": 4}, "year": 2017, "grapes": null, "has_valid_ratings": true}, {"id": 154182329, "seo_name": "sylvain-langoureau-bourgogne-aligote-2016", "name": "Domaine Sylvain Langoureau Bourgogne Aligot\u00e9 2016", "statistics": {"status": "Normal", "ratings_count": 26, "ratings_average": 3.8, "labels_count": 153, "reviews_count": 10}, "year": 2016, "grapes": null, "has_valid_ratings": true}, {"id": 152374275, "seo_name": "sylvain-langoureau-bourgogne-aligote-2015", "name": "Domaine Sylvain Langoureau Bourgogne Aligot\u00e9 2015", "statistics": {"status": "Normal", "ratings_count": 17, "ratings_average": 3.9, "labels_count": 67, "reviews_count": 7}, "year": 2015, "grapes": null, "has_valid_ratings": true}, {"id": 49351738, "seo_name": "sylvain-langoureau-bourgogne-aligote-2014", "name": "Domaine Sylvain Langoureau Bourgogne Aligot\u00e9 2014", "statistics": {"status": "BelowThreshold", "ratings_count": 8, "ratings_average": 0, "labels_count": 19, "reviews_count": 1}, "year": 2014, "grapes": null, "has_valid_ratings": false}, {"id": 23990795, "seo_name": "sylvain-langoureau-bourgogne-aligote-2013", "name": "Domaine Sylvain Langoureau Bourgogne Aligot\u00e9 2013", "statistics": {"status": "BelowThreshold", "ratings_count": 7, "ratings_average": 0, "labels_count": 40, "reviews_count": 1}, "year": 2013, "grapes": null, "has_valid_ratings": false}, {"id": 4344631, "seo_name": "sylvain-langoureau-bourgogne-aligote-2012", "name": "Domaine Sylvain Langoureau Bourgogne Aligot\u00e9 2012", "statistics": {"status": "BelowThreshold", "ratings_count": 2, "ratings_average": 0, "labels_count": 4, "reviews_count": 1}, "year": 2012, "grapes": null, "has_valid_ratings": false}, {"id": 96732000, "seo_name": "sylvain-langoureau-bourgogne-aligote-2011", "name": "Domaine Sylvain Langoureau Bourgogne Aligot\u00e9 2011", "statistics": {"status": "BelowThreshold", "ratings_count": 1, "ratings_average": 0, "labels_count": 1, "reviews_count": 0}, "year": 2011, "grapes": null, "has_valid_ratings": false}, {"id": 3528718, "seo_name": "sylvain-langoureau-bourgogne-aligote-uv", "name": "Domaine Sylvain Langoureau Bourgogne Aligot\u00e9", "statistics": {"status": "Normal", "ratings_count": 169, "ratings_average": 3.9, "labels_count": 48, "reviews_count": 3}, "year": 0, "grapes": null, "has_valid_ratings": true}], "description": "", "grapes": [{"id": 50, "name": "Aligot\u00e9", "seo_name": "aligote", "has_detailed_info": false, "wines_count": 9975}], "foods": [{"id": 5, "name": "Pasta", "background_image": {"location": "//images.vivino.com/backgrounds/foods/5_pasta.png", "variations": {"small": "//images.vivino.com/backgrounds/foods/thumbs/5_pasta_932x810.png"}}, "seo_name": null}, {"id": 12, "name": "Fetthaltiger Fisch (Lachs, Thunfisch etc.)", "background_image": {"location": "//images.vivino.com/backgrounds/foods/12_richfish.png", "variations": {"small": "//images.vivino.com/backgrounds/foods/thumbs/12_richfish_932x810.png"}}, "seo_name": null}, {"id": 13, "name": "Schalentiere", "background_image": {"location": "//images.vivino.com/backgrounds/foods/13_shellfish.png", "variations": {"small": "//images.vivino.com/backgrounds/foods/thumbs/13_shellfish_932x810.png"}}, "seo_name": "shellfish"}, {"id": 35, "name": "Milde K\u00e4sesorten und Weichk\u00e4se", "background_image": {"location": "//images.vivino.com/backgrounds/foods/35_softcheese.png", "variations": {"small": "//images.vivino.com/backgrounds/foods/thumbs/35_softcheese_932x810.png"}}, "seo_name": null}, {"id": 41, "name": "Ger\u00e4ucherte Fleischprodukte", "background_image": {"location": "//images.vivino.com/backgrounds/foods/41_curedmeat.png", "variations": {"small": "//images.vivino.com/backgrounds/foods/thumbs/41_curedmeat_932x810.png"}}, "seo_name": null}], "non_vintage": false, "alcohol": 12.5, "sweetness_id": null, "closure": null, "vintage_mask_raw": null, "updated_at": "2021-06-08T14:00:55Z", "created_at": "2013-11-14T03:31:46Z", "is_first_wine": false, "style": {"id": 24, "seo_name": "burgundy-white", "regional_name": "Burgundy", "varietal_name": "White", "name": "Burgund Wei\u00df Frankreich", "image": null, "background_image": null, "description": "White Burgundy, or Bourgogne Blanc, as it is often called, is made from Chardonnay grown in the Burgundy region of France. The other principal grape grown in Burgundy is Pinot Noir.\n\nBurgundy has had a long love affair with wine, starting around the 1st century AD with the Romans. Later, the Cistercian monks really put Burgundy on the map by crafting wines for the local aristocracy.\n\nWidely viewed as the most terroir-driven of French wines, Burgundy wines, both red and white are made from varieties that easily reflect the soil and climate they are grown in. Like a blank canvas, Chardonnay readily expresses subtle variations from vineyards that are a mere stone's throw from one another, this is part of what makes Burgundy so compelling and so expensive.\n\nAs with other regions in France, Burgundy can range in price from expensive to reasonably affordable. Burgundy's vineyard sites have been carefully divided over the centuries into Grand Cru, Premier Cru, village appellations and regional wines (aka Bourgogne blanc).\n\nSome things to keep in mind when selecting white Burgundy: It's more nuanced than New World Chardonnay, this restraint is reflected in the alcohol as well, which often falls between 12.5-13.5%.\n\nYoung white Burgundies have aromas of fresh apple and pear, citrus, mineral overtones and sometimes toasted hazelnut notes from barrel aging. Try white Burgundies with delicate seafood dishes, like poached salmon or scallops, roasted chicken or spring vegetables.", "blurb": null, "interesting_facts": ["60.5% of Burgundy's overall production is white wine, most of which is Chardonnay.", "With more AOCs (Appellations dOrigine Contr\u00f4l\u00e9e) than any other French wine region, Burgundy is a rich tapestry of Grand Crus, Premier Crus and village wines.", "The perceptible minerally vein in white and red Burgundies is due to limestone and marl found in Burgundian soil, as much of the region sits atop ancient sea floor.", "Burgundy produces a small amount of sparkling wine known as Cr\u00e9mant de Bourgogne."], "body": 4, "body_description": "Voller K\u00f6rper", "acidity": 3, "acidity_description": "Hoch", "country": {"code": "fr", "name": "Frankreich", "native_name": "France", "seo_name": "france", "currency": {"code": "EUR", "name": "Euros", "prefix": "\u20ac", "suffix": null}, "regions_count": 1291, "users_count": 4913559, "wines_count": 537022, "wineries_count": 66898, "most_used_grapes": [{"id": 14, "name": "Pinot Noir", "seo_name": "pinot-noir", "has_detailed_info": true, "wines_count": 565547}, {"id": 10, "name": "Merlot", "seo_name": "merlot", "has_detailed_info": true, "wines_count": 560926}, {"id": 5, "name": "Chardonnay", "seo_name": "chardonnay", "has_detailed_info": true, "wines_count": 597329}]}, "wine_type_id": 2, "food": [{"id": 5, "name": "Pasta", "background_image": {"location": "//images.vivino.com/backgrounds/foods/5_pasta.png", "variations": {"small": "//images.vivino.com/backgrounds/foods/thumbs/5_pasta_932x810.png"}}, "seo_name": null}, {"id": 12, "name": "Rich fish (salmon, tuna etc)", "background_image": {"location": "//images.vivino.com/backgrounds/foods/12_richfish.png", "variations": {"small": "//images.vivino.com/backgrounds/foods/thumbs/12_richfish_932x810.png"}}, "seo_name": null}, {"id": 13, "name": "Shellfish", "background_image": {"location": "//images.vivino.com/backgrounds/foods/13_shellfish.png", "variations": {"small": "//images.vivino.com/backgrounds/foods/thumbs/13_shellfish_932x810.png"}}, "seo_name": "shellfish"}, {"id": 35, "name": "Mild and soft cheese", "background_image": {"location": "//images.vivino.com/backgrounds/foods/35_softcheese.png", "variations": {"small": "//images.vivino.com/backgrounds/foods/thumbs/35_softcheese_932x810.png"}}, "seo_name": null}, {"id": 41, "name": "Cured Meat", "background_image": {"location": "//images.vivino.com/backgrounds/foods/41_curedmeat.png", "variations": {"small": "//images.vivino.com/backgrounds/foods/thumbs/41_curedmeat_932x810.png"}}, "seo_name": null}], "grapes": [{"id": 5, "name": "Chardonnay", "seo_name": "chardonnay", "has_detailed_info": true, "wines_count": 597329}], "region": {"id": 385, "name": "Bourgogne", "name_en": "Burgundy", "seo_name": "bourgogne", "country": {"code": "fr", "name": "Frankreich", "native_name": "France", "seo_name": "france", "currency": {"code": "EUR", "name": "Euros", "prefix": "\u20ac", "suffix": null}, "regions_count": 1291, "users_count": 4913559, "wines_count": 537022, "wineries_count": 66898, "most_used_grapes": [{"id": 14, "name": "Pinot Noir", "seo_name": "pinot-noir", "has_detailed_info": true, "wines_count": 565547}, {"id": 10, "name": "Merlot", "seo_name": "merlot", "has_detailed_info": true, "wines_count": 560926}, {"id": 5, "name": "Chardonnay", "seo_name": "chardonnay", "has_detailed_info": true, "wines_count": 597329}]}, "parent_id": null, "background_image": {"location": "//images.vivino.com/regions/backgrounds/B_R9c4eLQCuo7Nqjbii6WQ.jpg", "variations": {"large": "//thumbs.vivino.com/region_backgrounds/B_R9c4eLQCuo7Nqjbii6WQ_1280x760.jpg", "medium": "//thumbs.vivino.com/region_backgrounds/B_R9c4eLQCuo7Nqjbii6WQ_600x356.jpg"}}, "class": {"typecast_map": {"background_image": {}, "class": {}}}, "statistics": {"wineries_count": 5434, "wines_count": 20996, "sub_regions_count": 26, "parent_regions_count": 0}}}, "has_valid_ratings": true}, "description": "", "expert_reviews": null, "wine_critic_reviews": [], "awards": [], "ratings_distribution": {"1": 0, "2": 0, "3": 9, "4": 14, "5": 2}, "ranking": {"country": {"description": "Rang von Frankreich", "total": 2463479, "rank": 423855}, "region": {"description": "Rang von Weinregion", "total": 135634, "rank": 29014}, "winery": {"description": "Rang vom Weingut", "total": 285, "rank": 129}, "global": {"description": "Weltweiter Rang", "total": 8825155, "rank": 1537770}}, "wine_facts": {"alcohol": 12}, "winemaker": null, "wine_maker": null, "grape_composition": {"50": 100}, "year": 2019, "grapes": [{"id": 50, "name": "Aligot\u00e9", "seo_name": "aligote", "has_detailed_info": false, "wines_count": 9975}], "has_valid_ratings": true}, "carts": null, "price_range": {"currency": {"code": "EUR", "name": "Euros", "prefix": "\u20ac", "suffix": null}, "price_range": {"minimum": 0, "maximum": 500, "currency_code": "EUR"}, "defaults": {"minimum": 7, "maximum": 30, "currency_code": "EUR"}}, "subtotal_price": null, "full_region": null, "tastes": null, "wine": {"id": 1972405, "name": "Bourgogne Aligot\u00e9", "seo_name": "bourgogne-aligote", "type_id": 2, "vintage_type": 0, "is_natural": false, "region": {"id": 2185, "name": "Bourgogne Aligot\u00e9", "name_en": "", "seo_name": "bourgogne-aligote", "country": {"code": "fr", "name": "Frankreich", "native_name": "France", "seo_name": "france", "currency": {"code": "EUR", "name": "Euros", "prefix": "\u20ac", "suffix": null}, "regions_count": 1291, "users_count": 4913559, "wines_count": 537022, "wineries_count": 66898, "most_used_grapes": [{"id": 14, "name": "Pinot Noir", "seo_name": "pinot-noir", "has_detailed_info": true, "wines_count": 565547}, {"id": 10, "name": "Merlot", "seo_name": "merlot", "has_detailed_info": true, "wines_count": 560926}, {"id": 5, "name": "Chardonnay", "seo_name": "chardonnay", "has_detailed_info": true, "wines_count": 597329}]}, "parent_id": 385, "background_image": null, "class": {"typecast_map": {"background_image": {}, "class": {}}}, "statistics": {"wineries_count": 27, "wines_count": 1443, "sub_regions_count": 0, "parent_regions_count": 1}}, "review_status": 2, "winery": {"id": 5739, "name": "Domaine Sylvain Langoureau", "seo_name": "sylvain-langoureau", "status": 0, "review_status": "Completed", "background_image": null, "statistics": {"ratings_count": 4659, "ratings_average": 4.1, "labels_count": 25637, "wines_count": 18}, "region": {"id": 396, "name": "C\u00f4te de Beaune", "name_en": "", "seo_name": "cote-de-beaune", "country": {"code": "fr", "name": "Frankreich", "native_name": "France", "seo_name": "france", "currency": {"code": "EUR", "name": "Euros", "prefix": "\u20ac", "suffix": null}, "regions_count": 1291, "users_count": 4913559, "wines_count": 537022, "wineries_count": 66898, "most_used_grapes": [{"id": 14, "name": "Pinot Noir", "seo_name": "pinot-noir", "has_detailed_info": true, "wines_count": 565547}, {"id": 10, "name": "Merlot", "seo_name": "merlot", "has_detailed_info": true, "wines_count": 560926}, {"id": 5, "name": "Chardonnay", "seo_name": "chardonnay", "has_detailed_info": true, "wines_count": 597329}]}, "parent_id": 385, "background_image": {"location": "//images.vivino.com/regions/backgrounds/K_XJAVjVR5SjLZuUnGCb8Q.jpg", "variations": {"large": "//thumbs.vivino.com/region_backgrounds/K_XJAVjVR5SjLZuUnGCb8Q_1280x760.jpg", "medium": "//thumbs.vivino.com/region_backgrounds/K_XJAVjVR5SjLZuUnGCb8Q_600x356.jpg"}}, "class": {"typecast_map": {"background_image": {}, "class": {}}}, "statistics": {"wineries_count": 1332, "wines_count": 12870, "sub_regions_count": 20, "parent_regions_count": 1}}, "business_name": "Domaine Sylvain Langoureau", "description": "", "specialists_notes": "", "phone": "330380213999", "email": "domaine.sylvain.langoureau@cegetel.net", "facebook": "", "instagram": "", "is_claimed": false, "twitter": "", "website": "", "winemaker": "Domaine Sylvain Langoureau", "wine_maker": {"id": 10542, "name": "Domaine Sylvain Langoureau"}, "address": {"title": null, "name": null, "street": "20 Rue de la Fontenotte,", "street2": null, "neighborhood": null, "city": "Saint Aubin", "zip": " 21190", "state": null, "country": {"code": "fr", "name": "Frankreich", "native_name": "France", "seo_name": "france", "currency": {"code": "EUR", "name": "Euros", "prefix": "\u20ac", "suffix": null}, "regions_count": 1291, "users_count": 4913559, "wines_count": 537022, "wineries_count": 66898, "most_used_grapes": [{"id": 14, "name": "Pinot Noir", "seo_name": "pinot-noir", "has_detailed_info": true, "wines_count": 565547}, {"id": 10, "name": "Merlot", "seo_name": "merlot", "has_detailed_info": true, "wines_count": 560926}, {"id": 5, "name": "Chardonnay", "seo_name": "chardonnay", "has_detailed_info": true, "wines_count": 597329}]}, "company": null, "phone": null, "external_id": null, "residential": null, "vat_number": null, "vat_code": null, "addition": null}, "image": null, "location": {"latitude": 46.95066, "longitude": 4.71014}, "winery_group": null, "first_wines": [], "sponsored_entity_type": null, "sponsored_entity": null}, "statistics": {"status": "Normal", "ratings_count": 169, "ratings_average": 3.9, "labels_count": 802, "vintages_count": 20}, "rank": {"country": {"description": "Rang von Frankreich", "total": 314263, "rank": 36545}, "region": {"description": "Rang von Weinregion", "total": 14621, "rank": 2678}, "winery": {"description": "Rang vom Weingut", "total": 17, "rank": 14}, "wine_type": {"description": "Rang in allen Wei\u00dfwein", "total": 394073, "rank": 34343}, "global": {"description": "Weltweiter Rang", "total": 1287386, "rank": 135522}}, "hidden": false, "vintages": [{"id": 160003336, "seo_name": "sylvain-langoureau-bourgogne-aligote-2019", "name": "Domaine Sylvain Langoureau Bourgogne Aligot\u00e9 2019", "statistics": {"status": "Normal", "ratings_count": 25, "ratings_average": 3.9, "labels_count": 135, "reviews_count": 12}, "year": 2019, "grapes": null, "has_valid_ratings": true}, {"id": 157982910, "seo_name": "sylvain-langoureau-bourgogne-aligote-2018", "name": "Domaine Sylvain Langoureau Bourgogne Aligot\u00e9 2018", "statistics": {"status": "Normal", "ratings_count": 57, "ratings_average": 4, "labels_count": 215, "reviews_count": 24}, "year": 2018, "grapes": null, "has_valid_ratings": true}, {"id": 157888254, "seo_name": "sylvain-langoureau-bourgogne-aligote-2017", "name": "Domaine Sylvain Langoureau Bourgogne Aligot\u00e9 2017", "statistics": {"status": "Normal", "ratings_count": 10, "ratings_average": 3.8, "labels_count": 75, "reviews_count": 4}, "year": 2017, "grapes": null, "has_valid_ratings": true}, {"id": 154182329, "seo_name": "sylvain-langoureau-bourgogne-aligote-2016", "name": "Domaine Sylvain Langoureau Bourgogne Aligot\u00e9 2016", "statistics": {"status": "Normal", "ratings_count": 26, "ratings_average": 3.8, "labels_count": 153, "reviews_count": 10}, "year": 2016, "grapes": null, "has_valid_ratings": true}, {"id": 152374275, "seo_name": "sylvain-langoureau-bourgogne-aligote-2015", "name": "Domaine Sylvain Langoureau Bourgogne Aligot\u00e9 2015", "statistics": {"status": "Normal", "ratings_count": 17, "ratings_average": 3.9, "labels_count": 67, "reviews_count": 7}, "year": 2015, "grapes": null, "has_valid_ratings": true}, {"id": 49351738, "seo_name": "sylvain-langoureau-bourgogne-aligote-2014", "name": "Domaine Sylvain Langoureau Bourgogne Aligot\u00e9 2014", "statistics": {"status": "BelowThreshold", "ratings_count": 8, "ratings_average": 0, "labels_count": 19, "reviews_count": 1}, "year": 2014, "grapes": null, "has_valid_ratings": false}, {"id": 23990795, "seo_name": "sylvain-langoureau-bourgogne-aligote-2013", "name": "Domaine Sylvain Langoureau Bourgogne Aligot\u00e9 2013", "statistics": {"status": "BelowThreshold", "ratings_count": 7, "ratings_average": 0, "labels_count": 40, "reviews_count": 1}, "year": 2013, "grapes": null, "has_valid_ratings": false}, {"id": 4344631, "seo_name": "sylvain-langoureau-bourgogne-aligote-2012", "name": "Domaine Sylvain Langoureau Bourgogne Aligot\u00e9 2012", "statistics": {"status": "BelowThreshold", "ratings_count": 2, "ratings_average": 0, "labels_count": 4, "reviews_count": 1}, "year": 2012, "grapes": null, "has_valid_ratings": false}, {"id": 96732000, "seo_name": "sylvain-langoureau-bourgogne-aligote-2011", "name": "Domaine Sylvain Langoureau Bourgogne Aligot\u00e9 2011", "statistics": {"status": "BelowThreshold", "ratings_count": 1, "ratings_average": 0, "labels_count": 1, "reviews_count": 0}, "year": 2011, "grapes": null, "has_valid_ratings": false}, {"id": 3528718, "seo_name": "sylvain-langoureau-bourgogne-aligote-uv", "name": "Domaine Sylvain Langoureau Bourgogne Aligot\u00e9", "statistics": {"status": "Normal", "ratings_count": 169, "ratings_average": 3.9, "labels_count": 48, "reviews_count": 3}, "year": 0, "grapes": null, "has_valid_ratings": true}], "description": "", "grapes": [{"id": 50, "name": "Aligot\u00e9", "seo_name": "aligote", "has_detailed_info": false, "wines_count": 9975}], "foods": [{"id": 5, "name": "Pasta", "background_image": {"location": "//images.vivino.com/backgrounds/foods/5_pasta.png", "variations": {"small": "//images.vivino.com/backgrounds/foods/thumbs/5_pasta_932x810.png"}}, "seo_name": null}, {"id": 12, "name": "Fetthaltiger Fisch (Lachs, Thunfisch etc.)", "background_image": {"location": "//images.vivino.com/backgrounds/foods/12_richfish.png", "variations": {"small": "//images.vivino.com/backgrounds/foods/thumbs/12_richfish_932x810.png"}}, "seo_name": null}, {"id": 13, "name": "Schalentiere", "background_image": {"location": "//images.vivino.com/backgrounds/foods/13_shellfish.png", "variations": {"small": "//images.vivino.com/backgrounds/foods/thumbs/13_shellfish_932x810.png"}}, "seo_name": "shellfish"}, {"id": 35, "name": "Milde K\u00e4sesorten und Weichk\u00e4se", "background_image": {"location": "//images.vivino.com/backgrounds/foods/35_softcheese.png", "variations": {"small": "//images.vivino.com/backgrounds/foods/thumbs/35_softcheese_932x810.png"}}, "seo_name": null}, {"id": 41, "name": "Ger\u00e4ucherte Fleischprodukte", "background_image": {"location": "//images.vivino.com/backgrounds/foods/41_curedmeat.png", "variations": {"small": "//images.vivino.com/backgrounds/foods/thumbs/41_curedmeat_932x810.png"}}, "seo_name": null}], "non_vintage": false, "alcohol": 12.5, "sweetness_id": null, "closure": null, "vintage_mask_raw": null, "updated_at": "2021-06-08T14:00:55Z", "created_at": "2013-11-14T03:31:46Z", "is_first_wine": false, "style": {"id": 24, "seo_name": "burgundy-white", "regional_name": "Burgundy", "varietal_name": "White", "name": "Burgund Wei\u00df Frankreich", "image": null, "background_image": null, "description": "White Burgundy, or Bourgogne Blanc, as it is often called, is made from Chardonnay grown in the Burgundy region of France. The other principal grape grown in Burgundy is Pinot Noir.\n\nBurgundy has had a long love affair with wine, starting around the 1st century AD with the Romans. Later, the Cistercian monks really put Burgundy on the map by crafting wines for the local aristocracy.\n\nWidely viewed as the most terroir-driven of French wines, Burgundy wines, both red and white are made from varieties that easily reflect the soil and climate they are grown in. Like a blank canvas, Chardonnay readily expresses subtle variations from vineyards that are a mere stone's throw from one another, this is part of what makes Burgundy so compelling and so expensive.\n\nAs with other regions in France, Burgundy can range in price from expensive to reasonably affordable. Burgundy's vineyard sites have been carefully divided over the centuries into Grand Cru, Premier Cru, village appellations and regional wines (aka Bourgogne blanc).\n\nSome things to keep in mind when selecting white Burgundy: It's more nuanced than New World Chardonnay, this restraint is reflected in the alcohol as well, which often falls between 12.5-13.5%.\n\nYoung white Burgundies have aromas of fresh apple and pear, citrus, mineral overtones and sometimes toasted hazelnut notes from barrel aging. Try white Burgundies with delicate seafood dishes, like poached salmon or scallops, roasted chicken or spring vegetables.", "blurb": null, "interesting_facts": ["60.5% of Burgundy's overall production is white wine, most of which is Chardonnay.", "With more AOCs (Appellations dOrigine Contr\u00f4l\u00e9e) than any other French wine region, Burgundy is a rich tapestry of Grand Crus, Premier Crus and village wines.", "The perceptible minerally vein in white and red Burgundies is due to limestone and marl found in Burgundian soil, as much of the region sits atop ancient sea floor.", "Burgundy produces a small amount of sparkling wine known as Cr\u00e9mant de Bourgogne."], "body": 4, "body_description": "Voller K\u00f6rper", "acidity": 3, "acidity_description": "Hoch", "country": {"code": "fr", "name": "Frankreich", "native_name": "France", "seo_name": "france", "currency": {"code": "EUR", "name": "Euros", "prefix": "\u20ac", "suffix": null}, "regions_count": 1291, "users_count": 4913559, "wines_count": 537022, "wineries_count": 66898, "most_used_grapes": [{"id": 14, "name": "Pinot Noir", "seo_name": "pinot-noir", "has_detailed_info": true, "wines_count": 565547}, {"id": 10, "name": "Merlot", "seo_name": "merlot", "has_detailed_info": true, "wines_count": 560926}, {"id": 5, "name": "Chardonnay", "seo_name": "chardonnay", "has_detailed_info": true, "wines_count": 597329}]}, "wine_type_id": 2, "food": [{"id": 5, "name": "Pasta", "background_image": {"location": "//images.vivino.com/backgrounds/foods/5_pasta.png", "variations": {"small": "//images.vivino.com/backgrounds/foods/thumbs/5_pasta_932x810.png"}}, "seo_name": null}, {"id": 12, "name": "Rich fish (salmon, tuna etc)", "background_image": {"location": "//images.vivino.com/backgrounds/foods/12_richfish.png", "variations": {"small": "//images.vivino.com/backgrounds/foods/thumbs/12_richfish_932x810.png"}}, "seo_name": null}, {"id": 13, "name": "Shellfish", "background_image": {"location": "//images.vivino.com/backgrounds/foods/13_shellfish.png", "variations": {"small": "//images.vivino.com/backgrounds/foods/thumbs/13_shellfish_932x810.png"}}, "seo_name": "shellfish"}, {"id": 35, "name": "Mild and soft cheese", "background_image": {"location": "//images.vivino.com/backgrounds/foods/35_softcheese.png", "variations": {"small": "//images.vivino.com/backgrounds/foods/thumbs/35_softcheese_932x810.png"}}, "seo_name": null}, {"id": 41, "name": "Cured Meat", "background_image": {"location": "//images.vivino.com/backgrounds/foods/41_curedmeat.png", "variations": {"small": "//images.vivino.com/backgrounds/foods/thumbs/41_curedmeat_932x810.png"}}, "seo_name": null}], "grapes": [{"id": 5, "name": "Chardonnay", "seo_name": "chardonnay", "has_detailed_info": true, "wines_count": 597329}], "region": {"id": 385, "name": "Bourgogne", "name_en": "Burgundy", "seo_name": "bourgogne", "country": {"code": "fr", "name": "Frankreich", "native_name": "France", "seo_name": "france", "currency": {"code": "EUR", "name": "Euros", "prefix": "\u20ac", "suffix": null}, "regions_count": 1291, "users_count": 4913559, "wines_count": 537022, "wineries_count": 66898, "most_used_grapes": [{"id": 14, "name": "Pinot Noir", "seo_name": "pinot-noir", "has_detailed_info": true, "wines_count": 565547}, {"id": 10, "name": "Merlot", "seo_name": "merlot", "has_detailed_info": true, "wines_count": 560926}, {"id": 5, "name": "Chardonnay", "seo_name": "chardonnay", "has_detailed_info": true, "wines_count": 597329}]}, "parent_id": null, "background_image": {"location": "//images.vivino.com/regions/backgrounds/B_R9c4eLQCuo7Nqjbii6WQ.jpg", "variations": {"large": "//thumbs.vivino.com/region_backgrounds/B_R9c4eLQCuo7Nqjbii6WQ_1280x760.jpg", "medium": "//thumbs.vivino.com/region_backgrounds/B_R9c4eLQCuo7Nqjbii6WQ_600x356.jpg"}}, "class": {"typecast_map": {"background_image": {}, "class": {}}}, "statistics": {"wineries_count": 5434, "wines_count": 20996, "sub_regions_count": 26, "parent_regions_count": 0}}}, "has_valid_ratings": true}, "price": {"id": 24965240, "vintage_id": 160003336, "amount": 10.5, "type": "vc", "currency": {"code": "EUR", "name": "Euros", "prefix": "\u20ac", "suffix": null}, "bottle_type_id": 1, "inventory_bottles_count": 12, "bottles_sold_count": 8, "url": "https://www.victoria-weine.com/weine/weintypen/weissweine/bourgogne-aligote-sylvain-langoureau-weisswein/a-121592/?utm_medium=pref-cpc&utm_source=vivino-ppc&vivino=", "message": "", "producer_address": "Sylvain Langoureau, 20 Rue de la Fontenotte, 21190 Saint-Aubin", "importer_address": "", "discounted_from": null, "bottle_type": {"id": 1, "name": "Flasche (0,75\u00a0l)", "short_name": "Flasche", "short_name_plural": "Flaschen", "volume_ml": 750}}, "highlights": [{"vintage_id": 160003336, "highlight_type": "price_qpr", "message": "Sehr gutes Preis-Leistungsverh\u00e4ltnis. \u00c4hnliche Weine kosten normalerweise 2 Mal mehr.", "icon": "https://images.vivino.com/highlights/icon/price_qpr.svg", "metadata": {"price": {"id": 24965240, "type": "vc", "amount": 10.5, "currency": {"code": "EUR", "name": "Euros", "prefix": "\u20ac", "suffix": null}, "discounted_from": null}, "wine_id": 1972405, "toplist": null, "ws_award": null, "critic_review_id": null, "ratings_average": 3.9, "ratings_count": 25, "vintage_year": "2019", "rank_type": null, "ranks": {"country": {"description": "Rang von Frankreich", "total": 2463479, "rank": 423855}, "region": {"description": "Rang von Weinregion", "total": 135634, "rank": 29014}, "winery": {"description": "Rang vom Weingut", "total": 285, "rank": 129}, "global": {"description": "Weltweiter Rang", "total": 8825155, "rank": 1537770}}, "style": {"id": 24, "seo_name": "burgundy-white", "regional_name": "Burgundy", "varietal_name": "White", "name": "Burgund Wei\u00df Frankreich", "image": null, "background_image": null, "description": "White Burgundy, or Bourgogne Blanc, as it is often called, is made from Chardonnay grown in the Burgundy region of France. The other principal grape grown in Burgundy is Pinot Noir.\n\nBurgundy has had a long love affair with wine, starting around the 1st century AD with the Romans. Later, the Cistercian monks really put Burgundy on the map by crafting wines for the local aristocracy.\n\nWidely viewed as the most terroir-driven of French wines, Burgundy wines, both red and white are made from varieties that easily reflect the soil and climate they are grown in. Like a blank canvas, Chardonnay readily expresses subtle variations from vineyards that are a mere stone's throw from one another, this is part of what makes Burgundy so compelling and so expensive.\n\nAs with other regions in France, Burgundy can range in price from expensive to reasonably affordable. Burgundy's vineyard sites have been carefully divided over the centuries into Grand Cru, Premier Cru, village appellations and regional wines (aka Bourgogne blanc).\n\nSome things to keep in mind when selecting white Burgundy: It's more nuanced than New World Chardonnay, this restraint is reflected in the alcohol as well, which often falls between 12.5-13.5%.\n\nYoung white Burgundies have aromas of fresh apple and pear, citrus, mineral overtones and sometimes toasted hazelnut notes from barrel aging. Try white Burgundies with delicate seafood dishes, like poached salmon or scallops, roasted chicken or spring vegetables.", "blurb": null, "interesting_facts": ["60.5% of Burgundy's overall production is white wine, most of which is Chardonnay.", "With more AOCs (Appellations dOrigine Contr\u00f4l\u00e9e) than any other French wine region, Burgundy is a rich tapestry of Grand Crus, Premier Crus and village wines.", "The perceptible minerally vein in white and red Burgundies is due to limestone and marl found in Burgundian soil, as much of the region sits atop ancient sea floor.", "Burgundy produces a small amount of sparkling wine known as Cr\u00e9mant de Bourgogne."], "body": 4, "body_description": "Voller K\u00f6rper", "acidity": 3, "acidity_description": "Hoch", "country": {"code": "fr", "name": "Frankreich", "native_name": "France", "seo_name": "france", "currency": {"code": "EUR", "name": "Euros", "prefix": "\u20ac", "suffix": null}, "regions_count": 1291, "users_count": 4913559, "wines_count": 537022, "wineries_count": 66898, "most_used_grapes": [{"id": 14, "name": "Pinot Noir", "seo_name": "pinot-noir", "has_detailed_info": true, "wines_count": 565547}, {"id": 10, "name": "Merlot", "seo_name": "merlot", "has_detailed_info": true, "wines_count": 560926}, {"id": 5, "name": "Chardonnay", "seo_name": "chardonnay", "has_detailed_info": true, "wines_count": 597329}]}, "wine_type_id": 2, "food": [{"id": 5, "name": "Pasta", "background_image": {"location": "//images.vivino.com/backgrounds/foods/5_pasta.png", "variations": {"small": "//images.vivino.com/backgrounds/foods/thumbs/5_pasta_932x810.png"}}, "seo_name": null}, {"id": 12, "name": "Rich fish (salmon, tuna etc)", "background_image": {"location": "//images.vivino.com/backgrounds/foods/12_richfish.png", "variations": {"small": "//images.vivino.com/backgrounds/foods/thumbs/12_richfish_932x810.png"}}, "seo_name": null}, {"id": 13, "name": "Shellfish", "background_image": {"location": "//images.vivino.com/backgrounds/foods/13_shellfish.png", "variations": {"small": "//images.vivino.com/backgrounds/foods/thumbs/13_shellfish_932x810.png"}}, "seo_name": "shellfish"}, {"id": 35, "name": "Mild and soft cheese", "background_image": {"location": "//images.vivino.com/backgrounds/foods/35_softcheese.png", "variations": {"small": "//images.vivino.com/backgrounds/foods/thumbs/35_softcheese_932x810.png"}}, "seo_name": null}, {"id": 41, "name": "Cured Meat", "background_image": {"location": "//images.vivino.com/backgrounds/foods/41_curedmeat.png", "variations": {"small": "//images.vivino.com/backgrounds/foods/thumbs/41_curedmeat_932x810.png"}}, "seo_name": null}], "grapes": [{"id": 5, "name": "Chardonnay", "seo_name": "chardonnay", "has_detailed_info": true, "wines_count": 597329}], "region": {"id": 385, "name": "Bourgogne", "name_en": "Burgundy", "seo_name": "bourgogne", "country": {"code": "fr", "name": "Frankreich", "native_name": "France", "seo_name": "france", "currency": {"code": "EUR", "name": "Euros", "prefix": "\u20ac", "suffix": null}, "regions_count": 1291, "users_count": 4913559, "wines_count": 537022, "wineries_count": 66898, "most_used_grapes": [{"id": 14, "name": "Pinot Noir", "seo_name": "pinot-noir", "has_detailed_info": true, "wines_count": 565547}, {"id": 10, "name": "Merlot", "seo_name": "merlot", "has_detailed_info": true, "wines_count": 560926}, {"id": 5, "name": "Chardonnay", "seo_name": "chardonnay", "has_detailed_info": true, "wines_count": 597329}]}, "parent_id": null, "background_image": {"location": "//images.vivino.com/regions/backgrounds/B_R9c4eLQCuo7Nqjbii6WQ.jpg", "variations": {"large": "//thumbs.vivino.com/region_backgrounds/B_R9c4eLQCuo7Nqjbii6WQ_1280x760.jpg", "medium": "//thumbs.vivino.com/region_backgrounds/B_R9c4eLQCuo7Nqjbii6WQ_600x356.jpg"}}, "class": {"typecast_map": {"background_image": {}, "class": {}}}, "statistics": {"wineries_count": 5434, "wines_count": 20996, "sub_regions_count": 26, "parent_regions_count": 0}}}}}], "merchant": {"id": 545, "name": "Victoria Weine GmbH", "seo_name": "victoria-weine-gmbh", "legal_name": null, "description": "Versandkostenfrei f\u00fcr Bestellungen ab 80 EUR", "country": {"code": "de", "name": "Deutschland", "native_name": "Deutschland", "seo_name": "germany", "currency": {"code": "EUR", "name": "Euros", "prefix": "\u20ac", "suffix": null}, "regions_count": 210, "users_count": 2117308, "wines_count": 197796, "wineries_count": 13493, "most_used_grapes": [{"id": 15, "name": "Riesling", "seo_name": "riesling", "has_detailed_info": true, "wines_count": 259925}, {"id": 299, "name": "Sp\u00e4tburgunder", "seo_name": "spatburgunder", "has_detailed_info": false, "wines_count": 49659}, {"id": 355, "name": "Weissburgunder", "seo_name": "weissburgunder", "has_detailed_info": false, "wines_count": 33123}]}, "state": null, "status": 3, "image": {"location": "//images.vivino.com/merchants/originals/p1d88hog00000h1.png", "variations": {"large_square": "//images.vivino.com/merchants/thumbs/p1d88hog00000h1_400x400.jpg", "medium_square": "//images.vivino.com/merchants/thumbs/p1d88hog00000h1_320x320.jpg", "small_square": "//images.vivino.com/merchants/thumbs/p1d88hog00000h1_160x160.jpg"}}, "shipping_estimate": "Lieferung voraussichtlich zwischen Di, 21.\u00a0Dez und Mi, 22.\u00a0Dez", "impressum_url": "https://www.victoria-weine.com/legal-disclosure", "tos_url": "https://www.victoria-weine.com/gtc", "vc_clearing_system": 0, "hidden": false}, "sold_out": false, "prices_and_availability": {"market": {"country": "de", "currency": {"code": "EUR", "name": "Euros", "prefix": "\u20ac", "suffix": null}}, "availability": {"vintage": {"id": 160003336, "year": 2019, "grapes": null, "has_valid_ratings": false}, "median": {"amount": 10.5, "type": "market", "discounted_from": null}, "price": {"id": 24965240, "amount": 10.5, "discounted_from": 0.0, "type": "vc"}}, "merchants_with_prices": [{"merchant": {"id": 545, "name": "Victoria Weine GmbH", "seo_name": "victoria-weine-gmbh", "legal_name": null, "description": "Versandkostenfrei f\u00fcr Bestellungen ab 80 EUR", "country": {"code": "de", "name": "Deutschland", "native_name": "Deutschland", "seo_name": "germany", "currency": {"code": "EUR", "name": "Euros", "prefix": "\u20ac", "suffix": null}, "regions_count": 210, "users_count": 2117308, "wines_count": 197796, "wineries_count": 13493, "most_used_grapes": [{"id": 15, "name": "Riesling", "seo_name": "riesling", "has_detailed_info": true, "wines_count": 259925}, {"id": 299, "name": "Sp\u00e4tburgunder", "seo_name": "spatburgunder", "has_detailed_info": false, "wines_count": 49659}, {"id": 355, "name": "Weissburgunder", "seo_name": "weissburgunder", "has_detailed_info": false, "wines_count": 33123}]}, "state": null, "status": 3, "image": {"location": "//images.vivino.com/merchants/originals/p1d88hog00000h1.png", "variations": {"large_square": "//images.vivino.com/merchants/thumbs/p1d88hog00000h1_400x400.jpg", "medium_square": "//images.vivino.com/merchants/thumbs/p1d88hog00000h1_320x320.jpg", "small_square": "//images.vivino.com/merchants/thumbs/p1d88hog00000h1_160x160.jpg"}}, "shipping_estimate": "Lieferung voraussichtlich zwischen Di, 21.\u00a0Dez und Mi, 22.\u00a0Dez", "impressum_url": "https://www.victoria-weine.com/legal-disclosure", "tos_url": "https://www.victoria-weine.com/gtc", "vc_clearing_system": 0, "hidden": false}, "prices": [{"id": 24965240, "vintage_id": 160003336, "amount": 10.5, "type": "vc", "currency": {"code": "EUR", "name": "Euros", "prefix": "\u20ac", "suffix": null}, "bottle_type_id": 1, "inventory_bottles_count": 12, "bottles_sold_count": 8, "url": "https://www.victoria-weine.com/weine/weintypen/weissweine/bourgogne-aligote-sylvain-langoureau-weisswein/a-121592/?utm_medium=pref-cpc&utm_source=vivino-ppc&vivino=", "message": "", "producer_address": "Sylvain Langoureau, 20 Rue de la Fontenotte, 21190 Saint-Aubin", "importer_address": "", "discounted_from": null, "bottle_type": {"id": 1, "name": "Flasche (0,75\u00a0l)", "short_name": "Flasche", "short_name_plural": "Flaschen", "volume_ml": 750}}]}]}, "found_by_merchant_and_sku": null, "is_deal_page": false}