{"tastes": {"structure": null, "flavor": [{"group": "earth", "stats": {"count": 6, "score": 720, "mentions_count": 7}, "primary_keywords": [{"id": 276, "name": "Mineralien", "count": 5}, {"id": 398, "name": "Stein", "count": 1}, {"id": 156, "name": "Erdig", "count": 1}], "secondary_keywords": [{"id": 6, "name": "Mandel", "count": 1}]}, {"group": "tree_fruit", "stats": {"count": 4, "score": 700, "mentions_count": 7}, "primary_keywords": [{"id": 315, "name": "Birne", "count": 2}, {"id": 9, "name": "Apfel", "count": 2}, {"id": 195, "name": "Gr\u00fcner Apfel", "count": 1}, {"id": 310, "name": "Pfirsich", "count": 1}, {"id": 11, "name": "Aprikose", "count": 1}]}, {"group": "citrus_fruit", "stats": {"count": 3, "score": 400, "mentions_count": 4}, "primary_keywords": [{"id": 106, "name": "Zitrone", "count": 3}, {"id": 243, "name": "Zitrone", "count": 1}]}, {"group": "non_oak", "stats": {"count": 1, "score": 50, "mentions_count": 1}, "primary_keywords": [{"id": 6, "name": "Mandel", "count": 1}]}, {"group": "vegetal", "stats": {"count": 1, "score": 10, "mentions_count": 0}, "secondary_keywords": [{"id": 6, "name": "Mandel", "count": 1}]}, {"group": "microbio", "stats": {"count": 1, "score": 10, "mentions_count": 0}, "secondary_keywords": [{"id": 6, "name": "Mandel", "count": 1}]}, {"group": "oak", "stats": {"count": 1, "score": 10, "mentions_count": 0}, "secondary_keywords": [{"id": 6, "name": "Mandel", "count": 1}]}]}, "vivino_id": "6974364"}