{"tastes": {"structure": {"acidity": 4.456951, "fizziness": null, "intensity": 2.5888596, "sweetness": 2.4013927, "tannin": null, "user_structure_count": 51, "calculated_structure_count": 17}, "flavor": [{"group": "tree_fruit", "stats": {"count": 16, "score": 2300, "mentions_count": 23}, "primary_keywords": [{"id": 9, "name": "Apfel", "count": 8}, {"id": 195, "name": "Gr\u00fcner Apfel", "count": 6}, {"id": 315, "name": "Birne", "count": 5}, {"id": 310, "name": "Pfirsich", "count": 3}, {"id": 11, "name": "Aprikose", "count": 1}]}, {"group": "citrus_fruit", "stats": {"count": 11, "score": 1200, "mentions_count": 12}, "primary_keywords": [{"id": 243, "name": "Zitrone", "count": 5}, {"id": 252, "name": "Limette", "count": 2}, {"id": 106, "name": "Zitrone", "count": 1}, {"id": 190, "name": "Grapefruit", "count": 1}, {"id": 248, "name": "Zitronenw\u00fcrze", "count": 1}, {"id": 254, "name": "Limettenmark", "count": 1}, {"id": 236, "name": "Echte Limette", "count": 1}]}, {"group": "earth", "stats": {"count": 6, "score": 1000, "mentions_count": 10}, "primary_keywords": [{"id": 276, "name": "Mineralien", "count": 3}, {"id": 398, "name": "Stein", "count": 2}, {"id": 383, "name": "Schiefer", "count": 2}, {"id": 85, "name": "Kreide", "count": 1}, {"id": 164, "name": "Feuerstein", "count": 1}, {"id": 325, "name": "Petroleum", "count": 1}]}, {"group": "spices", "stats": {"count": 1, "score": 100, "mentions_count": 1}, "primary_keywords": [{"id": 245, "name": "Zitronengras", "count": 1}]}, {"group": "floral", "stats": {"count": 1, "score": 100, "mentions_count": 1}, "primary_keywords": [{"id": 221, "name": "Gei\u00dfblatt", "count": 1}]}, {"group": "vegetal", "stats": {"count": 1, "score": 100, "mentions_count": 1}, "primary_keywords": [{"id": 399, "name": "Stroh", "count": 1}]}, {"group": "tropical_fruit", "stats": {"count": 1, "score": 100, "mentions_count": 1}, "primary_keywords": [{"id": 428, "name": "Tropisch", "count": 1}]}]}, "vivino_id": "1953370"}