{"vintage": {"id": 163195886, "seo_name": "donnafugata-sicilia-prio-catarratto-2020", "name": "Donnafugata Sicilia Prio Catarratto 2020", "statistics": {"status": "Normal", "ratings_count": 121, "ratings_average": 3.8, "labels_count": 661, "reviews_count": 45}, "organic_certification_id": null, "certified_biodynamic": null, "image": {"location": "//images.vivino.com/thumbs/C94OsODWSxCVw6wY0yKEsQ_pl_480x640.png", "variations": {"bottle_large": "//images.vivino.com/thumbs/C94OsODWSxCVw6wY0yKEsQ_pb_x960.png", "bottle_medium": "//images.vivino.com/thumbs/C94OsODWSxCVw6wY0yKEsQ_pb_x600.png", "bottle_medium_square": "//images.vivino.com/thumbs/C94OsODWSxCVw6wY0yKEsQ_pb_600x600.png", "bottle_small": "//images.vivino.com/thumbs/C94OsODWSxCVw6wY0yKEsQ_pb_x300.png", "bottle_small_square": "//images.vivino.com/thumbs/C94OsODWSxCVw6wY0yKEsQ_pb_300x300.png", "label": "//images.vivino.com/thumbs/C94OsODWSxCVw6wY0yKEsQ_pl_480x640.png", "label_large": "//images.vivino.com/thumbs/C94OsODWSxCVw6wY0yKEsQ_pl_375x500.png", "label_medium": "//images.vivino.com/thumbs/C94OsODWSxCVw6wY0yKEsQ_pl_150x200.png", "label_medium_square": "//images.vivino.com/thumbs/C94OsODWSxCVw6wY0yKEsQ_pl_150x150.png", "label_small_square": "//images.vivino.com/thumbs/C94OsODWSxCVw6wY0yKEsQ_pl_80x80.png", "large": "//images.vivino.com/thumbs/C94OsODWSxCVw6wY0yKEsQ_pl_375x500.png", "medium": "//images.vivino.com/thumbs/C94OsODWSxCVw6wY0yKEsQ_pl_150x200.png", "medium_square": "//images.vivino.com/thumbs/C94OsODWSxCVw6wY0yKEsQ_pl_150x150.png", "small_square": "//images.vivino.com/thumbs/C94OsODWSxCVw6wY0yKEsQ_pl_80x80.png"}}, "wine": {"id": 3239343, "name": "Sicilia Prio Catarratto", "seo_name": "sicilia-prio-catarratto", "type_id": 2, "vintage_type": 0, "is_natural": false, "region": {"id": 3334, "name": "Sizilien", "name_en": "", "seo_name": "sicilia", "country": {"code": "it", "name": "Italien", "native_name": "Italia", "seo_name": "italy", "currency": {"code": "EUR", "name": "Euros", "prefix": "\u20ac", "suffix": null}, "regions_count": 555, "users_count": 3800165, "wines_count": 351993, "wineries_count": 41153, "most_used_grapes": [{"id": 16, "name": "Sangiovese", "seo_name": "sangiovese", "has_detailed_info": true, "wines_count": 123993}, {"id": 10, "name": "Merlot", "seo_name": "merlot", "has_detailed_info": true, "wines_count": 560926}, {"id": 5, "name": "Chardonnay", "seo_name": "chardonnay", "has_detailed_info": true, "wines_count": 597329}]}, "parent_id": 579, "background_image": null, "class": {"typecast_map": {"background_image": {}, "class": {}}}, "statistics": {"wineries_count": 439, "wines_count": 3742, "sub_regions_count": 0, "parent_regions_count": 1}}, "review_status": 2, "winery": {"id": 3149, "name": "Donnafugata", "seo_name": "donnafugata", "status": 3, "review_status": "Completed", "dashboard_url": "https://analytics-pbl.vivino.com/dashboards-next/8", "background_image": {"location": "//images.vivino.com/wineries/backgrounds/zrG8wOSgQFmq3XVY8LylOA.jpeg", "variations": {"large": "//thumbs.vivino.com/winery_backgrounds/zrG8wOSgQFmq3XVY8LylOA_2560x1520.jpeg", "medium": "//thumbs.vivino.com/winery_backgrounds/zrG8wOSgQFmq3XVY8LylOA_1280x760.jpeg", "small": "//thumbs.vivino.com/winery_backgrounds/zrG8wOSgQFmq3XVY8LylOA_600x356.jpeg"}}, "statistics": {"ratings_count": 142482, "ratings_average": 3.9, "labels_count": 756306, "wines_count": 39}, "region": {"id": 3334, "name": "Sicilia", "name_en": "", "seo_name": "sicilia", "country": {"code": "it", "name": "Italien", "native_name": "Italia", "seo_name": "italy", "currency": {"code": "EUR", "name": "Euros", "prefix": "\u20ac", "suffix": null}, "regions_count": 555, "users_count": 3800165, "wines_count": 351993, "wineries_count": 41153, "most_used_grapes": [{"id": 16, "name": "Sangiovese", "seo_name": "sangiovese", "has_detailed_info": true, "wines_count": 123993}, {"id": 10, "name": "Merlot", "seo_name": "merlot", "has_detailed_info": true, "wines_count": 560926}, {"id": 5, "name": "Chardonnay", "seo_name": "chardonnay", "has_detailed_info": true, "wines_count": 597329}]}, "parent_id": 579, "background_image": null, "class": {"typecast_map": {"background_image": {}, "class": {}}}, "statistics": {"wineries_count": 439, "wines_count": 3742, "sub_regions_count": 0, "parent_regions_count": 1}}, "business_name": "Donnafugata", "description": "Donnafugata\u00a0was\u00a0founded\u00a0in Sicily\u00a0from the initiative of a family who, with keen passion, has been able\u00a0to\u00a0innovate\u00a0the style and perception of\u00a0 Sicilian wine in the world.\r<br>\r<br>Giacomo Rallo, the fourth generation of a family with\u00a0over 160 years of experience in quality winemaking, founded\u00a0Donnafugata\u00a0in 1983 together with his wife\u00a0Gabriella Anca Rallo, a pioneer of wine-growing in Sicily. Today their sons\u00a0Jos\u00e9\u00a0and\u00a0Antonio Rallo\u00a0lead the company as representatives of the\u00a0artisan and creative excellence of Made in Italy\u00a0in the world with\u00a0small, prestigious productions from unique territories and vineyards.\r<br>\r<br>Donnafugata\u00a0can count on a historic winery and 4 estates: there is a winemaking cellar and 285 hectares of vineyards in western Sicily, in\u00a0Contessa Entellina, where\u00a0Donnafugata\u00a0was born.\r<br>\r<br>On\u00a0Pantelleria, a volcanic island full of sun and wind, the winery of Khamma hamlet can count on 68 hectares of Zibibbo vineyard, cultivated as the\u00a0low bush head-trained vines\u00a0of Pantelleria (a UNESCO World Heritage Site).\r<br>\u00a0\r<br>In Eastern Sicily, on the north side of\u00a0Etna, the highest active volcano in Europe, there is a winery and 21 hectares of vineyards, and there is a winery surrounded by 36 hectares of vineyards in\u00a0Vittoria,\u00a0in the land of the Baroque.\r<br>\r<br>Finally,\u00a0Marsala\u00a0houses the historical\u00a0winery, where\u00a0Donnafugata\u00a0wines are aged in steel, cement and in the fascinating underground barrel cellar. An innovative production plant where history and modernity merge.\r<br>\r<br>Passion for work and attention to detail\u00a0are two important pillars sustaining the entire production process.\r<br>\r<br>Sustainability\u00a0is a key value of\u00a0Donnafugata\u00a0and has\u00a0more than 30 years of good practices.\r<br>\r<br>There are many areas of intervention: the vineyard, the Carbon and Water Footprint, biodiversity, the enhancement of native varieties, energy saving, clean energy, the landscape and sustainable architecture.\r<br>\r<br>Donnafugata\u00a0is a world full of colors and timeless values.\u00a0Original labels\u00a0with a\u00a0fantastic\u00a0language and a\u00a0feminine identity. Wines with a\u00a0unique style,\u00a0pleasant\u00a0and\u00a0elegant, capable of delighting those who taste them.", "specialists_notes": "", "phone": "39 0923 724 200", "email": "info@donnafugata.it", "facebook": "https://www.facebook.com/DonnafugataWine", "instagram": "", "is_claimed": true, "twitter": "@DonnafugataWine", "website": "http://www.donnafugata.it", "winemaker": "Antonio Rallo", "wine_maker": {"id": 9413, "name": "Antonio Rallo"}, "address": {"title": null, "name": null, "street": "Via S. Lipari 18", "street2": null, "neighborhood": null, "city": "Marsala", "zip": "91025", "state": null, "country": {"code": "it", "name": "Italien", "native_name": "Italia", "seo_name": "italy", "currency": {"code": "EUR", "name": "Euros", "prefix": "\u20ac", "suffix": null}, "regions_count": 555, "users_count": 3800165, "wines_count": 351993, "wineries_count": 41153, "most_used_grapes": [{"id": 16, "name": "Sangiovese", "seo_name": "sangiovese", "has_detailed_info": true, "wines_count": 123993}, {"id": 10, "name": "Merlot", "seo_name": "merlot", "has_detailed_info": true, "wines_count": 560926}, {"id": 5, "name": "Chardonnay", "seo_name": "chardonnay", "has_detailed_info": true, "wines_count": 597329}]}, "company": null, "phone": null, "external_id": null, "residential": null, "vat_number": null, "vat_code": null, "addition": null}, "image": {"location": "//images.vivino.com/wineries/3149/logos/4ltXf9sNQSSg3sh5GXsl0w.jpeg", "variations": {"large": "//thumbs.vivino.com/wineries/3149/logos/4ltXf9sNQSSg3sh5GXsl0w_500x500.jpeg", "medium": "//thumbs.vivino.com/wineries/3149/logos/4ltXf9sNQSSg3sh5GXsl0w_200x200.jpeg", "small_square": "//thumbs.vivino.com/wineries/3149/logos/4ltXf9sNQSSg3sh5GXsl0w_80x80.jpeg"}}, "background_video": "https://images.vivino.com/misc/winery_videos/3149_donnafugata_video.mp4", "location": {"latitude": 37.788242, "longitude": 12.448781}, "winery_group": null, "first_wines": [], "sponsored_entity_type": null, "sponsored_entity": null}, "statistics": {"status": "Normal", "ratings_count": 2325, "ratings_average": 3.8, "labels_count": 9649, "vintages_count": 27}, "rank": {"country": {"description": "Rang von Italien", "total": 210247, "rank": 15860}, "region": {"description": "Rang von Weinregion", "total": 1499, "rank": 104}, "winery": {"description": "Rang vom Weingut", "total": 39, "rank": 20}, "wine_type": {"description": "Rang in allen Wei\u00dfwein", "total": 394072, "rank": 18797}, "global": {"description": "Weltweiter Rang", "total": 1287382, "rank": 78636}}, "hidden": false, "vintages": [{"id": 163195886, "seo_name": "donnafugata-sicilia-prio-catarratto-2020", "name": "Donnafugata Sicilia Prio Catarratto 2020", "statistics": {"status": "Normal", "ratings_count": 121, "ratings_average": 3.8, "labels_count": 661, "reviews_count": 45}, "year": 2020, "grapes": null, "has_valid_ratings": true}, {"id": 161645209, "seo_name": "donnafugata-sicilia-prio-catarratto-2019", "name": "Donnafugata Sicilia Prio Catarratto 2019", "statistics": {"status": "Normal", "ratings_count": 280, "ratings_average": 4, "labels_count": 1613, "reviews_count": 109}, "year": 2019, "grapes": null, "has_valid_ratings": true}, {"id": 156204610, "seo_name": "donnafugata-sicilia-prio-catarratto-2018", "name": "Donnafugata Sicilia Prio Catarratto 2018", "statistics": {"status": "Normal", "ratings_count": 322, "ratings_average": 3.9, "labels_count": 1645, "reviews_count": 108}, "year": 2018, "grapes": null, "has_valid_ratings": true}, {"id": 151609839, "seo_name": "donnafugata-sicilia-prio-catarratto-2017", "name": "Donnafugata Sicilia Prio Catarratto 2017", "statistics": {"status": "Normal", "ratings_count": 503, "ratings_average": 3.8, "labels_count": 2514, "reviews_count": 168}, "year": 2017, "grapes": null, "has_valid_ratings": true}, {"id": 130010995, "seo_name": "donnafugata-sicilia-prio-catarratto-2016", "name": "Donnafugata Sicilia Prio Catarratto 2016", "statistics": {"status": "Normal", "ratings_count": 393, "ratings_average": 3.6, "labels_count": 1408, "reviews_count": 114}, "year": 2016, "grapes": null, "has_valid_ratings": true}, {"id": 19031529, "seo_name": "donnafugata-sicilia-prio-catarratto-2015", "name": "Donnafugata Sicilia Prio Catarratto 2015", "statistics": {"status": "Normal", "ratings_count": 255, "ratings_average": 3.7, "labels_count": 808, "reviews_count": 67}, "year": 2015, "grapes": null, "has_valid_ratings": true}, {"id": 19188217, "seo_name": "donnafugata-sicilia-prio-catarratto-2014", "name": "Donnafugata Sicilia Prio Catarratto 2014", "statistics": {"status": "Normal", "ratings_count": 243, "ratings_average": 3.7, "labels_count": 700, "reviews_count": 76}, "year": 2014, "grapes": null, "has_valid_ratings": true}, {"id": 28498624, "seo_name": "donnafugata-sicilia-prio-catarratto-2013", "name": "Donnafugata Sicilia Prio Catarratto 2013", "statistics": {"status": "BelowThreshold", "ratings_count": 1, "ratings_average": 0, "labels_count": 1, "reviews_count": 0}, "year": 2013, "grapes": null, "has_valid_ratings": false}, {"id": 22832700, "seo_name": "donnafugata-sicilia-prio-catarratto-2011", "name": "Donnafugata Sicilia Prio Catarratto 2011", "statistics": {"status": "BelowThreshold", "ratings_count": 2, "ratings_average": 0, "labels_count": 11, "reviews_count": 1}, "year": 2011, "grapes": null, "has_valid_ratings": false}, {"id": 159078185, "seo_name": "donnafugata-sicilia-prio-catarratto-2000", "name": "Donnafugata Sicilia Prio Catarratto 2000", "statistics": {"status": "BelowThreshold", "ratings_count": 1, "ratings_average": 0, "labels_count": 5, "reviews_count": 1}, "year": 2000, "grapes": null, "has_valid_ratings": false}, {"id": 168254212, "seo_name": "donnafugata-sicilia-prio-catarratto-1983", "name": "Donnafugata Sicilia Prio Catarratto 1983", "statistics": {"status": "BelowThreshold", "ratings_count": 1, "ratings_average": 0, "labels_count": 1, "reviews_count": 1}, "year": 1983, "grapes": null, "has_valid_ratings": false}, {"id": 18946629, "seo_name": "donnafugata-sicilia-prio-catarratto-uv", "name": "Donnafugata Sicilia Prio Catarratto", "statistics": {"status": "Normal", "ratings_count": 2325, "ratings_average": 3.8, "labels_count": 249, "reviews_count": 58}, "year": 0, "grapes": null, "has_valid_ratings": true}], "description": "Its a modern and attractive wine, that offers a delicate bouquet of white flowers while on the palate is ample and fragrant. It has brilliant pale straw yellow color. It offers a delicate and subtle bouquet characterized by aromas of white flowers (elder). It has ample and fragrant on the palate with pleasant hints of citrus, especially citron and bergamot. It has long and persistent finish.", "grapes": [{"id": 184, "name": "Catarratto Bianco", "seo_name": "catarratto-bianco", "has_detailed_info": false, "wines_count": 4564}], "foods": [{"id": 13, "name": "Schalentiere", "background_image": {"location": "//images.vivino.com/backgrounds/foods/13_shellfish.png", "variations": {"small": "//images.vivino.com/backgrounds/foods/thumbs/13_shellfish_932x810.png"}}, "seo_name": "shellfish"}, {"id": 19, "name": "Vegetarische Gerichte", "background_image": {"location": "//images.vivino.com/backgrounds/foods/19_vegetarian.png", "variations": {"small": "//images.vivino.com/backgrounds/foods/thumbs/19_vegetarian_932x810.png"}}, "seo_name": "vegetarian"}, {"id": 27, "name": "Vorspeisen und Snacks", "background_image": {"location": "//images.vivino.com/backgrounds/foods/27_appetizers-snacks.png", "variations": {"small": "//images.vivino.com/backgrounds/foods/thumbs/27_appetizers-snacks_932x810.png"}}, "seo_name": null}], "non_vintage": false, "alcohol": 13, "sweetness_id": null, "closure": null, "vintage_mask_raw": null, "updated_at": "2019-04-02T08:21:57Z", "created_at": "2015-03-14T13:01:03Z", "is_first_wine": false, "style": {"id": 209, "seo_name": "southern-italy-white", "regional_name": "Southern Italy", "varietal_name": "White", "name": "S\u00fcditalien Wei\u00df", "image": null, "background_image": {"location": "//images.vivino.com/backgrounds/styles/GrrBdaJHRpuDtC5ltll5AQ.jpg", "variations": {"small": "//images.vivino.com/backgrounds/styles/thumbs/GrrBdaJHRpuDtC5ltll5AQ_932x810.jpg"}}, "description": "Italy is responsible for some of the finest wines in the world, and while Northern Italy receives the majority of the plaudits, there is some excellent wine emerging from the sparsely populated southern regions.\n\nFiano and Greco are the two big white varietals in Campania and Basilicata, while Sicily has become known for their Bianco d'Alcamo, a dry wine made from the Marsala grape.\n\nSouthern Italy's reputation has taken a beating in recent years as they have become known for producing bulk wine that they can't sell, and the reputation seems to endure despite some lovely wine coming from Sicily, Campania and Basilicata.\n\nFiano tends to be a wonderfully creamy white wine with lots of green apple skin and pear. Greco, arguably Campania's flagship white grape, is a lot crisper, and typically has an abundance of minerality, lemon notes and pear.\n\nThe white wine of Southern Italy pairs extremely well with the creamy regional cuisine, as well as with some freshly caught fish or shellfish.", "blurb": null, "interesting_facts": ["The Greco grape is thought to have been brought to Italy by the Greeks.", "Italy is currently the largest wine producing country in the world."], "body": 3, "body_description": "Mittlerer K\u00f6rper", "acidity": 3, "acidity_description": "Hoch", "country": {"code": "it", "name": "Italien", "native_name": "Italia", "seo_name": "italy", "currency": {"code": "EUR", "name": "Euros", "prefix": "\u20ac", "suffix": null}, "regions_count": 555, "users_count": 3800165, "wines_count": 351993, "wineries_count": 41153, "most_used_grapes": [{"id": 16, "name": "Sangiovese", "seo_name": "sangiovese", "has_detailed_info": true, "wines_count": 123993}, {"id": 10, "name": "Merlot", "seo_name": "merlot", "has_detailed_info": true, "wines_count": 560926}, {"id": 5, "name": "Chardonnay", "seo_name": "chardonnay", "has_detailed_info": true, "wines_count": 597329}]}, "wine_type_id": 2, "food": [{"id": 13, "name": "Shellfish", "background_image": {"location": "//images.vivino.com/backgrounds/foods/13_shellfish.png", "variations": {"small": "//images.vivino.com/backgrounds/foods/thumbs/13_shellfish_932x810.png"}}, "seo_name": "shellfish"}, {"id": 19, "name": "Vegetarian", "background_image": {"location": "//images.vivino.com/backgrounds/foods/19_vegetarian.png", "variations": {"small": "//images.vivino.com/backgrounds/foods/thumbs/19_vegetarian_932x810.png"}}, "seo_name": "vegetarian"}, {"id": 27, "name": "Appetizers and snacks", "background_image": {"location": "//images.vivino.com/backgrounds/foods/27_appetizers-snacks.png", "variations": {"small": "//images.vivino.com/backgrounds/foods/thumbs/27_appetizers-snacks_932x810.png"}}, "seo_name": null}], "grapes": [{"id": 39, "name": "Malvasia", "seo_name": "malvasia", "has_detailed_info": false, "wines_count": 31054}, {"id": 103, "name": "Fiano", "seo_name": "fiano", "has_detailed_info": false, "wines_count": 7418}, {"id": 184, "name": "Catarratto Bianco", "seo_name": "catarratto-bianco", "has_detailed_info": false, "wines_count": 4564}], "region": null}, "has_valid_ratings": true}, "description": "", "expert_reviews": null, "wine_critic_reviews": [], "awards": [], "ratings_distribution": {"1": 0, "2": 3, "3": 47, "4": 57, "5": 14}, "ranking": {"country": {"description": "Rang von Italien", "total": 1543867, "rank": 132621}, "region": {"description": "Rang von Weinregion", "total": 8973, "rank": 763}, "winery": {"description": "Rang vom Weingut", "total": 554, "rank": 207}, "global": {"description": "Weltweiter Rang", "total": 8825185, "rank": 679966}}, "wine_facts": {"alcohol": 12.5}, "winemaker": null, "wine_maker": null, "grape_composition": {}, "year": 2020, "grapes": null, "has_valid_ratings": true}, "carts": null, "price_range": {"currency": {"code": "EUR", "name": "Euros", "prefix": "\u20ac", "suffix": null}, "price_range": {"minimum": 0, "maximum": 500, "currency_code": "EUR"}, "defaults": {"minimum": 7, "maximum": 30, "currency_code": "EUR"}}, "subtotal_price": null, "full_region": null, "tastes": null, "wine": {"id": 3239343, "name": "Sicilia Prio Catarratto", "seo_name": "sicilia-prio-catarratto", "type_id": 2, "vintage_type": 0, "is_natural": false, "region": {"id": 3334, "name": "Sizilien", "name_en": "", "seo_name": "sicilia", "country": {"code": "it", "name": "Italien", "native_name": "Italia", "seo_name": "italy", "currency": {"code": "EUR", "name": "Euros", "prefix": "\u20ac", "suffix": null}, "regions_count": 555, "users_count": 3800165, "wines_count": 351993, "wineries_count": 41153, "most_used_grapes": [{"id": 16, "name": "Sangiovese", "seo_name": "sangiovese", "has_detailed_info": true, "wines_count": 123993}, {"id": 10, "name": "Merlot", "seo_name": "merlot", "has_detailed_info": true, "wines_count": 560926}, {"id": 5, "name": "Chardonnay", "seo_name": "chardonnay", "has_detailed_info": true, "wines_count": 597329}]}, "parent_id": 579, "background_image": null, "class": {"typecast_map": {"background_image": {}, "class": {}}}, "statistics": {"wineries_count": 439, "wines_count": 3742, "sub_regions_count": 0, "parent_regions_count": 1}}, "review_status": 2, "winery": {"id": 3149, "name": "Donnafugata", "seo_name": "donnafugata", "status": 3, "review_status": "Completed", "dashboard_url": "https://analytics-pbl.vivino.com/dashboards-next/8", "background_image": {"location": "//images.vivino.com/wineries/backgrounds/zrG8wOSgQFmq3XVY8LylOA.jpeg", "variations": {"large": "//thumbs.vivino.com/winery_backgrounds/zrG8wOSgQFmq3XVY8LylOA_2560x1520.jpeg", "medium": "//thumbs.vivino.com/winery_backgrounds/zrG8wOSgQFmq3XVY8LylOA_1280x760.jpeg", "small": "//thumbs.vivino.com/winery_backgrounds/zrG8wOSgQFmq3XVY8LylOA_600x356.jpeg"}}, "statistics": {"ratings_count": 142482, "ratings_average": 3.9, "labels_count": 756306, "wines_count": 39}, "region": {"id": 3334, "name": "Sicilia", "name_en": "", "seo_name": "sicilia", "country": {"code": "it", "name": "Italien", "native_name": "Italia", "seo_name": "italy", "currency": {"code": "EUR", "name": "Euros", "prefix": "\u20ac", "suffix": null}, "regions_count": 555, "users_count": 3800165, "wines_count": 351993, "wineries_count": 41153, "most_used_grapes": [{"id": 16, "name": "Sangiovese", "seo_name": "sangiovese", "has_detailed_info": true, "wines_count": 123993}, {"id": 10, "name": "Merlot", "seo_name": "merlot", "has_detailed_info": true, "wines_count": 560926}, {"id": 5, "name": "Chardonnay", "seo_name": "chardonnay", "has_detailed_info": true, "wines_count": 597329}]}, "parent_id": 579, "background_image": null, "class": {"typecast_map": {"background_image": {}, "class": {}}}, "statistics": {"wineries_count": 439, "wines_count": 3742, "sub_regions_count": 0, "parent_regions_count": 1}}, "business_name": "Donnafugata", "description": "Donnafugata\u00a0was\u00a0founded\u00a0in Sicily\u00a0from the initiative of a family who, with keen passion, has been able\u00a0to\u00a0innovate\u00a0the style and perception of\u00a0 Sicilian wine in the world.\r<br>\r<br>Giacomo Rallo, the fourth generation of a family with\u00a0over 160 years of experience in quality winemaking, founded\u00a0Donnafugata\u00a0in 1983 together with his wife\u00a0Gabriella Anca Rallo, a pioneer of wine-growing in Sicily. Today their sons\u00a0Jos\u00e9\u00a0and\u00a0Antonio Rallo\u00a0lead the company as representatives of the\u00a0artisan and creative excellence of Made in Italy\u00a0in the world with\u00a0small, prestigious productions from unique territories and vineyards.\r<br>\r<br>Donnafugata\u00a0can count on a historic winery and 4 estates: there is a winemaking cellar and 285 hectares of vineyards in western Sicily, in\u00a0Contessa Entellina, where\u00a0Donnafugata\u00a0was born.\r<br>\r<br>On\u00a0Pantelleria, a volcanic island full of sun and wind, the winery of Khamma hamlet can count on 68 hectares of Zibibbo vineyard, cultivated as the\u00a0low bush head-trained vines\u00a0of Pantelleria (a UNESCO World Heritage Site).\r<br>\u00a0\r<br>In Eastern Sicily, on the north side of\u00a0Etna, the highest active volcano in Europe, there is a winery and 21 hectares of vineyards, and there is a winery surrounded by 36 hectares of vineyards in\u00a0Vittoria,\u00a0in the land of the Baroque.\r<br>\r<br>Finally,\u00a0Marsala\u00a0houses the historical\u00a0winery, where\u00a0Donnafugata\u00a0wines are aged in steel, cement and in the fascinating underground barrel cellar. An innovative production plant where history and modernity merge.\r<br>\r<br>Passion for work and attention to detail\u00a0are two important pillars sustaining the entire production process.\r<br>\r<br>Sustainability\u00a0is a key value of\u00a0Donnafugata\u00a0and has\u00a0more than 30 years of good practices.\r<br>\r<br>There are many areas of intervention: the vineyard, the Carbon and Water Footprint, biodiversity, the enhancement of native varieties, energy saving, clean energy, the landscape and sustainable architecture.\r<br>\r<br>Donnafugata\u00a0is a world full of colors and timeless values.\u00a0Original labels\u00a0with a\u00a0fantastic\u00a0language and a\u00a0feminine identity. Wines with a\u00a0unique style,\u00a0pleasant\u00a0and\u00a0elegant, capable of delighting those who taste them.", "specialists_notes": "", "phone": "39 0923 724 200", "email": "info@donnafugata.it", "facebook": "https://www.facebook.com/DonnafugataWine", "instagram": "", "is_claimed": true, "twitter": "@DonnafugataWine", "website": "http://www.donnafugata.it", "winemaker": "Antonio Rallo", "wine_maker": {"id": 9413, "name": "Antonio Rallo"}, "address": {"title": null, "name": null, "street": "Via S. Lipari 18", "street2": null, "neighborhood": null, "city": "Marsala", "zip": "91025", "state": null, "country": {"code": "it", "name": "Italien", "native_name": "Italia", "seo_name": "italy", "currency": {"code": "EUR", "name": "Euros", "prefix": "\u20ac", "suffix": null}, "regions_count": 555, "users_count": 3800165, "wines_count": 351993, "wineries_count": 41153, "most_used_grapes": [{"id": 16, "name": "Sangiovese", "seo_name": "sangiovese", "has_detailed_info": true, "wines_count": 123993}, {"id": 10, "name": "Merlot", "seo_name": "merlot", "has_detailed_info": true, "wines_count": 560926}, {"id": 5, "name": "Chardonnay", "seo_name": "chardonnay", "has_detailed_info": true, "wines_count": 597329}]}, "company": null, "phone": null, "external_id": null, "residential": null, "vat_number": null, "vat_code": null, "addition": null}, "image": {"location": "//images.vivino.com/wineries/3149/logos/4ltXf9sNQSSg3sh5GXsl0w.jpeg", "variations": {"large": "//thumbs.vivino.com/wineries/3149/logos/4ltXf9sNQSSg3sh5GXsl0w_500x500.jpeg", "medium": "//thumbs.vivino.com/wineries/3149/logos/4ltXf9sNQSSg3sh5GXsl0w_200x200.jpeg", "small_square": "//thumbs.vivino.com/wineries/3149/logos/4ltXf9sNQSSg3sh5GXsl0w_80x80.jpeg"}}, "background_video": "https://images.vivino.com/misc/winery_videos/3149_donnafugata_video.mp4", "location": {"latitude": 37.788242, "longitude": 12.448781}, "winery_group": null, "first_wines": [], "sponsored_entity_type": null, "sponsored_entity": null}, "statistics": {"status": "Normal", "ratings_count": 2325, "ratings_average": 3.8, "labels_count": 9649, "vintages_count": 27}, "rank": {"country": {"description": "Rang von Italien", "total": 210247, "rank": 15860}, "region": {"description": "Rang von Weinregion", "total": 1499, "rank": 104}, "winery": {"description": "Rang vom Weingut", "total": 39, "rank": 20}, "wine_type": {"description": "Rang in allen Wei\u00dfwein", "total": 394072, "rank": 18797}, "global": {"description": "Weltweiter Rang", "total": 1287382, "rank": 78636}}, "hidden": false, "vintages": [{"id": 163195886, "seo_name": "donnafugata-sicilia-prio-catarratto-2020", "name": "Donnafugata Sicilia Prio Catarratto 2020", "statistics": {"status": "Normal", "ratings_count": 121, "ratings_average": 3.8, "labels_count": 661, "reviews_count": 45}, "year": 2020, "grapes": null, "has_valid_ratings": true}, {"id": 161645209, "seo_name": "donnafugata-sicilia-prio-catarratto-2019", "name": "Donnafugata Sicilia Prio Catarratto 2019", "statistics": {"status": "Normal", "ratings_count": 280, "ratings_average": 4, "labels_count": 1613, "reviews_count": 109}, "year": 2019, "grapes": null, "has_valid_ratings": true}, {"id": 156204610, "seo_name": "donnafugata-sicilia-prio-catarratto-2018", "name": "Donnafugata Sicilia Prio Catarratto 2018", "statistics": {"status": "Normal", "ratings_count": 322, "ratings_average": 3.9, "labels_count": 1645, "reviews_count": 108}, "year": 2018, "grapes": null, "has_valid_ratings": true}, {"id": 151609839, "seo_name": "donnafugata-sicilia-prio-catarratto-2017", "name": "Donnafugata Sicilia Prio Catarratto 2017", "statistics": {"status": "Normal", "ratings_count": 503, "ratings_average": 3.8, "labels_count": 2514, "reviews_count": 168}, "year": 2017, "grapes": null, "has_valid_ratings": true}, {"id": 130010995, "seo_name": "donnafugata-sicilia-prio-catarratto-2016", "name": "Donnafugata Sicilia Prio Catarratto 2016", "statistics": {"status": "Normal", "ratings_count": 393, "ratings_average": 3.6, "labels_count": 1408, "reviews_count": 114}, "year": 2016, "grapes": null, "has_valid_ratings": true}, {"id": 19031529, "seo_name": "donnafugata-sicilia-prio-catarratto-2015", "name": "Donnafugata Sicilia Prio Catarratto 2015", "statistics": {"status": "Normal", "ratings_count": 255, "ratings_average": 3.7, "labels_count": 808, "reviews_count": 67}, "year": 2015, "grapes": null, "has_valid_ratings": true}, {"id": 19188217, "seo_name": "donnafugata-sicilia-prio-catarratto-2014", "name": "Donnafugata Sicilia Prio Catarratto 2014", "statistics": {"status": "Normal", "ratings_count": 243, "ratings_average": 3.7, "labels_count": 700, "reviews_count": 76}, "year": 2014, "grapes": null, "has_valid_ratings": true}, {"id": 28498624, "seo_name": "donnafugata-sicilia-prio-catarratto-2013", "name": "Donnafugata Sicilia Prio Catarratto 2013", "statistics": {"status": "BelowThreshold", "ratings_count": 1, "ratings_average": 0, "labels_count": 1, "reviews_count": 0}, "year": 2013, "grapes": null, "has_valid_ratings": false}, {"id": 22832700, "seo_name": "donnafugata-sicilia-prio-catarratto-2011", "name": "Donnafugata Sicilia Prio Catarratto 2011", "statistics": {"status": "BelowThreshold", "ratings_count": 2, "ratings_average": 0, "labels_count": 11, "reviews_count": 1}, "year": 2011, "grapes": null, "has_valid_ratings": false}, {"id": 159078185, "seo_name": "donnafugata-sicilia-prio-catarratto-2000", "name": "Donnafugata Sicilia Prio Catarratto 2000", "statistics": {"status": "BelowThreshold", "ratings_count": 1, "ratings_average": 0, "labels_count": 5, "reviews_count": 1}, "year": 2000, "grapes": null, "has_valid_ratings": false}, {"id": 168254212, "seo_name": "donnafugata-sicilia-prio-catarratto-1983", "name": "Donnafugata Sicilia Prio Catarratto 1983", "statistics": {"status": "BelowThreshold", "ratings_count": 1, "ratings_average": 0, "labels_count": 1, "reviews_count": 1}, "year": 1983, "grapes": null, "has_valid_ratings": false}, {"id": 18946629, "seo_name": "donnafugata-sicilia-prio-catarratto-uv", "name": "Donnafugata Sicilia Prio Catarratto", "statistics": {"status": "Normal", "ratings_count": 2325, "ratings_average": 3.8, "labels_count": 249, "reviews_count": 58}, "year": 0, "grapes": null, "has_valid_ratings": true}], "description": "Its a modern and attractive wine, that offers a delicate bouquet of white flowers while on the palate is ample and fragrant. It has brilliant pale straw yellow color. It offers a delicate and subtle bouquet characterized by aromas of white flowers (elder). It has ample and fragrant on the palate with pleasant hints of citrus, especially citron and bergamot. It has long and persistent finish.", "grapes": [{"id": 184, "name": "Catarratto Bianco", "seo_name": "catarratto-bianco", "has_detailed_info": false, "wines_count": 4564}], "foods": [{"id": 13, "name": "Schalentiere", "background_image": {"location": "//images.vivino.com/backgrounds/foods/13_shellfish.png", "variations": {"small": "//images.vivino.com/backgrounds/foods/thumbs/13_shellfish_932x810.png"}}, "seo_name": "shellfish"}, {"id": 19, "name": "Vegetarische Gerichte", "background_image": {"location": "//images.vivino.com/backgrounds/foods/19_vegetarian.png", "variations": {"small": "//images.vivino.com/backgrounds/foods/thumbs/19_vegetarian_932x810.png"}}, "seo_name": "vegetarian"}, {"id": 27, "name": "Vorspeisen und Snacks", "background_image": {"location": "//images.vivino.com/backgrounds/foods/27_appetizers-snacks.png", "variations": {"small": "//images.vivino.com/backgrounds/foods/thumbs/27_appetizers-snacks_932x810.png"}}, "seo_name": null}], "non_vintage": false, "alcohol": 13, "sweetness_id": null, "closure": null, "vintage_mask_raw": null, "updated_at": "2019-04-02T08:21:57Z", "created_at": "2015-03-14T13:01:03Z", "is_first_wine": false, "style": {"id": 209, "seo_name": "southern-italy-white", "regional_name": "Southern Italy", "varietal_name": "White", "name": "S\u00fcditalien Wei\u00df", "image": null, "background_image": {"location": "//images.vivino.com/backgrounds/styles/GrrBdaJHRpuDtC5ltll5AQ.jpg", "variations": {"small": "//images.vivino.com/backgrounds/styles/thumbs/GrrBdaJHRpuDtC5ltll5AQ_932x810.jpg"}}, "description": "Italy is responsible for some of the finest wines in the world, and while Northern Italy receives the majority of the plaudits, there is some excellent wine emerging from the sparsely populated southern regions.\n\nFiano and Greco are the two big white varietals in Campania and Basilicata, while Sicily has become known for their Bianco d'Alcamo, a dry wine made from the Marsala grape.\n\nSouthern Italy's reputation has taken a beating in recent years as they have become known for producing bulk wine that they can't sell, and the reputation seems to endure despite some lovely wine coming from Sicily, Campania and Basilicata.\n\nFiano tends to be a wonderfully creamy white wine with lots of green apple skin and pear. Greco, arguably Campania's flagship white grape, is a lot crisper, and typically has an abundance of minerality, lemon notes and pear.\n\nThe white wine of Southern Italy pairs extremely well with the creamy regional cuisine, as well as with some freshly caught fish or shellfish.", "blurb": null, "interesting_facts": ["The Greco grape is thought to have been brought to Italy by the Greeks.", "Italy is currently the largest wine producing country in the world."], "body": 3, "body_description": "Mittlerer K\u00f6rper", "acidity": 3, "acidity_description": "Hoch", "country": {"code": "it", "name": "Italien", "native_name": "Italia", "seo_name": "italy", "currency": {"code": "EUR", "name": "Euros", "prefix": "\u20ac", "suffix": null}, "regions_count": 555, "users_count": 3800165, "wines_count": 351993, "wineries_count": 41153, "most_used_grapes": [{"id": 16, "name": "Sangiovese", "seo_name": "sangiovese", "has_detailed_info": true, "wines_count": 123993}, {"id": 10, "name": "Merlot", "seo_name": "merlot", "has_detailed_info": true, "wines_count": 560926}, {"id": 5, "name": "Chardonnay", "seo_name": "chardonnay", "has_detailed_info": true, "wines_count": 597329}]}, "wine_type_id": 2, "food": [{"id": 13, "name": "Shellfish", "background_image": {"location": "//images.vivino.com/backgrounds/foods/13_shellfish.png", "variations": {"small": "//images.vivino.com/backgrounds/foods/thumbs/13_shellfish_932x810.png"}}, "seo_name": "shellfish"}, {"id": 19, "name": "Vegetarian", "background_image": {"location": "//images.vivino.com/backgrounds/foods/19_vegetarian.png", "variations": {"small": "//images.vivino.com/backgrounds/foods/thumbs/19_vegetarian_932x810.png"}}, "seo_name": "vegetarian"}, {"id": 27, "name": "Appetizers and snacks", "background_image": {"location": "//images.vivino.com/backgrounds/foods/27_appetizers-snacks.png", "variations": {"small": "//images.vivino.com/backgrounds/foods/thumbs/27_appetizers-snacks_932x810.png"}}, "seo_name": null}], "grapes": [{"id": 39, "name": "Malvasia", "seo_name": "malvasia", "has_detailed_info": false, "wines_count": 31054}, {"id": 103, "name": "Fiano", "seo_name": "fiano", "has_detailed_info": false, "wines_count": 7418}, {"id": 184, "name": "Catarratto Bianco", "seo_name": "catarratto-bianco", "has_detailed_info": false, "wines_count": 4564}], "region": null}, "has_valid_ratings": true}, "price": {"id": 25397969, "vintage_id": 163195886, "amount": 10.95, "type": "vc", "currency": {"code": "EUR", "name": "Euros", "prefix": "\u20ac", "suffix": null}, "bottle_type_id": 1, "inventory_bottles_count": 50, "url": "https://casamolina.de/wein/land/italien/2032/prio-catarratto-sicilia-doc?sPartner=vivino?utm_source=vivino&utm_campaign=feed&utm_medium=pref-cpc&utm_source=vivino-ppc", "message": "", "producer_address": "", "importer_address": "DONNAFUGATA S.r.l. Societ\u00e0 Agricola Via S.Lipari, 17, 91025, Marsala, Italien.", "discounted_from": null, "bottle_type": {"id": 1, "name": "Flasche (0,75\u00a0l)", "short_name": "Flasche", "short_name_plural": "Flaschen", "volume_ml": 750}}, "highlights": [], "merchant": {"id": 1479, "name": "Molina GmbH", "seo_name": "casa-molina", "legal_name": null, "description": "Versandkostenfrei f\u00fcr Bestellungen ab \u20ac80", "country": {"code": "de", "name": "Deutschland", "native_name": "Deutschland", "seo_name": "germany", "currency": {"code": "EUR", "name": "Euros", "prefix": "\u20ac", "suffix": null}, "regions_count": 210, "users_count": 2117308, "wines_count": 197796, "wineries_count": 13493, "most_used_grapes": [{"id": 15, "name": "Riesling", "seo_name": "riesling", "has_detailed_info": true, "wines_count": 259925}, {"id": 299, "name": "Sp\u00e4tburgunder", "seo_name": "spatburgunder", "has_detailed_info": false, "wines_count": 49659}, {"id": 355, "name": "Weissburgunder", "seo_name": "weissburgunder", "has_detailed_info": false, "wines_count": 33123}]}, "state": null, "status": 3, "image": {"location": "//images.vivino.com/merchants/originals/p1g3fart00001e7.png", "variations": {"large_square": "//images.vivino.com/merchants/thumbs/p1g3fart00001e7_400x400.jpg", "medium_square": "//images.vivino.com/merchants/thumbs/p1g3fart00001e7_320x320.jpg", "small_square": "//images.vivino.com/merchants/thumbs/p1g3fart00001e7_160x160.jpg"}}, "shipping_estimate": "Lieferung voraussichtlich zwischen Di, 21.\u00a0Dez und Mi, 22.\u00a0Dez", "impressum_url": "https://casamolina.de/impressum", "tos_url": "https://casamolina.de/agb", "vc_clearing_system": 0, "hidden": false}, "sold_out": false, "prices_and_availability": {"market": {"country": "de", "currency": {"code": "EUR", "name": "Euros", "prefix": "\u20ac", "suffix": null}}, "availability": {"vintage": {"id": 163195886, "year": 2020, "grapes": null, "has_valid_ratings": false}, "median": {"amount": 10.95, "type": "market", "discounted_from": null}, "price": {"id": 25397969, "amount": 10.95, "discounted_from": 0.0, "type": "vc"}}, "merchants_with_prices": [{"merchant": {"id": 1479, "name": "Molina GmbH", "seo_name": "casa-molina", "legal_name": null, "description": "Versandkostenfrei f\u00fcr Bestellungen ab \u20ac80", "country": {"code": "de", "name": "Deutschland", "native_name": "Deutschland", "seo_name": "germany", "currency": {"code": "EUR", "name": "Euros", "prefix": "\u20ac", "suffix": null}, "regions_count": 210, "users_count": 2117308, "wines_count": 197796, "wineries_count": 13493, "most_used_grapes": [{"id": 15, "name": "Riesling", "seo_name": "riesling", "has_detailed_info": true, "wines_count": 259925}, {"id": 299, "name": "Sp\u00e4tburgunder", "seo_name": "spatburgunder", "has_detailed_info": false, "wines_count": 49659}, {"id": 355, "name": "Weissburgunder", "seo_name": "weissburgunder", "has_detailed_info": false, "wines_count": 33123}]}, "state": null, "status": 3, "image": {"location": "//images.vivino.com/merchants/originals/p1g3fart00001e7.png", "variations": {"large_square": "//images.vivino.com/merchants/thumbs/p1g3fart00001e7_400x400.jpg", "medium_square": "//images.vivino.com/merchants/thumbs/p1g3fart00001e7_320x320.jpg", "small_square": "//images.vivino.com/merchants/thumbs/p1g3fart00001e7_160x160.jpg"}}, "shipping_estimate": "Lieferung voraussichtlich zwischen Di, 21.\u00a0Dez und Mi, 22.\u00a0Dez", "impressum_url": "https://casamolina.de/impressum", "tos_url": "https://casamolina.de/agb", "vc_clearing_system": 0, "hidden": false}, "prices": [{"id": 25397969, "vintage_id": 163195886, "amount": 10.95, "type": "vc", "currency": {"code": "EUR", "name": "Euros", "prefix": "\u20ac", "suffix": null}, "bottle_type_id": 1, "inventory_bottles_count": 50, "url": "https://casamolina.de/wein/land/italien/2032/prio-catarratto-sicilia-doc?sPartner=vivino?utm_source=vivino&utm_campaign=feed&utm_medium=pref-cpc&utm_source=vivino-ppc", "message": "", "producer_address": "", "importer_address": "DONNAFUGATA S.r.l. Societ\u00e0 Agricola Via S.Lipari, 17, 91025, Marsala, Italien.", "discounted_from": null, "bottle_type": {"id": 1, "name": "Flasche (0,75\u00a0l)", "short_name": "Flasche", "short_name_plural": "Flaschen", "volume_ml": 750}}]}, {"merchant": {"id": 1639, "name": "Galperino", "seo_name": "galperino", "legal_name": null, "description": "Mobile-friendly checkout. No minimum order.", "country": {"code": "de", "name": "Deutschland", "native_name": "Deutschland", "seo_name": "germany", "currency": {"code": "EUR", "name": "Euros", "prefix": "\u20ac", "suffix": null}, "regions_count": 210, "users_count": 2117308, "wines_count": 197796, "wineries_count": 13493, "most_used_grapes": [{"id": 15, "name": "Riesling", "seo_name": "riesling", "has_detailed_info": true, "wines_count": 259925}, {"id": 299, "name": "Sp\u00e4tburgunder", "seo_name": "spatburgunder", "has_detailed_info": false, "wines_count": 49659}, {"id": 355, "name": "Weissburgunder", "seo_name": "weissburgunder", "has_detailed_info": false, "wines_count": 33123}]}, "state": null, "status": 0, "image": null, "shipping_estimate": "Lieferung bis Mi, 22.\u00a0Dez", "impressum_url": null, "tos_url": null, "vc_clearing_system": 0, "hidden": false}, "prices": [{"id": 25562268, "vintage_id": 163195886, "amount": 10.69, "type": "ppc", "currency": {"code": "EUR", "name": "Euros", "prefix": "\u20ac", "suffix": null}, "bottle_type_id": 1, "inventory_bottles_count": null, "url": "https://www.galperino.de/artikel/2020-prio-catarratto-sicilia-lucido-doc,176.html?utm_medium=pref-cpc&utm_source=vivino-ppc", "message": "", "producer_address": "", "importer_address": "", "discounted_from": null, "bottle_type": {"id": 1, "name": "Flasche (0,75\u00a0l)", "short_name": "Flasche", "short_name_plural": "Flaschen", "volume_ml": 750}}]}, {"merchant": {"id": 28292, "name": "Nur Italienische Produkte", "seo_name": "nur-italienische-produkte", "legal_name": null, "description": "Mobile-friendly checkout. No minimum order.", "country": {"code": "de", "name": "Deutschland", "native_name": "Deutschland", "seo_name": "germany", "currency": {"code": "EUR", "name": "Euros", "prefix": "\u20ac", "suffix": null}, "regions_count": 210, "users_count": 2117308, "wines_count": 197796, "wineries_count": 13493, "most_used_grapes": [{"id": 15, "name": "Riesling", "seo_name": "riesling", "has_detailed_info": true, "wines_count": 259925}, {"id": 299, "name": "Sp\u00e4tburgunder", "seo_name": "spatburgunder", "has_detailed_info": false, "wines_count": 49659}, {"id": 355, "name": "Weissburgunder", "seo_name": "weissburgunder", "has_detailed_info": false, "wines_count": 33123}]}, "state": null, "status": 0, "image": null, "shipping_estimate": "Lieferung bis Mi, 22.\u00a0Dez", "impressum_url": null, "tos_url": null, "vc_clearing_system": 0, "hidden": false}, "prices": [{"id": 25560193, "vintage_id": 163195886, "amount": 11.8, "type": "ppc", "currency": {"code": "EUR", "name": "Euros", "prefix": "\u20ac", "suffix": null}, "bottle_type_id": 1, "inventory_bottles_count": null, "url": "https://www.nuritalienischeprodukte.de/wein/donnafugata/9630-prio-catarratto-sicilia-doc-lucido-donnafugata.html?utm_medium=pref-cpc&utm_source=vivino-ppc", "message": "", "producer_address": "", "importer_address": "", "discounted_from": null, "bottle_type": {"id": 1, "name": "Flasche (0,75\u00a0l)", "short_name": "Flasche", "short_name_plural": "Flaschen", "volume_ml": 750}}]}, {"merchant": {"id": 753, "name": "ViniTop.it", "seo_name": "vinitop-it", "legal_name": null, "description": "More than 1200 Italian wines, fast delivery and discounts every week!", "country": {"code": "it", "name": "Italien", "native_name": "Italia", "seo_name": "italy", "currency": {"code": "EUR", "name": "Euros", "prefix": "\u20ac", "suffix": null}, "regions_count": 555, "users_count": 3800165, "wines_count": 351993, "wineries_count": 41153, "most_used_grapes": [{"id": 16, "name": "Sangiovese", "seo_name": "sangiovese", "has_detailed_info": true, "wines_count": 123993}, {"id": 10, "name": "Merlot", "seo_name": "merlot", "has_detailed_info": true, "wines_count": 560926}, {"id": 5, "name": "Chardonnay", "seo_name": "chardonnay", "has_detailed_info": true, "wines_count": 597329}]}, "state": null, "status": 0, "image": {"location": "//images.vivino.com/merchants/originals/p1c1km9j00000nh.jpg", "variations": {"large_square": "//images.vivino.com/merchants/thumbs/p1c1km9j00000nh_400x400.jpg", "medium_square": "//images.vivino.com/merchants/thumbs/p1c1km9j00000nh_320x320.jpg", "small_square": "//images.vivino.com/merchants/thumbs/p1c1km9j00000nh_160x160.jpg"}}, "shipping_estimate": "Lieferung bis Mi, 22.\u00a0Dez", "impressum_url": null, "tos_url": null, "vc_clearing_system": 0, "hidden": false}, "prices": [{"id": 24083161, "vintage_id": 163195886, "amount": 10.3, "type": "ppc", "currency": {"code": "EUR", "name": "Euros", "prefix": "\u20ac", "suffix": null}, "bottle_type_id": 1, "inventory_bottles_count": null, "url": "https://www.vinitop.it/it/catarratto-prio.html?utm_medium=pref-cpc&utm_source=vivino-ppc", "message": "", "producer_address": "", "importer_address": "", "discounted_from": null, "bottle_type": {"id": 1, "name": "Flasche (0,75\u00a0l)", "short_name": "Flasche", "short_name_plural": "Flaschen", "volume_ml": 750}}]}]}, "found_by_merchant_and_sku": null, "is_deal_page": false}