{"vintage": {"id": 167529521, "seo_name": "tenuta-le-colonne-vermentino-2020", "name": "Tenuta le Colonne Vermentino 2020", "statistics": {"status": "Normal", "ratings_count": 47, "ratings_average": 3.6, "labels_count": 502, "reviews_count": 15}, "organic_certification_id": null, "certified_biodynamic": null, "image": {"location": "//images.vivino.com/thumbs/PyKlkNyYQ3yU0FBOTO9x0w_pl_480x640.png", "variations": {"bottle_large": "//images.vivino.com/thumbs/PyKlkNyYQ3yU0FBOTO9x0w_pb_x960.png", "bottle_medium": "//images.vivino.com/thumbs/PyKlkNyYQ3yU0FBOTO9x0w_pb_x600.png", "bottle_medium_square": "//images.vivino.com/thumbs/PyKlkNyYQ3yU0FBOTO9x0w_pb_600x600.png", "bottle_small": "//images.vivino.com/thumbs/PyKlkNyYQ3yU0FBOTO9x0w_pb_x300.png", "bottle_small_square": "//images.vivino.com/thumbs/PyKlkNyYQ3yU0FBOTO9x0w_pb_300x300.png", "label": "//images.vivino.com/thumbs/PyKlkNyYQ3yU0FBOTO9x0w_pl_480x640.png", "label_large": "//images.vivino.com/thumbs/PyKlkNyYQ3yU0FBOTO9x0w_pl_375x500.png", "label_medium": "//images.vivino.com/thumbs/PyKlkNyYQ3yU0FBOTO9x0w_pl_150x200.png", "label_medium_square": "//images.vivino.com/thumbs/PyKlkNyYQ3yU0FBOTO9x0w_pl_150x150.png", "label_small_square": "//images.vivino.com/thumbs/PyKlkNyYQ3yU0FBOTO9x0w_pl_80x80.png", "large": "//images.vivino.com/thumbs/PyKlkNyYQ3yU0FBOTO9x0w_pl_375x500.png", "medium": "//images.vivino.com/thumbs/PyKlkNyYQ3yU0FBOTO9x0w_pl_150x200.png", "medium_square": "//images.vivino.com/thumbs/PyKlkNyYQ3yU0FBOTO9x0w_pl_150x150.png", "small_square": "//images.vivino.com/thumbs/PyKlkNyYQ3yU0FBOTO9x0w_pl_80x80.png"}}, "wine": {"id": 5328957, "name": "Vermentino", "seo_name": "vermentino", "type_id": 2, "vintage_type": 0, "is_natural": false, "region": {"id": 394, "name": "Toscana", "name_en": "Tuscany", "seo_name": "tuscany", "country": {"code": "it", "name": "Italien", "native_name": "Italia", "seo_name": "italy", "currency": {"code": "EUR", "name": "Euros", "prefix": "\u20ac", "suffix": null}, "regions_count": 555, "users_count": 3800165, "wines_count": 351993, "wineries_count": 41153, "most_used_grapes": [{"id": 16, "name": "Sangiovese", "seo_name": "sangiovese", "has_detailed_info": true, "wines_count": 123993}, {"id": 10, "name": "Merlot", "seo_name": "merlot", "has_detailed_info": true, "wines_count": 560926}, {"id": 5, "name": "Chardonnay", "seo_name": "chardonnay", "has_detailed_info": true, "wines_count": 597329}]}, "parent_id": null, "background_image": {"location": "//images.vivino.com/regions/backgrounds/QV6V0jC2TDaRmClhy9wNfw.jpg", "variations": {"large": "//thumbs.vivino.com/region_backgrounds/QV6V0jC2TDaRmClhy9wNfw_1280x760.jpg", "medium": "//thumbs.vivino.com/region_backgrounds/QV6V0jC2TDaRmClhy9wNfw_600x356.jpg"}}, "class": {"typecast_map": {"background_image": {}, "class": {}}}, "statistics": {"wineries_count": 6547, "wines_count": 29810, "sub_regions_count": 42, "parent_regions_count": 0}}, "review_status": 2, "winery": {"id": 228787, "name": "Tenuta le Colonne", "seo_name": "tenuta-le-colonne", "status": 0, "review_status": "Completed", "background_image": null, "statistics": {"ratings_count": 3138, "ratings_average": 3.8, "labels_count": 24640, "wines_count": 5}, "region": {"id": 394, "name": "Toscana", "name_en": "Tuscany", "seo_name": "tuscany", "country": {"code": "it", "name": "Italien", "native_name": "Italia", "seo_name": "italy", "currency": {"code": "EUR", "name": "Euros", "prefix": "\u20ac", "suffix": null}, "regions_count": 555, "users_count": 3800165, "wines_count": 351993, "wineries_count": 41153, "most_used_grapes": [{"id": 16, "name": "Sangiovese", "seo_name": "sangiovese", "has_detailed_info": true, "wines_count": 123993}, {"id": 10, "name": "Merlot", "seo_name": "merlot", "has_detailed_info": true, "wines_count": 560926}, {"id": 5, "name": "Chardonnay", "seo_name": "chardonnay", "has_detailed_info": true, "wines_count": 597329}]}, "parent_id": null, "background_image": {"location": "//images.vivino.com/regions/backgrounds/QV6V0jC2TDaRmClhy9wNfw.jpg", "variations": {"large": "//thumbs.vivino.com/region_backgrounds/QV6V0jC2TDaRmClhy9wNfw_1280x760.jpg", "medium": "//thumbs.vivino.com/region_backgrounds/QV6V0jC2TDaRmClhy9wNfw_600x356.jpg"}}, "class": {"typecast_map": {"background_image": {}, "class": {}}}, "statistics": {"wineries_count": 6547, "wines_count": 29810, "sub_regions_count": 42, "parent_regions_count": 0}}, "business_name": "Tenuta Le Colonne", "description": "", "specialists_notes": "", "phone": "39 0565 775246", "email": "", "facebook": "", "instagram": "", "is_claimed": false, "twitter": "", "website": "https://tenutalecolonne.it", "winemaker": null, "wine_maker": null, "address": {"title": null, "name": null, "street": "Via Aurelia 418", "street2": null, "neighborhood": null, "city": "Donoratico ", "zip": "57022 ", "state": null, "country": {"code": "it", "name": "Italien", "native_name": "Italia", "seo_name": "italy", "currency": {"code": "EUR", "name": "Euros", "prefix": "\u20ac", "suffix": null}, "regions_count": 555, "users_count": 3800165, "wines_count": 351993, "wineries_count": 41153, "most_used_grapes": [{"id": 16, "name": "Sangiovese", "seo_name": "sangiovese", "has_detailed_info": true, "wines_count": 123993}, {"id": 10, "name": "Merlot", "seo_name": "merlot", "has_detailed_info": true, "wines_count": 560926}, {"id": 5, "name": "Chardonnay", "seo_name": "chardonnay", "has_detailed_info": true, "wines_count": 597329}]}, "company": null, "phone": null, "external_id": null, "residential": null, "vat_number": null, "vat_code": null, "addition": null}, "image": null, "location": null, "winery_group": null, "first_wines": [], "sponsored_entity_type": null, "sponsored_entity": null}, "statistics": {"status": "Normal", "ratings_count": 436, "ratings_average": 3.6, "labels_count": 2807, "vintages_count": 11}, "rank": {"country": {"description": "Rang von Italien", "total": 210247, "rank": 23668}, "region": {"description": "Rang von Weinregion", "total": 30929, "rank": 4547}, "winery": {"description": "Rang vom Weingut", "total": 5, "rank": 3}, "wine_type": {"description": "Rang in allen Wei\u00dfwein", "total": 394072, "rank": 29597}, "global": {"description": "Weltweiter Rang", "total": 1287382, "rank": 117776}}, "hidden": false, "vintages": [{"id": 167529521, "seo_name": "tenuta-le-colonne-vermentino-2020", "name": "Tenuta le Colonne Vermentino 2020", "statistics": {"status": "Normal", "ratings_count": 47, "ratings_average": 3.6, "labels_count": 502, "reviews_count": 15}, "year": 2020, "grapes": null, "has_valid_ratings": true}, {"id": 163556781, "seo_name": "tenuta-le-colonne-vermentino-2019", "name": "Tenuta le Colonne Vermentino 2019", "statistics": {"status": "Normal", "ratings_count": 69, "ratings_average": 3.5, "labels_count": 551, "reviews_count": 23}, "year": 2019, "grapes": null, "has_valid_ratings": true}, {"id": 159858737, "seo_name": "tenuta-le-colonne-vermentino-2018", "name": "Tenuta le Colonne Vermentino 2018", "statistics": {"status": "Normal", "ratings_count": 64, "ratings_average": 3.6, "labels_count": 343, "reviews_count": 21}, "year": 2018, "grapes": null, "has_valid_ratings": true}, {"id": 152542124, "seo_name": "tenuta-le-colonne-vermentino-2017", "name": "Tenuta le Colonne Vermentino 2017", "statistics": {"status": "Normal", "ratings_count": 99, "ratings_average": 3.8, "labels_count": 729, "reviews_count": 23}, "year": 2017, "grapes": null, "has_valid_ratings": true}, {"id": 151936588, "seo_name": "tenuta-le-colonne-vermentino-2016", "name": "Tenuta le Colonne Vermentino 2016", "statistics": {"status": "Normal", "ratings_count": 135, "ratings_average": 3.6, "labels_count": 648, "reviews_count": 39}, "year": 2016, "grapes": null, "has_valid_ratings": true}, {"id": 152542122, "seo_name": "tenuta-le-colonne-vermentino-2015", "name": "Tenuta le Colonne Vermentino 2015", "statistics": {"status": "BelowThreshold", "ratings_count": 2, "ratings_average": 0, "labels_count": 1, "reviews_count": 0}, "year": 2015, "grapes": null, "has_valid_ratings": false}, {"id": 151936589, "seo_name": "tenuta-le-colonne-vermentino-uv", "name": "Tenuta le Colonne Vermentino", "statistics": {"status": "Normal", "ratings_count": 436, "ratings_average": 3.6, "labels_count": 1, "reviews_count": 6}, "year": 0, "grapes": null, "has_valid_ratings": true}], "description": "Bright straw yellow. Linear, with citrus fruit and floral aromas, nuances of herbs such as sage and rosemary. Refreshing and savory, with excellent acidity.", "grapes": [{"id": 119, "name": "Vermentino", "seo_name": "vermentino", "has_detailed_info": false, "wines_count": 31128}], "foods": [{"id": 5, "name": "Pasta", "background_image": {"location": "//images.vivino.com/backgrounds/foods/5_pasta.png", "variations": {"small": "//images.vivino.com/backgrounds/foods/thumbs/5_pasta_932x810.png"}}, "seo_name": null}, {"id": 19, "name": "Vegetarische Gerichte", "background_image": {"location": "//images.vivino.com/backgrounds/foods/19_vegetarian.png", "variations": {"small": "//images.vivino.com/backgrounds/foods/thumbs/19_vegetarian_932x810.png"}}, "seo_name": "vegetarian"}, {"id": 27, "name": "Vorspeisen und Snacks", "background_image": {"location": "//images.vivino.com/backgrounds/foods/27_appetizers-snacks.png", "variations": {"small": "//images.vivino.com/backgrounds/foods/thumbs/27_appetizers-snacks_932x810.png"}}, "seo_name": null}, {"id": 28, "name": "Magerer Fisch", "background_image": {"location": "//images.vivino.com/backgrounds/foods/28_leanfish.png", "variations": {"small": "//images.vivino.com/backgrounds/foods/thumbs/28_leanfish_932x810.png"}}, "seo_name": null}, {"id": 41, "name": "Ger\u00e4ucherte Fleischprodukte", "background_image": {"location": "//images.vivino.com/backgrounds/foods/41_curedmeat.png", "variations": {"small": "//images.vivino.com/backgrounds/foods/thumbs/41_curedmeat_932x810.png"}}, "seo_name": null}], "non_vintage": false, "alcohol": 13, "sweetness_id": null, "closure": null, "vintage_mask_raw": null, "updated_at": "2021-03-03T07:06:40Z", "created_at": "2017-03-02T12:47:54Z", "is_first_wine": false, "style": {"id": 48, "seo_name": "central-italy-white", "regional_name": "Central Italy", "varietal_name": "White", "name": "Mittelitalien Wei\u00df", "image": null, "background_image": null, "description": "The white wines that are made in Central Italy are not flashy or famous, but they can certainly be delicious. This area is known for making clean, light, white wines that are refreshing.\n\nYou will not find many famous grapes grown in this region, but you will find some great values.\n\nItalian white wines can be very frustrating and confusing. They do not make many wines from grapes that most people are familiar with. However, some of the local grapes that are used can make wines that are elegant, refreshing, and fun.\n\nA lot of the really great white wines from Central Italy are going to be simple and light. They do not have a ton of strong fruit flavors, but can often produce subtly beautiful flavors of tart stone fruits, white flowers, and often almonds.\n\nKeep your eyes open for the underrated wines of Verdicchio di Matelica or Verdicchio dei Castelli di Jesi.", "blurb": null, "interesting_facts": ["Trebbiano, a common white grape in Central Italy, is also known as Ugni Blanc.", "In Northern Italy, the grape Verdicchio is often known as Trebbiano Soave, which is not related to the Trebbiano grape at all.", "Poor winemaking and vineyard practices made the white wines of Central Italy very unpopular for years.", "The Albana di Romagna region in Emilia-Romagna was the first white wine in Italy to receive DOCG status.", "Although it is common to see the wines of Orvieto in Italian restaurants, the are often disappointingly boring."], "body": 3, "body_description": "Mittlerer K\u00f6rper", "acidity": 3, "acidity_description": "Hoch", "country": {"code": "it", "name": "Italien", "native_name": "Italia", "seo_name": "italy", "currency": {"code": "EUR", "name": "Euros", "prefix": "\u20ac", "suffix": null}, "regions_count": 555, "users_count": 3800165, "wines_count": 351993, "wineries_count": 41153, "most_used_grapes": [{"id": 16, "name": "Sangiovese", "seo_name": "sangiovese", "has_detailed_info": true, "wines_count": 123993}, {"id": 10, "name": "Merlot", "seo_name": "merlot", "has_detailed_info": true, "wines_count": 560926}, {"id": 5, "name": "Chardonnay", "seo_name": "chardonnay", "has_detailed_info": true, "wines_count": 597329}]}, "wine_type_id": 2, "food": [{"id": 5, "name": "Pasta", "background_image": {"location": "//images.vivino.com/backgrounds/foods/5_pasta.png", "variations": {"small": "//images.vivino.com/backgrounds/foods/thumbs/5_pasta_932x810.png"}}, "seo_name": null}, {"id": 19, "name": "Vegetarian", "background_image": {"location": "//images.vivino.com/backgrounds/foods/19_vegetarian.png", "variations": {"small": "//images.vivino.com/backgrounds/foods/thumbs/19_vegetarian_932x810.png"}}, "seo_name": "vegetarian"}, {"id": 27, "name": "Appetizers and snacks", "background_image": {"location": "//images.vivino.com/backgrounds/foods/27_appetizers-snacks.png", "variations": {"small": "//images.vivino.com/backgrounds/foods/thumbs/27_appetizers-snacks_932x810.png"}}, "seo_name": null}, {"id": 28, "name": "Lean fish", "background_image": {"location": "//images.vivino.com/backgrounds/foods/28_leanfish.png", "variations": {"small": "//images.vivino.com/backgrounds/foods/thumbs/28_leanfish_932x810.png"}}, "seo_name": null}, {"id": 41, "name": "Cured Meat", "background_image": {"location": "//images.vivino.com/backgrounds/foods/41_curedmeat.png", "variations": {"small": "//images.vivino.com/backgrounds/foods/thumbs/41_curedmeat_932x810.png"}}, "seo_name": null}], "grapes": [{"id": 55, "name": "Trebbiano", "seo_name": "trebbiano", "has_detailed_info": false, "wines_count": 19999}], "region": null}, "has_valid_ratings": true}, "description": "", "expert_reviews": null, "wine_critic_reviews": [], "awards": [], "ratings_distribution": {"1": 0, "2": 1, "3": 30, "4": 13, "5": 3}, "ranking": {"country": {"description": "Rang von Italien", "total": 1543866, "rank": 380739}, "region": {"description": "Rang von Weinregion", "total": 255985, "rank": 72954}, "winery": {"description": "Rang vom Weingut", "total": 38, "rank": 21}, "global": {"description": "Weltweiter Rang", "total": 8825172, "rank": 2002678}}, "wine_facts": {}, "winemaker": null, "wine_maker": null, "grape_composition": {}, "year": 2020, "grapes": null, "has_valid_ratings": true}, "carts": null, "price_range": {"currency": {"code": "EUR", "name": "Euros", "prefix": "\u20ac", "suffix": null}, "price_range": {"minimum": 0, "maximum": 500, "currency_code": "EUR"}, "defaults": {"minimum": 7, "maximum": 30, "currency_code": "EUR"}}, "subtotal_price": null, "full_region": null, "tastes": null, "wine": {"id": 5328957, "name": "Vermentino", "seo_name": "vermentino", "type_id": 2, "vintage_type": 0, "is_natural": false, "region": {"id": 394, "name": "Toscana", "name_en": "Tuscany", "seo_name": "tuscany", "country": {"code": "it", "name": "Italien", "native_name": "Italia", "seo_name": "italy", "currency": {"code": "EUR", "name": "Euros", "prefix": "\u20ac", "suffix": null}, "regions_count": 555, "users_count": 3800165, "wines_count": 351993, "wineries_count": 41153, "most_used_grapes": [{"id": 16, "name": "Sangiovese", "seo_name": "sangiovese", "has_detailed_info": true, "wines_count": 123993}, {"id": 10, "name": "Merlot", "seo_name": "merlot", "has_detailed_info": true, "wines_count": 560926}, {"id": 5, "name": "Chardonnay", "seo_name": "chardonnay", "has_detailed_info": true, "wines_count": 597329}]}, "parent_id": null, "background_image": {"location": "//images.vivino.com/regions/backgrounds/QV6V0jC2TDaRmClhy9wNfw.jpg", "variations": {"large": "//thumbs.vivino.com/region_backgrounds/QV6V0jC2TDaRmClhy9wNfw_1280x760.jpg", "medium": "//thumbs.vivino.com/region_backgrounds/QV6V0jC2TDaRmClhy9wNfw_600x356.jpg"}}, "class": {"typecast_map": {"background_image": {}, "class": {}}}, "statistics": {"wineries_count": 6547, "wines_count": 29810, "sub_regions_count": 42, "parent_regions_count": 0}}, "review_status": 2, "winery": {"id": 228787, "name": "Tenuta le Colonne", "seo_name": "tenuta-le-colonne", "status": 0, "review_status": "Completed", "background_image": null, "statistics": {"ratings_count": 3138, "ratings_average": 3.8, "labels_count": 24640, "wines_count": 5}, "region": {"id": 394, "name": "Toscana", "name_en": "Tuscany", "seo_name": "tuscany", "country": {"code": "it", "name": "Italien", "native_name": "Italia", "seo_name": "italy", "currency": {"code": "EUR", "name": "Euros", "prefix": "\u20ac", "suffix": null}, "regions_count": 555, "users_count": 3800165, "wines_count": 351993, "wineries_count": 41153, "most_used_grapes": [{"id": 16, "name": "Sangiovese", "seo_name": "sangiovese", "has_detailed_info": true, "wines_count": 123993}, {"id": 10, "name": "Merlot", "seo_name": "merlot", "has_detailed_info": true, "wines_count": 560926}, {"id": 5, "name": "Chardonnay", "seo_name": "chardonnay", "has_detailed_info": true, "wines_count": 597329}]}, "parent_id": null, "background_image": {"location": "//images.vivino.com/regions/backgrounds/QV6V0jC2TDaRmClhy9wNfw.jpg", "variations": {"large": "//thumbs.vivino.com/region_backgrounds/QV6V0jC2TDaRmClhy9wNfw_1280x760.jpg", "medium": "//thumbs.vivino.com/region_backgrounds/QV6V0jC2TDaRmClhy9wNfw_600x356.jpg"}}, "class": {"typecast_map": {"background_image": {}, "class": {}}}, "statistics": {"wineries_count": 6547, "wines_count": 29810, "sub_regions_count": 42, "parent_regions_count": 0}}, "business_name": "Tenuta Le Colonne", "description": "", "specialists_notes": "", "phone": "39 0565 775246", "email": "", "facebook": "", "instagram": "", "is_claimed": false, "twitter": "", "website": "https://tenutalecolonne.it", "winemaker": null, "wine_maker": null, "address": {"title": null, "name": null, "street": "Via Aurelia 418", "street2": null, "neighborhood": null, "city": "Donoratico ", "zip": "57022 ", "state": null, "country": {"code": "it", "name": "Italien", "native_name": "Italia", "seo_name": "italy", "currency": {"code": "EUR", "name": "Euros", "prefix": "\u20ac", "suffix": null}, "regions_count": 555, "users_count": 3800165, "wines_count": 351993, "wineries_count": 41153, "most_used_grapes": [{"id": 16, "name": "Sangiovese", "seo_name": "sangiovese", "has_detailed_info": true, "wines_count": 123993}, {"id": 10, "name": "Merlot", "seo_name": "merlot", "has_detailed_info": true, "wines_count": 560926}, {"id": 5, "name": "Chardonnay", "seo_name": "chardonnay", "has_detailed_info": true, "wines_count": 597329}]}, "company": null, "phone": null, "external_id": null, "residential": null, "vat_number": null, "vat_code": null, "addition": null}, "image": null, "location": null, "winery_group": null, "first_wines": [], "sponsored_entity_type": null, "sponsored_entity": null}, "statistics": {"status": "Normal", "ratings_count": 436, "ratings_average": 3.6, "labels_count": 2807, "vintages_count": 11}, "rank": {"country": {"description": "Rang von Italien", "total": 210247, "rank": 23668}, "region": {"description": "Rang von Weinregion", "total": 30929, "rank": 4547}, "winery": {"description": "Rang vom Weingut", "total": 5, "rank": 3}, "wine_type": {"description": "Rang in allen Wei\u00dfwein", "total": 394072, "rank": 29597}, "global": {"description": "Weltweiter Rang", "total": 1287382, "rank": 117776}}, "hidden": false, "vintages": [{"id": 167529521, "seo_name": "tenuta-le-colonne-vermentino-2020", "name": "Tenuta le Colonne Vermentino 2020", "statistics": {"status": "Normal", "ratings_count": 47, "ratings_average": 3.6, "labels_count": 502, "reviews_count": 15}, "year": 2020, "grapes": null, "has_valid_ratings": true}, {"id": 163556781, "seo_name": "tenuta-le-colonne-vermentino-2019", "name": "Tenuta le Colonne Vermentino 2019", "statistics": {"status": "Normal", "ratings_count": 69, "ratings_average": 3.5, "labels_count": 551, "reviews_count": 23}, "year": 2019, "grapes": null, "has_valid_ratings": true}, {"id": 159858737, "seo_name": "tenuta-le-colonne-vermentino-2018", "name": "Tenuta le Colonne Vermentino 2018", "statistics": {"status": "Normal", "ratings_count": 64, "ratings_average": 3.6, "labels_count": 343, "reviews_count": 21}, "year": 2018, "grapes": null, "has_valid_ratings": true}, {"id": 152542124, "seo_name": "tenuta-le-colonne-vermentino-2017", "name": "Tenuta le Colonne Vermentino 2017", "statistics": {"status": "Normal", "ratings_count": 99, "ratings_average": 3.8, "labels_count": 729, "reviews_count": 23}, "year": 2017, "grapes": null, "has_valid_ratings": true}, {"id": 151936588, "seo_name": "tenuta-le-colonne-vermentino-2016", "name": "Tenuta le Colonne Vermentino 2016", "statistics": {"status": "Normal", "ratings_count": 135, "ratings_average": 3.6, "labels_count": 648, "reviews_count": 39}, "year": 2016, "grapes": null, "has_valid_ratings": true}, {"id": 152542122, "seo_name": "tenuta-le-colonne-vermentino-2015", "name": "Tenuta le Colonne Vermentino 2015", "statistics": {"status": "BelowThreshold", "ratings_count": 2, "ratings_average": 0, "labels_count": 1, "reviews_count": 0}, "year": 2015, "grapes": null, "has_valid_ratings": false}, {"id": 151936589, "seo_name": "tenuta-le-colonne-vermentino-uv", "name": "Tenuta le Colonne Vermentino", "statistics": {"status": "Normal", "ratings_count": 436, "ratings_average": 3.6, "labels_count": 1, "reviews_count": 6}, "year": 0, "grapes": null, "has_valid_ratings": true}], "description": "Bright straw yellow. Linear, with citrus fruit and floral aromas, nuances of herbs such as sage and rosemary. Refreshing and savory, with excellent acidity.", "grapes": [{"id": 119, "name": "Vermentino", "seo_name": "vermentino", "has_detailed_info": false, "wines_count": 31128}], "foods": [{"id": 5, "name": "Pasta", "background_image": {"location": "//images.vivino.com/backgrounds/foods/5_pasta.png", "variations": {"small": "//images.vivino.com/backgrounds/foods/thumbs/5_pasta_932x810.png"}}, "seo_name": null}, {"id": 19, "name": "Vegetarische Gerichte", "background_image": {"location": "//images.vivino.com/backgrounds/foods/19_vegetarian.png", "variations": {"small": "//images.vivino.com/backgrounds/foods/thumbs/19_vegetarian_932x810.png"}}, "seo_name": "vegetarian"}, {"id": 27, "name": "Vorspeisen und Snacks", "background_image": {"location": "//images.vivino.com/backgrounds/foods/27_appetizers-snacks.png", "variations": {"small": "//images.vivino.com/backgrounds/foods/thumbs/27_appetizers-snacks_932x810.png"}}, "seo_name": null}, {"id": 28, "name": "Magerer Fisch", "background_image": {"location": "//images.vivino.com/backgrounds/foods/28_leanfish.png", "variations": {"small": "//images.vivino.com/backgrounds/foods/thumbs/28_leanfish_932x810.png"}}, "seo_name": null}, {"id": 41, "name": "Ger\u00e4ucherte Fleischprodukte", "background_image": {"location": "//images.vivino.com/backgrounds/foods/41_curedmeat.png", "variations": {"small": "//images.vivino.com/backgrounds/foods/thumbs/41_curedmeat_932x810.png"}}, "seo_name": null}], "non_vintage": false, "alcohol": 13, "sweetness_id": null, "closure": null, "vintage_mask_raw": null, "updated_at": "2021-03-03T07:06:40Z", "created_at": "2017-03-02T12:47:54Z", "is_first_wine": false, "style": {"id": 48, "seo_name": "central-italy-white", "regional_name": "Central Italy", "varietal_name": "White", "name": "Mittelitalien Wei\u00df", "image": null, "background_image": null, "description": "The white wines that are made in Central Italy are not flashy or famous, but they can certainly be delicious. This area is known for making clean, light, white wines that are refreshing.\n\nYou will not find many famous grapes grown in this region, but you will find some great values.\n\nItalian white wines can be very frustrating and confusing. They do not make many wines from grapes that most people are familiar with. However, some of the local grapes that are used can make wines that are elegant, refreshing, and fun.\n\nA lot of the really great white wines from Central Italy are going to be simple and light. They do not have a ton of strong fruit flavors, but can often produce subtly beautiful flavors of tart stone fruits, white flowers, and often almonds.\n\nKeep your eyes open for the underrated wines of Verdicchio di Matelica or Verdicchio dei Castelli di Jesi.", "blurb": null, "interesting_facts": ["Trebbiano, a common white grape in Central Italy, is also known as Ugni Blanc.", "In Northern Italy, the grape Verdicchio is often known as Trebbiano Soave, which is not related to the Trebbiano grape at all.", "Poor winemaking and vineyard practices made the white wines of Central Italy very unpopular for years.", "The Albana di Romagna region in Emilia-Romagna was the first white wine in Italy to receive DOCG status.", "Although it is common to see the wines of Orvieto in Italian restaurants, the are often disappointingly boring."], "body": 3, "body_description": "Mittlerer K\u00f6rper", "acidity": 3, "acidity_description": "Hoch", "country": {"code": "it", "name": "Italien", "native_name": "Italia", "seo_name": "italy", "currency": {"code": "EUR", "name": "Euros", "prefix": "\u20ac", "suffix": null}, "regions_count": 555, "users_count": 3800165, "wines_count": 351993, "wineries_count": 41153, "most_used_grapes": [{"id": 16, "name": "Sangiovese", "seo_name": "sangiovese", "has_detailed_info": true, "wines_count": 123993}, {"id": 10, "name": "Merlot", "seo_name": "merlot", "has_detailed_info": true, "wines_count": 560926}, {"id": 5, "name": "Chardonnay", "seo_name": "chardonnay", "has_detailed_info": true, "wines_count": 597329}]}, "wine_type_id": 2, "food": [{"id": 5, "name": "Pasta", "background_image": {"location": "//images.vivino.com/backgrounds/foods/5_pasta.png", "variations": {"small": "//images.vivino.com/backgrounds/foods/thumbs/5_pasta_932x810.png"}}, "seo_name": null}, {"id": 19, "name": "Vegetarian", "background_image": {"location": "//images.vivino.com/backgrounds/foods/19_vegetarian.png", "variations": {"small": "//images.vivino.com/backgrounds/foods/thumbs/19_vegetarian_932x810.png"}}, "seo_name": "vegetarian"}, {"id": 27, "name": "Appetizers and snacks", "background_image": {"location": "//images.vivino.com/backgrounds/foods/27_appetizers-snacks.png", "variations": {"small": "//images.vivino.com/backgrounds/foods/thumbs/27_appetizers-snacks_932x810.png"}}, "seo_name": null}, {"id": 28, "name": "Lean fish", "background_image": {"location": "//images.vivino.com/backgrounds/foods/28_leanfish.png", "variations": {"small": "//images.vivino.com/backgrounds/foods/thumbs/28_leanfish_932x810.png"}}, "seo_name": null}, {"id": 41, "name": "Cured Meat", "background_image": {"location": "//images.vivino.com/backgrounds/foods/41_curedmeat.png", "variations": {"small": "//images.vivino.com/backgrounds/foods/thumbs/41_curedmeat_932x810.png"}}, "seo_name": null}], "grapes": [{"id": 55, "name": "Trebbiano", "seo_name": "trebbiano", "has_detailed_info": false, "wines_count": 19999}], "region": null}, "has_valid_ratings": true}, "price": {"id": 25023541, "vintage_id": 167529521, "amount": 10.9, "type": "vc", "currency": {"code": "EUR", "name": "Euros", "prefix": "\u20ac", "suffix": null}, "bottle_type_id": 1, "inventory_bottles_count": 138, "url": "https://www.vino.com/de/dettaglio/costa-toscana-igt-vermentino-tenuta-le-colonne-2020.html?st=de&utm_country=de&utm_medium=pref-cpc&utm_source=vivino-ppc&utm_term=dievolelecolonnebolgherivermentino2020", "message": "", "producer_address": "", "importer_address": "", "discounted_from": null, "bottle_type": {"id": 1, "name": "Flasche (0,75\u00a0l)", "short_name": "Flasche", "short_name_plural": "Flaschen", "volume_ml": 750}}, "highlights": [], "merchant": {"id": 31949, "name": "Vino.com - Germany", "seo_name": "vino75-germany", "legal_name": "3nd srl", "description": "Versandkostenfrei f\u00fcr Bestellungen ab \u20ac80", "country": {"code": "de", "name": "Deutschland", "native_name": "Deutschland", "seo_name": "germany", "currency": {"code": "EUR", "name": "Euros", "prefix": "\u20ac", "suffix": null}, "regions_count": 210, "users_count": 2117308, "wines_count": 197796, "wineries_count": 13493, "most_used_grapes": [{"id": 15, "name": "Riesling", "seo_name": "riesling", "has_detailed_info": true, "wines_count": 259925}, {"id": 299, "name": "Sp\u00e4tburgunder", "seo_name": "spatburgunder", "has_detailed_info": false, "wines_count": 49659}, {"id": 355, "name": "Weissburgunder", "seo_name": "weissburgunder", "has_detailed_info": false, "wines_count": 33123}]}, "state": null, "status": 3, "image": {"location": "//images.vivino.com/merchants/originals/p1gd0mgb0000v6d.png", "variations": {"large_square": "//images.vivino.com/merchants/thumbs/p1gd0mgb0000v6d_400x400.jpg", "medium_square": "//images.vivino.com/merchants/thumbs/p1gd0mgb0000v6d_320x320.jpg", "small_square": "//images.vivino.com/merchants/thumbs/p1gd0mgb0000v6d_160x160.jpg"}}, "shipping_estimate": "Lieferung voraussichtlich zwischen Di, 21.\u00a0Dez und Mo, 27.\u00a0Dez", "impressum_url": "https://www.vino.com/de/content/condizioni-uso", "tos_url": "https://www.vino.com/de/content/condizioni-uso", "vc_clearing_system": 0, "hidden": false}, "sold_out": false, "prices_and_availability": {"market": {"country": "de", "currency": {"code": "EUR", "name": "Euros", "prefix": "\u20ac", "suffix": null}}, "availability": {"vintage": {"id": 167529521, "year": 2020, "grapes": null, "has_valid_ratings": false}, "median": {"amount": 11.31, "type": "market", "discounted_from": null}, "price": {"id": 25023541, "amount": 10.9, "discounted_from": 0.0, "type": "vc"}}, "merchants_with_prices": [{"merchant": {"id": 31949, "name": "Vino.com - Germany", "seo_name": "vino75-germany", "legal_name": "3nd srl", "description": "Versandkostenfrei f\u00fcr Bestellungen ab \u20ac80", "country": {"code": "de", "name": "Deutschland", "native_name": "Deutschland", "seo_name": "germany", "currency": {"code": "EUR", "name": "Euros", "prefix": "\u20ac", "suffix": null}, "regions_count": 210, "users_count": 2117308, "wines_count": 197796, "wineries_count": 13493, "most_used_grapes": [{"id": 15, "name": "Riesling", "seo_name": "riesling", "has_detailed_info": true, "wines_count": 259925}, {"id": 299, "name": "Sp\u00e4tburgunder", "seo_name": "spatburgunder", "has_detailed_info": false, "wines_count": 49659}, {"id": 355, "name": "Weissburgunder", "seo_name": "weissburgunder", "has_detailed_info": false, "wines_count": 33123}]}, "state": null, "status": 3, "image": {"location": "//images.vivino.com/merchants/originals/p1gd0mgb0000v6d.png", "variations": {"large_square": "//images.vivino.com/merchants/thumbs/p1gd0mgb0000v6d_400x400.jpg", "medium_square": "//images.vivino.com/merchants/thumbs/p1gd0mgb0000v6d_320x320.jpg", "small_square": "//images.vivino.com/merchants/thumbs/p1gd0mgb0000v6d_160x160.jpg"}}, "shipping_estimate": "Lieferung voraussichtlich zwischen Di, 21.\u00a0Dez und Mo, 27.\u00a0Dez", "impressum_url": "https://www.vino.com/de/content/condizioni-uso", "tos_url": "https://www.vino.com/de/content/condizioni-uso", "vc_clearing_system": 0, "hidden": false}, "prices": [{"id": 25023541, "vintage_id": 167529521, "amount": 10.9, "type": "vc", "currency": {"code": "EUR", "name": "Euros", "prefix": "\u20ac", "suffix": null}, "bottle_type_id": 1, "inventory_bottles_count": 138, "url": "https://www.vino.com/de/dettaglio/costa-toscana-igt-vermentino-tenuta-le-colonne-2020.html?st=de&utm_country=de&utm_medium=pref-cpc&utm_source=vivino-ppc&utm_term=dievolelecolonnebolgherivermentino2020", "message": "", "producer_address": "", "importer_address": "", "discounted_from": null, "bottle_type": {"id": 1, "name": "Flasche (0,75\u00a0l)", "short_name": "Flasche", "short_name_plural": "Flaschen", "volume_ml": 750}}]}, {"merchant": {"id": 2636, "name": "Feine Weine", "seo_name": "feine-weine", "legal_name": null, "description": "No minimum order.", "country": {"code": "at", "name": "\u00d6sterreich", "native_name": "\u00d6sterreich", "seo_name": "austria", "currency": {"code": "EUR", "name": "Euros", "prefix": "\u20ac", "suffix": null}, "regions_count": 29, "users_count": 198116, "wines_count": 53278, "wineries_count": 4638, "most_used_grapes": [{"id": 233, "name": "Gr\u00fcner Veltliner", "seo_name": "gruner-veltliner", "has_detailed_info": false, "wines_count": 37953}, {"id": 257, "name": "Zweigelt", "seo_name": "zweigelt", "has_detailed_info": false, "wines_count": 31578}, {"id": 15, "name": "Riesling", "seo_name": "riesling", "has_detailed_info": true, "wines_count": 259925}]}, "state": null, "status": 0, "image": null, "shipping_estimate": "Lieferung bis Mi, 22.\u00a0Dez", "impressum_url": null, "tos_url": null, "vc_clearing_system": 0, "hidden": false}, "prices": [{"id": 25089368, "vintage_id": 167529521, "amount": 10.9, "type": "ppc", "currency": {"code": "EUR", "name": "Euros", "prefix": "\u20ac", "suffix": null}, "bottle_type_id": 1, "inventory_bottles_count": null, "url": "https://www.feine-weine.at/europa/italien/dievole---tenute-le-colonne---toskana/tenuta-le-colonne-vermentino-costa-toscana-2020.php?utm_medium=pref-cpc&utm_source=vivino-ppc", "message": "", "producer_address": "", "importer_address": "", "discounted_from": null, "bottle_type": {"id": 1, "name": "Flasche (0,75\u00a0l)", "short_name": "Flasche", "short_name_plural": "Flaschen", "volume_ml": 750}}]}]}, "found_by_merchant_and_sku": null, "is_deal_page": false}