{"tastes": {"structure": null, "flavor": [{"group": "tree_fruit", "stats": {"count": 125, "score": 21400, "mentions_count": 214}, "primary_keywords": [{"id": 315, "name": "Birne", "count": 74}, {"id": 195, "name": "Gr\u00fcner Apfel", "count": 53}, {"id": 9, "name": "Apfel", "count": 36}, {"id": 310, "name": "Pfirsich", "count": 29}, {"id": 271, "name": "Melone", "count": 8}, {"id": 11, "name": "Aprikose", "count": 6}, {"id": 448, "name": "Wei\u00dfer Pfirsich", "count": 3}, {"id": 458, "name": "Gelber Apfel", "count": 2}, {"id": 343, "name": "Quitte", "count": 1}, {"id": 202, "name": "Gr\u00fcne Melone", "count": 1}, {"id": 204, "name": "Gr\u00fcne Birne", "count": 1}]}, {"group": "citrus_fruit", "stats": {"count": 81, "score": 9700, "mentions_count": 97}, "primary_keywords": [{"id": 106, "name": "Zitrone", "count": 46}, {"id": 252, "name": "Limette", "count": 19}, {"id": 243, "name": "Zitrone", "count": 19}, {"id": 190, "name": "Grapefruit", "count": 3}, {"id": 411, "name": "Mandarine", "count": 2}, {"id": 246, "name": "Zitronenschale", "count": 2}, {"id": 298, "name": "Orange", "count": 1}, {"id": 248, "name": "Zitronenw\u00fcrze", "count": 1}, {"id": 109, "name": "Zitrusw\u00fcrze", "count": 1}, {"id": 191, "name": "Grapefruitmark", "count": 1}, {"id": 302, "name": "Orangenmark", "count": 1}, {"id": 254, "name": "Limettenmark", "count": 1}]}, {"group": "tropical_fruit", "stats": {"count": 32, "score": 4400, "mentions_count": 44}, "primary_keywords": [{"id": 329, "name": "Ananas", "count": 21}, {"id": 428, "name": "Tropisch", "count": 14}, {"id": 306, "name": "Passionsfrucht", "count": 4}, {"id": 256, "name": "Litschi", "count": 2}, {"id": 261, "name": "Mango", "count": 1}, {"id": 210, "name": "Guave", "count": 1}, {"id": 237, "name": "Kiwi", "count": 1}]}, {"group": "earth", "stats": {"count": 24, "score": 2788, "mentions_count": 27}, "primary_keywords": [{"id": 218, "name": "Honig", "count": 14}, {"id": 276, "name": "Mineralien", "count": 12}, {"id": 398, "name": "Stein", "count": 1}], "secondary_keywords": [{"id": 6, "name": "Mandel", "count": 3}, {"id": 422, "name": "Tabak", "count": 1}]}, {"group": "vegetal", "stats": {"count": 23, "score": 2530, "mentions_count": 25}, "primary_keywords": [{"id": 399, "name": "Stroh", "count": 10}, {"id": 193, "name": "Gras", "count": 8}, {"id": 185, "name": "Stachelbeere", "count": 6}, {"id": 425, "name": "Tomate", "count": 1}], "secondary_keywords": [{"id": 6, "name": "Mandel", "count": 3}]}, {"group": "floral", "stats": {"count": 12, "score": 1500, "mentions_count": 15}, "primary_keywords": [{"id": 2, "name": "Akazie", "count": 9}, {"id": 230, "name": "Jasmin", "count": 3}, {"id": 157, "name": "Holunderbl\u00fcte", "count": 2}, {"id": 221, "name": "Gei\u00dfblatt", "count": 1}]}, {"group": "oak", "stats": {"count": 17, "score": 1282, "mentions_count": 14}, "primary_keywords": [{"id": 434, "name": "Vanille", "count": 5}, {"id": 292, "name": "Eiche", "count": 3}, {"id": 70, "name": "Butter", "count": 3}, {"id": 424, "name": "Toffee", "count": 2}, {"id": 422, "name": "Tabak", "count": 1}], "secondary_keywords": [{"id": 6, "name": "Mandel", "count": 3}, {"id": 62, "name": "Brioche", "count": 2}]}, {"group": "microbio", "stats": {"count": 14, "score": 961, "mentions_count": 8}, "primary_keywords": [{"id": 123, "name": "Creme", "count": 4}, {"id": 91, "name": "K\u00e4se", "count": 3}, {"id": 295, "name": "\u00d6l", "count": 1}], "secondary_keywords": [{"id": 6, "name": "Mandel", "count": 3}, {"id": 70, "name": "Butter", "count": 3}, {"id": 424, "name": "Toffee", "count": 2}]}, {"group": "non_oak", "stats": {"count": 11, "score": 309, "mentions_count": 5}, "primary_keywords": [{"id": 6, "name": "Mandel", "count": 3}, {"id": 62, "name": "Brioche", "count": 2}], "secondary_keywords": [{"id": 434, "name": "Vanille", "count": 5}, {"id": 422, "name": "Tabak", "count": 1}]}, {"group": "red_fruit", "stats": {"count": 3, "score": 500, "mentions_count": 5}, "primary_keywords": [{"id": 93, "name": "Kirsche", "count": 2}, {"id": 354, "name": "Rote Frucht", "count": 2}, {"id": 120, "name": "Zuckerwatte", "count": 1}]}, {"group": "black_fruit", "stats": {"count": 4, "score": 400, "mentions_count": 4}, "primary_keywords": [{"id": 52, "name": "Schwarze Johannisbeere", "count": 2}, {"id": 55, "name": "Bickbeere", "count": 1}, {"id": 334, "name": "Pflaume", "count": 1}]}, {"group": "spices", "stats": {"count": 7, "score": 230, "mentions_count": 2}, "primary_keywords": [{"id": 320, "name": "Pfeffer", "count": 2}], "secondary_keywords": [{"id": 434, "name": "Vanille", "count": 5}]}]}, "vivino_id": "3142523"}