{"vintage": {"id": 165677342, "seo_name": "torre-dei-beati-giocheremo-con-i-fiori-pecorino-2020", "name": "Torre dei Beati Giocheremo Con i Fiori Pecorino 2020", "statistics": {"status": "Normal", "ratings_count": 145, "ratings_average": 3.9, "labels_count": 612, "reviews_count": 68}, "organic_certification_id": null, "certified_biodynamic": null, "image": {"location": "//images.vivino.com/thumbs/T7_Yf54pRaCC515DyhchxQ_pl_480x640.png", "variations": {"bottle_large": "//images.vivino.com/thumbs/T7_Yf54pRaCC515DyhchxQ_pb_x960.png", "bottle_medium": "//images.vivino.com/thumbs/T7_Yf54pRaCC515DyhchxQ_pb_x600.png", "bottle_medium_square": "//images.vivino.com/thumbs/T7_Yf54pRaCC515DyhchxQ_pb_600x600.png", "bottle_small": "//images.vivino.com/thumbs/T7_Yf54pRaCC515DyhchxQ_pb_x300.png", "bottle_small_square": "//images.vivino.com/thumbs/T7_Yf54pRaCC515DyhchxQ_pb_300x300.png", "label": "//images.vivino.com/thumbs/T7_Yf54pRaCC515DyhchxQ_pl_480x640.png", "label_large": "//images.vivino.com/thumbs/T7_Yf54pRaCC515DyhchxQ_pl_375x500.png", "label_medium": "//images.vivino.com/thumbs/T7_Yf54pRaCC515DyhchxQ_pl_150x200.png", "label_medium_square": "//images.vivino.com/thumbs/T7_Yf54pRaCC515DyhchxQ_pl_150x150.png", "label_small_square": "//images.vivino.com/thumbs/T7_Yf54pRaCC515DyhchxQ_pl_80x80.png", "large": "//images.vivino.com/thumbs/T7_Yf54pRaCC515DyhchxQ_pl_375x500.png", "medium": "//images.vivino.com/thumbs/T7_Yf54pRaCC515DyhchxQ_pl_150x200.png", "medium_square": "//images.vivino.com/thumbs/T7_Yf54pRaCC515DyhchxQ_pl_150x150.png", "small_square": "//images.vivino.com/thumbs/T7_Yf54pRaCC515DyhchxQ_pl_80x80.png"}}, "wine": {"id": 1224876, "name": "Giocheremo Con i Fiori Pecorino", "seo_name": "giocheremo-con-i-fiori-pecorino", "type_id": 2, "vintage_type": 0, "is_natural": true, "region": {"id": 619, "name": "Abruzzo", "name_en": "", "seo_name": "abruzzo", "country": {"code": "it", "name": "Italien", "native_name": "Italia", "seo_name": "italy", "currency": {"code": "EUR", "name": "Euros", "prefix": "\u20ac", "suffix": null}, "regions_count": 555, "users_count": 3800165, "wines_count": 351993, "wineries_count": 41153, "most_used_grapes": [{"id": 16, "name": "Sangiovese", "seo_name": "sangiovese", "has_detailed_info": true, "wines_count": 123993}, {"id": 10, "name": "Merlot", "seo_name": "merlot", "has_detailed_info": true, "wines_count": 560926}, {"id": 5, "name": "Chardonnay", "seo_name": "chardonnay", "has_detailed_info": true, "wines_count": 597329}]}, "parent_id": null, "background_image": {"location": "//images.vivino.com/regions/backgrounds/ThCToxpXQBWpt4sbZRXwjw.jpg", "variations": {"large": "//thumbs.vivino.com/region_backgrounds/ThCToxpXQBWpt4sbZRXwjw_1280x760.jpg", "medium": "//thumbs.vivino.com/region_backgrounds/ThCToxpXQBWpt4sbZRXwjw_600x356.jpg"}}, "statistics": {"wineries_count": 1377, "wines_count": 9037, "sub_regions_count": 15, "parent_regions_count": 0}}, "review_status": 2, "winery": {"id": 13643, "name": "Torre dei Beati", "seo_name": "torre-dei-beati", "status": 0, "review_status": "Completed", "background_image": null, "statistics": {"ratings_count": 9090, "ratings_average": 3.8, "labels_count": 36963, "wines_count": 7}, "region": {"id": 619, "name": "Abruzzo", "name_en": "", "seo_name": "abruzzo", "country": {"code": "it", "name": "Italien", "native_name": "Italia", "seo_name": "italy", "currency": {"code": "EUR", "name": "Euros", "prefix": "\u20ac", "suffix": null}, "regions_count": 555, "users_count": 3800165, "wines_count": 351993, "wineries_count": 41153, "most_used_grapes": [{"id": 16, "name": "Sangiovese", "seo_name": "sangiovese", "has_detailed_info": true, "wines_count": 123993}, {"id": 10, "name": "Merlot", "seo_name": "merlot", "has_detailed_info": true, "wines_count": 560926}, {"id": 5, "name": "Chardonnay", "seo_name": "chardonnay", "has_detailed_info": true, "wines_count": 597329}]}, "parent_id": null, "background_image": {"location": "//images.vivino.com/regions/backgrounds/ThCToxpXQBWpt4sbZRXwjw.jpg", "variations": {"large": "//thumbs.vivino.com/region_backgrounds/ThCToxpXQBWpt4sbZRXwjw_1280x760.jpg", "medium": "//thumbs.vivino.com/region_backgrounds/ThCToxpXQBWpt4sbZRXwjw_600x356.jpg"}}, "statistics": {"wineries_count": 1377, "wines_count": 9037, "sub_regions_count": 15, "parent_regions_count": 0}}, "business_name": "Azienda Agricola Torre dei Beati", "description": "", "specialists_notes": "", "phone": "0039 0854916069", "email": "", "facebook": "https://www.facebook.com/torre-dei-beati-308354379196453/", "instagram": "", "is_claimed": false, "twitter": "", "website": "http://www.torredeibeati.it", "winemaker": null, "wine_maker": null, "address": {"title": null, "name": null, "street": "c.da Poggioragone, 56 ", "street2": null, "neighborhood": null, "city": "Loreto Aprutino ", "zip": "65014", "state": null, "country": {"code": "it", "name": "Italien", "native_name": "Italia", "seo_name": "italy", "currency": {"code": "EUR", "name": "Euros", "prefix": "\u20ac", "suffix": null}, "regions_count": 555, "users_count": 3800165, "wines_count": 351993, "wineries_count": 41153, "most_used_grapes": [{"id": 16, "name": "Sangiovese", "seo_name": "sangiovese", "has_detailed_info": true, "wines_count": 123993}, {"id": 10, "name": "Merlot", "seo_name": "merlot", "has_detailed_info": true, "wines_count": 560926}, {"id": 5, "name": "Chardonnay", "seo_name": "chardonnay", "has_detailed_info": true, "wines_count": 597329}]}, "company": null, "phone": null, "external_id": null, "residential": null, "vat_number": null, "vat_code": null, "addition": null}, "image": null, "location": null, "winery_group": null, "first_wines": [], "sponsored_entity_type": null, "sponsored_entity": null}, "statistics": {"status": "Normal", "ratings_count": 2219, "ratings_average": 3.8, "labels_count": 7776, "vintages_count": 24}, "rank": {"country": {"description": "Rang von Italien", "total": 210247, "rank": 13315}, "region": {"description": "Rang von Weinregion", "total": 7493, "rank": 296}, "winery": {"description": "Rang vom Weingut", "total": 7, "rank": 4}, "wine_type": {"description": "Rang in allen Wei\u00dfwein", "total": 394072, "rank": 15383}, "global": {"description": "Weltweiter Rang", "total": 1287383, "rank": 66160}}, "hidden": false, "vintages": [{"id": 165677342, "seo_name": "torre-dei-beati-giocheremo-con-i-fiori-pecorino-2020", "name": "Torre dei Beati Giocheremo Con i Fiori Pecorino 2020", "statistics": {"status": "Normal", "ratings_count": 145, "ratings_average": 3.9, "labels_count": 612, "reviews_count": 68}, "year": 2020, "grapes": null, "has_valid_ratings": true}, {"id": 159713705, "seo_name": "torre-dei-beati-giocheremo-con-i-fiori-pecorino-2019", "name": "Torre dei Beati Giocheremo Con i Fiori Pecorino 2019", "statistics": {"status": "Normal", "ratings_count": 355, "ratings_average": 3.9, "labels_count": 1678, "reviews_count": 118}, "year": 2019, "grapes": null, "has_valid_ratings": true}, {"id": 158339974, "seo_name": "torre-dei-beati-giocheremo-con-i-fiori-pecorino-2018", "name": "Torre dei Beati Giocheremo Con i Fiori Pecorino 2018", "statistics": {"status": "Normal", "ratings_count": 294, "ratings_average": 3.8, "labels_count": 1068, "reviews_count": 94}, "year": 2018, "grapes": null, "has_valid_ratings": true}, {"id": 152271098, "seo_name": "torre-dei-beati-giocheremo-con-i-fiori-pecorino-2017", "name": "Torre dei Beati Giocheremo Con i Fiori Pecorino 2017", "statistics": {"status": "Normal", "ratings_count": 292, "ratings_average": 4, "labels_count": 1044, "reviews_count": 96}, "year": 2017, "grapes": null, "has_valid_ratings": true}, {"id": 142507495, "seo_name": "torre-dei-beati-giocheremo-con-i-fiori-pecorino-2016", "name": "Torre dei Beati Giocheremo Con i Fiori Pecorino 2016", "statistics": {"status": "Normal", "ratings_count": 296, "ratings_average": 3.8, "labels_count": 1090, "reviews_count": 95}, "year": 2016, "grapes": null, "has_valid_ratings": true}, {"id": 15135360, "seo_name": "torre-dei-beati-giocheremo-con-i-fiori-pecorino-2015", "name": "Torre dei Beati Giocheremo Con i Fiori Pecorino 2015", "statistics": {"status": "Normal", "ratings_count": 186, "ratings_average": 4, "labels_count": 640, "reviews_count": 47}, "year": 2015, "grapes": null, "has_valid_ratings": true}, {"id": 20154772, "seo_name": "torre-dei-beati-giocheremo-con-i-fiori-pecorino-2014", "name": "Torre dei Beati Giocheremo Con i Fiori Pecorino 2014", "statistics": {"status": "Normal", "ratings_count": 103, "ratings_average": 3.8, "labels_count": 299, "reviews_count": 36}, "year": 2014, "grapes": null, "has_valid_ratings": true}, {"id": 3445311, "seo_name": "torre-dei-beati-giocheremo-con-i-fiori-pecorino-2013", "name": "Torre dei Beati Giocheremo Con i Fiori Pecorino 2013", "statistics": {"status": "Normal", "ratings_count": 239, "ratings_average": 3.5, "labels_count": 698, "reviews_count": 88}, "year": 2013, "grapes": null, "has_valid_ratings": true}, {"id": 2257473, "seo_name": "torre-dei-beati-giocheremo-con-i-fiori-pecorino-2012", "name": "Torre dei Beati Giocheremo Con i Fiori Pecorino 2012", "statistics": {"status": "Normal", "ratings_count": 66, "ratings_average": 3.7, "labels_count": 174, "reviews_count": 21}, "year": 2012, "grapes": null, "has_valid_ratings": true}, {"id": 1449447, "seo_name": "torre-dei-beati-giocheremo-con-i-fiori-pecorino-2011", "name": "Torre dei Beati Giocheremo Con i Fiori Pecorino 2011", "statistics": {"status": "Normal", "ratings_count": 30, "ratings_average": 3.6, "labels_count": 64, "reviews_count": 8}, "year": 2011, "grapes": null, "has_valid_ratings": true}, {"id": 2022337, "seo_name": "torre-dei-beati-giocheremo-con-i-fiori-pecorino-2010", "name": "Torre dei Beati Giocheremo Con i Fiori Pecorino 2010", "statistics": {"status": "Normal", "ratings_count": 15, "ratings_average": 3.9, "labels_count": 80, "reviews_count": 2}, "year": 2010, "grapes": null, "has_valid_ratings": true}, {"id": 7277492, "seo_name": "torre-dei-beati-giocheremo-con-i-fiori-pecorino-2009", "name": "Torre dei Beati Giocheremo Con i Fiori Pecorino 2009", "statistics": {"status": "Normal", "ratings_count": 11, "ratings_average": 3.9, "labels_count": 49, "reviews_count": 4}, "year": 2009, "grapes": null, "has_valid_ratings": true}, {"id": 1334347, "seo_name": "torre-dei-beati-giocheremo-con-i-fiori-pecorino-2008", "name": "Torre dei Beati Giocheremo Con i Fiori Pecorino 2008", "statistics": {"status": "Normal", "ratings_count": 19, "ratings_average": 3.8, "labels_count": 103, "reviews_count": 8}, "year": 2008, "grapes": null, "has_valid_ratings": true}, {"id": 31367947, "seo_name": "torre-dei-beati-giocheremo-con-i-fiori-pecorino-2006", "name": "Torre dei Beati Giocheremo Con i Fiori Pecorino 2006", "statistics": {"status": "BelowThreshold", "ratings_count": 2, "ratings_average": 0, "labels_count": 12, "reviews_count": 2}, "year": 2006, "grapes": null, "has_valid_ratings": false}, {"id": 5054106, "seo_name": "torre-dei-beati-giocheremo-con-i-fiori-pecorino-2000", "name": "Torre dei Beati Giocheremo Con i Fiori Pecorino 2000", "statistics": {"status": "BelowThreshold", "ratings_count": 1, "ratings_average": 0, "labels_count": 2, "reviews_count": 0}, "year": 2000, "grapes": null, "has_valid_ratings": false}, {"id": 4110049, "seo_name": "torre-dei-beati-giocheremo-con-i-fiori-pecorino-1999", "name": "Torre dei Beati Giocheremo Con i Fiori Pecorino 1999", "statistics": {"status": "BelowThreshold", "ratings_count": 1, "ratings_average": 0, "labels_count": 2, "reviews_count": 1}, "year": 1999, "grapes": null, "has_valid_ratings": false}, {"id": 161325442, "seo_name": "torre-dei-beati-giocheremo-con-i-fiori-pecorino-1982", "name": "Torre dei Beati Giocheremo Con i Fiori Pecorino 1982", "statistics": {"status": "BelowThreshold", "ratings_count": 1, "ratings_average": 0, "labels_count": 1, "reviews_count": 1}, "year": 1982, "grapes": null, "has_valid_ratings": false}, {"id": 1469156, "seo_name": "torre-dei-beati-giocheremo-con-i-fiori-pecorino-uv", "name": "Torre dei Beati Giocheremo Con i Fiori Pecorino", "statistics": {"status": "Normal", "ratings_count": 2219, "ratings_average": 3.8, "labels_count": 138, "reviews_count": 46}, "year": 0, "grapes": null, "has_valid_ratings": true}], "description": "Bright dark straw. Musky aromas of yellow peach, pineapple and minty caramel. Then soft citrus flavors offer enticing sweetness. Finishes with a supple texture, moderate depth and grip and repeating minty pineapple notes.", "grapes": [{"id": 159, "name": "Pecorino", "seo_name": "pecorino", "has_detailed_info": false, "wines_count": 5451}], "foods": [{"id": 13, "name": "Schalentiere", "background_image": {"location": "//images.vivino.com/backgrounds/foods/13_shellfish.png", "variations": {"small": "//images.vivino.com/backgrounds/foods/thumbs/13_shellfish_932x810.png"}}, "seo_name": "shellfish"}, {"id": 19, "name": "Vegetarische Gerichte", "background_image": {"location": "//images.vivino.com/backgrounds/foods/19_vegetarian.png", "variations": {"small": "//images.vivino.com/backgrounds/foods/thumbs/19_vegetarian_932x810.png"}}, "seo_name": "vegetarian"}, {"id": 27, "name": "Vorspeisen und Snacks", "background_image": {"location": "//images.vivino.com/backgrounds/foods/27_appetizers-snacks.png", "variations": {"small": "//images.vivino.com/backgrounds/foods/thumbs/27_appetizers-snacks_932x810.png"}}, "seo_name": null}], "non_vintage": false, "alcohol": 0, "sweetness_id": 5, "closure": null, "vintage_mask_raw": null, "updated_at": "2021-03-10T14:53:19Z", "created_at": "2012-05-06T05:32:13Z", "is_first_wine": false, "style": {"id": 209, "seo_name": "southern-italy-white", "regional_name": "Southern Italy", "varietal_name": "White", "name": "S\u00fcditalien Wei\u00df", "image": null, "background_image": {"location": "//images.vivino.com/backgrounds/styles/GrrBdaJHRpuDtC5ltll5AQ.jpg", "variations": {"small": "//images.vivino.com/backgrounds/styles/thumbs/GrrBdaJHRpuDtC5ltll5AQ_932x810.jpg"}}, "description": "Italy is responsible for some of the finest wines in the world, and while Northern Italy receives the majority of the plaudits, there is some excellent wine emerging from the sparsely populated southern regions.\n\nFiano and Greco are the two big white varietals in Campania and Basilicata, while Sicily has become known for their Bianco d'Alcamo, a dry wine made from the Marsala grape.\n\nSouthern Italy's reputation has taken a beating in recent years as they have become known for producing bulk wine that they can't sell, and the reputation seems to endure despite some lovely wine coming from Sicily, Campania and Basilicata.\n\nFiano tends to be a wonderfully creamy white wine with lots of green apple skin and pear. Greco, arguably Campania's flagship white grape, is a lot crisper, and typically has an abundance of minerality, lemon notes and pear.\n\nThe white wine of Southern Italy pairs extremely well with the creamy regional cuisine, as well as with some freshly caught fish or shellfish.", "blurb": null, "interesting_facts": ["The Greco grape is thought to have been brought to Italy by the Greeks.", "Italy is currently the largest wine producing country in the world."], "body": 3, "body_description": "Mittlerer K\u00f6rper", "acidity": 3, "acidity_description": "Hoch", "country": {"code": "it", "name": "Italien", "native_name": "Italia", "seo_name": "italy", "currency": {"code": "EUR", "name": "Euros", "prefix": "\u20ac", "suffix": null}, "regions_count": 555, "users_count": 3800165, "wines_count": 351993, "wineries_count": 41153, "most_used_grapes": [{"id": 16, "name": "Sangiovese", "seo_name": "sangiovese", "has_detailed_info": true, "wines_count": 123993}, {"id": 10, "name": "Merlot", "seo_name": "merlot", "has_detailed_info": true, "wines_count": 560926}, {"id": 5, "name": "Chardonnay", "seo_name": "chardonnay", "has_detailed_info": true, "wines_count": 597329}]}, "wine_type_id": 2, "food": [{"id": 13, "name": "Shellfish", "background_image": {"location": "//images.vivino.com/backgrounds/foods/13_shellfish.png", "variations": {"small": "//images.vivino.com/backgrounds/foods/thumbs/13_shellfish_932x810.png"}}, "seo_name": "shellfish"}, {"id": 19, "name": "Vegetarian", "background_image": {"location": "//images.vivino.com/backgrounds/foods/19_vegetarian.png", "variations": {"small": "//images.vivino.com/backgrounds/foods/thumbs/19_vegetarian_932x810.png"}}, "seo_name": "vegetarian"}, {"id": 27, "name": "Appetizers and snacks", "background_image": {"location": "//images.vivino.com/backgrounds/foods/27_appetizers-snacks.png", "variations": {"small": "//images.vivino.com/backgrounds/foods/thumbs/27_appetizers-snacks_932x810.png"}}, "seo_name": null}], "grapes": [{"id": 39, "name": "Malvasia", "seo_name": "malvasia", "has_detailed_info": false, "wines_count": 31054}, {"id": 103, "name": "Fiano", "seo_name": "fiano", "has_detailed_info": false, "wines_count": 7418}, {"id": 184, "name": "Catarratto Bianco", "seo_name": "catarratto-bianco", "has_detailed_info": false, "wines_count": 4564}], "region": null}, "has_valid_ratings": true}, "description": "", "expert_reviews": null, "wine_critic_reviews": [], "awards": [], "ratings_distribution": {"1": 0, "2": 5, "3": 38, "4": 91, "5": 11}, "ranking": {"country": {"description": "Rang von Italien", "total": 1543866, "rank": 90563}, "region": {"description": "Rang von Weinregion", "total": 51068, "rank": 1920}, "winery": {"description": "Rang vom Weingut", "total": 114, "rank": 18}, "global": {"description": "Weltweiter Rang", "total": 8825177, "rank": 460368}}, "wine_facts": {"alcohol": 13.5}, "winemaker": null, "wine_maker": null, "grape_composition": {}, "year": 2020, "grapes": null, "has_valid_ratings": true}, "carts": null, "price_range": {"currency": {"code": "EUR", "name": "Euros", "prefix": "\u20ac", "suffix": null}, "price_range": {"minimum": 0, "maximum": 500, "currency_code": "EUR"}, "defaults": {"minimum": 7, "maximum": 30, "currency_code": "EUR"}}, "subtotal_price": null, "full_region": null, "tastes": null, "wine": {"id": 1224876, "name": "Giocheremo Con i Fiori Pecorino", "seo_name": "giocheremo-con-i-fiori-pecorino", "type_id": 2, "vintage_type": 0, "is_natural": true, "region": {"id": 619, "name": "Abruzzo", "name_en": "", "seo_name": "abruzzo", "country": {"code": "it", "name": "Italien", "native_name": "Italia", "seo_name": "italy", "currency": {"code": "EUR", "name": "Euros", "prefix": "\u20ac", "suffix": null}, "regions_count": 555, "users_count": 3800165, "wines_count": 351993, "wineries_count": 41153, "most_used_grapes": [{"id": 16, "name": "Sangiovese", "seo_name": "sangiovese", "has_detailed_info": true, "wines_count": 123993}, {"id": 10, "name": "Merlot", "seo_name": "merlot", "has_detailed_info": true, "wines_count": 560926}, {"id": 5, "name": "Chardonnay", "seo_name": "chardonnay", "has_detailed_info": true, "wines_count": 597329}]}, "parent_id": null, "background_image": {"location": "//images.vivino.com/regions/backgrounds/ThCToxpXQBWpt4sbZRXwjw.jpg", "variations": {"large": "//thumbs.vivino.com/region_backgrounds/ThCToxpXQBWpt4sbZRXwjw_1280x760.jpg", "medium": "//thumbs.vivino.com/region_backgrounds/ThCToxpXQBWpt4sbZRXwjw_600x356.jpg"}}, "statistics": {"wineries_count": 1377, "wines_count": 9037, "sub_regions_count": 15, "parent_regions_count": 0}}, "review_status": 2, "winery": {"id": 13643, "name": "Torre dei Beati", "seo_name": "torre-dei-beati", "status": 0, "review_status": "Completed", "background_image": null, "statistics": {"ratings_count": 9090, "ratings_average": 3.8, "labels_count": 36963, "wines_count": 7}, "region": {"id": 619, "name": "Abruzzo", "name_en": "", "seo_name": "abruzzo", "country": {"code": "it", "name": "Italien", "native_name": "Italia", "seo_name": "italy", "currency": {"code": "EUR", "name": "Euros", "prefix": "\u20ac", "suffix": null}, "regions_count": 555, "users_count": 3800165, "wines_count": 351993, "wineries_count": 41153, "most_used_grapes": [{"id": 16, "name": "Sangiovese", "seo_name": "sangiovese", "has_detailed_info": true, "wines_count": 123993}, {"id": 10, "name": "Merlot", "seo_name": "merlot", "has_detailed_info": true, "wines_count": 560926}, {"id": 5, "name": "Chardonnay", "seo_name": "chardonnay", "has_detailed_info": true, "wines_count": 597329}]}, "parent_id": null, "background_image": {"location": "//images.vivino.com/regions/backgrounds/ThCToxpXQBWpt4sbZRXwjw.jpg", "variations": {"large": "//thumbs.vivino.com/region_backgrounds/ThCToxpXQBWpt4sbZRXwjw_1280x760.jpg", "medium": "//thumbs.vivino.com/region_backgrounds/ThCToxpXQBWpt4sbZRXwjw_600x356.jpg"}}, "statistics": {"wineries_count": 1377, "wines_count": 9037, "sub_regions_count": 15, "parent_regions_count": 0}}, "business_name": "Azienda Agricola Torre dei Beati", "description": "", "specialists_notes": "", "phone": "0039 0854916069", "email": "", "facebook": "https://www.facebook.com/torre-dei-beati-308354379196453/", "instagram": "", "is_claimed": false, "twitter": "", "website": "http://www.torredeibeati.it", "winemaker": null, "wine_maker": null, "address": {"title": null, "name": null, "street": "c.da Poggioragone, 56 ", "street2": null, "neighborhood": null, "city": "Loreto Aprutino ", "zip": "65014", "state": null, "country": {"code": "it", "name": "Italien", "native_name": "Italia", "seo_name": "italy", "currency": {"code": "EUR", "name": "Euros", "prefix": "\u20ac", "suffix": null}, "regions_count": 555, "users_count": 3800165, "wines_count": 351993, "wineries_count": 41153, "most_used_grapes": [{"id": 16, "name": "Sangiovese", "seo_name": "sangiovese", "has_detailed_info": true, "wines_count": 123993}, {"id": 10, "name": "Merlot", "seo_name": "merlot", "has_detailed_info": true, "wines_count": 560926}, {"id": 5, "name": "Chardonnay", "seo_name": "chardonnay", "has_detailed_info": true, "wines_count": 597329}]}, "company": null, "phone": null, "external_id": null, "residential": null, "vat_number": null, "vat_code": null, "addition": null}, "image": null, "location": null, "winery_group": null, "first_wines": [], "sponsored_entity_type": null, "sponsored_entity": null}, "statistics": {"status": "Normal", "ratings_count": 2219, "ratings_average": 3.8, "labels_count": 7776, "vintages_count": 24}, "rank": {"country": {"description": "Rang von Italien", "total": 210247, "rank": 13315}, "region": {"description": "Rang von Weinregion", "total": 7493, "rank": 296}, "winery": {"description": "Rang vom Weingut", "total": 7, "rank": 4}, "wine_type": {"description": "Rang in allen Wei\u00dfwein", "total": 394072, "rank": 15383}, "global": {"description": "Weltweiter Rang", "total": 1287383, "rank": 66160}}, "hidden": false, "vintages": [{"id": 165677342, "seo_name": "torre-dei-beati-giocheremo-con-i-fiori-pecorino-2020", "name": "Torre dei Beati Giocheremo Con i Fiori Pecorino 2020", "statistics": {"status": "Normal", "ratings_count": 145, "ratings_average": 3.9, "labels_count": 612, "reviews_count": 68}, "year": 2020, "grapes": null, "has_valid_ratings": true}, {"id": 159713705, "seo_name": "torre-dei-beati-giocheremo-con-i-fiori-pecorino-2019", "name": "Torre dei Beati Giocheremo Con i Fiori Pecorino 2019", "statistics": {"status": "Normal", "ratings_count": 355, "ratings_average": 3.9, "labels_count": 1678, "reviews_count": 118}, "year": 2019, "grapes": null, "has_valid_ratings": true}, {"id": 158339974, "seo_name": "torre-dei-beati-giocheremo-con-i-fiori-pecorino-2018", "name": "Torre dei Beati Giocheremo Con i Fiori Pecorino 2018", "statistics": {"status": "Normal", "ratings_count": 294, "ratings_average": 3.8, "labels_count": 1068, "reviews_count": 94}, "year": 2018, "grapes": null, "has_valid_ratings": true}, {"id": 152271098, "seo_name": "torre-dei-beati-giocheremo-con-i-fiori-pecorino-2017", "name": "Torre dei Beati Giocheremo Con i Fiori Pecorino 2017", "statistics": {"status": "Normal", "ratings_count": 292, "ratings_average": 4, "labels_count": 1044, "reviews_count": 96}, "year": 2017, "grapes": null, "has_valid_ratings": true}, {"id": 142507495, "seo_name": "torre-dei-beati-giocheremo-con-i-fiori-pecorino-2016", "name": "Torre dei Beati Giocheremo Con i Fiori Pecorino 2016", "statistics": {"status": "Normal", "ratings_count": 296, "ratings_average": 3.8, "labels_count": 1090, "reviews_count": 95}, "year": 2016, "grapes": null, "has_valid_ratings": true}, {"id": 15135360, "seo_name": "torre-dei-beati-giocheremo-con-i-fiori-pecorino-2015", "name": "Torre dei Beati Giocheremo Con i Fiori Pecorino 2015", "statistics": {"status": "Normal", "ratings_count": 186, "ratings_average": 4, "labels_count": 640, "reviews_count": 47}, "year": 2015, "grapes": null, "has_valid_ratings": true}, {"id": 20154772, "seo_name": "torre-dei-beati-giocheremo-con-i-fiori-pecorino-2014", "name": "Torre dei Beati Giocheremo Con i Fiori Pecorino 2014", "statistics": {"status": "Normal", "ratings_count": 103, "ratings_average": 3.8, "labels_count": 299, "reviews_count": 36}, "year": 2014, "grapes": null, "has_valid_ratings": true}, {"id": 3445311, "seo_name": "torre-dei-beati-giocheremo-con-i-fiori-pecorino-2013", "name": "Torre dei Beati Giocheremo Con i Fiori Pecorino 2013", "statistics": {"status": "Normal", "ratings_count": 239, "ratings_average": 3.5, "labels_count": 698, "reviews_count": 88}, "year": 2013, "grapes": null, "has_valid_ratings": true}, {"id": 2257473, "seo_name": "torre-dei-beati-giocheremo-con-i-fiori-pecorino-2012", "name": "Torre dei Beati Giocheremo Con i Fiori Pecorino 2012", "statistics": {"status": "Normal", "ratings_count": 66, "ratings_average": 3.7, "labels_count": 174, "reviews_count": 21}, "year": 2012, "grapes": null, "has_valid_ratings": true}, {"id": 1449447, "seo_name": "torre-dei-beati-giocheremo-con-i-fiori-pecorino-2011", "name": "Torre dei Beati Giocheremo Con i Fiori Pecorino 2011", "statistics": {"status": "Normal", "ratings_count": 30, "ratings_average": 3.6, "labels_count": 64, "reviews_count": 8}, "year": 2011, "grapes": null, "has_valid_ratings": true}, {"id": 2022337, "seo_name": "torre-dei-beati-giocheremo-con-i-fiori-pecorino-2010", "name": "Torre dei Beati Giocheremo Con i Fiori Pecorino 2010", "statistics": {"status": "Normal", "ratings_count": 15, "ratings_average": 3.9, "labels_count": 80, "reviews_count": 2}, "year": 2010, "grapes": null, "has_valid_ratings": true}, {"id": 7277492, "seo_name": "torre-dei-beati-giocheremo-con-i-fiori-pecorino-2009", "name": "Torre dei Beati Giocheremo Con i Fiori Pecorino 2009", "statistics": {"status": "Normal", "ratings_count": 11, "ratings_average": 3.9, "labels_count": 49, "reviews_count": 4}, "year": 2009, "grapes": null, "has_valid_ratings": true}, {"id": 1334347, "seo_name": "torre-dei-beati-giocheremo-con-i-fiori-pecorino-2008", "name": "Torre dei Beati Giocheremo Con i Fiori Pecorino 2008", "statistics": {"status": "Normal", "ratings_count": 19, "ratings_average": 3.8, "labels_count": 103, "reviews_count": 8}, "year": 2008, "grapes": null, "has_valid_ratings": true}, {"id": 31367947, "seo_name": "torre-dei-beati-giocheremo-con-i-fiori-pecorino-2006", "name": "Torre dei Beati Giocheremo Con i Fiori Pecorino 2006", "statistics": {"status": "BelowThreshold", "ratings_count": 2, "ratings_average": 0, "labels_count": 12, "reviews_count": 2}, "year": 2006, "grapes": null, "has_valid_ratings": false}, {"id": 5054106, "seo_name": "torre-dei-beati-giocheremo-con-i-fiori-pecorino-2000", "name": "Torre dei Beati Giocheremo Con i Fiori Pecorino 2000", "statistics": {"status": "BelowThreshold", "ratings_count": 1, "ratings_average": 0, "labels_count": 2, "reviews_count": 0}, "year": 2000, "grapes": null, "has_valid_ratings": false}, {"id": 4110049, "seo_name": "torre-dei-beati-giocheremo-con-i-fiori-pecorino-1999", "name": "Torre dei Beati Giocheremo Con i Fiori Pecorino 1999", "statistics": {"status": "BelowThreshold", "ratings_count": 1, "ratings_average": 0, "labels_count": 2, "reviews_count": 1}, "year": 1999, "grapes": null, "has_valid_ratings": false}, {"id": 161325442, "seo_name": "torre-dei-beati-giocheremo-con-i-fiori-pecorino-1982", "name": "Torre dei Beati Giocheremo Con i Fiori Pecorino 1982", "statistics": {"status": "BelowThreshold", "ratings_count": 1, "ratings_average": 0, "labels_count": 1, "reviews_count": 1}, "year": 1982, "grapes": null, "has_valid_ratings": false}, {"id": 1469156, "seo_name": "torre-dei-beati-giocheremo-con-i-fiori-pecorino-uv", "name": "Torre dei Beati Giocheremo Con i Fiori Pecorino", "statistics": {"status": "Normal", "ratings_count": 2219, "ratings_average": 3.8, "labels_count": 138, "reviews_count": 46}, "year": 0, "grapes": null, "has_valid_ratings": true}], "description": "Bright dark straw. Musky aromas of yellow peach, pineapple and minty caramel. Then soft citrus flavors offer enticing sweetness. Finishes with a supple texture, moderate depth and grip and repeating minty pineapple notes.", "grapes": [{"id": 159, "name": "Pecorino", "seo_name": "pecorino", "has_detailed_info": false, "wines_count": 5451}], "foods": [{"id": 13, "name": "Schalentiere", "background_image": {"location": "//images.vivino.com/backgrounds/foods/13_shellfish.png", "variations": {"small": "//images.vivino.com/backgrounds/foods/thumbs/13_shellfish_932x810.png"}}, "seo_name": "shellfish"}, {"id": 19, "name": "Vegetarische Gerichte", "background_image": {"location": "//images.vivino.com/backgrounds/foods/19_vegetarian.png", "variations": {"small": "//images.vivino.com/backgrounds/foods/thumbs/19_vegetarian_932x810.png"}}, "seo_name": "vegetarian"}, {"id": 27, "name": "Vorspeisen und Snacks", "background_image": {"location": "//images.vivino.com/backgrounds/foods/27_appetizers-snacks.png", "variations": {"small": "//images.vivino.com/backgrounds/foods/thumbs/27_appetizers-snacks_932x810.png"}}, "seo_name": null}], "non_vintage": false, "alcohol": 0, "sweetness_id": 5, "closure": null, "vintage_mask_raw": null, "updated_at": "2021-03-10T14:53:19Z", "created_at": "2012-05-06T05:32:13Z", "is_first_wine": false, "style": {"id": 209, "seo_name": "southern-italy-white", "regional_name": "Southern Italy", "varietal_name": "White", "name": "S\u00fcditalien Wei\u00df", "image": null, "background_image": {"location": "//images.vivino.com/backgrounds/styles/GrrBdaJHRpuDtC5ltll5AQ.jpg", "variations": {"small": "//images.vivino.com/backgrounds/styles/thumbs/GrrBdaJHRpuDtC5ltll5AQ_932x810.jpg"}}, "description": "Italy is responsible for some of the finest wines in the world, and while Northern Italy receives the majority of the plaudits, there is some excellent wine emerging from the sparsely populated southern regions.\n\nFiano and Greco are the two big white varietals in Campania and Basilicata, while Sicily has become known for their Bianco d'Alcamo, a dry wine made from the Marsala grape.\n\nSouthern Italy's reputation has taken a beating in recent years as they have become known for producing bulk wine that they can't sell, and the reputation seems to endure despite some lovely wine coming from Sicily, Campania and Basilicata.\n\nFiano tends to be a wonderfully creamy white wine with lots of green apple skin and pear. Greco, arguably Campania's flagship white grape, is a lot crisper, and typically has an abundance of minerality, lemon notes and pear.\n\nThe white wine of Southern Italy pairs extremely well with the creamy regional cuisine, as well as with some freshly caught fish or shellfish.", "blurb": null, "interesting_facts": ["The Greco grape is thought to have been brought to Italy by the Greeks.", "Italy is currently the largest wine producing country in the world."], "body": 3, "body_description": "Mittlerer K\u00f6rper", "acidity": 3, "acidity_description": "Hoch", "country": {"code": "it", "name": "Italien", "native_name": "Italia", "seo_name": "italy", "currency": {"code": "EUR", "name": "Euros", "prefix": "\u20ac", "suffix": null}, "regions_count": 555, "users_count": 3800165, "wines_count": 351993, "wineries_count": 41153, "most_used_grapes": [{"id": 16, "name": "Sangiovese", "seo_name": "sangiovese", "has_detailed_info": true, "wines_count": 123993}, {"id": 10, "name": "Merlot", "seo_name": "merlot", "has_detailed_info": true, "wines_count": 560926}, {"id": 5, "name": "Chardonnay", "seo_name": "chardonnay", "has_detailed_info": true, "wines_count": 597329}]}, "wine_type_id": 2, "food": [{"id": 13, "name": "Shellfish", "background_image": {"location": "//images.vivino.com/backgrounds/foods/13_shellfish.png", "variations": {"small": "//images.vivino.com/backgrounds/foods/thumbs/13_shellfish_932x810.png"}}, "seo_name": "shellfish"}, {"id": 19, "name": "Vegetarian", "background_image": {"location": "//images.vivino.com/backgrounds/foods/19_vegetarian.png", "variations": {"small": "//images.vivino.com/backgrounds/foods/thumbs/19_vegetarian_932x810.png"}}, "seo_name": "vegetarian"}, {"id": 27, "name": "Appetizers and snacks", "background_image": {"location": "//images.vivino.com/backgrounds/foods/27_appetizers-snacks.png", "variations": {"small": "//images.vivino.com/backgrounds/foods/thumbs/27_appetizers-snacks_932x810.png"}}, "seo_name": null}], "grapes": [{"id": 39, "name": "Malvasia", "seo_name": "malvasia", "has_detailed_info": false, "wines_count": 31054}, {"id": 103, "name": "Fiano", "seo_name": "fiano", "has_detailed_info": false, "wines_count": 7418}, {"id": 184, "name": "Catarratto Bianco", "seo_name": "catarratto-bianco", "has_detailed_info": false, "wines_count": 4564}], "region": null}, "has_valid_ratings": true}, "price": {"id": 25022846, "vintage_id": 165677342, "amount": 10.9, "type": "vc", "currency": {"code": "EUR", "name": "Euros", "prefix": "\u20ac", "suffix": null}, "bottle_type_id": 1, "inventory_bottles_count": 148, "bottles_sold_count": 9, "url": "https://www.vino.com/de/dettaglio/abruzzo-doc-pecorino-giocheremo-con-i-fiori-torre-dei-beati-2020.html?st=de&utm_country=de&utm_medium=pref-cpc&utm_source=vivino-ppc&utm_term=beatigiocheremo2020", "message": "", "producer_address": "", "importer_address": "", "discounted_from": null, "bottle_type": {"id": 1, "name": "Flasche (0,75\u00a0l)", "short_name": "Flasche", "short_name_plural": "Flaschen", "volume_ml": 750}}, "highlights": [], "merchant": {"id": 31949, "name": "Vino.com - Germany", "seo_name": "vino75-germany", "legal_name": "3nd srl", "description": "Versandkostenfrei f\u00fcr Bestellungen ab \u20ac80", "country": {"code": "de", "name": "Deutschland", "native_name": "Deutschland", "seo_name": "germany", "currency": {"code": "EUR", "name": "Euros", "prefix": "\u20ac", "suffix": null}, "regions_count": 210, "users_count": 2117308, "wines_count": 197796, "wineries_count": 13493, "most_used_grapes": [{"id": 15, "name": "Riesling", "seo_name": "riesling", "has_detailed_info": true, "wines_count": 259925}, {"id": 299, "name": "Sp\u00e4tburgunder", "seo_name": "spatburgunder", "has_detailed_info": false, "wines_count": 49659}, {"id": 355, "name": "Weissburgunder", "seo_name": "weissburgunder", "has_detailed_info": false, "wines_count": 33123}]}, "state": null, "status": 3, "image": {"location": "//images.vivino.com/merchants/originals/p1gd0mgb0000v6d.png", "variations": {"large_square": "//images.vivino.com/merchants/thumbs/p1gd0mgb0000v6d_400x400.jpg", "medium_square": "//images.vivino.com/merchants/thumbs/p1gd0mgb0000v6d_320x320.jpg", "small_square": "//images.vivino.com/merchants/thumbs/p1gd0mgb0000v6d_160x160.jpg"}}, "shipping_estimate": "Lieferung voraussichtlich zwischen Di, 21.\u00a0Dez und Mo, 27.\u00a0Dez", "impressum_url": "https://www.vino.com/de/content/condizioni-uso", "tos_url": "https://www.vino.com/de/content/condizioni-uso", "vc_clearing_system": 0, "hidden": false}, "sold_out": false, "prices_and_availability": {"market": {"country": "de", "currency": {"code": "EUR", "name": "Euros", "prefix": "\u20ac", "suffix": null}}, "availability": {"vintage": {"id": 165677342, "year": 2020, "grapes": null, "has_valid_ratings": false}, "median": {"amount": 12.1, "type": "market", "discounted_from": null}, "price": {"id": 25022846, "amount": 10.9, "discounted_from": 0.0, "type": "vc"}}, "merchants_with_prices": [{"merchant": {"id": 31949, "name": "Vino.com - Germany", "seo_name": "vino75-germany", "legal_name": "3nd srl", "description": "Versandkostenfrei f\u00fcr Bestellungen ab \u20ac80", "country": {"code": "de", "name": "Deutschland", "native_name": "Deutschland", "seo_name": "germany", "currency": {"code": "EUR", "name": "Euros", "prefix": "\u20ac", "suffix": null}, "regions_count": 210, "users_count": 2117308, "wines_count": 197796, "wineries_count": 13493, "most_used_grapes": [{"id": 15, "name": "Riesling", "seo_name": "riesling", "has_detailed_info": true, "wines_count": 259925}, {"id": 299, "name": "Sp\u00e4tburgunder", "seo_name": "spatburgunder", "has_detailed_info": false, "wines_count": 49659}, {"id": 355, "name": "Weissburgunder", "seo_name": "weissburgunder", "has_detailed_info": false, "wines_count": 33123}]}, "state": null, "status": 3, "image": {"location": "//images.vivino.com/merchants/originals/p1gd0mgb0000v6d.png", "variations": {"large_square": "//images.vivino.com/merchants/thumbs/p1gd0mgb0000v6d_400x400.jpg", "medium_square": "//images.vivino.com/merchants/thumbs/p1gd0mgb0000v6d_320x320.jpg", "small_square": "//images.vivino.com/merchants/thumbs/p1gd0mgb0000v6d_160x160.jpg"}}, "shipping_estimate": "Lieferung voraussichtlich zwischen Di, 21.\u00a0Dez und Mo, 27.\u00a0Dez", "impressum_url": "https://www.vino.com/de/content/condizioni-uso", "tos_url": "https://www.vino.com/de/content/condizioni-uso", "vc_clearing_system": 0, "hidden": false}, "prices": [{"id": 25022846, "vintage_id": 165677342, "amount": 10.9, "type": "vc", "currency": {"code": "EUR", "name": "Euros", "prefix": "\u20ac", "suffix": null}, "bottle_type_id": 1, "inventory_bottles_count": 148, "bottles_sold_count": 9, "url": "https://www.vino.com/de/dettaglio/abruzzo-doc-pecorino-giocheremo-con-i-fiori-torre-dei-beati-2020.html?st=de&utm_country=de&utm_medium=pref-cpc&utm_source=vivino-ppc&utm_term=beatigiocheremo2020", "message": "", "producer_address": "", "importer_address": "", "discounted_from": null, "bottle_type": {"id": 1, "name": "Flasche (0,75\u00a0l)", "short_name": "Flasche", "short_name_plural": "Flaschen", "volume_ml": 750}}]}, {"merchant": {"id": 22146, "name": "Weinober.de", "seo_name": "weinober-de", "legal_name": null, "description": "Mobile-friendly checkout. No minimum order.", "country": {"code": "de", "name": "Deutschland", "native_name": "Deutschland", "seo_name": "germany", "currency": {"code": "EUR", "name": "Euros", "prefix": "\u20ac", "suffix": null}, "regions_count": 210, "users_count": 2117308, "wines_count": 197796, "wineries_count": 13493, "most_used_grapes": [{"id": 15, "name": "Riesling", "seo_name": "riesling", "has_detailed_info": true, "wines_count": 259925}, {"id": 299, "name": "Sp\u00e4tburgunder", "seo_name": "spatburgunder", "has_detailed_info": false, "wines_count": 49659}, {"id": 355, "name": "Weissburgunder", "seo_name": "weissburgunder", "has_detailed_info": false, "wines_count": 33123}]}, "state": null, "status": 0, "image": null, "shipping_estimate": "Lieferung bis Mi, 22.\u00a0Dez", "impressum_url": null, "tos_url": null, "vc_clearing_system": 0, "hidden": false}, "prices": [{"id": 25281983, "vintage_id": 165677342, "amount": 13.3, "type": "ppc", "currency": {"code": "EUR", "name": "Euros", "prefix": "\u20ac", "suffix": null}, "bottle_type_id": 1, "inventory_bottles_count": null, "url": "https://www.weinober.de/torre-dei-beati-pecorino-dabruzzo-doc-giocheremo-con-i-fiori-2020-bio?utm_medium=pref-cpc&utm_source=vivino-ppc", "message": "", "producer_address": "", "importer_address": "", "discounted_from": null, "bottle_type": {"id": 1, "name": "Flasche (0,75\u00a0l)", "short_name": "Flasche", "short_name_plural": "Flaschen", "volume_ml": 750}}]}]}, "found_by_merchant_and_sku": null, "is_deal_page": false}