{"tastes": {"structure": {"acidity": 4.280058, "fizziness": null, "intensity": 1.4097701, "sweetness": 1.5005747, "tannin": 2.295115, "user_structure_count": 5, "calculated_structure_count": 7}, "flavor": [{"group": "earth", "stats": {"count": 5, "score": 691, "mentions_count": 9}, "primary_keywords": [{"id": 284, "name": "mushroom", "count": 3}, {"id": 165, "name": "forest floor", "count": 3}, {"id": 384, "name": "smoke", "count": 2}, {"id": 431, "name": "underbrush", "count": 1}], "secondary_keywords": [{"id": 381, "name": "savory", "count": 1}]}, {"group": "red_fruit", "stats": {"count": 4, "score": 500, "mentions_count": 5}, "primary_keywords": [{"id": 93, "name": "cherry", "count": 2}, {"id": 348, "name": "raspberry", "count": 1}, {"id": 400, "name": "strawberry", "count": 1}, {"id": 336, "name": "pomegranate", "count": 1}]}, {"group": "black_fruit", "stats": {"count": 3, "score": 400, "mentions_count": 4}, "primary_keywords": [{"id": 56, "name": "boysenberry", "count": 2}, {"id": 49, "name": "blackberry", "count": 2}]}, {"group": "spices", "stats": {"count": 3, "score": 225, "mentions_count": 3}, "primary_keywords": [{"id": 249, "name": "licorice", "count": 2}, {"id": 381, "name": "savory", "count": 1}]}, {"group": "microbio", "stats": {"count": 3, "score": 150, "mentions_count": 0}, "secondary_keywords": [{"id": 284, "name": "mushroom", "count": 3}]}, {"group": "non_oak", "stats": {"count": 2, "score": 14, "mentions_count": 0}, "secondary_keywords": [{"id": 384, "name": "smoke", "count": 2}]}, {"group": "oak", "stats": {"count": 2, "score": 70, "mentions_count": 0}, "secondary_keywords": [{"id": 384, "name": "smoke", "count": 2}]}, {"group": "floral", "stats": {"count": 1, "score": 25, "mentions_count": 0}, "secondary_keywords": [{"id": 381, "name": "savory", "count": 1}]}, {"group": "vegetal", "stats": {"count": 1, "score": 25, "mentions_count": 0}, "secondary_keywords": [{"id": 381, "name": "savory", "count": 1}]}]}, "vivino_id": "3226459"}