{"vintage": {"id": 168538598, "seo_name": "kloster-eberbach-pinot-noir-edition-s-uv", "name": "Kloster Eberbach Pinot Noir Edition S", "statistics": {"status": "Normal", "ratings_count": 41, "ratings_average": 3.6, "labels_count": 0, "reviews_count": 0}, "organic_certification_id": null, "certified_biodynamic": null, "image": {"location": "//images.vivino.com/labels/URc9T0wtSU2g4owHaEjpEQ.jpg", "variations": {"large": "//images.vivino.com/thumbs/URc9T0wtSU2g4owHaEjpEQ_375x500.jpg", "medium": "//images.vivino.com/thumbs/URc9T0wtSU2g4owHaEjpEQ_150x200.jpg", "medium_square": "//images.vivino.com/thumbs/URc9T0wtSU2g4owHaEjpEQ_150x150.jpg", "small_square": "//images.vivino.com/thumbs/URc9T0wtSU2g4owHaEjpEQ_80x80.jpg"}}, "wine": {"id": 9716518, "name": "Pinot Noir Edition S", "seo_name": "pinot-noir-edition-s", "type_id": 1, "vintage_type": 0, "is_natural": false, "region": {"id": 479, "name": "Rheingau", "name_en": "", "seo_name": "rheingau", "country": {"code": "de", "name": "Germany", "native_name": "Deutschland", "seo_name": "germany", "currency": {"code": "EUR", "name": "Euros", "prefix": "\u20ac", "suffix": null}, "regions_count": 210, "users_count": 2175366, "wines_count": 199914, "wineries_count": 13512, "most_used_grapes": [{"id": 15, "name": "Riesling", "seo_name": "riesling", "has_detailed_info": true, "wines_count": 262136}, {"id": 299, "name": "Sp\u00e4tburgunder", "seo_name": "spatburgunder", "has_detailed_info": false, "wines_count": 50164}, {"id": 355, "name": "Weissburgunder", "seo_name": "weissburgunder", "has_detailed_info": false, "wines_count": 33464}]}, "parent_id": null, "background_image": {"location": "//images.vivino.com/regions/backgrounds/2W6syZygQH-VRyXDOFe9Pw.jpg", "variations": {"large": "//thumbs.vivino.com/region_backgrounds/2W6syZygQH-VRyXDOFe9Pw_1280x760.jpg", "medium": "//thumbs.vivino.com/region_backgrounds/2W6syZygQH-VRyXDOFe9Pw_600x356.jpg"}}, "class": {"typecast_map": {"background_image": {}, "class": {}}}, "statistics": {"wineries_count": 791, "wines_count": 8587, "sub_regions_count": 18, "parent_regions_count": 0}}, "review_status": 2, "winery": {"id": 3711, "name": "Kloster Eberbach", "seo_name": "kloster-eberbach", "status": 0, "review_status": "Completed", "background_image": null, "statistics": {"ratings_count": 41076, "ratings_average": 3.8, "labels_count": 203758, "wines_count": 276}, "region": {"id": 479, "name": "Rheingau", "name_en": "", "seo_name": "rheingau", "country": {"code": "de", "name": "Germany", "native_name": "Deutschland", "seo_name": "germany", "currency": {"code": "EUR", "name": "Euros", "prefix": "\u20ac", "suffix": null}, "regions_count": 210, "users_count": 2175366, "wines_count": 199914, "wineries_count": 13512, "most_used_grapes": [{"id": 15, "name": "Riesling", "seo_name": "riesling", "has_detailed_info": true, "wines_count": 262136}, {"id": 299, "name": "Sp\u00e4tburgunder", "seo_name": "spatburgunder", "has_detailed_info": false, "wines_count": 50164}, {"id": 355, "name": "Weissburgunder", "seo_name": "weissburgunder", "has_detailed_info": false, "wines_count": 33464}]}, "parent_id": null, "background_image": {"location": "//images.vivino.com/regions/backgrounds/2W6syZygQH-VRyXDOFe9Pw.jpg", "variations": {"large": "//thumbs.vivino.com/region_backgrounds/2W6syZygQH-VRyXDOFe9Pw_1280x760.jpg", "medium": "//thumbs.vivino.com/region_backgrounds/2W6syZygQH-VRyXDOFe9Pw_600x356.jpg"}}, "class": {"typecast_map": {"background_image": {}, "class": {}}}, "statistics": {"wineries_count": 791, "wines_count": 8587, "sub_regions_count": 18, "parent_regions_count": 0}}, "business_name": "Kloster Eberbach - Verwaltung der Staatsweing\u00fcter Eltville", "description": "", "specialists_notes": "", "phone": " +49 (0)6723 6046-0", "email": "", "facebook": "https://www.facebook.com/klostereberbach", "instagram": "", "is_claimed": false, "twitter": "@klostereberbach", "website": "http://www.weingut-kloster-eberbach.de", "winemaker": null, "wine_maker": null, "address": {"title": null, "name": null, "street": "Kloster Eberbach ", "street2": null, "neighborhood": null, "city": "Eltville in the Rheingau", "zip": "D-65346", "state": null, "country": {"code": "de", "name": "Germany", "native_name": "Deutschland", "seo_name": "germany", "currency": {"code": "EUR", "name": "Euros", "prefix": "\u20ac", "suffix": null}, "regions_count": 210, "users_count": 2175366, "wines_count": 199914, "wineries_count": 13512, "most_used_grapes": [{"id": 15, "name": "Riesling", "seo_name": "riesling", "has_detailed_info": true, "wines_count": 262136}, {"id": 299, "name": "Sp\u00e4tburgunder", "seo_name": "spatburgunder", "has_detailed_info": false, "wines_count": 50164}, {"id": 355, "name": "Weissburgunder", "seo_name": "weissburgunder", "has_detailed_info": false, "wines_count": 33464}]}, "company": null, "phone": null, "external_id": null, "residential": null, "vat_number": null, "vat_code": null, "addition": null}, "image": null, "location": {"latitude": 50.084103, "longitude": 8.235879}, "winery_group": null, "first_wines": [], "sponsored_entity_type": null, "sponsored_entity": null}, "statistics": {"status": "Normal", "ratings_count": 41, "ratings_average": 3.6, "labels_count": 261, "vintages_count": 5}, "rank": {"country": {"description": "Rank within Germany", "total": 117619, "rank": 21087}, "region": {"description": "Rank within Wine Region", "total": 7625, "rank": 1991}, "winery": {"description": "Rank within Winery", "total": 263, "rank": 137}, "wine_type": {"description": "Rank within all Red Wine", "total": 659126, "rank": 250593}, "global": {"description": "Global Rank", "total": 1302037, "rank": 452382}}, "hidden": false, "vintages": [{"id": 168538599, "seo_name": "kloster-eberbach-pinot-noir-edition-s-2018", "name": "Kloster Eberbach Pinot Noir Edition S 2018", "statistics": {"status": "Normal", "ratings_count": 40, "ratings_average": 3.6, "labels_count": 259, "reviews_count": 16}, "year": 2018, "grapes": null, "has_valid_ratings": true}, {"id": 168807079, "seo_name": "kloster-eberbach-pinot-noir-edition-s-2017", "name": "Kloster Eberbach Pinot Noir Edition S 2017", "statistics": {"status": "BelowThreshold", "ratings_count": 1, "ratings_average": 0, "labels_count": 0, "reviews_count": 1}, "year": 2017, "grapes": null, "has_valid_ratings": false}, {"id": 168538598, "seo_name": "kloster-eberbach-pinot-noir-edition-s-uv", "name": "Kloster Eberbach Pinot Noir Edition S", "statistics": {"status": "Normal", "ratings_count": 41, "ratings_average": 3.6, "labels_count": 0, "reviews_count": 0}, "year": 0, "grapes": null, "has_valid_ratings": true}], "description": "", "grapes": [{"id": 14, "name": "Pinot Noir", "seo_name": "pinot-noir", "has_detailed_info": true, "wines_count": 572334}], "foods": [{"id": 4, "name": "Beef", "background_image": {"location": "//images.vivino.com/backgrounds/foods/4_beef.png", "variations": {"small": "//images.vivino.com/backgrounds/foods/thumbs/4_beef_932x810.png"}}, "seo_name": "beef"}, {"id": 9, "name": "Veal", "background_image": {"location": "//images.vivino.com/backgrounds/foods/9_veal.png", "variations": {"small": "//images.vivino.com/backgrounds/foods/thumbs/9_veal_932x810.png"}}, "seo_name": "veal"}, {"id": 11, "name": "Game (deer, venison)", "background_image": {"location": "//images.vivino.com/backgrounds/foods/11_venison.png", "variations": {"small": "//images.vivino.com/backgrounds/foods/thumbs/11_venison_932x810.png"}}, "seo_name": "game"}, {"id": 20, "name": "Poultry", "background_image": {"location": "//images.vivino.com/backgrounds/foods/20_chicken.png", "variations": {"small": "//images.vivino.com/backgrounds/foods/thumbs/20_chicken_932x810.png"}}, "seo_name": "poultry"}], "non_vintage": false, "alcohol": 12.5, "sweetness_id": null, "closure": null, "vintage_mask_raw": null, "updated_at": "2021-06-22T15:54:59Z", "created_at": "2021-06-15T08:02:13Z", "is_first_wine": false, "style": {"id": 160, "seo_name": "german-spatburgunder", "regional_name": "German", "varietal_name": "Sp\u00e4tburgunder", "name": "German Sp\u00e4tburgunder", "image": null, "background_image": null, "description": null, "blurb": "Also known as Pinot Noir", "interesting_facts": null, "body": 4, "body_description": "Full-bodied", "acidity": 3, "acidity_description": "High", "country": {"code": "de", "name": "Germany", "native_name": "Deutschland", "seo_name": "germany", "currency": {"code": "EUR", "name": "Euros", "prefix": "\u20ac", "suffix": null}, "regions_count": 210, "users_count": 2175366, "wines_count": 199914, "wineries_count": 13512, "most_used_grapes": [{"id": 15, "name": "Riesling", "seo_name": "riesling", "has_detailed_info": true, "wines_count": 262136}, {"id": 299, "name": "Sp\u00e4tburgunder", "seo_name": "spatburgunder", "has_detailed_info": false, "wines_count": 50164}, {"id": 355, "name": "Weissburgunder", "seo_name": "weissburgunder", "has_detailed_info": false, "wines_count": 33464}]}, "wine_type_id": 1, "food": [{"id": 4, "name": "Beef", "background_image": {"location": "//images.vivino.com/backgrounds/foods/4_beef.png", "variations": {"small": "//images.vivino.com/backgrounds/foods/thumbs/4_beef_932x810.png"}}, "seo_name": "beef"}, {"id": 9, "name": "Veal", "background_image": {"location": "//images.vivino.com/backgrounds/foods/9_veal.png", "variations": {"small": "//images.vivino.com/backgrounds/foods/thumbs/9_veal_932x810.png"}}, "seo_name": "veal"}, {"id": 11, "name": "Game (deer, venison)", "background_image": {"location": "//images.vivino.com/backgrounds/foods/11_venison.png", "variations": {"small": "//images.vivino.com/backgrounds/foods/thumbs/11_venison_932x810.png"}}, "seo_name": "game"}, {"id": 20, "name": "Poultry", "background_image": {"location": "//images.vivino.com/backgrounds/foods/20_chicken.png", "variations": {"small": "//images.vivino.com/backgrounds/foods/thumbs/20_chicken_932x810.png"}}, "seo_name": "poultry"}], "grapes": [{"id": 14, "name": "Pinot Noir", "seo_name": "pinot-noir", "has_detailed_info": true, "wines_count": 572334}], "region": null}, "has_valid_ratings": true}, "description": "", "wine_critic_reviews": [], "awards": [], "ratings_distribution": {"1": 0, "2": 2, "3": 22, "4": 16, "5": 1}, "ranking": {"country": {"description": "Rank within Germany", "total": 614813, "rank": 88108}, "region": {"description": "Rank within Wine Region", "total": 46930, "rank": 8708}, "winery": {"description": "Rank within Winery", "total": 2515, "rank": 606}, "global": {"description": "Global Rank", "total": 8944628, "rank": 2185083}}, "wine_facts": {}, "winemaker": null, "wine_maker": null, "grape_composition": {}, "year": "", "grapes": null, "has_valid_ratings": true}, "carts": null, "full_region": null, "tastes": null, "wine": {"id": 9716518, "name": "Pinot Noir Edition S", "seo_name": "pinot-noir-edition-s", "type_id": 1, "vintage_type": 0, "is_natural": false, "region": {"id": 479, "name": "Rheingau", "name_en": "", "seo_name": "rheingau", "country": {"code": "de", "name": "Germany", "native_name": "Deutschland", "seo_name": "germany", "currency": {"code": "EUR", "name": "Euros", "prefix": "\u20ac", "suffix": null}, "regions_count": 210, "users_count": 2175366, "wines_count": 199914, "wineries_count": 13512, "most_used_grapes": [{"id": 15, "name": "Riesling", "seo_name": "riesling", "has_detailed_info": true, "wines_count": 262136}, {"id": 299, "name": "Sp\u00e4tburgunder", "seo_name": "spatburgunder", "has_detailed_info": false, "wines_count": 50164}, {"id": 355, "name": "Weissburgunder", "seo_name": "weissburgunder", "has_detailed_info": false, "wines_count": 33464}]}, "parent_id": null, "background_image": {"location": "//images.vivino.com/regions/backgrounds/2W6syZygQH-VRyXDOFe9Pw.jpg", "variations": {"large": "//thumbs.vivino.com/region_backgrounds/2W6syZygQH-VRyXDOFe9Pw_1280x760.jpg", "medium": "//thumbs.vivino.com/region_backgrounds/2W6syZygQH-VRyXDOFe9Pw_600x356.jpg"}}, "class": {"typecast_map": {"background_image": {}, "class": {}}}, "statistics": {"wineries_count": 791, "wines_count": 8587, "sub_regions_count": 18, "parent_regions_count": 0}}, "review_status": 2, "winery": {"id": 3711, "name": "Kloster Eberbach", "seo_name": "kloster-eberbach", "status": 0, "review_status": "Completed", "background_image": null, "statistics": {"ratings_count": 41076, "ratings_average": 3.8, "labels_count": 203758, "wines_count": 276}, "region": {"id": 479, "name": "Rheingau", "name_en": "", "seo_name": "rheingau", "country": {"code": "de", "name": "Germany", "native_name": "Deutschland", "seo_name": "germany", "currency": {"code": "EUR", "name": "Euros", "prefix": "\u20ac", "suffix": null}, "regions_count": 210, "users_count": 2175366, "wines_count": 199914, "wineries_count": 13512, "most_used_grapes": [{"id": 15, "name": "Riesling", "seo_name": "riesling", "has_detailed_info": true, "wines_count": 262136}, {"id": 299, "name": "Sp\u00e4tburgunder", "seo_name": "spatburgunder", "has_detailed_info": false, "wines_count": 50164}, {"id": 355, "name": "Weissburgunder", "seo_name": "weissburgunder", "has_detailed_info": false, "wines_count": 33464}]}, "parent_id": null, "background_image": {"location": "//images.vivino.com/regions/backgrounds/2W6syZygQH-VRyXDOFe9Pw.jpg", "variations": {"large": "//thumbs.vivino.com/region_backgrounds/2W6syZygQH-VRyXDOFe9Pw_1280x760.jpg", "medium": "//thumbs.vivino.com/region_backgrounds/2W6syZygQH-VRyXDOFe9Pw_600x356.jpg"}}, "class": {"typecast_map": {"background_image": {}, "class": {}}}, "statistics": {"wineries_count": 791, "wines_count": 8587, "sub_regions_count": 18, "parent_regions_count": 0}}}, "image": {"location": "//images.vivino.com/labels/URc9T0wtSU2g4owHaEjpEQ.jpg", "variations": {"large": "//images.vivino.com/thumbs/URc9T0wtSU2g4owHaEjpEQ_375x500.jpg", "medium": "//images.vivino.com/thumbs/URc9T0wtSU2g4owHaEjpEQ_150x200.jpg", "medium_square": "//images.vivino.com/thumbs/URc9T0wtSU2g4owHaEjpEQ_150x150.jpg", "small_square": "//images.vivino.com/thumbs/URc9T0wtSU2g4owHaEjpEQ_80x80.jpg"}}, "statistics": {"status": "Normal", "ratings_count": 41, "ratings_average": 3.6, "labels_count": 261, "vintages_count": 5}, "rank": null, "hidden": false, "vintages": [{"id": 169838682, "seo_name": "kloster-eberbach-pinot-noir-edition-s-2020", "name": "Kloster Eberbach Pinot Noir Edition S 2020", "statistics": {"status": "BelowThreshold", "ratings_count": 0, "ratings_average": 0, "labels_count": 1, "reviews_count": 0}, "year": 2020, "grapes": null, "has_valid_ratings": false}, {"id": 168538599, "seo_name": "kloster-eberbach-pinot-noir-edition-s-2018", "name": "Kloster Eberbach Pinot Noir Edition S 2018", "statistics": {"status": "Normal", "ratings_count": 40, "ratings_average": 3.6, "labels_count": 259, "reviews_count": 16}, "year": 2018, "grapes": null, "has_valid_ratings": true}, {"id": 168807079, "seo_name": "kloster-eberbach-pinot-noir-edition-s-2017", "name": "Kloster Eberbach Pinot Noir Edition S 2017", "statistics": {"status": "BelowThreshold", "ratings_count": 1, "ratings_average": 0, "labels_count": 0, "reviews_count": 1}, "year": 2017, "grapes": null, "has_valid_ratings": false}, {"id": 170670296, "seo_name": "kloster-eberbach-pinot-noir-edition-s-2005", "name": "Kloster Eberbach Pinot Noir Edition S 2005", "statistics": {"status": "BelowThreshold", "ratings_count": 0, "ratings_average": 0, "labels_count": 1, "reviews_count": 0}, "year": 2005, "grapes": null, "has_valid_ratings": false}, {"id": 168538598, "seo_name": "kloster-eberbach-pinot-noir-edition-s-uv", "name": "Kloster Eberbach Pinot Noir Edition S", "statistics": {"status": "Normal", "ratings_count": 41, "ratings_average": 3.6, "labels_count": 0, "reviews_count": 0}, "year": 0, "grapes": null, "has_valid_ratings": true}], "description": "", "grapes": [{"id": 14, "name": "Pinot Noir", "seo_name": "pinot-noir", "has_detailed_info": true, "wines_count": 572334}], "foods": [{"id": 4, "name": "Beef", "background_image": {"location": "//images.vivino.com/backgrounds/foods/4_beef.png", "variations": {"small": "//images.vivino.com/backgrounds/foods/thumbs/4_beef_932x810.png"}}, "seo_name": "beef"}, {"id": 9, "name": "Veal", "background_image": {"location": "//images.vivino.com/backgrounds/foods/9_veal.png", "variations": {"small": "//images.vivino.com/backgrounds/foods/thumbs/9_veal_932x810.png"}}, "seo_name": "veal"}, {"id": 11, "name": "Game (deer, venison)", "background_image": {"location": "//images.vivino.com/backgrounds/foods/11_venison.png", "variations": {"small": "//images.vivino.com/backgrounds/foods/thumbs/11_venison_932x810.png"}}, "seo_name": "game"}, {"id": 20, "name": "Poultry", "background_image": {"location": "//images.vivino.com/backgrounds/foods/20_chicken.png", "variations": {"small": "//images.vivino.com/backgrounds/foods/thumbs/20_chicken_932x810.png"}}, "seo_name": "poultry"}], "non_vintage": false, "alcohol": 12.5, "sweetness_id": null, "closure": null, "vintage_mask_raw": null, "updated_at": "2021-06-22T15:54:59Z", "created_at": "2021-06-15T08:02:13Z", "is_first_wine": false, "style": {"id": 160, "seo_name": "german-spatburgunder", "regional_name": "German", "varietal_name": "Sp\u00e4tburgunder", "name": "German Sp\u00e4tburgunder", "image": null, "background_image": null, "description": null, "blurb": "Also known as Pinot Noir", "interesting_facts": null, "body": 4, "body_description": "Full-bodied", "acidity": 3, "acidity_description": "High", "country": {"code": "de", "name": "Germany", "native_name": "Deutschland", "seo_name": "germany", "currency": {"code": "EUR", "name": "Euros", "prefix": "\u20ac", "suffix": null}, "regions_count": 210, "users_count": 2175366, "wines_count": 199914, "wineries_count": 13512, "most_used_grapes": [{"id": 15, "name": "Riesling", "seo_name": "riesling", "has_detailed_info": true, "wines_count": 262136}, {"id": 299, "name": "Sp\u00e4tburgunder", "seo_name": "spatburgunder", "has_detailed_info": false, "wines_count": 50164}, {"id": 355, "name": "Weissburgunder", "seo_name": "weissburgunder", "has_detailed_info": false, "wines_count": 33464}]}, "wine_type_id": 1, "food": [{"id": 4, "name": "Beef", "background_image": {"location": "//images.vivino.com/backgrounds/foods/4_beef.png", "variations": {"small": "//images.vivino.com/backgrounds/foods/thumbs/4_beef_932x810.png"}}, "seo_name": "beef"}, {"id": 9, "name": "Veal", "background_image": {"location": "//images.vivino.com/backgrounds/foods/9_veal.png", "variations": {"small": "//images.vivino.com/backgrounds/foods/thumbs/9_veal_932x810.png"}}, "seo_name": "veal"}, {"id": 11, "name": "Game (deer, venison)", "background_image": {"location": "//images.vivino.com/backgrounds/foods/11_venison.png", "variations": {"small": "//images.vivino.com/backgrounds/foods/thumbs/11_venison_932x810.png"}}, "seo_name": "game"}, {"id": 20, "name": "Poultry", "background_image": {"location": "//images.vivino.com/backgrounds/foods/20_chicken.png", "variations": {"small": "//images.vivino.com/backgrounds/foods/thumbs/20_chicken_932x810.png"}}, "seo_name": "poultry"}], "grapes": [{"id": 14, "name": "Pinot Noir", "seo_name": "pinot-noir", "has_detailed_info": true, "wines_count": 572334}], "region": null}, "has_valid_ratings": true}, "highlights": [{"vintage_id": 168538599, "highlight_type": "best_user_rated", "message": "This vintage rates better than any other year for this wine", "icon": "https://images.vivino.com/highlights/icon/best_user_rated.svg", "metadata": {"price": null, "wine_id": 9716518, "toplist": null, "ws_award": null, "critic_review_id": null, "ratings_average": 3.6, "ratings_count": 40, "vintage_year": "2018", "rank_type": null, "ranks": {"country": {"description": "Rank within Germany", "total": 614813, "rank": 87281}, "region": {"description": "Rank within Wine Region", "total": 46930, "rank": 8656}, "winery": {"description": "Rank within Winery", "total": 2515, "rank": 601}, "global": {"description": "Global Rank", "total": 8944628, "rank": 2168360}}, "style": {"id": 160, "seo_name": "german-spatburgunder", "regional_name": "German", "varietal_name": "Sp\u00e4tburgunder", "name": "German Sp\u00e4tburgunder", "image": null, "background_image": null, "description": null, "blurb": "Also known as Pinot Noir", "interesting_facts": null, "body": 4, "body_description": "Full-bodied", "acidity": 3, "acidity_description": "High", "country": {"code": "de", "name": "Germany", "native_name": "Deutschland", "seo_name": "germany", "currency": {"code": "EUR", "name": "Euros", "prefix": "\u20ac", "suffix": null}, "regions_count": 210, "users_count": 2175366, "wines_count": 199914, "wineries_count": 13512, "most_used_grapes": [{"id": 15, "name": "Riesling", "seo_name": "riesling", "has_detailed_info": true, "wines_count": 262136}, {"id": 299, "name": "Sp\u00e4tburgunder", "seo_name": "spatburgunder", "has_detailed_info": false, "wines_count": 50164}, {"id": 355, "name": "Weissburgunder", "seo_name": "weissburgunder", "has_detailed_info": false, "wines_count": 33464}]}, "wine_type_id": 1, "food": [{"id": 4, "name": "Beef", "background_image": {"location": "//images.vivino.com/backgrounds/foods/4_beef.png", "variations": {"small": "//images.vivino.com/backgrounds/foods/thumbs/4_beef_932x810.png"}}, "seo_name": "beef"}, {"id": 9, "name": "Veal", "background_image": {"location": "//images.vivino.com/backgrounds/foods/9_veal.png", "variations": {"small": "//images.vivino.com/backgrounds/foods/thumbs/9_veal_932x810.png"}}, "seo_name": "veal"}, {"id": 11, "name": "Game (deer, venison)", "background_image": {"location": "//images.vivino.com/backgrounds/foods/11_venison.png", "variations": {"small": "//images.vivino.com/backgrounds/foods/thumbs/11_venison_932x810.png"}}, "seo_name": "game"}, {"id": 20, "name": "Poultry", "background_image": {"location": "//images.vivino.com/backgrounds/foods/20_chicken.png", "variations": {"small": "//images.vivino.com/backgrounds/foods/thumbs/20_chicken_932x810.png"}}, "seo_name": "poultry"}], "grapes": [{"id": 14, "name": "Pinot Noir", "seo_name": "pinot-noir", "has_detailed_info": true, "wines_count": 572334}], "region": null}}, "vintage_year": 2018}], "recommended_vintages": [{"vintage": {"id": 168538599, "seo_name": "kloster-eberbach-pinot-noir-edition-s-2018", "name": "Kloster Eberbach Pinot Noir Edition S 2018", "statistics": {"status": "Normal", "ratings_count": 40, "ratings_average": 3.6, "labels_count": 259, "reviews_count": 16}, "year": 2018, "grapes": null, "has_valid_ratings": true}, "type": "best_user_rated", "highlight_icon": "https://images.vivino.com/highlights/icon/best_user_rated.svg", "price": null}], "prices_and_availabilities": [], "price_range": {"currency": {"code": "EUR", "name": "Euros", "prefix": "\u20ac", "suffix": null}, "price_range": {"minimum": 0, "maximum": 500, "currency_code": "EUR"}, "defaults": {"minimum": 7, "maximum": 30, "currency_code": "EUR"}}, "subtotal_price": null}