{"tastes": {"structure": {"acidity": 2.67339, "fizziness": null, "intensity": 2.981695, "sweetness": 1.3203388, "tannin": null, "user_structure_count": 3, "calculated_structure_count": 2}, "flavor": [{"group": "tree_fruit", "stats": {"count": 1, "score": 200, "mentions_count": 2}, "primary_keywords": [{"id": 315, "name": "Birne", "count": 1}, {"id": 9, "name": "Apfel", "count": 1}]}, {"group": "citrus_fruit", "stats": {"count": 1, "score": 100, "mentions_count": 1}, "primary_keywords": [{"id": 106, "name": "Zitrone", "count": 1}]}]}, "vivino_id": "9439190"}