{"vintage": {"id": 100825821, "seo_name": "fourteen-hands-hot-to-trot-white-blend-2016", "name": "14 Hands Hot to Trot White Blend 2016", "statistics": {"status": "Normal", "ratings_count": 183, "ratings_average": 3.6, "labels_count": 2083, "reviews_count": 78}, "organic_certification_id": null, "certified_biodynamic": false, "image": {"location": "//images.vivino.com/thumbs/Jt--TSGOR_K_MjNJQvJLcA_pl_480x640.png", "variations": {"bottle_large": "//images.vivino.com/thumbs/Jt--TSGOR_K_MjNJQvJLcA_pb_x960.png", "bottle_medium": "//images.vivino.com/thumbs/Jt--TSGOR_K_MjNJQvJLcA_pb_x600.png", "bottle_medium_square": "//images.vivino.com/thumbs/Jt--TSGOR_K_MjNJQvJLcA_pb_600x600.png", "bottle_small": "//images.vivino.com/thumbs/Jt--TSGOR_K_MjNJQvJLcA_pb_x300.png", "bottle_small_square": "//images.vivino.com/thumbs/Jt--TSGOR_K_MjNJQvJLcA_pb_300x300.png", "label": "//images.vivino.com/thumbs/Jt--TSGOR_K_MjNJQvJLcA_pl_480x640.png", "label_large": "//images.vivino.com/thumbs/Jt--TSGOR_K_MjNJQvJLcA_pl_375x500.png", "label_medium": "//images.vivino.com/thumbs/Jt--TSGOR_K_MjNJQvJLcA_pl_150x200.png", "label_medium_square": "//images.vivino.com/thumbs/Jt--TSGOR_K_MjNJQvJLcA_pl_150x150.png", "label_small_square": "//images.vivino.com/thumbs/Jt--TSGOR_K_MjNJQvJLcA_pl_80x80.png", "large": "//images.vivino.com/thumbs/Jt--TSGOR_K_MjNJQvJLcA_pl_375x500.png", "medium": "//images.vivino.com/thumbs/Jt--TSGOR_K_MjNJQvJLcA_pl_150x200.png", "medium_square": "//images.vivino.com/thumbs/Jt--TSGOR_K_MjNJQvJLcA_pl_150x150.png", "small_square": "//images.vivino.com/thumbs/Jt--TSGOR_K_MjNJQvJLcA_pl_80x80.png"}}, "wine": {"id": 1756554, "name": "Hot to Trot White Blend", "seo_name": "hot-to-trot-white-blend", "type_id": 2, "vintage_type": 0, "is_natural": false, "region": {"id": 323, "name": "Washington", "name_en": "Washington State", "seo_name": "washington", "country": {"code": "us", "name": "Vereinigte Staaten", "native_name": "United States", "seo_name": "united-states", "currency": {"code": "USD", "name": "US Dollars", "prefix": "$", "suffix": null}, "regions_count": 357, "users_count": 10824000, "wines_count": 243127, "wineries_count": 27169, "most_used_grapes": [{"id": 2, "name": "Cabernet Sauvignon", "seo_name": "cabernet-sauvignon", "has_detailed_info": true, "wines_count": 794022}, {"id": 14, "name": "Pinot Noir", "seo_name": "pinot-noir", "has_detailed_info": true, "wines_count": 565547}, {"id": 5, "name": "Chardonnay", "seo_name": "chardonnay", "has_detailed_info": true, "wines_count": 597329}]}, "parent_id": null, "background_image": {"location": "//images.vivino.com/regions/backgrounds/rYXowr4LQDiyVCE3LWNY4g.jpg", "variations": {"large": "//thumbs.vivino.com/region_backgrounds/rYXowr4LQDiyVCE3LWNY4g_1280x760.jpg", "medium": "//thumbs.vivino.com/region_backgrounds/rYXowr4LQDiyVCE3LWNY4g_600x356.jpg"}}, "class": {"typecast_map": {"background_image": {}, "class": {}}}, "statistics": {"wineries_count": 1495, "wines_count": 9230, "sub_regions_count": 6, "parent_regions_count": 0}}, "review_status": 2, "winery": {"id": 3620, "name": "14 Hands", "seo_name": "fourteen-hands", "status": 3, "review_status": "Completed", "dashboard_url": "https://analytics-pbl.vivino.com/dashboards-next/8", "background_image": {"location": "//images.vivino.com/wineries/backgrounds/Fozxj033QySzlOePkzJ9KA.jpeg", "variations": {"large": "//thumbs.vivino.com/winery_backgrounds/Fozxj033QySzlOePkzJ9KA_2560x1520.jpeg", "medium": "//thumbs.vivino.com/winery_backgrounds/Fozxj033QySzlOePkzJ9KA_1280x760.jpeg", "small": "//thumbs.vivino.com/winery_backgrounds/Fozxj033QySzlOePkzJ9KA_600x356.jpeg"}}, "statistics": {"ratings_count": 81950, "ratings_average": 3.7, "labels_count": 738693, "wines_count": 53}, "region": {"id": 323, "name": "Washington", "name_en": "Washington State", "seo_name": "washington", "country": {"code": "us", "name": "Vereinigte Staaten", "native_name": "United States", "seo_name": "united-states", "currency": {"code": "USD", "name": "US Dollars", "prefix": "$", "suffix": null}, "regions_count": 357, "users_count": 10824000, "wines_count": 243127, "wineries_count": 27169, "most_used_grapes": [{"id": 2, "name": "Cabernet Sauvignon", "seo_name": "cabernet-sauvignon", "has_detailed_info": true, "wines_count": 794022}, {"id": 14, "name": "Pinot Noir", "seo_name": "pinot-noir", "has_detailed_info": true, "wines_count": 565547}, {"id": 5, "name": "Chardonnay", "seo_name": "chardonnay", "has_detailed_info": true, "wines_count": 597329}]}, "parent_id": null, "background_image": {"location": "//images.vivino.com/regions/backgrounds/rYXowr4LQDiyVCE3LWNY4g.jpg", "variations": {"large": "//thumbs.vivino.com/region_backgrounds/rYXowr4LQDiyVCE3LWNY4g_1280x760.jpg", "medium": "//thumbs.vivino.com/region_backgrounds/rYXowr4LQDiyVCE3LWNY4g_600x356.jpg"}}, "class": {"typecast_map": {"background_image": {}, "class": {}}}, "statistics": {"wineries_count": 1495, "wines_count": 9230, "sub_regions_count": 6, "parent_regions_count": 0}}, "business_name": "14 Hands Vineyards (14 Hands Winery)", "description": "Introduced in 2005, 14 Hands wines are inspired by the unbridled spirit of the wild horses that once freely roamed eastern Washington. Measuring a scant 14 hands high \u2014 a \u201chand\u201d equivalent to the width of one\u2019s palm \u2014 these tenacious little horses would travel down from the hills every day to drink from the mighty Columbia River and graze along the riverbank, then retreat back to cool off at night. Washington\u2019s wild horses have become living symbols of the pioneer spirit of the American West.\r<br>\r<br>In 2014, 14 Hands opened a dedicated winery and tasting room in Prosser, Washington. Designed to highlight the unique history of Washington wines, the facility features indoor and outdoor seating areas, a tasting bar and a unique working barrel room. Reclaimed barn wood sourced from barns throughout the region, displayed with the stories of the families who built them, is exhibited throughout the interior to reflect the winery\u2019s location at the base of the Horse Heaven Hills appellation. The winery also features an expanded collection of 14 Hands \u201cThe Reserve\u201d wines, as well as seasonal offerings throughout the year.", "specialists_notes": "", "phone": "8003010773", "email": "info@14hands.com", "facebook": "https://www.facebook.com/14handswine", "instagram": "@14handswine", "is_claimed": true, "twitter": "@14handswine", "website": "http://www.14hands.com", "winemaker": "Keith Kenison", "wine_maker": {"id": 1674, "name": "Keith Kenison"}, "address": {"title": null, "name": null, "street": "660 Frontier Rd", "street2": null, "neighborhood": null, "city": "Prosser", "zip": "99350", "state": "Washington", "country": {"code": "us", "name": "Vereinigte Staaten", "native_name": "United States", "seo_name": "united-states", "currency": {"code": "USD", "name": "US Dollars", "prefix": "$", "suffix": null}, "regions_count": 357, "users_count": 10824000, "wines_count": 243127, "wineries_count": 27169, "most_used_grapes": [{"id": 2, "name": "Cabernet Sauvignon", "seo_name": "cabernet-sauvignon", "has_detailed_info": true, "wines_count": 794022}, {"id": 14, "name": "Pinot Noir", "seo_name": "pinot-noir", "has_detailed_info": true, "wines_count": 565547}, {"id": 5, "name": "Chardonnay", "seo_name": "chardonnay", "has_detailed_info": true, "wines_count": 597329}]}, "company": null, "phone": null, "external_id": null, "residential": null, "vat_number": null, "vat_code": null, "addition": null}, "image": {"location": "//images.vivino.com/wineries/3620/logos/l5wFZdSbQhayprPMNfc5KA.jpeg", "variations": {"large": "//thumbs.vivino.com/wineries/3620/logos/l5wFZdSbQhayprPMNfc5KA_500x500.jpeg", "medium": "//thumbs.vivino.com/wineries/3620/logos/l5wFZdSbQhayprPMNfc5KA_200x200.jpeg", "small_square": "//thumbs.vivino.com/wineries/3620/logos/l5wFZdSbQhayprPMNfc5KA_80x80.jpeg"}}, "background_video": "https://vivino.s3.amazonaws.com/misc/winery_videos/3620_mood.mp4", "location": {"latitude": 47.732883, "longitude": -122.14814}, "winery_group": {"id": 10, "name": "Ste. Michelle Wine Estates", "website": "http://www.smwe.com/"}, "first_wines": [], "sponsored_entity_type": null, "sponsored_entity": null}, "statistics": {"status": "Normal", "ratings_count": 2324, "ratings_average": 3.6, "labels_count": 16049, "vintages_count": 41}, "rank": {"country": {"description": "Rang von Vereinigte Staaten", "total": 162599, "rank": 18999}, "region": {"description": "Rang von Weinregion", "total": 13675, "rank": 1221}, "winery": {"description": "Rang vom Weingut", "total": 52, "rank": 10}, "wine_type": {"description": "Rang in allen Wei\u00dfwein", "total": 394072, "rank": 33072}, "global": {"description": "Weltweiter Rang", "total": 1287382, "rank": 130717}}, "hidden": false, "vintages": [{"id": 168029825, "seo_name": "fourteen-hands-hot-to-trot-white-blend-2021", "name": "14 Hands Hot to Trot White Blend 2021", "statistics": {"status": "BelowThreshold", "ratings_count": 1, "ratings_average": 0, "labels_count": 2, "reviews_count": 0}, "year": 2021, "grapes": null, "has_valid_ratings": false}, {"id": 166635734, "seo_name": "fourteen-hands-hot-to-trot-white-blend-2020", "name": "14 Hands Hot to Trot White Blend 2020", "statistics": {"status": "BelowThreshold", "ratings_count": 2, "ratings_average": 0, "labels_count": 43, "reviews_count": 0}, "year": 2020, "grapes": null, "has_valid_ratings": false}, {"id": 159343123, "seo_name": "fourteen-hands-hot-to-trot-white-blend-2019", "name": "14 Hands Hot to Trot White Blend 2019", "statistics": {"status": "BelowThreshold", "ratings_count": 3, "ratings_average": 0, "labels_count": 53, "reviews_count": 2}, "year": 2019, "grapes": null, "has_valid_ratings": false}, {"id": 156278601, "seo_name": "fourteen-hands-hot-to-trot-white-blend-2018", "name": "14 Hands Hot to Trot White Blend 2018", "statistics": {"status": "BelowThreshold", "ratings_count": 7, "ratings_average": 0, "labels_count": 232, "reviews_count": 3}, "year": 2018, "grapes": null, "has_valid_ratings": false}, {"id": 150457954, "seo_name": "fourteen-hands-hot-to-trot-white-blend-2017", "name": "14 Hands Hot to Trot White Blend 2017", "statistics": {"status": "BelowThreshold", "ratings_count": 4, "ratings_average": 0, "labels_count": 68, "reviews_count": 2}, "year": 2017, "grapes": null, "has_valid_ratings": false}, {"id": 100825821, "seo_name": "fourteen-hands-hot-to-trot-white-blend-2016", "name": "14 Hands Hot to Trot White Blend 2016", "statistics": {"status": "Normal", "ratings_count": 183, "ratings_average": 3.6, "labels_count": 2083, "reviews_count": 78}, "year": 2016, "grapes": null, "has_valid_ratings": true}, {"id": 17894873, "seo_name": "fourteen-hands-hot-to-trot-white-blend-2015", "name": "14 Hands Hot to Trot White Blend 2015", "statistics": {"status": "Normal", "ratings_count": 310, "ratings_average": 3.6, "labels_count": 2526, "reviews_count": 129}, "year": 2015, "grapes": null, "has_valid_ratings": true}, {"id": 4342932, "seo_name": "fourteen-hands-hot-to-trot-white-blend-2014", "name": "14 Hands Hot to Trot White Blend 2014", "statistics": {"status": "Normal", "ratings_count": 62, "ratings_average": 3.9, "labels_count": 198, "reviews_count": 24}, "year": 2014, "grapes": null, "has_valid_ratings": true}, {"id": 3807930, "seo_name": "fourteen-hands-hot-to-trot-white-blend-2013", "name": "14 Hands Hot to Trot White Blend 2013", "statistics": {"status": "Normal", "ratings_count": 571, "ratings_average": 3.6, "labels_count": 5408, "reviews_count": 232}, "year": 2013, "grapes": null, "has_valid_ratings": true}, {"id": 3060327, "seo_name": "fourteen-hands-hot-to-trot-white-blend-2012", "name": "14 Hands Hot to Trot White Blend 2012", "statistics": {"status": "Normal", "ratings_count": 552, "ratings_average": 3.5, "labels_count": 2983, "reviews_count": 256}, "year": 2012, "grapes": null, "has_valid_ratings": true}, {"id": 2833488, "seo_name": "fourteen-hands-hot-to-trot-white-blend-2011", "name": "14 Hands Hot to Trot White Blend 2011", "statistics": {"status": "Normal", "ratings_count": 372, "ratings_average": 3.6, "labels_count": 1763, "reviews_count": 146}, "year": 2011, "grapes": null, "has_valid_ratings": true}, {"id": 2850028, "seo_name": "fourteen-hands-hot-to-trot-white-blend-2010", "name": "14 Hands Hot to Trot White Blend 2010", "statistics": {"status": "Normal", "ratings_count": 50, "ratings_average": 3.5, "labels_count": 223, "reviews_count": 13}, "year": 2010, "grapes": null, "has_valid_ratings": true}, {"id": 2836210, "seo_name": "fourteen-hands-hot-to-trot-white-blend-2009", "name": "14 Hands Hot to Trot White Blend 2009", "statistics": {"status": "BelowThreshold", "ratings_count": 5, "ratings_average": 0, "labels_count": 36, "reviews_count": 0}, "year": 2009, "grapes": null, "has_valid_ratings": false}, {"id": 2070890, "seo_name": "fourteen-hands-hot-to-trot-white-blend-2008", "name": "14 Hands Hot to Trot White Blend 2008", "statistics": {"status": "BelowThreshold", "ratings_count": 1, "ratings_average": 0, "labels_count": 6, "reviews_count": 0}, "year": 2008, "grapes": null, "has_valid_ratings": false}, {"id": 26475244, "seo_name": "fourteen-hands-hot-to-trot-white-blend-2006", "name": "14 Hands Hot to Trot White Blend 2006", "statistics": {"status": "BelowThreshold", "ratings_count": 4, "ratings_average": 0, "labels_count": 8, "reviews_count": 0}, "year": 2006, "grapes": null, "has_valid_ratings": false}, {"id": 4506267, "seo_name": "fourteen-hands-hot-to-trot-white-blend-2005", "name": "14 Hands Hot to Trot White Blend 2005", "statistics": {"status": "BelowThreshold", "ratings_count": 2, "ratings_average": 0, "labels_count": 13, "reviews_count": 1}, "year": 2005, "grapes": null, "has_valid_ratings": false}, {"id": 3224807, "seo_name": "fourteen-hands-hot-to-trot-white-blend-2002", "name": "14 Hands Hot to Trot White Blend 2002", "statistics": {"status": "BelowThreshold", "ratings_count": 2, "ratings_average": 0, "labels_count": 15, "reviews_count": 1}, "year": 2002, "grapes": null, "has_valid_ratings": false}, {"id": 2932279, "seo_name": "fourteen-hands-hot-to-trot-white-blend-2001", "name": "14 Hands Hot to Trot White Blend 2001", "statistics": {"status": "BelowThreshold", "ratings_count": 9, "ratings_average": 0, "labels_count": 78, "reviews_count": 4}, "year": 2001, "grapes": null, "has_valid_ratings": false}, {"id": 7892734, "seo_name": "fourteen-hands-hot-to-trot-white-blend-1991", "name": "14 Hands Hot to Trot White Blend 1991", "statistics": {"status": "BelowThreshold", "ratings_count": 2, "ratings_average": 0, "labels_count": 28, "reviews_count": 0}, "year": 1991, "grapes": null, "has_valid_ratings": false}, {"id": 12973689, "seo_name": "fourteen-hands-hot-to-trot-white-blend-1981", "name": "14 Hands Hot to Trot White Blend 1981", "statistics": {"status": "Normal", "ratings_count": 10, "ratings_average": 3.6, "labels_count": 34, "reviews_count": 2}, "year": 1981, "grapes": null, "has_valid_ratings": true}, {"id": 3586943, "seo_name": "fourteen-hands-hot-to-trot-white-blend-1975", "name": "14 Hands Hot to Trot White Blend 1975", "statistics": {"status": "BelowThreshold", "ratings_count": 2, "ratings_average": 0, "labels_count": 11, "reviews_count": 0}, "year": 1975, "grapes": null, "has_valid_ratings": false}, {"id": 2892353, "seo_name": "fourteen-hands-hot-to-trot-white-blend-uv", "name": "14 Hands Hot to Trot White Blend", "statistics": {"status": "Normal", "ratings_count": 2324, "ratings_average": 3.6, "labels_count": 159, "reviews_count": 64}, "year": 0, "grapes": null, "has_valid_ratings": true}], "description": "At 14 Hands, our winemaker Keith Kenison takes a practical approach to winemaking\u2014really letting the fruit express itself with as few manipulations as possible. Making wines that people enjoy drinking is the ultimate goal, so many decisions are made throughout the winemaking process based purely on taste. In the end result are wines that are smooth and fruit-forward, yet bold and complex.", "grapes": [{"id": 15, "name": "Riesling", "seo_name": "riesling", "has_detailed_info": true, "wines_count": 259925}], "foods": [{"id": 10, "name": "Schweinefleisch", "background_image": {"location": "//images.vivino.com/backgrounds/foods/10_pork.png", "variations": {"small": "//images.vivino.com/backgrounds/foods/thumbs/10_pork_932x810.png"}}, "seo_name": "pork"}, {"id": 12, "name": "Fetthaltiger Fisch (Lachs, Thunfisch etc.)", "background_image": {"location": "//images.vivino.com/backgrounds/foods/12_richfish.png", "variations": {"small": "//images.vivino.com/backgrounds/foods/thumbs/12_richfish_932x810.png"}}, "seo_name": null}, {"id": 15, "name": "Scharfe Gerichte", "background_image": {"location": "//images.vivino.com/backgrounds/foods/15_spicyfood.png", "variations": {"small": "//images.vivino.com/backgrounds/foods/thumbs/15_spicyfood_932x810.png"}}, "seo_name": "spicy-food"}, {"id": 16, "name": "S\u00fc\u00dfe Desserts", "background_image": {"location": "//images.vivino.com/backgrounds/foods/16_sweetdessert.png", "variations": {"small": "//images.vivino.com/backgrounds/foods/thumbs/16_sweetdessert_932x810.png"}}, "seo_name": null}, {"id": 19, "name": "Vegetarische Gerichte", "background_image": {"location": "//images.vivino.com/backgrounds/foods/19_vegetarian.png", "variations": {"small": "//images.vivino.com/backgrounds/foods/thumbs/19_vegetarian_932x810.png"}}, "seo_name": "vegetarian"}, {"id": 20, "name": "Gefl\u00fcgel", "background_image": {"location": "//images.vivino.com/backgrounds/foods/20_chicken.png", "variations": {"small": "//images.vivino.com/backgrounds/foods/thumbs/20_chicken_932x810.png"}}, "seo_name": "poultry"}], "non_vintage": false, "alcohol": 13, "sweetness_id": null, "closure": "cork", "vintage_mask_raw": null, "updated_at": "2021-08-20T18:01:06Z", "created_at": "2013-08-01T02:39:49Z", "is_first_wine": false, "style": null, "has_valid_ratings": true}, "description": "", "expert_reviews": null, "wine_critic_reviews": [], "awards": [], "ratings_distribution": {"1": 6, "2": 12, "3": 82, "4": 67, "5": 16}, "ranking": {"country": {"description": "Rang von Vereinigte Staaten", "total": 995961, "rank": 183935}, "region": {"description": "Rang von Weinregion", "total": 80833, "rank": 12468}, "winery": {"description": "Rang vom Weingut", "total": 514, "rank": 109}, "global": {"description": "Weltweiter Rang", "total": 8825179, "rank": 1171926}}, "wine_facts": {"alcohol": 13, "contains_milk_allergens": false, "contains_egg_allergens": false, "certified_biodynamic": false, "closure": "cork"}, "winemaker": null, "wine_maker": null, "grape_composition": {"5": 100}, "year": 2016, "grapes": [{"id": 5, "name": "Chardonnay", "seo_name": "chardonnay", "has_detailed_info": true, "wines_count": 597329}], "has_valid_ratings": true}, "carts": null, "price_range": {"currency": {"code": "EUR", "name": "Euros", "prefix": "\u20ac", "suffix": null}, "price_range": {"minimum": 0, "maximum": 500, "currency_code": "EUR"}, "defaults": {"minimum": 7, "maximum": 30, "currency_code": "EUR"}}, "subtotal_price": null, "full_region": null, "tastes": null, "wine": {"id": 1756554, "name": "Hot to Trot White Blend", "seo_name": "hot-to-trot-white-blend", "type_id": 2, "vintage_type": 0, "is_natural": false, "region": {"id": 323, "name": "Washington", "name_en": "Washington State", "seo_name": "washington", "country": {"code": "us", "name": "Vereinigte Staaten", "native_name": "United States", "seo_name": "united-states", "currency": {"code": "USD", "name": "US Dollars", "prefix": "$", "suffix": null}, "regions_count": 357, "users_count": 10824000, "wines_count": 243127, "wineries_count": 27169, "most_used_grapes": [{"id": 2, "name": "Cabernet Sauvignon", "seo_name": "cabernet-sauvignon", "has_detailed_info": true, "wines_count": 794022}, {"id": 14, "name": "Pinot Noir", "seo_name": "pinot-noir", "has_detailed_info": true, "wines_count": 565547}, {"id": 5, "name": "Chardonnay", "seo_name": "chardonnay", "has_detailed_info": true, "wines_count": 597329}]}, "parent_id": null, "background_image": {"location": "//images.vivino.com/regions/backgrounds/rYXowr4LQDiyVCE3LWNY4g.jpg", "variations": {"large": "//thumbs.vivino.com/region_backgrounds/rYXowr4LQDiyVCE3LWNY4g_1280x760.jpg", "medium": "//thumbs.vivino.com/region_backgrounds/rYXowr4LQDiyVCE3LWNY4g_600x356.jpg"}}, "class": {"typecast_map": {"background_image": {}, "class": {}}}, "statistics": {"wineries_count": 1495, "wines_count": 9230, "sub_regions_count": 6, "parent_regions_count": 0}}, "review_status": 2, "winery": {"id": 3620, "name": "14 Hands", "seo_name": "fourteen-hands", "status": 3, "review_status": "Completed", "dashboard_url": "https://analytics-pbl.vivino.com/dashboards-next/8", "background_image": {"location": "//images.vivino.com/wineries/backgrounds/Fozxj033QySzlOePkzJ9KA.jpeg", "variations": {"large": "//thumbs.vivino.com/winery_backgrounds/Fozxj033QySzlOePkzJ9KA_2560x1520.jpeg", "medium": "//thumbs.vivino.com/winery_backgrounds/Fozxj033QySzlOePkzJ9KA_1280x760.jpeg", "small": "//thumbs.vivino.com/winery_backgrounds/Fozxj033QySzlOePkzJ9KA_600x356.jpeg"}}, "statistics": {"ratings_count": 81950, "ratings_average": 3.7, "labels_count": 738693, "wines_count": 53}, "region": {"id": 323, "name": "Washington", "name_en": "Washington State", "seo_name": "washington", "country": {"code": "us", "name": "Vereinigte Staaten", "native_name": "United States", "seo_name": "united-states", "currency": {"code": "USD", "name": "US Dollars", "prefix": "$", "suffix": null}, "regions_count": 357, "users_count": 10824000, "wines_count": 243127, "wineries_count": 27169, "most_used_grapes": [{"id": 2, "name": "Cabernet Sauvignon", "seo_name": "cabernet-sauvignon", "has_detailed_info": true, "wines_count": 794022}, {"id": 14, "name": "Pinot Noir", "seo_name": "pinot-noir", "has_detailed_info": true, "wines_count": 565547}, {"id": 5, "name": "Chardonnay", "seo_name": "chardonnay", "has_detailed_info": true, "wines_count": 597329}]}, "parent_id": null, "background_image": {"location": "//images.vivino.com/regions/backgrounds/rYXowr4LQDiyVCE3LWNY4g.jpg", "variations": {"large": "//thumbs.vivino.com/region_backgrounds/rYXowr4LQDiyVCE3LWNY4g_1280x760.jpg", "medium": "//thumbs.vivino.com/region_backgrounds/rYXowr4LQDiyVCE3LWNY4g_600x356.jpg"}}, "class": {"typecast_map": {"background_image": {}, "class": {}}}, "statistics": {"wineries_count": 1495, "wines_count": 9230, "sub_regions_count": 6, "parent_regions_count": 0}}, "business_name": "14 Hands Vineyards (14 Hands Winery)", "description": "Introduced in 2005, 14 Hands wines are inspired by the unbridled spirit of the wild horses that once freely roamed eastern Washington. Measuring a scant 14 hands high \u2014 a \u201chand\u201d equivalent to the width of one\u2019s palm \u2014 these tenacious little horses would travel down from the hills every day to drink from the mighty Columbia River and graze along the riverbank, then retreat back to cool off at night. Washington\u2019s wild horses have become living symbols of the pioneer spirit of the American West.\r<br>\r<br>In 2014, 14 Hands opened a dedicated winery and tasting room in Prosser, Washington. Designed to highlight the unique history of Washington wines, the facility features indoor and outdoor seating areas, a tasting bar and a unique working barrel room. Reclaimed barn wood sourced from barns throughout the region, displayed with the stories of the families who built them, is exhibited throughout the interior to reflect the winery\u2019s location at the base of the Horse Heaven Hills appellation. The winery also features an expanded collection of 14 Hands \u201cThe Reserve\u201d wines, as well as seasonal offerings throughout the year.", "specialists_notes": "", "phone": "8003010773", "email": "info@14hands.com", "facebook": "https://www.facebook.com/14handswine", "instagram": "@14handswine", "is_claimed": true, "twitter": "@14handswine", "website": "http://www.14hands.com", "winemaker": "Keith Kenison", "wine_maker": {"id": 1674, "name": "Keith Kenison"}, "address": {"title": null, "name": null, "street": "660 Frontier Rd", "street2": null, "neighborhood": null, "city": "Prosser", "zip": "99350", "state": "Washington", "country": {"code": "us", "name": "Vereinigte Staaten", "native_name": "United States", "seo_name": "united-states", "currency": {"code": "USD", "name": "US Dollars", "prefix": "$", "suffix": null}, "regions_count": 357, "users_count": 10824000, "wines_count": 243127, "wineries_count": 27169, "most_used_grapes": [{"id": 2, "name": "Cabernet Sauvignon", "seo_name": "cabernet-sauvignon", "has_detailed_info": true, "wines_count": 794022}, {"id": 14, "name": "Pinot Noir", "seo_name": "pinot-noir", "has_detailed_info": true, "wines_count": 565547}, {"id": 5, "name": "Chardonnay", "seo_name": "chardonnay", "has_detailed_info": true, "wines_count": 597329}]}, "company": null, "phone": null, "external_id": null, "residential": null, "vat_number": null, "vat_code": null, "addition": null}, "image": {"location": "//images.vivino.com/wineries/3620/logos/l5wFZdSbQhayprPMNfc5KA.jpeg", "variations": {"large": "//thumbs.vivino.com/wineries/3620/logos/l5wFZdSbQhayprPMNfc5KA_500x500.jpeg", "medium": "//thumbs.vivino.com/wineries/3620/logos/l5wFZdSbQhayprPMNfc5KA_200x200.jpeg", "small_square": "//thumbs.vivino.com/wineries/3620/logos/l5wFZdSbQhayprPMNfc5KA_80x80.jpeg"}}, "background_video": "https://vivino.s3.amazonaws.com/misc/winery_videos/3620_mood.mp4", "location": {"latitude": 47.732883, "longitude": -122.14814}, "winery_group": {"id": 10, "name": "Ste. Michelle Wine Estates", "website": "http://www.smwe.com/"}, "first_wines": [], "sponsored_entity_type": null, "sponsored_entity": null}, "statistics": {"status": "Normal", "ratings_count": 2324, "ratings_average": 3.6, "labels_count": 16049, "vintages_count": 41}, "rank": {"country": {"description": "Rang von Vereinigte Staaten", "total": 162599, "rank": 18999}, "region": {"description": "Rang von Weinregion", "total": 13675, "rank": 1221}, "winery": {"description": "Rang vom Weingut", "total": 52, "rank": 10}, "wine_type": {"description": "Rang in allen Wei\u00dfwein", "total": 394072, "rank": 33072}, "global": {"description": "Weltweiter Rang", "total": 1287382, "rank": 130717}}, "hidden": false, "vintages": [{"id": 168029825, "seo_name": "fourteen-hands-hot-to-trot-white-blend-2021", "name": "14 Hands Hot to Trot White Blend 2021", "statistics": {"status": "BelowThreshold", "ratings_count": 1, "ratings_average": 0, "labels_count": 2, "reviews_count": 0}, "year": 2021, "grapes": null, "has_valid_ratings": false}, {"id": 166635734, "seo_name": "fourteen-hands-hot-to-trot-white-blend-2020", "name": "14 Hands Hot to Trot White Blend 2020", "statistics": {"status": "BelowThreshold", "ratings_count": 2, "ratings_average": 0, "labels_count": 43, "reviews_count": 0}, "year": 2020, "grapes": null, "has_valid_ratings": false}, {"id": 159343123, "seo_name": "fourteen-hands-hot-to-trot-white-blend-2019", "name": "14 Hands Hot to Trot White Blend 2019", "statistics": {"status": "BelowThreshold", "ratings_count": 3, "ratings_average": 0, "labels_count": 53, "reviews_count": 2}, "year": 2019, "grapes": null, "has_valid_ratings": false}, {"id": 156278601, "seo_name": "fourteen-hands-hot-to-trot-white-blend-2018", "name": "14 Hands Hot to Trot White Blend 2018", "statistics": {"status": "BelowThreshold", "ratings_count": 7, "ratings_average": 0, "labels_count": 232, "reviews_count": 3}, "year": 2018, "grapes": null, "has_valid_ratings": false}, {"id": 150457954, "seo_name": "fourteen-hands-hot-to-trot-white-blend-2017", "name": "14 Hands Hot to Trot White Blend 2017", "statistics": {"status": "BelowThreshold", "ratings_count": 4, "ratings_average": 0, "labels_count": 68, "reviews_count": 2}, "year": 2017, "grapes": null, "has_valid_ratings": false}, {"id": 100825821, "seo_name": "fourteen-hands-hot-to-trot-white-blend-2016", "name": "14 Hands Hot to Trot White Blend 2016", "statistics": {"status": "Normal", "ratings_count": 183, "ratings_average": 3.6, "labels_count": 2083, "reviews_count": 78}, "year": 2016, "grapes": null, "has_valid_ratings": true}, {"id": 17894873, "seo_name": "fourteen-hands-hot-to-trot-white-blend-2015", "name": "14 Hands Hot to Trot White Blend 2015", "statistics": {"status": "Normal", "ratings_count": 310, "ratings_average": 3.6, "labels_count": 2526, "reviews_count": 129}, "year": 2015, "grapes": null, "has_valid_ratings": true}, {"id": 4342932, "seo_name": "fourteen-hands-hot-to-trot-white-blend-2014", "name": "14 Hands Hot to Trot White Blend 2014", "statistics": {"status": "Normal", "ratings_count": 62, "ratings_average": 3.9, "labels_count": 198, "reviews_count": 24}, "year": 2014, "grapes": null, "has_valid_ratings": true}, {"id": 3807930, "seo_name": "fourteen-hands-hot-to-trot-white-blend-2013", "name": "14 Hands Hot to Trot White Blend 2013", "statistics": {"status": "Normal", "ratings_count": 571, "ratings_average": 3.6, "labels_count": 5408, "reviews_count": 232}, "year": 2013, "grapes": null, "has_valid_ratings": true}, {"id": 3060327, "seo_name": "fourteen-hands-hot-to-trot-white-blend-2012", "name": "14 Hands Hot to Trot White Blend 2012", "statistics": {"status": "Normal", "ratings_count": 552, "ratings_average": 3.5, "labels_count": 2983, "reviews_count": 256}, "year": 2012, "grapes": null, "has_valid_ratings": true}, {"id": 2833488, "seo_name": "fourteen-hands-hot-to-trot-white-blend-2011", "name": "14 Hands Hot to Trot White Blend 2011", "statistics": {"status": "Normal", "ratings_count": 372, "ratings_average": 3.6, "labels_count": 1763, "reviews_count": 146}, "year": 2011, "grapes": null, "has_valid_ratings": true}, {"id": 2850028, "seo_name": "fourteen-hands-hot-to-trot-white-blend-2010", "name": "14 Hands Hot to Trot White Blend 2010", "statistics": {"status": "Normal", "ratings_count": 50, "ratings_average": 3.5, "labels_count": 223, "reviews_count": 13}, "year": 2010, "grapes": null, "has_valid_ratings": true}, {"id": 2836210, "seo_name": "fourteen-hands-hot-to-trot-white-blend-2009", "name": "14 Hands Hot to Trot White Blend 2009", "statistics": {"status": "BelowThreshold", "ratings_count": 5, "ratings_average": 0, "labels_count": 36, "reviews_count": 0}, "year": 2009, "grapes": null, "has_valid_ratings": false}, {"id": 2070890, "seo_name": "fourteen-hands-hot-to-trot-white-blend-2008", "name": "14 Hands Hot to Trot White Blend 2008", "statistics": {"status": "BelowThreshold", "ratings_count": 1, "ratings_average": 0, "labels_count": 6, "reviews_count": 0}, "year": 2008, "grapes": null, "has_valid_ratings": false}, {"id": 26475244, "seo_name": "fourteen-hands-hot-to-trot-white-blend-2006", "name": "14 Hands Hot to Trot White Blend 2006", "statistics": {"status": "BelowThreshold", "ratings_count": 4, "ratings_average": 0, "labels_count": 8, "reviews_count": 0}, "year": 2006, "grapes": null, "has_valid_ratings": false}, {"id": 4506267, "seo_name": "fourteen-hands-hot-to-trot-white-blend-2005", "name": "14 Hands Hot to Trot White Blend 2005", "statistics": {"status": "BelowThreshold", "ratings_count": 2, "ratings_average": 0, "labels_count": 13, "reviews_count": 1}, "year": 2005, "grapes": null, "has_valid_ratings": false}, {"id": 3224807, "seo_name": "fourteen-hands-hot-to-trot-white-blend-2002", "name": "14 Hands Hot to Trot White Blend 2002", "statistics": {"status": "BelowThreshold", "ratings_count": 2, "ratings_average": 0, "labels_count": 15, "reviews_count": 1}, "year": 2002, "grapes": null, "has_valid_ratings": false}, {"id": 2932279, "seo_name": "fourteen-hands-hot-to-trot-white-blend-2001", "name": "14 Hands Hot to Trot White Blend 2001", "statistics": {"status": "BelowThreshold", "ratings_count": 9, "ratings_average": 0, "labels_count": 78, "reviews_count": 4}, "year": 2001, "grapes": null, "has_valid_ratings": false}, {"id": 7892734, "seo_name": "fourteen-hands-hot-to-trot-white-blend-1991", "name": "14 Hands Hot to Trot White Blend 1991", "statistics": {"status": "BelowThreshold", "ratings_count": 2, "ratings_average": 0, "labels_count": 28, "reviews_count": 0}, "year": 1991, "grapes": null, "has_valid_ratings": false}, {"id": 12973689, "seo_name": "fourteen-hands-hot-to-trot-white-blend-1981", "name": "14 Hands Hot to Trot White Blend 1981", "statistics": {"status": "Normal", "ratings_count": 10, "ratings_average": 3.6, "labels_count": 34, "reviews_count": 2}, "year": 1981, "grapes": null, "has_valid_ratings": true}, {"id": 3586943, "seo_name": "fourteen-hands-hot-to-trot-white-blend-1975", "name": "14 Hands Hot to Trot White Blend 1975", "statistics": {"status": "BelowThreshold", "ratings_count": 2, "ratings_average": 0, "labels_count": 11, "reviews_count": 0}, "year": 1975, "grapes": null, "has_valid_ratings": false}, {"id": 2892353, "seo_name": "fourteen-hands-hot-to-trot-white-blend-uv", "name": "14 Hands Hot to Trot White Blend", "statistics": {"status": "Normal", "ratings_count": 2324, "ratings_average": 3.6, "labels_count": 159, "reviews_count": 64}, "year": 0, "grapes": null, "has_valid_ratings": true}], "description": "At 14 Hands, our winemaker Keith Kenison takes a practical approach to winemaking\u2014really letting the fruit express itself with as few manipulations as possible. Making wines that people enjoy drinking is the ultimate goal, so many decisions are made throughout the winemaking process based purely on taste. In the end result are wines that are smooth and fruit-forward, yet bold and complex.", "grapes": [{"id": 15, "name": "Riesling", "seo_name": "riesling", "has_detailed_info": true, "wines_count": 259925}], "foods": [{"id": 10, "name": "Schweinefleisch", "background_image": {"location": "//images.vivino.com/backgrounds/foods/10_pork.png", "variations": {"small": "//images.vivino.com/backgrounds/foods/thumbs/10_pork_932x810.png"}}, "seo_name": "pork"}, {"id": 12, "name": "Fetthaltiger Fisch (Lachs, Thunfisch etc.)", "background_image": {"location": "//images.vivino.com/backgrounds/foods/12_richfish.png", "variations": {"small": "//images.vivino.com/backgrounds/foods/thumbs/12_richfish_932x810.png"}}, "seo_name": null}, {"id": 15, "name": "Scharfe Gerichte", "background_image": {"location": "//images.vivino.com/backgrounds/foods/15_spicyfood.png", "variations": {"small": "//images.vivino.com/backgrounds/foods/thumbs/15_spicyfood_932x810.png"}}, "seo_name": "spicy-food"}, {"id": 16, "name": "S\u00fc\u00dfe Desserts", "background_image": {"location": "//images.vivino.com/backgrounds/foods/16_sweetdessert.png", "variations": {"small": "//images.vivino.com/backgrounds/foods/thumbs/16_sweetdessert_932x810.png"}}, "seo_name": null}, {"id": 19, "name": "Vegetarische Gerichte", "background_image": {"location": "//images.vivino.com/backgrounds/foods/19_vegetarian.png", "variations": {"small": "//images.vivino.com/backgrounds/foods/thumbs/19_vegetarian_932x810.png"}}, "seo_name": "vegetarian"}, {"id": 20, "name": "Gefl\u00fcgel", "background_image": {"location": "//images.vivino.com/backgrounds/foods/20_chicken.png", "variations": {"small": "//images.vivino.com/backgrounds/foods/thumbs/20_chicken_932x810.png"}}, "seo_name": "poultry"}], "non_vintage": false, "alcohol": 13, "sweetness_id": null, "closure": "cork", "vintage_mask_raw": null, "updated_at": "2021-08-20T18:01:06Z", "created_at": "2013-08-01T02:39:49Z", "is_first_wine": false, "style": null, "has_valid_ratings": true}, "price": {"id": 20109833, "vintage_id": 100825821, "amount": 10.95, "type": "vc", "currency": {"code": "EUR", "name": "Euros", "prefix": "\u20ac", "suffix": null}, "bottle_type_id": 1, "inventory_bottles_count": 108, "url": "https://www.wein.de/wein/14-hands-hot-to-trot-white-blend-2016-14-hands-trocken-wine?utm_medium=pref-cpc&utm_source=vivino-ppc", "message": "Preis pro Flasche, Kiste mit 6", "producer_address": "Frontier Rd 660, 99350 Prosser Washington, US", "importer_address": "", "discounted_from": null, "bottle_type": {"id": 1, "name": "Flasche (0,75\u00a0l)", "short_name": "Flasche", "short_name_plural": "Flaschen", "volume_ml": 750}}, "highlights": [], "merchant": {"id": 19195, "name": "Wein.de", "seo_name": "wein-de", "legal_name": "DLG-Verlag Gmbh", "description": "Versandkostenfrei f\u00fcr Bestellungen ab 80 EUR", "country": {"code": "de", "name": "Deutschland", "native_name": "Deutschland", "seo_name": "germany", "currency": {"code": "EUR", "name": "Euros", "prefix": "\u20ac", "suffix": null}, "regions_count": 210, "users_count": 2117308, "wines_count": 197796, "wineries_count": 13493, "most_used_grapes": [{"id": 15, "name": "Riesling", "seo_name": "riesling", "has_detailed_info": true, "wines_count": 259925}, {"id": 299, "name": "Sp\u00e4tburgunder", "seo_name": "spatburgunder", "has_detailed_info": false, "wines_count": 49659}, {"id": 355, "name": "Weissburgunder", "seo_name": "weissburgunder", "has_detailed_info": false, "wines_count": 33123}]}, "state": null, "status": 3, "image": {"location": "//images.vivino.com/merchants/originals/p1cl34tp0000inr.jpg", "variations": {"large_square": "//images.vivino.com/merchants/thumbs/p1cl34tp0000inr_400x400.jpg", "medium_square": "//images.vivino.com/merchants/thumbs/p1cl34tp0000inr_320x320.jpg", "small_square": "//images.vivino.com/merchants/thumbs/p1cl34tp0000inr_160x160.jpg"}}, "shipping_estimate": "Lieferung voraussichtlich zwischen Di, 21.\u00a0Dez und Di, 28.\u00a0Dez", "impressum_url": "https://www.wein.de/de/impressum/", "tos_url": "https://www.wein.de/de/allgemeine-geschaeftsbedingungen/", "vc_clearing_system": 0, "hidden": false}, "sold_out": false, "prices_and_availability": {"market": {"country": "de", "currency": {"code": "EUR", "name": "Euros", "prefix": "\u20ac", "suffix": null}}, "availability": {"vintage": {"id": 100825821, "year": 2016, "grapes": null, "has_valid_ratings": false}, "median": {"amount": 12.42, "type": "market", "discounted_from": null}, "price": {"id": 20109833, "amount": 10.95, "discounted_from": 0.0, "type": "vc"}}, "merchants_with_prices": [{"merchant": {"id": 19195, "name": "Wein.de", "seo_name": "wein-de", "legal_name": "DLG-Verlag Gmbh", "description": "Versandkostenfrei f\u00fcr Bestellungen ab 80 EUR", "country": {"code": "de", "name": "Deutschland", "native_name": "Deutschland", "seo_name": "germany", "currency": {"code": "EUR", "name": "Euros", "prefix": "\u20ac", "suffix": null}, "regions_count": 210, "users_count": 2117308, "wines_count": 197796, "wineries_count": 13493, "most_used_grapes": [{"id": 15, "name": "Riesling", "seo_name": "riesling", "has_detailed_info": true, "wines_count": 259925}, {"id": 299, "name": "Sp\u00e4tburgunder", "seo_name": "spatburgunder", "has_detailed_info": false, "wines_count": 49659}, {"id": 355, "name": "Weissburgunder", "seo_name": "weissburgunder", "has_detailed_info": false, "wines_count": 33123}]}, "state": null, "status": 3, "image": {"location": "//images.vivino.com/merchants/originals/p1cl34tp0000inr.jpg", "variations": {"large_square": "//images.vivino.com/merchants/thumbs/p1cl34tp0000inr_400x400.jpg", "medium_square": "//images.vivino.com/merchants/thumbs/p1cl34tp0000inr_320x320.jpg", "small_square": "//images.vivino.com/merchants/thumbs/p1cl34tp0000inr_160x160.jpg"}}, "shipping_estimate": "Lieferung voraussichtlich zwischen Di, 21.\u00a0Dez und Di, 28.\u00a0Dez", "impressum_url": "https://www.wein.de/de/impressum/", "tos_url": "https://www.wein.de/de/allgemeine-geschaeftsbedingungen/", "vc_clearing_system": 0, "hidden": false}, "prices": [{"id": 20109833, "vintage_id": 100825821, "amount": 10.95, "type": "vc", "currency": {"code": "EUR", "name": "Euros", "prefix": "\u20ac", "suffix": null}, "bottle_type_id": 1, "inventory_bottles_count": 108, "url": "https://www.wein.de/wein/14-hands-hot-to-trot-white-blend-2016-14-hands-trocken-wine?utm_medium=pref-cpc&utm_source=vivino-ppc", "message": "Preis pro Flasche, Kiste mit 6", "producer_address": "Frontier Rd 660, 99350 Prosser Washington, US", "importer_address": "", "discounted_from": null, "bottle_type": {"id": 1, "name": "Flasche (0,75\u00a0l)", "short_name": "Flasche", "short_name_plural": "Flaschen", "volume_ml": 750}}]}]}, "found_by_merchant_and_sku": null, "is_deal_page": false}