{"vintage": {"id": 4223986, "seo_name": "tornicola-primitivo-uv", "name": "Tornicola Primitivo", "statistics": {"status": "Normal", "ratings_count": 427, "ratings_average": 3.7, "labels_count": 60, "reviews_count": 7}, "organic_certification_id": null, "certified_biodynamic": null, "image": {"location": "//images.vivino.com/labels/9QJCYGEQQvix1ywEcjpXHg.jpg", "variations": {"large": "//images.vivino.com/thumbs/9QJCYGEQQvix1ywEcjpXHg_375x500.jpg", "medium": "//images.vivino.com/thumbs/9QJCYGEQQvix1ywEcjpXHg_150x200.jpg", "medium_square": "//images.vivino.com/thumbs/9QJCYGEQQvix1ywEcjpXHg_150x150.jpg", "small_square": "//images.vivino.com/thumbs/9QJCYGEQQvix1ywEcjpXHg_80x80.jpg"}}, "wine": {"id": 2168504, "name": "Primitivo", "seo_name": "primitivo", "type_id": 1, "vintage_type": 0, "is_natural": false, "region": {"id": 640, "name": "Salento", "name_en": "", "seo_name": "lecce", "country": {"code": "it", "name": "Italy", "native_name": "Italia", "seo_name": "italy", "currency": {"code": "EUR", "name": "Euros", "prefix": "\u20ac", "suffix": null}, "regions_count": 557, "users_count": 3875564, "wines_count": 355339, "wineries_count": 41362, "most_used_grapes": [{"id": 16, "name": "Sangiovese", "seo_name": "sangiovese", "has_detailed_info": true, "wines_count": 125094}, {"id": 10, "name": "Merlot", "seo_name": "merlot", "has_detailed_info": true, "wines_count": 566719}, {"id": 5, "name": "Chardonnay", "seo_name": "chardonnay", "has_detailed_info": true, "wines_count": 604208}]}, "parent_id": 548, "background_image": {"location": "//images.vivino.com/regions/backgrounds/YwmNK2TcTKibLNQlAtAWRA.jpg", "variations": {"large": "//thumbs.vivino.com/region_backgrounds/YwmNK2TcTKibLNQlAtAWRA_1280x760.jpg", "medium": "//thumbs.vivino.com/region_backgrounds/YwmNK2TcTKibLNQlAtAWRA_600x356.jpg"}}, "class": {"typecast_map": {"background_image": {}, "class": {}}}, "statistics": {"wineries_count": 430, "wines_count": 4783, "sub_regions_count": 0, "parent_regions_count": 1}}, "review_status": 2, "winery": {"id": 76853, "name": "Tornicola", "seo_name": "tornicola", "status": 0, "review_status": "Completed", "background_image": null, "statistics": {"ratings_count": 1341, "ratings_average": 3.7, "labels_count": 9645, "wines_count": 14}, "region": {"id": 548, "name": "Puglia", "name_en": "", "seo_name": "puglia", "country": {"code": "it", "name": "Italy", "native_name": "Italia", "seo_name": "italy", "currency": {"code": "EUR", "name": "Euros", "prefix": "\u20ac", "suffix": null}, "regions_count": 557, "users_count": 3875564, "wines_count": 355339, "wineries_count": 41362, "most_used_grapes": [{"id": 16, "name": "Sangiovese", "seo_name": "sangiovese", "has_detailed_info": true, "wines_count": 125094}, {"id": 10, "name": "Merlot", "seo_name": "merlot", "has_detailed_info": true, "wines_count": 566719}, {"id": 5, "name": "Chardonnay", "seo_name": "chardonnay", "has_detailed_info": true, "wines_count": 604208}]}, "parent_id": null, "background_image": {"location": "//images.vivino.com/regions/backgrounds/zvEE2A4JTZq6HbUjYLimWA.jpg", "variations": {"large": "//thumbs.vivino.com/region_backgrounds/zvEE2A4JTZq6HbUjYLimWA_1280x760.jpg", "medium": "//thumbs.vivino.com/region_backgrounds/zvEE2A4JTZq6HbUjYLimWA_600x356.jpg"}}, "class": {"typecast_map": {"background_image": {}, "class": {}}}, "statistics": {"wineries_count": 2678, "wines_count": 17082, "sub_regions_count": 31, "parent_regions_count": 0}}, "business_name": "Tornicola", "description": "", "specialists_notes": "", "phone": "", "email": "", "facebook": "", "instagram": "", "is_claimed": false, "twitter": "", "website": "", "winemaker": null, "wine_maker": null, "address": {"title": null, "name": null, "street": null, "street2": null, "neighborhood": null, "city": null, "zip": null, "state": null, "country": {"code": "it", "name": "Italy", "native_name": "Italia", "seo_name": "italy", "currency": {"code": "EUR", "name": "Euros", "prefix": "\u20ac", "suffix": null}, "regions_count": 557, "users_count": 3875564, "wines_count": 355339, "wineries_count": 41362, "most_used_grapes": [{"id": 16, "name": "Sangiovese", "seo_name": "sangiovese", "has_detailed_info": true, "wines_count": 125094}, {"id": 10, "name": "Merlot", "seo_name": "merlot", "has_detailed_info": true, "wines_count": 566719}, {"id": 5, "name": "Chardonnay", "seo_name": "chardonnay", "has_detailed_info": true, "wines_count": 604208}]}, "company": null, "phone": null, "external_id": null, "residential": null, "vat_number": null, "vat_code": null, "addition": null}, "image": null, "location": null, "winery_group": null, "first_wines": [], "sponsored_entity_type": null, "sponsored_entity": null}, "statistics": {"status": "Normal", "ratings_count": 427, "ratings_average": 3.7, "labels_count": 1848, "vintages_count": 16}, "rank": {"country": {"description": "Rank within Italy", "total": 212328, "rank": 18726}, "region": {"description": "Rank within Wine Region", "total": 14099, "rank": 1601}, "winery": {"description": "Rank within Winery", "total": 14, "rank": 2}, "wine_type": {"description": "Rank within all Red Wine", "total": 659127, "rank": 57332}, "global": {"description": "Global Rank", "total": 1302035, "rank": 92975}}, "hidden": false, "vintages": [{"id": 168410623, "seo_name": "tornicola-primitivo-2020", "name": "Tornicola Primitivo 2020", "statistics": {"status": "Normal", "ratings_count": 18, "ratings_average": 3.6, "labels_count": 51, "reviews_count": 4}, "year": 2020, "grapes": null, "has_valid_ratings": true}, {"id": 162003503, "seo_name": "tornicola-primitivo-2018", "name": "Tornicola Primitivo 2018", "statistics": {"status": "Normal", "ratings_count": 205, "ratings_average": 3.8, "labels_count": 782, "reviews_count": 61}, "year": 2018, "grapes": null, "has_valid_ratings": true}, {"id": 154988835, "seo_name": "tornicola-primitivo-2017", "name": "Tornicola Primitivo 2017", "statistics": {"status": "BelowThreshold", "ratings_count": 1, "ratings_average": 0, "labels_count": 1, "reviews_count": 0}, "year": 2017, "grapes": null, "has_valid_ratings": false}, {"id": 154797622, "seo_name": "tornicola-primitivo-2016", "name": "Tornicola Primitivo 2016", "statistics": {"status": "Normal", "ratings_count": 123, "ratings_average": 3.8, "labels_count": 581, "reviews_count": 40}, "year": 2016, "grapes": null, "has_valid_ratings": true}, {"id": 148389105, "seo_name": "tornicola-primitivo-2015", "name": "Tornicola Primitivo 2015", "statistics": {"status": "Normal", "ratings_count": 17, "ratings_average": 3.4, "labels_count": 59, "reviews_count": 5}, "year": 2015, "grapes": null, "has_valid_ratings": true}, {"id": 29122884, "seo_name": "tornicola-primitivo-2014", "name": "Tornicola Primitivo 2014", "statistics": {"status": "Normal", "ratings_count": 19, "ratings_average": 3.3, "labels_count": 184, "reviews_count": 6}, "year": 2014, "grapes": null, "has_valid_ratings": true}, {"id": 5307676, "seo_name": "tornicola-primitivo-2013", "name": "Tornicola Primitivo 2013", "statistics": {"status": "BelowThreshold", "ratings_count": 8, "ratings_average": 0, "labels_count": 45, "reviews_count": 2}, "year": 2013, "grapes": null, "has_valid_ratings": false}, {"id": 4331890, "seo_name": "tornicola-primitivo-2012", "name": "Tornicola Primitivo 2012", "statistics": {"status": "Normal", "ratings_count": 17, "ratings_average": 3.8, "labels_count": 76, "reviews_count": 4}, "year": 2012, "grapes": null, "has_valid_ratings": true}, {"id": 168763235, "seo_name": "tornicola-primitivo-2005", "name": "Tornicola Primitivo 2005", "statistics": {"status": "BelowThreshold", "ratings_count": 1, "ratings_average": 0, "labels_count": 1, "reviews_count": 0}, "year": 2005, "grapes": null, "has_valid_ratings": false}, {"id": 4223986, "seo_name": "tornicola-primitivo-uv", "name": "Tornicola Primitivo", "statistics": {"status": "Normal", "ratings_count": 427, "ratings_average": 3.7, "labels_count": 60, "reviews_count": 7}, "year": 0, "grapes": null, "has_valid_ratings": true}], "description": "", "grapes": [{"id": 92, "name": "Primitivo", "seo_name": "primitivo", "has_detailed_info": false, "wines_count": 37140}], "foods": [{"id": 4, "name": "Beef", "background_image": {"location": "//images.vivino.com/backgrounds/foods/4_beef.png", "variations": {"small": "//images.vivino.com/backgrounds/foods/thumbs/4_beef_932x810.png"}}, "seo_name": "beef"}, {"id": 5, "name": "Pasta", "background_image": {"location": "//images.vivino.com/backgrounds/foods/5_pasta.png", "variations": {"small": "//images.vivino.com/backgrounds/foods/thumbs/5_pasta_932x810.png"}}, "seo_name": null}, {"id": 8, "name": "Lamb", "background_image": {"location": "//images.vivino.com/backgrounds/foods/8_lamb.png", "variations": {"small": "//images.vivino.com/backgrounds/foods/thumbs/8_lamb_932x810.png"}}, "seo_name": "lamb"}, {"id": 20, "name": "Poultry", "background_image": {"location": "//images.vivino.com/backgrounds/foods/20_chicken.png", "variations": {"small": "//images.vivino.com/backgrounds/foods/thumbs/20_chicken_932x810.png"}}, "seo_name": "poultry"}], "non_vintage": false, "alcohol": 0, "sweetness_id": null, "closure": null, "vintage_mask_raw": null, "updated_at": "2018-11-10T06:26:12Z", "created_at": "2014-02-07T15:35:34Z", "is_first_wine": false, "style": {"id": 248, "seo_name": "southern-italy-primitivo", "regional_name": "Southern Italy", "varietal_name": "Primitivo", "name": "Southern Italy Primitivo", "image": null, "background_image": {"location": "//images.vivino.com/backgrounds/styles/Jhd_bJZNT06NeXoL9XSE9g.jpg", "variations": {"small": "//images.vivino.com/backgrounds/styles/thumbs/Jhd_bJZNT06NeXoL9XSE9g_932x810.jpg"}}, "description": "Arguably more well known by its alter-ego Zinfandel, Primitivo is a huge, ripe Italian grape which is the pride of the Apulia region in the south of Italy.\n\nPrimitivo is a delightfully brash wine that's very dark, very juicy and very high in alcohol.\n\nThe grape is thought to have originated in Croatia, where it is known as Crljenak (shill-ee-ah-nock). It was then brought to Italy, and on to the United States in the 1800s, where it thrived under the Californian sun.\n\nPrimitivos are very well known for being full-bodied fruit bombs. Much like Californian Zinfandels they have a very high alcohol content on account of the grapes ripening quickly.\n\nPrimitivo is a fantastic BBQ wine. It loves pulled pork, ribs, steaks and anything with a lot of flavor and a mild char to it. Pizza is another excellent choice with this fabulous wine.", "blurb": "Also known as Zinfandel", "interesting_facts": ["Primitivo, Crljenak and Zinfandel are almost all genetically identical.", "Because of its relatively low plantings in Italy and Croatia, Primitivo is considered California's grape.", "Legend has it that Primitivo was the wine served at the Last Supper."], "body": 4, "body_description": "Full-bodied", "acidity": 3, "acidity_description": "High", "country": {"code": "it", "name": "Italy", "native_name": "Italia", "seo_name": "italy", "currency": {"code": "EUR", "name": "Euros", "prefix": "\u20ac", "suffix": null}, "regions_count": 557, "users_count": 3875564, "wines_count": 355339, "wineries_count": 41362, "most_used_grapes": [{"id": 16, "name": "Sangiovese", "seo_name": "sangiovese", "has_detailed_info": true, "wines_count": 125094}, {"id": 10, "name": "Merlot", "seo_name": "merlot", "has_detailed_info": true, "wines_count": 566719}, {"id": 5, "name": "Chardonnay", "seo_name": "chardonnay", "has_detailed_info": true, "wines_count": 604208}]}, "wine_type_id": 1, "food": [{"id": 4, "name": "Beef", "background_image": {"location": "//images.vivino.com/backgrounds/foods/4_beef.png", "variations": {"small": "//images.vivino.com/backgrounds/foods/thumbs/4_beef_932x810.png"}}, "seo_name": "beef"}, {"id": 5, "name": "Pasta", "background_image": {"location": "//images.vivino.com/backgrounds/foods/5_pasta.png", "variations": {"small": "//images.vivino.com/backgrounds/foods/thumbs/5_pasta_932x810.png"}}, "seo_name": null}, {"id": 8, "name": "Lamb", "background_image": {"location": "//images.vivino.com/backgrounds/foods/8_lamb.png", "variations": {"small": "//images.vivino.com/backgrounds/foods/thumbs/8_lamb_932x810.png"}}, "seo_name": "lamb"}, {"id": 20, "name": "Poultry", "background_image": {"location": "//images.vivino.com/backgrounds/foods/20_chicken.png", "variations": {"small": "//images.vivino.com/backgrounds/foods/thumbs/20_chicken_932x810.png"}}, "seo_name": "poultry"}], "grapes": [{"id": 92, "name": "Primitivo", "seo_name": "primitivo", "has_detailed_info": false, "wines_count": 37140}], "region": null}, "has_valid_ratings": true}, "description": "", "wine_critic_reviews": [], "awards": [], "ratings_distribution": {"1": 4, "2": 12, "3": 178, "4": 197, "5": 36}, "ranking": {"country": {"description": "Rank within Italy", "total": 1562224, "rank": 169760}, "region": {"description": "Rank within Wine Region", "total": 96926, "rank": 12262}, "winery": {"description": "Rank within Winery", "total": 79, "rank": 5}, "global": {"description": "Global Rank", "total": 8944580, "rank": 888030}}, "wine_facts": {}, "winemaker": null, "wine_maker": null, "grape_composition": {}, "year": "", "grapes": null, "has_valid_ratings": true}, "carts": null, "full_region": null, "tastes": null, "wine": {"id": 2168504, "name": "Primitivo", "seo_name": "primitivo", "type_id": 1, "vintage_type": 0, "is_natural": false, "region": {"id": 640, "name": "Salento", "name_en": "", "seo_name": "lecce", "country": {"code": "it", "name": "Italy", "native_name": "Italia", "seo_name": "italy", "currency": {"code": "EUR", "name": "Euros", "prefix": "\u20ac", "suffix": null}, "regions_count": 557, "users_count": 3875564, "wines_count": 355339, "wineries_count": 41362, "most_used_grapes": [{"id": 16, "name": "Sangiovese", "seo_name": "sangiovese", "has_detailed_info": true, "wines_count": 125094}, {"id": 10, "name": "Merlot", "seo_name": "merlot", "has_detailed_info": true, "wines_count": 566719}, {"id": 5, "name": "Chardonnay", "seo_name": "chardonnay", "has_detailed_info": true, "wines_count": 604208}]}, "parent_id": 548, "background_image": {"location": "//images.vivino.com/regions/backgrounds/YwmNK2TcTKibLNQlAtAWRA.jpg", "variations": {"large": "//thumbs.vivino.com/region_backgrounds/YwmNK2TcTKibLNQlAtAWRA_1280x760.jpg", "medium": "//thumbs.vivino.com/region_backgrounds/YwmNK2TcTKibLNQlAtAWRA_600x356.jpg"}}, "class": {"typecast_map": {"background_image": {}, "class": {}}}, "statistics": {"wineries_count": 430, "wines_count": 4783, "sub_regions_count": 0, "parent_regions_count": 1}}, "review_status": 2, "winery": {"id": 76853, "name": "Tornicola", "seo_name": "tornicola", "status": 0, "review_status": "Completed", "background_image": null, "statistics": {"ratings_count": 1341, "ratings_average": 3.7, "labels_count": 9645, "wines_count": 14}, "region": {"id": 548, "name": "Puglia", "name_en": "", "seo_name": "puglia", "country": {"code": "it", "name": "Italy", "native_name": "Italia", "seo_name": "italy", "currency": {"code": "EUR", "name": "Euros", "prefix": "\u20ac", "suffix": null}, "regions_count": 557, "users_count": 3875564, "wines_count": 355339, "wineries_count": 41362, "most_used_grapes": [{"id": 16, "name": "Sangiovese", "seo_name": "sangiovese", "has_detailed_info": true, "wines_count": 125094}, {"id": 10, "name": "Merlot", "seo_name": "merlot", "has_detailed_info": true, "wines_count": 566719}, {"id": 5, "name": "Chardonnay", "seo_name": "chardonnay", "has_detailed_info": true, "wines_count": 604208}]}, "parent_id": null, "background_image": {"location": "//images.vivino.com/regions/backgrounds/zvEE2A4JTZq6HbUjYLimWA.jpg", "variations": {"large": "//thumbs.vivino.com/region_backgrounds/zvEE2A4JTZq6HbUjYLimWA_1280x760.jpg", "medium": "//thumbs.vivino.com/region_backgrounds/zvEE2A4JTZq6HbUjYLimWA_600x356.jpg"}}, "class": {"typecast_map": {"background_image": {}, "class": {}}}, "statistics": {"wineries_count": 2678, "wines_count": 17082, "sub_regions_count": 31, "parent_regions_count": 0}}}, "image": {"location": "//images.vivino.com/labels/9QJCYGEQQvix1ywEcjpXHg.jpg", "variations": {"large": "//images.vivino.com/thumbs/9QJCYGEQQvix1ywEcjpXHg_375x500.jpg", "medium": "//images.vivino.com/thumbs/9QJCYGEQQvix1ywEcjpXHg_150x200.jpg", "medium_square": "//images.vivino.com/thumbs/9QJCYGEQQvix1ywEcjpXHg_150x150.jpg", "small_square": "//images.vivino.com/thumbs/9QJCYGEQQvix1ywEcjpXHg_80x80.jpg"}}, "statistics": {"status": "Normal", "ratings_count": 427, "ratings_average": 3.7, "labels_count": 1848, "vintages_count": 16}, "rank": null, "hidden": false, "vintages": [{"id": 168410623, "seo_name": "tornicola-primitivo-2020", "name": "Tornicola Primitivo 2020", "statistics": {"status": "Normal", "ratings_count": 18, "ratings_average": 3.6, "labels_count": 51, "reviews_count": 4}, "year": 2020, "grapes": null, "has_valid_ratings": true}, {"id": 168511580, "seo_name": "tornicola-primitivo-2019", "name": "Tornicola Primitivo 2019", "statistics": {"status": "BelowThreshold", "ratings_count": 0, "ratings_average": 0, "labels_count": 2, "reviews_count": 0}, "year": 2019, "grapes": null, "has_valid_ratings": false}, {"id": 162003503, "seo_name": "tornicola-primitivo-2018", "name": "Tornicola Primitivo 2018", "statistics": {"status": "Normal", "ratings_count": 205, "ratings_average": 3.8, "labels_count": 782, "reviews_count": 61}, "year": 2018, "grapes": null, "has_valid_ratings": true}, {"id": 154988835, "seo_name": "tornicola-primitivo-2017", "name": "Tornicola Primitivo 2017", "statistics": {"status": "BelowThreshold", "ratings_count": 1, "ratings_average": 0, "labels_count": 1, "reviews_count": 0}, "year": 2017, "grapes": null, "has_valid_ratings": false}, {"id": 154797622, "seo_name": "tornicola-primitivo-2016", "name": "Tornicola Primitivo 2016", "statistics": {"status": "Normal", "ratings_count": 123, "ratings_average": 3.8, "labels_count": 581, "reviews_count": 40}, "year": 2016, "grapes": null, "has_valid_ratings": true}, {"id": 148389105, "seo_name": "tornicola-primitivo-2015", "name": "Tornicola Primitivo 2015", "statistics": {"status": "Normal", "ratings_count": 17, "ratings_average": 3.4, "labels_count": 59, "reviews_count": 5}, "year": 2015, "grapes": null, "has_valid_ratings": true}, {"id": 29122884, "seo_name": "tornicola-primitivo-2014", "name": "Tornicola Primitivo 2014", "statistics": {"status": "Normal", "ratings_count": 19, "ratings_average": 3.3, "labels_count": 184, "reviews_count": 6}, "year": 2014, "grapes": null, "has_valid_ratings": true}, {"id": 5307676, "seo_name": "tornicola-primitivo-2013", "name": "Tornicola Primitivo 2013", "statistics": {"status": "BelowThreshold", "ratings_count": 8, "ratings_average": 0, "labels_count": 45, "reviews_count": 2}, "year": 2013, "grapes": null, "has_valid_ratings": false}, {"id": 4331890, "seo_name": "tornicola-primitivo-2012", "name": "Tornicola Primitivo 2012", "statistics": {"status": "Normal", "ratings_count": 17, "ratings_average": 3.8, "labels_count": 76, "reviews_count": 4}, "year": 2012, "grapes": null, "has_valid_ratings": true}, {"id": 4282294, "seo_name": "tornicola-primitivo-2011", "name": "Tornicola Primitivo 2011", "statistics": {"status": "BelowThreshold", "ratings_count": 0, "ratings_average": 0, "labels_count": 3, "reviews_count": 0}, "year": 2011, "grapes": null, "has_valid_ratings": false}, {"id": 154250193, "seo_name": "tornicola-primitivo-2010", "name": "Tornicola Primitivo 2010", "statistics": {"status": "BelowThreshold", "ratings_count": 0, "ratings_average": 0, "labels_count": 1, "reviews_count": 0}, "year": 2010, "grapes": null, "has_valid_ratings": false}, {"id": 168763235, "seo_name": "tornicola-primitivo-2005", "name": "Tornicola Primitivo 2005", "statistics": {"status": "BelowThreshold", "ratings_count": 1, "ratings_average": 0, "labels_count": 1, "reviews_count": 0}, "year": 2005, "grapes": null, "has_valid_ratings": false}, {"id": 141436767, "seo_name": "tornicola-primitivo-1999", "name": "Tornicola Primitivo 1999", "statistics": {"status": "BelowThreshold", "ratings_count": 0, "ratings_average": 0, "labels_count": 1, "reviews_count": 0}, "year": 1999, "grapes": null, "has_valid_ratings": false}, {"id": 163478855, "seo_name": "tornicola-primitivo-1990", "name": "Tornicola Primitivo 1990", "statistics": {"status": "BelowThreshold", "ratings_count": 0, "ratings_average": 0, "labels_count": 1, "reviews_count": 0}, "year": 1990, "grapes": null, "has_valid_ratings": false}, {"id": 150789040, "seo_name": "tornicola-primitivo-1900", "name": "Tornicola Primitivo 1900", "statistics": {"status": "BelowThreshold", "ratings_count": 0, "ratings_average": 0, "labels_count": 0, "reviews_count": 0}, "year": 1900, "grapes": null, "has_valid_ratings": false}, {"id": 4223986, "seo_name": "tornicola-primitivo-uv", "name": "Tornicola Primitivo", "statistics": {"status": "Normal", "ratings_count": 427, "ratings_average": 3.7, "labels_count": 60, "reviews_count": 7}, "year": 0, "grapes": null, "has_valid_ratings": true}], "description": "", "grapes": [{"id": 92, "name": "Primitivo", "seo_name": "primitivo", "has_detailed_info": false, "wines_count": 37140}], "foods": [{"id": 4, "name": "Beef", "background_image": {"location": "//images.vivino.com/backgrounds/foods/4_beef.png", "variations": {"small": "//images.vivino.com/backgrounds/foods/thumbs/4_beef_932x810.png"}}, "seo_name": "beef"}, {"id": 5, "name": "Pasta", "background_image": {"location": "//images.vivino.com/backgrounds/foods/5_pasta.png", "variations": {"small": "//images.vivino.com/backgrounds/foods/thumbs/5_pasta_932x810.png"}}, "seo_name": null}, {"id": 8, "name": "Lamb", "background_image": {"location": "//images.vivino.com/backgrounds/foods/8_lamb.png", "variations": {"small": "//images.vivino.com/backgrounds/foods/thumbs/8_lamb_932x810.png"}}, "seo_name": "lamb"}, {"id": 20, "name": "Poultry", "background_image": {"location": "//images.vivino.com/backgrounds/foods/20_chicken.png", "variations": {"small": "//images.vivino.com/backgrounds/foods/thumbs/20_chicken_932x810.png"}}, "seo_name": "poultry"}], "non_vintage": false, "alcohol": 0, "sweetness_id": null, "closure": null, "vintage_mask_raw": null, "updated_at": "2018-11-10T06:26:12Z", "created_at": "2014-02-07T15:35:34Z", "is_first_wine": false, "style": {"id": 248, "seo_name": "southern-italy-primitivo", "regional_name": "Southern Italy", "varietal_name": "Primitivo", "name": "Southern Italy Primitivo", "image": null, "background_image": {"location": "//images.vivino.com/backgrounds/styles/Jhd_bJZNT06NeXoL9XSE9g.jpg", "variations": {"small": "//images.vivino.com/backgrounds/styles/thumbs/Jhd_bJZNT06NeXoL9XSE9g_932x810.jpg"}}, "description": "Arguably more well known by its alter-ego Zinfandel, Primitivo is a huge, ripe Italian grape which is the pride of the Apulia region in the south of Italy.\n\nPrimitivo is a delightfully brash wine that's very dark, very juicy and very high in alcohol.\n\nThe grape is thought to have originated in Croatia, where it is known as Crljenak (shill-ee-ah-nock). It was then brought to Italy, and on to the United States in the 1800s, where it thrived under the Californian sun.\n\nPrimitivos are very well known for being full-bodied fruit bombs. Much like Californian Zinfandels they have a very high alcohol content on account of the grapes ripening quickly.\n\nPrimitivo is a fantastic BBQ wine. It loves pulled pork, ribs, steaks and anything with a lot of flavor and a mild char to it. Pizza is another excellent choice with this fabulous wine.", "blurb": "Also known as Zinfandel", "interesting_facts": ["Primitivo, Crljenak and Zinfandel are almost all genetically identical.", "Because of its relatively low plantings in Italy and Croatia, Primitivo is considered California's grape.", "Legend has it that Primitivo was the wine served at the Last Supper."], "body": 4, "body_description": "Full-bodied", "acidity": 3, "acidity_description": "High", "country": {"code": "it", "name": "Italy", "native_name": "Italia", "seo_name": "italy", "currency": {"code": "EUR", "name": "Euros", "prefix": "\u20ac", "suffix": null}, "regions_count": 557, "users_count": 3875564, "wines_count": 355339, "wineries_count": 41362, "most_used_grapes": [{"id": 16, "name": "Sangiovese", "seo_name": "sangiovese", "has_detailed_info": true, "wines_count": 125094}, {"id": 10, "name": "Merlot", "seo_name": "merlot", "has_detailed_info": true, "wines_count": 566719}, {"id": 5, "name": "Chardonnay", "seo_name": "chardonnay", "has_detailed_info": true, "wines_count": 604208}]}, "wine_type_id": 1, "food": [{"id": 4, "name": "Beef", "background_image": {"location": "//images.vivino.com/backgrounds/foods/4_beef.png", "variations": {"small": "//images.vivino.com/backgrounds/foods/thumbs/4_beef_932x810.png"}}, "seo_name": "beef"}, {"id": 5, "name": "Pasta", "background_image": {"location": "//images.vivino.com/backgrounds/foods/5_pasta.png", "variations": {"small": "//images.vivino.com/backgrounds/foods/thumbs/5_pasta_932x810.png"}}, "seo_name": null}, {"id": 8, "name": "Lamb", "background_image": {"location": "//images.vivino.com/backgrounds/foods/8_lamb.png", "variations": {"small": "//images.vivino.com/backgrounds/foods/thumbs/8_lamb_932x810.png"}}, "seo_name": "lamb"}, {"id": 20, "name": "Poultry", "background_image": {"location": "//images.vivino.com/backgrounds/foods/20_chicken.png", "variations": {"small": "//images.vivino.com/backgrounds/foods/thumbs/20_chicken_932x810.png"}}, "seo_name": "poultry"}], "grapes": [{"id": 92, "name": "Primitivo", "seo_name": "primitivo", "has_detailed_info": false, "wines_count": 37140}], "region": null}, "has_valid_ratings": true}, "highlights": [{"vintage_id": 4331890, "highlight_type": "best_user_rated", "message": "This vintage rates better than any other year for this wine", "icon": "https://images.vivino.com/highlights/icon/best_user_rated.svg", "metadata": {"price": null, "wine_id": 2168504, "toplist": null, "ws_award": null, "critic_review_id": null, "ratings_average": 3.8, "ratings_count": 17, "vintage_year": "2012", "rank_type": null, "ranks": {"country": {"description": "Rank within Italy", "total": 1562224, "rank": 370088}, "region": {"description": "Rank within Wine Region", "total": 96926, "rank": 26013}, "winery": {"description": "Rank within Winery", "total": 79, "rank": 18}, "global": {"description": "Global Rank", "total": 8944580, "rank": 1952196}}, "style": {"id": 248, "seo_name": "southern-italy-primitivo", "regional_name": "Southern Italy", "varietal_name": "Primitivo", "name": "Southern Italy Primitivo", "image": null, "background_image": {"location": "//images.vivino.com/backgrounds/styles/Jhd_bJZNT06NeXoL9XSE9g.jpg", "variations": {"small": "//images.vivino.com/backgrounds/styles/thumbs/Jhd_bJZNT06NeXoL9XSE9g_932x810.jpg"}}, "description": "Arguably more well known by its alter-ego Zinfandel, Primitivo is a huge, ripe Italian grape which is the pride of the Apulia region in the south of Italy.\n\nPrimitivo is a delightfully brash wine that's very dark, very juicy and very high in alcohol.\n\nThe grape is thought to have originated in Croatia, where it is known as Crljenak (shill-ee-ah-nock). It was then brought to Italy, and on to the United States in the 1800s, where it thrived under the Californian sun.\n\nPrimitivos are very well known for being full-bodied fruit bombs. Much like Californian Zinfandels they have a very high alcohol content on account of the grapes ripening quickly.\n\nPrimitivo is a fantastic BBQ wine. It loves pulled pork, ribs, steaks and anything with a lot of flavor and a mild char to it. Pizza is another excellent choice with this fabulous wine.", "blurb": "Also known as Zinfandel", "interesting_facts": ["Primitivo, Crljenak and Zinfandel are almost all genetically identical.", "Because of its relatively low plantings in Italy and Croatia, Primitivo is considered California's grape.", "Legend has it that Primitivo was the wine served at the Last Supper."], "body": 4, "body_description": "Full-bodied", "acidity": 3, "acidity_description": "High", "country": {"code": "it", "name": "Italy", "native_name": "Italia", "seo_name": "italy", "currency": {"code": "EUR", "name": "Euros", "prefix": "\u20ac", "suffix": null}, "regions_count": 557, "users_count": 3875564, "wines_count": 355339, "wineries_count": 41362, "most_used_grapes": [{"id": 16, "name": "Sangiovese", "seo_name": "sangiovese", "has_detailed_info": true, "wines_count": 125094}, {"id": 10, "name": "Merlot", "seo_name": "merlot", "has_detailed_info": true, "wines_count": 566719}, {"id": 5, "name": "Chardonnay", "seo_name": "chardonnay", "has_detailed_info": true, "wines_count": 604208}]}, "wine_type_id": 1, "food": [{"id": 4, "name": "Beef", "background_image": {"location": "//images.vivino.com/backgrounds/foods/4_beef.png", "variations": {"small": "//images.vivino.com/backgrounds/foods/thumbs/4_beef_932x810.png"}}, "seo_name": "beef"}, {"id": 5, "name": "Pasta", "background_image": {"location": "//images.vivino.com/backgrounds/foods/5_pasta.png", "variations": {"small": "//images.vivino.com/backgrounds/foods/thumbs/5_pasta_932x810.png"}}, "seo_name": null}, {"id": 8, "name": "Lamb", "background_image": {"location": "//images.vivino.com/backgrounds/foods/8_lamb.png", "variations": {"small": "//images.vivino.com/backgrounds/foods/thumbs/8_lamb_932x810.png"}}, "seo_name": "lamb"}, {"id": 20, "name": "Poultry", "background_image": {"location": "//images.vivino.com/backgrounds/foods/20_chicken.png", "variations": {"small": "//images.vivino.com/backgrounds/foods/thumbs/20_chicken_932x810.png"}}, "seo_name": "poultry"}], "grapes": [{"id": 92, "name": "Primitivo", "seo_name": "primitivo", "has_detailed_info": false, "wines_count": 37140}], "region": null}}, "vintage_year": 2012}, {"vintage_id": 162003503, "highlight_type": "most_user_rated", "message": "Popular among Vivino users. More than 200 ratings", "icon": "https://images.vivino.com/highlights/icon/most_user_rated.svg", "metadata": {"price": null, "wine_id": 2168504, "toplist": null, "ws_award": null, "critic_review_id": null, "ratings_average": 3.8, "ratings_count": 205, "vintage_year": "2018", "rank_type": "global", "ranks": {"country": {"description": "Rank within Italy", "total": 1562224, "rank": 128742}, "region": {"description": "Rank within Wine Region", "total": 96926, "rank": 9426}, "winery": {"description": "Rank within Winery", "total": 79, "rank": 3}, "global": {"description": "Global Rank", "total": 8944580, "rank": 665193}}, "style": {"id": 248, "seo_name": "southern-italy-primitivo", "regional_name": "Southern Italy", "varietal_name": "Primitivo", "name": "Southern Italy Primitivo", "image": null, "background_image": {"location": "//images.vivino.com/backgrounds/styles/Jhd_bJZNT06NeXoL9XSE9g.jpg", "variations": {"small": "//images.vivino.com/backgrounds/styles/thumbs/Jhd_bJZNT06NeXoL9XSE9g_932x810.jpg"}}, "description": "Arguably more well known by its alter-ego Zinfandel, Primitivo is a huge, ripe Italian grape which is the pride of the Apulia region in the south of Italy.\n\nPrimitivo is a delightfully brash wine that's very dark, very juicy and very high in alcohol.\n\nThe grape is thought to have originated in Croatia, where it is known as Crljenak (shill-ee-ah-nock). It was then brought to Italy, and on to the United States in the 1800s, where it thrived under the Californian sun.\n\nPrimitivos are very well known for being full-bodied fruit bombs. Much like Californian Zinfandels they have a very high alcohol content on account of the grapes ripening quickly.\n\nPrimitivo is a fantastic BBQ wine. It loves pulled pork, ribs, steaks and anything with a lot of flavor and a mild char to it. Pizza is another excellent choice with this fabulous wine.", "blurb": "Also known as Zinfandel", "interesting_facts": ["Primitivo, Crljenak and Zinfandel are almost all genetically identical.", "Because of its relatively low plantings in Italy and Croatia, Primitivo is considered California's grape.", "Legend has it that Primitivo was the wine served at the Last Supper."], "body": 4, "body_description": "Full-bodied", "acidity": 3, "acidity_description": "High", "country": {"code": "it", "name": "Italy", "native_name": "Italia", "seo_name": "italy", "currency": {"code": "EUR", "name": "Euros", "prefix": "\u20ac", "suffix": null}, "regions_count": 557, "users_count": 3875564, "wines_count": 355339, "wineries_count": 41362, "most_used_grapes": [{"id": 16, "name": "Sangiovese", "seo_name": "sangiovese", "has_detailed_info": true, "wines_count": 125094}, {"id": 10, "name": "Merlot", "seo_name": "merlot", "has_detailed_info": true, "wines_count": 566719}, {"id": 5, "name": "Chardonnay", "seo_name": "chardonnay", "has_detailed_info": true, "wines_count": 604208}]}, "wine_type_id": 1, "food": [{"id": 4, "name": "Beef", "background_image": {"location": "//images.vivino.com/backgrounds/foods/4_beef.png", "variations": {"small": "//images.vivino.com/backgrounds/foods/thumbs/4_beef_932x810.png"}}, "seo_name": "beef"}, {"id": 5, "name": "Pasta", "background_image": {"location": "//images.vivino.com/backgrounds/foods/5_pasta.png", "variations": {"small": "//images.vivino.com/backgrounds/foods/thumbs/5_pasta_932x810.png"}}, "seo_name": null}, {"id": 8, "name": "Lamb", "background_image": {"location": "//images.vivino.com/backgrounds/foods/8_lamb.png", "variations": {"small": "//images.vivino.com/backgrounds/foods/thumbs/8_lamb_932x810.png"}}, "seo_name": "lamb"}, {"id": 20, "name": "Poultry", "background_image": {"location": "//images.vivino.com/backgrounds/foods/20_chicken.png", "variations": {"small": "//images.vivino.com/backgrounds/foods/thumbs/20_chicken_932x810.png"}}, "seo_name": "poultry"}], "grapes": [{"id": 92, "name": "Primitivo", "seo_name": "primitivo", "has_detailed_info": false, "wines_count": 37140}], "region": null}}, "vintage_year": 2018}, {"vintage_id": 154797622, "highlight_type": "top_ranked", "message": "Among top 8% of all wines in the world", "icon": "https://images.vivino.com/highlights/icon/top_ranked.svg", "metadata": {"price": null, "wine_id": 2168504, "toplist": null, "ws_award": null, "critic_review_id": null, "ratings_average": 3.8, "ratings_count": 123, "vintage_year": "2016", "rank_type": "global", "ranks": {"country": {"description": "Rank within Italy", "total": 1562224, "rank": 134583}, "region": {"description": "Rank within Wine Region", "total": 96926, "rank": 9895}, "winery": {"description": "Rank within Winery", "total": 79, "rank": 4}, "global": {"description": "Global Rank", "total": 8944580, "rank": 691764}}, "style": {"id": 248, "seo_name": "southern-italy-primitivo", "regional_name": "Southern Italy", "varietal_name": "Primitivo", "name": "Southern Italy Primitivo", "image": null, "background_image": {"location": "//images.vivino.com/backgrounds/styles/Jhd_bJZNT06NeXoL9XSE9g.jpg", "variations": {"small": "//images.vivino.com/backgrounds/styles/thumbs/Jhd_bJZNT06NeXoL9XSE9g_932x810.jpg"}}, "description": "Arguably more well known by its alter-ego Zinfandel, Primitivo is a huge, ripe Italian grape which is the pride of the Apulia region in the south of Italy.\n\nPrimitivo is a delightfully brash wine that's very dark, very juicy and very high in alcohol.\n\nThe grape is thought to have originated in Croatia, where it is known as Crljenak (shill-ee-ah-nock). It was then brought to Italy, and on to the United States in the 1800s, where it thrived under the Californian sun.\n\nPrimitivos are very well known for being full-bodied fruit bombs. Much like Californian Zinfandels they have a very high alcohol content on account of the grapes ripening quickly.\n\nPrimitivo is a fantastic BBQ wine. It loves pulled pork, ribs, steaks and anything with a lot of flavor and a mild char to it. Pizza is another excellent choice with this fabulous wine.", "blurb": "Also known as Zinfandel", "interesting_facts": ["Primitivo, Crljenak and Zinfandel are almost all genetically identical.", "Because of its relatively low plantings in Italy and Croatia, Primitivo is considered California's grape.", "Legend has it that Primitivo was the wine served at the Last Supper."], "body": 4, "body_description": "Full-bodied", "acidity": 3, "acidity_description": "High", "country": {"code": "it", "name": "Italy", "native_name": "Italia", "seo_name": "italy", "currency": {"code": "EUR", "name": "Euros", "prefix": "\u20ac", "suffix": null}, "regions_count": 557, "users_count": 3875564, "wines_count": 355339, "wineries_count": 41362, "most_used_grapes": [{"id": 16, "name": "Sangiovese", "seo_name": "sangiovese", "has_detailed_info": true, "wines_count": 125094}, {"id": 10, "name": "Merlot", "seo_name": "merlot", "has_detailed_info": true, "wines_count": 566719}, {"id": 5, "name": "Chardonnay", "seo_name": "chardonnay", "has_detailed_info": true, "wines_count": 604208}]}, "wine_type_id": 1, "food": [{"id": 4, "name": "Beef", "background_image": {"location": "//images.vivino.com/backgrounds/foods/4_beef.png", "variations": {"small": "//images.vivino.com/backgrounds/foods/thumbs/4_beef_932x810.png"}}, "seo_name": "beef"}, {"id": 5, "name": "Pasta", "background_image": {"location": "//images.vivino.com/backgrounds/foods/5_pasta.png", "variations": {"small": "//images.vivino.com/backgrounds/foods/thumbs/5_pasta_932x810.png"}}, "seo_name": null}, {"id": 8, "name": "Lamb", "background_image": {"location": "//images.vivino.com/backgrounds/foods/8_lamb.png", "variations": {"small": "//images.vivino.com/backgrounds/foods/thumbs/8_lamb_932x810.png"}}, "seo_name": "lamb"}, {"id": 20, "name": "Poultry", "background_image": {"location": "//images.vivino.com/backgrounds/foods/20_chicken.png", "variations": {"small": "//images.vivino.com/backgrounds/foods/thumbs/20_chicken_932x810.png"}}, "seo_name": "poultry"}], "grapes": [{"id": 92, "name": "Primitivo", "seo_name": "primitivo", "has_detailed_info": false, "wines_count": 37140}], "region": null}}, "vintage_year": 2016}], "recommended_vintages": [{"vintage": {"id": 4331890, "seo_name": "tornicola-primitivo-2012", "name": "Tornicola Primitivo 2012", "statistics": {"status": "Normal", "ratings_count": 17, "ratings_average": 3.8, "labels_count": 76, "reviews_count": 4}, "year": 2012, "grapes": null, "has_valid_ratings": true}, "type": "best_user_rated", "highlight_icon": "https://images.vivino.com/highlights/icon/best_user_rated.svg", "price": null}, {"vintage": {"id": 162003503, "seo_name": "tornicola-primitivo-2018", "name": "Tornicola Primitivo 2018", "statistics": {"status": "Normal", "ratings_count": 205, "ratings_average": 3.8, "labels_count": 782, "reviews_count": 61}, "year": 2018, "grapes": null, "has_valid_ratings": true}, "type": "most_user_rated", "highlight_icon": "https://images.vivino.com/highlights/icon/most_user_rated.svg", "price": null}, {"vintage": {"id": 154797622, "seo_name": "tornicola-primitivo-2016", "name": "Tornicola Primitivo 2016", "statistics": {"status": "Normal", "ratings_count": 123, "ratings_average": 3.8, "labels_count": 581, "reviews_count": 40}, "year": 2016, "grapes": null, "has_valid_ratings": true}, "type": "top_ranked", "highlight_icon": "https://images.vivino.com/highlights/icon/top_ranked.svg", "price": null}], "prices_and_availabilities": [], "price_range": {"currency": {"code": "EUR", "name": "Euros", "prefix": "\u20ac", "suffix": null}, "price_range": {"minimum": 0, "maximum": 500, "currency_code": "EUR"}, "defaults": {"minimum": 7, "maximum": 30, "currency_code": "EUR"}}, "subtotal_price": null}