{"tastes": {"structure": {"acidity": 2.4185631, "fizziness": null, "intensity": 3.222415, "sweetness": 2.0645509, "tannin": null, "user_structure_count": 18, "calculated_structure_count": 25}, "flavor": [{"group": "oak", "stats": {"count": 20, "score": 2604, "mentions_count": 27}, "primary_keywords": [{"id": 292, "name": "Eiche", "count": 15}, {"id": 434, "name": "Vanille", "count": 6}, {"id": 70, "name": "Butter", "count": 3}, {"id": 101, "name": "Schokolade", "count": 2}, {"id": 79, "name": "Karamell", "count": 1}], "secondary_keywords": [{"id": 384, "name": "Rauch", "count": 2}, {"id": 105, "name": "Zimt", "count": 1}]}, {"group": "tree_fruit", "stats": {"count": 12, "score": 1600, "mentions_count": 16}, "primary_keywords": [{"id": 310, "name": "Pfirsich", "count": 8}, {"id": 11, "name": "Aprikose", "count": 3}, {"id": 271, "name": "Melone", "count": 2}, {"id": 469, "name": "Steinfrucht", "count": 2}, {"id": 9, "name": "Apfel", "count": 1}]}, {"group": "earth", "stats": {"count": 7, "score": 616, "mentions_count": 7}, "primary_keywords": [{"id": 398, "name": "Stein", "count": 3}, {"id": 276, "name": "Mineralien", "count": 2}, {"id": 384, "name": "Rauch", "count": 2}]}, {"group": "spices", "stats": {"count": 11, "score": 487, "mentions_count": 5}, "primary_keywords": [{"id": 7, "name": "Anis", "count": 2}, {"id": 161, "name": "Fenchel", "count": 1}, {"id": 105, "name": "Zimt", "count": 1}, {"id": 277, "name": "Minze", "count": 1}], "secondary_keywords": [{"id": 434, "name": "Vanille", "count": 6}]}, {"group": "tropical_fruit", "stats": {"count": 3, "score": 500, "mentions_count": 5}, "primary_keywords": [{"id": 428, "name": "Tropisch", "count": 2}, {"id": 329, "name": "Ananas", "count": 2}, {"id": 256, "name": "Litschi", "count": 1}]}, {"group": "citrus_fruit", "stats": {"count": 4, "score": 400, "mentions_count": 4}, "primary_keywords": [{"id": 190, "name": "Grapefruit", "count": 1}, {"id": 54, "name": "Blutorange", "count": 1}, {"id": 106, "name": "Zitrone", "count": 1}, {"id": 243, "name": "Zitrone", "count": 1}]}, {"group": "vegetal", "stats": {"count": 3, "score": 400, "mentions_count": 4}, "primary_keywords": [{"id": 193, "name": "Gras", "count": 2}, {"id": 399, "name": "Stroh", "count": 1}, {"id": 212, "name": "Heu", "count": 1}]}, {"group": "microbio", "stats": {"count": 7, "score": 432, "mentions_count": 3}, "primary_keywords": [{"id": 123, "name": "Creme", "count": 2}, {"id": 91, "name": "K\u00e4se", "count": 1}], "secondary_keywords": [{"id": 70, "name": "Butter", "count": 3}, {"id": 417, "name": "Toast", "count": 1}]}, {"group": "non_oak", "stats": {"count": 10, "score": 161, "mentions_count": 1}, "primary_keywords": [{"id": 417, "name": "Toast", "count": 1}], "secondary_keywords": [{"id": 434, "name": "Vanille", "count": 6}, {"id": 384, "name": "Rauch", "count": 2}, {"id": 79, "name": "Karamell", "count": 1}, {"id": 105, "name": "Zimt", "count": 1}]}, {"group": "dried_fruit", "stats": {"count": 1, "score": 100, "mentions_count": 1}, "primary_keywords": [{"id": 147, "name": "Trockenfrucht", "count": 1}]}, {"group": "red_fruit", "stats": {"count": 1, "score": 100, "mentions_count": 1}, "primary_keywords": [{"id": 354, "name": "Rote Frucht", "count": 1}]}]}, "vivino_id": "1216147"}