{"vintage": {"id": 3202788, "seo_name": "la-cloutade-d-ambre-corbieres-uv", "name": "La Cloutade d'Ambre Corbieres", "statistics": {"status": "Normal", "ratings_count": 85, "ratings_average": 3.4, "labels_count": 4, "reviews_count": 0}, "organic_certification_id": null, "certified_biodynamic": null, "image": {"location": "//images.vivino.com/labels/dMJfu1nhTpaWxWf61cJPMQ.jpg", "variations": {"large": "//images.vivino.com/thumbs/dMJfu1nhTpaWxWf61cJPMQ_375x500.jpg", "medium": "//images.vivino.com/thumbs/dMJfu1nhTpaWxWf61cJPMQ_150x200.jpg", "medium_square": "//images.vivino.com/thumbs/dMJfu1nhTpaWxWf61cJPMQ_150x150.jpg", "small_square": "//images.vivino.com/thumbs/dMJfu1nhTpaWxWf61cJPMQ_80x80.jpg"}}, "wine": {"id": 1212897, "name": "Corbieres", "seo_name": "corbieres", "type_id": 1, "vintage_type": 0, "is_natural": false, "region": {"id": 833, "name": "Languedoc", "name_en": "Coteaux du Languedoc", "seo_name": "languedoc", "country": {"code": "fr", "name": "France", "native_name": "France", "seo_name": "france", "currency": {"code": "EUR", "name": "Euros", "prefix": "\u20ac", "suffix": null}, "regions_count": 1292, "users_count": 5068363, "wines_count": 542471, "wineries_count": 67002, "most_used_grapes": [{"id": 14, "name": "Pinot Noir", "seo_name": "pinot-noir", "has_detailed_info": true, "wines_count": 572334}, {"id": 10, "name": "Merlot", "seo_name": "merlot", "has_detailed_info": true, "wines_count": 566719}, {"id": 5, "name": "Chardonnay", "seo_name": "chardonnay", "has_detailed_info": true, "wines_count": 604208}]}, "parent_id": 536, "background_image": {"location": "//images.vivino.com/regions/backgrounds/v88YUfaHQb6vI8-lmTSI6Q.jpg", "variations": {"large": "//thumbs.vivino.com/region_backgrounds/v88YUfaHQb6vI8-lmTSI6Q_1280x760.jpg", "medium": "//thumbs.vivino.com/region_backgrounds/v88YUfaHQb6vI8-lmTSI6Q_600x356.jpg"}}, "class": {"typecast_map": {"background_image": {}, "class": {}}}, "statistics": {"wineries_count": 2547, "wines_count": 10822, "sub_regions_count": 14, "parent_regions_count": 1}}, "review_status": 2, "winery": {"id": 58261, "name": "La Cloutade d'Ambre", "seo_name": "la-cloutade-d-ambre", "status": 0, "review_status": "Completed", "background_image": null, "statistics": {"ratings_count": 85, "ratings_average": 3.4, "labels_count": 580, "wines_count": 1}, "region": {"id": 833, "name": "Languedoc", "name_en": "Coteaux du Languedoc", "seo_name": "languedoc", "country": {"code": "fr", "name": "France", "native_name": "France", "seo_name": "france", "currency": {"code": "EUR", "name": "Euros", "prefix": "\u20ac", "suffix": null}, "regions_count": 1292, "users_count": 5068363, "wines_count": 542471, "wineries_count": 67002, "most_used_grapes": [{"id": 14, "name": "Pinot Noir", "seo_name": "pinot-noir", "has_detailed_info": true, "wines_count": 572334}, {"id": 10, "name": "Merlot", "seo_name": "merlot", "has_detailed_info": true, "wines_count": 566719}, {"id": 5, "name": "Chardonnay", "seo_name": "chardonnay", "has_detailed_info": true, "wines_count": 604208}]}, "parent_id": 536, "background_image": {"location": "//images.vivino.com/regions/backgrounds/v88YUfaHQb6vI8-lmTSI6Q.jpg", "variations": {"large": "//thumbs.vivino.com/region_backgrounds/v88YUfaHQb6vI8-lmTSI6Q_1280x760.jpg", "medium": "//thumbs.vivino.com/region_backgrounds/v88YUfaHQb6vI8-lmTSI6Q_600x356.jpg"}}, "class": {"typecast_map": {"background_image": {}, "class": {}}}, "statistics": {"wineries_count": 2547, "wines_count": 10822, "sub_regions_count": 14, "parent_regions_count": 1}}, "business_name": "La Cloutade d'Ambre", "description": "", "specialists_notes": "", "phone": "", "email": "", "facebook": "", "instagram": "", "is_claimed": false, "twitter": "", "website": "", "winemaker": null, "wine_maker": null, "address": {"title": null, "name": null, "street": null, "street2": null, "neighborhood": null, "city": null, "zip": null, "state": null, "country": {"code": "fr", "name": "France", "native_name": "France", "seo_name": "france", "currency": {"code": "EUR", "name": "Euros", "prefix": "\u20ac", "suffix": null}, "regions_count": 1292, "users_count": 5068363, "wines_count": 542471, "wineries_count": 67002, "most_used_grapes": [{"id": 14, "name": "Pinot Noir", "seo_name": "pinot-noir", "has_detailed_info": true, "wines_count": 572334}, {"id": 10, "name": "Merlot", "seo_name": "merlot", "has_detailed_info": true, "wines_count": 566719}, {"id": 5, "name": "Chardonnay", "seo_name": "chardonnay", "has_detailed_info": true, "wines_count": 604208}]}, "company": null, "phone": null, "external_id": null, "residential": null, "vat_number": null, "vat_code": null, "addition": null}, "image": null, "location": null, "winery_group": null, "first_wines": [], "sponsored_entity_type": null, "sponsored_entity": null}, "statistics": {"status": "Normal", "ratings_count": 85, "ratings_average": 3.4, "labels_count": 580, "vintages_count": 22}, "rank": {"country": {"description": "Rank within France", "total": 317725, "rank": 134547}, "region": {"description": "Rank within Wine Region", "total": 17255, "rank": 6205}, "winery": {"description": "Rank within Winery", "total": 1, "rank": 1}, "wine_type": {"description": "Rank within all Red Wine", "total": 659137, "rank": 278993}, "global": {"description": "Global Rank", "total": 1302077, "rank": 510296}}, "hidden": false, "vintages": [{"id": 158601151, "seo_name": "la-cloutade-d-ambre-corbieres-2017", "name": "La Cloutade d'Ambre Corbieres 2017", "statistics": {"status": "BelowThreshold", "ratings_count": 1, "ratings_average": 0, "labels_count": 1, "reviews_count": 0}, "year": 2017, "grapes": null, "has_valid_ratings": false}, {"id": 154274126, "seo_name": "la-cloutade-d-ambre-corbieres-2016", "name": "La Cloutade d'Ambre Corbieres 2016", "statistics": {"status": "BelowThreshold", "ratings_count": 1, "ratings_average": 0, "labels_count": 3, "reviews_count": 1}, "year": 2016, "grapes": null, "has_valid_ratings": false}, {"id": 10622889, "seo_name": "la-cloutade-d-ambre-corbieres-2014", "name": "La Cloutade d'Ambre Corbieres 2014", "statistics": {"status": "Normal", "ratings_count": 23, "ratings_average": 3.8, "labels_count": 139, "reviews_count": 8}, "year": 2014, "grapes": null, "has_valid_ratings": true}, {"id": 5091122, "seo_name": "la-cloutade-d-ambre-corbieres-2013", "name": "La Cloutade d'Ambre Corbieres 2013", "statistics": {"status": "Normal", "ratings_count": 24, "ratings_average": 3.1, "labels_count": 131, "reviews_count": 10}, "year": 2013, "grapes": null, "has_valid_ratings": true}, {"id": 2435923, "seo_name": "la-cloutade-d-ambre-corbieres-2012", "name": "La Cloutade d'Ambre Corbieres 2012", "statistics": {"status": "Normal", "ratings_count": 23, "ratings_average": 3.1, "labels_count": 173, "reviews_count": 4}, "year": 2012, "grapes": null, "has_valid_ratings": true}, {"id": 2920146, "seo_name": "la-cloutade-d-ambre-corbieres-2011", "name": "La Cloutade d'Ambre Corbieres 2011", "statistics": {"status": "BelowThreshold", "ratings_count": 7, "ratings_average": 0, "labels_count": 26, "reviews_count": 1}, "year": 2011, "grapes": null, "has_valid_ratings": false}, {"id": 1306328, "seo_name": "la-cloutade-d-ambre-corbieres-2010", "name": "La Cloutade d'Ambre Corbieres 2010", "statistics": {"status": "BelowThreshold", "ratings_count": 4, "ratings_average": 0, "labels_count": 29, "reviews_count": 2}, "year": 2010, "grapes": null, "has_valid_ratings": false}, {"id": 15791859, "seo_name": "la-cloutade-d-ambre-corbieres-2009", "name": "La Cloutade d'Ambre Corbieres 2009", "statistics": {"status": "BelowThreshold", "ratings_count": 1, "ratings_average": 0, "labels_count": 2, "reviews_count": 0}, "year": 2009, "grapes": null, "has_valid_ratings": false}, {"id": 2435912, "seo_name": "la-cloutade-d-ambre-corbieres-2007", "name": "La Cloutade d'Ambre Corbieres 2007", "statistics": {"status": "BelowThreshold", "ratings_count": 1, "ratings_average": 0, "labels_count": 2, "reviews_count": 0}, "year": 2007, "grapes": null, "has_valid_ratings": false}, {"id": 3202788, "seo_name": "la-cloutade-d-ambre-corbieres-uv", "name": "La Cloutade d'Ambre Corbieres", "statistics": {"status": "Normal", "ratings_count": 85, "ratings_average": 3.4, "labels_count": 4, "reviews_count": 0}, "year": 0, "grapes": null, "has_valid_ratings": true}], "description": "", "grapes": [], "foods": [{"id": 4, "name": "Beef", "background_image": {"location": "//images.vivino.com/backgrounds/foods/4_beef.png", "variations": {"small": "//images.vivino.com/backgrounds/foods/thumbs/4_beef_932x810.png"}}, "seo_name": "beef"}, {"id": 5, "name": "Pasta", "background_image": {"location": "//images.vivino.com/backgrounds/foods/5_pasta.png", "variations": {"small": "//images.vivino.com/backgrounds/foods/thumbs/5_pasta_932x810.png"}}, "seo_name": null}, {"id": 9, "name": "Veal", "background_image": {"location": "//images.vivino.com/backgrounds/foods/9_veal.png", "variations": {"small": "//images.vivino.com/backgrounds/foods/thumbs/9_veal_932x810.png"}}, "seo_name": "veal"}], "non_vintage": false, "alcohol": 0, "sweetness_id": null, "closure": null, "vintage_mask_raw": null, "updated_at": "2021-11-12T08:46:27Z", "created_at": "2012-03-15T13:51:35Z", "is_first_wine": false, "style": {"id": 94, "seo_name": "languedoc-roussillon-red", "regional_name": "Languedoc-Roussillon", "varietal_name": "Red", "name": "Languedoc-Roussillon Red", "image": null, "background_image": {"location": "//images.vivino.com/backgrounds/styles/Xfpg1e4BQH2hG2-ZTfdmvQ.jpg", "variations": {"small": "//images.vivino.com/backgrounds/styles/thumbs/Xfpg1e4BQH2hG2-ZTfdmvQ_932x810.jpg"}}, "description": "Wine from the Languedoc-Roussillon region is produced in the South of France, ranging from the Mediterranean coast to Provence. Cabernet, Merlot, Mourvedre, Grenache, and Syrah are some of the most important red grapes in the region.\n\nMost wine producers in this region produce blends, as opposed to single varietal wines. There are some outstanding values to be found in wines from this region. Many red blends from this area retail for well under $20!\n\nLanguedoc-Roussillon is the biggest wine producing region in the world, responsible for over 1/3 of France's wine production.\n\nAlthough the region has been known to produce cheap table wine in the past, many vineyards and cooperatives are replacing lesser quality vines with higher quality wine varieties and production methods. The quality has been steadily improving since the 1970s when the region was best known for churning out cheap jug wine.\n\nThe two regions of Languedoc-Roussillon produce distinct styles of red wine, although they are lumped together.The Languedoc is known for fruit-forward and full-bodied wines that can also be quite complex. Roussillon produces riper and juicier blends, as well as late-harvest and fortified wines.", "blurb": null, "interesting_facts": ["As recently as 2001 the region produced more wine than the entire United States.", "During the World Wars, the French army received its daily wine rations from this region.", "The region is one of the oldest wine producing regions in France, said to date back to at least 6000 BC.", "During the 14th century, wines from the area were prescribed by doctors and hospitals to help various ailments."], "body": 4, "body_description": "Full-bodied", "acidity": 3, "acidity_description": "High", "country": {"code": "fr", "name": "France", "native_name": "France", "seo_name": "france", "currency": {"code": "EUR", "name": "Euros", "prefix": "\u20ac", "suffix": null}, "regions_count": 1292, "users_count": 5068363, "wines_count": 542471, "wineries_count": 67002, "most_used_grapes": [{"id": 14, "name": "Pinot Noir", "seo_name": "pinot-noir", "has_detailed_info": true, "wines_count": 572334}, {"id": 10, "name": "Merlot", "seo_name": "merlot", "has_detailed_info": true, "wines_count": 566719}, {"id": 5, "name": "Chardonnay", "seo_name": "chardonnay", "has_detailed_info": true, "wines_count": 604208}]}, "wine_type_id": 1, "food": [{"id": 4, "name": "Beef", "background_image": {"location": "//images.vivino.com/backgrounds/foods/4_beef.png", "variations": {"small": "//images.vivino.com/backgrounds/foods/thumbs/4_beef_932x810.png"}}, "seo_name": "beef"}, {"id": 5, "name": "Pasta", "background_image": {"location": "//images.vivino.com/backgrounds/foods/5_pasta.png", "variations": {"small": "//images.vivino.com/backgrounds/foods/thumbs/5_pasta_932x810.png"}}, "seo_name": null}, {"id": 9, "name": "Veal", "background_image": {"location": "//images.vivino.com/backgrounds/foods/9_veal.png", "variations": {"small": "//images.vivino.com/backgrounds/foods/thumbs/9_veal_932x810.png"}}, "seo_name": "veal"}], "grapes": [{"id": 1, "name": "Shiraz/Syrah", "seo_name": "shiraz-syrah", "has_detailed_info": true, "wines_count": 551112}, {"id": 8, "name": "Grenache", "seo_name": "grenache-noir", "has_detailed_info": true, "wines_count": 240002}, {"id": 22, "name": "Mourvedre", "seo_name": "mourvedre", "has_detailed_info": true, "wines_count": 101132}], "region": {"id": 536, "name": "Languedoc-Roussillon", "name_en": "", "seo_name": "languedoc-roussillon", "country": {"code": "fr", "name": "France", "native_name": "France", "seo_name": "france", "currency": {"code": "EUR", "name": "Euros", "prefix": "\u20ac", "suffix": null}, "regions_count": 1292, "users_count": 5068363, "wines_count": 542471, "wineries_count": 67002, "most_used_grapes": [{"id": 14, "name": "Pinot Noir", "seo_name": "pinot-noir", "has_detailed_info": true, "wines_count": 572334}, {"id": 10, "name": "Merlot", "seo_name": "merlot", "has_detailed_info": true, "wines_count": 566719}, {"id": 5, "name": "Chardonnay", "seo_name": "chardonnay", "has_detailed_info": true, "wines_count": 604208}]}, "parent_id": null, "background_image": {"location": "//images.vivino.com/regions/backgrounds/-iw2xwauQ7GnxGGUkTGolw.jpg", "variations": {"large": "//thumbs.vivino.com/region_backgrounds/-iw2xwauQ7GnxGGUkTGolw_1280x760.jpg", "medium": "//thumbs.vivino.com/region_backgrounds/-iw2xwauQ7GnxGGUkTGolw_600x356.jpg"}}, "statistics": {"wineries_count": 6529, "wines_count": 27892, "sub_regions_count": 21, "parent_regions_count": 0}}}, "has_valid_ratings": true}, "description": "", "wine_critic_reviews": [], "awards": [], "ratings_distribution": {"1": 2, "2": 11, "3": 43, "4": 21, "5": 8}, "ranking": {"country": {"description": "Rank within France", "total": 2497619, "rank": 555351}, "region": {"description": "Rank within Wine Region", "total": 111405, "rank": 21303}, "winery": {"description": "Rank within Winery", "total": 10, "rank": 2}, "global": {"description": "Global Rank", "total": 8944710, "rank": 2002363}}, "wine_facts": {}, "winemaker": null, "wine_maker": null, "grape_composition": {}, "year": "", "grapes": null, "has_valid_ratings": true}, "carts": null, "full_region": null, "tastes": null, "wine": {"id": 1212897, "name": "Corbieres", "seo_name": "corbieres", "type_id": 1, "vintage_type": 0, "is_natural": false, "region": {"id": 833, "name": "Languedoc", "name_en": "Coteaux du Languedoc", "seo_name": "languedoc", "country": {"code": "fr", "name": "France", "native_name": "France", "seo_name": "france", "currency": {"code": "EUR", "name": "Euros", "prefix": "\u20ac", "suffix": null}, "regions_count": 1292, "users_count": 5068363, "wines_count": 542471, "wineries_count": 67002, "most_used_grapes": [{"id": 14, "name": "Pinot Noir", "seo_name": "pinot-noir", "has_detailed_info": true, "wines_count": 572334}, {"id": 10, "name": "Merlot", "seo_name": "merlot", "has_detailed_info": true, "wines_count": 566719}, {"id": 5, "name": "Chardonnay", "seo_name": "chardonnay", "has_detailed_info": true, "wines_count": 604208}]}, "parent_id": 536, "background_image": {"location": "//images.vivino.com/regions/backgrounds/v88YUfaHQb6vI8-lmTSI6Q.jpg", "variations": {"large": "//thumbs.vivino.com/region_backgrounds/v88YUfaHQb6vI8-lmTSI6Q_1280x760.jpg", "medium": "//thumbs.vivino.com/region_backgrounds/v88YUfaHQb6vI8-lmTSI6Q_600x356.jpg"}}, "class": {"typecast_map": {"background_image": {}, "class": {}}}, "statistics": {"wineries_count": 2547, "wines_count": 10822, "sub_regions_count": 14, "parent_regions_count": 1}}, "review_status": 2, "winery": {"id": 58261, "name": "La Cloutade d'Ambre", "seo_name": "la-cloutade-d-ambre", "status": 0, "review_status": "Completed", "background_image": null, "statistics": {"ratings_count": 85, "ratings_average": 3.4, "labels_count": 580, "wines_count": 1}, "region": {"id": 833, "name": "Languedoc", "name_en": "Coteaux du Languedoc", "seo_name": "languedoc", "country": {"code": "fr", "name": "France", "native_name": "France", "seo_name": "france", "currency": {"code": "EUR", "name": "Euros", "prefix": "\u20ac", "suffix": null}, "regions_count": 1292, "users_count": 5068363, "wines_count": 542471, "wineries_count": 67002, "most_used_grapes": [{"id": 14, "name": "Pinot Noir", "seo_name": "pinot-noir", "has_detailed_info": true, "wines_count": 572334}, {"id": 10, "name": "Merlot", "seo_name": "merlot", "has_detailed_info": true, "wines_count": 566719}, {"id": 5, "name": "Chardonnay", "seo_name": "chardonnay", "has_detailed_info": true, "wines_count": 604208}]}, "parent_id": 536, "background_image": {"location": "//images.vivino.com/regions/backgrounds/v88YUfaHQb6vI8-lmTSI6Q.jpg", "variations": {"large": "//thumbs.vivino.com/region_backgrounds/v88YUfaHQb6vI8-lmTSI6Q_1280x760.jpg", "medium": "//thumbs.vivino.com/region_backgrounds/v88YUfaHQb6vI8-lmTSI6Q_600x356.jpg"}}, "class": {"typecast_map": {"background_image": {}, "class": {}}}, "statistics": {"wineries_count": 2547, "wines_count": 10822, "sub_regions_count": 14, "parent_regions_count": 1}}}, "image": {"location": "//images.vivino.com/labels/dMJfu1nhTpaWxWf61cJPMQ.jpg", "variations": {"large": "//images.vivino.com/thumbs/dMJfu1nhTpaWxWf61cJPMQ_375x500.jpg", "medium": "//images.vivino.com/thumbs/dMJfu1nhTpaWxWf61cJPMQ_150x200.jpg", "medium_square": "//images.vivino.com/thumbs/dMJfu1nhTpaWxWf61cJPMQ_150x150.jpg", "small_square": "//images.vivino.com/thumbs/dMJfu1nhTpaWxWf61cJPMQ_80x80.jpg"}}, "statistics": {"status": "Normal", "ratings_count": 85, "ratings_average": 3.4, "labels_count": 580, "vintages_count": 22}, "rank": null, "hidden": false, "vintages": [{"id": 163908544, "seo_name": "la-cloutade-d-ambre-corbieres-2020", "name": "La Cloutade d'Ambre Corbieres 2020", "statistics": {"status": "BelowThreshold", "ratings_count": 0, "ratings_average": 0, "labels_count": 0, "reviews_count": 0}, "year": 2020, "grapes": null, "has_valid_ratings": false}, {"id": 165769162, "seo_name": "la-cloutade-d-ambre-corbieres-2019", "name": "La Cloutade d'Ambre Corbieres 2019", "statistics": {"status": "BelowThreshold", "ratings_count": 0, "ratings_average": 0, "labels_count": 0, "reviews_count": 0}, "year": 2019, "grapes": null, "has_valid_ratings": false}, {"id": 162183399, "seo_name": "la-cloutade-d-ambre-corbieres-2018", "name": "La Cloutade d'Ambre Corbieres 2018", "statistics": {"status": "BelowThreshold", "ratings_count": 0, "ratings_average": 0, "labels_count": 0, "reviews_count": 0}, "year": 2018, "grapes": null, "has_valid_ratings": false}, {"id": 158601151, "seo_name": "la-cloutade-d-ambre-corbieres-2017", "name": "La Cloutade d'Ambre Corbieres 2017", "statistics": {"status": "BelowThreshold", "ratings_count": 1, "ratings_average": 0, "labels_count": 1, "reviews_count": 0}, "year": 2017, "grapes": null, "has_valid_ratings": false}, {"id": 154274126, "seo_name": "la-cloutade-d-ambre-corbieres-2016", "name": "La Cloutade d'Ambre Corbieres 2016", "statistics": {"status": "BelowThreshold", "ratings_count": 1, "ratings_average": 0, "labels_count": 3, "reviews_count": 1}, "year": 2016, "grapes": null, "has_valid_ratings": false}, {"id": 147246795, "seo_name": "la-cloutade-d-ambre-corbieres-2015", "name": "La Cloutade d'Ambre Corbieres 2015", "statistics": {"status": "BelowThreshold", "ratings_count": 0, "ratings_average": 0, "labels_count": 1, "reviews_count": 0}, "year": 2015, "grapes": null, "has_valid_ratings": false}, {"id": 10622889, "seo_name": "la-cloutade-d-ambre-corbieres-2014", "name": "La Cloutade d'Ambre Corbieres 2014", "statistics": {"status": "Normal", "ratings_count": 23, "ratings_average": 3.8, "labels_count": 139, "reviews_count": 8}, "year": 2014, "grapes": null, "has_valid_ratings": true}, {"id": 5091122, "seo_name": "la-cloutade-d-ambre-corbieres-2013", "name": "La Cloutade d'Ambre Corbieres 2013", "statistics": {"status": "Normal", "ratings_count": 24, "ratings_average": 3.1, "labels_count": 131, "reviews_count": 10}, "year": 2013, "grapes": null, "has_valid_ratings": true}, {"id": 2435923, "seo_name": "la-cloutade-d-ambre-corbieres-2012", "name": "La Cloutade d'Ambre Corbieres 2012", "statistics": {"status": "Normal", "ratings_count": 23, "ratings_average": 3.1, "labels_count": 173, "reviews_count": 4}, "year": 2012, "grapes": null, "has_valid_ratings": true}, {"id": 2920146, "seo_name": "la-cloutade-d-ambre-corbieres-2011", "name": "La Cloutade d'Ambre Corbieres 2011", "statistics": {"status": "BelowThreshold", "ratings_count": 7, "ratings_average": 0, "labels_count": 26, "reviews_count": 1}, "year": 2011, "grapes": null, "has_valid_ratings": false}, {"id": 1306328, "seo_name": "la-cloutade-d-ambre-corbieres-2010", "name": "La Cloutade d'Ambre Corbieres 2010", "statistics": {"status": "BelowThreshold", "ratings_count": 4, "ratings_average": 0, "labels_count": 29, "reviews_count": 2}, "year": 2010, "grapes": null, "has_valid_ratings": false}, {"id": 15791859, "seo_name": "la-cloutade-d-ambre-corbieres-2009", "name": "La Cloutade d'Ambre Corbieres 2009", "statistics": {"status": "BelowThreshold", "ratings_count": 1, "ratings_average": 0, "labels_count": 2, "reviews_count": 0}, "year": 2009, "grapes": null, "has_valid_ratings": false}, {"id": 2435912, "seo_name": "la-cloutade-d-ambre-corbieres-2007", "name": "La Cloutade d'Ambre Corbieres 2007", "statistics": {"status": "BelowThreshold", "ratings_count": 1, "ratings_average": 0, "labels_count": 2, "reviews_count": 0}, "year": 2007, "grapes": null, "has_valid_ratings": false}, {"id": 156032723, "seo_name": "la-cloutade-d-ambre-corbieres-2006", "name": "La Cloutade d'Ambre Corbieres 2006", "statistics": {"status": "BelowThreshold", "ratings_count": 0, "ratings_average": 0, "labels_count": 1, "reviews_count": 0}, "year": 2006, "grapes": null, "has_valid_ratings": false}, {"id": 12781853, "seo_name": "la-cloutade-d-ambre-corbieres-2005", "name": "La Cloutade d'Ambre Corbieres 2005", "statistics": {"status": "BelowThreshold", "ratings_count": 0, "ratings_average": 0, "labels_count": 2, "reviews_count": 0}, "year": 2005, "grapes": null, "has_valid_ratings": false}, {"id": 2810805, "seo_name": "la-cloutade-d-ambre-corbieres-2002", "name": "La Cloutade d'Ambre Corbieres 2002", "statistics": {"status": "BelowThreshold", "ratings_count": 0, "ratings_average": 0, "labels_count": 1, "reviews_count": 0}, "year": 2002, "grapes": null, "has_valid_ratings": false}, {"id": 162987171, "seo_name": "la-cloutade-d-ambre-corbieres-2001", "name": "La Cloutade d'Ambre Corbieres 2001", "statistics": {"status": "BelowThreshold", "ratings_count": 0, "ratings_average": 0, "labels_count": 0, "reviews_count": 0}, "year": 2001, "grapes": null, "has_valid_ratings": false}, {"id": 13824808, "seo_name": "la-cloutade-d-ambre-corbieres-2000", "name": "La Cloutade d'Ambre Corbieres 2000", "statistics": {"status": "BelowThreshold", "ratings_count": 0, "ratings_average": 0, "labels_count": 1, "reviews_count": 0}, "year": 2000, "grapes": null, "has_valid_ratings": false}, {"id": 13824732, "seo_name": "la-cloutade-d-ambre-corbieres-1999", "name": "La Cloutade d'Ambre Corbieres 1999", "statistics": {"status": "BelowThreshold", "ratings_count": 0, "ratings_average": 0, "labels_count": 1, "reviews_count": 0}, "year": 1999, "grapes": null, "has_valid_ratings": false}, {"id": 156165597, "seo_name": "la-cloutade-d-ambre-corbieres-1998", "name": "La Cloutade d'Ambre Corbieres 1998", "statistics": {"status": "BelowThreshold", "ratings_count": 0, "ratings_average": 0, "labels_count": 1, "reviews_count": 0}, "year": 1998, "grapes": null, "has_valid_ratings": false}, {"id": 157830298, "seo_name": "la-cloutade-d-ambre-corbieres-1996", "name": "La Cloutade d'Ambre Corbieres 1996", "statistics": {"status": "BelowThreshold", "ratings_count": 0, "ratings_average": 0, "labels_count": 0, "reviews_count": 0}, "year": 1996, "grapes": null, "has_valid_ratings": false}, {"id": 13037745, "seo_name": "la-cloutade-d-ambre-corbieres-1995", "name": "La Cloutade d'Ambre Corbieres 1995", "statistics": {"status": "BelowThreshold", "ratings_count": 0, "ratings_average": 0, "labels_count": 1, "reviews_count": 0}, "year": 1995, "grapes": null, "has_valid_ratings": false}, {"id": 154838208, "seo_name": "la-cloutade-d-ambre-corbieres-1991", "name": "La Cloutade d'Ambre Corbieres 1991", "statistics": {"status": "BelowThreshold", "ratings_count": 0, "ratings_average": 0, "labels_count": 1, "reviews_count": 0}, "year": 1991, "grapes": null, "has_valid_ratings": false}, {"id": 3202788, "seo_name": "la-cloutade-d-ambre-corbieres-uv", "name": "La Cloutade d'Ambre Corbieres", "statistics": {"status": "Normal", "ratings_count": 85, "ratings_average": 3.4, "labels_count": 4, "reviews_count": 0}, "year": 0, "grapes": null, "has_valid_ratings": true}], "description": "", "grapes": [], "foods": [{"id": 4, "name": "Beef", "background_image": {"location": "//images.vivino.com/backgrounds/foods/4_beef.png", "variations": {"small": "//images.vivino.com/backgrounds/foods/thumbs/4_beef_932x810.png"}}, "seo_name": "beef"}, {"id": 5, "name": "Pasta", "background_image": {"location": "//images.vivino.com/backgrounds/foods/5_pasta.png", "variations": {"small": "//images.vivino.com/backgrounds/foods/thumbs/5_pasta_932x810.png"}}, "seo_name": null}, {"id": 9, "name": "Veal", "background_image": {"location": "//images.vivino.com/backgrounds/foods/9_veal.png", "variations": {"small": "//images.vivino.com/backgrounds/foods/thumbs/9_veal_932x810.png"}}, "seo_name": "veal"}], "non_vintage": false, "alcohol": 0, "sweetness_id": null, "closure": null, "vintage_mask_raw": null, "updated_at": "2021-11-12T08:46:27Z", "created_at": "2012-03-15T13:51:35Z", "is_first_wine": false, "style": {"id": 94, "seo_name": "languedoc-roussillon-red", "regional_name": "Languedoc-Roussillon", "varietal_name": "Red", "name": "Languedoc-Roussillon Red", "image": null, "background_image": {"location": "//images.vivino.com/backgrounds/styles/Xfpg1e4BQH2hG2-ZTfdmvQ.jpg", "variations": {"small": "//images.vivino.com/backgrounds/styles/thumbs/Xfpg1e4BQH2hG2-ZTfdmvQ_932x810.jpg"}}, "description": "Wine from the Languedoc-Roussillon region is produced in the South of France, ranging from the Mediterranean coast to Provence. Cabernet, Merlot, Mourvedre, Grenache, and Syrah are some of the most important red grapes in the region.\n\nMost wine producers in this region produce blends, as opposed to single varietal wines. There are some outstanding values to be found in wines from this region. Many red blends from this area retail for well under $20!\n\nLanguedoc-Roussillon is the biggest wine producing region in the world, responsible for over 1/3 of France's wine production.\n\nAlthough the region has been known to produce cheap table wine in the past, many vineyards and cooperatives are replacing lesser quality vines with higher quality wine varieties and production methods. The quality has been steadily improving since the 1970s when the region was best known for churning out cheap jug wine.\n\nThe two regions of Languedoc-Roussillon produce distinct styles of red wine, although they are lumped together.The Languedoc is known for fruit-forward and full-bodied wines that can also be quite complex. Roussillon produces riper and juicier blends, as well as late-harvest and fortified wines.", "blurb": null, "interesting_facts": ["As recently as 2001 the region produced more wine than the entire United States.", "During the World Wars, the French army received its daily wine rations from this region.", "The region is one of the oldest wine producing regions in France, said to date back to at least 6000 BC.", "During the 14th century, wines from the area were prescribed by doctors and hospitals to help various ailments."], "body": 4, "body_description": "Full-bodied", "acidity": 3, "acidity_description": "High", "country": {"code": "fr", "name": "France", "native_name": "France", "seo_name": "france", "currency": {"code": "EUR", "name": "Euros", "prefix": "\u20ac", "suffix": null}, "regions_count": 1292, "users_count": 5068363, "wines_count": 542471, "wineries_count": 67002, "most_used_grapes": [{"id": 14, "name": "Pinot Noir", "seo_name": "pinot-noir", "has_detailed_info": true, "wines_count": 572334}, {"id": 10, "name": "Merlot", "seo_name": "merlot", "has_detailed_info": true, "wines_count": 566719}, {"id": 5, "name": "Chardonnay", "seo_name": "chardonnay", "has_detailed_info": true, "wines_count": 604208}]}, "wine_type_id": 1, "food": [{"id": 4, "name": "Beef", "background_image": {"location": "//images.vivino.com/backgrounds/foods/4_beef.png", "variations": {"small": "//images.vivino.com/backgrounds/foods/thumbs/4_beef_932x810.png"}}, "seo_name": "beef"}, {"id": 5, "name": "Pasta", "background_image": {"location": "//images.vivino.com/backgrounds/foods/5_pasta.png", "variations": {"small": "//images.vivino.com/backgrounds/foods/thumbs/5_pasta_932x810.png"}}, "seo_name": null}, {"id": 9, "name": "Veal", "background_image": {"location": "//images.vivino.com/backgrounds/foods/9_veal.png", "variations": {"small": "//images.vivino.com/backgrounds/foods/thumbs/9_veal_932x810.png"}}, "seo_name": "veal"}], "grapes": [{"id": 1, "name": "Shiraz/Syrah", "seo_name": "shiraz-syrah", "has_detailed_info": true, "wines_count": 551112}, {"id": 8, "name": "Grenache", "seo_name": "grenache-noir", "has_detailed_info": true, "wines_count": 240002}, {"id": 22, "name": "Mourvedre", "seo_name": "mourvedre", "has_detailed_info": true, "wines_count": 101132}], "region": {"id": 536, "name": "Languedoc-Roussillon", "name_en": "", "seo_name": "languedoc-roussillon", "country": {"code": "fr", "name": "France", "native_name": "France", "seo_name": "france", "currency": {"code": "EUR", "name": "Euros", "prefix": "\u20ac", "suffix": null}, "regions_count": 1292, "users_count": 5068363, "wines_count": 542471, "wineries_count": 67002, "most_used_grapes": [{"id": 14, "name": "Pinot Noir", "seo_name": "pinot-noir", "has_detailed_info": true, "wines_count": 572334}, {"id": 10, "name": "Merlot", "seo_name": "merlot", "has_detailed_info": true, "wines_count": 566719}, {"id": 5, "name": "Chardonnay", "seo_name": "chardonnay", "has_detailed_info": true, "wines_count": 604208}]}, "parent_id": null, "background_image": {"location": "//images.vivino.com/regions/backgrounds/-iw2xwauQ7GnxGGUkTGolw.jpg", "variations": {"large": "//thumbs.vivino.com/region_backgrounds/-iw2xwauQ7GnxGGUkTGolw_1280x760.jpg", "medium": "//thumbs.vivino.com/region_backgrounds/-iw2xwauQ7GnxGGUkTGolw_600x356.jpg"}}, "statistics": {"wineries_count": 6529, "wines_count": 27892, "sub_regions_count": 21, "parent_regions_count": 0}}}, "has_valid_ratings": true}, "highlights": [{"vintage_id": 10622889, "highlight_type": "best_user_rated", "message": "This vintage rates better than any other year for this wine", "icon": "https://images.vivino.com/highlights/icon/best_user_rated.svg", "metadata": {"price": null, "wine_id": 1212897, "toplist": null, "ws_award": null, "critic_review_id": null, "ratings_average": 3.8, "ratings_count": 23, "vintage_year": "2014", "rank_type": "winery", "ranks": {"country": {"description": "Rank within France", "total": 2497619, "rank": 518352}, "region": {"description": "Rank within Wine Region", "total": 111405, "rank": 19371}, "winery": {"description": "Rank within Winery", "total": 10, "rank": 1}, "global": {"description": "Global Rank", "total": 8944710, "rank": 1872898}}, "style": {"id": 94, "seo_name": "languedoc-roussillon-red", "regional_name": "Languedoc-Roussillon", "varietal_name": "Red", "name": "Languedoc-Roussillon Red", "image": null, "background_image": {"location": "//images.vivino.com/backgrounds/styles/Xfpg1e4BQH2hG2-ZTfdmvQ.jpg", "variations": {"small": "//images.vivino.com/backgrounds/styles/thumbs/Xfpg1e4BQH2hG2-ZTfdmvQ_932x810.jpg"}}, "description": "Wine from the Languedoc-Roussillon region is produced in the South of France, ranging from the Mediterranean coast to Provence. Cabernet, Merlot, Mourvedre, Grenache, and Syrah are some of the most important red grapes in the region.\n\nMost wine producers in this region produce blends, as opposed to single varietal wines. There are some outstanding values to be found in wines from this region. Many red blends from this area retail for well under $20!\n\nLanguedoc-Roussillon is the biggest wine producing region in the world, responsible for over 1/3 of France's wine production.\n\nAlthough the region has been known to produce cheap table wine in the past, many vineyards and cooperatives are replacing lesser quality vines with higher quality wine varieties and production methods. The quality has been steadily improving since the 1970s when the region was best known for churning out cheap jug wine.\n\nThe two regions of Languedoc-Roussillon produce distinct styles of red wine, although they are lumped together.The Languedoc is known for fruit-forward and full-bodied wines that can also be quite complex. Roussillon produces riper and juicier blends, as well as late-harvest and fortified wines.", "blurb": null, "interesting_facts": ["As recently as 2001 the region produced more wine than the entire United States.", "During the World Wars, the French army received its daily wine rations from this region.", "The region is one of the oldest wine producing regions in France, said to date back to at least 6000 BC.", "During the 14th century, wines from the area were prescribed by doctors and hospitals to help various ailments."], "body": 4, "body_description": "Full-bodied", "acidity": 3, "acidity_description": "High", "country": {"code": "fr", "name": "France", "native_name": "France", "seo_name": "france", "currency": {"code": "EUR", "name": "Euros", "prefix": "\u20ac", "suffix": null}, "regions_count": 1292, "users_count": 5068363, "wines_count": 542471, "wineries_count": 67002, "most_used_grapes": [{"id": 14, "name": "Pinot Noir", "seo_name": "pinot-noir", "has_detailed_info": true, "wines_count": 572334}, {"id": 10, "name": "Merlot", "seo_name": "merlot", "has_detailed_info": true, "wines_count": 566719}, {"id": 5, "name": "Chardonnay", "seo_name": "chardonnay", "has_detailed_info": true, "wines_count": 604208}]}, "wine_type_id": 1, "food": [{"id": 4, "name": "Beef", "background_image": {"location": "//images.vivino.com/backgrounds/foods/4_beef.png", "variations": {"small": "//images.vivino.com/backgrounds/foods/thumbs/4_beef_932x810.png"}}, "seo_name": "beef"}, {"id": 5, "name": "Pasta", "background_image": {"location": "//images.vivino.com/backgrounds/foods/5_pasta.png", "variations": {"small": "//images.vivino.com/backgrounds/foods/thumbs/5_pasta_932x810.png"}}, "seo_name": null}, {"id": 9, "name": "Veal", "background_image": {"location": "//images.vivino.com/backgrounds/foods/9_veal.png", "variations": {"small": "//images.vivino.com/backgrounds/foods/thumbs/9_veal_932x810.png"}}, "seo_name": "veal"}], "grapes": [{"id": 1, "name": "Shiraz/Syrah", "seo_name": "shiraz-syrah", "has_detailed_info": true, "wines_count": 551112}, {"id": 8, "name": "Grenache", "seo_name": "grenache-noir", "has_detailed_info": true, "wines_count": 240002}, {"id": 22, "name": "Mourvedre", "seo_name": "mourvedre", "has_detailed_info": true, "wines_count": 101132}], "region": {"id": 536, "name": "Languedoc-Roussillon", "name_en": "", "seo_name": "languedoc-roussillon", "country": {"code": "fr", "name": "France", "native_name": "France", "seo_name": "france", "currency": {"code": "EUR", "name": "Euros", "prefix": "\u20ac", "suffix": null}, "regions_count": 1292, "users_count": 5068363, "wines_count": 542471, "wineries_count": 67002, "most_used_grapes": [{"id": 14, "name": "Pinot Noir", "seo_name": "pinot-noir", "has_detailed_info": true, "wines_count": 572334}, {"id": 10, "name": "Merlot", "seo_name": "merlot", "has_detailed_info": true, "wines_count": 566719}, {"id": 5, "name": "Chardonnay", "seo_name": "chardonnay", "has_detailed_info": true, "wines_count": 604208}]}, "parent_id": null, "background_image": {"location": "//images.vivino.com/regions/backgrounds/-iw2xwauQ7GnxGGUkTGolw.jpg", "variations": {"large": "//thumbs.vivino.com/region_backgrounds/-iw2xwauQ7GnxGGUkTGolw_1280x760.jpg", "medium": "//thumbs.vivino.com/region_backgrounds/-iw2xwauQ7GnxGGUkTGolw_600x356.jpg"}}, "statistics": {"wineries_count": 6529, "wines_count": 27892, "sub_regions_count": 21, "parent_regions_count": 0}}}}, "vintage_year": 2014}, {"vintage_id": 5091122, "highlight_type": "most_user_rated", "message": "Popular among Vivino users. More than 20 ratings", "icon": "https://images.vivino.com/highlights/icon/most_user_rated.svg", "metadata": {"price": null, "wine_id": 1212897, "toplist": null, "ws_award": null, "critic_review_id": null, "ratings_average": 3.1, "ratings_count": 24, "vintage_year": "2013", "rank_type": null, "ranks": {"country": {"description": "Rank within France", "total": 2497619, "rank": 948775}, "region": {"description": "Rank within Wine Region", "total": 111405, "rank": 43819}, "winery": {"description": "Rank within Winery", "total": 10, "rank": 3}, "global": {"description": "Global Rank", "total": 8944710, "rank": 3506153}}, "style": {"id": 94, "seo_name": "languedoc-roussillon-red", "regional_name": "Languedoc-Roussillon", "varietal_name": "Red", "name": "Languedoc-Roussillon Red", "image": null, "background_image": {"location": "//images.vivino.com/backgrounds/styles/Xfpg1e4BQH2hG2-ZTfdmvQ.jpg", "variations": {"small": "//images.vivino.com/backgrounds/styles/thumbs/Xfpg1e4BQH2hG2-ZTfdmvQ_932x810.jpg"}}, "description": "Wine from the Languedoc-Roussillon region is produced in the South of France, ranging from the Mediterranean coast to Provence. Cabernet, Merlot, Mourvedre, Grenache, and Syrah are some of the most important red grapes in the region.\n\nMost wine producers in this region produce blends, as opposed to single varietal wines. There are some outstanding values to be found in wines from this region. Many red blends from this area retail for well under $20!\n\nLanguedoc-Roussillon is the biggest wine producing region in the world, responsible for over 1/3 of France's wine production.\n\nAlthough the region has been known to produce cheap table wine in the past, many vineyards and cooperatives are replacing lesser quality vines with higher quality wine varieties and production methods. The quality has been steadily improving since the 1970s when the region was best known for churning out cheap jug wine.\n\nThe two regions of Languedoc-Roussillon produce distinct styles of red wine, although they are lumped together.The Languedoc is known for fruit-forward and full-bodied wines that can also be quite complex. Roussillon produces riper and juicier blends, as well as late-harvest and fortified wines.", "blurb": null, "interesting_facts": ["As recently as 2001 the region produced more wine than the entire United States.", "During the World Wars, the French army received its daily wine rations from this region.", "The region is one of the oldest wine producing regions in France, said to date back to at least 6000 BC.", "During the 14th century, wines from the area were prescribed by doctors and hospitals to help various ailments."], "body": 4, "body_description": "Full-bodied", "acidity": 3, "acidity_description": "High", "country": {"code": "fr", "name": "France", "native_name": "France", "seo_name": "france", "currency": {"code": "EUR", "name": "Euros", "prefix": "\u20ac", "suffix": null}, "regions_count": 1292, "users_count": 5068363, "wines_count": 542471, "wineries_count": 67002, "most_used_grapes": [{"id": 14, "name": "Pinot Noir", "seo_name": "pinot-noir", "has_detailed_info": true, "wines_count": 572334}, {"id": 10, "name": "Merlot", "seo_name": "merlot", "has_detailed_info": true, "wines_count": 566719}, {"id": 5, "name": "Chardonnay", "seo_name": "chardonnay", "has_detailed_info": true, "wines_count": 604208}]}, "wine_type_id": 1, "food": [{"id": 4, "name": "Beef", "background_image": {"location": "//images.vivino.com/backgrounds/foods/4_beef.png", "variations": {"small": "//images.vivino.com/backgrounds/foods/thumbs/4_beef_932x810.png"}}, "seo_name": "beef"}, {"id": 5, "name": "Pasta", "background_image": {"location": "//images.vivino.com/backgrounds/foods/5_pasta.png", "variations": {"small": "//images.vivino.com/backgrounds/foods/thumbs/5_pasta_932x810.png"}}, "seo_name": null}, {"id": 9, "name": "Veal", "background_image": {"location": "//images.vivino.com/backgrounds/foods/9_veal.png", "variations": {"small": "//images.vivino.com/backgrounds/foods/thumbs/9_veal_932x810.png"}}, "seo_name": "veal"}], "grapes": [{"id": 1, "name": "Shiraz/Syrah", "seo_name": "shiraz-syrah", "has_detailed_info": true, "wines_count": 551112}, {"id": 8, "name": "Grenache", "seo_name": "grenache-noir", "has_detailed_info": true, "wines_count": 240002}, {"id": 22, "name": "Mourvedre", "seo_name": "mourvedre", "has_detailed_info": true, "wines_count": 101132}], "region": {"id": 536, "name": "Languedoc-Roussillon", "name_en": "", "seo_name": "languedoc-roussillon", "country": {"code": "fr", "name": "France", "native_name": "France", "seo_name": "france", "currency": {"code": "EUR", "name": "Euros", "prefix": "\u20ac", "suffix": null}, "regions_count": 1292, "users_count": 5068363, "wines_count": 542471, "wineries_count": 67002, "most_used_grapes": [{"id": 14, "name": "Pinot Noir", "seo_name": "pinot-noir", "has_detailed_info": true, "wines_count": 572334}, {"id": 10, "name": "Merlot", "seo_name": "merlot", "has_detailed_info": true, "wines_count": 566719}, {"id": 5, "name": "Chardonnay", "seo_name": "chardonnay", "has_detailed_info": true, "wines_count": 604208}]}, "parent_id": null, "background_image": {"location": "//images.vivino.com/regions/backgrounds/-iw2xwauQ7GnxGGUkTGolw.jpg", "variations": {"large": "//thumbs.vivino.com/region_backgrounds/-iw2xwauQ7GnxGGUkTGolw_1280x760.jpg", "medium": "//thumbs.vivino.com/region_backgrounds/-iw2xwauQ7GnxGGUkTGolw_600x356.jpg"}}, "statistics": {"wineries_count": 6529, "wines_count": 27892, "sub_regions_count": 21, "parent_regions_count": 0}}}}, "vintage_year": 2013}], "recommended_vintages": [{"vintage": {"id": 10622889, "seo_name": "la-cloutade-d-ambre-corbieres-2014", "name": "La Cloutade d'Ambre Corbieres 2014", "statistics": {"status": "Normal", "ratings_count": 23, "ratings_average": 3.8, "labels_count": 139, "reviews_count": 8}, "year": 2014, "grapes": null, "has_valid_ratings": true}, "type": "best_user_rated", "highlight_icon": "https://images.vivino.com/highlights/icon/best_user_rated.svg", "price": null}, {"vintage": {"id": 5091122, "seo_name": "la-cloutade-d-ambre-corbieres-2013", "name": "La Cloutade d'Ambre Corbieres 2013", "statistics": {"status": "Normal", "ratings_count": 24, "ratings_average": 3.1, "labels_count": 131, "reviews_count": 10}, "year": 2013, "grapes": null, "has_valid_ratings": true}, "type": "most_user_rated", "highlight_icon": "https://images.vivino.com/highlights/icon/most_user_rated.svg", "price": null}], "prices_and_availabilities": [], "price_range": {"currency": {"code": "EUR", "name": "Euros", "prefix": "\u20ac", "suffix": null}, "price_range": {"minimum": 0, "maximum": 500, "currency_code": "EUR"}, "defaults": {"minimum": 7, "maximum": 30, "currency_code": "EUR"}}, "subtotal_price": null}