{"tastes": {"structure": {"acidity": 4.6280713, "fizziness": null, "intensity": 2.9811938, "sweetness": 2.3674653, "tannin": null, "user_structure_count": 217, "calculated_structure_count": 329}, "flavor": [{"group": "tree_fruit", "stats": {"count": 163, "score": 24900, "mentions_count": 249}, "primary_keywords": [{"id": 315, "name": "pear", "count": 71}, {"id": 9, "name": "apple", "count": 69}, {"id": 195, "name": "green apple", "count": 31}, {"id": 310, "name": "peach", "count": 20}, {"id": 271, "name": "melon", "count": 20}, {"id": 11, "name": "apricot", "count": 17}, {"id": 458, "name": "yellow apple", "count": 10}, {"id": 288, "name": "nectarine", "count": 4}, {"id": 78, "name": "cantaloupe", "count": 3}, {"id": 15, "name": "asian pear", "count": 1}, {"id": 448, "name": "white peach", "count": 1}, {"id": 461, "name": "yellow plum", "count": 1}, {"id": 469, "name": "stone fruit", "count": 1}]}, {"group": "citrus_fruit", "stats": {"count": 127, "score": 15400, "mentions_count": 154}, "primary_keywords": [{"id": 106, "name": "citrus", "count": 88}, {"id": 243, "name": "lemon", "count": 33}, {"id": 252, "name": "lime", "count": 14}, {"id": 190, "name": "grapefruit", "count": 9}, {"id": 254, "name": "lime zest", "count": 2}, {"id": 411, "name": "tangerine", "count": 2}, {"id": 248, "name": "lemon zest", "count": 2}, {"id": 302, "name": "orange zest", "count": 1}, {"id": 54, "name": "blood orange", "count": 1}, {"id": 298, "name": "orange", "count": 1}, {"id": 253, "name": "lime peel", "count": 1}]}, {"group": "earth", "stats": {"count": 114, "score": 14103, "mentions_count": 142}, "primary_keywords": [{"id": 218, "name": "honey", "count": 71}, {"id": 276, "name": "minerals", "count": 46}, {"id": 325, "name": "petroleum", "count": 14}, {"id": 398, "name": "stone", "count": 3}, {"id": 441, "name": "wax", "count": 1}, {"id": 219, "name": "honeycomb", "count": 1}, {"id": 284, "name": "mushroom", "count": 1}, {"id": 377, "name": "salt", "count": 1}, {"id": 181, "name": "ginger", "count": 1}, {"id": 384, "name": "smoke", "count": 1}, {"id": 28, "name": "beeswax", "count": 1}, {"id": 465, "name": "rubber", "count": 1}], "secondary_keywords": [{"id": 381, "name": "savory", "count": 1}]}, {"group": "tropical_fruit", "stats": {"count": 39, "score": 4200, "mentions_count": 42}, "primary_keywords": [{"id": 329, "name": "pineapple", "count": 22}, {"id": 428, "name": "tropical", "count": 15}, {"id": 261, "name": "mango", "count": 2}, {"id": 210, "name": "guava", "count": 1}, {"id": 256, "name": "lychee", "count": 1}, {"id": 306, "name": "passion fruit", "count": 1}]}, {"group": "oak", "stats": {"count": 20, "score": 1914, "mentions_count": 23}, "primary_keywords": [{"id": 434, "name": "vanilla", "count": 11}, {"id": 70, "name": "butter", "count": 7}, {"id": 292, "name": "oak", "count": 2}, {"id": 115, "name": "coconut", "count": 1}, {"id": 117, "name": "coffee", "count": 1}, {"id": 101, "name": "chocolate", "count": 1}], "secondary_keywords": [{"id": 384, "name": "smoke", "count": 1}]}, {"group": "microbio", "stats": {"count": 27, "score": 2214, "mentions_count": 19}, "primary_keywords": [{"id": 91, "name": "cheese", "count": 7}, {"id": 295, "name": "oil", "count": 6}, {"id": 123, "name": "cream", "count": 4}, {"id": 457, "name": "yeast", "count": 1}, {"id": 404, "name": "sweaty", "count": 1}], "secondary_keywords": [{"id": 70, "name": "butter", "count": 7}, {"id": 417, "name": "toast", "count": 1}, {"id": 284, "name": "mushroom", "count": 1}]}, {"group": "floral", "stats": {"count": 15, "score": 1425, "mentions_count": 14}, "primary_keywords": [{"id": 157, "name": "elderflower", "count": 10}, {"id": 10, "name": "apple blossom", "count": 2}, {"id": 241, "name": "lavender", "count": 1}, {"id": 221, "name": "honeysuckle", "count": 1}], "secondary_keywords": [{"id": 381, "name": "savory", "count": 1}]}, {"group": "vegetal", "stats": {"count": 12, "score": 1225, "mentions_count": 12}, "primary_keywords": [{"id": 185, "name": "gooseberry", "count": 8}, {"id": 16, "name": "asparagus", "count": 2}, {"id": 193, "name": "grass", "count": 1}, {"id": 399, "name": "straw", "count": 1}], "secondary_keywords": [{"id": 381, "name": "savory", "count": 1}]}, {"group": "red_fruit", "stats": {"count": 7, "score": 800, "mentions_count": 8}, "primary_keywords": [{"id": 400, "name": "strawberry", "count": 3}, {"id": 348, "name": "raspberry", "count": 2}, {"id": 446, "name": "white cherry", "count": 1}, {"id": 171, "name": "fresh strawberry", "count": 1}, {"id": 440, "name": "watermelon", "count": 1}]}, {"group": "spices", "stats": {"count": 16, "score": 421, "mentions_count": 4}, "primary_keywords": [{"id": 161, "name": "fennel", "count": 1}, {"id": 182, "name": "gingerbread", "count": 1}, {"id": 381, "name": "savory", "count": 1}, {"id": 320, "name": "pepper", "count": 1}], "secondary_keywords": [{"id": 434, "name": "vanilla", "count": 11}, {"id": 181, "name": "ginger", "count": 1}]}, {"group": "non_oak", "stats": {"count": 15, "score": 298, "mentions_count": 2}, "primary_keywords": [{"id": 417, "name": "toast", "count": 1}, {"id": 362, "name": "roasted almond", "count": 1}], "secondary_keywords": [{"id": 434, "name": "vanilla", "count": 11}, {"id": 117, "name": "coffee", "count": 1}, {"id": 384, "name": "smoke", "count": 1}]}, {"group": "black_fruit", "stats": {"count": 1, "score": 100, "mentions_count": 1}, "primary_keywords": [{"id": 334, "name": "plum", "count": 1}]}]}, "vivino_id": "2245334"}