{"tastes": {"structure": {"acidity": 4.219765, "fizziness": null, "intensity": 3.24799, "sweetness": 2.7077975, "tannin": null, "user_structure_count": 45, "calculated_structure_count": 39}, "flavor": [{"group": "tree_fruit", "stats": {"count": 50, "score": 7100, "mentions_count": 71}, "primary_keywords": [{"id": 11, "name": "apricot", "count": 20}, {"id": 310, "name": "peach", "count": 16}, {"id": 9, "name": "apple", "count": 12}, {"id": 315, "name": "pear", "count": 7}, {"id": 271, "name": "melon", "count": 3}, {"id": 288, "name": "nectarine", "count": 2}, {"id": 469, "name": "stone fruit", "count": 2}, {"id": 19, "name": "baked apple", "count": 2}, {"id": 195, "name": "green apple", "count": 2}, {"id": 460, "name": "yellow peach", "count": 1}, {"id": 448, "name": "white peach", "count": 1}, {"id": 343, "name": "quince", "count": 1}, {"id": 461, "name": "yellow plum", "count": 1}, {"id": 458, "name": "yellow apple", "count": 1}]}, {"group": "earth", "stats": {"count": 46, "score": 6736, "mentions_count": 68}, "primary_keywords": [{"id": 218, "name": "honey", "count": 31}, {"id": 276, "name": "minerals", "count": 15}, {"id": 325, "name": "petroleum", "count": 9}, {"id": 383, "name": "slate", "count": 4}, {"id": 384, "name": "smoke", "count": 2}, {"id": 398, "name": "stone", "count": 2}, {"id": 377, "name": "salt", "count": 1}, {"id": 164, "name": "flint", "count": 1}, {"id": 441, "name": "wax", "count": 1}, {"id": 443, "name": "wet gravel", "count": 1}, {"id": 85, "name": "chalk", "count": 1}], "secondary_keywords": [{"id": 6, "name": "almond", "count": 1}]}, {"group": "citrus_fruit", "stats": {"count": 29, "score": 3400, "mentions_count": 34}, "primary_keywords": [{"id": 106, "name": "citrus", "count": 15}, {"id": 243, "name": "lemon", "count": 7}, {"id": 252, "name": "lime", "count": 7}, {"id": 298, "name": "orange", "count": 3}, {"id": 246, "name": "lemon peel", "count": 1}, {"id": 248, "name": "lemon zest", "count": 1}]}, {"group": "tropical_fruit", "stats": {"count": 17, "score": 2000, "mentions_count": 20}, "primary_keywords": [{"id": 428, "name": "tropical", "count": 8}, {"id": 329, "name": "pineapple", "count": 5}, {"id": 256, "name": "lychee", "count": 4}, {"id": 261, "name": "mango", "count": 3}]}, {"group": "oak", "stats": {"count": 10, "score": 673, "mentions_count": 7}, "primary_keywords": [{"id": 70, "name": "butter", "count": 4}, {"id": 434, "name": "vanilla", "count": 1}, {"id": 424, "name": "toffee", "count": 1}, {"id": 79, "name": "caramel", "count": 1}], "secondary_keywords": [{"id": 384, "name": "smoke", "count": 2}, {"id": 6, "name": "almond", "count": 1}, {"id": 105, "name": "cinnamon", "count": 1}, {"id": 65, "name": "brown sugar", "count": 1}]}, {"group": "black_fruit", "stats": {"count": 5, "score": 600, "mentions_count": 6}, "primary_keywords": [{"id": 52, "name": "blackcurrant", "count": 4}, {"id": 55, "name": "blueberry", "count": 1}, {"id": 470, "name": "cassis", "count": 1}]}, {"group": "vegetal", "stats": {"count": 5, "score": 510, "mentions_count": 5}, "primary_keywords": [{"id": 399, "name": "straw", "count": 2}, {"id": 193, "name": "grass", "count": 1}, {"id": 212, "name": "hay", "count": 1}, {"id": 185, "name": "gooseberry", "count": 1}], "secondary_keywords": [{"id": 6, "name": "almond", "count": 1}]}, {"group": "spices", "stats": {"count": 4, "score": 357, "mentions_count": 4}, "primary_keywords": [{"id": 286, "name": "musk", "count": 1}, {"id": 161, "name": "fennel", "count": 1}, {"id": 105, "name": "cinnamon", "count": 1}, {"id": 277, "name": "mint", "count": 1}], "secondary_keywords": [{"id": 434, "name": "vanilla", "count": 1}]}, {"group": "microbio", "stats": {"count": 8, "score": 458, "mentions_count": 3}, "primary_keywords": [{"id": 295, "name": "oil", "count": 2}, {"id": 123, "name": "cream", "count": 1}], "secondary_keywords": [{"id": 70, "name": "butter", "count": 4}, {"id": 6, "name": "almond", "count": 1}, {"id": 424, "name": "toffee", "count": 1}]}, {"group": "non_oak", "stats": {"count": 7, "score": 266, "mentions_count": 3}, "primary_keywords": [{"id": 6, "name": "almond", "count": 1}, {"id": 362, "name": "roasted almond", "count": 1}, {"id": 65, "name": "brown sugar", "count": 1}], "secondary_keywords": [{"id": 384, "name": "smoke", "count": 2}, {"id": 105, "name": "cinnamon", "count": 1}, {"id": 434, "name": "vanilla", "count": 1}, {"id": 79, "name": "caramel", "count": 1}]}, {"group": "dried_fruit", "stats": {"count": 3, "score": 300, "mentions_count": 3}, "primary_keywords": [{"id": 147, "name": "dried fruit", "count": 1}, {"id": 140, "name": "dried apricot", "count": 1}, {"id": 184, "name": "golden raisin", "count": 1}]}]}, "vivino_id": "2515483"}