{"vintage": {"id": 163128668, "seo_name": "golan-heights-winery-hermon-mount-hermon-white-2020", "name": "Golan Heights Winery Hermon Mount Hermon White 2020", "statistics": {"status": "Normal", "ratings_count": 233, "ratings_average": 3.9, "labels_count": 1911, "reviews_count": 92}, "organic_certification_id": null, "certified_biodynamic": null, "image": {"location": "//images.vivino.com/thumbs/9AjV6j_XTA6u2y0LyS9Mbw_pl_480x640.png", "variations": {"bottle_large": "//images.vivino.com/thumbs/9AjV6j_XTA6u2y0LyS9Mbw_pb_x960.png", "bottle_medium": "//images.vivino.com/thumbs/9AjV6j_XTA6u2y0LyS9Mbw_pb_x600.png", "bottle_medium_square": "//images.vivino.com/thumbs/9AjV6j_XTA6u2y0LyS9Mbw_pb_600x600.png", "bottle_small": "//images.vivino.com/thumbs/9AjV6j_XTA6u2y0LyS9Mbw_pb_x300.png", "bottle_small_square": "//images.vivino.com/thumbs/9AjV6j_XTA6u2y0LyS9Mbw_pb_300x300.png", "label": "//images.vivino.com/thumbs/9AjV6j_XTA6u2y0LyS9Mbw_pl_480x640.png", "label_large": "//images.vivino.com/thumbs/9AjV6j_XTA6u2y0LyS9Mbw_pl_375x500.png", "label_medium": "//images.vivino.com/thumbs/9AjV6j_XTA6u2y0LyS9Mbw_pl_150x200.png", "label_medium_square": "//images.vivino.com/thumbs/9AjV6j_XTA6u2y0LyS9Mbw_pl_150x150.png", "label_small_square": "//images.vivino.com/thumbs/9AjV6j_XTA6u2y0LyS9Mbw_pl_80x80.png", "large": "//images.vivino.com/thumbs/9AjV6j_XTA6u2y0LyS9Mbw_pl_375x500.png", "medium": "//images.vivino.com/thumbs/9AjV6j_XTA6u2y0LyS9Mbw_pl_150x200.png", "medium_square": "//images.vivino.com/thumbs/9AjV6j_XTA6u2y0LyS9Mbw_pl_150x150.png", "small_square": "//images.vivino.com/thumbs/9AjV6j_XTA6u2y0LyS9Mbw_pl_80x80.png"}}, "wine": {"id": 1151312, "name": "Hermon Mount Hermon White", "seo_name": "hermon-mount-hermon-white", "type_id": 2, "vintage_type": 0, "is_natural": false, "region": {"id": 550, "name": "Galilee", "name_en": "Galil", "seo_name": "galilee", "country": {"code": "il", "name": "Israel", "native_name": "\u05d9\u05b4\u05e9\u05b0\u05c2\u05e8\u05b8\u05d0\u05b5\u05dc", "seo_name": "israel", "currency": {"code": "ILS", "name": "Israel Sheqel", "prefix": "\u20aa", "suffix": null}, "regions_count": 19, "users_count": 116381, "wines_count": 5822, "wineries_count": 495, "most_used_grapes": [{"id": 2, "name": "Cabernet Sauvignon", "seo_name": "cabernet-sauvignon", "has_detailed_info": true, "wines_count": 794022}, {"id": 10, "name": "Merlot", "seo_name": "merlot", "has_detailed_info": true, "wines_count": 560926}, {"id": 1, "name": "Shiraz/Syrah", "seo_name": "shiraz-syrah", "has_detailed_info": true, "wines_count": 545850}]}, "parent_id": null, "background_image": {"location": "//images.vivino.com/regions/backgrounds/1PsfTOrWQKaYUO04M8vS5A.jpg", "variations": {"large": "//thumbs.vivino.com/region_backgrounds/1PsfTOrWQKaYUO04M8vS5A_1280x760.jpg", "medium": "//thumbs.vivino.com/region_backgrounds/1PsfTOrWQKaYUO04M8vS5A_600x356.jpg"}}, "statistics": {"wineries_count": 170, "wines_count": 2264, "sub_regions_count": 4, "parent_regions_count": 0}}, "review_status": 2, "winery": {"id": 11539, "name": "Golan Heights Winery", "seo_name": "golan-heights-winery", "status": 0, "review_status": "Completed", "background_image": null, "statistics": {"ratings_count": 87140, "ratings_average": 3.9, "labels_count": 456412, "wines_count": 99}, "region": {"id": 550, "name": "Galilee", "name_en": "Galil", "seo_name": "galilee", "country": {"code": "il", "name": "Israel", "native_name": "\u05d9\u05b4\u05e9\u05b0\u05c2\u05e8\u05b8\u05d0\u05b5\u05dc", "seo_name": "israel", "currency": {"code": "ILS", "name": "Israel Sheqel", "prefix": "\u20aa", "suffix": null}, "regions_count": 19, "users_count": 116381, "wines_count": 5822, "wineries_count": 495, "most_used_grapes": [{"id": 2, "name": "Cabernet Sauvignon", "seo_name": "cabernet-sauvignon", "has_detailed_info": true, "wines_count": 794022}, {"id": 10, "name": "Merlot", "seo_name": "merlot", "has_detailed_info": true, "wines_count": 560926}, {"id": 1, "name": "Shiraz/Syrah", "seo_name": "shiraz-syrah", "has_detailed_info": true, "wines_count": 545850}]}, "parent_id": null, "background_image": {"location": "//images.vivino.com/regions/backgrounds/1PsfTOrWQKaYUO04M8vS5A.jpg", "variations": {"large": "//thumbs.vivino.com/region_backgrounds/1PsfTOrWQKaYUO04M8vS5A_1280x760.jpg", "medium": "//thumbs.vivino.com/region_backgrounds/1PsfTOrWQKaYUO04M8vS5A_600x356.jpg"}}, "statistics": {"wineries_count": 170, "wines_count": 2264, "sub_regions_count": 4, "parent_regions_count": 0}}, "business_name": "Golan Heights Winery", "description": "", "specialists_notes": "", "phone": "972-4-696-8435", "email": "mor.golanwines@gmail.com", "facebook": "https://www.facebook.com/yardenghw", "instagram": "", "is_claimed": false, "twitter": "@yardenghw", "website": "http://www.golanwines.co.il", "winemaker": "Victor Schoenfeld", "wine_maker": {"id": 5265, "name": "Victor Schoenfeld"}, "address": {"title": null, "name": null, "street": "Industrial Area 183", "street2": null, "neighborhood": null, "city": "Katzrin", "zip": "12900", "state": null, "country": {"code": "il", "name": "Israel", "native_name": "\u05d9\u05b4\u05e9\u05b0\u05c2\u05e8\u05b8\u05d0\u05b5\u05dc", "seo_name": "israel", "currency": {"code": "ILS", "name": "Israel Sheqel", "prefix": "\u20aa", "suffix": null}, "regions_count": 19, "users_count": 116381, "wines_count": 5822, "wineries_count": 495, "most_used_grapes": [{"id": 2, "name": "Cabernet Sauvignon", "seo_name": "cabernet-sauvignon", "has_detailed_info": true, "wines_count": 794022}, {"id": 10, "name": "Merlot", "seo_name": "merlot", "has_detailed_info": true, "wines_count": 560926}, {"id": 1, "name": "Shiraz/Syrah", "seo_name": "shiraz-syrah", "has_detailed_info": true, "wines_count": 545850}]}, "company": null, "phone": null, "external_id": null, "residential": null, "vat_number": null, "vat_code": null, "addition": null}, "image": {"location": "//images.vivino.com/wineries/11539/logos/NoyFd2jjTx2lmIL1CPiyMg.jpeg", "variations": {"large": "//thumbs.vivino.com/wineries/11539/logos/NoyFd2jjTx2lmIL1CPiyMg_500x500.jpeg", "medium": "//thumbs.vivino.com/wineries/11539/logos/NoyFd2jjTx2lmIL1CPiyMg_200x200.jpeg", "small_square": "//thumbs.vivino.com/wineries/11539/logos/NoyFd2jjTx2lmIL1CPiyMg_80x80.jpeg"}}, "location": {"latitude": 32.989784, "longitude": 35.70627}, "winery_group": {"id": 257, "name": "Golan Heights Winery", "website": "http://www.golanwines.co.il/"}, "first_wines": [], "sponsored_entity_type": null, "sponsored_entity": null}, "statistics": {"status": "Normal", "ratings_count": 4816, "ratings_average": 3.7, "labels_count": 25401, "vintages_count": 38}, "rank": {"country": {"description": "Rang von Israel", "total": 4137, "rank": 396}, "region": {"description": "Rang von Weinregion", "total": 2199, "rank": 238}, "winery": {"description": "Rang vom Weingut", "total": 98, "rank": 43}, "wine_type": {"description": "Rang in allen Wei\u00dfwein", "total": 394073, "rank": 26047}, "global": {"description": "Weltweiter Rang", "total": 1287386, "rank": 104717}}, "hidden": false, "vintages": [{"id": 163128668, "seo_name": "golan-heights-winery-hermon-mount-hermon-white-2020", "name": "Golan Heights Winery Hermon Mount Hermon White 2020", "statistics": {"status": "Normal", "ratings_count": 233, "ratings_average": 3.9, "labels_count": 1911, "reviews_count": 92}, "year": 2020, "grapes": null, "has_valid_ratings": true}, {"id": 159327539, "seo_name": "golan-heights-winery-hermon-mount-hermon-white-2019", "name": "Golan Heights Winery Hermon Mount Hermon White 2019", "statistics": {"status": "Normal", "ratings_count": 333, "ratings_average": 3.8, "labels_count": 2392, "reviews_count": 134}, "year": 2019, "grapes": null, "has_valid_ratings": true}, {"id": 157313523, "seo_name": "golan-heights-winery-hermon-mount-hermon-white-2018", "name": "Golan Heights Winery Hermon Mount Hermon White 2018", "statistics": {"status": "Normal", "ratings_count": 737, "ratings_average": 3.9, "labels_count": 4834, "reviews_count": 297}, "year": 2018, "grapes": null, "has_valid_ratings": true}, {"id": 151572071, "seo_name": "golan-heights-winery-hermon-mount-hermon-white-2017", "name": "Golan Heights Winery Hermon Mount Hermon White 2017", "statistics": {"status": "Normal", "ratings_count": 837, "ratings_average": 3.7, "labels_count": 4466, "reviews_count": 324}, "year": 2017, "grapes": null, "has_valid_ratings": true}, {"id": 95823057, "seo_name": "golan-heights-winery-hermon-mount-hermon-white-2016", "name": "Golan Heights Winery Hermon Mount Hermon White 2016", "statistics": {"status": "Normal", "ratings_count": 375, "ratings_average": 3.6, "labels_count": 2454, "reviews_count": 155}, "year": 2016, "grapes": null, "has_valid_ratings": true}, {"id": 67599496, "seo_name": "golan-heights-winery-hermon-mount-hermon-white-2015", "name": "Golan Heights Winery Hermon Mount Hermon White 2015", "statistics": {"status": "Normal", "ratings_count": 784, "ratings_average": 3.7, "labels_count": 2948, "reviews_count": 298}, "year": 2015, "grapes": null, "has_valid_ratings": true}, {"id": 7209868, "seo_name": "golan-heights-winery-hermon-mount-hermon-white-2014", "name": "Golan Heights Winery Hermon Mount Hermon White 2014", "statistics": {"status": "Normal", "ratings_count": 251, "ratings_average": 3.7, "labels_count": 1440, "reviews_count": 86}, "year": 2014, "grapes": null, "has_valid_ratings": true}, {"id": 3562060, "seo_name": "golan-heights-winery-hermon-mount-hermon-white-2013", "name": "Golan Heights Winery Hermon Mount Hermon White 2013", "statistics": {"status": "Normal", "ratings_count": 361, "ratings_average": 3.5, "labels_count": 1860, "reviews_count": 138}, "year": 2013, "grapes": null, "has_valid_ratings": true}, {"id": 2363547, "seo_name": "golan-heights-winery-hermon-mount-hermon-white-2012", "name": "Golan Heights Winery Hermon Mount Hermon White 2012", "statistics": {"status": "Normal", "ratings_count": 323, "ratings_average": 3.5, "labels_count": 1152, "reviews_count": 115}, "year": 2012, "grapes": null, "has_valid_ratings": true}, {"id": 1318254, "seo_name": "golan-heights-winery-hermon-mount-hermon-white-2011", "name": "Golan Heights Winery Hermon Mount Hermon White 2011", "statistics": {"status": "Normal", "ratings_count": 154, "ratings_average": 3.5, "labels_count": 604, "reviews_count": 51}, "year": 2011, "grapes": null, "has_valid_ratings": true}, {"id": 1190547, "seo_name": "golan-heights-winery-hermon-mount-hermon-white-2010", "name": "Golan Heights Winery Hermon Mount Hermon White 2010", "statistics": {"status": "Normal", "ratings_count": 124, "ratings_average": 3.4, "labels_count": 493, "reviews_count": 29}, "year": 2010, "grapes": null, "has_valid_ratings": true}, {"id": 8683309, "seo_name": "golan-heights-winery-hermon-mount-hermon-white-2009", "name": "Golan Heights Winery Hermon Mount Hermon White 2009", "statistics": {"status": "Normal", "ratings_count": 62, "ratings_average": 3.6, "labels_count": 314, "reviews_count": 23}, "year": 2009, "grapes": null, "has_valid_ratings": true}, {"id": 1474750, "seo_name": "golan-heights-winery-hermon-mount-hermon-white-2008", "name": "Golan Heights Winery Hermon Mount Hermon White 2008", "statistics": {"status": "Normal", "ratings_count": 22, "ratings_average": 3.6, "labels_count": 122, "reviews_count": 2}, "year": 2008, "grapes": null, "has_valid_ratings": true}, {"id": 3367956, "seo_name": "golan-heights-winery-hermon-mount-hermon-white-2007", "name": "Golan Heights Winery Hermon Mount Hermon White 2007", "statistics": {"status": "Normal", "ratings_count": 11, "ratings_average": 3.5, "labels_count": 75, "reviews_count": 4}, "year": 2007, "grapes": null, "has_valid_ratings": true}, {"id": 107238, "seo_name": "golan-heights-winery-hermon-mount-hermon-white-2006", "name": "Golan Heights Winery Hermon Mount Hermon White 2006", "statistics": {"status": "BelowThreshold", "ratings_count": 9, "ratings_average": 0, "labels_count": 37, "reviews_count": 2}, "year": 2006, "grapes": null, "has_valid_ratings": false}, {"id": 9655757, "seo_name": "golan-heights-winery-hermon-mount-hermon-white-2005", "name": "Golan Heights Winery Hermon Mount Hermon White 2005", "statistics": {"status": "BelowThreshold", "ratings_count": 1, "ratings_average": 0, "labels_count": 28, "reviews_count": 0}, "year": 2005, "grapes": null, "has_valid_ratings": false}, {"id": 9605899, "seo_name": "golan-heights-winery-hermon-mount-hermon-white-2004", "name": "Golan Heights Winery Hermon Mount Hermon White 2004", "statistics": {"status": "BelowThreshold", "ratings_count": 3, "ratings_average": 0, "labels_count": 24, "reviews_count": 2}, "year": 2004, "grapes": null, "has_valid_ratings": false}, {"id": 7209877, "seo_name": "golan-heights-winery-hermon-mount-hermon-white-2003", "name": "Golan Heights Winery Hermon Mount Hermon White 2003", "statistics": {"status": "BelowThreshold", "ratings_count": 3, "ratings_average": 0, "labels_count": 20, "reviews_count": 0}, "year": 2003, "grapes": null, "has_valid_ratings": false}, {"id": 10076384, "seo_name": "golan-heights-winery-hermon-mount-hermon-white-2001", "name": "Golan Heights Winery Hermon Mount Hermon White 2001", "statistics": {"status": "BelowThreshold", "ratings_count": 4, "ratings_average": 0, "labels_count": 11, "reviews_count": 1}, "year": 2001, "grapes": null, "has_valid_ratings": false}, {"id": 105446692, "seo_name": "golan-heights-winery-hermon-mount-hermon-white-1985", "name": "Golan Heights Winery Hermon Mount Hermon White 1985", "statistics": {"status": "BelowThreshold", "ratings_count": 1, "ratings_average": 0, "labels_count": 1, "reviews_count": 1}, "year": 1985, "grapes": null, "has_valid_ratings": false}, {"id": 1723352, "seo_name": "golan-heights-winery-hermon-mount-hermon-white-uv", "name": "Golan Heights Winery Hermon Mount Hermon White", "statistics": {"status": "Normal", "ratings_count": 4816, "ratings_average": 3.7, "labels_count": 71, "reviews_count": 53}, "year": 0, "grapes": null, "has_valid_ratings": true}], "description": "Plate of assorted sushi, a serving of crispy fish and chips, or grilled chicken breasts in a lime sauce.", "grapes": [{"id": 20, "name": "Viognier", "seo_name": "viognier", "has_detailed_info": true, "wines_count": 88393}], "foods": [{"id": 10, "name": "Schweinefleisch", "background_image": {"location": "//images.vivino.com/backgrounds/foods/10_pork.png", "variations": {"small": "//images.vivino.com/backgrounds/foods/thumbs/10_pork_932x810.png"}}, "seo_name": "pork"}, {"id": 11, "name": "Wild (Hirsch, Reh)", "background_image": {"location": "//images.vivino.com/backgrounds/foods/11_venison.png", "variations": {"small": "//images.vivino.com/backgrounds/foods/thumbs/11_venison_932x810.png"}}, "seo_name": "game"}, {"id": 13, "name": "Schalentiere", "background_image": {"location": "//images.vivino.com/backgrounds/foods/13_shellfish.png", "variations": {"small": "//images.vivino.com/backgrounds/foods/thumbs/13_shellfish_932x810.png"}}, "seo_name": "shellfish"}, {"id": 15, "name": "Scharfe Gerichte", "background_image": {"location": "//images.vivino.com/backgrounds/foods/15_spicyfood.png", "variations": {"small": "//images.vivino.com/backgrounds/foods/thumbs/15_spicyfood_932x810.png"}}, "seo_name": "spicy-food"}, {"id": 20, "name": "Gefl\u00fcgel", "background_image": {"location": "//images.vivino.com/backgrounds/foods/20_chicken.png", "variations": {"small": "//images.vivino.com/backgrounds/foods/thumbs/20_chicken_932x810.png"}}, "seo_name": "poultry"}, {"id": 35, "name": "Milde K\u00e4sesorten und Weichk\u00e4se", "background_image": {"location": "//images.vivino.com/backgrounds/foods/35_softcheese.png", "variations": {"small": "//images.vivino.com/backgrounds/foods/thumbs/35_softcheese_932x810.png"}}, "seo_name": null}], "non_vintage": false, "alcohol": 13.5, "sweetness_id": 5, "closure": "cork", "vintage_mask_raw": null, "updated_at": "2021-07-19T14:48:04Z", "created_at": "2011-05-05T18:19:18Z", "is_first_wine": false, "style": null, "has_valid_ratings": true}, "description": "", "expert_reviews": null, "wine_critic_reviews": [], "awards": [], "ratings_distribution": {"1": 1, "2": 9, "3": 75, "4": 118, "5": 30}, "ranking": {"country": {"description": "Rang von Israel", "total": 27006, "rank": 1935}, "region": {"description": "Rang von Weinregion", "total": 15382, "rank": 1136}, "winery": {"description": "Rang vom Weingut", "total": 1246, "rank": 210}, "global": {"description": "Weltweiter Rang", "total": 8825148, "rank": 441716}}, "wine_facts": {"alcohol": 13.5, "residual_sugar_grams_per_liter": 2, "acidity_grams_per_liter": 6, "ph": 3, "contains_milk_allergens": false, "contains_egg_allergens": false, "closure": "cork"}, "winemaker": null, "wine_maker": null, "grape_composition": {"20": 100}, "year": 2020, "grapes": [{"id": 20, "name": "Viognier", "seo_name": "viognier", "has_detailed_info": true, "wines_count": 88393}], "has_valid_ratings": true}, "carts": null, "price_range": {"currency": {"code": "EUR", "name": "Euros", "prefix": "\u20ac", "suffix": null}, "price_range": {"minimum": 0, "maximum": 500, "currency_code": "EUR"}, "defaults": {"minimum": 7, "maximum": 30, "currency_code": "EUR"}}, "subtotal_price": null, "full_region": null, "tastes": null, "wine": {"id": 1151312, "name": "Hermon Mount Hermon White", "seo_name": "hermon-mount-hermon-white", "type_id": 2, "vintage_type": 0, "is_natural": false, "region": {"id": 550, "name": "Galilee", "name_en": "Galil", "seo_name": "galilee", "country": {"code": "il", "name": "Israel", "native_name": "\u05d9\u05b4\u05e9\u05b0\u05c2\u05e8\u05b8\u05d0\u05b5\u05dc", "seo_name": "israel", "currency": {"code": "ILS", "name": "Israel Sheqel", "prefix": "\u20aa", "suffix": null}, "regions_count": 19, "users_count": 116381, "wines_count": 5822, "wineries_count": 495, "most_used_grapes": [{"id": 2, "name": "Cabernet Sauvignon", "seo_name": "cabernet-sauvignon", "has_detailed_info": true, "wines_count": 794022}, {"id": 10, "name": "Merlot", "seo_name": "merlot", "has_detailed_info": true, "wines_count": 560926}, {"id": 1, "name": "Shiraz/Syrah", "seo_name": "shiraz-syrah", "has_detailed_info": true, "wines_count": 545850}]}, "parent_id": null, "background_image": {"location": "//images.vivino.com/regions/backgrounds/1PsfTOrWQKaYUO04M8vS5A.jpg", "variations": {"large": "//thumbs.vivino.com/region_backgrounds/1PsfTOrWQKaYUO04M8vS5A_1280x760.jpg", "medium": "//thumbs.vivino.com/region_backgrounds/1PsfTOrWQKaYUO04M8vS5A_600x356.jpg"}}, "statistics": {"wineries_count": 170, "wines_count": 2264, "sub_regions_count": 4, "parent_regions_count": 0}}, "review_status": 2, "winery": {"id": 11539, "name": "Golan Heights Winery", "seo_name": "golan-heights-winery", "status": 0, "review_status": "Completed", "background_image": null, "statistics": {"ratings_count": 87140, "ratings_average": 3.9, "labels_count": 456412, "wines_count": 99}, "region": {"id": 550, "name": "Galilee", "name_en": "Galil", "seo_name": "galilee", "country": {"code": "il", "name": "Israel", "native_name": "\u05d9\u05b4\u05e9\u05b0\u05c2\u05e8\u05b8\u05d0\u05b5\u05dc", "seo_name": "israel", "currency": {"code": "ILS", "name": "Israel Sheqel", "prefix": "\u20aa", "suffix": null}, "regions_count": 19, "users_count": 116381, "wines_count": 5822, "wineries_count": 495, "most_used_grapes": [{"id": 2, "name": "Cabernet Sauvignon", "seo_name": "cabernet-sauvignon", "has_detailed_info": true, "wines_count": 794022}, {"id": 10, "name": "Merlot", "seo_name": "merlot", "has_detailed_info": true, "wines_count": 560926}, {"id": 1, "name": "Shiraz/Syrah", "seo_name": "shiraz-syrah", "has_detailed_info": true, "wines_count": 545850}]}, "parent_id": null, "background_image": {"location": "//images.vivino.com/regions/backgrounds/1PsfTOrWQKaYUO04M8vS5A.jpg", "variations": {"large": "//thumbs.vivino.com/region_backgrounds/1PsfTOrWQKaYUO04M8vS5A_1280x760.jpg", "medium": "//thumbs.vivino.com/region_backgrounds/1PsfTOrWQKaYUO04M8vS5A_600x356.jpg"}}, "statistics": {"wineries_count": 170, "wines_count": 2264, "sub_regions_count": 4, "parent_regions_count": 0}}, "business_name": "Golan Heights Winery", "description": "", "specialists_notes": "", "phone": "972-4-696-8435", "email": "mor.golanwines@gmail.com", "facebook": "https://www.facebook.com/yardenghw", "instagram": "", "is_claimed": false, "twitter": "@yardenghw", "website": "http://www.golanwines.co.il", "winemaker": "Victor Schoenfeld", "wine_maker": {"id": 5265, "name": "Victor Schoenfeld"}, "address": {"title": null, "name": null, "street": "Industrial Area 183", "street2": null, "neighborhood": null, "city": "Katzrin", "zip": "12900", "state": null, "country": {"code": "il", "name": "Israel", "native_name": "\u05d9\u05b4\u05e9\u05b0\u05c2\u05e8\u05b8\u05d0\u05b5\u05dc", "seo_name": "israel", "currency": {"code": "ILS", "name": "Israel Sheqel", "prefix": "\u20aa", "suffix": null}, "regions_count": 19, "users_count": 116381, "wines_count": 5822, "wineries_count": 495, "most_used_grapes": [{"id": 2, "name": "Cabernet Sauvignon", "seo_name": "cabernet-sauvignon", "has_detailed_info": true, "wines_count": 794022}, {"id": 10, "name": "Merlot", "seo_name": "merlot", "has_detailed_info": true, "wines_count": 560926}, {"id": 1, "name": "Shiraz/Syrah", "seo_name": "shiraz-syrah", "has_detailed_info": true, "wines_count": 545850}]}, "company": null, "phone": null, "external_id": null, "residential": null, "vat_number": null, "vat_code": null, "addition": null}, "image": {"location": "//images.vivino.com/wineries/11539/logos/NoyFd2jjTx2lmIL1CPiyMg.jpeg", "variations": {"large": "//thumbs.vivino.com/wineries/11539/logos/NoyFd2jjTx2lmIL1CPiyMg_500x500.jpeg", "medium": "//thumbs.vivino.com/wineries/11539/logos/NoyFd2jjTx2lmIL1CPiyMg_200x200.jpeg", "small_square": "//thumbs.vivino.com/wineries/11539/logos/NoyFd2jjTx2lmIL1CPiyMg_80x80.jpeg"}}, "location": {"latitude": 32.989784, "longitude": 35.70627}, "winery_group": {"id": 257, "name": "Golan Heights Winery", "website": "http://www.golanwines.co.il/"}, "first_wines": [], "sponsored_entity_type": null, "sponsored_entity": null}, "statistics": {"status": "Normal", "ratings_count": 4816, "ratings_average": 3.7, "labels_count": 25401, "vintages_count": 38}, "rank": {"country": {"description": "Rang von Israel", "total": 4137, "rank": 396}, "region": {"description": "Rang von Weinregion", "total": 2199, "rank": 238}, "winery": {"description": "Rang vom Weingut", "total": 98, "rank": 43}, "wine_type": {"description": "Rang in allen Wei\u00dfwein", "total": 394073, "rank": 26047}, "global": {"description": "Weltweiter Rang", "total": 1287386, "rank": 104717}}, "hidden": false, "vintages": [{"id": 163128668, "seo_name": "golan-heights-winery-hermon-mount-hermon-white-2020", "name": "Golan Heights Winery Hermon Mount Hermon White 2020", "statistics": {"status": "Normal", "ratings_count": 233, "ratings_average": 3.9, "labels_count": 1911, "reviews_count": 92}, "year": 2020, "grapes": null, "has_valid_ratings": true}, {"id": 159327539, "seo_name": "golan-heights-winery-hermon-mount-hermon-white-2019", "name": "Golan Heights Winery Hermon Mount Hermon White 2019", "statistics": {"status": "Normal", "ratings_count": 333, "ratings_average": 3.8, "labels_count": 2392, "reviews_count": 134}, "year": 2019, "grapes": null, "has_valid_ratings": true}, {"id": 157313523, "seo_name": "golan-heights-winery-hermon-mount-hermon-white-2018", "name": "Golan Heights Winery Hermon Mount Hermon White 2018", "statistics": {"status": "Normal", "ratings_count": 737, "ratings_average": 3.9, "labels_count": 4834, "reviews_count": 297}, "year": 2018, "grapes": null, "has_valid_ratings": true}, {"id": 151572071, "seo_name": "golan-heights-winery-hermon-mount-hermon-white-2017", "name": "Golan Heights Winery Hermon Mount Hermon White 2017", "statistics": {"status": "Normal", "ratings_count": 837, "ratings_average": 3.7, "labels_count": 4466, "reviews_count": 324}, "year": 2017, "grapes": null, "has_valid_ratings": true}, {"id": 95823057, "seo_name": "golan-heights-winery-hermon-mount-hermon-white-2016", "name": "Golan Heights Winery Hermon Mount Hermon White 2016", "statistics": {"status": "Normal", "ratings_count": 375, "ratings_average": 3.6, "labels_count": 2454, "reviews_count": 155}, "year": 2016, "grapes": null, "has_valid_ratings": true}, {"id": 67599496, "seo_name": "golan-heights-winery-hermon-mount-hermon-white-2015", "name": "Golan Heights Winery Hermon Mount Hermon White 2015", "statistics": {"status": "Normal", "ratings_count": 784, "ratings_average": 3.7, "labels_count": 2948, "reviews_count": 298}, "year": 2015, "grapes": null, "has_valid_ratings": true}, {"id": 7209868, "seo_name": "golan-heights-winery-hermon-mount-hermon-white-2014", "name": "Golan Heights Winery Hermon Mount Hermon White 2014", "statistics": {"status": "Normal", "ratings_count": 251, "ratings_average": 3.7, "labels_count": 1440, "reviews_count": 86}, "year": 2014, "grapes": null, "has_valid_ratings": true}, {"id": 3562060, "seo_name": "golan-heights-winery-hermon-mount-hermon-white-2013", "name": "Golan Heights Winery Hermon Mount Hermon White 2013", "statistics": {"status": "Normal", "ratings_count": 361, "ratings_average": 3.5, "labels_count": 1860, "reviews_count": 138}, "year": 2013, "grapes": null, "has_valid_ratings": true}, {"id": 2363547, "seo_name": "golan-heights-winery-hermon-mount-hermon-white-2012", "name": "Golan Heights Winery Hermon Mount Hermon White 2012", "statistics": {"status": "Normal", "ratings_count": 323, "ratings_average": 3.5, "labels_count": 1152, "reviews_count": 115}, "year": 2012, "grapes": null, "has_valid_ratings": true}, {"id": 1318254, "seo_name": "golan-heights-winery-hermon-mount-hermon-white-2011", "name": "Golan Heights Winery Hermon Mount Hermon White 2011", "statistics": {"status": "Normal", "ratings_count": 154, "ratings_average": 3.5, "labels_count": 604, "reviews_count": 51}, "year": 2011, "grapes": null, "has_valid_ratings": true}, {"id": 1190547, "seo_name": "golan-heights-winery-hermon-mount-hermon-white-2010", "name": "Golan Heights Winery Hermon Mount Hermon White 2010", "statistics": {"status": "Normal", "ratings_count": 124, "ratings_average": 3.4, "labels_count": 493, "reviews_count": 29}, "year": 2010, "grapes": null, "has_valid_ratings": true}, {"id": 8683309, "seo_name": "golan-heights-winery-hermon-mount-hermon-white-2009", "name": "Golan Heights Winery Hermon Mount Hermon White 2009", "statistics": {"status": "Normal", "ratings_count": 62, "ratings_average": 3.6, "labels_count": 314, "reviews_count": 23}, "year": 2009, "grapes": null, "has_valid_ratings": true}, {"id": 1474750, "seo_name": "golan-heights-winery-hermon-mount-hermon-white-2008", "name": "Golan Heights Winery Hermon Mount Hermon White 2008", "statistics": {"status": "Normal", "ratings_count": 22, "ratings_average": 3.6, "labels_count": 122, "reviews_count": 2}, "year": 2008, "grapes": null, "has_valid_ratings": true}, {"id": 3367956, "seo_name": "golan-heights-winery-hermon-mount-hermon-white-2007", "name": "Golan Heights Winery Hermon Mount Hermon White 2007", "statistics": {"status": "Normal", "ratings_count": 11, "ratings_average": 3.5, "labels_count": 75, "reviews_count": 4}, "year": 2007, "grapes": null, "has_valid_ratings": true}, {"id": 107238, "seo_name": "golan-heights-winery-hermon-mount-hermon-white-2006", "name": "Golan Heights Winery Hermon Mount Hermon White 2006", "statistics": {"status": "BelowThreshold", "ratings_count": 9, "ratings_average": 0, "labels_count": 37, "reviews_count": 2}, "year": 2006, "grapes": null, "has_valid_ratings": false}, {"id": 9655757, "seo_name": "golan-heights-winery-hermon-mount-hermon-white-2005", "name": "Golan Heights Winery Hermon Mount Hermon White 2005", "statistics": {"status": "BelowThreshold", "ratings_count": 1, "ratings_average": 0, "labels_count": 28, "reviews_count": 0}, "year": 2005, "grapes": null, "has_valid_ratings": false}, {"id": 9605899, "seo_name": "golan-heights-winery-hermon-mount-hermon-white-2004", "name": "Golan Heights Winery Hermon Mount Hermon White 2004", "statistics": {"status": "BelowThreshold", "ratings_count": 3, "ratings_average": 0, "labels_count": 24, "reviews_count": 2}, "year": 2004, "grapes": null, "has_valid_ratings": false}, {"id": 7209877, "seo_name": "golan-heights-winery-hermon-mount-hermon-white-2003", "name": "Golan Heights Winery Hermon Mount Hermon White 2003", "statistics": {"status": "BelowThreshold", "ratings_count": 3, "ratings_average": 0, "labels_count": 20, "reviews_count": 0}, "year": 2003, "grapes": null, "has_valid_ratings": false}, {"id": 10076384, "seo_name": "golan-heights-winery-hermon-mount-hermon-white-2001", "name": "Golan Heights Winery Hermon Mount Hermon White 2001", "statistics": {"status": "BelowThreshold", "ratings_count": 4, "ratings_average": 0, "labels_count": 11, "reviews_count": 1}, "year": 2001, "grapes": null, "has_valid_ratings": false}, {"id": 105446692, "seo_name": "golan-heights-winery-hermon-mount-hermon-white-1985", "name": "Golan Heights Winery Hermon Mount Hermon White 1985", "statistics": {"status": "BelowThreshold", "ratings_count": 1, "ratings_average": 0, "labels_count": 1, "reviews_count": 1}, "year": 1985, "grapes": null, "has_valid_ratings": false}, {"id": 1723352, "seo_name": "golan-heights-winery-hermon-mount-hermon-white-uv", "name": "Golan Heights Winery Hermon Mount Hermon White", "statistics": {"status": "Normal", "ratings_count": 4816, "ratings_average": 3.7, "labels_count": 71, "reviews_count": 53}, "year": 0, "grapes": null, "has_valid_ratings": true}], "description": "Plate of assorted sushi, a serving of crispy fish and chips, or grilled chicken breasts in a lime sauce.", "grapes": [{"id": 20, "name": "Viognier", "seo_name": "viognier", "has_detailed_info": true, "wines_count": 88393}], "foods": [{"id": 10, "name": "Schweinefleisch", "background_image": {"location": "//images.vivino.com/backgrounds/foods/10_pork.png", "variations": {"small": "//images.vivino.com/backgrounds/foods/thumbs/10_pork_932x810.png"}}, "seo_name": "pork"}, {"id": 11, "name": "Wild (Hirsch, Reh)", "background_image": {"location": "//images.vivino.com/backgrounds/foods/11_venison.png", "variations": {"small": "//images.vivino.com/backgrounds/foods/thumbs/11_venison_932x810.png"}}, "seo_name": "game"}, {"id": 13, "name": "Schalentiere", "background_image": {"location": "//images.vivino.com/backgrounds/foods/13_shellfish.png", "variations": {"small": "//images.vivino.com/backgrounds/foods/thumbs/13_shellfish_932x810.png"}}, "seo_name": "shellfish"}, {"id": 15, "name": "Scharfe Gerichte", "background_image": {"location": "//images.vivino.com/backgrounds/foods/15_spicyfood.png", "variations": {"small": "//images.vivino.com/backgrounds/foods/thumbs/15_spicyfood_932x810.png"}}, "seo_name": "spicy-food"}, {"id": 20, "name": "Gefl\u00fcgel", "background_image": {"location": "//images.vivino.com/backgrounds/foods/20_chicken.png", "variations": {"small": "//images.vivino.com/backgrounds/foods/thumbs/20_chicken_932x810.png"}}, "seo_name": "poultry"}, {"id": 35, "name": "Milde K\u00e4sesorten und Weichk\u00e4se", "background_image": {"location": "//images.vivino.com/backgrounds/foods/35_softcheese.png", "variations": {"small": "//images.vivino.com/backgrounds/foods/thumbs/35_softcheese_932x810.png"}}, "seo_name": null}], "non_vintage": false, "alcohol": 13.5, "sweetness_id": 5, "closure": "cork", "vintage_mask_raw": null, "updated_at": "2021-07-19T14:48:04Z", "created_at": "2011-05-05T18:19:18Z", "is_first_wine": false, "style": null, "has_valid_ratings": true}, "price": {"id": 25336223, "vintage_id": 163128668, "amount": 10.2, "type": "vc", "currency": {"code": "EUR", "name": "Euros", "prefix": "\u20ac", "suffix": null}, "bottle_type_id": 1, "inventory_bottles_count": null, "bottles_sold_count": 5, "url": "https://www.terra-vinum.de/5790/golan-heights-winery-hermon-mount-hermon-white?utm_medium=pref-cpc&utm_source=vivino-ppc", "message": "Preis pro Flasche, Kiste mit 6", "producer_address": "", "importer_address": "", "discounted_from": null, "bottle_type": {"id": 1, "name": "Flasche (0,75\u00a0l)", "short_name": "Flasche", "short_name_plural": "Flaschen", "volume_ml": 750}}, "highlights": [], "merchant": {"id": 329, "name": "Terra-Vinum", "seo_name": "terra-vinum", "legal_name": "terra-vinum.de c/o ternum GmbH", "description": "Versandkostenfrei f\u00fcr Bestellungen ab 80 EUR", "country": {"code": "de", "name": "Deutschland", "native_name": "Deutschland", "seo_name": "germany", "currency": {"code": "EUR", "name": "Euros", "prefix": "\u20ac", "suffix": null}, "regions_count": 210, "users_count": 2117308, "wines_count": 197796, "wineries_count": 13493, "most_used_grapes": [{"id": 15, "name": "Riesling", "seo_name": "riesling", "has_detailed_info": true, "wines_count": 259925}, {"id": 299, "name": "Sp\u00e4tburgunder", "seo_name": "spatburgunder", "has_detailed_info": false, "wines_count": 49659}, {"id": 355, "name": "Weissburgunder", "seo_name": "weissburgunder", "has_detailed_info": false, "wines_count": 33123}]}, "state": null, "status": 3, "image": {"location": "//images.vivino.com/merchants/originals/p1cqg29n00000a9.jpg", "variations": {"large_square": "//images.vivino.com/merchants/thumbs/p1cqg29n00000a9_400x400.jpg", "medium_square": "//images.vivino.com/merchants/thumbs/p1cqg29n00000a9_320x320.jpg", "small_square": "//images.vivino.com/merchants/thumbs/p1cqg29n00000a9_160x160.jpg"}}, "shipping_estimate": "Lieferung voraussichtlich zwischen Di, 21.\u00a0Dez und Do, 23.\u00a0Dez", "impressum_url": "https://www.terra-vinum.de/impressum", "tos_url": "https://www.terra-vinum.de/unsere-agb", "vc_clearing_system": 0, "hidden": false}, "sold_out": false, "prices_and_availability": {"market": {"country": "de", "currency": {"code": "EUR", "name": "Euros", "prefix": "\u20ac", "suffix": null}}, "availability": {"vintage": {"id": 163128668, "year": 2020, "grapes": null, "has_valid_ratings": false}, "median": {"amount": 10.48, "type": "market", "discounted_from": null}, "price": {"id": 25336223, "amount": 10.200001, "discounted_from": 0.0, "type": "vc"}}, "merchants_with_prices": [{"merchant": {"id": 329, "name": "Terra-Vinum", "seo_name": "terra-vinum", "legal_name": "terra-vinum.de c/o ternum GmbH", "description": "Versandkostenfrei f\u00fcr Bestellungen ab 80 EUR", "country": {"code": "de", "name": "Deutschland", "native_name": "Deutschland", "seo_name": "germany", "currency": {"code": "EUR", "name": "Euros", "prefix": "\u20ac", "suffix": null}, "regions_count": 210, "users_count": 2117308, "wines_count": 197796, "wineries_count": 13493, "most_used_grapes": [{"id": 15, "name": "Riesling", "seo_name": "riesling", "has_detailed_info": true, "wines_count": 259925}, {"id": 299, "name": "Sp\u00e4tburgunder", "seo_name": "spatburgunder", "has_detailed_info": false, "wines_count": 49659}, {"id": 355, "name": "Weissburgunder", "seo_name": "weissburgunder", "has_detailed_info": false, "wines_count": 33123}]}, "state": null, "status": 3, "image": {"location": "//images.vivino.com/merchants/originals/p1cqg29n00000a9.jpg", "variations": {"large_square": "//images.vivino.com/merchants/thumbs/p1cqg29n00000a9_400x400.jpg", "medium_square": "//images.vivino.com/merchants/thumbs/p1cqg29n00000a9_320x320.jpg", "small_square": "//images.vivino.com/merchants/thumbs/p1cqg29n00000a9_160x160.jpg"}}, "shipping_estimate": "Lieferung voraussichtlich zwischen Di, 21.\u00a0Dez und Do, 23.\u00a0Dez", "impressum_url": "https://www.terra-vinum.de/impressum", "tos_url": "https://www.terra-vinum.de/unsere-agb", "vc_clearing_system": 0, "hidden": false}, "prices": [{"id": 25336223, "vintage_id": 163128668, "amount": 10.2, "type": "vc", "currency": {"code": "EUR", "name": "Euros", "prefix": "\u20ac", "suffix": null}, "bottle_type_id": 1, "inventory_bottles_count": null, "bottles_sold_count": 5, "url": "https://www.terra-vinum.de/5790/golan-heights-winery-hermon-mount-hermon-white?utm_medium=pref-cpc&utm_source=vivino-ppc", "message": "Preis pro Flasche, Kiste mit 6", "producer_address": "", "importer_address": "", "discounted_from": null, "bottle_type": {"id": 1, "name": "Flasche (0,75\u00a0l)", "short_name": "Flasche", "short_name_plural": "Flaschen", "volume_ml": 750}}]}, {"merchant": {"id": 17581, "name": "Vineshop24", "seo_name": "vineshop24", "legal_name": "Vineshop24 GmbH & Co. KG", "description": "Versandkostenfrei f\u00fcr Bestellungen ab 80 EUR", "country": {"code": "de", "name": "Deutschland", "native_name": "Deutschland", "seo_name": "germany", "currency": {"code": "EUR", "name": "Euros", "prefix": "\u20ac", "suffix": null}, "regions_count": 210, "users_count": 2117308, "wines_count": 197796, "wineries_count": 13493, "most_used_grapes": [{"id": 15, "name": "Riesling", "seo_name": "riesling", "has_detailed_info": true, "wines_count": 259925}, {"id": 299, "name": "Sp\u00e4tburgunder", "seo_name": "spatburgunder", "has_detailed_info": false, "wines_count": 49659}, {"id": 355, "name": "Weissburgunder", "seo_name": "weissburgunder", "has_detailed_info": false, "wines_count": 33123}]}, "state": null, "status": 3, "image": {"location": "//images.vivino.com/merchants/originals/p1ei8m730000h5d.png", "variations": {"large_square": "//images.vivino.com/merchants/thumbs/p1ei8m730000h5d_400x400.jpg", "medium_square": "//images.vivino.com/merchants/thumbs/p1ei8m730000h5d_320x320.jpg", "small_square": "//images.vivino.com/merchants/thumbs/p1ei8m730000h5d_160x160.jpg"}}, "shipping_estimate": "Lieferung voraussichtlich zwischen Di, 21.\u00a0Dez und Do, 23.\u00a0Dez", "impressum_url": "https://www.vineshop24.de/info/impressum.html", "tos_url": "https://www.vineshop24.de/info/allgemeine-geschaeftsbedingungen.html", "vc_clearing_system": 0, "hidden": false}, "prices": [{"id": 25338090, "vintage_id": 163128668, "amount": 10.75, "type": "vc", "currency": {"code": "EUR", "name": "Euros", "prefix": "\u20ac", "suffix": null}, "bottle_type_id": 1, "inventory_bottles_count": 1352, "bottles_sold_count": 18, "url": "https://www.vineshop24.de/weine-aus-aller-welt/israel/mount-hermon-white.html?utm_medium=pref-cpc&utm_source=vivino-ppc", "message": "", "producer_address": "", "importer_address": "CWD , Hamburger Stra\u00dfe 14-20, 25436 Tornesch, Deutschland", "discounted_from": null, "bottle_type": {"id": 1, "name": "Flasche (0,75\u00a0l)", "short_name": "Flasche", "short_name_plural": "Flaschen", "volume_ml": 750}}]}, {"merchant": {"id": 4553, "name": "LaVinateria, Germany", "seo_name": "lavinateria-germany", "legal_name": null, "description": "No minimum order.", "country": {"code": "de", "name": "Deutschland", "native_name": "Deutschland", "seo_name": "germany", "currency": {"code": "EUR", "name": "Euros", "prefix": "\u20ac", "suffix": null}, "regions_count": 210, "users_count": 2117308, "wines_count": 197796, "wineries_count": 13493, "most_used_grapes": [{"id": 15, "name": "Riesling", "seo_name": "riesling", "has_detailed_info": true, "wines_count": 259925}, {"id": 299, "name": "Sp\u00e4tburgunder", "seo_name": "spatburgunder", "has_detailed_info": false, "wines_count": 49659}, {"id": 355, "name": "Weissburgunder", "seo_name": "weissburgunder", "has_detailed_info": false, "wines_count": 33123}]}, "state": null, "status": 0, "image": null, "shipping_estimate": "Lieferung bis Mi, 22.\u00a0Dez", "impressum_url": null, "tos_url": null, "vc_clearing_system": 0, "hidden": false}, "prices": [{"id": 25943071, "vintage_id": 163128668, "amount": 9.95, "type": "ppc", "currency": {"code": "EUR", "name": "Euros", "prefix": "\u20ac", "suffix": null}, "bottle_type_id": 1, "inventory_bottles_count": null, "url": "https://www.lavinateria-weinshop.de/lavinateria-p4418h479s484-Golan-Heights-Winery.html?utm_medium=pref-cpc&utm_source=vivino-ppc", "message": "", "producer_address": "", "importer_address": "", "discounted_from": null, "bottle_type": {"id": 1, "name": "Flasche (0,75\u00a0l)", "short_name": "Flasche", "short_name_plural": "Flaschen", "volume_ml": 750}}]}, {"merchant": {"id": 31593, "name": "VINZERY", "seo_name": "vinzery", "legal_name": null, "description": "No minimum order. Mobile friendly checkout.", "country": {"code": "de", "name": "Deutschland", "native_name": "Deutschland", "seo_name": "germany", "currency": {"code": "EUR", "name": "Euros", "prefix": "\u20ac", "suffix": null}, "regions_count": 210, "users_count": 2117308, "wines_count": 197796, "wineries_count": 13493, "most_used_grapes": [{"id": 15, "name": "Riesling", "seo_name": "riesling", "has_detailed_info": true, "wines_count": 259925}, {"id": 299, "name": "Sp\u00e4tburgunder", "seo_name": "spatburgunder", "has_detailed_info": false, "wines_count": 49659}, {"id": 355, "name": "Weissburgunder", "seo_name": "weissburgunder", "has_detailed_info": false, "wines_count": 33123}]}, "state": null, "status": 0, "image": null, "shipping_estimate": "Lieferung bis Mi, 22.\u00a0Dez", "impressum_url": null, "tos_url": null, "vc_clearing_system": 0, "hidden": false}, "prices": [{"id": 26686750, "vintage_id": 163128668, "amount": 10.8, "type": "ppc", "currency": {"code": "EUR", "name": "Euros", "prefix": "\u20ac", "suffix": null}, "bottle_type_id": 1, "inventory_bottles_count": null, "url": "https://www.vinzery.de/golan-heights-winery-yarden-mount-hermon-white-2020?utm_medium=pref-cpc&utm_source=vivino-ppc", "message": "", "producer_address": "", "importer_address": "", "discounted_from": null, "bottle_type": {"id": 1, "name": "Flasche (0,75\u00a0l)", "short_name": "Flasche", "short_name_plural": "Flaschen", "volume_ml": 750}}]}]}, "found_by_merchant_and_sku": null, "is_deal_page": false}