{"tastes": {"structure": {"acidity": 4.525348, "fizziness": null, "intensity": 2.8110871, "sweetness": 1.6187451, "tannin": null, "user_structure_count": 292, "calculated_structure_count": 128}, "flavor": [{"group": "tree_fruit", "stats": {"count": 119, "score": 17400, "mentions_count": 174}, "primary_keywords": [{"id": 9, "name": "Apfel", "count": 46}, {"id": 310, "name": "Pfirsich", "count": 42}, {"id": 195, "name": "Gr\u00fcner Apfel", "count": 34}, {"id": 315, "name": "Birne", "count": 15}, {"id": 11, "name": "Aprikose", "count": 10}, {"id": 469, "name": "Steinfrucht", "count": 8}, {"id": 448, "name": "Wei\u00dfer Pfirsich", "count": 6}, {"id": 458, "name": "Gelber Apfel", "count": 4}, {"id": 271, "name": "Melone", "count": 4}, {"id": 288, "name": "Nektarine", "count": 2}, {"id": 19, "name": "Bratapfel", "count": 1}, {"id": 202, "name": "Gr\u00fcne Melone", "count": 1}, {"id": 461, "name": "Gelbe Pflaume", "count": 1}]}, {"group": "earth", "stats": {"count": 103, "score": 16051, "mentions_count": 163}, "primary_keywords": [{"id": 276, "name": "Mineralien", "count": 66}, {"id": 218, "name": "Honig", "count": 26}, {"id": 398, "name": "Stein", "count": 25}, {"id": 325, "name": "Petroleum", "count": 15}, {"id": 164, "name": "Feuerstein", "count": 7}, {"id": 156, "name": "Erdig", "count": 3}, {"id": 181, "name": "Ingwer", "count": 3}, {"id": 377, "name": "Salz", "count": 3}, {"id": 465, "name": "Gummi", "count": 3}, {"id": 383, "name": "Schiefer", "count": 2}, {"id": 384, "name": "Rauch", "count": 2}, {"id": 441, "name": "Wachs", "count": 2}, {"id": 442, "name": "Nasser Beton", "count": 1}, {"id": 284, "name": "Champignon", "count": 1}, {"id": 239, "name": "Lanolin", "count": 1}, {"id": 235, "name": "Kerosin", "count": 1}, {"id": 85, "name": "Kreide", "count": 1}, {"id": 317, "name": "Bleistiftmine", "count": 1}], "secondary_keywords": [{"id": 381, "name": "Bohnenkraut", "count": 1}]}, {"group": "citrus_fruit", "stats": {"count": 109, "score": 13200, "mentions_count": 132}, "primary_keywords": [{"id": 106, "name": "Zitrone", "count": 61}, {"id": 252, "name": "Limette", "count": 33}, {"id": 243, "name": "Zitrone", "count": 28}, {"id": 248, "name": "Zitronenw\u00fcrze", "count": 4}, {"id": 190, "name": "Grapefruit", "count": 2}, {"id": 298, "name": "Orange", "count": 1}, {"id": 340, "name": "Kandierte Zitrone", "count": 1}, {"id": 254, "name": "Limettenmark", "count": 1}, {"id": 246, "name": "Zitronenschale", "count": 1}]}, {"group": "tropical_fruit", "stats": {"count": 30, "score": 3465, "mentions_count": 33}, "primary_keywords": [{"id": 329, "name": "Ananas", "count": 17}, {"id": 428, "name": "Tropisch", "count": 6}, {"id": 306, "name": "Passionsfrucht", "count": 3}, {"id": 261, "name": "Mango", "count": 3}, {"id": 256, "name": "Litschi", "count": 2}, {"id": 201, "name": "Gr\u00fcne Mango", "count": 1}, {"id": 210, "name": "Guave", "count": 1}], "secondary_keywords": [{"id": 23, "name": "Banane", "count": 5}]}, {"group": "vegetal", "stats": {"count": 17, "score": 2025, "mentions_count": 20}, "primary_keywords": [{"id": 399, "name": "Stroh", "count": 9}, {"id": 193, "name": "Gras", "count": 8}, {"id": 185, "name": "Stachelbeere", "count": 1}, {"id": 212, "name": "Heu", "count": 1}, {"id": 425, "name": "Tomate", "count": 1}], "secondary_keywords": [{"id": 381, "name": "Bohnenkraut", "count": 1}]}, {"group": "microbio", "stats": {"count": 10, "score": 935, "mentions_count": 10}, "primary_keywords": [{"id": 23, "name": "Banane", "count": 5}, {"id": 123, "name": "Creme", "count": 4}, {"id": 457, "name": "Hefe", "count": 1}], "secondary_keywords": [{"id": 284, "name": "Champignon", "count": 1}, {"id": 239, "name": "Lanolin", "count": 1}]}, {"group": "floral", "stats": {"count": 10, "score": 1025, "mentions_count": 10}, "primary_keywords": [{"id": 157, "name": "Holunderbl\u00fcte", "count": 3}, {"id": 299, "name": "Orangenbl\u00fcte", "count": 2}, {"id": 221, "name": "Gei\u00dfblatt", "count": 2}, {"id": 322, "name": "Parf\u00fcm", "count": 1}, {"id": 251, "name": "Lilie", "count": 1}, {"id": 230, "name": "Jasmin", "count": 1}], "secondary_keywords": [{"id": 381, "name": "Bohnenkraut", "count": 1}]}, {"group": "spices", "stats": {"count": 9, "score": 531, "mentions_count": 5}, "primary_keywords": [{"id": 277, "name": "Minze", "count": 2}, {"id": 381, "name": "Bohnenkraut", "count": 1}, {"id": 416, "name": "Thymian", "count": 1}, {"id": 449, "name": "Weiter Pfeffer", "count": 1}], "secondary_keywords": [{"id": 181, "name": "Ingwer", "count": 3}, {"id": 290, "name": "Muskat", "count": 1}]}, {"group": "oak", "stats": {"count": 6, "score": 532, "mentions_count": 5}, "primary_keywords": [{"id": 290, "name": "Muskat", "count": 1}, {"id": 63, "name": "Vollkornbrot", "count": 1}, {"id": 115, "name": "Kokosnuss", "count": 1}, {"id": 79, "name": "Karamell", "count": 1}, {"id": 72, "name": "Karamellbonbon", "count": 1}], "secondary_keywords": [{"id": 384, "name": "Rauch", "count": 2}]}, {"group": "red_fruit", "stats": {"count": 4, "score": 516, "mentions_count": 5}, "primary_keywords": [{"id": 400, "name": "Erdbeere", "count": 4}, {"id": 348, "name": "Himbeere", "count": 1}], "secondary_keywords": [{"id": 229, "name": "Konfit\u00fcre", "count": 1}]}, {"group": "black_fruit", "stats": {"count": 2, "score": 168, "mentions_count": 2}, "primary_keywords": [{"id": 229, "name": "Konfit\u00fcre", "count": 1}, {"id": 334, "name": "Pflaume", "count": 1}]}, {"group": "non_oak", "stats": {"count": 4, "score": 36, "mentions_count": 0}, "secondary_keywords": [{"id": 384, "name": "Rauch", "count": 2}, {"id": 290, "name": "Muskat", "count": 1}, {"id": 79, "name": "Karamell", "count": 1}]}, {"group": "dried_fruit", "stats": {"count": 1, "score": 16, "mentions_count": 0}, "secondary_keywords": [{"id": 229, "name": "Konfit\u00fcre", "count": 1}]}]}, "vivino_id": "1257889"}