{"vintage": {"id": 167651773, "seo_name": "domaine-ferrandiere-plot-de-resclause-le-grand-vin-blanc-uv", "name": "Domaine Ferrandi\u00e8re Plot de Resclause Le Grand Vin Blanc", "statistics": {"status": "Normal", "ratings_count": 167, "ratings_average": 4.1, "labels_count": 1, "reviews_count": 3}, "organic_certification_id": null, "certified_biodynamic": null, "image": {"location": "//images.vivino.com/labels/dg2X-DC_Qmu-chcaFIfWmw.jpg", "variations": {"large": "//images.vivino.com/thumbs/dg2X-DC_Qmu-chcaFIfWmw_375x500.jpg", "medium": "//images.vivino.com/thumbs/dg2X-DC_Qmu-chcaFIfWmw_150x200.jpg", "medium_square": "//images.vivino.com/thumbs/dg2X-DC_Qmu-chcaFIfWmw_150x150.jpg", "small_square": "//images.vivino.com/thumbs/dg2X-DC_Qmu-chcaFIfWmw_80x80.jpg"}}, "wine": {"id": 9411242, "name": "Plot de Resclause Le Grand Vin Blanc", "seo_name": "plot-de-resclause-le-grand-vin-blanc", "type_id": 2, "vintage_type": 0, "is_natural": false, "region": {"id": 3003, "name": "Pays d'Oc", "name_en": "Sud de France", "seo_name": "vin-de-pays-doc", "country": {"code": "fr", "name": "France", "native_name": "France", "seo_name": "france", "currency": {"code": "EUR", "name": "Euros", "prefix": "\u20ac", "suffix": null}, "regions_count": 1292, "users_count": 5068363, "wines_count": 542471, "wineries_count": 67002, "most_used_grapes": [{"id": 14, "name": "Pinot Noir", "seo_name": "pinot-noir", "has_detailed_info": true, "wines_count": 572334}, {"id": 10, "name": "Merlot", "seo_name": "merlot", "has_detailed_info": true, "wines_count": 566719}, {"id": 5, "name": "Chardonnay", "seo_name": "chardonnay", "has_detailed_info": true, "wines_count": 604208}]}, "parent_id": 986, "background_image": {"location": "//images.vivino.com/regions/backgrounds/hBYxUIfHQnmqI_QhKoYxxA.jpg", "variations": {"large": "//thumbs.vivino.com/region_backgrounds/hBYxUIfHQnmqI_QhKoYxxA_1280x760.jpg", "medium": "//thumbs.vivino.com/region_backgrounds/hBYxUIfHQnmqI_QhKoYxxA_600x356.jpg"}}, "class": {"typecast_map": {"background_image": {}, "class": {}}}, "statistics": {"wineries_count": 2168, "wines_count": 25750, "sub_regions_count": 25, "parent_regions_count": 1}}, "review_status": 2, "winery": {"id": 28683, "name": "Domaine Ferrandi\u00e8re", "seo_name": "domaine-ferrandiere", "status": 0, "review_status": "Completed", "background_image": null, "statistics": {"ratings_count": 6300, "ratings_average": 3.6, "labels_count": 50319, "wines_count": 47}, "region": {"id": 536, "name": "Languedoc-Roussillon", "name_en": "", "seo_name": "languedoc-roussillon", "country": {"code": "fr", "name": "France", "native_name": "France", "seo_name": "france", "currency": {"code": "EUR", "name": "Euros", "prefix": "\u20ac", "suffix": null}, "regions_count": 1292, "users_count": 5068363, "wines_count": 542471, "wineries_count": 67002, "most_used_grapes": [{"id": 14, "name": "Pinot Noir", "seo_name": "pinot-noir", "has_detailed_info": true, "wines_count": 572334}, {"id": 10, "name": "Merlot", "seo_name": "merlot", "has_detailed_info": true, "wines_count": 566719}, {"id": 5, "name": "Chardonnay", "seo_name": "chardonnay", "has_detailed_info": true, "wines_count": 604208}]}, "parent_id": null, "background_image": {"location": "//images.vivino.com/regions/backgrounds/-iw2xwauQ7GnxGGUkTGolw.jpg", "variations": {"large": "//thumbs.vivino.com/region_backgrounds/-iw2xwauQ7GnxGGUkTGolw_1280x760.jpg", "medium": "//thumbs.vivino.com/region_backgrounds/-iw2xwauQ7GnxGGUkTGolw_600x356.jpg"}}, "statistics": {"wineries_count": 6537, "wines_count": 27855, "sub_regions_count": 21, "parent_regions_count": 0}}, "business_name": "Domaine la Ferrandi\u00e8re", "description": "The 100ha property, Domaine Ferrandi\u00e8re, acquired in 2013 in the Aude region between Corbi\u00e8res and Minervois, 40 km from the Mediterranean sea, nestles within a former maritime lagoon.<br><br>This unique terroir is the perfect environment for vine growing and gives that special grape minerality and acidity which characterize the Jean-Claude Mas wines.<br><br>18 varietals flourish on this exceptional site, Merlot, Malbec, Chardonnay, Sauvignon, Marselan, Riesling, Pinots \u2026 And even our very own apple trees !<br>_______________<br><br>Les 100 ha du domaine Ferrandi\u00e8re acquis en 2013 sont plant\u00e9s dans l\u2019\u00e9tang ass\u00e9ch\u00e9 de Marseillette.<br><br>La Ferrandi\u00e8re est situ\u00e9 dans une ancienne lagune maritime, entre les Corbi\u00e8res et le Minervois, tout pr\u00e8s de Carcassonne, \u00e0 40 km de la mer M\u00e9diterran\u00e9e.<br><br>Ce terroir unique permet de cultiver des vignes franc de pied et conf\u00e8re au raisin une min\u00e9ralit\u00e9 et une acidit\u00e9 caract\u00e9ristique des vins Jean-Claude Mas.<br><br>Ce site exceptionnel permet d\u2019accueillir 18 c\u00e9pages : Merlot, Malbec, Chardonnay, Sauvignon, Marselan, Riesling, Pinots (gris, noir, blanc)\u2026<br><br>Nous y cultivons aussi des \u00abpommes de vignerons\u00bb.<br>", "specialists_notes": "", "phone": "", "email": "info@paulmas.com", "facebook": "https://www.facebook.com/domaine.de.la.ferrandiere/", "instagram": "@paulmaswines", "is_claimed": false, "twitter": "@paul_mas", "website": "http://www.ferrandiere.com/", "winemaker": "Jean-Claude Mas", "wine_maker": {"id": 5694, "name": "Jean-Claude Mas"}, "address": {"title": null, "name": null, "street": "La Ferrandiere", "street2": null, "neighborhood": null, "city": "Aigues-Vives", "zip": "11800", "state": null, "country": {"code": "fr", "name": "France", "native_name": "France", "seo_name": "france", "currency": {"code": "EUR", "name": "Euros", "prefix": "\u20ac", "suffix": null}, "regions_count": 1292, "users_count": 5068363, "wines_count": 542471, "wineries_count": 67002, "most_used_grapes": [{"id": 14, "name": "Pinot Noir", "seo_name": "pinot-noir", "has_detailed_info": true, "wines_count": 572334}, {"id": 10, "name": "Merlot", "seo_name": "merlot", "has_detailed_info": true, "wines_count": 566719}, {"id": 5, "name": "Chardonnay", "seo_name": "chardonnay", "has_detailed_info": true, "wines_count": 604208}]}, "company": null, "phone": null, "external_id": null, "residential": null, "vat_number": null, "vat_code": null, "addition": null}, "image": {"location": "//images.vivino.com/wineries/28683/logos/TJSI73IxQL2mOw8ocQaPiA.jpeg", "variations": {"large": "//thumbs.vivino.com/wineries/28683/logos/TJSI73IxQL2mOw8ocQaPiA_500x500.jpeg", "medium": "//thumbs.vivino.com/wineries/28683/logos/TJSI73IxQL2mOw8ocQaPiA_200x200.jpeg", "small_square": "//thumbs.vivino.com/wineries/28683/logos/TJSI73IxQL2mOw8ocQaPiA_80x80.jpeg"}}, "location": {"latitude": 43.227493, "longitude": 2.54739}, "winery_group": {"id": 213, "name": "Domaines Paul Mas", "website": "http://www.paulmas.com/"}, "first_wines": [], "sponsored_entity_type": null, "sponsored_entity": null}, "statistics": {"status": "Normal", "ratings_count": 167, "ratings_average": 4.1, "labels_count": 1509, "vintages_count": 10}, "rank": {"country": {"description": "Rank within France", "total": 317725, "rank": 21169}, "region": {"description": "Rank within Wine Region", "total": 40863, "rank": 1644}, "winery": {"description": "Rank within Winery", "total": 43, "rank": 2}, "wine_type": {"description": "Rank within all White Wine", "total": 398759, "rank": 18564}, "global": {"description": "Global Rank", "total": 1302077, "rank": 77735}}, "hidden": false, "vintages": [{"id": 167664046, "seo_name": "domaine-ferrandiere-plot-de-resclause-le-grand-vin-blanc-2020", "name": "Domaine Ferrandi\u00e8re Plot de Resclause Le Grand Vin Blanc 2020", "statistics": {"status": "Normal", "ratings_count": 104, "ratings_average": 4.1, "labels_count": 825, "reviews_count": 43}, "year": 2020, "grapes": null, "has_valid_ratings": true}, {"id": 167651774, "seo_name": "domaine-ferrandiere-plot-de-resclause-le-grand-vin-blanc-2019", "name": "Domaine Ferrandi\u00e8re Plot de Resclause Le Grand Vin Blanc 2019", "statistics": {"status": "Normal", "ratings_count": 49, "ratings_average": 4, "labels_count": 465, "reviews_count": 20}, "year": 2019, "grapes": null, "has_valid_ratings": true}, {"id": 167666210, "seo_name": "domaine-ferrandiere-plot-de-resclause-le-grand-vin-blanc-2018", "name": "Domaine Ferrandi\u00e8re Plot de Resclause Le Grand Vin Blanc 2018", "statistics": {"status": "BelowThreshold", "ratings_count": 7, "ratings_average": 0, "labels_count": 119, "reviews_count": 4}, "year": 2018, "grapes": null, "has_valid_ratings": false}, {"id": 167894565, "seo_name": "domaine-ferrandiere-plot-de-resclause-le-grand-vin-blanc-2017", "name": "Domaine Ferrandi\u00e8re Plot de Resclause Le Grand Vin Blanc 2017", "statistics": {"status": "BelowThreshold", "ratings_count": 2, "ratings_average": 0, "labels_count": 14, "reviews_count": 1}, "year": 2017, "grapes": null, "has_valid_ratings": false}, {"id": 167766376, "seo_name": "domaine-ferrandiere-plot-de-resclause-le-grand-vin-blanc-2016", "name": "Domaine Ferrandi\u00e8re Plot de Resclause Le Grand Vin Blanc 2016", "statistics": {"status": "BelowThreshold", "ratings_count": 1, "ratings_average": 0, "labels_count": 24, "reviews_count": 0}, "year": 2016, "grapes": null, "has_valid_ratings": false}, {"id": 167693153, "seo_name": "domaine-ferrandiere-plot-de-resclause-le-grand-vin-blanc-2015", "name": "Domaine Ferrandi\u00e8re Plot de Resclause Le Grand Vin Blanc 2015", "statistics": {"status": "BelowThreshold", "ratings_count": 1, "ratings_average": 0, "labels_count": 21, "reviews_count": 1}, "year": 2015, "grapes": null, "has_valid_ratings": false}, {"id": 167651773, "seo_name": "domaine-ferrandiere-plot-de-resclause-le-grand-vin-blanc-uv", "name": "Domaine Ferrandi\u00e8re Plot de Resclause Le Grand Vin Blanc", "statistics": {"status": "Normal", "ratings_count": 167, "ratings_average": 4.1, "labels_count": 1, "reviews_count": 3}, "year": 0, "grapes": null, "has_valid_ratings": true}], "description": "", "grapes": [{"id": 5, "name": "Chardonnay", "seo_name": "chardonnay", "has_detailed_info": true, "wines_count": 604208}, {"id": 13, "name": "Pinot Gris", "seo_name": "pinot-gris", "has_detailed_info": true, "wines_count": 72677}, {"id": 20, "name": "Viognier", "seo_name": "viognier", "has_detailed_info": true, "wines_count": 89216}], "foods": [{"id": 5, "name": "Pasta", "background_image": {"location": "//images.vivino.com/backgrounds/foods/5_pasta.png", "variations": {"small": "//images.vivino.com/backgrounds/foods/thumbs/5_pasta_932x810.png"}}, "seo_name": null}, {"id": 19, "name": "Vegetarian", "background_image": {"location": "//images.vivino.com/backgrounds/foods/19_vegetarian.png", "variations": {"small": "//images.vivino.com/backgrounds/foods/thumbs/19_vegetarian_932x810.png"}}, "seo_name": "vegetarian"}, {"id": 20, "name": "Poultry", "background_image": {"location": "//images.vivino.com/backgrounds/foods/20_chicken.png", "variations": {"small": "//images.vivino.com/backgrounds/foods/thumbs/20_chicken_932x810.png"}}, "seo_name": "poultry"}, {"id": 28, "name": "Lean fish", "background_image": {"location": "//images.vivino.com/backgrounds/foods/28_leanfish.png", "variations": {"small": "//images.vivino.com/backgrounds/foods/thumbs/28_leanfish_932x810.png"}}, "seo_name": null}, {"id": 40, "name": "Aperitif", "background_image": {"location": "//images.vivino.com/backgrounds/foods/40_aperitif.png", "variations": {"small": "//images.vivino.com/backgrounds/foods/thumbs/40_aperitif_932x810.png"}}, "seo_name": null}], "non_vintage": false, "alcohol": 0, "sweetness_id": null, "closure": null, "vintage_mask_raw": null, "updated_at": "2021-03-09T13:50:35Z", "created_at": "2021-03-08T11:59:12Z", "is_first_wine": false, "style": {"id": 96, "seo_name": "languedoc-roussillon-white", "regional_name": "Languedoc-Roussillon", "varietal_name": "White", "name": "Languedoc-Roussillon White", "image": null, "background_image": {"location": "//images.vivino.com/backgrounds/styles/IYAJ-0H_TIGBXbDajENrUQ.jpg", "variations": {"small": "//images.vivino.com/backgrounds/styles/thumbs/IYAJ-0H_TIGBXbDajENrUQ_932x810.jpg"}}, "description": "Wine from the Languedoc-Roussillon region is produced in the South of France, ranging from the Mediterranean coast to Provence. Chardonnay, Chenin Blanc, Picpoul, Muscat, and Mauzac are some of the most important white grapes in the region.\n\nAlthough there is great diversity and volume of wine produced in this region, white wines are typically aromatic and crisp, often with floral and stone fruit notes.\n\nThere are some outstanding values to be found in wines from this region. Many wines from this area retail for well under $20.\n\nAlthough the region has been known to produce cheap table wine in the past, many vineyards and cooperatives are replacing lesser quality vines with higher quality wine varieties and production methods. The quality has been steadily improving since the 1970s when the region was best known for churning out cheap jug wine.\n\nSome of the more notable white wines to come out of this region include the sparkling Cr\u00e9mant de Limoux, which is produced using M\u00e9thode Traditionnelle. These sparklers offer great bang for the buck!", "blurb": null, "interesting_facts": ["Languedoc-Roussillon is home to a the biggest wine producing region in the world, responsible for over 1/3 of France's wine production.", "During the World Wars, the French army received its daily wine rations from  Languedoc-Roussillon.", "Languedoc-Roussillon is one of the oldest wine producing regions in France and is said to date back to at least 6000 BC.", "During the 14th century, wines from Languedoc-Roussillon were prescribed by doctors and hospitals to help various ailments."], "body": 4, "body_description": "Full-bodied", "acidity": 3, "acidity_description": "High", "country": {"code": "fr", "name": "France", "native_name": "France", "seo_name": "france", "currency": {"code": "EUR", "name": "Euros", "prefix": "\u20ac", "suffix": null}, "regions_count": 1292, "users_count": 5068363, "wines_count": 542471, "wineries_count": 67002, "most_used_grapes": [{"id": 14, "name": "Pinot Noir", "seo_name": "pinot-noir", "has_detailed_info": true, "wines_count": 572334}, {"id": 10, "name": "Merlot", "seo_name": "merlot", "has_detailed_info": true, "wines_count": 566719}, {"id": 5, "name": "Chardonnay", "seo_name": "chardonnay", "has_detailed_info": true, "wines_count": 604208}]}, "wine_type_id": 2, "food": [{"id": 5, "name": "Pasta", "background_image": {"location": "//images.vivino.com/backgrounds/foods/5_pasta.png", "variations": {"small": "//images.vivino.com/backgrounds/foods/thumbs/5_pasta_932x810.png"}}, "seo_name": null}, {"id": 19, "name": "Vegetarian", "background_image": {"location": "//images.vivino.com/backgrounds/foods/19_vegetarian.png", "variations": {"small": "//images.vivino.com/backgrounds/foods/thumbs/19_vegetarian_932x810.png"}}, "seo_name": "vegetarian"}, {"id": 20, "name": "Poultry", "background_image": {"location": "//images.vivino.com/backgrounds/foods/20_chicken.png", "variations": {"small": "//images.vivino.com/backgrounds/foods/thumbs/20_chicken_932x810.png"}}, "seo_name": "poultry"}, {"id": 28, "name": "Lean fish", "background_image": {"location": "//images.vivino.com/backgrounds/foods/28_leanfish.png", "variations": {"small": "//images.vivino.com/backgrounds/foods/thumbs/28_leanfish_932x810.png"}}, "seo_name": null}, {"id": 40, "name": "Aperitif", "background_image": {"location": "//images.vivino.com/backgrounds/foods/40_aperitif.png", "variations": {"small": "//images.vivino.com/backgrounds/foods/thumbs/40_aperitif_932x810.png"}}, "seo_name": null}], "grapes": [{"id": 56, "name": "Grenache Blanc", "seo_name": "grenache-blanc", "has_detailed_info": false, "wines_count": 39071}, {"id": 132, "name": "Bourboulenc", "seo_name": "bourboulenc", "has_detailed_info": false, "wines_count": 8959}], "region": {"id": 536, "name": "Languedoc-Roussillon", "name_en": "", "seo_name": "languedoc-roussillon", "country": {"code": "fr", "name": "France", "native_name": "France", "seo_name": "france", "currency": {"code": "EUR", "name": "Euros", "prefix": "\u20ac", "suffix": null}, "regions_count": 1292, "users_count": 5068363, "wines_count": 542471, "wineries_count": 67002, "most_used_grapes": [{"id": 14, "name": "Pinot Noir", "seo_name": "pinot-noir", "has_detailed_info": true, "wines_count": 572334}, {"id": 10, "name": "Merlot", "seo_name": "merlot", "has_detailed_info": true, "wines_count": 566719}, {"id": 5, "name": "Chardonnay", "seo_name": "chardonnay", "has_detailed_info": true, "wines_count": 604208}]}, "parent_id": null, "background_image": {"location": "//images.vivino.com/regions/backgrounds/-iw2xwauQ7GnxGGUkTGolw.jpg", "variations": {"large": "//thumbs.vivino.com/region_backgrounds/-iw2xwauQ7GnxGGUkTGolw_1280x760.jpg", "medium": "//thumbs.vivino.com/region_backgrounds/-iw2xwauQ7GnxGGUkTGolw_600x356.jpg"}}, "statistics": {"wineries_count": 6529, "wines_count": 27892, "sub_regions_count": 21, "parent_regions_count": 0}}}, "has_valid_ratings": true}, "description": "", "wine_critic_reviews": [], "awards": [], "ratings_distribution": {"1": 2, "2": 4, "3": 27, "4": 100, "5": 34}, "ranking": {"country": {"description": "Rank within France", "total": 2497624, "rank": 47493}, "region": {"description": "Rank within Wine Region", "total": 276718, "rank": 1997}, "winery": {"description": "Rank within Winery", "total": 325, "rank": 4}, "global": {"description": "Global Rank", "total": 8944724, "rank": 189516}}, "wine_facts": {}, "winemaker": null, "wine_maker": null, "grape_composition": {}, "year": "", "grapes": null, "has_valid_ratings": true}, "carts": null, "full_region": null, "tastes": null, "wine": {"id": 9411242, "name": "Plot de Resclause Le Grand Vin Blanc", "seo_name": "plot-de-resclause-le-grand-vin-blanc", "type_id": 2, "vintage_type": 0, "is_natural": false, "region": {"id": 3003, "name": "Pays d'Oc", "name_en": "Sud de France", "seo_name": "vin-de-pays-doc", "country": {"code": "fr", "name": "France", "native_name": "France", "seo_name": "france", "currency": {"code": "EUR", "name": "Euros", "prefix": "\u20ac", "suffix": null}, "regions_count": 1292, "users_count": 5068363, "wines_count": 542471, "wineries_count": 67002, "most_used_grapes": [{"id": 14, "name": "Pinot Noir", "seo_name": "pinot-noir", "has_detailed_info": true, "wines_count": 572334}, {"id": 10, "name": "Merlot", "seo_name": "merlot", "has_detailed_info": true, "wines_count": 566719}, {"id": 5, "name": "Chardonnay", "seo_name": "chardonnay", "has_detailed_info": true, "wines_count": 604208}]}, "parent_id": 986, "background_image": {"location": "//images.vivino.com/regions/backgrounds/hBYxUIfHQnmqI_QhKoYxxA.jpg", "variations": {"large": "//thumbs.vivino.com/region_backgrounds/hBYxUIfHQnmqI_QhKoYxxA_1280x760.jpg", "medium": "//thumbs.vivino.com/region_backgrounds/hBYxUIfHQnmqI_QhKoYxxA_600x356.jpg"}}, "class": {"typecast_map": {"background_image": {}, "class": {}}}, "statistics": {"wineries_count": 2168, "wines_count": 25750, "sub_regions_count": 25, "parent_regions_count": 1}}, "review_status": 2, "winery": {"id": 28683, "name": "Domaine Ferrandi\u00e8re", "seo_name": "domaine-ferrandiere", "status": 0, "review_status": "Completed", "background_image": null, "statistics": {"ratings_count": 6300, "ratings_average": 3.6, "labels_count": 50319, "wines_count": 47}, "region": {"id": 536, "name": "Languedoc-Roussillon", "name_en": "", "seo_name": "languedoc-roussillon", "country": {"code": "fr", "name": "France", "native_name": "France", "seo_name": "france", "currency": {"code": "EUR", "name": "Euros", "prefix": "\u20ac", "suffix": null}, "regions_count": 1292, "users_count": 5068363, "wines_count": 542471, "wineries_count": 67002, "most_used_grapes": [{"id": 14, "name": "Pinot Noir", "seo_name": "pinot-noir", "has_detailed_info": true, "wines_count": 572334}, {"id": 10, "name": "Merlot", "seo_name": "merlot", "has_detailed_info": true, "wines_count": 566719}, {"id": 5, "name": "Chardonnay", "seo_name": "chardonnay", "has_detailed_info": true, "wines_count": 604208}]}, "parent_id": null, "background_image": {"location": "//images.vivino.com/regions/backgrounds/-iw2xwauQ7GnxGGUkTGolw.jpg", "variations": {"large": "//thumbs.vivino.com/region_backgrounds/-iw2xwauQ7GnxGGUkTGolw_1280x760.jpg", "medium": "//thumbs.vivino.com/region_backgrounds/-iw2xwauQ7GnxGGUkTGolw_600x356.jpg"}}, "statistics": {"wineries_count": 6537, "wines_count": 27855, "sub_regions_count": 21, "parent_regions_count": 0}}}, "image": {"location": "//images.vivino.com/labels/dg2X-DC_Qmu-chcaFIfWmw.jpg", "variations": {"large": "//images.vivino.com/thumbs/dg2X-DC_Qmu-chcaFIfWmw_375x500.jpg", "medium": "//images.vivino.com/thumbs/dg2X-DC_Qmu-chcaFIfWmw_150x200.jpg", "medium_square": "//images.vivino.com/thumbs/dg2X-DC_Qmu-chcaFIfWmw_150x150.jpg", "small_square": "//images.vivino.com/thumbs/dg2X-DC_Qmu-chcaFIfWmw_80x80.jpg"}}, "statistics": {"status": "Normal", "ratings_count": 167, "ratings_average": 4.1, "labels_count": 1509, "vintages_count": 10}, "rank": null, "hidden": false, "vintages": [{"id": 170489842, "seo_name": "domaine-ferrandiere-plot-de-resclause-le-grand-vin-blanc-2022", "name": "Domaine Ferrandi\u00e8re Plot de Resclause Le Grand Vin Blanc 2022", "statistics": {"status": "BelowThreshold", "ratings_count": 0, "ratings_average": 0, "labels_count": 0, "reviews_count": 0}, "year": 2022, "grapes": null, "has_valid_ratings": false}, {"id": 168491019, "seo_name": "domaine-ferrandiere-plot-de-resclause-le-grand-vin-blanc-2021", "name": "Domaine Ferrandi\u00e8re Plot de Resclause Le Grand Vin Blanc 2021", "statistics": {"status": "BelowThreshold", "ratings_count": 0, "ratings_average": 0, "labels_count": 3, "reviews_count": 0}, "year": 2021, "grapes": null, "has_valid_ratings": false}, {"id": 167664046, "seo_name": "domaine-ferrandiere-plot-de-resclause-le-grand-vin-blanc-2020", "name": "Domaine Ferrandi\u00e8re Plot de Resclause Le Grand Vin Blanc 2020", "statistics": {"status": "Normal", "ratings_count": 104, "ratings_average": 4.1, "labels_count": 825, "reviews_count": 43}, "year": 2020, "grapes": null, "has_valid_ratings": true}, {"id": 167651774, "seo_name": "domaine-ferrandiere-plot-de-resclause-le-grand-vin-blanc-2019", "name": "Domaine Ferrandi\u00e8re Plot de Resclause Le Grand Vin Blanc 2019", "statistics": {"status": "Normal", "ratings_count": 49, "ratings_average": 4, "labels_count": 465, "reviews_count": 20}, "year": 2019, "grapes": null, "has_valid_ratings": true}, {"id": 167666210, "seo_name": "domaine-ferrandiere-plot-de-resclause-le-grand-vin-blanc-2018", "name": "Domaine Ferrandi\u00e8re Plot de Resclause Le Grand Vin Blanc 2018", "statistics": {"status": "BelowThreshold", "ratings_count": 7, "ratings_average": 0, "labels_count": 119, "reviews_count": 4}, "year": 2018, "grapes": null, "has_valid_ratings": false}, {"id": 167894565, "seo_name": "domaine-ferrandiere-plot-de-resclause-le-grand-vin-blanc-2017", "name": "Domaine Ferrandi\u00e8re Plot de Resclause Le Grand Vin Blanc 2017", "statistics": {"status": "BelowThreshold", "ratings_count": 2, "ratings_average": 0, "labels_count": 14, "reviews_count": 1}, "year": 2017, "grapes": null, "has_valid_ratings": false}, {"id": 167766376, "seo_name": "domaine-ferrandiere-plot-de-resclause-le-grand-vin-blanc-2016", "name": "Domaine Ferrandi\u00e8re Plot de Resclause Le Grand Vin Blanc 2016", "statistics": {"status": "BelowThreshold", "ratings_count": 1, "ratings_average": 0, "labels_count": 24, "reviews_count": 0}, "year": 2016, "grapes": null, "has_valid_ratings": false}, {"id": 167693153, "seo_name": "domaine-ferrandiere-plot-de-resclause-le-grand-vin-blanc-2015", "name": "Domaine Ferrandi\u00e8re Plot de Resclause Le Grand Vin Blanc 2015", "statistics": {"status": "BelowThreshold", "ratings_count": 1, "ratings_average": 0, "labels_count": 21, "reviews_count": 1}, "year": 2015, "grapes": null, "has_valid_ratings": false}, {"id": 167783447, "seo_name": "domaine-ferrandiere-plot-de-resclause-le-grand-vin-blanc-2014", "name": "Domaine Ferrandi\u00e8re Plot de Resclause Le Grand Vin Blanc 2014", "statistics": {"status": "BelowThreshold", "ratings_count": 0, "ratings_average": 0, "labels_count": 13, "reviews_count": 0}, "year": 2014, "grapes": null, "has_valid_ratings": false}, {"id": 167651773, "seo_name": "domaine-ferrandiere-plot-de-resclause-le-grand-vin-blanc-uv", "name": "Domaine Ferrandi\u00e8re Plot de Resclause Le Grand Vin Blanc", "statistics": {"status": "Normal", "ratings_count": 167, "ratings_average": 4.1, "labels_count": 1, "reviews_count": 3}, "year": 0, "grapes": null, "has_valid_ratings": true}], "description": "", "grapes": [{"id": 5, "name": "Chardonnay", "seo_name": "chardonnay", "has_detailed_info": true, "wines_count": 604208}, {"id": 13, "name": "Pinot Gris", "seo_name": "pinot-gris", "has_detailed_info": true, "wines_count": 72677}, {"id": 20, "name": "Viognier", "seo_name": "viognier", "has_detailed_info": true, "wines_count": 89216}], "foods": [{"id": 5, "name": "Pasta", "background_image": {"location": "//images.vivino.com/backgrounds/foods/5_pasta.png", "variations": {"small": "//images.vivino.com/backgrounds/foods/thumbs/5_pasta_932x810.png"}}, "seo_name": null}, {"id": 19, "name": "Vegetarian", "background_image": {"location": "//images.vivino.com/backgrounds/foods/19_vegetarian.png", "variations": {"small": "//images.vivino.com/backgrounds/foods/thumbs/19_vegetarian_932x810.png"}}, "seo_name": "vegetarian"}, {"id": 20, "name": "Poultry", "background_image": {"location": "//images.vivino.com/backgrounds/foods/20_chicken.png", "variations": {"small": "//images.vivino.com/backgrounds/foods/thumbs/20_chicken_932x810.png"}}, "seo_name": "poultry"}, {"id": 28, "name": "Lean fish", "background_image": {"location": "//images.vivino.com/backgrounds/foods/28_leanfish.png", "variations": {"small": "//images.vivino.com/backgrounds/foods/thumbs/28_leanfish_932x810.png"}}, "seo_name": null}, {"id": 40, "name": "Aperitif", "background_image": {"location": "//images.vivino.com/backgrounds/foods/40_aperitif.png", "variations": {"small": "//images.vivino.com/backgrounds/foods/thumbs/40_aperitif_932x810.png"}}, "seo_name": null}], "non_vintage": false, "alcohol": 0, "sweetness_id": null, "closure": null, "vintage_mask_raw": null, "updated_at": "2021-03-09T13:50:35Z", "created_at": "2021-03-08T11:59:12Z", "is_first_wine": false, "style": {"id": 96, "seo_name": "languedoc-roussillon-white", "regional_name": "Languedoc-Roussillon", "varietal_name": "White", "name": "Languedoc-Roussillon White", "image": null, "background_image": {"location": "//images.vivino.com/backgrounds/styles/IYAJ-0H_TIGBXbDajENrUQ.jpg", "variations": {"small": "//images.vivino.com/backgrounds/styles/thumbs/IYAJ-0H_TIGBXbDajENrUQ_932x810.jpg"}}, "description": "Wine from the Languedoc-Roussillon region is produced in the South of France, ranging from the Mediterranean coast to Provence. Chardonnay, Chenin Blanc, Picpoul, Muscat, and Mauzac are some of the most important white grapes in the region.\n\nAlthough there is great diversity and volume of wine produced in this region, white wines are typically aromatic and crisp, often with floral and stone fruit notes.\n\nThere are some outstanding values to be found in wines from this region. Many wines from this area retail for well under $20.\n\nAlthough the region has been known to produce cheap table wine in the past, many vineyards and cooperatives are replacing lesser quality vines with higher quality wine varieties and production methods. The quality has been steadily improving since the 1970s when the region was best known for churning out cheap jug wine.\n\nSome of the more notable white wines to come out of this region include the sparkling Cr\u00e9mant de Limoux, which is produced using M\u00e9thode Traditionnelle. These sparklers offer great bang for the buck!", "blurb": null, "interesting_facts": ["Languedoc-Roussillon is home to a the biggest wine producing region in the world, responsible for over 1/3 of France's wine production.", "During the World Wars, the French army received its daily wine rations from  Languedoc-Roussillon.", "Languedoc-Roussillon is one of the oldest wine producing regions in France and is said to date back to at least 6000 BC.", "During the 14th century, wines from Languedoc-Roussillon were prescribed by doctors and hospitals to help various ailments."], "body": 4, "body_description": "Full-bodied", "acidity": 3, "acidity_description": "High", "country": {"code": "fr", "name": "France", "native_name": "France", "seo_name": "france", "currency": {"code": "EUR", "name": "Euros", "prefix": "\u20ac", "suffix": null}, "regions_count": 1292, "users_count": 5068363, "wines_count": 542471, "wineries_count": 67002, "most_used_grapes": [{"id": 14, "name": "Pinot Noir", "seo_name": "pinot-noir", "has_detailed_info": true, "wines_count": 572334}, {"id": 10, "name": "Merlot", "seo_name": "merlot", "has_detailed_info": true, "wines_count": 566719}, {"id": 5, "name": "Chardonnay", "seo_name": "chardonnay", "has_detailed_info": true, "wines_count": 604208}]}, "wine_type_id": 2, "food": [{"id": 5, "name": "Pasta", "background_image": {"location": "//images.vivino.com/backgrounds/foods/5_pasta.png", "variations": {"small": "//images.vivino.com/backgrounds/foods/thumbs/5_pasta_932x810.png"}}, "seo_name": null}, {"id": 19, "name": "Vegetarian", "background_image": {"location": "//images.vivino.com/backgrounds/foods/19_vegetarian.png", "variations": {"small": "//images.vivino.com/backgrounds/foods/thumbs/19_vegetarian_932x810.png"}}, "seo_name": "vegetarian"}, {"id": 20, "name": "Poultry", "background_image": {"location": "//images.vivino.com/backgrounds/foods/20_chicken.png", "variations": {"small": "//images.vivino.com/backgrounds/foods/thumbs/20_chicken_932x810.png"}}, "seo_name": "poultry"}, {"id": 28, "name": "Lean fish", "background_image": {"location": "//images.vivino.com/backgrounds/foods/28_leanfish.png", "variations": {"small": "//images.vivino.com/backgrounds/foods/thumbs/28_leanfish_932x810.png"}}, "seo_name": null}, {"id": 40, "name": "Aperitif", "background_image": {"location": "//images.vivino.com/backgrounds/foods/40_aperitif.png", "variations": {"small": "//images.vivino.com/backgrounds/foods/thumbs/40_aperitif_932x810.png"}}, "seo_name": null}], "grapes": [{"id": 56, "name": "Grenache Blanc", "seo_name": "grenache-blanc", "has_detailed_info": false, "wines_count": 39071}, {"id": 132, "name": "Bourboulenc", "seo_name": "bourboulenc", "has_detailed_info": false, "wines_count": 8959}], "region": {"id": 536, "name": "Languedoc-Roussillon", "name_en": "", "seo_name": "languedoc-roussillon", "country": {"code": "fr", "name": "France", "native_name": "France", "seo_name": "france", "currency": {"code": "EUR", "name": "Euros", "prefix": "\u20ac", "suffix": null}, "regions_count": 1292, "users_count": 5068363, "wines_count": 542471, "wineries_count": 67002, "most_used_grapes": [{"id": 14, "name": "Pinot Noir", "seo_name": "pinot-noir", "has_detailed_info": true, "wines_count": 572334}, {"id": 10, "name": "Merlot", "seo_name": "merlot", "has_detailed_info": true, "wines_count": 566719}, {"id": 5, "name": "Chardonnay", "seo_name": "chardonnay", "has_detailed_info": true, "wines_count": 604208}]}, "parent_id": null, "background_image": {"location": "//images.vivino.com/regions/backgrounds/-iw2xwauQ7GnxGGUkTGolw.jpg", "variations": {"large": "//thumbs.vivino.com/region_backgrounds/-iw2xwauQ7GnxGGUkTGolw_1280x760.jpg", "medium": "//thumbs.vivino.com/region_backgrounds/-iw2xwauQ7GnxGGUkTGolw_600x356.jpg"}}, "statistics": {"wineries_count": 6529, "wines_count": 27892, "sub_regions_count": 21, "parent_regions_count": 0}}}, "has_valid_ratings": true}, "highlights": [{"vintage_id": 167664046, "highlight_type": "best_user_rated", "message": "This vintage rates better than any other year for this wine", "icon": "https://images.vivino.com/highlights/icon/best_user_rated.svg", "metadata": {"price": null, "wine_id": 9411242, "toplist": null, "ws_award": null, "critic_review_id": null, "ratings_average": 4.1, "ratings_count": 104, "vintage_year": "2020", "rank_type": "global", "ranks": {"country": {"description": "Rank within France", "total": 2497624, "rank": 51468}, "region": {"description": "Rank within Wine Region", "total": 276718, "rank": 2271}, "winery": {"description": "Rank within Winery", "total": 325, "rank": 5}, "global": {"description": "Global Rank", "total": 8944724, "rank": 203575}}, "style": {"id": 96, "seo_name": "languedoc-roussillon-white", "regional_name": "Languedoc-Roussillon", "varietal_name": "White", "name": "Languedoc-Roussillon White", "image": null, "background_image": {"location": "//images.vivino.com/backgrounds/styles/IYAJ-0H_TIGBXbDajENrUQ.jpg", "variations": {"small": "//images.vivino.com/backgrounds/styles/thumbs/IYAJ-0H_TIGBXbDajENrUQ_932x810.jpg"}}, "description": "Wine from the Languedoc-Roussillon region is produced in the South of France, ranging from the Mediterranean coast to Provence. Chardonnay, Chenin Blanc, Picpoul, Muscat, and Mauzac are some of the most important white grapes in the region.\n\nAlthough there is great diversity and volume of wine produced in this region, white wines are typically aromatic and crisp, often with floral and stone fruit notes.\n\nThere are some outstanding values to be found in wines from this region. Many wines from this area retail for well under $20.\n\nAlthough the region has been known to produce cheap table wine in the past, many vineyards and cooperatives are replacing lesser quality vines with higher quality wine varieties and production methods. The quality has been steadily improving since the 1970s when the region was best known for churning out cheap jug wine.\n\nSome of the more notable white wines to come out of this region include the sparkling Cr\u00e9mant de Limoux, which is produced using M\u00e9thode Traditionnelle. These sparklers offer great bang for the buck!", "blurb": null, "interesting_facts": ["Languedoc-Roussillon is home to a the biggest wine producing region in the world, responsible for over 1/3 of France's wine production.", "During the World Wars, the French army received its daily wine rations from  Languedoc-Roussillon.", "Languedoc-Roussillon is one of the oldest wine producing regions in France and is said to date back to at least 6000 BC.", "During the 14th century, wines from Languedoc-Roussillon were prescribed by doctors and hospitals to help various ailments."], "body": 4, "body_description": "Full-bodied", "acidity": 3, "acidity_description": "High", "country": {"code": "fr", "name": "France", "native_name": "France", "seo_name": "france", "currency": {"code": "EUR", "name": "Euros", "prefix": "\u20ac", "suffix": null}, "regions_count": 1292, "users_count": 5068363, "wines_count": 542471, "wineries_count": 67002, "most_used_grapes": [{"id": 14, "name": "Pinot Noir", "seo_name": "pinot-noir", "has_detailed_info": true, "wines_count": 572334}, {"id": 10, "name": "Merlot", "seo_name": "merlot", "has_detailed_info": true, "wines_count": 566719}, {"id": 5, "name": "Chardonnay", "seo_name": "chardonnay", "has_detailed_info": true, "wines_count": 604208}]}, "wine_type_id": 2, "food": [{"id": 5, "name": "Pasta", "background_image": {"location": "//images.vivino.com/backgrounds/foods/5_pasta.png", "variations": {"small": "//images.vivino.com/backgrounds/foods/thumbs/5_pasta_932x810.png"}}, "seo_name": null}, {"id": 19, "name": "Vegetarian", "background_image": {"location": "//images.vivino.com/backgrounds/foods/19_vegetarian.png", "variations": {"small": "//images.vivino.com/backgrounds/foods/thumbs/19_vegetarian_932x810.png"}}, "seo_name": "vegetarian"}, {"id": 20, "name": "Poultry", "background_image": {"location": "//images.vivino.com/backgrounds/foods/20_chicken.png", "variations": {"small": "//images.vivino.com/backgrounds/foods/thumbs/20_chicken_932x810.png"}}, "seo_name": "poultry"}, {"id": 28, "name": "Lean fish", "background_image": {"location": "//images.vivino.com/backgrounds/foods/28_leanfish.png", "variations": {"small": "//images.vivino.com/backgrounds/foods/thumbs/28_leanfish_932x810.png"}}, "seo_name": null}, {"id": 40, "name": "Aperitif", "background_image": {"location": "//images.vivino.com/backgrounds/foods/40_aperitif.png", "variations": {"small": "//images.vivino.com/backgrounds/foods/thumbs/40_aperitif_932x810.png"}}, "seo_name": null}], "grapes": [{"id": 56, "name": "Grenache Blanc", "seo_name": "grenache-blanc", "has_detailed_info": false, "wines_count": 39071}, {"id": 132, "name": "Bourboulenc", "seo_name": "bourboulenc", "has_detailed_info": false, "wines_count": 8959}], "region": {"id": 536, "name": "Languedoc-Roussillon", "name_en": "", "seo_name": "languedoc-roussillon", "country": {"code": "fr", "name": "France", "native_name": "France", "seo_name": "france", "currency": {"code": "EUR", "name": "Euros", "prefix": "\u20ac", "suffix": null}, "regions_count": 1292, "users_count": 5068363, "wines_count": 542471, "wineries_count": 67002, "most_used_grapes": [{"id": 14, "name": "Pinot Noir", "seo_name": "pinot-noir", "has_detailed_info": true, "wines_count": 572334}, {"id": 10, "name": "Merlot", "seo_name": "merlot", "has_detailed_info": true, "wines_count": 566719}, {"id": 5, "name": "Chardonnay", "seo_name": "chardonnay", "has_detailed_info": true, "wines_count": 604208}]}, "parent_id": null, "background_image": {"location": "//images.vivino.com/regions/backgrounds/-iw2xwauQ7GnxGGUkTGolw.jpg", "variations": {"large": "//thumbs.vivino.com/region_backgrounds/-iw2xwauQ7GnxGGUkTGolw_1280x760.jpg", "medium": "//thumbs.vivino.com/region_backgrounds/-iw2xwauQ7GnxGGUkTGolw_600x356.jpg"}}, "statistics": {"wineries_count": 6529, "wines_count": 27892, "sub_regions_count": 21, "parent_regions_count": 0}}}}, "vintage_year": 2020}, {"vintage_id": 167651774, "highlight_type": "most_user_rated", "message": "Popular among Vivino users. More than 40 ratings", "icon": "https://images.vivino.com/highlights/icon/most_user_rated.svg", "metadata": {"price": null, "wine_id": 9411242, "toplist": null, "ws_award": null, "critic_review_id": null, "ratings_average": 4, "ratings_count": 49, "vintage_year": "2019", "rank_type": "global", "ranks": {"country": {"description": "Rank within France", "total": 2497624, "rank": 229253}, "region": {"description": "Rank within Wine Region", "total": 276718, "rank": 17182}, "winery": {"description": "Rank within Winery", "total": 325, "rank": 17}, "global": {"description": "Global Rank", "total": 8944724, "rank": 829026}}, "style": {"id": 96, "seo_name": "languedoc-roussillon-white", "regional_name": "Languedoc-Roussillon", "varietal_name": "White", "name": "Languedoc-Roussillon White", "image": null, "background_image": {"location": "//images.vivino.com/backgrounds/styles/IYAJ-0H_TIGBXbDajENrUQ.jpg", "variations": {"small": "//images.vivino.com/backgrounds/styles/thumbs/IYAJ-0H_TIGBXbDajENrUQ_932x810.jpg"}}, "description": "Wine from the Languedoc-Roussillon region is produced in the South of France, ranging from the Mediterranean coast to Provence. Chardonnay, Chenin Blanc, Picpoul, Muscat, and Mauzac are some of the most important white grapes in the region.\n\nAlthough there is great diversity and volume of wine produced in this region, white wines are typically aromatic and crisp, often with floral and stone fruit notes.\n\nThere are some outstanding values to be found in wines from this region. Many wines from this area retail for well under $20.\n\nAlthough the region has been known to produce cheap table wine in the past, many vineyards and cooperatives are replacing lesser quality vines with higher quality wine varieties and production methods. The quality has been steadily improving since the 1970s when the region was best known for churning out cheap jug wine.\n\nSome of the more notable white wines to come out of this region include the sparkling Cr\u00e9mant de Limoux, which is produced using M\u00e9thode Traditionnelle. These sparklers offer great bang for the buck!", "blurb": null, "interesting_facts": ["Languedoc-Roussillon is home to a the biggest wine producing region in the world, responsible for over 1/3 of France's wine production.", "During the World Wars, the French army received its daily wine rations from  Languedoc-Roussillon.", "Languedoc-Roussillon is one of the oldest wine producing regions in France and is said to date back to at least 6000 BC.", "During the 14th century, wines from Languedoc-Roussillon were prescribed by doctors and hospitals to help various ailments."], "body": 4, "body_description": "Full-bodied", "acidity": 3, "acidity_description": "High", "country": {"code": "fr", "name": "France", "native_name": "France", "seo_name": "france", "currency": {"code": "EUR", "name": "Euros", "prefix": "\u20ac", "suffix": null}, "regions_count": 1292, "users_count": 5068363, "wines_count": 542471, "wineries_count": 67002, "most_used_grapes": [{"id": 14, "name": "Pinot Noir", "seo_name": "pinot-noir", "has_detailed_info": true, "wines_count": 572334}, {"id": 10, "name": "Merlot", "seo_name": "merlot", "has_detailed_info": true, "wines_count": 566719}, {"id": 5, "name": "Chardonnay", "seo_name": "chardonnay", "has_detailed_info": true, "wines_count": 604208}]}, "wine_type_id": 2, "food": [{"id": 5, "name": "Pasta", "background_image": {"location": "//images.vivino.com/backgrounds/foods/5_pasta.png", "variations": {"small": "//images.vivino.com/backgrounds/foods/thumbs/5_pasta_932x810.png"}}, "seo_name": null}, {"id": 19, "name": "Vegetarian", "background_image": {"location": "//images.vivino.com/backgrounds/foods/19_vegetarian.png", "variations": {"small": "//images.vivino.com/backgrounds/foods/thumbs/19_vegetarian_932x810.png"}}, "seo_name": "vegetarian"}, {"id": 20, "name": "Poultry", "background_image": {"location": "//images.vivino.com/backgrounds/foods/20_chicken.png", "variations": {"small": "//images.vivino.com/backgrounds/foods/thumbs/20_chicken_932x810.png"}}, "seo_name": "poultry"}, {"id": 28, "name": "Lean fish", "background_image": {"location": "//images.vivino.com/backgrounds/foods/28_leanfish.png", "variations": {"small": "//images.vivino.com/backgrounds/foods/thumbs/28_leanfish_932x810.png"}}, "seo_name": null}, {"id": 40, "name": "Aperitif", "background_image": {"location": "//images.vivino.com/backgrounds/foods/40_aperitif.png", "variations": {"small": "//images.vivino.com/backgrounds/foods/thumbs/40_aperitif_932x810.png"}}, "seo_name": null}], "grapes": [{"id": 56, "name": "Grenache Blanc", "seo_name": "grenache-blanc", "has_detailed_info": false, "wines_count": 39071}, {"id": 132, "name": "Bourboulenc", "seo_name": "bourboulenc", "has_detailed_info": false, "wines_count": 8959}], "region": {"id": 536, "name": "Languedoc-Roussillon", "name_en": "", "seo_name": "languedoc-roussillon", "country": {"code": "fr", "name": "France", "native_name": "France", "seo_name": "france", "currency": {"code": "EUR", "name": "Euros", "prefix": "\u20ac", "suffix": null}, "regions_count": 1292, "users_count": 5068363, "wines_count": 542471, "wineries_count": 67002, "most_used_grapes": [{"id": 14, "name": "Pinot Noir", "seo_name": "pinot-noir", "has_detailed_info": true, "wines_count": 572334}, {"id": 10, "name": "Merlot", "seo_name": "merlot", "has_detailed_info": true, "wines_count": 566719}, {"id": 5, "name": "Chardonnay", "seo_name": "chardonnay", "has_detailed_info": true, "wines_count": 604208}]}, "parent_id": null, "background_image": {"location": "//images.vivino.com/regions/backgrounds/-iw2xwauQ7GnxGGUkTGolw.jpg", "variations": {"large": "//thumbs.vivino.com/region_backgrounds/-iw2xwauQ7GnxGGUkTGolw_1280x760.jpg", "medium": "//thumbs.vivino.com/region_backgrounds/-iw2xwauQ7GnxGGUkTGolw_600x356.jpg"}}, "statistics": {"wineries_count": 6529, "wines_count": 27892, "sub_regions_count": 21, "parent_regions_count": 0}}}}, "vintage_year": 2019}], "recommended_vintages": [{"vintage": {"id": 167664046, "seo_name": "domaine-ferrandiere-plot-de-resclause-le-grand-vin-blanc-2020", "name": "Domaine Ferrandi\u00e8re Plot de Resclause Le Grand Vin Blanc 2020", "statistics": {"status": "Normal", "ratings_count": 104, "ratings_average": 4.1, "labels_count": 825, "reviews_count": 43}, "year": 2020, "grapes": null, "has_valid_ratings": true}, "type": "best_user_rated", "highlight_icon": "https://images.vivino.com/highlights/icon/best_user_rated.svg", "price": null}, {"vintage": {"id": 167651774, "seo_name": "domaine-ferrandiere-plot-de-resclause-le-grand-vin-blanc-2019", "name": "Domaine Ferrandi\u00e8re Plot de Resclause Le Grand Vin Blanc 2019", "statistics": {"status": "Normal", "ratings_count": 49, "ratings_average": 4, "labels_count": 465, "reviews_count": 20}, "year": 2019, "grapes": null, "has_valid_ratings": true}, "type": "most_user_rated", "highlight_icon": "https://images.vivino.com/highlights/icon/most_user_rated.svg", "price": null}], "prices_and_availabilities": [], "price_range": {"currency": {"code": "EUR", "name": "Euros", "prefix": "\u20ac", "suffix": null}, "price_range": {"minimum": 0, "maximum": 500, "currency_code": "EUR"}, "defaults": {"minimum": 7, "maximum": 30, "currency_code": "EUR"}}, "subtotal_price": null}