{"tastes": {"structure": {"acidity": 4.389384, "fizziness": null, "intensity": 4.7471094, "sweetness": 4.9411182, "tannin": null, "user_structure_count": 26, "calculated_structure_count": 75}, "flavor": [{"group": "tree_fruit", "stats": {"count": 57, "score": 7900, "mentions_count": 79}, "primary_keywords": [{"id": 11, "name": "apricot", "count": 34}, {"id": 310, "name": "peach", "count": 18}, {"id": 315, "name": "pear", "count": 9}, {"id": 271, "name": "melon", "count": 7}, {"id": 9, "name": "apple", "count": 6}, {"id": 461, "name": "yellow plum", "count": 3}, {"id": 19, "name": "baked apple", "count": 1}, {"id": 458, "name": "yellow apple", "count": 1}]}, {"group": "earth", "stats": {"count": 63, "score": 6380, "mentions_count": 62}, "primary_keywords": [{"id": 218, "name": "honey", "count": 55}, {"id": 28, "name": "beeswax", "count": 2}, {"id": 284, "name": "mushroom", "count": 1}, {"id": 156, "name": "earthy", "count": 1}, {"id": 441, "name": "wax", "count": 1}, {"id": 178, "name": "game", "count": 1}, {"id": 181, "name": "ginger", "count": 1}], "secondary_keywords": [{"id": 6, "name": "almond", "count": 8}, {"id": 381, "name": "savory", "count": 2}, {"id": 267, "name": "marzipan", "count": 2}]}, {"group": "citrus_fruit", "stats": {"count": 39, "score": 4800, "mentions_count": 48}, "primary_keywords": [{"id": 266, "name": "marmalade", "count": 13}, {"id": 106, "name": "citrus", "count": 11}, {"id": 298, "name": "orange", "count": 10}, {"id": 243, "name": "lemon", "count": 6}, {"id": 190, "name": "grapefruit", "count": 2}, {"id": 411, "name": "tangerine", "count": 2}, {"id": 302, "name": "orange zest", "count": 2}, {"id": 301, "name": "orange rind", "count": 1}, {"id": 300, "name": "orange peel", "count": 1}]}, {"group": "oak", "stats": {"count": 28, "score": 2662, "mentions_count": 28}, "primary_keywords": [{"id": 434, "name": "vanilla", "count": 14}, {"id": 292, "name": "oak", "count": 4}, {"id": 79, "name": "caramel", "count": 3}, {"id": 72, "name": "butterscotch", "count": 2}, {"id": 101, "name": "chocolate", "count": 2}, {"id": 177, "name": "fudge", "count": 1}, {"id": 424, "name": "toffee", "count": 1}, {"id": 115, "name": "coconut", "count": 1}], "secondary_keywords": [{"id": 6, "name": "almond", "count": 8}, {"id": 267, "name": "marzipan", "count": 2}]}, {"group": "tropical_fruit", "stats": {"count": 20, "score": 2099, "mentions_count": 20}, "primary_keywords": [{"id": 329, "name": "pineapple", "count": 12}, {"id": 428, "name": "tropical", "count": 5}, {"id": 256, "name": "lychee", "count": 2}, {"id": 261, "name": "mango", "count": 1}], "secondary_keywords": [{"id": 23, "name": "banana", "count": 3}]}, {"group": "microbio", "stats": {"count": 26, "score": 1947, "mentions_count": 19}, "primary_keywords": [{"id": 91, "name": "cheese", "count": 12}, {"id": 23, "name": "banana", "count": 3}, {"id": 123, "name": "cream", "count": 3}, {"id": 295, "name": "oil", "count": 1}], "secondary_keywords": [{"id": 6, "name": "almond", "count": 8}, {"id": 424, "name": "toffee", "count": 1}, {"id": 284, "name": "mushroom", "count": 1}]}, {"group": "dried_fruit", "stats": {"count": 15, "score": 1516, "mentions_count": 15}, "primary_keywords": [{"id": 347, "name": "raisin", "count": 8}, {"id": 140, "name": "dried apricot", "count": 6}, {"id": 147, "name": "dried fruit", "count": 1}], "secondary_keywords": [{"id": 229, "name": "jam", "count": 1}]}, {"group": "non_oak", "stats": {"count": 23, "score": 968, "mentions_count": 13}, "primary_keywords": [{"id": 6, "name": "almond", "count": 8}, {"id": 69, "name": "burnt sugar", "count": 2}, {"id": 267, "name": "marzipan", "count": 2}, {"id": 35, "name": "biscuit", "count": 1}], "secondary_keywords": [{"id": 434, "name": "vanilla", "count": 14}, {"id": 79, "name": "caramel", "count": 3}]}, {"group": "spices", "stats": {"count": 18, "score": 364, "mentions_count": 4}, "primary_keywords": [{"id": 381, "name": "savory", "count": 2}, {"id": 320, "name": "pepper", "count": 1}, {"id": 375, "name": "sage", "count": 1}], "secondary_keywords": [{"id": 434, "name": "vanilla", "count": 14}, {"id": 181, "name": "ginger", "count": 1}]}, {"group": "vegetal", "stats": {"count": 13, "score": 430, "mentions_count": 3}, "primary_keywords": [{"id": 185, "name": "gooseberry", "count": 1}, {"id": 359, "name": "rhubarb", "count": 1}, {"id": 399, "name": "straw", "count": 1}], "secondary_keywords": [{"id": 6, "name": "almond", "count": 8}, {"id": 381, "name": "savory", "count": 2}]}, {"group": "floral", "stats": {"count": 5, "score": 350, "mentions_count": 3}, "primary_keywords": [{"id": 230, "name": "jasmine", "count": 1}, {"id": 221, "name": "honeysuckle", "count": 1}, {"id": 2, "name": "acacia", "count": 1}], "secondary_keywords": [{"id": 381, "name": "savory", "count": 2}]}, {"group": "red_fruit", "stats": {"count": 3, "score": 216, "mentions_count": 2}, "primary_keywords": [{"id": 400, "name": "strawberry", "count": 2}], "secondary_keywords": [{"id": 229, "name": "jam", "count": 1}]}, {"group": "black_fruit", "stats": {"count": 2, "score": 168, "mentions_count": 2}, "primary_keywords": [{"id": 229, "name": "jam", "count": 1}, {"id": 334, "name": "plum", "count": 1}]}]}, "vivino_id": "1182644"}