{"vintage": {"id": 7235691, "seo_name": "karl-pfaffmann-selection-riesling-holle-trocken-uv", "name": "Karl Pfaffmann Selection Riesling H\u00f6lle trocken", "statistics": {"status": "Normal", "ratings_count": 494, "ratings_average": 3.9, "labels_count": 4, "reviews_count": 4}, "organic_certification_id": null, "certified_biodynamic": null, "image": {"location": "//images.vivino.com/labels/zwd6A6SsSOCd_vTRM5HPmA.jpg", "variations": {"large": "//images.vivino.com/thumbs/zwd6A6SsSOCd_vTRM5HPmA_375x500.jpg", "medium": "//images.vivino.com/thumbs/zwd6A6SsSOCd_vTRM5HPmA_150x200.jpg", "medium_square": "//images.vivino.com/thumbs/zwd6A6SsSOCd_vTRM5HPmA_150x150.jpg", "small_square": "//images.vivino.com/thumbs/zwd6A6SsSOCd_vTRM5HPmA_80x80.jpg"}}, "wine": {"id": 2485395, "name": "Selection Riesling H\u00f6lle trocken", "seo_name": "selection-riesling-holle-trocken", "type_id": 2, "vintage_type": 0, "is_natural": false, "region": {"id": 649, "name": "Pfalz", "name_en": "Palatinate", "seo_name": "pfalz", "country": {"code": "de", "name": "Germany", "native_name": "Deutschland", "seo_name": "germany", "currency": {"code": "EUR", "name": "Euros", "prefix": "\u20ac", "suffix": null}, "regions_count": 210, "users_count": 2175366, "wines_count": 199914, "wineries_count": 13512, "most_used_grapes": [{"id": 15, "name": "Riesling", "seo_name": "riesling", "has_detailed_info": true, "wines_count": 262136}, {"id": 299, "name": "Sp\u00e4tburgunder", "seo_name": "spatburgunder", "has_detailed_info": false, "wines_count": 50164}, {"id": 355, "name": "Weissburgunder", "seo_name": "weissburgunder", "has_detailed_info": false, "wines_count": 33464}]}, "parent_id": null, "background_image": {"location": "//images.vivino.com/regions/backgrounds/klw147B8QSi16e-qNdUAYA.jpg", "variations": {"large": "//thumbs.vivino.com/region_backgrounds/klw147B8QSi16e-qNdUAYA_1280x760.jpg", "medium": "//thumbs.vivino.com/region_backgrounds/klw147B8QSi16e-qNdUAYA_600x356.jpg"}}, "class": {"typecast_map": {"background_image": {}, "class": {}}}, "statistics": {"wineries_count": 2243, "wines_count": 31938, "sub_regions_count": 24, "parent_regions_count": 0}}, "review_status": 2, "winery": {"id": 16587, "name": "Karl Pfaffmann", "seo_name": "karl-pfaffmann", "status": 0, "review_status": "Completed", "background_image": null, "statistics": {"ratings_count": 17101, "ratings_average": 3.8, "labels_count": 83573, "wines_count": 162}, "region": {"id": 649, "name": "Pfalz", "name_en": "Palatinate", "seo_name": "pfalz", "country": {"code": "de", "name": "Germany", "native_name": "Deutschland", "seo_name": "germany", "currency": {"code": "EUR", "name": "Euros", "prefix": "\u20ac", "suffix": null}, "regions_count": 210, "users_count": 2175366, "wines_count": 199914, "wineries_count": 13512, "most_used_grapes": [{"id": 15, "name": "Riesling", "seo_name": "riesling", "has_detailed_info": true, "wines_count": 262136}, {"id": 299, "name": "Sp\u00e4tburgunder", "seo_name": "spatburgunder", "has_detailed_info": false, "wines_count": 50164}, {"id": 355, "name": "Weissburgunder", "seo_name": "weissburgunder", "has_detailed_info": false, "wines_count": 33464}]}, "parent_id": null, "background_image": {"location": "//images.vivino.com/regions/backgrounds/klw147B8QSi16e-qNdUAYA.jpg", "variations": {"large": "//thumbs.vivino.com/region_backgrounds/klw147B8QSi16e-qNdUAYA_1280x760.jpg", "medium": "//thumbs.vivino.com/region_backgrounds/klw147B8QSi16e-qNdUAYA_600x356.jpg"}}, "class": {"typecast_map": {"background_image": {}, "class": {}}}, "statistics": {"wineries_count": 2243, "wines_count": 31938, "sub_regions_count": 24, "parent_regions_count": 0}}, "business_name": "Weingut Karl Pfaffmann", "description": "", "specialists_notes": "", "phone": "496341969130", "email": "info@karl-pfaffmann.de", "facebook": "", "instagram": "", "is_claimed": false, "twitter": "", "website": "http://www.karl-pfaffmann.de/", "winemaker": null, "wine_maker": null, "address": {"title": null, "name": null, "street": "Nussdorfer Stra\u00dfe 2 ", "street2": null, "neighborhood": null, "city": "Walsheim", "zip": "76833", "state": null, "country": {"code": "de", "name": "Germany", "native_name": "Deutschland", "seo_name": "germany", "currency": {"code": "EUR", "name": "Euros", "prefix": "\u20ac", "suffix": null}, "regions_count": 210, "users_count": 2175366, "wines_count": 199914, "wineries_count": 13512, "most_used_grapes": [{"id": 15, "name": "Riesling", "seo_name": "riesling", "has_detailed_info": true, "wines_count": 262136}, {"id": 299, "name": "Sp\u00e4tburgunder", "seo_name": "spatburgunder", "has_detailed_info": false, "wines_count": 50164}, {"id": 355, "name": "Weissburgunder", "seo_name": "weissburgunder", "has_detailed_info": false, "wines_count": 33464}]}, "company": null, "phone": null, "external_id": null, "residential": null, "vat_number": null, "vat_code": null, "addition": null}, "image": null, "location": null, "winery_group": null, "first_wines": [], "sponsored_entity_type": null, "sponsored_entity": null}, "statistics": {"status": "Normal", "ratings_count": 494, "ratings_average": 3.9, "labels_count": 2005, "vintages_count": 21}, "rank": {"country": {"description": "Rank within Germany", "total": 117617, "rank": 1505}, "region": {"description": "Rank within Wine Region", "total": 25916, "rank": 347}, "winery": {"description": "Rank within Winery", "total": 157, "rank": 10}, "wine_type": {"description": "Rank within all White Wine", "total": 398743, "rank": 12209}, "global": {"description": "Global Rank", "total": 1302039, "rank": 54553}}, "hidden": false, "vintages": [{"id": 166633400, "seo_name": "karl-pfaffmann-selection-riesling-holle-trocken-2020", "name": "Karl Pfaffmann Selection Riesling H\u00f6lle trocken 2020", "statistics": {"status": "Normal", "ratings_count": 28, "ratings_average": 3.6, "labels_count": 141, "reviews_count": 6}, "year": 2020, "grapes": null, "has_valid_ratings": true}, {"id": 163932501, "seo_name": "karl-pfaffmann-selection-riesling-holle-trocken-2019", "name": "Karl Pfaffmann Selection Riesling H\u00f6lle trocken 2019", "statistics": {"status": "Normal", "ratings_count": 71, "ratings_average": 3.9, "labels_count": 301, "reviews_count": 25}, "year": 2019, "grapes": null, "has_valid_ratings": true}, {"id": 160083355, "seo_name": "karl-pfaffmann-selection-riesling-holle-trocken-2018", "name": "Karl Pfaffmann Selection Riesling H\u00f6lle trocken 2018", "statistics": {"status": "Normal", "ratings_count": 47, "ratings_average": 4.1, "labels_count": 220, "reviews_count": 22}, "year": 2018, "grapes": null, "has_valid_ratings": true}, {"id": 157297853, "seo_name": "karl-pfaffmann-selection-riesling-holle-trocken-2017", "name": "Karl Pfaffmann Selection Riesling H\u00f6lle trocken 2017", "statistics": {"status": "Normal", "ratings_count": 66, "ratings_average": 4, "labels_count": 238, "reviews_count": 26}, "year": 2017, "grapes": null, "has_valid_ratings": true}, {"id": 149985625, "seo_name": "karl-pfaffmann-selection-riesling-holle-trocken-2016", "name": "Karl Pfaffmann Selection Riesling H\u00f6lle trocken 2016", "statistics": {"status": "Normal", "ratings_count": 66, "ratings_average": 3.9, "labels_count": 246, "reviews_count": 27}, "year": 2016, "grapes": null, "has_valid_ratings": true}, {"id": 82281208, "seo_name": "karl-pfaffmann-selection-riesling-holle-trocken-2015", "name": "Karl Pfaffmann Selection Riesling H\u00f6lle trocken 2015", "statistics": {"status": "Normal", "ratings_count": 99, "ratings_average": 3.8, "labels_count": 404, "reviews_count": 34}, "year": 2015, "grapes": null, "has_valid_ratings": true}, {"id": 20059985, "seo_name": "karl-pfaffmann-selection-riesling-holle-trocken-2014", "name": "Karl Pfaffmann Selection Riesling H\u00f6lle trocken 2014", "statistics": {"status": "Normal", "ratings_count": 46, "ratings_average": 3.7, "labels_count": 217, "reviews_count": 15}, "year": 2014, "grapes": null, "has_valid_ratings": true}, {"id": 6714932, "seo_name": "karl-pfaffmann-selection-riesling-holle-trocken-2013", "name": "Karl Pfaffmann Selection Riesling H\u00f6lle trocken 2013", "statistics": {"status": "Normal", "ratings_count": 34, "ratings_average": 3.5, "labels_count": 109, "reviews_count": 15}, "year": 2013, "grapes": null, "has_valid_ratings": true}, {"id": 7773695, "seo_name": "karl-pfaffmann-selection-riesling-holle-trocken-2012", "name": "Karl Pfaffmann Selection Riesling H\u00f6lle trocken 2012", "statistics": {"status": "BelowThreshold", "ratings_count": 8, "ratings_average": 0, "labels_count": 47, "reviews_count": 4}, "year": 2012, "grapes": null, "has_valid_ratings": false}, {"id": 7848839, "seo_name": "karl-pfaffmann-selection-riesling-holle-trocken-2011", "name": "Karl Pfaffmann Selection Riesling H\u00f6lle trocken 2011", "statistics": {"status": "BelowThreshold", "ratings_count": 5, "ratings_average": 0, "labels_count": 27, "reviews_count": 3}, "year": 2011, "grapes": null, "has_valid_ratings": false}, {"id": 7798812, "seo_name": "karl-pfaffmann-selection-riesling-holle-trocken-2009", "name": "Karl Pfaffmann Selection Riesling H\u00f6lle trocken 2009", "statistics": {"status": "BelowThreshold", "ratings_count": 5, "ratings_average": 0, "labels_count": 16, "reviews_count": 1}, "year": 2009, "grapes": null, "has_valid_ratings": false}, {"id": 7235691, "seo_name": "karl-pfaffmann-selection-riesling-holle-trocken-uv", "name": "Karl Pfaffmann Selection Riesling H\u00f6lle trocken", "statistics": {"status": "Normal", "ratings_count": 494, "ratings_average": 3.9, "labels_count": 4, "reviews_count": 4}, "year": 0, "grapes": null, "has_valid_ratings": true}], "description": "", "grapes": [{"id": 15, "name": "Riesling", "seo_name": "riesling", "has_detailed_info": true, "wines_count": 262136}], "foods": [{"id": 10, "name": "Pork", "background_image": {"location": "//images.vivino.com/backgrounds/foods/10_pork.png", "variations": {"small": "//images.vivino.com/backgrounds/foods/thumbs/10_pork_932x810.png"}}, "seo_name": "pork"}, {"id": 13, "name": "Shellfish", "background_image": {"location": "//images.vivino.com/backgrounds/foods/13_shellfish.png", "variations": {"small": "//images.vivino.com/backgrounds/foods/thumbs/13_shellfish_932x810.png"}}, "seo_name": "shellfish"}, {"id": 15, "name": "Spicy food", "background_image": {"location": "//images.vivino.com/backgrounds/foods/15_spicyfood.png", "variations": {"small": "//images.vivino.com/backgrounds/foods/thumbs/15_spicyfood_932x810.png"}}, "seo_name": "spicy-food"}, {"id": 20, "name": "Poultry", "background_image": {"location": "//images.vivino.com/backgrounds/foods/20_chicken.png", "variations": {"small": "//images.vivino.com/backgrounds/foods/thumbs/20_chicken_932x810.png"}}, "seo_name": "poultry"}, {"id": 41, "name": "Cured Meat", "background_image": {"location": "//images.vivino.com/backgrounds/foods/41_curedmeat.png", "variations": {"small": "//images.vivino.com/backgrounds/foods/thumbs/41_curedmeat_932x810.png"}}, "seo_name": null}], "non_vintage": false, "alcohol": 0, "sweetness_id": null, "closure": null, "vintage_mask_raw": null, "updated_at": "2018-03-19T17:00:03Z", "created_at": "2014-06-14T10:29:14Z", "is_first_wine": false, "style": {"id": 186, "seo_name": "german-riesling", "regional_name": "German", "varietal_name": "Riesling", "name": "German Riesling", "image": null, "background_image": {"location": "//images.vivino.com/backgrounds/styles/sUyLeO_TQuaROKfLr65xsg.jpg", "variations": {"small": "//images.vivino.com/backgrounds/styles/thumbs/sUyLeO_TQuaROKfLr65xsg_932x810.jpg"}}, "description": "Riesling is without question Germany's favorite grape. Widely planted, though once derided, Riesling is the superstar of the white wine world at the moment.\n\nThere is a lot of scope for versatility with this sweet, viscous wine, though you can expect to get hints of tropical fruit, nectarine, melon and pineapple from a solid Riesling.\n\nThe grape originated in the Rhine region of Germany, and the best of them are said to grow along the banks of the Mosel River on the beautiful steep, south facing hills.\n\nThere are six categories of Riesling which indicate the ripeness of the grapes. Kabinett is considered \u201coff-dry\u201d and is a typically ripe grape. Sp\u00e4tlese is riper and therefor sweeter, and Auslese is even riper still. Beyond on that you have Beerenauslese, Trockenbeerenauslese and Eiswein (or ice wine), all getting sweeter, more viscous and more expensive.\n\nIt's a favorite in the food and beverage industry because of its willingness to play with a wide variety of foods, particular spicy dishes. The current Asian fusion boom is thought to have had a tremendous effect on Riesling's popularity.", "blurb": null, "interesting_facts": ["Riesling is grown all over the world and thrives in cool to warm climates.", "Riesling is one of the few white wines that develops and improves with age.", "There are an unusually high number of German Riesling producers that carry the prefix \u201cDr.\u201d"], "body": 2, "body_description": "Light-bodied", "acidity": 3, "acidity_description": "High", "country": {"code": "de", "name": "Germany", "native_name": "Deutschland", "seo_name": "germany", "currency": {"code": "EUR", "name": "Euros", "prefix": "\u20ac", "suffix": null}, "regions_count": 210, "users_count": 2175366, "wines_count": 199914, "wineries_count": 13512, "most_used_grapes": [{"id": 15, "name": "Riesling", "seo_name": "riesling", "has_detailed_info": true, "wines_count": 262136}, {"id": 299, "name": "Sp\u00e4tburgunder", "seo_name": "spatburgunder", "has_detailed_info": false, "wines_count": 50164}, {"id": 355, "name": "Weissburgunder", "seo_name": "weissburgunder", "has_detailed_info": false, "wines_count": 33464}]}, "wine_type_id": 2, "food": [{"id": 10, "name": "Pork", "background_image": {"location": "//images.vivino.com/backgrounds/foods/10_pork.png", "variations": {"small": "//images.vivino.com/backgrounds/foods/thumbs/10_pork_932x810.png"}}, "seo_name": "pork"}, {"id": 13, "name": "Shellfish", "background_image": {"location": "//images.vivino.com/backgrounds/foods/13_shellfish.png", "variations": {"small": "//images.vivino.com/backgrounds/foods/thumbs/13_shellfish_932x810.png"}}, "seo_name": "shellfish"}, {"id": 15, "name": "Spicy food", "background_image": {"location": "//images.vivino.com/backgrounds/foods/15_spicyfood.png", "variations": {"small": "//images.vivino.com/backgrounds/foods/thumbs/15_spicyfood_932x810.png"}}, "seo_name": "spicy-food"}, {"id": 20, "name": "Poultry", "background_image": {"location": "//images.vivino.com/backgrounds/foods/20_chicken.png", "variations": {"small": "//images.vivino.com/backgrounds/foods/thumbs/20_chicken_932x810.png"}}, "seo_name": "poultry"}, {"id": 41, "name": "Cured Meat", "background_image": {"location": "//images.vivino.com/backgrounds/foods/41_curedmeat.png", "variations": {"small": "//images.vivino.com/backgrounds/foods/thumbs/41_curedmeat_932x810.png"}}, "seo_name": null}], "grapes": [{"id": 15, "name": "Riesling", "seo_name": "riesling", "has_detailed_info": true, "wines_count": 262136}], "region": null}, "has_valid_ratings": true}, "description": "", "wine_critic_reviews": [], "awards": [], "ratings_distribution": {"1": 1, "2": 16, "3": 152, "4": 268, "5": 57}, "ranking": {"country": {"description": "Rank within Germany", "total": 614805, "rank": 11457}, "region": {"description": "Rank within Wine Region", "total": 131629, "rank": 2398}, "winery": {"description": "Rank within Winery", "total": 1154, "rank": 37}, "global": {"description": "Global Rank", "total": 8944577, "rank": 431755}}, "wine_facts": {}, "winemaker": null, "wine_maker": null, "grape_composition": {}, "year": "", "grapes": null, "has_valid_ratings": true}, "carts": null, "full_region": null, "tastes": null, "wine": {"id": 2485395, "name": "Selection Riesling H\u00f6lle trocken", "seo_name": "selection-riesling-holle-trocken", "type_id": 2, "vintage_type": 0, "is_natural": false, "region": {"id": 649, "name": "Pfalz", "name_en": "Palatinate", "seo_name": "pfalz", "country": {"code": "de", "name": "Germany", "native_name": "Deutschland", "seo_name": "germany", "currency": {"code": "EUR", "name": "Euros", "prefix": "\u20ac", "suffix": null}, "regions_count": 210, "users_count": 2175366, "wines_count": 199914, "wineries_count": 13512, "most_used_grapes": [{"id": 15, "name": "Riesling", "seo_name": "riesling", "has_detailed_info": true, "wines_count": 262136}, {"id": 299, "name": "Sp\u00e4tburgunder", "seo_name": "spatburgunder", "has_detailed_info": false, "wines_count": 50164}, {"id": 355, "name": "Weissburgunder", "seo_name": "weissburgunder", "has_detailed_info": false, "wines_count": 33464}]}, "parent_id": null, "background_image": {"location": "//images.vivino.com/regions/backgrounds/klw147B8QSi16e-qNdUAYA.jpg", "variations": {"large": "//thumbs.vivino.com/region_backgrounds/klw147B8QSi16e-qNdUAYA_1280x760.jpg", "medium": "//thumbs.vivino.com/region_backgrounds/klw147B8QSi16e-qNdUAYA_600x356.jpg"}}, "class": {"typecast_map": {"background_image": {}, "class": {}}}, "statistics": {"wineries_count": 2243, "wines_count": 31938, "sub_regions_count": 24, "parent_regions_count": 0}}, "review_status": 2, "winery": {"id": 16587, "name": "Karl Pfaffmann", "seo_name": "karl-pfaffmann", "status": 0, "review_status": "Completed", "background_image": null, "statistics": {"ratings_count": 17101, "ratings_average": 3.8, "labels_count": 83573, "wines_count": 162}, "region": {"id": 649, "name": "Pfalz", "name_en": "Palatinate", "seo_name": "pfalz", "country": {"code": "de", "name": "Germany", "native_name": "Deutschland", "seo_name": "germany", "currency": {"code": "EUR", "name": "Euros", "prefix": "\u20ac", "suffix": null}, "regions_count": 210, "users_count": 2175366, "wines_count": 199914, "wineries_count": 13512, "most_used_grapes": [{"id": 15, "name": "Riesling", "seo_name": "riesling", "has_detailed_info": true, "wines_count": 262136}, {"id": 299, "name": "Sp\u00e4tburgunder", "seo_name": "spatburgunder", "has_detailed_info": false, "wines_count": 50164}, {"id": 355, "name": "Weissburgunder", "seo_name": "weissburgunder", "has_detailed_info": false, "wines_count": 33464}]}, "parent_id": null, "background_image": {"location": "//images.vivino.com/regions/backgrounds/klw147B8QSi16e-qNdUAYA.jpg", "variations": {"large": "//thumbs.vivino.com/region_backgrounds/klw147B8QSi16e-qNdUAYA_1280x760.jpg", "medium": "//thumbs.vivino.com/region_backgrounds/klw147B8QSi16e-qNdUAYA_600x356.jpg"}}, "class": {"typecast_map": {"background_image": {}, "class": {}}}, "statistics": {"wineries_count": 2243, "wines_count": 31938, "sub_regions_count": 24, "parent_regions_count": 0}}}, "image": {"location": "//images.vivino.com/labels/zwd6A6SsSOCd_vTRM5HPmA.jpg", "variations": {"large": "//images.vivino.com/thumbs/zwd6A6SsSOCd_vTRM5HPmA_375x500.jpg", "medium": "//images.vivino.com/thumbs/zwd6A6SsSOCd_vTRM5HPmA_150x200.jpg", "medium_square": "//images.vivino.com/thumbs/zwd6A6SsSOCd_vTRM5HPmA_150x150.jpg", "small_square": "//images.vivino.com/thumbs/zwd6A6SsSOCd_vTRM5HPmA_80x80.jpg"}}, "statistics": {"status": "Normal", "ratings_count": 494, "ratings_average": 3.9, "labels_count": 2005, "vintages_count": 21}, "rank": null, "hidden": false, "vintages": [{"id": 170487255, "seo_name": "karl-pfaffmann-selection-riesling-holle-trocken-2022", "name": "Karl Pfaffmann Selection Riesling H\u00f6lle trocken 2022", "statistics": {"status": "BelowThreshold", "ratings_count": 0, "ratings_average": 0, "labels_count": 1, "reviews_count": 0}, "year": 2022, "grapes": null, "has_valid_ratings": false}, {"id": 166633400, "seo_name": "karl-pfaffmann-selection-riesling-holle-trocken-2020", "name": "Karl Pfaffmann Selection Riesling H\u00f6lle trocken 2020", "statistics": {"status": "Normal", "ratings_count": 28, "ratings_average": 3.6, "labels_count": 141, "reviews_count": 6}, "year": 2020, "grapes": null, "has_valid_ratings": true}, {"id": 163932501, "seo_name": "karl-pfaffmann-selection-riesling-holle-trocken-2019", "name": "Karl Pfaffmann Selection Riesling H\u00f6lle trocken 2019", "statistics": {"status": "Normal", "ratings_count": 71, "ratings_average": 3.9, "labels_count": 301, "reviews_count": 25}, "year": 2019, "grapes": null, "has_valid_ratings": true}, {"id": 160083355, "seo_name": "karl-pfaffmann-selection-riesling-holle-trocken-2018", "name": "Karl Pfaffmann Selection Riesling H\u00f6lle trocken 2018", "statistics": {"status": "Normal", "ratings_count": 47, "ratings_average": 4.1, "labels_count": 220, "reviews_count": 22}, "year": 2018, "grapes": null, "has_valid_ratings": true}, {"id": 157297853, "seo_name": "karl-pfaffmann-selection-riesling-holle-trocken-2017", "name": "Karl Pfaffmann Selection Riesling H\u00f6lle trocken 2017", "statistics": {"status": "Normal", "ratings_count": 66, "ratings_average": 4, "labels_count": 238, "reviews_count": 26}, "year": 2017, "grapes": null, "has_valid_ratings": true}, {"id": 149985625, "seo_name": "karl-pfaffmann-selection-riesling-holle-trocken-2016", "name": "Karl Pfaffmann Selection Riesling H\u00f6lle trocken 2016", "statistics": {"status": "Normal", "ratings_count": 66, "ratings_average": 3.9, "labels_count": 246, "reviews_count": 27}, "year": 2016, "grapes": null, "has_valid_ratings": true}, {"id": 82281208, "seo_name": "karl-pfaffmann-selection-riesling-holle-trocken-2015", "name": "Karl Pfaffmann Selection Riesling H\u00f6lle trocken 2015", "statistics": {"status": "Normal", "ratings_count": 99, "ratings_average": 3.8, "labels_count": 404, "reviews_count": 34}, "year": 2015, "grapes": null, "has_valid_ratings": true}, {"id": 20059985, "seo_name": "karl-pfaffmann-selection-riesling-holle-trocken-2014", "name": "Karl Pfaffmann Selection Riesling H\u00f6lle trocken 2014", "statistics": {"status": "Normal", "ratings_count": 46, "ratings_average": 3.7, "labels_count": 217, "reviews_count": 15}, "year": 2014, "grapes": null, "has_valid_ratings": true}, {"id": 6714932, "seo_name": "karl-pfaffmann-selection-riesling-holle-trocken-2013", "name": "Karl Pfaffmann Selection Riesling H\u00f6lle trocken 2013", "statistics": {"status": "Normal", "ratings_count": 34, "ratings_average": 3.5, "labels_count": 109, "reviews_count": 15}, "year": 2013, "grapes": null, "has_valid_ratings": true}, {"id": 7773695, "seo_name": "karl-pfaffmann-selection-riesling-holle-trocken-2012", "name": "Karl Pfaffmann Selection Riesling H\u00f6lle trocken 2012", "statistics": {"status": "BelowThreshold", "ratings_count": 8, "ratings_average": 0, "labels_count": 47, "reviews_count": 4}, "year": 2012, "grapes": null, "has_valid_ratings": false}, {"id": 7848839, "seo_name": "karl-pfaffmann-selection-riesling-holle-trocken-2011", "name": "Karl Pfaffmann Selection Riesling H\u00f6lle trocken 2011", "statistics": {"status": "BelowThreshold", "ratings_count": 5, "ratings_average": 0, "labels_count": 27, "reviews_count": 3}, "year": 2011, "grapes": null, "has_valid_ratings": false}, {"id": 39334430, "seo_name": "karl-pfaffmann-selection-riesling-holle-trocken-2010", "name": "Karl Pfaffmann Selection Riesling H\u00f6lle trocken 2010", "statistics": {"status": "BelowThreshold", "ratings_count": 0, "ratings_average": 0, "labels_count": 12, "reviews_count": 0}, "year": 2010, "grapes": null, "has_valid_ratings": false}, {"id": 7798812, "seo_name": "karl-pfaffmann-selection-riesling-holle-trocken-2009", "name": "Karl Pfaffmann Selection Riesling H\u00f6lle trocken 2009", "statistics": {"status": "BelowThreshold", "ratings_count": 5, "ratings_average": 0, "labels_count": 16, "reviews_count": 1}, "year": 2009, "grapes": null, "has_valid_ratings": false}, {"id": 19036847, "seo_name": "karl-pfaffmann-selection-riesling-holle-trocken-2008", "name": "Karl Pfaffmann Selection Riesling H\u00f6lle trocken 2008", "statistics": {"status": "BelowThreshold", "ratings_count": 0, "ratings_average": 0, "labels_count": 7, "reviews_count": 0}, "year": 2008, "grapes": null, "has_valid_ratings": false}, {"id": 8392782, "seo_name": "karl-pfaffmann-selection-riesling-holle-trocken-2007", "name": "Karl Pfaffmann Selection Riesling H\u00f6lle trocken 2007", "statistics": {"status": "BelowThreshold", "ratings_count": 0, "ratings_average": 0, "labels_count": 8, "reviews_count": 0}, "year": 2007, "grapes": null, "has_valid_ratings": false}, {"id": 15468886, "seo_name": "karl-pfaffmann-selection-riesling-holle-trocken-2006", "name": "Karl Pfaffmann Selection Riesling H\u00f6lle trocken 2006", "statistics": {"status": "BelowThreshold", "ratings_count": 0, "ratings_average": 0, "labels_count": 3, "reviews_count": 0}, "year": 2006, "grapes": null, "has_valid_ratings": false}, {"id": 16765848, "seo_name": "karl-pfaffmann-selection-riesling-holle-trocken-2005", "name": "Karl Pfaffmann Selection Riesling H\u00f6lle trocken 2005", "statistics": {"status": "BelowThreshold", "ratings_count": 0, "ratings_average": 0, "labels_count": 1, "reviews_count": 0}, "year": 2005, "grapes": null, "has_valid_ratings": false}, {"id": 147003055, "seo_name": "karl-pfaffmann-selection-riesling-holle-trocken-2004", "name": "Karl Pfaffmann Selection Riesling H\u00f6lle trocken 2004", "statistics": {"status": "BelowThreshold", "ratings_count": 0, "ratings_average": 0, "labels_count": 1, "reviews_count": 0}, "year": 2004, "grapes": null, "has_valid_ratings": false}, {"id": 15468873, "seo_name": "karl-pfaffmann-selection-riesling-holle-trocken-2000", "name": "Karl Pfaffmann Selection Riesling H\u00f6lle trocken 2000", "statistics": {"status": "BelowThreshold", "ratings_count": 0, "ratings_average": 0, "labels_count": 0, "reviews_count": 0}, "year": 2000, "grapes": null, "has_valid_ratings": false}, {"id": 150812038, "seo_name": "karl-pfaffmann-selection-riesling-holle-trocken-1900", "name": "Karl Pfaffmann Selection Riesling H\u00f6lle trocken 1900", "statistics": {"status": "BelowThreshold", "ratings_count": 0, "ratings_average": 0, "labels_count": 0, "reviews_count": 0}, "year": 1900, "grapes": null, "has_valid_ratings": false}, {"id": 7235691, "seo_name": "karl-pfaffmann-selection-riesling-holle-trocken-uv", "name": "Karl Pfaffmann Selection Riesling H\u00f6lle trocken", "statistics": {"status": "Normal", "ratings_count": 494, "ratings_average": 3.9, "labels_count": 4, "reviews_count": 4}, "year": 0, "grapes": null, "has_valid_ratings": true}], "description": "", "grapes": [{"id": 15, "name": "Riesling", "seo_name": "riesling", "has_detailed_info": true, "wines_count": 262136}], "foods": [{"id": 10, "name": "Pork", "background_image": {"location": "//images.vivino.com/backgrounds/foods/10_pork.png", "variations": {"small": "//images.vivino.com/backgrounds/foods/thumbs/10_pork_932x810.png"}}, "seo_name": "pork"}, {"id": 13, "name": "Shellfish", "background_image": {"location": "//images.vivino.com/backgrounds/foods/13_shellfish.png", "variations": {"small": "//images.vivino.com/backgrounds/foods/thumbs/13_shellfish_932x810.png"}}, "seo_name": "shellfish"}, {"id": 15, "name": "Spicy food", "background_image": {"location": "//images.vivino.com/backgrounds/foods/15_spicyfood.png", "variations": {"small": "//images.vivino.com/backgrounds/foods/thumbs/15_spicyfood_932x810.png"}}, "seo_name": "spicy-food"}, {"id": 20, "name": "Poultry", "background_image": {"location": "//images.vivino.com/backgrounds/foods/20_chicken.png", "variations": {"small": "//images.vivino.com/backgrounds/foods/thumbs/20_chicken_932x810.png"}}, "seo_name": "poultry"}, {"id": 41, "name": "Cured Meat", "background_image": {"location": "//images.vivino.com/backgrounds/foods/41_curedmeat.png", "variations": {"small": "//images.vivino.com/backgrounds/foods/thumbs/41_curedmeat_932x810.png"}}, "seo_name": null}], "non_vintage": false, "alcohol": 0, "sweetness_id": null, "closure": null, "vintage_mask_raw": null, "updated_at": "2018-03-19T17:00:03Z", "created_at": "2014-06-14T10:29:14Z", "is_first_wine": false, "style": {"id": 186, "seo_name": "german-riesling", "regional_name": "German", "varietal_name": "Riesling", "name": "German Riesling", "image": null, "background_image": {"location": "//images.vivino.com/backgrounds/styles/sUyLeO_TQuaROKfLr65xsg.jpg", "variations": {"small": "//images.vivino.com/backgrounds/styles/thumbs/sUyLeO_TQuaROKfLr65xsg_932x810.jpg"}}, "description": "Riesling is without question Germany's favorite grape. Widely planted, though once derided, Riesling is the superstar of the white wine world at the moment.\n\nThere is a lot of scope for versatility with this sweet, viscous wine, though you can expect to get hints of tropical fruit, nectarine, melon and pineapple from a solid Riesling.\n\nThe grape originated in the Rhine region of Germany, and the best of them are said to grow along the banks of the Mosel River on the beautiful steep, south facing hills.\n\nThere are six categories of Riesling which indicate the ripeness of the grapes. Kabinett is considered \u201coff-dry\u201d and is a typically ripe grape. Sp\u00e4tlese is riper and therefor sweeter, and Auslese is even riper still. Beyond on that you have Beerenauslese, Trockenbeerenauslese and Eiswein (or ice wine), all getting sweeter, more viscous and more expensive.\n\nIt's a favorite in the food and beverage industry because of its willingness to play with a wide variety of foods, particular spicy dishes. The current Asian fusion boom is thought to have had a tremendous effect on Riesling's popularity.", "blurb": null, "interesting_facts": ["Riesling is grown all over the world and thrives in cool to warm climates.", "Riesling is one of the few white wines that develops and improves with age.", "There are an unusually high number of German Riesling producers that carry the prefix \u201cDr.\u201d"], "body": 2, "body_description": "Light-bodied", "acidity": 3, "acidity_description": "High", "country": {"code": "de", "name": "Germany", "native_name": "Deutschland", "seo_name": "germany", "currency": {"code": "EUR", "name": "Euros", "prefix": "\u20ac", "suffix": null}, "regions_count": 210, "users_count": 2175366, "wines_count": 199914, "wineries_count": 13512, "most_used_grapes": [{"id": 15, "name": "Riesling", "seo_name": "riesling", "has_detailed_info": true, "wines_count": 262136}, {"id": 299, "name": "Sp\u00e4tburgunder", "seo_name": "spatburgunder", "has_detailed_info": false, "wines_count": 50164}, {"id": 355, "name": "Weissburgunder", "seo_name": "weissburgunder", "has_detailed_info": false, "wines_count": 33464}]}, "wine_type_id": 2, "food": [{"id": 10, "name": "Pork", "background_image": {"location": "//images.vivino.com/backgrounds/foods/10_pork.png", "variations": {"small": "//images.vivino.com/backgrounds/foods/thumbs/10_pork_932x810.png"}}, "seo_name": "pork"}, {"id": 13, "name": "Shellfish", "background_image": {"location": "//images.vivino.com/backgrounds/foods/13_shellfish.png", "variations": {"small": "//images.vivino.com/backgrounds/foods/thumbs/13_shellfish_932x810.png"}}, "seo_name": "shellfish"}, {"id": 15, "name": "Spicy food", "background_image": {"location": "//images.vivino.com/backgrounds/foods/15_spicyfood.png", "variations": {"small": "//images.vivino.com/backgrounds/foods/thumbs/15_spicyfood_932x810.png"}}, "seo_name": "spicy-food"}, {"id": 20, "name": "Poultry", "background_image": {"location": "//images.vivino.com/backgrounds/foods/20_chicken.png", "variations": {"small": "//images.vivino.com/backgrounds/foods/thumbs/20_chicken_932x810.png"}}, "seo_name": "poultry"}, {"id": 41, "name": "Cured Meat", "background_image": {"location": "//images.vivino.com/backgrounds/foods/41_curedmeat.png", "variations": {"small": "//images.vivino.com/backgrounds/foods/thumbs/41_curedmeat_932x810.png"}}, "seo_name": null}], "grapes": [{"id": 15, "name": "Riesling", "seo_name": "riesling", "has_detailed_info": true, "wines_count": 262136}], "region": null}, "has_valid_ratings": true}, "highlights": [{"vintage_id": 160083355, "highlight_type": "best_user_rated", "message": "This vintage rates better than any other year for this wine", "icon": "https://images.vivino.com/highlights/icon/best_user_rated.svg", "metadata": {"price": null, "wine_id": 2485395, "toplist": null, "ws_award": null, "critic_review_id": null, "ratings_average": 4.1, "ratings_count": 47, "vintage_year": "2018", "rank_type": "global", "ranks": {"country": {"description": "Rank within Germany", "total": 614805, "rank": 18624}, "region": {"description": "Rank within Wine Region", "total": 131629, "rank": 3990}, "winery": {"description": "Rank within Winery", "total": 1154, "rank": 80}, "global": {"description": "Global Rank", "total": 8944577, "rank": 607821}}, "style": {"id": 186, "seo_name": "german-riesling", "regional_name": "German", "varietal_name": "Riesling", "name": "German Riesling", "image": null, "background_image": {"location": "//images.vivino.com/backgrounds/styles/sUyLeO_TQuaROKfLr65xsg.jpg", "variations": {"small": "//images.vivino.com/backgrounds/styles/thumbs/sUyLeO_TQuaROKfLr65xsg_932x810.jpg"}}, "description": "Riesling is without question Germany's favorite grape. Widely planted, though once derided, Riesling is the superstar of the white wine world at the moment.\n\nThere is a lot of scope for versatility with this sweet, viscous wine, though you can expect to get hints of tropical fruit, nectarine, melon and pineapple from a solid Riesling.\n\nThe grape originated in the Rhine region of Germany, and the best of them are said to grow along the banks of the Mosel River on the beautiful steep, south facing hills.\n\nThere are six categories of Riesling which indicate the ripeness of the grapes. Kabinett is considered \u201coff-dry\u201d and is a typically ripe grape. Sp\u00e4tlese is riper and therefor sweeter, and Auslese is even riper still. Beyond on that you have Beerenauslese, Trockenbeerenauslese and Eiswein (or ice wine), all getting sweeter, more viscous and more expensive.\n\nIt's a favorite in the food and beverage industry because of its willingness to play with a wide variety of foods, particular spicy dishes. The current Asian fusion boom is thought to have had a tremendous effect on Riesling's popularity.", "blurb": null, "interesting_facts": ["Riesling is grown all over the world and thrives in cool to warm climates.", "Riesling is one of the few white wines that develops and improves with age.", "There are an unusually high number of German Riesling producers that carry the prefix \u201cDr.\u201d"], "body": 2, "body_description": "Light-bodied", "acidity": 3, "acidity_description": "High", "country": {"code": "de", "name": "Germany", "native_name": "Deutschland", "seo_name": "germany", "currency": {"code": "EUR", "name": "Euros", "prefix": "\u20ac", "suffix": null}, "regions_count": 210, "users_count": 2175366, "wines_count": 199914, "wineries_count": 13512, "most_used_grapes": [{"id": 15, "name": "Riesling", "seo_name": "riesling", "has_detailed_info": true, "wines_count": 262136}, {"id": 299, "name": "Sp\u00e4tburgunder", "seo_name": "spatburgunder", "has_detailed_info": false, "wines_count": 50164}, {"id": 355, "name": "Weissburgunder", "seo_name": "weissburgunder", "has_detailed_info": false, "wines_count": 33464}]}, "wine_type_id": 2, "food": [{"id": 10, "name": "Pork", "background_image": {"location": "//images.vivino.com/backgrounds/foods/10_pork.png", "variations": {"small": "//images.vivino.com/backgrounds/foods/thumbs/10_pork_932x810.png"}}, "seo_name": "pork"}, {"id": 13, "name": "Shellfish", "background_image": {"location": "//images.vivino.com/backgrounds/foods/13_shellfish.png", "variations": {"small": "//images.vivino.com/backgrounds/foods/thumbs/13_shellfish_932x810.png"}}, "seo_name": "shellfish"}, {"id": 15, "name": "Spicy food", "background_image": {"location": "//images.vivino.com/backgrounds/foods/15_spicyfood.png", "variations": {"small": "//images.vivino.com/backgrounds/foods/thumbs/15_spicyfood_932x810.png"}}, "seo_name": "spicy-food"}, {"id": 20, "name": "Poultry", "background_image": {"location": "//images.vivino.com/backgrounds/foods/20_chicken.png", "variations": {"small": "//images.vivino.com/backgrounds/foods/thumbs/20_chicken_932x810.png"}}, "seo_name": "poultry"}, {"id": 41, "name": "Cured Meat", "background_image": {"location": "//images.vivino.com/backgrounds/foods/41_curedmeat.png", "variations": {"small": "//images.vivino.com/backgrounds/foods/thumbs/41_curedmeat_932x810.png"}}, "seo_name": null}], "grapes": [{"id": 15, "name": "Riesling", "seo_name": "riesling", "has_detailed_info": true, "wines_count": 262136}], "region": null}}, "vintage_year": 2018}, {"vintage_id": 82281208, "highlight_type": "most_user_rated", "message": "Popular among Vivino users. More than 90 ratings", "icon": "https://images.vivino.com/highlights/icon/most_user_rated.svg", "metadata": {"price": null, "wine_id": 2485395, "toplist": null, "ws_award": null, "critic_review_id": null, "ratings_average": 3.8, "ratings_count": 99, "vintage_year": "2015", "rank_type": "global", "ranks": {"country": {"description": "Rank within Germany", "total": 614805, "rank": 22362}, "region": {"description": "Rank within Wine Region", "total": 131629, "rank": 4895}, "winery": {"description": "Rank within Winery", "total": 1154, "rank": 100}, "global": {"description": "Global Rank", "total": 8944577, "rank": 716932}}, "style": {"id": 186, "seo_name": "german-riesling", "regional_name": "German", "varietal_name": "Riesling", "name": "German Riesling", "image": null, "background_image": {"location": "//images.vivino.com/backgrounds/styles/sUyLeO_TQuaROKfLr65xsg.jpg", "variations": {"small": "//images.vivino.com/backgrounds/styles/thumbs/sUyLeO_TQuaROKfLr65xsg_932x810.jpg"}}, "description": "Riesling is without question Germany's favorite grape. Widely planted, though once derided, Riesling is the superstar of the white wine world at the moment.\n\nThere is a lot of scope for versatility with this sweet, viscous wine, though you can expect to get hints of tropical fruit, nectarine, melon and pineapple from a solid Riesling.\n\nThe grape originated in the Rhine region of Germany, and the best of them are said to grow along the banks of the Mosel River on the beautiful steep, south facing hills.\n\nThere are six categories of Riesling which indicate the ripeness of the grapes. Kabinett is considered \u201coff-dry\u201d and is a typically ripe grape. Sp\u00e4tlese is riper and therefor sweeter, and Auslese is even riper still. Beyond on that you have Beerenauslese, Trockenbeerenauslese and Eiswein (or ice wine), all getting sweeter, more viscous and more expensive.\n\nIt's a favorite in the food and beverage industry because of its willingness to play with a wide variety of foods, particular spicy dishes. The current Asian fusion boom is thought to have had a tremendous effect on Riesling's popularity.", "blurb": null, "interesting_facts": ["Riesling is grown all over the world and thrives in cool to warm climates.", "Riesling is one of the few white wines that develops and improves with age.", "There are an unusually high number of German Riesling producers that carry the prefix \u201cDr.\u201d"], "body": 2, "body_description": "Light-bodied", "acidity": 3, "acidity_description": "High", "country": {"code": "de", "name": "Germany", "native_name": "Deutschland", "seo_name": "germany", "currency": {"code": "EUR", "name": "Euros", "prefix": "\u20ac", "suffix": null}, "regions_count": 210, "users_count": 2175366, "wines_count": 199914, "wineries_count": 13512, "most_used_grapes": [{"id": 15, "name": "Riesling", "seo_name": "riesling", "has_detailed_info": true, "wines_count": 262136}, {"id": 299, "name": "Sp\u00e4tburgunder", "seo_name": "spatburgunder", "has_detailed_info": false, "wines_count": 50164}, {"id": 355, "name": "Weissburgunder", "seo_name": "weissburgunder", "has_detailed_info": false, "wines_count": 33464}]}, "wine_type_id": 2, "food": [{"id": 10, "name": "Pork", "background_image": {"location": "//images.vivino.com/backgrounds/foods/10_pork.png", "variations": {"small": "//images.vivino.com/backgrounds/foods/thumbs/10_pork_932x810.png"}}, "seo_name": "pork"}, {"id": 13, "name": "Shellfish", "background_image": {"location": "//images.vivino.com/backgrounds/foods/13_shellfish.png", "variations": {"small": "//images.vivino.com/backgrounds/foods/thumbs/13_shellfish_932x810.png"}}, "seo_name": "shellfish"}, {"id": 15, "name": "Spicy food", "background_image": {"location": "//images.vivino.com/backgrounds/foods/15_spicyfood.png", "variations": {"small": "//images.vivino.com/backgrounds/foods/thumbs/15_spicyfood_932x810.png"}}, "seo_name": "spicy-food"}, {"id": 20, "name": "Poultry", "background_image": {"location": "//images.vivino.com/backgrounds/foods/20_chicken.png", "variations": {"small": "//images.vivino.com/backgrounds/foods/thumbs/20_chicken_932x810.png"}}, "seo_name": "poultry"}, {"id": 41, "name": "Cured Meat", "background_image": {"location": "//images.vivino.com/backgrounds/foods/41_curedmeat.png", "variations": {"small": "//images.vivino.com/backgrounds/foods/thumbs/41_curedmeat_932x810.png"}}, "seo_name": null}], "grapes": [{"id": 15, "name": "Riesling", "seo_name": "riesling", "has_detailed_info": true, "wines_count": 262136}], "region": null}}, "vintage_year": 2015}, {"vintage_id": 157297853, "highlight_type": "top_ranked", "message": "Among top 7% of all wines in the world", "icon": "https://images.vivino.com/highlights/icon/top_ranked.svg", "metadata": {"price": null, "wine_id": 2485395, "toplist": null, "ws_award": null, "critic_review_id": null, "ratings_average": 4, "ratings_count": 66, "vintage_year": "2017", "rank_type": "global", "ranks": {"country": {"description": "Rank within Germany", "total": 614805, "rank": 18056}, "region": {"description": "Rank within Wine Region", "total": 131629, "rank": 3872}, "winery": {"description": "Rank within Winery", "total": 1154, "rank": 78}, "global": {"description": "Global Rank", "total": 8944577, "rank": 596060}}, "style": {"id": 186, "seo_name": "german-riesling", "regional_name": "German", "varietal_name": "Riesling", "name": "German Riesling", "image": null, "background_image": {"location": "//images.vivino.com/backgrounds/styles/sUyLeO_TQuaROKfLr65xsg.jpg", "variations": {"small": "//images.vivino.com/backgrounds/styles/thumbs/sUyLeO_TQuaROKfLr65xsg_932x810.jpg"}}, "description": "Riesling is without question Germany's favorite grape. Widely planted, though once derided, Riesling is the superstar of the white wine world at the moment.\n\nThere is a lot of scope for versatility with this sweet, viscous wine, though you can expect to get hints of tropical fruit, nectarine, melon and pineapple from a solid Riesling.\n\nThe grape originated in the Rhine region of Germany, and the best of them are said to grow along the banks of the Mosel River on the beautiful steep, south facing hills.\n\nThere are six categories of Riesling which indicate the ripeness of the grapes. Kabinett is considered \u201coff-dry\u201d and is a typically ripe grape. Sp\u00e4tlese is riper and therefor sweeter, and Auslese is even riper still. Beyond on that you have Beerenauslese, Trockenbeerenauslese and Eiswein (or ice wine), all getting sweeter, more viscous and more expensive.\n\nIt's a favorite in the food and beverage industry because of its willingness to play with a wide variety of foods, particular spicy dishes. The current Asian fusion boom is thought to have had a tremendous effect on Riesling's popularity.", "blurb": null, "interesting_facts": ["Riesling is grown all over the world and thrives in cool to warm climates.", "Riesling is one of the few white wines that develops and improves with age.", "There are an unusually high number of German Riesling producers that carry the prefix \u201cDr.\u201d"], "body": 2, "body_description": "Light-bodied", "acidity": 3, "acidity_description": "High", "country": {"code": "de", "name": "Germany", "native_name": "Deutschland", "seo_name": "germany", "currency": {"code": "EUR", "name": "Euros", "prefix": "\u20ac", "suffix": null}, "regions_count": 210, "users_count": 2175366, "wines_count": 199914, "wineries_count": 13512, "most_used_grapes": [{"id": 15, "name": "Riesling", "seo_name": "riesling", "has_detailed_info": true, "wines_count": 262136}, {"id": 299, "name": "Sp\u00e4tburgunder", "seo_name": "spatburgunder", "has_detailed_info": false, "wines_count": 50164}, {"id": 355, "name": "Weissburgunder", "seo_name": "weissburgunder", "has_detailed_info": false, "wines_count": 33464}]}, "wine_type_id": 2, "food": [{"id": 10, "name": "Pork", "background_image": {"location": "//images.vivino.com/backgrounds/foods/10_pork.png", "variations": {"small": "//images.vivino.com/backgrounds/foods/thumbs/10_pork_932x810.png"}}, "seo_name": "pork"}, {"id": 13, "name": "Shellfish", "background_image": {"location": "//images.vivino.com/backgrounds/foods/13_shellfish.png", "variations": {"small": "//images.vivino.com/backgrounds/foods/thumbs/13_shellfish_932x810.png"}}, "seo_name": "shellfish"}, {"id": 15, "name": "Spicy food", "background_image": {"location": "//images.vivino.com/backgrounds/foods/15_spicyfood.png", "variations": {"small": "//images.vivino.com/backgrounds/foods/thumbs/15_spicyfood_932x810.png"}}, "seo_name": "spicy-food"}, {"id": 20, "name": "Poultry", "background_image": {"location": "//images.vivino.com/backgrounds/foods/20_chicken.png", "variations": {"small": "//images.vivino.com/backgrounds/foods/thumbs/20_chicken_932x810.png"}}, "seo_name": "poultry"}, {"id": 41, "name": "Cured Meat", "background_image": {"location": "//images.vivino.com/backgrounds/foods/41_curedmeat.png", "variations": {"small": "//images.vivino.com/backgrounds/foods/thumbs/41_curedmeat_932x810.png"}}, "seo_name": null}], "grapes": [{"id": 15, "name": "Riesling", "seo_name": "riesling", "has_detailed_info": true, "wines_count": 262136}], "region": null}}, "vintage_year": 2017}], "recommended_vintages": [{"vintage": {"id": 160083355, "seo_name": "karl-pfaffmann-selection-riesling-holle-trocken-2018", "name": "Karl Pfaffmann Selection Riesling H\u00f6lle trocken 2018", "statistics": {"status": "Normal", "ratings_count": 47, "ratings_average": 4.1, "labels_count": 220, "reviews_count": 22}, "year": 2018, "grapes": null, "has_valid_ratings": true}, "type": "best_user_rated", "highlight_icon": "https://images.vivino.com/highlights/icon/best_user_rated.svg", "price": null}, {"vintage": {"id": 82281208, "seo_name": "karl-pfaffmann-selection-riesling-holle-trocken-2015", "name": "Karl Pfaffmann Selection Riesling H\u00f6lle trocken 2015", "statistics": {"status": "Normal", "ratings_count": 99, "ratings_average": 3.8, "labels_count": 404, "reviews_count": 34}, "year": 2015, "grapes": null, "has_valid_ratings": true}, "type": "most_user_rated", "highlight_icon": "https://images.vivino.com/highlights/icon/most_user_rated.svg", "price": null}, {"vintage": {"id": 157297853, "seo_name": "karl-pfaffmann-selection-riesling-holle-trocken-2017", "name": "Karl Pfaffmann Selection Riesling H\u00f6lle trocken 2017", "statistics": {"status": "Normal", "ratings_count": 66, "ratings_average": 4, "labels_count": 238, "reviews_count": 26}, "year": 2017, "grapes": null, "has_valid_ratings": true}, "type": "top_ranked", "highlight_icon": "https://images.vivino.com/highlights/icon/top_ranked.svg", "price": null}], "prices_and_availabilities": [], "price_range": {"currency": {"code": "EUR", "name": "Euros", "prefix": "\u20ac", "suffix": null}, "price_range": {"minimum": 0, "maximum": 500, "currency_code": "EUR"}, "defaults": {"minimum": 7, "maximum": 30, "currency_code": "EUR"}}, "subtotal_price": null}