{"vintage": {"id": 163015988, "seo_name": "danie-de-wet-danie-de-wet-chardonnay-2020", "name": "De Wetshof Danie de Wet Chardonnay 2020", "statistics": {"status": "Normal", "ratings_count": 190, "ratings_average": 3.7, "labels_count": 2996, "reviews_count": 80}, "organic_certification_id": null, "certified_biodynamic": null, "image": {"location": "//images.vivino.com/thumbs/9KR4KC10S0ahHLxqRxJRIg_pl_480x640.png", "variations": {"bottle_large": "//images.vivino.com/thumbs/9KR4KC10S0ahHLxqRxJRIg_pb_x960.png", "bottle_medium": "//images.vivino.com/thumbs/9KR4KC10S0ahHLxqRxJRIg_pb_x600.png", "bottle_medium_square": "//images.vivino.com/thumbs/9KR4KC10S0ahHLxqRxJRIg_pb_600x600.png", "bottle_small": "//images.vivino.com/thumbs/9KR4KC10S0ahHLxqRxJRIg_pb_x300.png", "bottle_small_square": "//images.vivino.com/thumbs/9KR4KC10S0ahHLxqRxJRIg_pb_300x300.png", "label": "//images.vivino.com/thumbs/9KR4KC10S0ahHLxqRxJRIg_pl_480x640.png", "label_large": "//images.vivino.com/thumbs/9KR4KC10S0ahHLxqRxJRIg_pl_375x500.png", "label_medium": "//images.vivino.com/thumbs/9KR4KC10S0ahHLxqRxJRIg_pl_150x200.png", "label_medium_square": "//images.vivino.com/thumbs/9KR4KC10S0ahHLxqRxJRIg_pl_150x150.png", "label_small_square": "//images.vivino.com/thumbs/9KR4KC10S0ahHLxqRxJRIg_pl_80x80.png", "large": "//images.vivino.com/thumbs/9KR4KC10S0ahHLxqRxJRIg_pl_375x500.png", "medium": "//images.vivino.com/thumbs/9KR4KC10S0ahHLxqRxJRIg_pl_150x200.png", "medium_square": "//images.vivino.com/thumbs/9KR4KC10S0ahHLxqRxJRIg_pl_150x150.png", "small_square": "//images.vivino.com/thumbs/9KR4KC10S0ahHLxqRxJRIg_pl_80x80.png"}}, "wine": {"id": 1374951, "name": "Danie de Wet Chardonnay", "seo_name": "danie-de-wet-chardonnay", "type_id": 2, "vintage_type": 0, "is_natural": false, "region": {"id": 431, "name": "Robertson", "name_en": "Robertson Valley", "seo_name": "robertson", "country": {"code": "za", "name": "S\u00fcdafrika", "native_name": "South Africa", "seo_name": "south-africa", "currency": {"code": "ZAR", "name": "South African Rand", "prefix": "R", "suffix": null}, "regions_count": 110, "users_count": 232908, "wines_count": 37408, "wineries_count": 4048, "most_used_grapes": [{"id": 2, "name": "Cabernet Sauvignon", "seo_name": "cabernet-sauvignon", "has_detailed_info": true, "wines_count": 794022}, {"id": 1, "name": "Shiraz/Syrah", "seo_name": "shiraz-syrah", "has_detailed_info": true, "wines_count": 545850}, {"id": 10, "name": "Merlot", "seo_name": "merlot", "has_detailed_info": true, "wines_count": 560926}]}, "parent_id": 752, "background_image": null, "class": {"typecast_map": {"background_image": {}, "class": {}}}, "statistics": {"wineries_count": 129, "wines_count": 1435, "sub_regions_count": 9, "parent_regions_count": 2}}, "review_status": 2, "winery": {"id": 24043, "name": "De Wetshof", "seo_name": "danie-de-wet", "status": 0, "review_status": "Completed", "background_image": null, "statistics": {"ratings_count": 26537, "ratings_average": 3.8, "labels_count": 145416, "wines_count": 66}, "region": {"id": 431, "name": "Robertson", "name_en": "Robertson Valley", "seo_name": "robertson", "country": {"code": "za", "name": "S\u00fcdafrika", "native_name": "South Africa", "seo_name": "south-africa", "currency": {"code": "ZAR", "name": "South African Rand", "prefix": "R", "suffix": null}, "regions_count": 110, "users_count": 232908, "wines_count": 37408, "wineries_count": 4048, "most_used_grapes": [{"id": 2, "name": "Cabernet Sauvignon", "seo_name": "cabernet-sauvignon", "has_detailed_info": true, "wines_count": 794022}, {"id": 1, "name": "Shiraz/Syrah", "seo_name": "shiraz-syrah", "has_detailed_info": true, "wines_count": 545850}, {"id": 10, "name": "Merlot", "seo_name": "merlot", "has_detailed_info": true, "wines_count": 560926}]}, "parent_id": 752, "background_image": null, "class": {"typecast_map": {"background_image": {}, "class": {}}}, "statistics": {"wineries_count": 129, "wines_count": 1435, "sub_regions_count": 9, "parent_regions_count": 2}}, "business_name": "De Wetshof Estate", "description": "", "specialists_notes": "", "phone": "+27 023 615 1853", "email": "info@dewetshof.com", "facebook": "https://www.facebook.com/dewetshofwines/", "instagram": "@dewetshofwines", "is_claimed": false, "twitter": "@DeWetshofWines", "website": "http://www.dewetshof.com/", "winemaker": "Wetshof", "wine_maker": {"id": 8497, "name": "Wetshof"}, "address": {"title": null, "name": null, "street": "R317", "street2": null, "neighborhood": null, "city": "Robertson", "zip": "6705", "state": null, "country": {"code": "za", "name": "S\u00fcdafrika", "native_name": "South Africa", "seo_name": "south-africa", "currency": {"code": "ZAR", "name": "South African Rand", "prefix": "R", "suffix": null}, "regions_count": 110, "users_count": 232908, "wines_count": 37408, "wineries_count": 4048, "most_used_grapes": [{"id": 2, "name": "Cabernet Sauvignon", "seo_name": "cabernet-sauvignon", "has_detailed_info": true, "wines_count": 794022}, {"id": 1, "name": "Shiraz/Syrah", "seo_name": "shiraz-syrah", "has_detailed_info": true, "wines_count": 545850}, {"id": 10, "name": "Merlot", "seo_name": "merlot", "has_detailed_info": true, "wines_count": 560926}]}, "company": null, "phone": null, "external_id": null, "residential": null, "vat_number": null, "vat_code": null, "addition": null}, "image": null, "location": {"latitude": -33.819736, "longitude": 19.899998}, "winery_group": null, "first_wines": [], "sponsored_entity_type": null, "sponsored_entity": null}, "statistics": {"status": "Normal", "ratings_count": 2314, "ratings_average": 3.7, "labels_count": 19950, "vintages_count": 34}, "rank": {"country": {"description": "Rang von S\u00fcdafrika", "total": 24684, "rank": 2542}, "region": {"description": "Rang von Weinregion", "total": 911, "rank": 73}, "winery": {"description": "Rang vom Weingut", "total": 64, "rank": 17}, "wine_type": {"description": "Rang in allen Wei\u00dfwein", "total": 394049, "rank": 24208}, "global": {"description": "Weltweiter Rang", "total": 1287357, "rank": 98154}}, "hidden": false, "vintages": [{"id": 167744693, "seo_name": "danie-de-wet-danie-de-wet-chardonnay-2021", "name": "De Wetshof Danie de Wet Chardonnay 2021", "statistics": {"status": "Normal", "ratings_count": 12, "ratings_average": 3.5, "labels_count": 209, "reviews_count": 6}, "year": 2021, "grapes": null, "has_valid_ratings": true}, {"id": 163015988, "seo_name": "danie-de-wet-danie-de-wet-chardonnay-2020", "name": "De Wetshof Danie de Wet Chardonnay 2020", "statistics": {"status": "Normal", "ratings_count": 190, "ratings_average": 3.7, "labels_count": 2996, "reviews_count": 80}, "year": 2020, "grapes": null, "has_valid_ratings": true}, {"id": 159821913, "seo_name": "danie-de-wet-danie-de-wet-chardonnay-2019", "name": "De Wetshof Danie de Wet Chardonnay 2019", "statistics": {"status": "Normal", "ratings_count": 296, "ratings_average": 3.7, "labels_count": 2922, "reviews_count": 132}, "year": 2019, "grapes": null, "has_valid_ratings": true}, {"id": 156913304, "seo_name": "danie-de-wet-danie-de-wet-chardonnay-2018", "name": "De Wetshof Danie de Wet Chardonnay 2018", "statistics": {"status": "Normal", "ratings_count": 240, "ratings_average": 3.7, "labels_count": 2640, "reviews_count": 103}, "year": 2018, "grapes": null, "has_valid_ratings": true}, {"id": 150308051, "seo_name": "danie-de-wet-danie-de-wet-chardonnay-2017", "name": "De Wetshof Danie de Wet Chardonnay 2017", "statistics": {"status": "Normal", "ratings_count": 531, "ratings_average": 3.7, "labels_count": 4100, "reviews_count": 206}, "year": 2017, "grapes": null, "has_valid_ratings": true}, {"id": 143865287, "seo_name": "danie-de-wet-danie-de-wet-chardonnay-2016", "name": "De Wetshof Danie de Wet Chardonnay 2016", "statistics": {"status": "Normal", "ratings_count": 325, "ratings_average": 3.8, "labels_count": 2432, "reviews_count": 122}, "year": 2016, "grapes": null, "has_valid_ratings": true}, {"id": 14326285, "seo_name": "danie-de-wet-danie-de-wet-chardonnay-2015", "name": "De Wetshof Danie de Wet Chardonnay 2015", "statistics": {"status": "Normal", "ratings_count": 295, "ratings_average": 3.9, "labels_count": 1798, "reviews_count": 92}, "year": 2015, "grapes": null, "has_valid_ratings": true}, {"id": 4523915, "seo_name": "danie-de-wet-danie-de-wet-chardonnay-2014", "name": "De Wetshof Danie de Wet Chardonnay 2014", "statistics": {"status": "Normal", "ratings_count": 77, "ratings_average": 3.3, "labels_count": 509, "reviews_count": 20}, "year": 2014, "grapes": null, "has_valid_ratings": true}, {"id": 2972851, "seo_name": "danie-de-wet-danie-de-wet-chardonnay-2013", "name": "De Wetshof Danie de Wet Chardonnay 2013", "statistics": {"status": "Normal", "ratings_count": 131, "ratings_average": 3.7, "labels_count": 1203, "reviews_count": 44}, "year": 2013, "grapes": null, "has_valid_ratings": true}, {"id": 2055188, "seo_name": "danie-de-wet-danie-de-wet-chardonnay-2012", "name": "De Wetshof Danie de Wet Chardonnay 2012", "statistics": {"status": "Normal", "ratings_count": 59, "ratings_average": 3.7, "labels_count": 294, "reviews_count": 19}, "year": 2012, "grapes": null, "has_valid_ratings": true}, {"id": 1836098, "seo_name": "danie-de-wet-danie-de-wet-chardonnay-2011", "name": "De Wetshof Danie de Wet Chardonnay 2011", "statistics": {"status": "Normal", "ratings_count": 31, "ratings_average": 3.7, "labels_count": 195, "reviews_count": 10}, "year": 2011, "grapes": null, "has_valid_ratings": true}, {"id": 1943799, "seo_name": "danie-de-wet-danie-de-wet-chardonnay-2010", "name": "De Wetshof Danie de Wet Chardonnay 2010", "statistics": {"status": "BelowThreshold", "ratings_count": 5, "ratings_average": 0, "labels_count": 17, "reviews_count": 1}, "year": 2010, "grapes": null, "has_valid_ratings": false}, {"id": 3013643, "seo_name": "danie-de-wet-danie-de-wet-chardonnay-2009", "name": "De Wetshof Danie de Wet Chardonnay 2009", "statistics": {"status": "BelowThreshold", "ratings_count": 3, "ratings_average": 0, "labels_count": 6, "reviews_count": 2}, "year": 2009, "grapes": null, "has_valid_ratings": false}, {"id": 1766208, "seo_name": "danie-de-wet-danie-de-wet-chardonnay-2008", "name": "De Wetshof Danie de Wet Chardonnay 2008", "statistics": {"status": "Normal", "ratings_count": 11, "ratings_average": 3.4, "labels_count": 133, "reviews_count": 5}, "year": 2008, "grapes": null, "has_valid_ratings": true}, {"id": 1986776, "seo_name": "danie-de-wet-danie-de-wet-chardonnay-uv", "name": "De Wetshof Danie de Wet Chardonnay", "statistics": {"status": "Normal", "ratings_count": 2314, "ratings_average": 3.7, "labels_count": 421, "reviews_count": 34}, "year": 0, "grapes": null, "has_valid_ratings": true}], "description": "It is unwooded Chardonnay matured on the lees, producing a fresh, lemony flavoured wine with a yeasty, nutty after taste.", "grapes": [{"id": 5, "name": "Chardonnay", "seo_name": "chardonnay", "has_detailed_info": true, "wines_count": 597329}], "foods": [{"id": 10, "name": "Schweinefleisch", "background_image": {"location": "//images.vivino.com/backgrounds/foods/10_pork.png", "variations": {"small": "//images.vivino.com/backgrounds/foods/thumbs/10_pork_932x810.png"}}, "seo_name": "pork"}, {"id": 12, "name": "Fetthaltiger Fisch (Lachs, Thunfisch etc.)", "background_image": {"location": "//images.vivino.com/backgrounds/foods/12_richfish.png", "variations": {"small": "//images.vivino.com/backgrounds/foods/thumbs/12_richfish_932x810.png"}}, "seo_name": null}, {"id": 19, "name": "Vegetarische Gerichte", "background_image": {"location": "//images.vivino.com/backgrounds/foods/19_vegetarian.png", "variations": {"small": "//images.vivino.com/backgrounds/foods/thumbs/19_vegetarian_932x810.png"}}, "seo_name": "vegetarian"}, {"id": 20, "name": "Gefl\u00fcgel", "background_image": {"location": "//images.vivino.com/backgrounds/foods/20_chicken.png", "variations": {"small": "//images.vivino.com/backgrounds/foods/thumbs/20_chicken_932x810.png"}}, "seo_name": "poultry"}], "non_vintage": false, "alcohol": 14.3, "sweetness_id": 5, "closure": null, "vintage_mask_raw": null, "updated_at": "2021-05-28T14:07:35Z", "created_at": "2012-12-17T10:51:49Z", "is_first_wine": false, "style": {"id": 62, "seo_name": "south-african-chardonnay", "regional_name": "South African", "varietal_name": "Chardonnay", "name": "Chardonnay S\u00fcdafrika", "image": null, "background_image": null, "description": "Although South Africa's most popular white wine grape is Chenin Blanc, the Chardonnays from this country can be stunning. Rich flavors of citrus and tropical fruits are hallmarks of South African Chardonnay.\n\nThere is a wide range of styles from unoaked to oaked to blends and more. But the one thing that is the same is that the quality gets better all the time.\n\nLike with just about every major wine-producing region, Chardonnay has found a way to be one of South Africa's country's biggest exports. The Chardonnays from South Africa range from steely wines with a clean, citrusy focus to heavily oaked ones with a rich, buttery consistency.\n\nSouth African Chardonnays typically produce aromas and flavors rich in tropical fruit and exotic spices. Winemakers here like to experiment and it is even popular in Stellenbosch to blend Chardonnay with Sauvignon Blanc. Generally, the wines are simpler than French Chardonnays, and are lighter and more tropical than Californian Chardonnays.\n\nHowever, some of the best producers in South Africa can compete with the best Chardonnays in the world.", "blurb": null, "interesting_facts": ["Chardonnay didn't really catch on in South Africa until the 1980s/1990s.", "South Africa and its vineyards are all located around the Cape of Good Hope.", "South Africa is one of the Top 10 wine-producing countries in the world.", "A lot of the Chardonnay that was originally planted in South Africa was later found to actually be Auxerrois Blanc."], "body": 4, "body_description": "Voller K\u00f6rper", "acidity": 3, "acidity_description": "Hoch", "country": {"code": "za", "name": "S\u00fcdafrika", "native_name": "South Africa", "seo_name": "south-africa", "currency": {"code": "ZAR", "name": "South African Rand", "prefix": "R", "suffix": null}, "regions_count": 110, "users_count": 232908, "wines_count": 37408, "wineries_count": 4048, "most_used_grapes": [{"id": 2, "name": "Cabernet Sauvignon", "seo_name": "cabernet-sauvignon", "has_detailed_info": true, "wines_count": 794022}, {"id": 1, "name": "Shiraz/Syrah", "seo_name": "shiraz-syrah", "has_detailed_info": true, "wines_count": 545850}, {"id": 10, "name": "Merlot", "seo_name": "merlot", "has_detailed_info": true, "wines_count": 560926}]}, "wine_type_id": 2, "food": [{"id": 10, "name": "Pork", "background_image": {"location": "//images.vivino.com/backgrounds/foods/10_pork.png", "variations": {"small": "//images.vivino.com/backgrounds/foods/thumbs/10_pork_932x810.png"}}, "seo_name": "pork"}, {"id": 12, "name": "Rich fish (salmon, tuna etc)", "background_image": {"location": "//images.vivino.com/backgrounds/foods/12_richfish.png", "variations": {"small": "//images.vivino.com/backgrounds/foods/thumbs/12_richfish_932x810.png"}}, "seo_name": null}, {"id": 19, "name": "Vegetarian", "background_image": {"location": "//images.vivino.com/backgrounds/foods/19_vegetarian.png", "variations": {"small": "//images.vivino.com/backgrounds/foods/thumbs/19_vegetarian_932x810.png"}}, "seo_name": "vegetarian"}, {"id": 20, "name": "Poultry", "background_image": {"location": "//images.vivino.com/backgrounds/foods/20_chicken.png", "variations": {"small": "//images.vivino.com/backgrounds/foods/thumbs/20_chicken_932x810.png"}}, "seo_name": "poultry"}], "grapes": [{"id": 5, "name": "Chardonnay", "seo_name": "chardonnay", "has_detailed_info": true, "wines_count": 597329}], "region": null}, "has_valid_ratings": true}, "description": "", "expert_reviews": null, "wine_critic_reviews": [], "awards": [], "ratings_distribution": {"1": 1, "2": 10, "3": 88, "4": 79, "5": 12}, "ranking": {"country": {"description": "Rang von S\u00fcdafrika", "total": 189488, "rank": 21965}, "region": {"description": "Rang von Weinregion", "total": 6983, "rank": 615}, "winery": {"description": "Rang vom Weingut", "total": 646, "rank": 120}, "global": {"description": "Weltweiter Rang", "total": 8824777, "rank": 899149}}, "wine_facts": {"alcohol": 13, "residual_sugar_grams_per_liter": 2, "acidity_grams_per_liter": 7, "contains_milk_allergens": false, "contains_egg_allergens": false, "drink_until": 2022}, "winemaker": null, "wine_maker": null, "grape_composition": {"5": 100}, "year": 2020, "grapes": [{"id": 5, "name": "Chardonnay", "seo_name": "chardonnay", "has_detailed_info": true, "wines_count": 597329}], "has_valid_ratings": true}, "carts": null, "price_range": {"currency": {"code": "EUR", "name": "Euros", "prefix": "\u20ac", "suffix": null}, "price_range": {"minimum": 0, "maximum": 500, "currency_code": "EUR"}, "defaults": {"minimum": 7, "maximum": 30, "currency_code": "EUR"}}, "subtotal_price": null, "full_region": null, "tastes": null, "wine": {"id": 1374951, "name": "Danie de Wet Chardonnay", "seo_name": "danie-de-wet-chardonnay", "type_id": 2, "vintage_type": 0, "is_natural": false, "region": {"id": 431, "name": "Robertson", "name_en": "Robertson Valley", "seo_name": "robertson", "country": {"code": "za", "name": "S\u00fcdafrika", "native_name": "South Africa", "seo_name": "south-africa", "currency": {"code": "ZAR", "name": "South African Rand", "prefix": "R", "suffix": null}, "regions_count": 110, "users_count": 232908, "wines_count": 37408, "wineries_count": 4048, "most_used_grapes": [{"id": 2, "name": "Cabernet Sauvignon", "seo_name": "cabernet-sauvignon", "has_detailed_info": true, "wines_count": 794022}, {"id": 1, "name": "Shiraz/Syrah", "seo_name": "shiraz-syrah", "has_detailed_info": true, "wines_count": 545850}, {"id": 10, "name": "Merlot", "seo_name": "merlot", "has_detailed_info": true, "wines_count": 560926}]}, "parent_id": 752, "background_image": null, "class": {"typecast_map": {"background_image": {}, "class": {}}}, "statistics": {"wineries_count": 129, "wines_count": 1435, "sub_regions_count": 9, "parent_regions_count": 2}}, "review_status": 2, "winery": {"id": 24043, "name": "De Wetshof", "seo_name": "danie-de-wet", "status": 0, "review_status": "Completed", "background_image": null, "statistics": {"ratings_count": 26537, "ratings_average": 3.8, "labels_count": 145416, "wines_count": 66}, "region": {"id": 431, "name": "Robertson", "name_en": "Robertson Valley", "seo_name": "robertson", "country": {"code": "za", "name": "S\u00fcdafrika", "native_name": "South Africa", "seo_name": "south-africa", "currency": {"code": "ZAR", "name": "South African Rand", "prefix": "R", "suffix": null}, "regions_count": 110, "users_count": 232908, "wines_count": 37408, "wineries_count": 4048, "most_used_grapes": [{"id": 2, "name": "Cabernet Sauvignon", "seo_name": "cabernet-sauvignon", "has_detailed_info": true, "wines_count": 794022}, {"id": 1, "name": "Shiraz/Syrah", "seo_name": "shiraz-syrah", "has_detailed_info": true, "wines_count": 545850}, {"id": 10, "name": "Merlot", "seo_name": "merlot", "has_detailed_info": true, "wines_count": 560926}]}, "parent_id": 752, "background_image": null, "class": {"typecast_map": {"background_image": {}, "class": {}}}, "statistics": {"wineries_count": 129, "wines_count": 1435, "sub_regions_count": 9, "parent_regions_count": 2}}, "business_name": "De Wetshof Estate", "description": "", "specialists_notes": "", "phone": "+27 023 615 1853", "email": "info@dewetshof.com", "facebook": "https://www.facebook.com/dewetshofwines/", "instagram": "@dewetshofwines", "is_claimed": false, "twitter": "@DeWetshofWines", "website": "http://www.dewetshof.com/", "winemaker": "Wetshof", "wine_maker": {"id": 8497, "name": "Wetshof"}, "address": {"title": null, "name": null, "street": "R317", "street2": null, "neighborhood": null, "city": "Robertson", "zip": "6705", "state": null, "country": {"code": "za", "name": "S\u00fcdafrika", "native_name": "South Africa", "seo_name": "south-africa", "currency": {"code": "ZAR", "name": "South African Rand", "prefix": "R", "suffix": null}, "regions_count": 110, "users_count": 232908, "wines_count": 37408, "wineries_count": 4048, "most_used_grapes": [{"id": 2, "name": "Cabernet Sauvignon", "seo_name": "cabernet-sauvignon", "has_detailed_info": true, "wines_count": 794022}, {"id": 1, "name": "Shiraz/Syrah", "seo_name": "shiraz-syrah", "has_detailed_info": true, "wines_count": 545850}, {"id": 10, "name": "Merlot", "seo_name": "merlot", "has_detailed_info": true, "wines_count": 560926}]}, "company": null, "phone": null, "external_id": null, "residential": null, "vat_number": null, "vat_code": null, "addition": null}, "image": null, "location": {"latitude": -33.819736, "longitude": 19.899998}, "winery_group": null, "first_wines": [], "sponsored_entity_type": null, "sponsored_entity": null}, "statistics": {"status": "Normal", "ratings_count": 2314, "ratings_average": 3.7, "labels_count": 19950, "vintages_count": 34}, "rank": {"country": {"description": "Rang von S\u00fcdafrika", "total": 24684, "rank": 2542}, "region": {"description": "Rang von Weinregion", "total": 911, "rank": 73}, "winery": {"description": "Rang vom Weingut", "total": 64, "rank": 17}, "wine_type": {"description": "Rang in allen Wei\u00dfwein", "total": 394049, "rank": 24208}, "global": {"description": "Weltweiter Rang", "total": 1287357, "rank": 98154}}, "hidden": false, "vintages": [{"id": 167744693, "seo_name": "danie-de-wet-danie-de-wet-chardonnay-2021", "name": "De Wetshof Danie de Wet Chardonnay 2021", "statistics": {"status": "Normal", "ratings_count": 12, "ratings_average": 3.5, "labels_count": 209, "reviews_count": 6}, "year": 2021, "grapes": null, "has_valid_ratings": true}, {"id": 163015988, "seo_name": "danie-de-wet-danie-de-wet-chardonnay-2020", "name": "De Wetshof Danie de Wet Chardonnay 2020", "statistics": {"status": "Normal", "ratings_count": 190, "ratings_average": 3.7, "labels_count": 2996, "reviews_count": 80}, "year": 2020, "grapes": null, "has_valid_ratings": true}, {"id": 159821913, "seo_name": "danie-de-wet-danie-de-wet-chardonnay-2019", "name": "De Wetshof Danie de Wet Chardonnay 2019", "statistics": {"status": "Normal", "ratings_count": 296, "ratings_average": 3.7, "labels_count": 2922, "reviews_count": 132}, "year": 2019, "grapes": null, "has_valid_ratings": true}, {"id": 156913304, "seo_name": "danie-de-wet-danie-de-wet-chardonnay-2018", "name": "De Wetshof Danie de Wet Chardonnay 2018", "statistics": {"status": "Normal", "ratings_count": 240, "ratings_average": 3.7, "labels_count": 2640, "reviews_count": 103}, "year": 2018, "grapes": null, "has_valid_ratings": true}, {"id": 150308051, "seo_name": "danie-de-wet-danie-de-wet-chardonnay-2017", "name": "De Wetshof Danie de Wet Chardonnay 2017", "statistics": {"status": "Normal", "ratings_count": 531, "ratings_average": 3.7, "labels_count": 4100, "reviews_count": 206}, "year": 2017, "grapes": null, "has_valid_ratings": true}, {"id": 143865287, "seo_name": "danie-de-wet-danie-de-wet-chardonnay-2016", "name": "De Wetshof Danie de Wet Chardonnay 2016", "statistics": {"status": "Normal", "ratings_count": 325, "ratings_average": 3.8, "labels_count": 2432, "reviews_count": 122}, "year": 2016, "grapes": null, "has_valid_ratings": true}, {"id": 14326285, "seo_name": "danie-de-wet-danie-de-wet-chardonnay-2015", "name": "De Wetshof Danie de Wet Chardonnay 2015", "statistics": {"status": "Normal", "ratings_count": 295, "ratings_average": 3.9, "labels_count": 1798, "reviews_count": 92}, "year": 2015, "grapes": null, "has_valid_ratings": true}, {"id": 4523915, "seo_name": "danie-de-wet-danie-de-wet-chardonnay-2014", "name": "De Wetshof Danie de Wet Chardonnay 2014", "statistics": {"status": "Normal", "ratings_count": 77, "ratings_average": 3.3, "labels_count": 509, "reviews_count": 20}, "year": 2014, "grapes": null, "has_valid_ratings": true}, {"id": 2972851, "seo_name": "danie-de-wet-danie-de-wet-chardonnay-2013", "name": "De Wetshof Danie de Wet Chardonnay 2013", "statistics": {"status": "Normal", "ratings_count": 131, "ratings_average": 3.7, "labels_count": 1203, "reviews_count": 44}, "year": 2013, "grapes": null, "has_valid_ratings": true}, {"id": 2055188, "seo_name": "danie-de-wet-danie-de-wet-chardonnay-2012", "name": "De Wetshof Danie de Wet Chardonnay 2012", "statistics": {"status": "Normal", "ratings_count": 59, "ratings_average": 3.7, "labels_count": 294, "reviews_count": 19}, "year": 2012, "grapes": null, "has_valid_ratings": true}, {"id": 1836098, "seo_name": "danie-de-wet-danie-de-wet-chardonnay-2011", "name": "De Wetshof Danie de Wet Chardonnay 2011", "statistics": {"status": "Normal", "ratings_count": 31, "ratings_average": 3.7, "labels_count": 195, "reviews_count": 10}, "year": 2011, "grapes": null, "has_valid_ratings": true}, {"id": 1943799, "seo_name": "danie-de-wet-danie-de-wet-chardonnay-2010", "name": "De Wetshof Danie de Wet Chardonnay 2010", "statistics": {"status": "BelowThreshold", "ratings_count": 5, "ratings_average": 0, "labels_count": 17, "reviews_count": 1}, "year": 2010, "grapes": null, "has_valid_ratings": false}, {"id": 3013643, "seo_name": "danie-de-wet-danie-de-wet-chardonnay-2009", "name": "De Wetshof Danie de Wet Chardonnay 2009", "statistics": {"status": "BelowThreshold", "ratings_count": 3, "ratings_average": 0, "labels_count": 6, "reviews_count": 2}, "year": 2009, "grapes": null, "has_valid_ratings": false}, {"id": 1766208, "seo_name": "danie-de-wet-danie-de-wet-chardonnay-2008", "name": "De Wetshof Danie de Wet Chardonnay 2008", "statistics": {"status": "Normal", "ratings_count": 11, "ratings_average": 3.4, "labels_count": 133, "reviews_count": 5}, "year": 2008, "grapes": null, "has_valid_ratings": true}, {"id": 1986776, "seo_name": "danie-de-wet-danie-de-wet-chardonnay-uv", "name": "De Wetshof Danie de Wet Chardonnay", "statistics": {"status": "Normal", "ratings_count": 2314, "ratings_average": 3.7, "labels_count": 421, "reviews_count": 34}, "year": 0, "grapes": null, "has_valid_ratings": true}], "description": "It is unwooded Chardonnay matured on the lees, producing a fresh, lemony flavoured wine with a yeasty, nutty after taste.", "grapes": [{"id": 5, "name": "Chardonnay", "seo_name": "chardonnay", "has_detailed_info": true, "wines_count": 597329}], "foods": [{"id": 10, "name": "Schweinefleisch", "background_image": {"location": "//images.vivino.com/backgrounds/foods/10_pork.png", "variations": {"small": "//images.vivino.com/backgrounds/foods/thumbs/10_pork_932x810.png"}}, "seo_name": "pork"}, {"id": 12, "name": "Fetthaltiger Fisch (Lachs, Thunfisch etc.)", "background_image": {"location": "//images.vivino.com/backgrounds/foods/12_richfish.png", "variations": {"small": "//images.vivino.com/backgrounds/foods/thumbs/12_richfish_932x810.png"}}, "seo_name": null}, {"id": 19, "name": "Vegetarische Gerichte", "background_image": {"location": "//images.vivino.com/backgrounds/foods/19_vegetarian.png", "variations": {"small": "//images.vivino.com/backgrounds/foods/thumbs/19_vegetarian_932x810.png"}}, "seo_name": "vegetarian"}, {"id": 20, "name": "Gefl\u00fcgel", "background_image": {"location": "//images.vivino.com/backgrounds/foods/20_chicken.png", "variations": {"small": "//images.vivino.com/backgrounds/foods/thumbs/20_chicken_932x810.png"}}, "seo_name": "poultry"}], "non_vintage": false, "alcohol": 14.3, "sweetness_id": 5, "closure": null, "vintage_mask_raw": null, "updated_at": "2021-05-28T14:07:35Z", "created_at": "2012-12-17T10:51:49Z", "is_first_wine": false, "style": {"id": 62, "seo_name": "south-african-chardonnay", "regional_name": "South African", "varietal_name": "Chardonnay", "name": "Chardonnay S\u00fcdafrika", "image": null, "background_image": null, "description": "Although South Africa's most popular white wine grape is Chenin Blanc, the Chardonnays from this country can be stunning. Rich flavors of citrus and tropical fruits are hallmarks of South African Chardonnay.\n\nThere is a wide range of styles from unoaked to oaked to blends and more. But the one thing that is the same is that the quality gets better all the time.\n\nLike with just about every major wine-producing region, Chardonnay has found a way to be one of South Africa's country's biggest exports. The Chardonnays from South Africa range from steely wines with a clean, citrusy focus to heavily oaked ones with a rich, buttery consistency.\n\nSouth African Chardonnays typically produce aromas and flavors rich in tropical fruit and exotic spices. Winemakers here like to experiment and it is even popular in Stellenbosch to blend Chardonnay with Sauvignon Blanc. Generally, the wines are simpler than French Chardonnays, and are lighter and more tropical than Californian Chardonnays.\n\nHowever, some of the best producers in South Africa can compete with the best Chardonnays in the world.", "blurb": null, "interesting_facts": ["Chardonnay didn't really catch on in South Africa until the 1980s/1990s.", "South Africa and its vineyards are all located around the Cape of Good Hope.", "South Africa is one of the Top 10 wine-producing countries in the world.", "A lot of the Chardonnay that was originally planted in South Africa was later found to actually be Auxerrois Blanc."], "body": 4, "body_description": "Voller K\u00f6rper", "acidity": 3, "acidity_description": "Hoch", "country": {"code": "za", "name": "S\u00fcdafrika", "native_name": "South Africa", "seo_name": "south-africa", "currency": {"code": "ZAR", "name": "South African Rand", "prefix": "R", "suffix": null}, "regions_count": 110, "users_count": 232908, "wines_count": 37408, "wineries_count": 4048, "most_used_grapes": [{"id": 2, "name": "Cabernet Sauvignon", "seo_name": "cabernet-sauvignon", "has_detailed_info": true, "wines_count": 794022}, {"id": 1, "name": "Shiraz/Syrah", "seo_name": "shiraz-syrah", "has_detailed_info": true, "wines_count": 545850}, {"id": 10, "name": "Merlot", "seo_name": "merlot", "has_detailed_info": true, "wines_count": 560926}]}, "wine_type_id": 2, "food": [{"id": 10, "name": "Pork", "background_image": {"location": "//images.vivino.com/backgrounds/foods/10_pork.png", "variations": {"small": "//images.vivino.com/backgrounds/foods/thumbs/10_pork_932x810.png"}}, "seo_name": "pork"}, {"id": 12, "name": "Rich fish (salmon, tuna etc)", "background_image": {"location": "//images.vivino.com/backgrounds/foods/12_richfish.png", "variations": {"small": "//images.vivino.com/backgrounds/foods/thumbs/12_richfish_932x810.png"}}, "seo_name": null}, {"id": 19, "name": "Vegetarian", "background_image": {"location": "//images.vivino.com/backgrounds/foods/19_vegetarian.png", "variations": {"small": "//images.vivino.com/backgrounds/foods/thumbs/19_vegetarian_932x810.png"}}, "seo_name": "vegetarian"}, {"id": 20, "name": "Poultry", "background_image": {"location": "//images.vivino.com/backgrounds/foods/20_chicken.png", "variations": {"small": "//images.vivino.com/backgrounds/foods/thumbs/20_chicken_932x810.png"}}, "seo_name": "poultry"}], "grapes": [{"id": 5, "name": "Chardonnay", "seo_name": "chardonnay", "has_detailed_info": true, "wines_count": 597329}], "region": null}, "has_valid_ratings": true}, "price": {"id": 25623140, "vintage_id": 163015988, "amount": 6.2, "type": "vc", "currency": {"code": "EUR", "name": "Euros", "prefix": "\u20ac", "suffix": null}, "bottle_type_id": 1, "inventory_bottles_count": null, "url": "https://www.terra-vinum.de/3599/de-wetshof-danie-de-wet-chardonnay?utm_medium=pref-cpc&utm_source=vivino-ppc", "message": "Preis pro Flasche, Kiste mit 6", "producer_address": "", "importer_address": "", "discounted_from": null, "bottle_type": {"id": 1, "name": "Flasche (0,75\u00a0l)", "short_name": "Flasche", "short_name_plural": "Flaschen", "volume_ml": 750}}, "highlights": [{"vintage_id": 163015988, "highlight_type": "latest_available", "message": "J\u00fcngster Jahrgang", "icon": "https://images.vivino.com/highlights/icon/latest_available.svg", "metadata": {"price": {"id": 25623140, "type": "vc", "amount": 6.2, "currency": {"code": "EUR", "name": "Euros", "prefix": "\u20ac", "suffix": null}, "discounted_from": null}, "wine_id": 1374951, "toplist": null, "ws_award": null, "critic_review_id": null, "ratings_average": 3.7, "ratings_count": 190, "vintage_year": "2020", "rank_type": "region", "ranks": {"country": {"description": "Rang von S\u00fcdafrika", "total": 189488, "rank": 21965}, "region": {"description": "Rang von Weinregion", "total": 6983, "rank": 615}, "winery": {"description": "Rang vom Weingut", "total": 646, "rank": 120}, "global": {"description": "Weltweiter Rang", "total": 8824777, "rank": 899149}}, "style": {"id": 62, "seo_name": "south-african-chardonnay", "regional_name": "South African", "varietal_name": "Chardonnay", "name": "Chardonnay S\u00fcdafrika", "image": null, "background_image": null, "description": "Although South Africa's most popular white wine grape is Chenin Blanc, the Chardonnays from this country can be stunning. Rich flavors of citrus and tropical fruits are hallmarks of South African Chardonnay.\n\nThere is a wide range of styles from unoaked to oaked to blends and more. But the one thing that is the same is that the quality gets better all the time.\n\nLike with just about every major wine-producing region, Chardonnay has found a way to be one of South Africa's country's biggest exports. The Chardonnays from South Africa range from steely wines with a clean, citrusy focus to heavily oaked ones with a rich, buttery consistency.\n\nSouth African Chardonnays typically produce aromas and flavors rich in tropical fruit and exotic spices. Winemakers here like to experiment and it is even popular in Stellenbosch to blend Chardonnay with Sauvignon Blanc. Generally, the wines are simpler than French Chardonnays, and are lighter and more tropical than Californian Chardonnays.\n\nHowever, some of the best producers in South Africa can compete with the best Chardonnays in the world.", "blurb": null, "interesting_facts": ["Chardonnay didn't really catch on in South Africa until the 1980s/1990s.", "South Africa and its vineyards are all located around the Cape of Good Hope.", "South Africa is one of the Top 10 wine-producing countries in the world.", "A lot of the Chardonnay that was originally planted in South Africa was later found to actually be Auxerrois Blanc."], "body": 4, "body_description": "Voller K\u00f6rper", "acidity": 3, "acidity_description": "Hoch", "country": {"code": "za", "name": "S\u00fcdafrika", "native_name": "South Africa", "seo_name": "south-africa", "currency": {"code": "ZAR", "name": "South African Rand", "prefix": "R", "suffix": null}, "regions_count": 110, "users_count": 232908, "wines_count": 37408, "wineries_count": 4048, "most_used_grapes": [{"id": 2, "name": "Cabernet Sauvignon", "seo_name": "cabernet-sauvignon", "has_detailed_info": true, "wines_count": 794022}, {"id": 1, "name": "Shiraz/Syrah", "seo_name": "shiraz-syrah", "has_detailed_info": true, "wines_count": 545850}, {"id": 10, "name": "Merlot", "seo_name": "merlot", "has_detailed_info": true, "wines_count": 560926}]}, "wine_type_id": 2, "food": [{"id": 10, "name": "Pork", "background_image": {"location": "//images.vivino.com/backgrounds/foods/10_pork.png", "variations": {"small": "//images.vivino.com/backgrounds/foods/thumbs/10_pork_932x810.png"}}, "seo_name": "pork"}, {"id": 12, "name": "Rich fish (salmon, tuna etc)", "background_image": {"location": "//images.vivino.com/backgrounds/foods/12_richfish.png", "variations": {"small": "//images.vivino.com/backgrounds/foods/thumbs/12_richfish_932x810.png"}}, "seo_name": null}, {"id": 19, "name": "Vegetarian", "background_image": {"location": "//images.vivino.com/backgrounds/foods/19_vegetarian.png", "variations": {"small": "//images.vivino.com/backgrounds/foods/thumbs/19_vegetarian_932x810.png"}}, "seo_name": "vegetarian"}, {"id": 20, "name": "Poultry", "background_image": {"location": "//images.vivino.com/backgrounds/foods/20_chicken.png", "variations": {"small": "//images.vivino.com/backgrounds/foods/thumbs/20_chicken_932x810.png"}}, "seo_name": "poultry"}], "grapes": [{"id": 5, "name": "Chardonnay", "seo_name": "chardonnay", "has_detailed_info": true, "wines_count": 597329}], "region": null}}}], "merchant": {"id": 329, "name": "Terra-Vinum", "seo_name": "terra-vinum", "legal_name": "terra-vinum.de c/o ternum GmbH", "description": "Versandkostenfrei f\u00fcr Bestellungen ab 80 EUR", "country": {"code": "de", "name": "Deutschland", "native_name": "Deutschland", "seo_name": "germany", "currency": {"code": "EUR", "name": "Euros", "prefix": "\u20ac", "suffix": null}, "regions_count": 210, "users_count": 2117308, "wines_count": 197796, "wineries_count": 13493, "most_used_grapes": [{"id": 15, "name": "Riesling", "seo_name": "riesling", "has_detailed_info": true, "wines_count": 259925}, {"id": 299, "name": "Sp\u00e4tburgunder", "seo_name": "spatburgunder", "has_detailed_info": false, "wines_count": 49659}, {"id": 355, "name": "Weissburgunder", "seo_name": "weissburgunder", "has_detailed_info": false, "wines_count": 33123}]}, "state": null, "status": 3, "image": {"location": "//images.vivino.com/merchants/originals/p1cqg29n00000a9.jpg", "variations": {"large_square": "//images.vivino.com/merchants/thumbs/p1cqg29n00000a9_400x400.jpg", "medium_square": "//images.vivino.com/merchants/thumbs/p1cqg29n00000a9_320x320.jpg", "small_square": "//images.vivino.com/merchants/thumbs/p1cqg29n00000a9_160x160.jpg"}}, "shipping_estimate": "Lieferung voraussichtlich zwischen Di, 21.\u00a0Dez und Do, 23.\u00a0Dez", "impressum_url": "https://www.terra-vinum.de/impressum", "tos_url": "https://www.terra-vinum.de/unsere-agb", "vc_clearing_system": 0, "hidden": false}, "sold_out": false, "prices_and_availability": {"market": {"country": "de", "currency": {"code": "EUR", "name": "Euros", "prefix": "\u20ac", "suffix": null}}, "availability": {"vintage": {"id": 163015988, "year": 2020, "grapes": null, "has_valid_ratings": false}, "median": {"amount": 6.38, "type": "market", "discounted_from": null}, "price": {"id": 25623140, "amount": 6.2000003, "discounted_from": 0.0, "type": "vc"}}, "merchants_with_prices": [{"merchant": {"id": 329, "name": "Terra-Vinum", "seo_name": "terra-vinum", "legal_name": "terra-vinum.de c/o ternum GmbH", "description": "Versandkostenfrei f\u00fcr Bestellungen ab 80 EUR", "country": {"code": "de", "name": "Deutschland", "native_name": "Deutschland", "seo_name": "germany", "currency": {"code": "EUR", "name": "Euros", "prefix": "\u20ac", "suffix": null}, "regions_count": 210, "users_count": 2117308, "wines_count": 197796, "wineries_count": 13493, "most_used_grapes": [{"id": 15, "name": "Riesling", "seo_name": "riesling", "has_detailed_info": true, "wines_count": 259925}, {"id": 299, "name": "Sp\u00e4tburgunder", "seo_name": "spatburgunder", "has_detailed_info": false, "wines_count": 49659}, {"id": 355, "name": "Weissburgunder", "seo_name": "weissburgunder", "has_detailed_info": false, "wines_count": 33123}]}, "state": null, "status": 3, "image": {"location": "//images.vivino.com/merchants/originals/p1cqg29n00000a9.jpg", "variations": {"large_square": "//images.vivino.com/merchants/thumbs/p1cqg29n00000a9_400x400.jpg", "medium_square": "//images.vivino.com/merchants/thumbs/p1cqg29n00000a9_320x320.jpg", "small_square": "//images.vivino.com/merchants/thumbs/p1cqg29n00000a9_160x160.jpg"}}, "shipping_estimate": "Lieferung voraussichtlich zwischen Di, 21.\u00a0Dez und Do, 23.\u00a0Dez", "impressum_url": "https://www.terra-vinum.de/impressum", "tos_url": "https://www.terra-vinum.de/unsere-agb", "vc_clearing_system": 0, "hidden": false}, "prices": [{"id": 25623140, "vintage_id": 163015988, "amount": 6.2, "type": "vc", "currency": {"code": "EUR", "name": "Euros", "prefix": "\u20ac", "suffix": null}, "bottle_type_id": 1, "inventory_bottles_count": null, "url": "https://www.terra-vinum.de/3599/de-wetshof-danie-de-wet-chardonnay?utm_medium=pref-cpc&utm_source=vivino-ppc", "message": "Preis pro Flasche, Kiste mit 6", "producer_address": "", "importer_address": "", "discounted_from": null, "bottle_type": {"id": 1, "name": "Flasche (0,75\u00a0l)", "short_name": "Flasche", "short_name_plural": "Flaschen", "volume_ml": 750}}]}, {"merchant": {"id": 17581, "name": "Vineshop24", "seo_name": "vineshop24", "legal_name": "Vineshop24 GmbH & Co. KG", "description": "Versandkostenfrei f\u00fcr Bestellungen ab 80 EUR", "country": {"code": "de", "name": "Deutschland", "native_name": "Deutschland", "seo_name": "germany", "currency": {"code": "EUR", "name": "Euros", "prefix": "\u20ac", "suffix": null}, "regions_count": 210, "users_count": 2117308, "wines_count": 197796, "wineries_count": 13493, "most_used_grapes": [{"id": 15, "name": "Riesling", "seo_name": "riesling", "has_detailed_info": true, "wines_count": 259925}, {"id": 299, "name": "Sp\u00e4tburgunder", "seo_name": "spatburgunder", "has_detailed_info": false, "wines_count": 49659}, {"id": 355, "name": "Weissburgunder", "seo_name": "weissburgunder", "has_detailed_info": false, "wines_count": 33123}]}, "state": null, "status": 3, "image": {"location": "//images.vivino.com/merchants/originals/p1ei8m730000h5d.png", "variations": {"large_square": "//images.vivino.com/merchants/thumbs/p1ei8m730000h5d_400x400.jpg", "medium_square": "//images.vivino.com/merchants/thumbs/p1ei8m730000h5d_320x320.jpg", "small_square": "//images.vivino.com/merchants/thumbs/p1ei8m730000h5d_160x160.jpg"}}, "shipping_estimate": "Lieferung voraussichtlich zwischen Di, 21.\u00a0Dez und Do, 23.\u00a0Dez", "impressum_url": "https://www.vineshop24.de/info/impressum.html", "tos_url": "https://www.vineshop24.de/info/allgemeine-geschaeftsbedingungen.html", "vc_clearing_system": 0, "hidden": false}, "prices": [{"id": 23496217, "vintage_id": 163015988, "amount": 6.25, "type": "vc", "currency": {"code": "EUR", "name": "Euros", "prefix": "\u20ac", "suffix": null}, "bottle_type_id": 1, "inventory_bottles_count": 15, "url": "https://www.vineshop24.de/weine-aus-aller-welt/suedafrika/danie-de-wet-good-hope-chardonnay.html?utm_medium=pref-cpc&utm_source=vivino-ppc", "message": "Preis f\u00fcr 6 oder mehr Flaschen. (Preis \u20ac6.50 einzelne Flasche)", "producer_address": "", "importer_address": "Reidemeister & Ulrichs GmbH, Konsul-Smidt-Stra\u00dfe 8 J, 28217 Bremen", "discounted_from": null, "bottle_type": {"id": 1, "name": "Flasche (0,75\u00a0l)", "short_name": "Flasche", "short_name_plural": "Flaschen", "volume_ml": 750}}]}, {"merchant": {"id": 1582, "name": "Ludwig von Kapff", "seo_name": "ludwig-von-kapff", "legal_name": null, "description": "Mobile-friendly checkout. No minimum order.", "country": {"code": "de", "name": "Deutschland", "native_name": "Deutschland", "seo_name": "germany", "currency": {"code": "EUR", "name": "Euros", "prefix": "\u20ac", "suffix": null}, "regions_count": 210, "users_count": 2117308, "wines_count": 197796, "wineries_count": 13493, "most_used_grapes": [{"id": 15, "name": "Riesling", "seo_name": "riesling", "has_detailed_info": true, "wines_count": 259925}, {"id": 299, "name": "Sp\u00e4tburgunder", "seo_name": "spatburgunder", "has_detailed_info": false, "wines_count": 49659}, {"id": 355, "name": "Weissburgunder", "seo_name": "weissburgunder", "has_detailed_info": false, "wines_count": 33123}]}, "state": null, "status": 0, "image": null, "shipping_estimate": "Lieferung bis Mi, 22.\u00a0Dez", "impressum_url": null, "tos_url": null, "vc_clearing_system": 0, "hidden": false}, "prices": [{"id": 25284080, "vintage_id": 163015988, "amount": 6.95, "type": "ppc", "currency": {"code": "EUR", "name": "Euros", "prefix": "\u20ac", "suffix": null}, "bottle_type_id": 1, "inventory_bottles_count": null, "url": "https://www.ludwig-von-kapff.de/danie-de-wet-good-hope-chardonnay.html?utm_medium=pref-cpc&utm_source=vivino-ppc", "message": "", "producer_address": "", "importer_address": "", "discounted_from": null, "bottle_type": {"id": 1, "name": "Flasche (0,75\u00a0l)", "short_name": "Flasche", "short_name_plural": "Flaschen", "volume_ml": 750}}]}]}, "found_by_merchant_and_sku": null, "is_deal_page": false}