{"vintage": {"id": 3606762, "seo_name": "markgrfler-baden-gutedel-trocken-uv", "name": "Markgr\u00e4fler Gutedel Trocken", "statistics": {"status": "Normal", "ratings_count": 85, "ratings_average": 3.2, "labels_count": 95, "reviews_count": 6}, "organic_certification_id": null, "certified_biodynamic": null, "image": {"location": "//images.vivino.com/labels/euJC3dkpQTiwtkzTQDUhrQ.jpg", "variations": {"large": "//images.vivino.com/thumbs/euJC3dkpQTiwtkzTQDUhrQ_375x500.jpg", "medium": "//images.vivino.com/thumbs/euJC3dkpQTiwtkzTQDUhrQ_150x200.jpg", "medium_square": "//images.vivino.com/thumbs/euJC3dkpQTiwtkzTQDUhrQ_150x150.jpg", "small_square": "//images.vivino.com/thumbs/euJC3dkpQTiwtkzTQDUhrQ_80x80.jpg"}}, "wine": {"id": 1996107, "name": "Gutedel Trocken", "seo_name": "baden-gutedel-trocken", "type_id": 2, "vintage_type": 0, "is_natural": false, "region": {"id": 924, "name": "Baden", "name_en": "", "seo_name": "baden", "country": {"code": "de", "name": "Germany", "native_name": "Deutschland", "seo_name": "germany", "currency": {"code": "EUR", "name": "Euros", "prefix": "\u20ac", "suffix": null}, "regions_count": 210, "users_count": 2175366, "wines_count": 199914, "wineries_count": 13512, "most_used_grapes": [{"id": 15, "name": "Riesling", "seo_name": "riesling", "has_detailed_info": true, "wines_count": 262136}, {"id": 299, "name": "Sp\u00e4tburgunder", "seo_name": "spatburgunder", "has_detailed_info": false, "wines_count": 50164}, {"id": 355, "name": "Weissburgunder", "seo_name": "weissburgunder", "has_detailed_info": false, "wines_count": 33464}]}, "parent_id": null, "background_image": {"location": "//images.vivino.com/regions/backgrounds/shbhdzJqQ9u1iSyDKAlKfQ.jpg", "variations": {"large": "//thumbs.vivino.com/region_backgrounds/shbhdzJqQ9u1iSyDKAlKfQ_1280x760.jpg", "medium": "//thumbs.vivino.com/region_backgrounds/shbhdzJqQ9u1iSyDKAlKfQ_600x356.jpg"}}, "class": {"typecast_map": {"background_image": {}, "class": {}}}, "statistics": {"wineries_count": 1105, "wines_count": 14682, "sub_regions_count": 30, "parent_regions_count": 0}}, "review_status": 2, "winery": {"id": 68085, "name": "Markgr\u00e4fler", "seo_name": "markgrfler", "status": 0, "review_status": "Completed", "background_image": null, "statistics": {"ratings_count": 261, "ratings_average": 3.2, "labels_count": 2220, "wines_count": 6}, "region": {"id": 924, "name": "Baden", "name_en": "", "seo_name": "baden", "country": {"code": "de", "name": "Germany", "native_name": "Deutschland", "seo_name": "germany", "currency": {"code": "EUR", "name": "Euros", "prefix": "\u20ac", "suffix": null}, "regions_count": 210, "users_count": 2175366, "wines_count": 199914, "wineries_count": 13512, "most_used_grapes": [{"id": 15, "name": "Riesling", "seo_name": "riesling", "has_detailed_info": true, "wines_count": 262136}, {"id": 299, "name": "Sp\u00e4tburgunder", "seo_name": "spatburgunder", "has_detailed_info": false, "wines_count": 50164}, {"id": 355, "name": "Weissburgunder", "seo_name": "weissburgunder", "has_detailed_info": false, "wines_count": 33464}]}, "parent_id": null, "background_image": {"location": "//images.vivino.com/regions/backgrounds/shbhdzJqQ9u1iSyDKAlKfQ.jpg", "variations": {"large": "//thumbs.vivino.com/region_backgrounds/shbhdzJqQ9u1iSyDKAlKfQ_1280x760.jpg", "medium": "//thumbs.vivino.com/region_backgrounds/shbhdzJqQ9u1iSyDKAlKfQ_600x356.jpg"}}, "class": {"typecast_map": {"background_image": {}, "class": {}}}, "statistics": {"wineries_count": 1105, "wines_count": 14682, "sub_regions_count": 30, "parent_regions_count": 0}}, "business_name": "Markgr\u00e4fler", "description": "", "specialists_notes": "", "phone": "", "email": "", "facebook": "", "instagram": "", "is_claimed": false, "twitter": "", "website": "", "winemaker": null, "wine_maker": null, "address": {"title": null, "name": null, "street": null, "street2": null, "neighborhood": null, "city": null, "zip": null, "state": null, "country": {"code": "de", "name": "Germany", "native_name": "Deutschland", "seo_name": "germany", "currency": {"code": "EUR", "name": "Euros", "prefix": "\u20ac", "suffix": null}, "regions_count": 210, "users_count": 2175366, "wines_count": 199914, "wineries_count": 13512, "most_used_grapes": [{"id": 15, "name": "Riesling", "seo_name": "riesling", "has_detailed_info": true, "wines_count": 262136}, {"id": 299, "name": "Sp\u00e4tburgunder", "seo_name": "spatburgunder", "has_detailed_info": false, "wines_count": 50164}, {"id": 355, "name": "Weissburgunder", "seo_name": "weissburgunder", "has_detailed_info": false, "wines_count": 33464}]}, "company": null, "phone": null, "external_id": null, "residential": null, "vat_number": null, "vat_code": null, "addition": null}, "image": null, "location": null, "winery_group": null, "first_wines": [], "sponsored_entity_type": null, "sponsored_entity": null}, "statistics": {"status": "Normal", "ratings_count": 85, "ratings_average": 3.2, "labels_count": 540, "vintages_count": 16}, "rank": {"country": {"description": "Rank within Germany", "total": 117620, "rank": 77719}, "region": {"description": "Rank within Wine Region", "total": 12697, "rank": 8504}, "winery": {"description": "Rank within Winery", "total": 5, "rank": 2}, "wine_type": {"description": "Rank within all White Wine", "total": 398755, "rank": 285217}, "global": {"description": "Global Rank", "total": 1302069, "rank": 942159}}, "hidden": false, "vintages": [{"id": 166376659, "seo_name": "markgrfler-baden-gutedel-trocken-2020", "name": "Markgr\u00e4fler Gutedel Trocken 2020", "statistics": {"status": "BelowThreshold", "ratings_count": 9, "ratings_average": 0, "labels_count": 49, "reviews_count": 6}, "year": 2020, "grapes": null, "has_valid_ratings": false}, {"id": 163487772, "seo_name": "markgrfler-baden-gutedel-trocken-2019", "name": "Markgr\u00e4fler Gutedel Trocken 2019", "statistics": {"status": "BelowThreshold", "ratings_count": 3, "ratings_average": 0, "labels_count": 41, "reviews_count": 2}, "year": 2019, "grapes": null, "has_valid_ratings": false}, {"id": 160163234, "seo_name": "markgrfler-baden-gutedel-trocken-2018", "name": "Markgr\u00e4fler Gutedel Trocken 2018", "statistics": {"status": "Normal", "ratings_count": 12, "ratings_average": 3.5, "labels_count": 102, "reviews_count": 6}, "year": 2018, "grapes": null, "has_valid_ratings": true}, {"id": 157359970, "seo_name": "markgrfler-baden-gutedel-trocken-2017", "name": "Markgr\u00e4fler Gutedel Trocken 2017", "statistics": {"status": "BelowThreshold", "ratings_count": 7, "ratings_average": 0, "labels_count": 71, "reviews_count": 4}, "year": 2017, "grapes": null, "has_valid_ratings": false}, {"id": 149543342, "seo_name": "markgrfler-baden-gutedel-trocken-2016", "name": "Markgr\u00e4fler Gutedel Trocken 2016", "statistics": {"status": "Normal", "ratings_count": 15, "ratings_average": 3.4, "labels_count": 76, "reviews_count": 7}, "year": 2016, "grapes": null, "has_valid_ratings": true}, {"id": 141364065, "seo_name": "markgrfler-baden-gutedel-trocken-2015", "name": "Markgr\u00e4fler Gutedel Trocken 2015", "statistics": {"status": "BelowThreshold", "ratings_count": 7, "ratings_average": 0, "labels_count": 32, "reviews_count": 3}, "year": 2015, "grapes": null, "has_valid_ratings": false}, {"id": 13054029, "seo_name": "markgrfler-baden-gutedel-trocken-2014", "name": "Markgr\u00e4fler Gutedel Trocken 2014", "statistics": {"status": "BelowThreshold", "ratings_count": 9, "ratings_average": 0, "labels_count": 23, "reviews_count": 3}, "year": 2014, "grapes": null, "has_valid_ratings": false}, {"id": 9818194, "seo_name": "markgrfler-baden-gutedel-trocken-2013", "name": "Markgr\u00e4fler Gutedel Trocken 2013", "statistics": {"status": "BelowThreshold", "ratings_count": 3, "ratings_average": 0, "labels_count": 9, "reviews_count": 2}, "year": 2013, "grapes": null, "has_valid_ratings": false}, {"id": 4542629, "seo_name": "markgrfler-baden-gutedel-trocken-2012", "name": "Markgr\u00e4fler Gutedel Trocken 2012", "statistics": {"status": "BelowThreshold", "ratings_count": 5, "ratings_average": 0, "labels_count": 26, "reviews_count": 4}, "year": 2012, "grapes": null, "has_valid_ratings": false}, {"id": 13979811, "seo_name": "markgrfler-baden-gutedel-trocken-2011", "name": "Markgr\u00e4fler Gutedel Trocken 2011", "statistics": {"status": "BelowThreshold", "ratings_count": 1, "ratings_average": 0, "labels_count": 7, "reviews_count": 0}, "year": 2011, "grapes": null, "has_valid_ratings": false}, {"id": 152937615, "seo_name": "markgrfler-baden-gutedel-trocken-2009", "name": "Markgr\u00e4fler Gutedel Trocken 2009", "statistics": {"status": "BelowThreshold", "ratings_count": 1, "ratings_average": 0, "labels_count": 3, "reviews_count": 0}, "year": 2009, "grapes": null, "has_valid_ratings": false}, {"id": 3606762, "seo_name": "markgrfler-baden-gutedel-trocken-uv", "name": "Markgr\u00e4fler Gutedel Trocken", "statistics": {"status": "Normal", "ratings_count": 85, "ratings_average": 3.2, "labels_count": 95, "reviews_count": 6}, "year": 0, "grapes": null, "has_valid_ratings": true}], "description": "", "grapes": [{"id": 1708, "name": "Gutedel", "seo_name": "gutedel", "has_detailed_info": false, "wines_count": 886}], "non_vintage": false, "alcohol": 0, "sweetness_id": null, "closure": null, "vintage_mask_raw": null, "updated_at": "2018-03-19T16:21:11Z", "created_at": "2013-11-25T04:20:19Z", "is_first_wine": false, "style": null, "has_valid_ratings": true}, "description": "", "wine_critic_reviews": [], "awards": [], "ratings_distribution": {"1": 3, "2": 17, "3": 43, "4": 16, "5": 6}, "ranking": {"country": {"description": "Rank within Germany", "total": 614817, "rank": 106531}, "region": {"description": "Rank within Wine Region", "total": 69230, "rank": 11425}, "winery": {"description": "Rank within Winery", "total": 38, "rank": 3}, "global": {"description": "Global Rank", "total": 8944679, "rank": 2564547}}, "wine_facts": {}, "winemaker": null, "wine_maker": null, "grape_composition": {}, "year": "", "grapes": null, "has_valid_ratings": true}, "carts": null, "full_region": null, "tastes": null, "wine": {"id": 1996107, "name": "Gutedel Trocken", "seo_name": "baden-gutedel-trocken", "type_id": 2, "vintage_type": 0, "is_natural": false, "region": {"id": 924, "name": "Baden", "name_en": "", "seo_name": "baden", "country": {"code": "de", "name": "Germany", "native_name": "Deutschland", "seo_name": "germany", "currency": {"code": "EUR", "name": "Euros", "prefix": "\u20ac", "suffix": null}, "regions_count": 210, "users_count": 2175366, "wines_count": 199914, "wineries_count": 13512, "most_used_grapes": [{"id": 15, "name": "Riesling", "seo_name": "riesling", "has_detailed_info": true, "wines_count": 262136}, {"id": 299, "name": "Sp\u00e4tburgunder", "seo_name": "spatburgunder", "has_detailed_info": false, "wines_count": 50164}, {"id": 355, "name": "Weissburgunder", "seo_name": "weissburgunder", "has_detailed_info": false, "wines_count": 33464}]}, "parent_id": null, "background_image": {"location": "//images.vivino.com/regions/backgrounds/shbhdzJqQ9u1iSyDKAlKfQ.jpg", "variations": {"large": "//thumbs.vivino.com/region_backgrounds/shbhdzJqQ9u1iSyDKAlKfQ_1280x760.jpg", "medium": "//thumbs.vivino.com/region_backgrounds/shbhdzJqQ9u1iSyDKAlKfQ_600x356.jpg"}}, "class": {"typecast_map": {"background_image": {}, "class": {}}}, "statistics": {"wineries_count": 1105, "wines_count": 14682, "sub_regions_count": 30, "parent_regions_count": 0}}, "review_status": 2, "winery": {"id": 68085, "name": "Markgr\u00e4fler", "seo_name": "markgrfler", "status": 0, "review_status": "Completed", "background_image": null, "statistics": {"ratings_count": 261, "ratings_average": 3.2, "labels_count": 2220, "wines_count": 6}, "region": {"id": 924, "name": "Baden", "name_en": "", "seo_name": "baden", "country": {"code": "de", "name": "Germany", "native_name": "Deutschland", "seo_name": "germany", "currency": {"code": "EUR", "name": "Euros", "prefix": "\u20ac", "suffix": null}, "regions_count": 210, "users_count": 2175366, "wines_count": 199914, "wineries_count": 13512, "most_used_grapes": [{"id": 15, "name": "Riesling", "seo_name": "riesling", "has_detailed_info": true, "wines_count": 262136}, {"id": 299, "name": "Sp\u00e4tburgunder", "seo_name": "spatburgunder", "has_detailed_info": false, "wines_count": 50164}, {"id": 355, "name": "Weissburgunder", "seo_name": "weissburgunder", "has_detailed_info": false, "wines_count": 33464}]}, "parent_id": null, "background_image": {"location": "//images.vivino.com/regions/backgrounds/shbhdzJqQ9u1iSyDKAlKfQ.jpg", "variations": {"large": "//thumbs.vivino.com/region_backgrounds/shbhdzJqQ9u1iSyDKAlKfQ_1280x760.jpg", "medium": "//thumbs.vivino.com/region_backgrounds/shbhdzJqQ9u1iSyDKAlKfQ_600x356.jpg"}}, "class": {"typecast_map": {"background_image": {}, "class": {}}}, "statistics": {"wineries_count": 1105, "wines_count": 14682, "sub_regions_count": 30, "parent_regions_count": 0}}}, "image": {"location": "//images.vivino.com/labels/euJC3dkpQTiwtkzTQDUhrQ.jpg", "variations": {"large": "//images.vivino.com/thumbs/euJC3dkpQTiwtkzTQDUhrQ_375x500.jpg", "medium": "//images.vivino.com/thumbs/euJC3dkpQTiwtkzTQDUhrQ_150x200.jpg", "medium_square": "//images.vivino.com/thumbs/euJC3dkpQTiwtkzTQDUhrQ_150x150.jpg", "small_square": "//images.vivino.com/thumbs/euJC3dkpQTiwtkzTQDUhrQ_80x80.jpg"}}, "statistics": {"status": "Normal", "ratings_count": 85, "ratings_average": 3.2, "labels_count": 540, "vintages_count": 16}, "rank": null, "hidden": false, "vintages": [{"id": 166376659, "seo_name": "markgrfler-baden-gutedel-trocken-2020", "name": "Markgr\u00e4fler Gutedel Trocken 2020", "statistics": {"status": "BelowThreshold", "ratings_count": 9, "ratings_average": 0, "labels_count": 49, "reviews_count": 6}, "year": 2020, "grapes": null, "has_valid_ratings": false}, {"id": 163487772, "seo_name": "markgrfler-baden-gutedel-trocken-2019", "name": "Markgr\u00e4fler Gutedel Trocken 2019", "statistics": {"status": "BelowThreshold", "ratings_count": 3, "ratings_average": 0, "labels_count": 41, "reviews_count": 2}, "year": 2019, "grapes": null, "has_valid_ratings": false}, {"id": 160163234, "seo_name": "markgrfler-baden-gutedel-trocken-2018", "name": "Markgr\u00e4fler Gutedel Trocken 2018", "statistics": {"status": "Normal", "ratings_count": 12, "ratings_average": 3.5, "labels_count": 102, "reviews_count": 6}, "year": 2018, "grapes": null, "has_valid_ratings": true}, {"id": 157359970, "seo_name": "markgrfler-baden-gutedel-trocken-2017", "name": "Markgr\u00e4fler Gutedel Trocken 2017", "statistics": {"status": "BelowThreshold", "ratings_count": 7, "ratings_average": 0, "labels_count": 71, "reviews_count": 4}, "year": 2017, "grapes": null, "has_valid_ratings": false}, {"id": 149543342, "seo_name": "markgrfler-baden-gutedel-trocken-2016", "name": "Markgr\u00e4fler Gutedel Trocken 2016", "statistics": {"status": "Normal", "ratings_count": 15, "ratings_average": 3.4, "labels_count": 76, "reviews_count": 7}, "year": 2016, "grapes": null, "has_valid_ratings": true}, {"id": 141364065, "seo_name": "markgrfler-baden-gutedel-trocken-2015", "name": "Markgr\u00e4fler Gutedel Trocken 2015", "statistics": {"status": "BelowThreshold", "ratings_count": 7, "ratings_average": 0, "labels_count": 32, "reviews_count": 3}, "year": 2015, "grapes": null, "has_valid_ratings": false}, {"id": 13054029, "seo_name": "markgrfler-baden-gutedel-trocken-2014", "name": "Markgr\u00e4fler Gutedel Trocken 2014", "statistics": {"status": "BelowThreshold", "ratings_count": 9, "ratings_average": 0, "labels_count": 23, "reviews_count": 3}, "year": 2014, "grapes": null, "has_valid_ratings": false}, {"id": 9818194, "seo_name": "markgrfler-baden-gutedel-trocken-2013", "name": "Markgr\u00e4fler Gutedel Trocken 2013", "statistics": {"status": "BelowThreshold", "ratings_count": 3, "ratings_average": 0, "labels_count": 9, "reviews_count": 2}, "year": 2013, "grapes": null, "has_valid_ratings": false}, {"id": 4542629, "seo_name": "markgrfler-baden-gutedel-trocken-2012", "name": "Markgr\u00e4fler Gutedel Trocken 2012", "statistics": {"status": "BelowThreshold", "ratings_count": 5, "ratings_average": 0, "labels_count": 26, "reviews_count": 4}, "year": 2012, "grapes": null, "has_valid_ratings": false}, {"id": 13979811, "seo_name": "markgrfler-baden-gutedel-trocken-2011", "name": "Markgr\u00e4fler Gutedel Trocken 2011", "statistics": {"status": "BelowThreshold", "ratings_count": 1, "ratings_average": 0, "labels_count": 7, "reviews_count": 0}, "year": 2011, "grapes": null, "has_valid_ratings": false}, {"id": 154604787, "seo_name": "markgrfler-baden-gutedel-trocken-2010", "name": "Markgr\u00e4fler Gutedel Trocken 2010", "statistics": {"status": "BelowThreshold", "ratings_count": 0, "ratings_average": 0, "labels_count": 2, "reviews_count": 0}, "year": 2010, "grapes": null, "has_valid_ratings": false}, {"id": 152937615, "seo_name": "markgrfler-baden-gutedel-trocken-2009", "name": "Markgr\u00e4fler Gutedel Trocken 2009", "statistics": {"status": "BelowThreshold", "ratings_count": 1, "ratings_average": 0, "labels_count": 3, "reviews_count": 0}, "year": 2009, "grapes": null, "has_valid_ratings": false}, {"id": 160718336, "seo_name": "markgrfler-baden-gutedel-trocken-2008", "name": "Markgr\u00e4fler Gutedel Trocken 2008", "statistics": {"status": "BelowThreshold", "ratings_count": 0, "ratings_average": 0, "labels_count": 2, "reviews_count": 0}, "year": 2008, "grapes": null, "has_valid_ratings": false}, {"id": 3239709, "seo_name": "markgrfler-baden-gutedel-trocken-2007", "name": "Markgr\u00e4fler Gutedel Trocken 2007", "statistics": {"status": "BelowThreshold", "ratings_count": 0, "ratings_average": 0, "labels_count": 1, "reviews_count": 0}, "year": 2007, "grapes": null, "has_valid_ratings": false}, {"id": 156021415, "seo_name": "markgrfler-baden-gutedel-trocken-2004", "name": "Markgr\u00e4fler Gutedel Trocken 2004", "statistics": {"status": "BelowThreshold", "ratings_count": 0, "ratings_average": 0, "labels_count": 1, "reviews_count": 0}, "year": 2004, "grapes": null, "has_valid_ratings": false}, {"id": 3606762, "seo_name": "markgrfler-baden-gutedel-trocken-uv", "name": "Markgr\u00e4fler Gutedel Trocken", "statistics": {"status": "Normal", "ratings_count": 85, "ratings_average": 3.2, "labels_count": 95, "reviews_count": 6}, "year": 0, "grapes": null, "has_valid_ratings": true}], "description": "", "grapes": [{"id": 1708, "name": "Gutedel", "seo_name": "gutedel", "has_detailed_info": false, "wines_count": 886}], "non_vintage": false, "alcohol": 0, "sweetness_id": null, "closure": null, "vintage_mask_raw": null, "updated_at": "2018-03-19T16:21:11Z", "created_at": "2013-11-25T04:20:19Z", "is_first_wine": false, "style": null, "has_valid_ratings": true}, "highlights": [{"vintage_id": 160163234, "highlight_type": "best_user_rated", "message": "This vintage rates better than any other year for this wine", "icon": "https://images.vivino.com/highlights/icon/best_user_rated.svg", "metadata": {"price": null, "wine_id": 1996107, "toplist": null, "ws_award": null, "critic_review_id": null, "ratings_average": 3.5, "ratings_count": 12, "vintage_year": "2018", "rank_type": null, "ranks": {"country": {"description": "Rank within Germany", "total": 614817, "rank": 122585}, "region": {"description": "Rank within Wine Region", "total": 69230, "rank": 13658}, "winery": {"description": "Rank within Winery", "total": 38, "rank": 4}, "global": {"description": "Global Rank", "total": 8944679, "rank": 2861188}}, "style": null}, "vintage_year": 2018}, {"vintage_id": 166376659, "highlight_type": "latest_available", "message": "Latest vintage available", "icon": "https://images.vivino.com/highlights/icon/latest_available.svg", "metadata": {"price": {"id": 25015146, "type": "ppc", "amount": 5.2, "currency": {"code": "EUR", "name": "Euros", "prefix": "\u20ac", "suffix": null}, "discounted_from": null}, "wine_id": 1996107, "toplist": null, "ws_award": null, "critic_review_id": null, "ratings_average": 0, "ratings_count": 9, "vintage_year": "2020", "rank_type": null, "ranks": {"country": {"description": "Rank within Germany", "total": 614817, "rank": 147368}, "region": {"description": "Rank within Wine Region", "total": 69230, "rank": 17158}, "winery": {"description": "Rank within Winery", "total": 38, "rank": 8}, "global": {"description": "Global Rank", "total": 8944679, "rank": 3295399}}, "style": null}, "vintage_year": 2020}, {"vintage_id": 163487772, "highlight_type": "oldest_available", "message": "Oldest vintage available", "icon": "https://images.vivino.com/highlights/icon/oldest_available.svg", "metadata": {"price": {"id": 21845882, "type": "ppc", "amount": 5.2, "currency": {"code": "EUR", "name": "Euros", "prefix": "\u20ac", "suffix": null}, "discounted_from": null}, "wine_id": 1996107, "toplist": null, "ws_award": null, "critic_review_id": null, "ratings_average": 0, "ratings_count": 3, "vintage_year": "2019", "rank_type": null, "ranks": {"country": {"description": "Rank within Germany", "total": 614817, "rank": 461307}, "region": {"description": "Rank within Wine Region", "total": 69230, "rank": 51241}, "winery": {"description": "Rank within Winery", "total": 38, "rank": 24}, "global": {"description": "Global Rank", "total": 8944679, "rank": 6953126}}, "style": null}, "vintage_year": 2019}], "recommended_vintages": [{"vintage": {"id": 160163234, "seo_name": "markgrfler-baden-gutedel-trocken-2018", "name": "Markgr\u00e4fler Gutedel Trocken 2018", "statistics": {"status": "Normal", "ratings_count": 12, "ratings_average": 3.5, "labels_count": 102, "reviews_count": 6}, "year": 2018, "grapes": null, "has_valid_ratings": true}, "type": "best_user_rated", "highlight_icon": "https://images.vivino.com/highlights/icon/best_user_rated.svg", "price": null}, {"vintage": {"id": 166376659, "seo_name": "markgrfler-baden-gutedel-trocken-2020", "name": "Markgr\u00e4fler Gutedel Trocken 2020", "statistics": {"status": "BelowThreshold", "ratings_count": 9, "ratings_average": 0, "labels_count": 49, "reviews_count": 6}, "year": 2020, "grapes": null, "has_valid_ratings": false}, "type": "latest_available", "highlight_icon": "https://images.vivino.com/highlights/icon/latest_available.svg", "price": {"id": 25015146, "type": "ppc", "amount": 5.2, "currency": {"code": "EUR", "name": "Euros", "prefix": "\u20ac", "suffix": null}, "discounted_from": null}}, {"vintage": {"id": 163487772, "seo_name": "markgrfler-baden-gutedel-trocken-2019", "name": "Markgr\u00e4fler Gutedel Trocken 2019", "statistics": {"status": "BelowThreshold", "ratings_count": 3, "ratings_average": 0, "labels_count": 41, "reviews_count": 2}, "year": 2019, "grapes": null, "has_valid_ratings": false}, "type": "oldest_available", "highlight_icon": "https://images.vivino.com/highlights/icon/oldest_available.svg", "price": {"id": 21845882, "type": "ppc", "amount": 5.2, "currency": {"code": "EUR", "name": "Euros", "prefix": "\u20ac", "suffix": null}, "discounted_from": null}}], "prices_and_availabilities": [], "price_range": {"currency": {"code": "EUR", "name": "Euros", "prefix": "\u20ac", "suffix": null}, "price_range": {"minimum": 0, "maximum": 500, "currency_code": "EUR"}, "defaults": {"minimum": 7, "maximum": 30, "currency_code": "EUR"}}, "subtotal_price": null}