{"tastes": {"structure": {"acidity": 3.56154, "fizziness": null, "intensity": 2.566097, "sweetness": 1.2179642, "tannin": null, "user_structure_count": 16, "calculated_structure_count": 98}, "flavor": [{"group": "tree_fruit", "stats": {"count": 63, "score": 9000, "mentions_count": 90}, "primary_keywords": [{"id": 195, "name": "Gr\u00fcner Apfel", "count": 29}, {"id": 315, "name": "Birne", "count": 21}, {"id": 310, "name": "Pfirsich", "count": 18}, {"id": 9, "name": "Apfel", "count": 8}, {"id": 11, "name": "Aprikose", "count": 7}, {"id": 271, "name": "Melone", "count": 2}, {"id": 448, "name": "Wei\u00dfer Pfirsich", "count": 2}, {"id": 202, "name": "Gr\u00fcne Melone", "count": 2}, {"id": 78, "name": "Cantaloupe-Melone", "count": 1}]}, {"group": "citrus_fruit", "stats": {"count": 58, "score": 8800, "mentions_count": 88}, "primary_keywords": [{"id": 106, "name": "Zitrone", "count": 32}, {"id": 252, "name": "Limette", "count": 23}, {"id": 243, "name": "Zitrone", "count": 19}, {"id": 190, "name": "Grapefruit", "count": 10}, {"id": 246, "name": "Zitronenschale", "count": 2}, {"id": 253, "name": "Limettenschale", "count": 1}, {"id": 248, "name": "Zitronenw\u00fcrze", "count": 1}]}, {"group": "vegetal", "stats": {"count": 36, "score": 4085, "mentions_count": 40}, "primary_keywords": [{"id": 399, "name": "Stroh", "count": 16}, {"id": 193, "name": "Gras", "count": 14}, {"id": 212, "name": "Heu", "count": 6}, {"id": 185, "name": "Stachelbeere", "count": 4}], "secondary_keywords": [{"id": 6, "name": "Mandel", "count": 6}, {"id": 381, "name": "Bohnenkraut", "count": 1}]}, {"group": "earth", "stats": {"count": 32, "score": 3445, "mentions_count": 33}, "primary_keywords": [{"id": 276, "name": "Mineralien", "count": 18}, {"id": 218, "name": "Honig", "count": 8}, {"id": 156, "name": "Erdig", "count": 3}, {"id": 398, "name": "Stein", "count": 2}, {"id": 219, "name": "Honigwabe", "count": 2}], "secondary_keywords": [{"id": 6, "name": "Mandel", "count": 6}, {"id": 381, "name": "Bohnenkraut", "count": 1}]}, {"group": "tropical_fruit", "stats": {"count": 13, "score": 1633, "mentions_count": 16}, "primary_keywords": [{"id": 428, "name": "Tropisch", "count": 7}, {"id": 329, "name": "Ananas", "count": 4}, {"id": 261, "name": "Mango", "count": 2}, {"id": 201, "name": "Gr\u00fcne Mango", "count": 1}, {"id": 237, "name": "Kiwi", "count": 1}, {"id": 256, "name": "Litschi", "count": 1}], "secondary_keywords": [{"id": 23, "name": "Banane", "count": 1}]}, {"group": "floral", "stats": {"count": 12, "score": 1525, "mentions_count": 15}, "primary_keywords": [{"id": 2, "name": "Akazie", "count": 6}, {"id": 87, "name": "Kamille", "count": 3}, {"id": 251, "name": "Lilie", "count": 3}, {"id": 221, "name": "Gei\u00dfblatt", "count": 2}, {"id": 157, "name": "Holunderbl\u00fcte", "count": 1}], "secondary_keywords": [{"id": 381, "name": "Bohnenkraut", "count": 1}]}, {"group": "microbio", "stats": {"count": 17, "score": 1393, "mentions_count": 13}, "primary_keywords": [{"id": 457, "name": "Hefe", "count": 5}, {"id": 91, "name": "K\u00e4se", "count": 4}, {"id": 123, "name": "Creme", "count": 2}, {"id": 23, "name": "Banane", "count": 1}, {"id": 295, "name": "\u00d6l", "count": 1}], "secondary_keywords": [{"id": 6, "name": "Mandel", "count": 6}, {"id": 70, "name": "Butter", "count": 2}]}, {"group": "non_oak", "stats": {"count": 7, "score": 309, "mentions_count": 6}, "primary_keywords": [{"id": 6, "name": "Mandel", "count": 6}], "secondary_keywords": [{"id": 163, "name": "Feige", "count": 1}]}, {"group": "spices", "stats": {"count": 4, "score": 425, "mentions_count": 5}, "primary_keywords": [{"id": 30, "name": "Bergamotte", "count": 3}, {"id": 381, "name": "Bohnenkraut", "count": 1}, {"id": 449, "name": "Weiter Pfeffer", "count": 1}]}, {"group": "oak", "stats": {"count": 9, "score": 394, "mentions_count": 4}, "primary_keywords": [{"id": 292, "name": "Eiche", "count": 2}, {"id": 70, "name": "Butter", "count": 2}], "secondary_keywords": [{"id": 6, "name": "Mandel", "count": 6}]}, {"group": "red_fruit", "stats": {"count": 3, "score": 300, "mentions_count": 3}, "primary_keywords": [{"id": 400, "name": "Erdbeere", "count": 2}, {"id": 93, "name": "Kirsche", "count": 1}]}, {"group": "dried_fruit", "stats": {"count": 1, "score": 91, "mentions_count": 1}, "primary_keywords": [{"id": 163, "name": "Feige", "count": 1}]}]}, "vivino_id": "1135872"}