{"vintage": {"id": 4848814, "seo_name": "weingut-sonnenhof-grauer-burgunder-spatlese-trocken-uv", "name": "Weingut Sonnenhof Grauer Burgunder Sp\u00e4tlese Trocken", "statistics": {"status": "Normal", "ratings_count": 24, "ratings_average": 4, "labels_count": 0, "reviews_count": 0}, "organic_certification_id": null, "certified_biodynamic": null, "image": {"location": "//images.vivino.com/labels/DrzQNDnSRjWiYBHyoRd4AQ.jpg", "variations": {"large": "//images.vivino.com/thumbs/DrzQNDnSRjWiYBHyoRd4AQ_375x500.jpg", "medium": "//images.vivino.com/thumbs/DrzQNDnSRjWiYBHyoRd4AQ_150x200.jpg", "medium_square": "//images.vivino.com/thumbs/DrzQNDnSRjWiYBHyoRd4AQ_150x150.jpg", "small_square": "//images.vivino.com/thumbs/DrzQNDnSRjWiYBHyoRd4AQ_80x80.jpg"}}, "wine": {"id": 1720602, "name": "Grauer Burgunder Sp\u00e4tlese Trocken", "seo_name": "grauer-burgunder-spatlese-trocken", "type_id": 2, "vintage_type": 0, "is_natural": false, "region": {"id": 924, "name": "Baden", "name_en": "", "seo_name": "baden", "country": {"code": "de", "name": "Germany", "native_name": "Deutschland", "seo_name": "germany", "currency": {"code": "EUR", "name": "Euros", "prefix": "\u20ac", "suffix": null}, "regions_count": 210, "users_count": 2175366, "wines_count": 199914, "wineries_count": 13512, "most_used_grapes": [{"id": 15, "name": "Riesling", "seo_name": "riesling", "has_detailed_info": true, "wines_count": 262136}, {"id": 299, "name": "Sp\u00e4tburgunder", "seo_name": "spatburgunder", "has_detailed_info": false, "wines_count": 50164}, {"id": 355, "name": "Weissburgunder", "seo_name": "weissburgunder", "has_detailed_info": false, "wines_count": 33464}]}, "parent_id": null, "background_image": {"location": "//images.vivino.com/regions/backgrounds/shbhdzJqQ9u1iSyDKAlKfQ.jpg", "variations": {"large": "//thumbs.vivino.com/region_backgrounds/shbhdzJqQ9u1iSyDKAlKfQ_1280x760.jpg", "medium": "//thumbs.vivino.com/region_backgrounds/shbhdzJqQ9u1iSyDKAlKfQ_600x356.jpg"}}, "class": {"typecast_map": {"background_image": {}, "class": {}}}, "statistics": {"wineries_count": 1099, "wines_count": 14483, "sub_regions_count": 30, "parent_regions_count": 0}}, "review_status": 2, "winery": {"id": 249190, "name": "Weingut Sonnenhof", "seo_name": "weingut-sonnenhof", "status": 0, "review_status": "Completed", "background_image": null, "statistics": {"ratings_count": 1204, "ratings_average": 3.7, "labels_count": 6026, "wines_count": 30}, "region": {"id": 924, "name": "Baden", "name_en": "", "seo_name": "baden", "country": {"code": "de", "name": "Germany", "native_name": "Deutschland", "seo_name": "germany", "currency": {"code": "EUR", "name": "Euros", "prefix": "\u20ac", "suffix": null}, "regions_count": 210, "users_count": 2175366, "wines_count": 199914, "wineries_count": 13512, "most_used_grapes": [{"id": 15, "name": "Riesling", "seo_name": "riesling", "has_detailed_info": true, "wines_count": 262136}, {"id": 299, "name": "Sp\u00e4tburgunder", "seo_name": "spatburgunder", "has_detailed_info": false, "wines_count": 50164}, {"id": 355, "name": "Weissburgunder", "seo_name": "weissburgunder", "has_detailed_info": false, "wines_count": 33464}]}, "parent_id": null, "background_image": {"location": "//images.vivino.com/regions/backgrounds/shbhdzJqQ9u1iSyDKAlKfQ.jpg", "variations": {"large": "//thumbs.vivino.com/region_backgrounds/shbhdzJqQ9u1iSyDKAlKfQ_1280x760.jpg", "medium": "//thumbs.vivino.com/region_backgrounds/shbhdzJqQ9u1iSyDKAlKfQ_600x356.jpg"}}, "class": {"typecast_map": {"background_image": {}, "class": {}}}, "statistics": {"wineries_count": 1099, "wines_count": 14483, "sub_regions_count": 30, "parent_regions_count": 0}}, "business_name": "Weingut Sonnenhof Michael Mattm\u00fcller", "description": "", "specialists_notes": "", "phone": "", "email": "", "facebook": "", "instagram": "", "is_claimed": false, "twitter": "", "website": "http://www.sonnenhofwein.de/", "winemaker": null, "wine_maker": null, "address": {"title": null, "name": null, "street": null, "street2": null, "neighborhood": null, "city": null, "zip": null, "state": null, "country": {"code": "de", "name": "Germany", "native_name": "Deutschland", "seo_name": "germany", "currency": {"code": "EUR", "name": "Euros", "prefix": "\u20ac", "suffix": null}, "regions_count": 210, "users_count": 2175366, "wines_count": 199914, "wineries_count": 13512, "most_used_grapes": [{"id": 15, "name": "Riesling", "seo_name": "riesling", "has_detailed_info": true, "wines_count": 262136}, {"id": 299, "name": "Sp\u00e4tburgunder", "seo_name": "spatburgunder", "has_detailed_info": false, "wines_count": 50164}, {"id": 355, "name": "Weissburgunder", "seo_name": "weissburgunder", "has_detailed_info": false, "wines_count": 33464}]}, "company": null, "phone": null, "external_id": null, "residential": null, "vat_number": null, "vat_code": null, "addition": null}, "image": null, "location": null, "winery_group": null, "first_wines": [], "sponsored_entity_type": null, "sponsored_entity": null}, "statistics": {"status": "Normal", "ratings_count": 24, "ratings_average": 4, "labels_count": 83, "vintages_count": 11}, "rank": {"country": {"description": "Rank within Germany", "total": 117615, "rank": 17606}, "region": {"description": "Rank within Wine Region", "total": 12697, "rank": 1878}, "winery": {"description": "Rank within Winery", "total": 28, "rank": 7}, "wine_type": {"description": "Rank within all White Wine", "total": 398743, "rank": 113561}, "global": {"description": "Global Rank", "total": 1302036, "rank": 403293}}, "hidden": false, "vintages": [{"id": 165033476, "seo_name": "weingut-sonnenhof-grauer-burgunder-spatlese-trocken-2019", "name": "Weingut Sonnenhof Grauer Burgunder Sp\u00e4tlese Trocken 2019", "statistics": {"status": "BelowThreshold", "ratings_count": 2, "ratings_average": 0, "labels_count": 14, "reviews_count": 2}, "year": 2019, "grapes": null, "has_valid_ratings": false}, {"id": 160543106, "seo_name": "weingut-sonnenhof-grauer-burgunder-spatlese-trocken-2018", "name": "Weingut Sonnenhof Grauer Burgunder Sp\u00e4tlese Trocken 2018", "statistics": {"status": "BelowThreshold", "ratings_count": 5, "ratings_average": 0, "labels_count": 16, "reviews_count": 5}, "year": 2018, "grapes": null, "has_valid_ratings": false}, {"id": 157086980, "seo_name": "weingut-sonnenhof-grauer-burgunder-spatlese-trocken-2017", "name": "Weingut Sonnenhof Grauer Burgunder Sp\u00e4tlese Trocken 2017", "statistics": {"status": "BelowThreshold", "ratings_count": 4, "ratings_average": 0, "labels_count": 15, "reviews_count": 2}, "year": 2017, "grapes": null, "has_valid_ratings": false}, {"id": 154824552, "seo_name": "weingut-sonnenhof-grauer-burgunder-spatlese-trocken-2016", "name": "Weingut Sonnenhof Grauer Burgunder Sp\u00e4tlese Trocken 2016", "statistics": {"status": "BelowThreshold", "ratings_count": 2, "ratings_average": 0, "labels_count": 13, "reviews_count": 0}, "year": 2016, "grapes": null, "has_valid_ratings": false}, {"id": 147508617, "seo_name": "weingut-sonnenhof-grauer-burgunder-spatlese-trocken-2015", "name": "Weingut Sonnenhof Grauer Burgunder Sp\u00e4tlese Trocken 2015", "statistics": {"status": "BelowThreshold", "ratings_count": 3, "ratings_average": 0, "labels_count": 6, "reviews_count": 3}, "year": 2015, "grapes": null, "has_valid_ratings": false}, {"id": 143154880, "seo_name": "weingut-sonnenhof-grauer-burgunder-spatlese-trocken-2014", "name": "Weingut Sonnenhof Grauer Burgunder Sp\u00e4tlese Trocken 2014", "statistics": {"status": "BelowThreshold", "ratings_count": 6, "ratings_average": 0, "labels_count": 13, "reviews_count": 3}, "year": 2014, "grapes": null, "has_valid_ratings": false}, {"id": 2729565, "seo_name": "weingut-sonnenhof-grauer-burgunder-spatlese-trocken-2011", "name": "Weingut Sonnenhof Grauer Burgunder Sp\u00e4tlese Trocken 2011", "statistics": {"status": "BelowThreshold", "ratings_count": 1, "ratings_average": 0, "labels_count": 2, "reviews_count": 1}, "year": 2011, "grapes": null, "has_valid_ratings": false}, {"id": 4848814, "seo_name": "weingut-sonnenhof-grauer-burgunder-spatlese-trocken-uv", "name": "Weingut Sonnenhof Grauer Burgunder Sp\u00e4tlese Trocken", "statistics": {"status": "Normal", "ratings_count": 24, "ratings_average": 4, "labels_count": 0, "reviews_count": 0}, "year": 0, "grapes": null, "has_valid_ratings": true}], "description": "", "grapes": [{"id": 147, "name": "Grauburgunder", "seo_name": "grauburgunder", "has_detailed_info": false, "wines_count": 24557}], "foods": [{"id": 10, "name": "Pork", "background_image": {"location": "//images.vivino.com/backgrounds/foods/10_pork.png", "variations": {"small": "//images.vivino.com/backgrounds/foods/thumbs/10_pork_932x810.png"}}, "seo_name": "pork"}, {"id": 15, "name": "Spicy food", "background_image": {"location": "//images.vivino.com/backgrounds/foods/15_spicyfood.png", "variations": {"small": "//images.vivino.com/backgrounds/foods/thumbs/15_spicyfood_932x810.png"}}, "seo_name": "spicy-food"}, {"id": 34, "name": "Mushrooms", "background_image": {"location": "//images.vivino.com/backgrounds/foods/34_mushrooms.png", "variations": {"small": "//images.vivino.com/backgrounds/foods/thumbs/34_mushrooms_932x810.png"}}, "seo_name": null}, {"id": 41, "name": "Cured Meat", "background_image": {"location": "//images.vivino.com/backgrounds/foods/41_curedmeat.png", "variations": {"small": "//images.vivino.com/backgrounds/foods/thumbs/41_curedmeat_932x810.png"}}, "seo_name": null}], "non_vintage": false, "alcohol": 0, "sweetness_id": null, "closure": null, "vintage_mask_raw": null, "updated_at": "2019-04-11T08:38:43Z", "created_at": "2013-07-16T05:03:01Z", "is_first_wine": false, "style": {"id": 148, "seo_name": "german-grauburgunder", "regional_name": "German", "varietal_name": "Grauburgunder", "name": "German Grauburgunder", "image": null, "background_image": null, "description": null, "blurb": "Also known as Pinot Gris", "interesting_facts": null, "body": 3, "body_description": "Medium-bodied", "acidity": 3, "acidity_description": "High", "country": {"code": "de", "name": "Germany", "native_name": "Deutschland", "seo_name": "germany", "currency": {"code": "EUR", "name": "Euros", "prefix": "\u20ac", "suffix": null}, "regions_count": 210, "users_count": 2175366, "wines_count": 199914, "wineries_count": 13512, "most_used_grapes": [{"id": 15, "name": "Riesling", "seo_name": "riesling", "has_detailed_info": true, "wines_count": 262136}, {"id": 299, "name": "Sp\u00e4tburgunder", "seo_name": "spatburgunder", "has_detailed_info": false, "wines_count": 50164}, {"id": 355, "name": "Weissburgunder", "seo_name": "weissburgunder", "has_detailed_info": false, "wines_count": 33464}]}, "wine_type_id": 2, "food": [{"id": 10, "name": "Pork", "background_image": {"location": "//images.vivino.com/backgrounds/foods/10_pork.png", "variations": {"small": "//images.vivino.com/backgrounds/foods/thumbs/10_pork_932x810.png"}}, "seo_name": "pork"}, {"id": 15, "name": "Spicy food", "background_image": {"location": "//images.vivino.com/backgrounds/foods/15_spicyfood.png", "variations": {"small": "//images.vivino.com/backgrounds/foods/thumbs/15_spicyfood_932x810.png"}}, "seo_name": "spicy-food"}, {"id": 34, "name": "Mushrooms", "background_image": {"location": "//images.vivino.com/backgrounds/foods/34_mushrooms.png", "variations": {"small": "//images.vivino.com/backgrounds/foods/thumbs/34_mushrooms_932x810.png"}}, "seo_name": null}, {"id": 41, "name": "Cured Meat", "background_image": {"location": "//images.vivino.com/backgrounds/foods/41_curedmeat.png", "variations": {"small": "//images.vivino.com/backgrounds/foods/thumbs/41_curedmeat_932x810.png"}}, "seo_name": null}], "grapes": [{"id": 13, "name": "Pinot Gris", "seo_name": "pinot-gris", "has_detailed_info": true, "wines_count": 72677}], "region": null}, "has_valid_ratings": true}, "description": "", "wine_critic_reviews": [], "awards": [], "ratings_distribution": {"1": 0, "2": 0, "3": 7, "4": 13, "5": 4}, "ranking": {"country": {"description": "Rank within Germany", "total": 614799, "rank": 45810}, "region": {"description": "Rank within Wine Region", "total": 69229, "rank": 3998}, "winery": {"description": "Rank within Winery", "total": 138, "rank": 12}, "global": {"description": "Global Rank", "total": 8944547, "rank": 1276378}}, "wine_facts": {}, "winemaker": null, "wine_maker": null, "grape_composition": {}, "year": "", "grapes": null, "has_valid_ratings": true}, "carts": null, "full_region": null, "tastes": null, "wine": {"id": 1720602, "name": "Grauer Burgunder Sp\u00e4tlese Trocken", "seo_name": "grauer-burgunder-spatlese-trocken", "type_id": 2, "vintage_type": 0, "is_natural": false, "region": {"id": 924, "name": "Baden", "name_en": "", "seo_name": "baden", "country": {"code": "de", "name": "Germany", "native_name": "Deutschland", "seo_name": "germany", "currency": {"code": "EUR", "name": "Euros", "prefix": "\u20ac", "suffix": null}, "regions_count": 210, "users_count": 2175366, "wines_count": 199914, "wineries_count": 13512, "most_used_grapes": [{"id": 15, "name": "Riesling", "seo_name": "riesling", "has_detailed_info": true, "wines_count": 262136}, {"id": 299, "name": "Sp\u00e4tburgunder", "seo_name": "spatburgunder", "has_detailed_info": false, "wines_count": 50164}, {"id": 355, "name": "Weissburgunder", "seo_name": "weissburgunder", "has_detailed_info": false, "wines_count": 33464}]}, "parent_id": null, "background_image": {"location": "//images.vivino.com/regions/backgrounds/shbhdzJqQ9u1iSyDKAlKfQ.jpg", "variations": {"large": "//thumbs.vivino.com/region_backgrounds/shbhdzJqQ9u1iSyDKAlKfQ_1280x760.jpg", "medium": "//thumbs.vivino.com/region_backgrounds/shbhdzJqQ9u1iSyDKAlKfQ_600x356.jpg"}}, "class": {"typecast_map": {"background_image": {}, "class": {}}}, "statistics": {"wineries_count": 1099, "wines_count": 14483, "sub_regions_count": 30, "parent_regions_count": 0}}, "review_status": 2, "winery": {"id": 249190, "name": "Weingut Sonnenhof", "seo_name": "weingut-sonnenhof", "status": 0, "review_status": "Completed", "background_image": null, "statistics": {"ratings_count": 1204, "ratings_average": 3.7, "labels_count": 6026, "wines_count": 30}, "region": {"id": 924, "name": "Baden", "name_en": "", "seo_name": "baden", "country": {"code": "de", "name": "Germany", "native_name": "Deutschland", "seo_name": "germany", "currency": {"code": "EUR", "name": "Euros", "prefix": "\u20ac", "suffix": null}, "regions_count": 210, "users_count": 2175366, "wines_count": 199914, "wineries_count": 13512, "most_used_grapes": [{"id": 15, "name": "Riesling", "seo_name": "riesling", "has_detailed_info": true, "wines_count": 262136}, {"id": 299, "name": "Sp\u00e4tburgunder", "seo_name": "spatburgunder", "has_detailed_info": false, "wines_count": 50164}, {"id": 355, "name": "Weissburgunder", "seo_name": "weissburgunder", "has_detailed_info": false, "wines_count": 33464}]}, "parent_id": null, "background_image": {"location": "//images.vivino.com/regions/backgrounds/shbhdzJqQ9u1iSyDKAlKfQ.jpg", "variations": {"large": "//thumbs.vivino.com/region_backgrounds/shbhdzJqQ9u1iSyDKAlKfQ_1280x760.jpg", "medium": "//thumbs.vivino.com/region_backgrounds/shbhdzJqQ9u1iSyDKAlKfQ_600x356.jpg"}}, "class": {"typecast_map": {"background_image": {}, "class": {}}}, "statistics": {"wineries_count": 1099, "wines_count": 14483, "sub_regions_count": 30, "parent_regions_count": 0}}}, "image": {"location": "//images.vivino.com/labels/DrzQNDnSRjWiYBHyoRd4AQ.jpg", "variations": {"large": "//images.vivino.com/thumbs/DrzQNDnSRjWiYBHyoRd4AQ_375x500.jpg", "medium": "//images.vivino.com/thumbs/DrzQNDnSRjWiYBHyoRd4AQ_150x200.jpg", "medium_square": "//images.vivino.com/thumbs/DrzQNDnSRjWiYBHyoRd4AQ_150x150.jpg", "small_square": "//images.vivino.com/thumbs/DrzQNDnSRjWiYBHyoRd4AQ_80x80.jpg"}}, "statistics": {"status": "Normal", "ratings_count": 24, "ratings_average": 4, "labels_count": 83, "vintages_count": 11}, "rank": null, "hidden": false, "vintages": [{"id": 168919276, "seo_name": "weingut-sonnenhof-grauer-burgunder-spatlese-trocken-2020", "name": "Weingut Sonnenhof Grauer Burgunder Sp\u00e4tlese Trocken 2020", "statistics": {"status": "BelowThreshold", "ratings_count": 0, "ratings_average": 0, "labels_count": 0, "reviews_count": 0}, "year": 2020, "grapes": null, "has_valid_ratings": false}, {"id": 165033476, "seo_name": "weingut-sonnenhof-grauer-burgunder-spatlese-trocken-2019", "name": "Weingut Sonnenhof Grauer Burgunder Sp\u00e4tlese Trocken 2019", "statistics": {"status": "BelowThreshold", "ratings_count": 2, "ratings_average": 0, "labels_count": 14, "reviews_count": 2}, "year": 2019, "grapes": null, "has_valid_ratings": false}, {"id": 160543106, "seo_name": "weingut-sonnenhof-grauer-burgunder-spatlese-trocken-2018", "name": "Weingut Sonnenhof Grauer Burgunder Sp\u00e4tlese Trocken 2018", "statistics": {"status": "BelowThreshold", "ratings_count": 5, "ratings_average": 0, "labels_count": 16, "reviews_count": 5}, "year": 2018, "grapes": null, "has_valid_ratings": false}, {"id": 157086980, "seo_name": "weingut-sonnenhof-grauer-burgunder-spatlese-trocken-2017", "name": "Weingut Sonnenhof Grauer Burgunder Sp\u00e4tlese Trocken 2017", "statistics": {"status": "BelowThreshold", "ratings_count": 4, "ratings_average": 0, "labels_count": 15, "reviews_count": 2}, "year": 2017, "grapes": null, "has_valid_ratings": false}, {"id": 154824552, "seo_name": "weingut-sonnenhof-grauer-burgunder-spatlese-trocken-2016", "name": "Weingut Sonnenhof Grauer Burgunder Sp\u00e4tlese Trocken 2016", "statistics": {"status": "BelowThreshold", "ratings_count": 2, "ratings_average": 0, "labels_count": 13, "reviews_count": 0}, "year": 2016, "grapes": null, "has_valid_ratings": false}, {"id": 147508617, "seo_name": "weingut-sonnenhof-grauer-burgunder-spatlese-trocken-2015", "name": "Weingut Sonnenhof Grauer Burgunder Sp\u00e4tlese Trocken 2015", "statistics": {"status": "BelowThreshold", "ratings_count": 3, "ratings_average": 0, "labels_count": 6, "reviews_count": 3}, "year": 2015, "grapes": null, "has_valid_ratings": false}, {"id": 143154880, "seo_name": "weingut-sonnenhof-grauer-burgunder-spatlese-trocken-2014", "name": "Weingut Sonnenhof Grauer Burgunder Sp\u00e4tlese Trocken 2014", "statistics": {"status": "BelowThreshold", "ratings_count": 6, "ratings_average": 0, "labels_count": 13, "reviews_count": 3}, "year": 2014, "grapes": null, "has_valid_ratings": false}, {"id": 18356609, "seo_name": "weingut-sonnenhof-grauer-burgunder-spatlese-trocken-2013", "name": "Weingut Sonnenhof Grauer Burgunder Sp\u00e4tlese Trocken 2013", "statistics": {"status": "BelowThreshold", "ratings_count": 0, "ratings_average": 0, "labels_count": 2, "reviews_count": 0}, "year": 2013, "grapes": null, "has_valid_ratings": false}, {"id": 11283312, "seo_name": "weingut-sonnenhof-grauer-burgunder-spatlese-trocken-2012", "name": "Weingut Sonnenhof Grauer Burgunder Sp\u00e4tlese Trocken 2012", "statistics": {"status": "BelowThreshold", "ratings_count": 0, "ratings_average": 0, "labels_count": 1, "reviews_count": 0}, "year": 2012, "grapes": null, "has_valid_ratings": false}, {"id": 2729565, "seo_name": "weingut-sonnenhof-grauer-burgunder-spatlese-trocken-2011", "name": "Weingut Sonnenhof Grauer Burgunder Sp\u00e4tlese Trocken 2011", "statistics": {"status": "BelowThreshold", "ratings_count": 1, "ratings_average": 0, "labels_count": 2, "reviews_count": 1}, "year": 2011, "grapes": null, "has_valid_ratings": false}, {"id": 168077810, "seo_name": "weingut-sonnenhof-grauer-burgunder-spatlese-trocken-2004", "name": "Weingut Sonnenhof Grauer Burgunder Sp\u00e4tlese Trocken 2004", "statistics": {"status": "BelowThreshold", "ratings_count": 0, "ratings_average": 0, "labels_count": 1, "reviews_count": 0}, "year": 2004, "grapes": null, "has_valid_ratings": false}, {"id": 4848814, "seo_name": "weingut-sonnenhof-grauer-burgunder-spatlese-trocken-uv", "name": "Weingut Sonnenhof Grauer Burgunder Sp\u00e4tlese Trocken", "statistics": {"status": "Normal", "ratings_count": 24, "ratings_average": 4, "labels_count": 0, "reviews_count": 0}, "year": 0, "grapes": null, "has_valid_ratings": true}], "description": "", "grapes": [{"id": 147, "name": "Grauburgunder", "seo_name": "grauburgunder", "has_detailed_info": false, "wines_count": 24557}], "foods": [{"id": 10, "name": "Pork", "background_image": {"location": "//images.vivino.com/backgrounds/foods/10_pork.png", "variations": {"small": "//images.vivino.com/backgrounds/foods/thumbs/10_pork_932x810.png"}}, "seo_name": "pork"}, {"id": 15, "name": "Spicy food", "background_image": {"location": "//images.vivino.com/backgrounds/foods/15_spicyfood.png", "variations": {"small": "//images.vivino.com/backgrounds/foods/thumbs/15_spicyfood_932x810.png"}}, "seo_name": "spicy-food"}, {"id": 34, "name": "Mushrooms", "background_image": {"location": "//images.vivino.com/backgrounds/foods/34_mushrooms.png", "variations": {"small": "//images.vivino.com/backgrounds/foods/thumbs/34_mushrooms_932x810.png"}}, "seo_name": null}, {"id": 41, "name": "Cured Meat", "background_image": {"location": "//images.vivino.com/backgrounds/foods/41_curedmeat.png", "variations": {"small": "//images.vivino.com/backgrounds/foods/thumbs/41_curedmeat_932x810.png"}}, "seo_name": null}], "non_vintage": false, "alcohol": 0, "sweetness_id": null, "closure": null, "vintage_mask_raw": null, "updated_at": "2019-04-11T08:38:43Z", "created_at": "2013-07-16T05:03:01Z", "is_first_wine": false, "style": {"id": 148, "seo_name": "german-grauburgunder", "regional_name": "German", "varietal_name": "Grauburgunder", "name": "German Grauburgunder", "image": null, "background_image": null, "description": null, "blurb": "Also known as Pinot Gris", "interesting_facts": null, "body": 3, "body_description": "Medium-bodied", "acidity": 3, "acidity_description": "High", "country": {"code": "de", "name": "Germany", "native_name": "Deutschland", "seo_name": "germany", "currency": {"code": "EUR", "name": "Euros", "prefix": "\u20ac", "suffix": null}, "regions_count": 210, "users_count": 2175366, "wines_count": 199914, "wineries_count": 13512, "most_used_grapes": [{"id": 15, "name": "Riesling", "seo_name": "riesling", "has_detailed_info": true, "wines_count": 262136}, {"id": 299, "name": "Sp\u00e4tburgunder", "seo_name": "spatburgunder", "has_detailed_info": false, "wines_count": 50164}, {"id": 355, "name": "Weissburgunder", "seo_name": "weissburgunder", "has_detailed_info": false, "wines_count": 33464}]}, "wine_type_id": 2, "food": [{"id": 10, "name": "Pork", "background_image": {"location": "//images.vivino.com/backgrounds/foods/10_pork.png", "variations": {"small": "//images.vivino.com/backgrounds/foods/thumbs/10_pork_932x810.png"}}, "seo_name": "pork"}, {"id": 15, "name": "Spicy food", "background_image": {"location": "//images.vivino.com/backgrounds/foods/15_spicyfood.png", "variations": {"small": "//images.vivino.com/backgrounds/foods/thumbs/15_spicyfood_932x810.png"}}, "seo_name": "spicy-food"}, {"id": 34, "name": "Mushrooms", "background_image": {"location": "//images.vivino.com/backgrounds/foods/34_mushrooms.png", "variations": {"small": "//images.vivino.com/backgrounds/foods/thumbs/34_mushrooms_932x810.png"}}, "seo_name": null}, {"id": 41, "name": "Cured Meat", "background_image": {"location": "//images.vivino.com/backgrounds/foods/41_curedmeat.png", "variations": {"small": "//images.vivino.com/backgrounds/foods/thumbs/41_curedmeat_932x810.png"}}, "seo_name": null}], "grapes": [{"id": 13, "name": "Pinot Gris", "seo_name": "pinot-gris", "has_detailed_info": true, "wines_count": 72677}], "region": null}, "has_valid_ratings": true}, "highlights": [], "recommended_vintages": [], "prices_and_availabilities": [], "price_range": {"currency": {"code": "EUR", "name": "Euros", "prefix": "\u20ac", "suffix": null}, "price_range": {"minimum": 0, "maximum": 500, "currency_code": "EUR"}, "defaults": {"minimum": 7, "maximum": 30, "currency_code": "EUR"}}, "subtotal_price": null}