{"tastes": {"structure": {"acidity": 3.88887, "fizziness": null, "intensity": 2.877958, "sweetness": 2.1989396, "tannin": null, "user_structure_count": 77, "calculated_structure_count": 178}, "flavor": [{"group": "tree_fruit", "stats": {"count": 89, "score": 12700, "mentions_count": 127}, "primary_keywords": [{"id": 9, "name": "Apfel", "count": 37}, {"id": 315, "name": "Birne", "count": 35}, {"id": 310, "name": "Pfirsich", "count": 17}, {"id": 271, "name": "Melone", "count": 11}, {"id": 195, "name": "Gr\u00fcner Apfel", "count": 9}, {"id": 11, "name": "Aprikose", "count": 6}, {"id": 469, "name": "Steinfrucht", "count": 6}, {"id": 458, "name": "Gelber Apfel", "count": 3}, {"id": 288, "name": "Nektarine", "count": 2}, {"id": 448, "name": "Wei\u00dfer Pfirsich", "count": 1}]}, {"group": "citrus_fruit", "stats": {"count": 76, "score": 9800, "mentions_count": 98}, "primary_keywords": [{"id": 106, "name": "Zitrone", "count": 47}, {"id": 243, "name": "Zitrone", "count": 30}, {"id": 190, "name": "Grapefruit", "count": 8}, {"id": 252, "name": "Limette", "count": 7}, {"id": 298, "name": "Orange", "count": 2}, {"id": 248, "name": "Zitronenw\u00fcrze", "count": 2}, {"id": 109, "name": "Zitrusw\u00fcrze", "count": 1}, {"id": 260, "name": "Mandarine", "count": 1}]}, {"group": "earth", "stats": {"count": 57, "score": 5390, "mentions_count": 49}, "primary_keywords": [{"id": 276, "name": "Mineralien", "count": 16}, {"id": 398, "name": "Stein", "count": 14}, {"id": 218, "name": "Honig", "count": 12}, {"id": 181, "name": "Ingwer", "count": 2}, {"id": 156, "name": "Erdig", "count": 2}, {"id": 284, "name": "Champignon", "count": 1}, {"id": 85, "name": "Kreide", "count": 1}, {"id": 377, "name": "Salz", "count": 1}], "secondary_keywords": [{"id": 6, "name": "Mandel", "count": 25}, {"id": 381, "name": "Bohnenkraut", "count": 4}]}, {"group": "non_oak", "stats": {"count": 30, "score": 1595, "mentions_count": 28}, "primary_keywords": [{"id": 6, "name": "Mandel", "count": 25}, {"id": 438, "name": "Walnuss", "count": 1}, {"id": 291, "name": "Nussig", "count": 1}, {"id": 35, "name": "Keks", "count": 1}], "secondary_keywords": [{"id": 434, "name": "Vanille", "count": 5}]}, {"group": "vegetal", "stats": {"count": 41, "score": 2050, "mentions_count": 17}, "primary_keywords": [{"id": 399, "name": "Stroh", "count": 12}, {"id": 193, "name": "Gras", "count": 2}, {"id": 185, "name": "Stachelbeere", "count": 2}, {"id": 425, "name": "Tomate", "count": 1}], "secondary_keywords": [{"id": 6, "name": "Mandel", "count": 25}, {"id": 381, "name": "Bohnenkraut", "count": 4}]}, {"group": "oak", "stats": {"count": 32, "score": 1644, "mentions_count": 17}, "primary_keywords": [{"id": 70, "name": "Butter", "count": 7}, {"id": 434, "name": "Vanille", "count": 5}, {"id": 292, "name": "Eiche", "count": 5}], "secondary_keywords": [{"id": 6, "name": "Mandel", "count": 25}]}, {"group": "tropical_fruit", "stats": {"count": 11, "score": 1100, "mentions_count": 11}, "primary_keywords": [{"id": 329, "name": "Ananas", "count": 6}, {"id": 428, "name": "Tropisch", "count": 2}, {"id": 237, "name": "Kiwi", "count": 1}, {"id": 256, "name": "Litschi", "count": 1}, {"id": 306, "name": "Passionsfrucht", "count": 1}]}, {"group": "microbio", "stats": {"count": 38, "score": 1431, "mentions_count": 9}, "primary_keywords": [{"id": 91, "name": "K\u00e4se", "count": 4}, {"id": 123, "name": "Creme", "count": 4}, {"id": 457, "name": "Hefe", "count": 1}], "secondary_keywords": [{"id": 6, "name": "Mandel", "count": 25}, {"id": 70, "name": "Butter", "count": 7}, {"id": 284, "name": "Champignon", "count": 1}]}, {"group": "floral", "stats": {"count": 10, "score": 700, "mentions_count": 6}, "primary_keywords": [{"id": 230, "name": "Jasmin", "count": 2}, {"id": 180, "name": "Geranie", "count": 1}, {"id": 157, "name": "Holunderbl\u00fcte", "count": 1}, {"id": 221, "name": "Gei\u00dfblatt", "count": 1}, {"id": 250, "name": "Flieder", "count": 1}], "secondary_keywords": [{"id": 381, "name": "Bohnenkraut", "count": 4}]}, {"group": "spices", "stats": {"count": 11, "score": 290, "mentions_count": 5}, "primary_keywords": [{"id": 381, "name": "Bohnenkraut", "count": 4}, {"id": 277, "name": "Minze", "count": 1}], "secondary_keywords": [{"id": 434, "name": "Vanille", "count": 5}, {"id": 181, "name": "Ingwer", "count": 2}]}]}, "vivino_id": "1693627"}