{"vintage": {"id": 1580545, "seo_name": "jacques-noir-saint-emilion-uv", "name": "Ch\u00e2teau Jacques Noir Saint-\u00c9milion", "statistics": {"status": "Normal", "ratings_count": 1050, "ratings_average": 3.7, "labels_count": 41, "reviews_count": 2}, "organic_certification_id": null, "certified_biodynamic": null, "image": {"location": "//images.vivino.com/thumbs/A--IfVCUQpmv3gj0G1h2DQ_pl_480x640.png", "variations": {"bottle_large": "//images.vivino.com/thumbs/A--IfVCUQpmv3gj0G1h2DQ_pb_x960.png", "bottle_medium": "//images.vivino.com/thumbs/A--IfVCUQpmv3gj0G1h2DQ_pb_x600.png", "bottle_medium_square": "//images.vivino.com/thumbs/A--IfVCUQpmv3gj0G1h2DQ_pb_600x600.png", "bottle_small": "//images.vivino.com/thumbs/A--IfVCUQpmv3gj0G1h2DQ_pb_x300.png", "bottle_small_square": "//images.vivino.com/thumbs/A--IfVCUQpmv3gj0G1h2DQ_pb_300x300.png", "label": "//images.vivino.com/thumbs/A--IfVCUQpmv3gj0G1h2DQ_pl_480x640.png", "label_large": "//images.vivino.com/thumbs/A--IfVCUQpmv3gj0G1h2DQ_pl_375x500.png", "label_medium": "//images.vivino.com/thumbs/A--IfVCUQpmv3gj0G1h2DQ_pl_150x200.png", "label_medium_square": "//images.vivino.com/thumbs/A--IfVCUQpmv3gj0G1h2DQ_pl_150x150.png", "label_small_square": "//images.vivino.com/thumbs/A--IfVCUQpmv3gj0G1h2DQ_pl_80x80.png", "large": "//images.vivino.com/thumbs/A--IfVCUQpmv3gj0G1h2DQ_pl_375x500.png", "medium": "//images.vivino.com/thumbs/A--IfVCUQpmv3gj0G1h2DQ_pl_150x200.png", "medium_square": "//images.vivino.com/thumbs/A--IfVCUQpmv3gj0G1h2DQ_pl_150x150.png", "small_square": "//images.vivino.com/thumbs/A--IfVCUQpmv3gj0G1h2DQ_pl_80x80.png"}}, "wine": {"id": 1153606, "name": "Saint-\u00c9milion", "seo_name": "saint-emilion", "type_id": 1, "vintage_type": 0, "is_natural": false, "region": {"id": 436, "name": "Saint-\u00c9milion", "name_en": "", "seo_name": "saint-emilion", "country": {"code": "fr", "name": "France", "native_name": "France", "seo_name": "france", "currency": {"code": "EUR", "name": "Euros", "prefix": "\u20ac", "suffix": null}, "regions_count": 1292, "users_count": 5068363, "wines_count": 542471, "wineries_count": 67002, "most_used_grapes": [{"id": 14, "name": "Pinot Noir", "seo_name": "pinot-noir", "has_detailed_info": true, "wines_count": 572334}, {"id": 10, "name": "Merlot", "seo_name": "merlot", "has_detailed_info": true, "wines_count": 566719}, {"id": 5, "name": "Chardonnay", "seo_name": "chardonnay", "has_detailed_info": true, "wines_count": 604208}]}, "parent_id": 509, "background_image": {"location": "//images.vivino.com/regions/backgrounds/FfzIrdtQS1mdPyifcUFfGQ.jpg", "variations": {"large": "//thumbs.vivino.com/region_backgrounds/FfzIrdtQS1mdPyifcUFfGQ_1280x760.jpg", "medium": "//thumbs.vivino.com/region_backgrounds/FfzIrdtQS1mdPyifcUFfGQ_600x356.jpg"}}, "class": {"typecast_map": {"background_image": {}, "class": {}}}, "statistics": {"wineries_count": 1796, "wines_count": 6391, "sub_regions_count": 5, "parent_regions_count": 2}}, "review_status": 2, "winery": {"id": 81527, "name": "Ch\u00e2teau Jacques Noir", "seo_name": "jacques-noir", "status": 0, "review_status": "Completed", "background_image": null, "statistics": {"ratings_count": 1050, "ratings_average": 3.7, "labels_count": 14946, "wines_count": 1}, "region": {"id": 436, "name": "Saint-\u00c9milion", "name_en": "", "seo_name": "saint-emilion", "country": {"code": "fr", "name": "France", "native_name": "France", "seo_name": "france", "currency": {"code": "EUR", "name": "Euros", "prefix": "\u20ac", "suffix": null}, "regions_count": 1292, "users_count": 5068363, "wines_count": 542471, "wineries_count": 67002, "most_used_grapes": [{"id": 14, "name": "Pinot Noir", "seo_name": "pinot-noir", "has_detailed_info": true, "wines_count": 572334}, {"id": 10, "name": "Merlot", "seo_name": "merlot", "has_detailed_info": true, "wines_count": 566719}, {"id": 5, "name": "Chardonnay", "seo_name": "chardonnay", "has_detailed_info": true, "wines_count": 604208}]}, "parent_id": 509, "background_image": {"location": "//images.vivino.com/regions/backgrounds/FfzIrdtQS1mdPyifcUFfGQ.jpg", "variations": {"large": "//thumbs.vivino.com/region_backgrounds/FfzIrdtQS1mdPyifcUFfGQ_1280x760.jpg", "medium": "//thumbs.vivino.com/region_backgrounds/FfzIrdtQS1mdPyifcUFfGQ_600x356.jpg"}}, "class": {"typecast_map": {"background_image": {}, "class": {}}}, "statistics": {"wineries_count": 1796, "wines_count": 6391, "sub_regions_count": 5, "parent_regions_count": 2}}, "business_name": "Ch\u00e2teau Jacques Noir", "description": "", "specialists_notes": "", "phone": "", "email": "", "facebook": "", "instagram": "", "is_claimed": false, "twitter": "", "website": "http://www.ducourt.com/en/wines_and_brands/chateau-jacques-noir-", "winemaker": "Ducourt", "wine_maker": {"id": 10340, "name": "Ducourt"}, "address": {"title": null, "name": null, "street": null, "street2": null, "neighborhood": null, "city": null, "zip": null, "state": null, "country": {"code": "fr", "name": "France", "native_name": "France", "seo_name": "france", "currency": {"code": "EUR", "name": "Euros", "prefix": "\u20ac", "suffix": null}, "regions_count": 1292, "users_count": 5068363, "wines_count": 542471, "wineries_count": 67002, "most_used_grapes": [{"id": 14, "name": "Pinot Noir", "seo_name": "pinot-noir", "has_detailed_info": true, "wines_count": 572334}, {"id": 10, "name": "Merlot", "seo_name": "merlot", "has_detailed_info": true, "wines_count": 566719}, {"id": 5, "name": "Chardonnay", "seo_name": "chardonnay", "has_detailed_info": true, "wines_count": 604208}]}, "company": null, "phone": null, "external_id": null, "residential": null, "vat_number": null, "vat_code": null, "addition": null}, "image": null, "location": null, "winery_group": {"id": 437, "name": "Ducourt", "website": "http://www.ducourt.com/"}, "first_wines": [], "sponsored_entity_type": null, "sponsored_entity": null}, "statistics": {"status": "Normal", "ratings_count": 1050, "ratings_average": 3.7, "labels_count": 14946, "vintages_count": 52}, "rank": {"country": {"description": "Rank within France", "total": 317725, "rank": 30159}, "region": {"description": "Rank within Wine Region", "total": 3752, "rank": 862}, "winery": {"description": "Rank within Winery", "total": 1, "rank": 1}, "wine_type": {"description": "Rank within all Red Wine", "total": 659137, "rank": 67598}, "global": {"description": "Global Rank", "total": 1302078, "rank": 110664}}, "hidden": false, "vintages": [{"id": 161905891, "seo_name": "jacques-noir-saint-emilion-2019", "name": "Ch\u00e2teau Jacques Noir Saint-\u00c9milion 2019", "statistics": {"status": "BelowThreshold", "ratings_count": 3, "ratings_average": 0, "labels_count": 135, "reviews_count": 0}, "year": 2019, "grapes": null, "has_valid_ratings": false}, {"id": 158384680, "seo_name": "jacques-noir-saint-emilion-2018", "name": "Ch\u00e2teau Jacques Noir Saint-\u00c9milion 2018", "statistics": {"status": "BelowThreshold", "ratings_count": 8, "ratings_average": 0, "labels_count": 209, "reviews_count": 0}, "year": 2018, "grapes": null, "has_valid_ratings": false}, {"id": 153408886, "seo_name": "jacques-noir-saint-emilion-2017", "name": "Ch\u00e2teau Jacques Noir Saint-\u00c9milion 2017", "statistics": {"status": "BelowThreshold", "ratings_count": 4, "ratings_average": 0, "labels_count": 76, "reviews_count": 0}, "year": 2017, "grapes": null, "has_valid_ratings": false}, {"id": 154189507, "seo_name": "jacques-noir-saint-emilion-2016", "name": "Ch\u00e2teau Jacques Noir Saint-\u00c9milion 2016", "statistics": {"status": "Normal", "ratings_count": 117, "ratings_average": 3.9, "labels_count": 2025, "reviews_count": 54}, "year": 2016, "grapes": null, "has_valid_ratings": true}, {"id": 148210012, "seo_name": "jacques-noir-saint-emilion-2015", "name": "Ch\u00e2teau Jacques Noir Saint-\u00c9milion 2015", "statistics": {"status": "Normal", "ratings_count": 161, "ratings_average": 3.8, "labels_count": 2499, "reviews_count": 60}, "year": 2015, "grapes": null, "has_valid_ratings": true}, {"id": 17988748, "seo_name": "jacques-noir-saint-emilion-2014", "name": "Ch\u00e2teau Jacques Noir Saint-\u00c9milion 2014", "statistics": {"status": "Normal", "ratings_count": 119, "ratings_average": 3.7, "labels_count": 2007, "reviews_count": 38}, "year": 2014, "grapes": null, "has_valid_ratings": true}, {"id": 4422584, "seo_name": "jacques-noir-saint-emilion-2012", "name": "Ch\u00e2teau Jacques Noir Saint-\u00c9milion 2012", "statistics": {"status": "Normal", "ratings_count": 114, "ratings_average": 3.7, "labels_count": 2103, "reviews_count": 30}, "year": 2012, "grapes": null, "has_valid_ratings": true}, {"id": 12417650, "seo_name": "jacques-noir-saint-emilion-2011", "name": "Ch\u00e2teau Jacques Noir Saint-\u00c9milion 2011", "statistics": {"status": "Normal", "ratings_count": 126, "ratings_average": 3.4, "labels_count": 1519, "reviews_count": 28}, "year": 2011, "grapes": null, "has_valid_ratings": true}, {"id": 3245626, "seo_name": "jacques-noir-saint-emilion-2010", "name": "Ch\u00e2teau Jacques Noir Saint-\u00c9milion 2010", "statistics": {"status": "Normal", "ratings_count": 99, "ratings_average": 3.5, "labels_count": 1128, "reviews_count": 32}, "year": 2010, "grapes": null, "has_valid_ratings": true}, {"id": 2093557, "seo_name": "jacques-noir-saint-emilion-2009", "name": "Ch\u00e2teau Jacques Noir Saint-\u00c9milion 2009", "statistics": {"status": "Normal", "ratings_count": 91, "ratings_average": 3.8, "labels_count": 889, "reviews_count": 23}, "year": 2009, "grapes": null, "has_valid_ratings": true}, {"id": 1194614, "seo_name": "jacques-noir-saint-emilion-2008", "name": "Ch\u00e2teau Jacques Noir Saint-\u00c9milion 2008", "statistics": {"status": "Normal", "ratings_count": 57, "ratings_average": 3.5, "labels_count": 624, "reviews_count": 18}, "year": 2008, "grapes": null, "has_valid_ratings": true}, {"id": 1556168, "seo_name": "jacques-noir-saint-emilion-2007", "name": "Ch\u00e2teau Jacques Noir Saint-\u00c9milion 2007", "statistics": {"status": "Normal", "ratings_count": 74, "ratings_average": 3.4, "labels_count": 640, "reviews_count": 23}, "year": 2007, "grapes": null, "has_valid_ratings": true}, {"id": 2173184, "seo_name": "jacques-noir-saint-emilion-2006", "name": "Ch\u00e2teau Jacques Noir Saint-\u00c9milion 2006", "statistics": {"status": "Normal", "ratings_count": 22, "ratings_average": 3.8, "labels_count": 241, "reviews_count": 7}, "year": 2006, "grapes": null, "has_valid_ratings": true}, {"id": 1744136, "seo_name": "jacques-noir-saint-emilion-2005", "name": "Ch\u00e2teau Jacques Noir Saint-\u00c9milion 2005", "statistics": {"status": "Normal", "ratings_count": 17, "ratings_average": 3.8, "labels_count": 187, "reviews_count": 8}, "year": 2005, "grapes": null, "has_valid_ratings": true}, {"id": 3406508, "seo_name": "jacques-noir-saint-emilion-2004", "name": "Ch\u00e2teau Jacques Noir Saint-\u00c9milion 2004", "statistics": {"status": "BelowThreshold", "ratings_count": 4, "ratings_average": 0, "labels_count": 73, "reviews_count": 2}, "year": 2004, "grapes": null, "has_valid_ratings": false}, {"id": 4949084, "seo_name": "jacques-noir-saint-emilion-2003", "name": "Ch\u00e2teau Jacques Noir Saint-\u00c9milion 2003", "statistics": {"status": "BelowThreshold", "ratings_count": 2, "ratings_average": 0, "labels_count": 27, "reviews_count": 1}, "year": 2003, "grapes": null, "has_valid_ratings": false}, {"id": 10746016, "seo_name": "jacques-noir-saint-emilion-2001", "name": "Ch\u00e2teau Jacques Noir Saint-\u00c9milion 2001", "statistics": {"status": "BelowThreshold", "ratings_count": 5, "ratings_average": 0, "labels_count": 77, "reviews_count": 1}, "year": 2001, "grapes": null, "has_valid_ratings": false}, {"id": 165798415, "seo_name": "jacques-noir-saint-emilion-1997", "name": "Ch\u00e2teau Jacques Noir Saint-\u00c9milion 1997", "statistics": {"status": "BelowThreshold", "ratings_count": 1, "ratings_average": 0, "labels_count": 1, "reviews_count": 1}, "year": 1997, "grapes": null, "has_valid_ratings": false}, {"id": 14486027, "seo_name": "jacques-noir-saint-emilion-1990", "name": "Ch\u00e2teau Jacques Noir Saint-\u00c9milion 1990", "statistics": {"status": "BelowThreshold", "ratings_count": 1, "ratings_average": 0, "labels_count": 4, "reviews_count": 0}, "year": 1990, "grapes": null, "has_valid_ratings": false}, {"id": 148610457, "seo_name": "jacques-noir-saint-emilion-1987", "name": "Ch\u00e2teau Jacques Noir Saint-\u00c9milion 1987", "statistics": {"status": "BelowThreshold", "ratings_count": 1, "ratings_average": 0, "labels_count": 1, "reviews_count": 0}, "year": 1987, "grapes": null, "has_valid_ratings": false}, {"id": 79157356, "seo_name": "jacques-noir-saint-emilion-1982", "name": "Ch\u00e2teau Jacques Noir Saint-\u00c9milion 1982", "statistics": {"status": "BelowThreshold", "ratings_count": 3, "ratings_average": 0, "labels_count": 16, "reviews_count": 1}, "year": 1982, "grapes": null, "has_valid_ratings": false}, {"id": 9654663, "seo_name": "jacques-noir-saint-emilion-1981", "name": "Ch\u00e2teau Jacques Noir Saint-\u00c9milion 1981", "statistics": {"status": "BelowThreshold", "ratings_count": 1, "ratings_average": 0, "labels_count": 9, "reviews_count": 0}, "year": 1981, "grapes": null, "has_valid_ratings": false}, {"id": 143390919, "seo_name": "jacques-noir-saint-emilion-1980", "name": "Ch\u00e2teau Jacques Noir Saint-\u00c9milion 1980", "statistics": {"status": "BelowThreshold", "ratings_count": 1, "ratings_average": 0, "labels_count": 5, "reviews_count": 0}, "year": 1980, "grapes": null, "has_valid_ratings": false}, {"id": 15346009, "seo_name": "jacques-noir-saint-emilion-1978", "name": "Ch\u00e2teau Jacques Noir Saint-\u00c9milion 1978", "statistics": {"status": "BelowThreshold", "ratings_count": 1, "ratings_average": 0, "labels_count": 5, "reviews_count": 0}, "year": 1978, "grapes": null, "has_valid_ratings": false}, {"id": 22718989, "seo_name": "jacques-noir-saint-emilion-1977", "name": "Ch\u00e2teau Jacques Noir Saint-\u00c9milion 1977", "statistics": {"status": "BelowThreshold", "ratings_count": 1, "ratings_average": 0, "labels_count": 6, "reviews_count": 0}, "year": 1977, "grapes": null, "has_valid_ratings": false}, {"id": 149154593, "seo_name": "jacques-noir-saint-emilion-1975", "name": "Ch\u00e2teau Jacques Noir Saint-\u00c9milion 1975", "statistics": {"status": "BelowThreshold", "ratings_count": 1, "ratings_average": 0, "labels_count": 11, "reviews_count": 0}, "year": 1975, "grapes": null, "has_valid_ratings": false}, {"id": 155075355, "seo_name": "jacques-noir-saint-emilion-1965", "name": "Ch\u00e2teau Jacques Noir Saint-\u00c9milion 1965", "statistics": {"status": "BelowThreshold", "ratings_count": 1, "ratings_average": 0, "labels_count": 1, "reviews_count": 0}, "year": 1965, "grapes": null, "has_valid_ratings": false}, {"id": 1580545, "seo_name": "jacques-noir-saint-emilion-uv", "name": "Ch\u00e2teau Jacques Noir Saint-\u00c9milion", "statistics": {"status": "Normal", "ratings_count": 1050, "ratings_average": 3.7, "labels_count": 41, "reviews_count": 2}, "year": 0, "grapes": null, "has_valid_ratings": true}], "description": "Bright Ruby Red. Delicate. almost Soft, Bringing together red fruit and toasted notes . A round attack with plenty of oak reveals great maturity and a balanced structure supported by soft tannins. Persistent notes of Strawberry and blackberry bring freshness and elegance on the finish.", "grapes": [{"id": 2, "name": "Cabernet Sauvignon", "seo_name": "cabernet-sauvignon", "has_detailed_info": true, "wines_count": 801751}, {"id": 3, "name": "Cabernet Franc", "seo_name": "cabernet-franc", "has_detailed_info": true, "wines_count": 269578}, {"id": 10, "name": "Merlot", "seo_name": "merlot", "has_detailed_info": true, "wines_count": 566719}], "foods": [{"id": 4, "name": "Beef", "background_image": {"location": "//images.vivino.com/backgrounds/foods/4_beef.png", "variations": {"small": "//images.vivino.com/backgrounds/foods/thumbs/4_beef_932x810.png"}}, "seo_name": "beef"}, {"id": 8, "name": "Lamb", "background_image": {"location": "//images.vivino.com/backgrounds/foods/8_lamb.png", "variations": {"small": "//images.vivino.com/backgrounds/foods/thumbs/8_lamb_932x810.png"}}, "seo_name": "lamb"}, {"id": 11, "name": "Game (deer, venison)", "background_image": {"location": "//images.vivino.com/backgrounds/foods/11_venison.png", "variations": {"small": "//images.vivino.com/backgrounds/foods/thumbs/11_venison_932x810.png"}}, "seo_name": "game"}, {"id": 20, "name": "Poultry", "background_image": {"location": "//images.vivino.com/backgrounds/foods/20_chicken.png", "variations": {"small": "//images.vivino.com/backgrounds/foods/thumbs/20_chicken_932x810.png"}}, "seo_name": "poultry"}], "non_vintage": false, "alcohol": 13, "sweetness_id": null, "closure": null, "vintage_mask_raw": null, "updated_at": "2020-06-15T08:29:27Z", "created_at": "2011-05-25T05:27:44Z", "is_first_wine": false, "style": {"id": 266, "seo_name": "bordeaux-right-bank-saint-emilion", "regional_name": "Bordeaux Right Bank", "varietal_name": "Saint-\u00c9milion", "name": "Bordeaux Saint-\u00c9milion", "image": null, "background_image": {"location": "//images.vivino.com/backgrounds/styles/JqMTW-DLSdK6KYE6rtaiiA.jpg", "variations": {"small": "//images.vivino.com/backgrounds/styles/thumbs/JqMTW-DLSdK6KYE6rtaiiA_932x810.jpg"}}, "description": "Made predominantly from Merlot and Cabernet Franc, Saint-\u00c9milion wines tend to have a rich, mouth-drying tannic structure, which is balanced by the more juicy characteristics of plum and black cherry fruit, along with chocolate and sweet spice, developing savory tobacco and cedar characteristics with age.\n\nThe best Saint-\u00c9milion wines will exhibit a terrific mineral vein, the result of vines being planted on the region's limestone escarpment. Vines planted on sandy soils tend to produce grapes that make lighter styled wines.\n\nSituated on the right bank of Bordeaux, the region of Saint-\u00c9milion can boast of producing the most diverse range of styles, partly due to differences in soil types, from gravel to limestone to sand, but also thanks to production variations and winemakers looking to make their mark.", "blurb": null, "interesting_facts": ["The village of Saint-\u00c9milion is a UNESCO World Heritage Site.", "Saint-\u00c9milion was the first Bordeaux region to export its wines.", "Saint-\u00c9milion is Bordeaux's largest major wine-producing region.", "Unlike other classified regions within Bordeaux, Saint-\u00c9milion updates its classification roughly every 10 years.", "In Saint-\u00c9milion Cabernet Franc is referred to as Bouchet."], "body": 4, "body_description": "Full-bodied", "acidity": 2, "acidity_description": "Medium", "country": {"code": "fr", "name": "France", "native_name": "France", "seo_name": "france", "currency": {"code": "EUR", "name": "Euros", "prefix": "\u20ac", "suffix": null}, "regions_count": 1292, "users_count": 5068363, "wines_count": 542471, "wineries_count": 67002, "most_used_grapes": [{"id": 14, "name": "Pinot Noir", "seo_name": "pinot-noir", "has_detailed_info": true, "wines_count": 572334}, {"id": 10, "name": "Merlot", "seo_name": "merlot", "has_detailed_info": true, "wines_count": 566719}, {"id": 5, "name": "Chardonnay", "seo_name": "chardonnay", "has_detailed_info": true, "wines_count": 604208}]}, "wine_type_id": 1, "food": [{"id": 4, "name": "Beef", "background_image": {"location": "//images.vivino.com/backgrounds/foods/4_beef.png", "variations": {"small": "//images.vivino.com/backgrounds/foods/thumbs/4_beef_932x810.png"}}, "seo_name": "beef"}, {"id": 8, "name": "Lamb", "background_image": {"location": "//images.vivino.com/backgrounds/foods/8_lamb.png", "variations": {"small": "//images.vivino.com/backgrounds/foods/thumbs/8_lamb_932x810.png"}}, "seo_name": "lamb"}, {"id": 11, "name": "Game (deer, venison)", "background_image": {"location": "//images.vivino.com/backgrounds/foods/11_venison.png", "variations": {"small": "//images.vivino.com/backgrounds/foods/thumbs/11_venison_932x810.png"}}, "seo_name": "game"}, {"id": 20, "name": "Poultry", "background_image": {"location": "//images.vivino.com/backgrounds/foods/20_chicken.png", "variations": {"small": "//images.vivino.com/backgrounds/foods/thumbs/20_chicken_932x810.png"}}, "seo_name": "poultry"}], "grapes": [{"id": 2, "name": "Cabernet Sauvignon", "seo_name": "cabernet-sauvignon", "has_detailed_info": true, "wines_count": 801751}, {"id": 3, "name": "Cabernet Franc", "seo_name": "cabernet-franc", "has_detailed_info": true, "wines_count": 269578}, {"id": 9, "name": "Malbec", "seo_name": "malbec", "has_detailed_info": true, "wines_count": 219735}, {"id": 10, "name": "Merlot", "seo_name": "merlot", "has_detailed_info": true, "wines_count": 566719}, {"id": 42, "name": "Petit Verdot", "seo_name": "petit-verdot", "has_detailed_info": true, "wines_count": 82567}, {"id": 51, "name": "Carm\u00e9n\u00e8re", "seo_name": "carmenere", "has_detailed_info": true, "wines_count": 50087}], "region": {"id": 383, "name": "Bordeaux", "name_en": "", "seo_name": "bordeaux", "country": {"code": "fr", "name": "France", "native_name": "France", "seo_name": "france", "currency": {"code": "EUR", "name": "Euros", "prefix": "\u20ac", "suffix": null}, "regions_count": 1292, "users_count": 5068363, "wines_count": 542471, "wineries_count": 67002, "most_used_grapes": [{"id": 14, "name": "Pinot Noir", "seo_name": "pinot-noir", "has_detailed_info": true, "wines_count": 572334}, {"id": 10, "name": "Merlot", "seo_name": "merlot", "has_detailed_info": true, "wines_count": 566719}, {"id": 5, "name": "Chardonnay", "seo_name": "chardonnay", "has_detailed_info": true, "wines_count": 604208}]}, "parent_id": null, "background_image": {"location": "//images.vivino.com/regions/backgrounds/sbzA7h1ITnaHABaVqWJ4CA.jpg", "variations": {"large": "//thumbs.vivino.com/region_backgrounds/sbzA7h1ITnaHABaVqWJ4CA_1280x760.jpg", "medium": "//thumbs.vivino.com/region_backgrounds/sbzA7h1ITnaHABaVqWJ4CA_600x356.jpg"}}, "class": {"typecast_map": {"background_image": {}, "class": {}}}, "statistics": {"wineries_count": 13330, "wines_count": 41775, "sub_regions_count": 12, "parent_regions_count": 0}}}, "has_valid_ratings": true}, "description": "", "wine_critic_reviews": [], "awards": [], "ratings_distribution": {"1": 12, "2": 58, "3": 413, "4": 483, "5": 84}, "ranking": {"country": {"description": "Rank within France", "total": 2497622, "rank": 241445}, "region": {"description": "Rank within Wine Region", "total": 50663, "rank": 8879}, "winery": {"description": "Rank within Winery", "total": 30, "rank": 4}, "global": {"description": "Global Rank", "total": 8944716, "rank": 872493}}, "wine_facts": {}, "winemaker": null, "wine_maker": null, "grape_composition": {}, "year": "", "grapes": null, "has_valid_ratings": true}, "carts": null, "full_region": null, "tastes": null, "wine": {"id": 1153606, "name": "Saint-\u00c9milion", "seo_name": "saint-emilion", "type_id": 1, "vintage_type": 0, "is_natural": false, "region": {"id": 436, "name": "Saint-\u00c9milion", "name_en": "", "seo_name": "saint-emilion", "country": {"code": "fr", "name": "France", "native_name": "France", "seo_name": "france", "currency": {"code": "EUR", "name": "Euros", "prefix": "\u20ac", "suffix": null}, "regions_count": 1292, "users_count": 5068363, "wines_count": 542471, "wineries_count": 67002, "most_used_grapes": [{"id": 14, "name": "Pinot Noir", "seo_name": "pinot-noir", "has_detailed_info": true, "wines_count": 572334}, {"id": 10, "name": "Merlot", "seo_name": "merlot", "has_detailed_info": true, "wines_count": 566719}, {"id": 5, "name": "Chardonnay", "seo_name": "chardonnay", "has_detailed_info": true, "wines_count": 604208}]}, "parent_id": 509, "background_image": {"location": "//images.vivino.com/regions/backgrounds/FfzIrdtQS1mdPyifcUFfGQ.jpg", "variations": {"large": "//thumbs.vivino.com/region_backgrounds/FfzIrdtQS1mdPyifcUFfGQ_1280x760.jpg", "medium": "//thumbs.vivino.com/region_backgrounds/FfzIrdtQS1mdPyifcUFfGQ_600x356.jpg"}}, "class": {"typecast_map": {"background_image": {}, "class": {}}}, "statistics": {"wineries_count": 1796, "wines_count": 6391, "sub_regions_count": 5, "parent_regions_count": 2}}, "review_status": 2, "winery": {"id": 81527, "name": "Ch\u00e2teau Jacques Noir", "seo_name": "jacques-noir", "status": 0, "review_status": "Completed", "background_image": null, "statistics": {"ratings_count": 1050, "ratings_average": 3.7, "labels_count": 14946, "wines_count": 1}, "region": {"id": 436, "name": "Saint-\u00c9milion", "name_en": "", "seo_name": "saint-emilion", "country": {"code": "fr", "name": "France", "native_name": "France", "seo_name": "france", "currency": {"code": "EUR", "name": "Euros", "prefix": "\u20ac", "suffix": null}, "regions_count": 1292, "users_count": 5068363, "wines_count": 542471, "wineries_count": 67002, "most_used_grapes": [{"id": 14, "name": "Pinot Noir", "seo_name": "pinot-noir", "has_detailed_info": true, "wines_count": 572334}, {"id": 10, "name": "Merlot", "seo_name": "merlot", "has_detailed_info": true, "wines_count": 566719}, {"id": 5, "name": "Chardonnay", "seo_name": "chardonnay", "has_detailed_info": true, "wines_count": 604208}]}, "parent_id": 509, "background_image": {"location": "//images.vivino.com/regions/backgrounds/FfzIrdtQS1mdPyifcUFfGQ.jpg", "variations": {"large": "//thumbs.vivino.com/region_backgrounds/FfzIrdtQS1mdPyifcUFfGQ_1280x760.jpg", "medium": "//thumbs.vivino.com/region_backgrounds/FfzIrdtQS1mdPyifcUFfGQ_600x356.jpg"}}, "class": {"typecast_map": {"background_image": {}, "class": {}}}, "statistics": {"wineries_count": 1796, "wines_count": 6391, "sub_regions_count": 5, "parent_regions_count": 2}}}, "image": {"location": "//images.vivino.com/thumbs/A--IfVCUQpmv3gj0G1h2DQ_pl_480x640.png", "variations": {"bottle_large": "//images.vivino.com/thumbs/A--IfVCUQpmv3gj0G1h2DQ_pb_x960.png", "bottle_medium": "//images.vivino.com/thumbs/A--IfVCUQpmv3gj0G1h2DQ_pb_x600.png", "bottle_medium_square": "//images.vivino.com/thumbs/A--IfVCUQpmv3gj0G1h2DQ_pb_600x600.png", "bottle_small": "//images.vivino.com/thumbs/A--IfVCUQpmv3gj0G1h2DQ_pb_x300.png", "bottle_small_square": "//images.vivino.com/thumbs/A--IfVCUQpmv3gj0G1h2DQ_pb_300x300.png", "label": "//images.vivino.com/thumbs/A--IfVCUQpmv3gj0G1h2DQ_pl_480x640.png", "label_large": "//images.vivino.com/thumbs/A--IfVCUQpmv3gj0G1h2DQ_pl_375x500.png", "label_medium": "//images.vivino.com/thumbs/A--IfVCUQpmv3gj0G1h2DQ_pl_150x200.png", "label_medium_square": "//images.vivino.com/thumbs/A--IfVCUQpmv3gj0G1h2DQ_pl_150x150.png", "label_small_square": "//images.vivino.com/thumbs/A--IfVCUQpmv3gj0G1h2DQ_pl_80x80.png", "large": "//images.vivino.com/thumbs/A--IfVCUQpmv3gj0G1h2DQ_pl_375x500.png", "medium": "//images.vivino.com/thumbs/A--IfVCUQpmv3gj0G1h2DQ_pl_150x200.png", "medium_square": "//images.vivino.com/thumbs/A--IfVCUQpmv3gj0G1h2DQ_pl_150x150.png", "small_square": "//images.vivino.com/thumbs/A--IfVCUQpmv3gj0G1h2DQ_pl_80x80.png"}}, "statistics": {"status": "Normal", "ratings_count": 1050, "ratings_average": 3.7, "labels_count": 14946, "vintages_count": 52}, "rank": null, "hidden": false, "vintages": [{"id": 169764235, "seo_name": "jacques-noir-saint-emilion-2021", "name": "Ch\u00e2teau Jacques Noir Saint-\u00c9milion 2021", "statistics": {"status": "BelowThreshold", "ratings_count": 0, "ratings_average": 0, "labels_count": 0, "reviews_count": 0}, "year": 2021, "grapes": null, "has_valid_ratings": false}, {"id": 165798430, "seo_name": "jacques-noir-saint-emilion-2020", "name": "Ch\u00e2teau Jacques Noir Saint-\u00c9milion 2020", "statistics": {"status": "BelowThreshold", "ratings_count": 0, "ratings_average": 0, "labels_count": 9, "reviews_count": 0}, "year": 2020, "grapes": null, "has_valid_ratings": false}, {"id": 161905891, "seo_name": "jacques-noir-saint-emilion-2019", "name": "Ch\u00e2teau Jacques Noir Saint-\u00c9milion 2019", "statistics": {"status": "BelowThreshold", "ratings_count": 3, "ratings_average": 0, "labels_count": 135, "reviews_count": 0}, "year": 2019, "grapes": null, "has_valid_ratings": false}, {"id": 158384680, "seo_name": "jacques-noir-saint-emilion-2018", "name": "Ch\u00e2teau Jacques Noir Saint-\u00c9milion 2018", "statistics": {"status": "BelowThreshold", "ratings_count": 8, "ratings_average": 0, "labels_count": 209, "reviews_count": 0}, "year": 2018, "grapes": null, "has_valid_ratings": false}, {"id": 153408886, "seo_name": "jacques-noir-saint-emilion-2017", "name": "Ch\u00e2teau Jacques Noir Saint-\u00c9milion 2017", "statistics": {"status": "BelowThreshold", "ratings_count": 4, "ratings_average": 0, "labels_count": 76, "reviews_count": 0}, "year": 2017, "grapes": null, "has_valid_ratings": false}, {"id": 154189507, "seo_name": "jacques-noir-saint-emilion-2016", "name": "Ch\u00e2teau Jacques Noir Saint-\u00c9milion 2016", "statistics": {"status": "Normal", "ratings_count": 117, "ratings_average": 3.9, "labels_count": 2025, "reviews_count": 54}, "year": 2016, "grapes": null, "has_valid_ratings": true}, {"id": 148210012, "seo_name": "jacques-noir-saint-emilion-2015", "name": "Ch\u00e2teau Jacques Noir Saint-\u00c9milion 2015", "statistics": {"status": "Normal", "ratings_count": 161, "ratings_average": 3.8, "labels_count": 2499, "reviews_count": 60}, "year": 2015, "grapes": null, "has_valid_ratings": true}, {"id": 17988748, "seo_name": "jacques-noir-saint-emilion-2014", "name": "Ch\u00e2teau Jacques Noir Saint-\u00c9milion 2014", "statistics": {"status": "Normal", "ratings_count": 119, "ratings_average": 3.7, "labels_count": 2007, "reviews_count": 38}, "year": 2014, "grapes": null, "has_valid_ratings": true}, {"id": 10419761, "seo_name": "jacques-noir-saint-emilion-2013", "name": "Ch\u00e2teau Jacques Noir Saint-\u00c9milion 2013", "statistics": {"status": "BelowThreshold", "ratings_count": 0, "ratings_average": 0, "labels_count": 6, "reviews_count": 0}, "year": 2013, "grapes": null, "has_valid_ratings": false}, {"id": 4422584, "seo_name": "jacques-noir-saint-emilion-2012", "name": "Ch\u00e2teau Jacques Noir Saint-\u00c9milion 2012", "statistics": {"status": "Normal", "ratings_count": 114, "ratings_average": 3.7, "labels_count": 2103, "reviews_count": 30}, "year": 2012, "grapes": null, "has_valid_ratings": true}, {"id": 12417650, "seo_name": "jacques-noir-saint-emilion-2011", "name": "Ch\u00e2teau Jacques Noir Saint-\u00c9milion 2011", "statistics": {"status": "Normal", "ratings_count": 126, "ratings_average": 3.4, "labels_count": 1519, "reviews_count": 28}, "year": 2011, "grapes": null, "has_valid_ratings": true}, {"id": 3245626, "seo_name": "jacques-noir-saint-emilion-2010", "name": "Ch\u00e2teau Jacques Noir Saint-\u00c9milion 2010", "statistics": {"status": "Normal", "ratings_count": 99, "ratings_average": 3.5, "labels_count": 1128, "reviews_count": 32}, "year": 2010, "grapes": null, "has_valid_ratings": true}, {"id": 2093557, "seo_name": "jacques-noir-saint-emilion-2009", "name": "Ch\u00e2teau Jacques Noir Saint-\u00c9milion 2009", "statistics": {"status": "Normal", "ratings_count": 91, "ratings_average": 3.8, "labels_count": 889, "reviews_count": 23}, "year": 2009, "grapes": null, "has_valid_ratings": true}, {"id": 1194614, "seo_name": "jacques-noir-saint-emilion-2008", "name": "Ch\u00e2teau Jacques Noir Saint-\u00c9milion 2008", "statistics": {"status": "Normal", "ratings_count": 57, "ratings_average": 3.5, "labels_count": 624, "reviews_count": 18}, "year": 2008, "grapes": null, "has_valid_ratings": true}, {"id": 1556168, "seo_name": "jacques-noir-saint-emilion-2007", "name": "Ch\u00e2teau Jacques Noir Saint-\u00c9milion 2007", "statistics": {"status": "Normal", "ratings_count": 74, "ratings_average": 3.4, "labels_count": 640, "reviews_count": 23}, "year": 2007, "grapes": null, "has_valid_ratings": true}, {"id": 2173184, "seo_name": "jacques-noir-saint-emilion-2006", "name": "Ch\u00e2teau Jacques Noir Saint-\u00c9milion 2006", "statistics": {"status": "Normal", "ratings_count": 22, "ratings_average": 3.8, "labels_count": 241, "reviews_count": 7}, "year": 2006, "grapes": null, "has_valid_ratings": true}, {"id": 1744136, "seo_name": "jacques-noir-saint-emilion-2005", "name": "Ch\u00e2teau Jacques Noir Saint-\u00c9milion 2005", "statistics": {"status": "Normal", "ratings_count": 17, "ratings_average": 3.8, "labels_count": 187, "reviews_count": 8}, "year": 2005, "grapes": null, "has_valid_ratings": true}, {"id": 3406508, "seo_name": "jacques-noir-saint-emilion-2004", "name": "Ch\u00e2teau Jacques Noir Saint-\u00c9milion 2004", "statistics": {"status": "BelowThreshold", "ratings_count": 4, "ratings_average": 0, "labels_count": 73, "reviews_count": 2}, "year": 2004, "grapes": null, "has_valid_ratings": false}, {"id": 4949084, "seo_name": "jacques-noir-saint-emilion-2003", "name": "Ch\u00e2teau Jacques Noir Saint-\u00c9milion 2003", "statistics": {"status": "BelowThreshold", "ratings_count": 2, "ratings_average": 0, "labels_count": 27, "reviews_count": 1}, "year": 2003, "grapes": null, "has_valid_ratings": false}, {"id": 3525682, "seo_name": "jacques-noir-saint-emilion-2002", "name": "Ch\u00e2teau Jacques Noir Saint-\u00c9milion 2002", "statistics": {"status": "BelowThreshold", "ratings_count": 0, "ratings_average": 0, "labels_count": 13, "reviews_count": 0}, "year": 2002, "grapes": null, "has_valid_ratings": false}, {"id": 10746016, "seo_name": "jacques-noir-saint-emilion-2001", "name": "Ch\u00e2teau Jacques Noir Saint-\u00c9milion 2001", "statistics": {"status": "BelowThreshold", "ratings_count": 5, "ratings_average": 0, "labels_count": 77, "reviews_count": 1}, "year": 2001, "grapes": null, "has_valid_ratings": false}, {"id": 134910954, "seo_name": "jacques-noir-saint-emilion-2000", "name": "Ch\u00e2teau Jacques Noir Saint-\u00c9milion 2000", "statistics": {"status": "BelowThreshold", "ratings_count": 0, "ratings_average": 0, "labels_count": 4, "reviews_count": 0}, "year": 2000, "grapes": null, "has_valid_ratings": false}, {"id": 165798420, "seo_name": "jacques-noir-saint-emilion-1999", "name": "Ch\u00e2teau Jacques Noir Saint-\u00c9milion 1999", "statistics": {"status": "BelowThreshold", "ratings_count": 0, "ratings_average": 0, "labels_count": 0, "reviews_count": 0}, "year": 1999, "grapes": null, "has_valid_ratings": false}, {"id": 145518545, "seo_name": "jacques-noir-saint-emilion-1998", "name": "Ch\u00e2teau Jacques Noir Saint-\u00c9milion 1998", "statistics": {"status": "BelowThreshold", "ratings_count": 0, "ratings_average": 0, "labels_count": 0, "reviews_count": 0}, "year": 1998, "grapes": null, "has_valid_ratings": false}, {"id": 165798415, "seo_name": "jacques-noir-saint-emilion-1997", "name": "Ch\u00e2teau Jacques Noir Saint-\u00c9milion 1997", "statistics": {"status": "BelowThreshold", "ratings_count": 1, "ratings_average": 0, "labels_count": 1, "reviews_count": 1}, "year": 1997, "grapes": null, "has_valid_ratings": false}, {"id": 1900407, "seo_name": "jacques-noir-saint-emilion-1996", "name": "Ch\u00e2teau Jacques Noir Saint-\u00c9milion 1996", "statistics": {"status": "BelowThreshold", "ratings_count": 0, "ratings_average": 0, "labels_count": 2, "reviews_count": 0}, "year": 1996, "grapes": null, "has_valid_ratings": false}, {"id": 152315287, "seo_name": "jacques-noir-saint-emilion-1995", "name": "Ch\u00e2teau Jacques Noir Saint-\u00c9milion 1995", "statistics": {"status": "BelowThreshold", "ratings_count": 0, "ratings_average": 0, "labels_count": 0, "reviews_count": 0}, "year": 1995, "grapes": null, "has_valid_ratings": false}, {"id": 165961566, "seo_name": "jacques-noir-saint-emilion-1994", "name": "Ch\u00e2teau Jacques Noir Saint-\u00c9milion 1994", "statistics": {"status": "BelowThreshold", "ratings_count": 0, "ratings_average": 0, "labels_count": 0, "reviews_count": 0}, "year": 1994, "grapes": null, "has_valid_ratings": false}, {"id": 148610451, "seo_name": "jacques-noir-saint-emilion-1993", "name": "Ch\u00e2teau Jacques Noir Saint-\u00c9milion 1993", "statistics": {"status": "BelowThreshold", "ratings_count": 0, "ratings_average": 0, "labels_count": 0, "reviews_count": 0}, "year": 1993, "grapes": null, "has_valid_ratings": false}, {"id": 14486027, "seo_name": "jacques-noir-saint-emilion-1990", "name": "Ch\u00e2teau Jacques Noir Saint-\u00c9milion 1990", "statistics": {"status": "BelowThreshold", "ratings_count": 1, "ratings_average": 0, "labels_count": 4, "reviews_count": 0}, "year": 1990, "grapes": null, "has_valid_ratings": false}, {"id": 166907688, "seo_name": "jacques-noir-saint-emilion-1989", "name": "Ch\u00e2teau Jacques Noir Saint-\u00c9milion 1989", "statistics": {"status": "BelowThreshold", "ratings_count": 0, "ratings_average": 0, "labels_count": 0, "reviews_count": 0}, "year": 1989, "grapes": null, "has_valid_ratings": false}, {"id": 5516299, "seo_name": "jacques-noir-saint-emilion-1988", "name": "Ch\u00e2teau Jacques Noir Saint-\u00c9milion 1988", "statistics": {"status": "BelowThreshold", "ratings_count": 0, "ratings_average": 0, "labels_count": 1, "reviews_count": 0}, "year": 1988, "grapes": null, "has_valid_ratings": false}, {"id": 148610457, "seo_name": "jacques-noir-saint-emilion-1987", "name": "Ch\u00e2teau Jacques Noir Saint-\u00c9milion 1987", "statistics": {"status": "BelowThreshold", "ratings_count": 1, "ratings_average": 0, "labels_count": 1, "reviews_count": 0}, "year": 1987, "grapes": null, "has_valid_ratings": false}, {"id": 17196338, "seo_name": "jacques-noir-saint-emilion-1985", "name": "Ch\u00e2teau Jacques Noir Saint-\u00c9milion 1985", "statistics": {"status": "BelowThreshold", "ratings_count": 0, "ratings_average": 0, "labels_count": 3, "reviews_count": 0}, "year": 1985, "grapes": null, "has_valid_ratings": false}, {"id": 148160622, "seo_name": "jacques-noir-saint-emilion-1983", "name": "Ch\u00e2teau Jacques Noir Saint-\u00c9milion 1983", "statistics": {"status": "BelowThreshold", "ratings_count": 0, "ratings_average": 0, "labels_count": 1, "reviews_count": 0}, "year": 1983, "grapes": null, "has_valid_ratings": false}, {"id": 79157356, "seo_name": "jacques-noir-saint-emilion-1982", "name": "Ch\u00e2teau Jacques Noir Saint-\u00c9milion 1982", "statistics": {"status": "BelowThreshold", "ratings_count": 3, "ratings_average": 0, "labels_count": 16, "reviews_count": 1}, "year": 1982, "grapes": null, "has_valid_ratings": false}, {"id": 9654663, "seo_name": "jacques-noir-saint-emilion-1981", "name": "Ch\u00e2teau Jacques Noir Saint-\u00c9milion 1981", "statistics": {"status": "BelowThreshold", "ratings_count": 1, "ratings_average": 0, "labels_count": 9, "reviews_count": 0}, "year": 1981, "grapes": null, "has_valid_ratings": false}, {"id": 143390919, "seo_name": "jacques-noir-saint-emilion-1980", "name": "Ch\u00e2teau Jacques Noir Saint-\u00c9milion 1980", "statistics": {"status": "BelowThreshold", "ratings_count": 1, "ratings_average": 0, "labels_count": 5, "reviews_count": 0}, "year": 1980, "grapes": null, "has_valid_ratings": false}, {"id": 28624105, "seo_name": "jacques-noir-saint-emilion-1979", "name": "Ch\u00e2teau Jacques Noir Saint-\u00c9milion 1979", "statistics": {"status": "BelowThreshold", "ratings_count": 0, "ratings_average": 0, "labels_count": 1, "reviews_count": 0}, "year": 1979, "grapes": null, "has_valid_ratings": false}, {"id": 15346009, "seo_name": "jacques-noir-saint-emilion-1978", "name": "Ch\u00e2teau Jacques Noir Saint-\u00c9milion 1978", "statistics": {"status": "BelowThreshold", "ratings_count": 1, "ratings_average": 0, "labels_count": 5, "reviews_count": 0}, "year": 1978, "grapes": null, "has_valid_ratings": false}, {"id": 22718989, "seo_name": "jacques-noir-saint-emilion-1977", "name": "Ch\u00e2teau Jacques Noir Saint-\u00c9milion 1977", "statistics": {"status": "BelowThreshold", "ratings_count": 1, "ratings_average": 0, "labels_count": 6, "reviews_count": 0}, "year": 1977, "grapes": null, "has_valid_ratings": false}, {"id": 167410336, "seo_name": "jacques-noir-saint-emilion-1976", "name": "Ch\u00e2teau Jacques Noir Saint-\u00c9milion 1976", "statistics": {"status": "BelowThreshold", "ratings_count": 0, "ratings_average": 0, "labels_count": 0, "reviews_count": 0}, "year": 1976, "grapes": null, "has_valid_ratings": false}, {"id": 149154593, "seo_name": "jacques-noir-saint-emilion-1975", "name": "Ch\u00e2teau Jacques Noir Saint-\u00c9milion 1975", "statistics": {"status": "BelowThreshold", "ratings_count": 1, "ratings_average": 0, "labels_count": 11, "reviews_count": 0}, "year": 1975, "grapes": null, "has_valid_ratings": false}, {"id": 152497912, "seo_name": "jacques-noir-saint-emilion-1974", "name": "Ch\u00e2teau Jacques Noir Saint-\u00c9milion 1974", "statistics": {"status": "BelowThreshold", "ratings_count": 0, "ratings_average": 0, "labels_count": 1, "reviews_count": 0}, "year": 1974, "grapes": null, "has_valid_ratings": false}, {"id": 3515311, "seo_name": "jacques-noir-saint-emilion-1970", "name": "Ch\u00e2teau Jacques Noir Saint-\u00c9milion 1970", "statistics": {"status": "BelowThreshold", "ratings_count": 0, "ratings_average": 0, "labels_count": 2, "reviews_count": 0}, "year": 1970, "grapes": null, "has_valid_ratings": false}, {"id": 143245696, "seo_name": "jacques-noir-saint-emilion-1967", "name": "Ch\u00e2teau Jacques Noir Saint-\u00c9milion 1967", "statistics": {"status": "BelowThreshold", "ratings_count": 0, "ratings_average": 0, "labels_count": 1, "reviews_count": 0}, "year": 1967, "grapes": null, "has_valid_ratings": false}, {"id": 25186282, "seo_name": "jacques-noir-saint-emilion-1966", "name": "Ch\u00e2teau Jacques Noir Saint-\u00c9milion 1966", "statistics": {"status": "BelowThreshold", "ratings_count": 0, "ratings_average": 0, "labels_count": 1, "reviews_count": 0}, "year": 1966, "grapes": null, "has_valid_ratings": false}, {"id": 155075355, "seo_name": "jacques-noir-saint-emilion-1965", "name": "Ch\u00e2teau Jacques Noir Saint-\u00c9milion 1965", "statistics": {"status": "BelowThreshold", "ratings_count": 1, "ratings_average": 0, "labels_count": 1, "reviews_count": 0}, "year": 1965, "grapes": null, "has_valid_ratings": false}, {"id": 149154577, "seo_name": "jacques-noir-saint-emilion-1964", "name": "Ch\u00e2teau Jacques Noir Saint-\u00c9milion 1964", "statistics": {"status": "BelowThreshold", "ratings_count": 0, "ratings_average": 0, "labels_count": 0, "reviews_count": 0}, "year": 1964, "grapes": null, "has_valid_ratings": false}, {"id": 154823508, "seo_name": "jacques-noir-saint-emilion-1957", "name": "Ch\u00e2teau Jacques Noir Saint-\u00c9milion 1957", "statistics": {"status": "BelowThreshold", "ratings_count": 0, "ratings_average": 0, "labels_count": 0, "reviews_count": 0}, "year": 1957, "grapes": null, "has_valid_ratings": false}, {"id": 150787823, "seo_name": "jacques-noir-saint-emilion-1900", "name": "Ch\u00e2teau Jacques Noir Saint-\u00c9milion 1900", "statistics": {"status": "BelowThreshold", "ratings_count": 0, "ratings_average": 0, "labels_count": 0, "reviews_count": 0}, "year": 1900, "grapes": null, "has_valid_ratings": false}, {"id": 1580545, "seo_name": "jacques-noir-saint-emilion-uv", "name": "Ch\u00e2teau Jacques Noir Saint-\u00c9milion", "statistics": {"status": "Normal", "ratings_count": 1050, "ratings_average": 3.7, "labels_count": 41, "reviews_count": 2}, "year": 0, "grapes": null, "has_valid_ratings": true}], "description": "Bright Ruby Red. Delicate. almost Soft, Bringing together red fruit and toasted notes . A round attack with plenty of oak reveals great maturity and a balanced structure supported by soft tannins. Persistent notes of Strawberry and blackberry bring freshness and elegance on the finish.", "grapes": [{"id": 2, "name": "Cabernet Sauvignon", "seo_name": "cabernet-sauvignon", "has_detailed_info": true, "wines_count": 801751}, {"id": 3, "name": "Cabernet Franc", "seo_name": "cabernet-franc", "has_detailed_info": true, "wines_count": 269578}, {"id": 10, "name": "Merlot", "seo_name": "merlot", "has_detailed_info": true, "wines_count": 566719}], "foods": [{"id": 4, "name": "Beef", "background_image": {"location": "//images.vivino.com/backgrounds/foods/4_beef.png", "variations": {"small": "//images.vivino.com/backgrounds/foods/thumbs/4_beef_932x810.png"}}, "seo_name": "beef"}, {"id": 8, "name": "Lamb", "background_image": {"location": "//images.vivino.com/backgrounds/foods/8_lamb.png", "variations": {"small": "//images.vivino.com/backgrounds/foods/thumbs/8_lamb_932x810.png"}}, "seo_name": "lamb"}, {"id": 11, "name": "Game (deer, venison)", "background_image": {"location": "//images.vivino.com/backgrounds/foods/11_venison.png", "variations": {"small": "//images.vivino.com/backgrounds/foods/thumbs/11_venison_932x810.png"}}, "seo_name": "game"}, {"id": 20, "name": "Poultry", "background_image": {"location": "//images.vivino.com/backgrounds/foods/20_chicken.png", "variations": {"small": "//images.vivino.com/backgrounds/foods/thumbs/20_chicken_932x810.png"}}, "seo_name": "poultry"}], "non_vintage": false, "alcohol": 13, "sweetness_id": null, "closure": null, "vintage_mask_raw": null, "updated_at": "2020-06-15T08:29:27Z", "created_at": "2011-05-25T05:27:44Z", "is_first_wine": false, "style": {"id": 266, "seo_name": "bordeaux-right-bank-saint-emilion", "regional_name": "Bordeaux Right Bank", "varietal_name": "Saint-\u00c9milion", "name": "Bordeaux Saint-\u00c9milion", "image": null, "background_image": {"location": "//images.vivino.com/backgrounds/styles/JqMTW-DLSdK6KYE6rtaiiA.jpg", "variations": {"small": "//images.vivino.com/backgrounds/styles/thumbs/JqMTW-DLSdK6KYE6rtaiiA_932x810.jpg"}}, "description": "Made predominantly from Merlot and Cabernet Franc, Saint-\u00c9milion wines tend to have a rich, mouth-drying tannic structure, which is balanced by the more juicy characteristics of plum and black cherry fruit, along with chocolate and sweet spice, developing savory tobacco and cedar characteristics with age.\n\nThe best Saint-\u00c9milion wines will exhibit a terrific mineral vein, the result of vines being planted on the region's limestone escarpment. Vines planted on sandy soils tend to produce grapes that make lighter styled wines.\n\nSituated on the right bank of Bordeaux, the region of Saint-\u00c9milion can boast of producing the most diverse range of styles, partly due to differences in soil types, from gravel to limestone to sand, but also thanks to production variations and winemakers looking to make their mark.", "blurb": null, "interesting_facts": ["The village of Saint-\u00c9milion is a UNESCO World Heritage Site.", "Saint-\u00c9milion was the first Bordeaux region to export its wines.", "Saint-\u00c9milion is Bordeaux's largest major wine-producing region.", "Unlike other classified regions within Bordeaux, Saint-\u00c9milion updates its classification roughly every 10 years.", "In Saint-\u00c9milion Cabernet Franc is referred to as Bouchet."], "body": 4, "body_description": "Full-bodied", "acidity": 2, "acidity_description": "Medium", "country": {"code": "fr", "name": "France", "native_name": "France", "seo_name": "france", "currency": {"code": "EUR", "name": "Euros", "prefix": "\u20ac", "suffix": null}, "regions_count": 1292, "users_count": 5068363, "wines_count": 542471, "wineries_count": 67002, "most_used_grapes": [{"id": 14, "name": "Pinot Noir", "seo_name": "pinot-noir", "has_detailed_info": true, "wines_count": 572334}, {"id": 10, "name": "Merlot", "seo_name": "merlot", "has_detailed_info": true, "wines_count": 566719}, {"id": 5, "name": "Chardonnay", "seo_name": "chardonnay", "has_detailed_info": true, "wines_count": 604208}]}, "wine_type_id": 1, "food": [{"id": 4, "name": "Beef", "background_image": {"location": "//images.vivino.com/backgrounds/foods/4_beef.png", "variations": {"small": "//images.vivino.com/backgrounds/foods/thumbs/4_beef_932x810.png"}}, "seo_name": "beef"}, {"id": 8, "name": "Lamb", "background_image": {"location": "//images.vivino.com/backgrounds/foods/8_lamb.png", "variations": {"small": "//images.vivino.com/backgrounds/foods/thumbs/8_lamb_932x810.png"}}, "seo_name": "lamb"}, {"id": 11, "name": "Game (deer, venison)", "background_image": {"location": "//images.vivino.com/backgrounds/foods/11_venison.png", "variations": {"small": "//images.vivino.com/backgrounds/foods/thumbs/11_venison_932x810.png"}}, "seo_name": "game"}, {"id": 20, "name": "Poultry", "background_image": {"location": "//images.vivino.com/backgrounds/foods/20_chicken.png", "variations": {"small": "//images.vivino.com/backgrounds/foods/thumbs/20_chicken_932x810.png"}}, "seo_name": "poultry"}], "grapes": [{"id": 2, "name": "Cabernet Sauvignon", "seo_name": "cabernet-sauvignon", "has_detailed_info": true, "wines_count": 801751}, {"id": 3, "name": "Cabernet Franc", "seo_name": "cabernet-franc", "has_detailed_info": true, "wines_count": 269578}, {"id": 9, "name": "Malbec", "seo_name": "malbec", "has_detailed_info": true, "wines_count": 219735}, {"id": 10, "name": "Merlot", "seo_name": "merlot", "has_detailed_info": true, "wines_count": 566719}, {"id": 42, "name": "Petit Verdot", "seo_name": "petit-verdot", "has_detailed_info": true, "wines_count": 82567}, {"id": 51, "name": "Carm\u00e9n\u00e8re", "seo_name": "carmenere", "has_detailed_info": true, "wines_count": 50087}], "region": {"id": 383, "name": "Bordeaux", "name_en": "", "seo_name": "bordeaux", "country": {"code": "fr", "name": "France", "native_name": "France", "seo_name": "france", "currency": {"code": "EUR", "name": "Euros", "prefix": "\u20ac", "suffix": null}, "regions_count": 1292, "users_count": 5068363, "wines_count": 542471, "wineries_count": 67002, "most_used_grapes": [{"id": 14, "name": "Pinot Noir", "seo_name": "pinot-noir", "has_detailed_info": true, "wines_count": 572334}, {"id": 10, "name": "Merlot", "seo_name": "merlot", "has_detailed_info": true, "wines_count": 566719}, {"id": 5, "name": "Chardonnay", "seo_name": "chardonnay", "has_detailed_info": true, "wines_count": 604208}]}, "parent_id": null, "background_image": {"location": "//images.vivino.com/regions/backgrounds/sbzA7h1ITnaHABaVqWJ4CA.jpg", "variations": {"large": "//thumbs.vivino.com/region_backgrounds/sbzA7h1ITnaHABaVqWJ4CA_1280x760.jpg", "medium": "//thumbs.vivino.com/region_backgrounds/sbzA7h1ITnaHABaVqWJ4CA_600x356.jpg"}}, "class": {"typecast_map": {"background_image": {}, "class": {}}}, "statistics": {"wineries_count": 13330, "wines_count": 41775, "sub_regions_count": 12, "parent_regions_count": 0}}}, "has_valid_ratings": true}, "highlights": [{"vintage_id": 154189507, "highlight_type": "best_user_rated", "message": "This vintage rates better than any other year for this wine", "icon": "https://images.vivino.com/highlights/icon/best_user_rated.svg", "metadata": {"price": null, "wine_id": 1153606, "toplist": null, "ws_award": null, "critic_review_id": null, "ratings_average": 3.9, "ratings_count": 117, "vintage_year": "2016", "rank_type": "global", "ranks": {"country": {"description": "Rank within France", "total": 2497622, "rank": 128761}, "region": {"description": "Rank within Wine Region", "total": 50663, "rank": 5421}, "winery": {"description": "Rank within Winery", "total": 30, "rank": 1}, "global": {"description": "Global Rank", "total": 8944716, "rank": 479627}}, "style": {"id": 266, "seo_name": "bordeaux-right-bank-saint-emilion", "regional_name": "Bordeaux Right Bank", "varietal_name": "Saint-\u00c9milion", "name": "Bordeaux Saint-\u00c9milion", "image": null, "background_image": {"location": "//images.vivino.com/backgrounds/styles/JqMTW-DLSdK6KYE6rtaiiA.jpg", "variations": {"small": "//images.vivino.com/backgrounds/styles/thumbs/JqMTW-DLSdK6KYE6rtaiiA_932x810.jpg"}}, "description": "Made predominantly from Merlot and Cabernet Franc, Saint-\u00c9milion wines tend to have a rich, mouth-drying tannic structure, which is balanced by the more juicy characteristics of plum and black cherry fruit, along with chocolate and sweet spice, developing savory tobacco and cedar characteristics with age.\n\nThe best Saint-\u00c9milion wines will exhibit a terrific mineral vein, the result of vines being planted on the region's limestone escarpment. Vines planted on sandy soils tend to produce grapes that make lighter styled wines.\n\nSituated on the right bank of Bordeaux, the region of Saint-\u00c9milion can boast of producing the most diverse range of styles, partly due to differences in soil types, from gravel to limestone to sand, but also thanks to production variations and winemakers looking to make their mark.", "blurb": null, "interesting_facts": ["The village of Saint-\u00c9milion is a UNESCO World Heritage Site.", "Saint-\u00c9milion was the first Bordeaux region to export its wines.", "Saint-\u00c9milion is Bordeaux's largest major wine-producing region.", "Unlike other classified regions within Bordeaux, Saint-\u00c9milion updates its classification roughly every 10 years.", "In Saint-\u00c9milion Cabernet Franc is referred to as Bouchet."], "body": 4, "body_description": "Full-bodied", "acidity": 2, "acidity_description": "Medium", "country": {"code": "fr", "name": "France", "native_name": "France", "seo_name": "france", "currency": {"code": "EUR", "name": "Euros", "prefix": "\u20ac", "suffix": null}, "regions_count": 1292, "users_count": 5068363, "wines_count": 542471, "wineries_count": 67002, "most_used_grapes": [{"id": 14, "name": "Pinot Noir", "seo_name": "pinot-noir", "has_detailed_info": true, "wines_count": 572334}, {"id": 10, "name": "Merlot", "seo_name": "merlot", "has_detailed_info": true, "wines_count": 566719}, {"id": 5, "name": "Chardonnay", "seo_name": "chardonnay", "has_detailed_info": true, "wines_count": 604208}]}, "wine_type_id": 1, "food": [{"id": 4, "name": "Beef", "background_image": {"location": "//images.vivino.com/backgrounds/foods/4_beef.png", "variations": {"small": "//images.vivino.com/backgrounds/foods/thumbs/4_beef_932x810.png"}}, "seo_name": "beef"}, {"id": 8, "name": "Lamb", "background_image": {"location": "//images.vivino.com/backgrounds/foods/8_lamb.png", "variations": {"small": "//images.vivino.com/backgrounds/foods/thumbs/8_lamb_932x810.png"}}, "seo_name": "lamb"}, {"id": 11, "name": "Game (deer, venison)", "background_image": {"location": "//images.vivino.com/backgrounds/foods/11_venison.png", "variations": {"small": "//images.vivino.com/backgrounds/foods/thumbs/11_venison_932x810.png"}}, "seo_name": "game"}, {"id": 20, "name": "Poultry", "background_image": {"location": "//images.vivino.com/backgrounds/foods/20_chicken.png", "variations": {"small": "//images.vivino.com/backgrounds/foods/thumbs/20_chicken_932x810.png"}}, "seo_name": "poultry"}], "grapes": [{"id": 2, "name": "Cabernet Sauvignon", "seo_name": "cabernet-sauvignon", "has_detailed_info": true, "wines_count": 801751}, {"id": 3, "name": "Cabernet Franc", "seo_name": "cabernet-franc", "has_detailed_info": true, "wines_count": 269578}, {"id": 9, "name": "Malbec", "seo_name": "malbec", "has_detailed_info": true, "wines_count": 219735}, {"id": 10, "name": "Merlot", "seo_name": "merlot", "has_detailed_info": true, "wines_count": 566719}, {"id": 42, "name": "Petit Verdot", "seo_name": "petit-verdot", "has_detailed_info": true, "wines_count": 82567}, {"id": 51, "name": "Carm\u00e9n\u00e8re", "seo_name": "carmenere", "has_detailed_info": true, "wines_count": 50087}], "region": {"id": 383, "name": "Bordeaux", "name_en": "", "seo_name": "bordeaux", "country": {"code": "fr", "name": "France", "native_name": "France", "seo_name": "france", "currency": {"code": "EUR", "name": "Euros", "prefix": "\u20ac", "suffix": null}, "regions_count": 1292, "users_count": 5068363, "wines_count": 542471, "wineries_count": 67002, "most_used_grapes": [{"id": 14, "name": "Pinot Noir", "seo_name": "pinot-noir", "has_detailed_info": true, "wines_count": 572334}, {"id": 10, "name": "Merlot", "seo_name": "merlot", "has_detailed_info": true, "wines_count": 566719}, {"id": 5, "name": "Chardonnay", "seo_name": "chardonnay", "has_detailed_info": true, "wines_count": 604208}]}, "parent_id": null, "background_image": {"location": "//images.vivino.com/regions/backgrounds/sbzA7h1ITnaHABaVqWJ4CA.jpg", "variations": {"large": "//thumbs.vivino.com/region_backgrounds/sbzA7h1ITnaHABaVqWJ4CA_1280x760.jpg", "medium": "//thumbs.vivino.com/region_backgrounds/sbzA7h1ITnaHABaVqWJ4CA_600x356.jpg"}}, "class": {"typecast_map": {"background_image": {}, "class": {}}}, "statistics": {"wineries_count": 13330, "wines_count": 41775, "sub_regions_count": 12, "parent_regions_count": 0}}}}, "vintage_year": 2016}, {"vintage_id": 148210012, "highlight_type": "most_user_rated", "message": "Popular among Vivino users. More than 100 ratings", "icon": "https://images.vivino.com/highlights/icon/most_user_rated.svg", "metadata": {"price": null, "wine_id": 1153606, "toplist": null, "ws_award": null, "critic_review_id": null, "ratings_average": 3.8, "ratings_count": 161, "vintage_year": "2015", "rank_type": "global", "ranks": {"country": {"description": "Rank within France", "total": 2497622, "rank": 184220}, "region": {"description": "Rank within Wine Region", "total": 50663, "rank": 7206}, "winery": {"description": "Rank within Winery", "total": 30, "rank": 2}, "global": {"description": "Global Rank", "total": 8944716, "rank": 676557}}, "style": {"id": 266, "seo_name": "bordeaux-right-bank-saint-emilion", "regional_name": "Bordeaux Right Bank", "varietal_name": "Saint-\u00c9milion", "name": "Bordeaux Saint-\u00c9milion", "image": null, "background_image": {"location": "//images.vivino.com/backgrounds/styles/JqMTW-DLSdK6KYE6rtaiiA.jpg", "variations": {"small": "//images.vivino.com/backgrounds/styles/thumbs/JqMTW-DLSdK6KYE6rtaiiA_932x810.jpg"}}, "description": "Made predominantly from Merlot and Cabernet Franc, Saint-\u00c9milion wines tend to have a rich, mouth-drying tannic structure, which is balanced by the more juicy characteristics of plum and black cherry fruit, along with chocolate and sweet spice, developing savory tobacco and cedar characteristics with age.\n\nThe best Saint-\u00c9milion wines will exhibit a terrific mineral vein, the result of vines being planted on the region's limestone escarpment. Vines planted on sandy soils tend to produce grapes that make lighter styled wines.\n\nSituated on the right bank of Bordeaux, the region of Saint-\u00c9milion can boast of producing the most diverse range of styles, partly due to differences in soil types, from gravel to limestone to sand, but also thanks to production variations and winemakers looking to make their mark.", "blurb": null, "interesting_facts": ["The village of Saint-\u00c9milion is a UNESCO World Heritage Site.", "Saint-\u00c9milion was the first Bordeaux region to export its wines.", "Saint-\u00c9milion is Bordeaux's largest major wine-producing region.", "Unlike other classified regions within Bordeaux, Saint-\u00c9milion updates its classification roughly every 10 years.", "In Saint-\u00c9milion Cabernet Franc is referred to as Bouchet."], "body": 4, "body_description": "Full-bodied", "acidity": 2, "acidity_description": "Medium", "country": {"code": "fr", "name": "France", "native_name": "France", "seo_name": "france", "currency": {"code": "EUR", "name": "Euros", "prefix": "\u20ac", "suffix": null}, "regions_count": 1292, "users_count": 5068363, "wines_count": 542471, "wineries_count": 67002, "most_used_grapes": [{"id": 14, "name": "Pinot Noir", "seo_name": "pinot-noir", "has_detailed_info": true, "wines_count": 572334}, {"id": 10, "name": "Merlot", "seo_name": "merlot", "has_detailed_info": true, "wines_count": 566719}, {"id": 5, "name": "Chardonnay", "seo_name": "chardonnay", "has_detailed_info": true, "wines_count": 604208}]}, "wine_type_id": 1, "food": [{"id": 4, "name": "Beef", "background_image": {"location": "//images.vivino.com/backgrounds/foods/4_beef.png", "variations": {"small": "//images.vivino.com/backgrounds/foods/thumbs/4_beef_932x810.png"}}, "seo_name": "beef"}, {"id": 8, "name": "Lamb", "background_image": {"location": "//images.vivino.com/backgrounds/foods/8_lamb.png", "variations": {"small": "//images.vivino.com/backgrounds/foods/thumbs/8_lamb_932x810.png"}}, "seo_name": "lamb"}, {"id": 11, "name": "Game (deer, venison)", "background_image": {"location": "//images.vivino.com/backgrounds/foods/11_venison.png", "variations": {"small": "//images.vivino.com/backgrounds/foods/thumbs/11_venison_932x810.png"}}, "seo_name": "game"}, {"id": 20, "name": "Poultry", "background_image": {"location": "//images.vivino.com/backgrounds/foods/20_chicken.png", "variations": {"small": "//images.vivino.com/backgrounds/foods/thumbs/20_chicken_932x810.png"}}, "seo_name": "poultry"}], "grapes": [{"id": 2, "name": "Cabernet Sauvignon", "seo_name": "cabernet-sauvignon", "has_detailed_info": true, "wines_count": 801751}, {"id": 3, "name": "Cabernet Franc", "seo_name": "cabernet-franc", "has_detailed_info": true, "wines_count": 269578}, {"id": 9, "name": "Malbec", "seo_name": "malbec", "has_detailed_info": true, "wines_count": 219735}, {"id": 10, "name": "Merlot", "seo_name": "merlot", "has_detailed_info": true, "wines_count": 566719}, {"id": 42, "name": "Petit Verdot", "seo_name": "petit-verdot", "has_detailed_info": true, "wines_count": 82567}, {"id": 51, "name": "Carm\u00e9n\u00e8re", "seo_name": "carmenere", "has_detailed_info": true, "wines_count": 50087}], "region": {"id": 383, "name": "Bordeaux", "name_en": "", "seo_name": "bordeaux", "country": {"code": "fr", "name": "France", "native_name": "France", "seo_name": "france", "currency": {"code": "EUR", "name": "Euros", "prefix": "\u20ac", "suffix": null}, "regions_count": 1292, "users_count": 5068363, "wines_count": 542471, "wineries_count": 67002, "most_used_grapes": [{"id": 14, "name": "Pinot Noir", "seo_name": "pinot-noir", "has_detailed_info": true, "wines_count": 572334}, {"id": 10, "name": "Merlot", "seo_name": "merlot", "has_detailed_info": true, "wines_count": 566719}, {"id": 5, "name": "Chardonnay", "seo_name": "chardonnay", "has_detailed_info": true, "wines_count": 604208}]}, "parent_id": null, "background_image": {"location": "//images.vivino.com/regions/backgrounds/sbzA7h1ITnaHABaVqWJ4CA.jpg", "variations": {"large": "//thumbs.vivino.com/region_backgrounds/sbzA7h1ITnaHABaVqWJ4CA_1280x760.jpg", "medium": "//thumbs.vivino.com/region_backgrounds/sbzA7h1ITnaHABaVqWJ4CA_600x356.jpg"}}, "class": {"typecast_map": {"background_image": {}, "class": {}}}, "statistics": {"wineries_count": 13330, "wines_count": 41775, "sub_regions_count": 12, "parent_regions_count": 0}}}}, "vintage_year": 2015}, {"vintage_id": 2093557, "highlight_type": "top_ranked", "message": "Among top 9% of all wines in the world", "icon": "https://images.vivino.com/highlights/icon/top_ranked.svg", "metadata": {"price": null, "wine_id": 1153606, "toplist": null, "ws_award": null, "critic_review_id": null, "ratings_average": 3.8, "ratings_count": 91, "vintage_year": "2009", "rank_type": "global", "ranks": {"country": {"description": "Rank within France", "total": 2497622, "rank": 212105}, "region": {"description": "Rank within Wine Region", "total": 50663, "rank": 8049}, "winery": {"description": "Rank within Winery", "total": 30, "rank": 3}, "global": {"description": "Global Rank", "total": 8944716, "rank": 771980}}, "style": {"id": 266, "seo_name": "bordeaux-right-bank-saint-emilion", "regional_name": "Bordeaux Right Bank", "varietal_name": "Saint-\u00c9milion", "name": "Bordeaux Saint-\u00c9milion", "image": null, "background_image": {"location": "//images.vivino.com/backgrounds/styles/JqMTW-DLSdK6KYE6rtaiiA.jpg", "variations": {"small": "//images.vivino.com/backgrounds/styles/thumbs/JqMTW-DLSdK6KYE6rtaiiA_932x810.jpg"}}, "description": "Made predominantly from Merlot and Cabernet Franc, Saint-\u00c9milion wines tend to have a rich, mouth-drying tannic structure, which is balanced by the more juicy characteristics of plum and black cherry fruit, along with chocolate and sweet spice, developing savory tobacco and cedar characteristics with age.\n\nThe best Saint-\u00c9milion wines will exhibit a terrific mineral vein, the result of vines being planted on the region's limestone escarpment. Vines planted on sandy soils tend to produce grapes that make lighter styled wines.\n\nSituated on the right bank of Bordeaux, the region of Saint-\u00c9milion can boast of producing the most diverse range of styles, partly due to differences in soil types, from gravel to limestone to sand, but also thanks to production variations and winemakers looking to make their mark.", "blurb": null, "interesting_facts": ["The village of Saint-\u00c9milion is a UNESCO World Heritage Site.", "Saint-\u00c9milion was the first Bordeaux region to export its wines.", "Saint-\u00c9milion is Bordeaux's largest major wine-producing region.", "Unlike other classified regions within Bordeaux, Saint-\u00c9milion updates its classification roughly every 10 years.", "In Saint-\u00c9milion Cabernet Franc is referred to as Bouchet."], "body": 4, "body_description": "Full-bodied", "acidity": 2, "acidity_description": "Medium", "country": {"code": "fr", "name": "France", "native_name": "France", "seo_name": "france", "currency": {"code": "EUR", "name": "Euros", "prefix": "\u20ac", "suffix": null}, "regions_count": 1292, "users_count": 5068363, "wines_count": 542471, "wineries_count": 67002, "most_used_grapes": [{"id": 14, "name": "Pinot Noir", "seo_name": "pinot-noir", "has_detailed_info": true, "wines_count": 572334}, {"id": 10, "name": "Merlot", "seo_name": "merlot", "has_detailed_info": true, "wines_count": 566719}, {"id": 5, "name": "Chardonnay", "seo_name": "chardonnay", "has_detailed_info": true, "wines_count": 604208}]}, "wine_type_id": 1, "food": [{"id": 4, "name": "Beef", "background_image": {"location": "//images.vivino.com/backgrounds/foods/4_beef.png", "variations": {"small": "//images.vivino.com/backgrounds/foods/thumbs/4_beef_932x810.png"}}, "seo_name": "beef"}, {"id": 8, "name": "Lamb", "background_image": {"location": "//images.vivino.com/backgrounds/foods/8_lamb.png", "variations": {"small": "//images.vivino.com/backgrounds/foods/thumbs/8_lamb_932x810.png"}}, "seo_name": "lamb"}, {"id": 11, "name": "Game (deer, venison)", "background_image": {"location": "//images.vivino.com/backgrounds/foods/11_venison.png", "variations": {"small": "//images.vivino.com/backgrounds/foods/thumbs/11_venison_932x810.png"}}, "seo_name": "game"}, {"id": 20, "name": "Poultry", "background_image": {"location": "//images.vivino.com/backgrounds/foods/20_chicken.png", "variations": {"small": "//images.vivino.com/backgrounds/foods/thumbs/20_chicken_932x810.png"}}, "seo_name": "poultry"}], "grapes": [{"id": 2, "name": "Cabernet Sauvignon", "seo_name": "cabernet-sauvignon", "has_detailed_info": true, "wines_count": 801751}, {"id": 3, "name": "Cabernet Franc", "seo_name": "cabernet-franc", "has_detailed_info": true, "wines_count": 269578}, {"id": 9, "name": "Malbec", "seo_name": "malbec", "has_detailed_info": true, "wines_count": 219735}, {"id": 10, "name": "Merlot", "seo_name": "merlot", "has_detailed_info": true, "wines_count": 566719}, {"id": 42, "name": "Petit Verdot", "seo_name": "petit-verdot", "has_detailed_info": true, "wines_count": 82567}, {"id": 51, "name": "Carm\u00e9n\u00e8re", "seo_name": "carmenere", "has_detailed_info": true, "wines_count": 50087}], "region": {"id": 383, "name": "Bordeaux", "name_en": "", "seo_name": "bordeaux", "country": {"code": "fr", "name": "France", "native_name": "France", "seo_name": "france", "currency": {"code": "EUR", "name": "Euros", "prefix": "\u20ac", "suffix": null}, "regions_count": 1292, "users_count": 5068363, "wines_count": 542471, "wineries_count": 67002, "most_used_grapes": [{"id": 14, "name": "Pinot Noir", "seo_name": "pinot-noir", "has_detailed_info": true, "wines_count": 572334}, {"id": 10, "name": "Merlot", "seo_name": "merlot", "has_detailed_info": true, "wines_count": 566719}, {"id": 5, "name": "Chardonnay", "seo_name": "chardonnay", "has_detailed_info": true, "wines_count": 604208}]}, "parent_id": null, "background_image": {"location": "//images.vivino.com/regions/backgrounds/sbzA7h1ITnaHABaVqWJ4CA.jpg", "variations": {"large": "//thumbs.vivino.com/region_backgrounds/sbzA7h1ITnaHABaVqWJ4CA_1280x760.jpg", "medium": "//thumbs.vivino.com/region_backgrounds/sbzA7h1ITnaHABaVqWJ4CA_600x356.jpg"}}, "class": {"typecast_map": {"background_image": {}, "class": {}}}, "statistics": {"wineries_count": 13330, "wines_count": 41775, "sub_regions_count": 12, "parent_regions_count": 0}}}}, "vintage_year": 2009}], "recommended_vintages": [{"vintage": {"id": 154189507, "seo_name": "jacques-noir-saint-emilion-2016", "name": "Ch\u00e2teau Jacques Noir Saint-\u00c9milion 2016", "statistics": {"status": "Normal", "ratings_count": 117, "ratings_average": 3.9, "labels_count": 2025, "reviews_count": 54}, "year": 2016, "grapes": null, "has_valid_ratings": true}, "type": "best_user_rated", "highlight_icon": "https://images.vivino.com/highlights/icon/best_user_rated.svg", "price": null}, {"vintage": {"id": 148210012, "seo_name": "jacques-noir-saint-emilion-2015", "name": "Ch\u00e2teau Jacques Noir Saint-\u00c9milion 2015", "statistics": {"status": "Normal", "ratings_count": 161, "ratings_average": 3.8, "labels_count": 2499, "reviews_count": 60}, "year": 2015, "grapes": null, "has_valid_ratings": true}, "type": "most_user_rated", "highlight_icon": "https://images.vivino.com/highlights/icon/most_user_rated.svg", "price": null}, {"vintage": {"id": 2093557, "seo_name": "jacques-noir-saint-emilion-2009", "name": "Ch\u00e2teau Jacques Noir Saint-\u00c9milion 2009", "statistics": {"status": "Normal", "ratings_count": 91, "ratings_average": 3.8, "labels_count": 889, "reviews_count": 23}, "year": 2009, "grapes": null, "has_valid_ratings": true}, "type": "top_ranked", "highlight_icon": "https://images.vivino.com/highlights/icon/top_ranked.svg", "price": null}], "prices_and_availabilities": [], "price_range": {"currency": {"code": "EUR", "name": "Euros", "prefix": "\u20ac", "suffix": null}, "price_range": {"minimum": 0, "maximum": 500, "currency_code": "EUR"}, "defaults": {"minimum": 7, "maximum": 30, "currency_code": "EUR"}}, "subtotal_price": null}