{"tastes": {"structure": {"acidity": 3.3437703, "fizziness": null, "intensity": 4.3940506, "sweetness": 1.4840325, "tannin": 3.342432, "user_structure_count": 28, "calculated_structure_count": 113}, "flavor": [{"group": "oak", "stats": {"count": 67, "score": 8903, "mentions_count": 101}, "primary_keywords": [{"id": 292, "name": "oak", "count": 37}, {"id": 434, "name": "vanilla", "count": 27}, {"id": 422, "name": "tobacco", "count": 18}, {"id": 83, "name": "cedar", "count": 4}, {"id": 101, "name": "chocolate", "count": 4}, {"id": 117, "name": "coffee", "count": 3}, {"id": 134, "name": "dark chocolate", "count": 2}, {"id": 112, "name": "clove", "count": 2}, {"id": 104, "name": "cigar box", "count": 1}, {"id": 280, "name": "mocha", "count": 1}, {"id": 333, "name": "pipe tobacco", "count": 1}, {"id": 424, "name": "toffee", "count": 1}], "secondary_keywords": [{"id": 242, "name": "leather", "count": 13}, {"id": 113, "name": "cocoa", "count": 1}, {"id": 384, "name": "smoke", "count": 1}, {"id": 105, "name": "cinnamon", "count": 1}]}, {"group": "black_fruit", "stats": {"count": 48, "score": 6739, "mentions_count": 69}, "primary_keywords": [{"id": 39, "name": "black fruit", "count": 17}, {"id": 49, "name": "blackberry", "count": 15}, {"id": 135, "name": "dark fruit", "count": 8}, {"id": 334, "name": "plum", "count": 8}, {"id": 470, "name": "cassis", "count": 6}, {"id": 38, "name": "black cherry", "count": 5}, {"id": 52, "name": "blackcurrant", "count": 5}, {"id": 229, "name": "jam", "count": 3}, {"id": 55, "name": "blueberry", "count": 2}]}, {"group": "earth", "stats": {"count": 40, "score": 4002, "mentions_count": 39}, "primary_keywords": [{"id": 242, "name": "leather", "count": 13}, {"id": 156, "name": "earthy", "count": 10}, {"id": 284, "name": "mushroom", "count": 4}, {"id": 192, "name": "graphite", "count": 4}, {"id": 276, "name": "minerals", "count": 3}, {"id": 181, "name": "ginger", "count": 1}, {"id": 113, "name": "cocoa", "count": 1}, {"id": 384, "name": "smoke", "count": 1}, {"id": 430, "name": "truffle", "count": 1}, {"id": 398, "name": "stone", "count": 1}], "secondary_keywords": [{"id": 422, "name": "tobacco", "count": 18}, {"id": 134, "name": "dark chocolate", "count": 2}, {"id": 280, "name": "mocha", "count": 1}]}, {"group": "red_fruit", "stats": {"count": 28, "score": 2713, "mentions_count": 26}, "primary_keywords": [{"id": 354, "name": "red fruit", "count": 10}, {"id": 93, "name": "cherry", "count": 7}, {"id": 400, "name": "strawberry", "count": 5}, {"id": 348, "name": "raspberry", "count": 2}, {"id": 353, "name": "red currant", "count": 1}, {"id": 352, "name": "red cherry", "count": 1}], "secondary_keywords": [{"id": 38, "name": "black cherry", "count": 5}, {"id": 229, "name": "jam", "count": 3}]}, {"group": "spices", "stats": {"count": 37, "score": 1479, "mentions_count": 13}, "primary_keywords": [{"id": 320, "name": "pepper", "count": 4}, {"id": 277, "name": "mint", "count": 2}, {"id": 159, "name": "eucalyptus", "count": 1}, {"id": 249, "name": "licorice", "count": 1}, {"id": 375, "name": "sage", "count": 1}, {"id": 7, "name": "anise", "count": 1}, {"id": 449, "name": "white pepper", "count": 1}, {"id": 105, "name": "cinnamon", "count": 1}, {"id": 148, "name": "dried herbs", "count": 1}], "secondary_keywords": [{"id": 434, "name": "vanilla", "count": 27}, {"id": 112, "name": "clove", "count": 2}, {"id": 181, "name": "ginger", "count": 1}]}, {"group": "microbio", "stats": {"count": 8, "score": 541, "mentions_count": 3}, "primary_keywords": [{"id": 91, "name": "cheese", "count": 3}], "secondary_keywords": [{"id": 284, "name": "mushroom", "count": 4}, {"id": 424, "name": "toffee", "count": 1}, {"id": 430, "name": "truffle", "count": 1}]}, {"group": "dried_fruit", "stats": {"count": 4, "score": 148, "mentions_count": 1}, "primary_keywords": [{"id": 347, "name": "raisin", "count": 1}], "secondary_keywords": [{"id": 229, "name": "jam", "count": 3}]}, {"group": "floral", "stats": {"count": 1, "score": 100, "mentions_count": 1}, "primary_keywords": [{"id": 436, "name": "violet", "count": 1}]}, {"group": "vegetal", "stats": {"count": 1, "score": 100, "mentions_count": 1}, "primary_keywords": [{"id": 16, "name": "asparagus", "count": 1}]}, {"group": "citrus_fruit", "stats": {"count": 1, "score": 100, "mentions_count": 1}, "primary_keywords": [{"id": 190, "name": "grapefruit", "count": 1}]}, {"group": "non_oak", "stats": {"count": 44, "score": 675, "mentions_count": 0}, "secondary_keywords": [{"id": 434, "name": "vanilla", "count": 27}, {"id": 422, "name": "tobacco", "count": 18}, {"id": 83, "name": "cedar", "count": 4}, {"id": 117, "name": "coffee", "count": 3}, {"id": 112, "name": "clove", "count": 2}, {"id": 384, "name": "smoke", "count": 1}, {"id": 105, "name": "cinnamon", "count": 1}, {"id": 280, "name": "mocha", "count": 1}]}]}, "vivino_id": "1269710"}