{"vintage": {"id": 2682765, "seo_name": "la-croix-romane-lalande-de-pomerol-uv", "name": "Ch\u00e2teau La Croix Romane Lalande-de-Pomerol", "statistics": {"status": "Normal", "ratings_count": 1893, "ratings_average": 4, "labels_count": 33, "reviews_count": 12}, "organic_certification_id": null, "certified_biodynamic": null, "image": {"location": "//images.vivino.com/thumbs/eILSWGjNTlmYsLO_2cCVgQ_pl_480x640.png", "variations": {"bottle_large": "//images.vivino.com/thumbs/eILSWGjNTlmYsLO_2cCVgQ_pb_x960.png", "bottle_medium": "//images.vivino.com/thumbs/eILSWGjNTlmYsLO_2cCVgQ_pb_x600.png", "bottle_medium_square": "//images.vivino.com/thumbs/eILSWGjNTlmYsLO_2cCVgQ_pb_600x600.png", "bottle_small": "//images.vivino.com/thumbs/eILSWGjNTlmYsLO_2cCVgQ_pb_x300.png", "bottle_small_square": "//images.vivino.com/thumbs/eILSWGjNTlmYsLO_2cCVgQ_pb_300x300.png", "label": "//images.vivino.com/thumbs/eILSWGjNTlmYsLO_2cCVgQ_pl_480x640.png", "label_large": "//images.vivino.com/thumbs/eILSWGjNTlmYsLO_2cCVgQ_pl_375x500.png", "label_medium": "//images.vivino.com/thumbs/eILSWGjNTlmYsLO_2cCVgQ_pl_150x200.png", "label_medium_square": "//images.vivino.com/thumbs/eILSWGjNTlmYsLO_2cCVgQ_pl_150x150.png", "label_small_square": "//images.vivino.com/thumbs/eILSWGjNTlmYsLO_2cCVgQ_pl_80x80.png", "large": "//images.vivino.com/thumbs/eILSWGjNTlmYsLO_2cCVgQ_pl_375x500.png", "medium": "//images.vivino.com/thumbs/eILSWGjNTlmYsLO_2cCVgQ_pl_150x200.png", "medium_square": "//images.vivino.com/thumbs/eILSWGjNTlmYsLO_2cCVgQ_pl_150x150.png", "small_square": "//images.vivino.com/thumbs/eILSWGjNTlmYsLO_2cCVgQ_pl_80x80.png"}}, "wine": {"id": 1269710, "name": "Lalande-de-Pomerol", "seo_name": "lalande-de-pomerol", "type_id": 1, "vintage_type": 0, "is_natural": false, "region": {"id": 386, "name": "Lalande-de-Pomerol", "name_en": "", "seo_name": "lalande-de-pomerol", "country": {"code": "fr", "name": "France", "native_name": "France", "seo_name": "france", "currency": {"code": "EUR", "name": "Euros", "prefix": "\u20ac", "suffix": null}, "regions_count": 1292, "users_count": 5068363, "wines_count": 542471, "wineries_count": 67002, "most_used_grapes": [{"id": 14, "name": "Pinot Noir", "seo_name": "pinot-noir", "has_detailed_info": true, "wines_count": 572334}, {"id": 10, "name": "Merlot", "seo_name": "merlot", "has_detailed_info": true, "wines_count": 566719}, {"id": 5, "name": "Chardonnay", "seo_name": "chardonnay", "has_detailed_info": true, "wines_count": 604208}]}, "parent_id": 509, "background_image": {"location": "//images.vivino.com/regions/backgrounds/vrcDoVEaRKuLwLPy_PW7SQ.jpg", "variations": {"large": "//thumbs.vivino.com/region_backgrounds/vrcDoVEaRKuLwLPy_PW7SQ_1280x760.jpg", "medium": "//thumbs.vivino.com/region_backgrounds/vrcDoVEaRKuLwLPy_PW7SQ_600x356.jpg"}}, "class": {"typecast_map": {"background_image": {}, "class": {}}}, "statistics": {"wineries_count": 267, "wines_count": 1054, "sub_regions_count": 0, "parent_regions_count": 2}}, "review_status": 2, "winery": {"id": 47713, "name": "Ch\u00e2teau La Croix Romane", "seo_name": "la-croix-romane", "status": 0, "review_status": "Completed", "background_image": null, "statistics": {"ratings_count": 1893, "ratings_average": 4, "labels_count": 14674, "wines_count": 1}, "region": {"id": 386, "name": "Lalande-de-Pomerol", "name_en": "", "seo_name": "lalande-de-pomerol", "country": {"code": "fr", "name": "France", "native_name": "France", "seo_name": "france", "currency": {"code": "EUR", "name": "Euros", "prefix": "\u20ac", "suffix": null}, "regions_count": 1292, "users_count": 5068363, "wines_count": 542471, "wineries_count": 67002, "most_used_grapes": [{"id": 14, "name": "Pinot Noir", "seo_name": "pinot-noir", "has_detailed_info": true, "wines_count": 572334}, {"id": 10, "name": "Merlot", "seo_name": "merlot", "has_detailed_info": true, "wines_count": 566719}, {"id": 5, "name": "Chardonnay", "seo_name": "chardonnay", "has_detailed_info": true, "wines_count": 604208}]}, "parent_id": 509, "background_image": {"location": "//images.vivino.com/regions/backgrounds/vrcDoVEaRKuLwLPy_PW7SQ.jpg", "variations": {"large": "//thumbs.vivino.com/region_backgrounds/vrcDoVEaRKuLwLPy_PW7SQ_1280x760.jpg", "medium": "//thumbs.vivino.com/region_backgrounds/vrcDoVEaRKuLwLPy_PW7SQ_600x356.jpg"}}, "class": {"typecast_map": {"background_image": {}, "class": {}}}, "statistics": {"wineries_count": 267, "wines_count": 1054, "sub_regions_count": 0, "parent_regions_count": 2}}, "business_name": "Ch\u00e2teau La Croix Romane", "description": "", "specialists_notes": "", "phone": "33 5 53 82 48 31", "email": "contact@vignoblesdubard.com", "facebook": "", "instagram": "", "is_claimed": false, "twitter": "", "website": "http://www.vignoblesdubard.com/index1.htm", "winemaker": null, "wine_maker": null, "address": {"title": null, "name": null, "street": "Le Gouyat", "street2": null, "neighborhood": null, "city": "St M\u00e9ard de Gur\u00e7on", "zip": "24610", "state": null, "country": {"code": "fr", "name": "France", "native_name": "France", "seo_name": "france", "currency": {"code": "EUR", "name": "Euros", "prefix": "\u20ac", "suffix": null}, "regions_count": 1292, "users_count": 5068363, "wines_count": 542471, "wineries_count": 67002, "most_used_grapes": [{"id": 14, "name": "Pinot Noir", "seo_name": "pinot-noir", "has_detailed_info": true, "wines_count": 572334}, {"id": 10, "name": "Merlot", "seo_name": "merlot", "has_detailed_info": true, "wines_count": 566719}, {"id": 5, "name": "Chardonnay", "seo_name": "chardonnay", "has_detailed_info": true, "wines_count": 604208}]}, "company": null, "phone": null, "external_id": null, "residential": null, "vat_number": null, "vat_code": null, "addition": null}, "image": null, "location": null, "winery_group": {"id": 456, "name": "Vignobles Dubard", "website": "http://www.vignoblesdubard.com/"}, "first_wines": [], "sponsored_entity_type": null, "sponsored_entity": null}, "statistics": {"status": "Normal", "ratings_count": 1893, "ratings_average": 4, "labels_count": 14674, "vintages_count": 32}, "rank": {"country": {"description": "Rank within France", "total": 317718, "rank": 8122}, "region": {"description": "Rank within Wine Region", "total": 443, "rank": 15}, "winery": {"description": "Rank within Winery", "total": 1, "rank": 1}, "wine_type": {"description": "Rank within all Red Wine", "total": 659127, "rank": 21249}, "global": {"description": "Global Rank", "total": 1302038, "rank": 31568}}, "hidden": false, "vintages": [{"id": 162531332, "seo_name": "la-croix-romane-lalande-de-pomerol-2019", "name": "Ch\u00e2teau La Croix Romane Lalande-de-Pomerol 2019", "statistics": {"status": "BelowThreshold", "ratings_count": 6, "ratings_average": 0, "labels_count": 98, "reviews_count": 3}, "year": 2019, "grapes": null, "has_valid_ratings": false}, {"id": 156608687, "seo_name": "la-croix-romane-lalande-de-pomerol-2018", "name": "Ch\u00e2teau La Croix Romane Lalande-de-Pomerol 2018", "statistics": {"status": "Normal", "ratings_count": 220, "ratings_average": 4.1, "labels_count": 2058, "reviews_count": 91}, "year": 2018, "grapes": null, "has_valid_ratings": true}, {"id": 142003788, "seo_name": "la-croix-romane-lalande-de-pomerol-2016", "name": "Ch\u00e2teau La Croix Romane Lalande-de-Pomerol 2016", "statistics": {"status": "Normal", "ratings_count": 374, "ratings_average": 4.1, "labels_count": 3353, "reviews_count": 143}, "year": 2016, "grapes": null, "has_valid_ratings": true}, {"id": 21942648, "seo_name": "la-croix-romane-lalande-de-pomerol-2015", "name": "Ch\u00e2teau La Croix Romane Lalande-de-Pomerol 2015", "statistics": {"status": "Normal", "ratings_count": 321, "ratings_average": 4.1, "labels_count": 2806, "reviews_count": 108}, "year": 2015, "grapes": null, "has_valid_ratings": true}, {"id": 19989352, "seo_name": "la-croix-romane-lalande-de-pomerol-2014", "name": "Ch\u00e2teau La Croix Romane Lalande-de-Pomerol 2014", "statistics": {"status": "Normal", "ratings_count": 237, "ratings_average": 3.9, "labels_count": 1582, "reviews_count": 75}, "year": 2014, "grapes": null, "has_valid_ratings": true}, {"id": 8227544, "seo_name": "la-croix-romane-lalande-de-pomerol-2012", "name": "Ch\u00e2teau La Croix Romane Lalande-de-Pomerol 2012", "statistics": {"status": "Normal", "ratings_count": 208, "ratings_average": 3.9, "labels_count": 1470, "reviews_count": 65}, "year": 2012, "grapes": null, "has_valid_ratings": true}, {"id": 3520634, "seo_name": "la-croix-romane-lalande-de-pomerol-2011", "name": "Ch\u00e2teau La Croix Romane Lalande-de-Pomerol 2011", "statistics": {"status": "Normal", "ratings_count": 308, "ratings_average": 4, "labels_count": 1892, "reviews_count": 93}, "year": 2011, "grapes": null, "has_valid_ratings": true}, {"id": 1443089, "seo_name": "la-croix-romane-lalande-de-pomerol-2010", "name": "Ch\u00e2teau La Croix Romane Lalande-de-Pomerol 2010", "statistics": {"status": "Normal", "ratings_count": 113, "ratings_average": 3.9, "labels_count": 732, "reviews_count": 32}, "year": 2010, "grapes": null, "has_valid_ratings": true}, {"id": 1499142, "seo_name": "la-croix-romane-lalande-de-pomerol-2009", "name": "Ch\u00e2teau La Croix Romane Lalande-de-Pomerol 2009", "statistics": {"status": "Normal", "ratings_count": 55, "ratings_average": 4, "labels_count": 494, "reviews_count": 14}, "year": 2009, "grapes": null, "has_valid_ratings": true}, {"id": 2502804, "seo_name": "la-croix-romane-lalande-de-pomerol-2008", "name": "Ch\u00e2teau La Croix Romane Lalande-de-Pomerol 2008", "statistics": {"status": "BelowThreshold", "ratings_count": 7, "ratings_average": 0, "labels_count": 35, "reviews_count": 2}, "year": 2008, "grapes": null, "has_valid_ratings": false}, {"id": 6021427, "seo_name": "la-croix-romane-lalande-de-pomerol-2006", "name": "Ch\u00e2teau La Croix Romane Lalande-de-Pomerol 2006", "statistics": {"status": "BelowThreshold", "ratings_count": 1, "ratings_average": 0, "labels_count": 1, "reviews_count": 1}, "year": 2006, "grapes": null, "has_valid_ratings": false}, {"id": 156490549, "seo_name": "la-croix-romane-lalande-de-pomerol-2001", "name": "Ch\u00e2teau La Croix Romane Lalande-de-Pomerol 2001", "statistics": {"status": "BelowThreshold", "ratings_count": 1, "ratings_average": 0, "labels_count": 1, "reviews_count": 0}, "year": 2001, "grapes": null, "has_valid_ratings": false}, {"id": 145849204, "seo_name": "la-croix-romane-lalande-de-pomerol-2000", "name": "Ch\u00e2teau La Croix Romane Lalande-de-Pomerol 2000", "statistics": {"status": "BelowThreshold", "ratings_count": 1, "ratings_average": 0, "labels_count": 2, "reviews_count": 0}, "year": 2000, "grapes": null, "has_valid_ratings": false}, {"id": 2682765, "seo_name": "la-croix-romane-lalande-de-pomerol-uv", "name": "Ch\u00e2teau La Croix Romane Lalande-de-Pomerol", "statistics": {"status": "Normal", "ratings_count": 1893, "ratings_average": 4, "labels_count": 33, "reviews_count": 12}, "year": 0, "grapes": null, "has_valid_ratings": true}], "description": "A very pleasant Lalande wine in a rather modern style with a distinctly ruby color, along with aromas of well-ripened fruit, soft spices, and subtle oak. After a fresh beginning, the palate becomes round and pulpy; tannins and oak respect the fruit.", "grapes": [{"id": 10, "name": "Merlot", "seo_name": "merlot", "has_detailed_info": true, "wines_count": 566719}, {"id": 2, "name": "Cabernet Sauvignon", "seo_name": "cabernet-sauvignon", "has_detailed_info": true, "wines_count": 801751}, {"id": 3, "name": "Cabernet Franc", "seo_name": "cabernet-franc", "has_detailed_info": true, "wines_count": 269578}], "foods": [{"id": 4, "name": "Beef", "background_image": {"location": "//images.vivino.com/backgrounds/foods/4_beef.png", "variations": {"small": "//images.vivino.com/backgrounds/foods/thumbs/4_beef_932x810.png"}}, "seo_name": "beef"}, {"id": 8, "name": "Lamb", "background_image": {"location": "//images.vivino.com/backgrounds/foods/8_lamb.png", "variations": {"small": "//images.vivino.com/backgrounds/foods/thumbs/8_lamb_932x810.png"}}, "seo_name": "lamb"}, {"id": 11, "name": "Game (deer, venison)", "background_image": {"location": "//images.vivino.com/backgrounds/foods/11_venison.png", "variations": {"small": "//images.vivino.com/backgrounds/foods/thumbs/11_venison_932x810.png"}}, "seo_name": "game"}, {"id": 20, "name": "Poultry", "background_image": {"location": "//images.vivino.com/backgrounds/foods/20_chicken.png", "variations": {"small": "//images.vivino.com/backgrounds/foods/thumbs/20_chicken_932x810.png"}}, "seo_name": "poultry"}], "non_vintage": false, "alcohol": 13.5, "sweetness_id": null, "closure": null, "vintage_mask_raw": null, "updated_at": "2021-02-09T15:08:15Z", "created_at": "2012-08-26T09:28:13Z", "is_first_wine": false, "style": {"id": 267, "seo_name": "bordeaux-right-bank-pomerol", "regional_name": "Bordeaux Right Bank", "varietal_name": "Pomerol", "name": "Bordeaux Pomerol", "image": null, "background_image": {"location": "//images.vivino.com/backgrounds/styles/DPkUPwiJQn6ITizvQ5lNwA.jpg", "variations": {"small": "//images.vivino.com/backgrounds/styles/thumbs/DPkUPwiJQn6ITizvQ5lNwA_932x810.jpg"}}, "description": "Bordeaux Pomerol wines are rich, decadent reds, with notes of chocolate, dark cherry, plums and spice, soft tannins and elegance courtesy of the Merlot grape.\n\nThe most lush\u2014and expensive\u2014wines come from a plateau of clay, gravel and iron, while lighter, more acidic wines come from the region's sandy soils.\n\nSituated on the Right Bank of Bordeaux, Pomerol is dominated by small estates that command premium prices.\n\nApproximately 80 percent of the region's plantings are Merlot, unlike other regions of Bordeaux where no one grape dominates so singularly; and one disadvantage is that bad weather can wreak havoc on an individual vintage.", "blurb": null, "interesting_facts": ["Pomerol is the smallest of Bordeaux's major appellations.", "Pomerol is the only major Bordeaux appellation that has not been classified.", "Cabernet Franc was the dominant grape of Pomerol until phylloxera hit, at which point it became out-planted by Merlot, the grape that now dominates the region.", "The region of Pomerol claims the three most expensive wines produced in Bordeaux: Ch\u00e2teau P\u00e9trus, Ch\u00e2teau Le Pin and Ch\u00e2teau Lafleur.", "The wines of Ch\u00e2teau P\u00e9trus are planted on unique blue clay soils, which are thought to be approximately 40 million years old and the best terroir in Pomerol."], "body": 4, "body_description": "Full-bodied", "acidity": 2, "acidity_description": "Medium", "country": {"code": "fr", "name": "France", "native_name": "France", "seo_name": "france", "currency": {"code": "EUR", "name": "Euros", "prefix": "\u20ac", "suffix": null}, "regions_count": 1292, "users_count": 5068363, "wines_count": 542471, "wineries_count": 67002, "most_used_grapes": [{"id": 14, "name": "Pinot Noir", "seo_name": "pinot-noir", "has_detailed_info": true, "wines_count": 572334}, {"id": 10, "name": "Merlot", "seo_name": "merlot", "has_detailed_info": true, "wines_count": 566719}, {"id": 5, "name": "Chardonnay", "seo_name": "chardonnay", "has_detailed_info": true, "wines_count": 604208}]}, "wine_type_id": 1, "food": [{"id": 4, "name": "Beef", "background_image": {"location": "//images.vivino.com/backgrounds/foods/4_beef.png", "variations": {"small": "//images.vivino.com/backgrounds/foods/thumbs/4_beef_932x810.png"}}, "seo_name": "beef"}, {"id": 8, "name": "Lamb", "background_image": {"location": "//images.vivino.com/backgrounds/foods/8_lamb.png", "variations": {"small": "//images.vivino.com/backgrounds/foods/thumbs/8_lamb_932x810.png"}}, "seo_name": "lamb"}, {"id": 11, "name": "Game (deer, venison)", "background_image": {"location": "//images.vivino.com/backgrounds/foods/11_venison.png", "variations": {"small": "//images.vivino.com/backgrounds/foods/thumbs/11_venison_932x810.png"}}, "seo_name": "game"}, {"id": 20, "name": "Poultry", "background_image": {"location": "//images.vivino.com/backgrounds/foods/20_chicken.png", "variations": {"small": "//images.vivino.com/backgrounds/foods/thumbs/20_chicken_932x810.png"}}, "seo_name": "poultry"}], "grapes": [{"id": 2, "name": "Cabernet Sauvignon", "seo_name": "cabernet-sauvignon", "has_detailed_info": true, "wines_count": 801751}, {"id": 3, "name": "Cabernet Franc", "seo_name": "cabernet-franc", "has_detailed_info": true, "wines_count": 269578}, {"id": 9, "name": "Malbec", "seo_name": "malbec", "has_detailed_info": true, "wines_count": 219735}, {"id": 10, "name": "Merlot", "seo_name": "merlot", "has_detailed_info": true, "wines_count": 566719}, {"id": 42, "name": "Petit Verdot", "seo_name": "petit-verdot", "has_detailed_info": true, "wines_count": 82567}, {"id": 51, "name": "Carm\u00e9n\u00e8re", "seo_name": "carmenere", "has_detailed_info": true, "wines_count": 50087}], "region": {"id": 383, "name": "Bordeaux", "name_en": "", "seo_name": "bordeaux", "country": {"code": "fr", "name": "France", "native_name": "France", "seo_name": "france", "currency": {"code": "EUR", "name": "Euros", "prefix": "\u20ac", "suffix": null}, "regions_count": 1292, "users_count": 5068363, "wines_count": 542471, "wineries_count": 67002, "most_used_grapes": [{"id": 14, "name": "Pinot Noir", "seo_name": "pinot-noir", "has_detailed_info": true, "wines_count": 572334}, {"id": 10, "name": "Merlot", "seo_name": "merlot", "has_detailed_info": true, "wines_count": 566719}, {"id": 5, "name": "Chardonnay", "seo_name": "chardonnay", "has_detailed_info": true, "wines_count": 604208}]}, "parent_id": null, "background_image": {"location": "//images.vivino.com/regions/backgrounds/sbzA7h1ITnaHABaVqWJ4CA.jpg", "variations": {"large": "//thumbs.vivino.com/region_backgrounds/sbzA7h1ITnaHABaVqWJ4CA_1280x760.jpg", "medium": "//thumbs.vivino.com/region_backgrounds/sbzA7h1ITnaHABaVqWJ4CA_600x356.jpg"}}, "class": {"typecast_map": {"background_image": {}, "class": {}}}, "statistics": {"wineries_count": 13330, "wines_count": 41775, "sub_regions_count": 12, "parent_regions_count": 0}}}, "has_valid_ratings": true}, "description": "", "wine_critic_reviews": [], "awards": [], "ratings_distribution": {"1": 12, "2": 36, "3": 362, "4": 1220, "5": 263}, "ranking": {"country": {"description": "Rank within France", "total": 2497593, "rank": 69836}, "region": {"description": "Rank within Wine Region", "total": 6677, "rank": 161}, "winery": {"description": "Rank within Winery", "total": 17, "rank": 4}, "global": {"description": "Global Rank", "total": 8944631, "rank": 268258}}, "wine_facts": {}, "winemaker": null, "wine_maker": null, "grape_composition": {}, "year": "", "grapes": null, "has_valid_ratings": true}, "carts": null, "full_region": null, "tastes": null, "wine": {"id": 1269710, "name": "Lalande-de-Pomerol", "seo_name": "lalande-de-pomerol", "type_id": 1, "vintage_type": 0, "is_natural": false, "region": {"id": 386, "name": "Lalande-de-Pomerol", "name_en": "", "seo_name": "lalande-de-pomerol", "country": {"code": "fr", "name": "France", "native_name": "France", "seo_name": "france", "currency": {"code": "EUR", "name": "Euros", "prefix": "\u20ac", "suffix": null}, "regions_count": 1292, "users_count": 5068363, "wines_count": 542471, "wineries_count": 67002, "most_used_grapes": [{"id": 14, "name": "Pinot Noir", "seo_name": "pinot-noir", "has_detailed_info": true, "wines_count": 572334}, {"id": 10, "name": "Merlot", "seo_name": "merlot", "has_detailed_info": true, "wines_count": 566719}, {"id": 5, "name": "Chardonnay", "seo_name": "chardonnay", "has_detailed_info": true, "wines_count": 604208}]}, "parent_id": 509, "background_image": {"location": "//images.vivino.com/regions/backgrounds/vrcDoVEaRKuLwLPy_PW7SQ.jpg", "variations": {"large": "//thumbs.vivino.com/region_backgrounds/vrcDoVEaRKuLwLPy_PW7SQ_1280x760.jpg", "medium": "//thumbs.vivino.com/region_backgrounds/vrcDoVEaRKuLwLPy_PW7SQ_600x356.jpg"}}, "class": {"typecast_map": {"background_image": {}, "class": {}}}, "statistics": {"wineries_count": 267, "wines_count": 1054, "sub_regions_count": 0, "parent_regions_count": 2}}, "review_status": 2, "winery": {"id": 47713, "name": "Ch\u00e2teau La Croix Romane", "seo_name": "la-croix-romane", "status": 0, "review_status": "Completed", "background_image": null, "statistics": {"ratings_count": 1893, "ratings_average": 4, "labels_count": 14674, "wines_count": 1}, "region": {"id": 386, "name": "Lalande-de-Pomerol", "name_en": "", "seo_name": "lalande-de-pomerol", "country": {"code": "fr", "name": "France", "native_name": "France", "seo_name": "france", "currency": {"code": "EUR", "name": "Euros", "prefix": "\u20ac", "suffix": null}, "regions_count": 1292, "users_count": 5068363, "wines_count": 542471, "wineries_count": 67002, "most_used_grapes": [{"id": 14, "name": "Pinot Noir", "seo_name": "pinot-noir", "has_detailed_info": true, "wines_count": 572334}, {"id": 10, "name": "Merlot", "seo_name": "merlot", "has_detailed_info": true, "wines_count": 566719}, {"id": 5, "name": "Chardonnay", "seo_name": "chardonnay", "has_detailed_info": true, "wines_count": 604208}]}, "parent_id": 509, "background_image": {"location": "//images.vivino.com/regions/backgrounds/vrcDoVEaRKuLwLPy_PW7SQ.jpg", "variations": {"large": "//thumbs.vivino.com/region_backgrounds/vrcDoVEaRKuLwLPy_PW7SQ_1280x760.jpg", "medium": "//thumbs.vivino.com/region_backgrounds/vrcDoVEaRKuLwLPy_PW7SQ_600x356.jpg"}}, "class": {"typecast_map": {"background_image": {}, "class": {}}}, "statistics": {"wineries_count": 267, "wines_count": 1054, "sub_regions_count": 0, "parent_regions_count": 2}}}, "image": {"location": "//images.vivino.com/thumbs/eILSWGjNTlmYsLO_2cCVgQ_pl_480x640.png", "variations": {"bottle_large": "//images.vivino.com/thumbs/eILSWGjNTlmYsLO_2cCVgQ_pb_x960.png", "bottle_medium": "//images.vivino.com/thumbs/eILSWGjNTlmYsLO_2cCVgQ_pb_x600.png", "bottle_medium_square": "//images.vivino.com/thumbs/eILSWGjNTlmYsLO_2cCVgQ_pb_600x600.png", "bottle_small": "//images.vivino.com/thumbs/eILSWGjNTlmYsLO_2cCVgQ_pb_x300.png", "bottle_small_square": "//images.vivino.com/thumbs/eILSWGjNTlmYsLO_2cCVgQ_pb_300x300.png", "label": "//images.vivino.com/thumbs/eILSWGjNTlmYsLO_2cCVgQ_pl_480x640.png", "label_large": "//images.vivino.com/thumbs/eILSWGjNTlmYsLO_2cCVgQ_pl_375x500.png", "label_medium": "//images.vivino.com/thumbs/eILSWGjNTlmYsLO_2cCVgQ_pl_150x200.png", "label_medium_square": "//images.vivino.com/thumbs/eILSWGjNTlmYsLO_2cCVgQ_pl_150x150.png", "label_small_square": "//images.vivino.com/thumbs/eILSWGjNTlmYsLO_2cCVgQ_pl_80x80.png", "large": "//images.vivino.com/thumbs/eILSWGjNTlmYsLO_2cCVgQ_pl_375x500.png", "medium": "//images.vivino.com/thumbs/eILSWGjNTlmYsLO_2cCVgQ_pl_150x200.png", "medium_square": "//images.vivino.com/thumbs/eILSWGjNTlmYsLO_2cCVgQ_pl_150x150.png", "small_square": "//images.vivino.com/thumbs/eILSWGjNTlmYsLO_2cCVgQ_pl_80x80.png"}}, "statistics": {"status": "Normal", "ratings_count": 1893, "ratings_average": 4, "labels_count": 14674, "vintages_count": 32}, "rank": null, "hidden": false, "vintages": [{"id": 167691147, "seo_name": "la-croix-romane-lalande-de-pomerol-2021", "name": "Ch\u00e2teau La Croix Romane Lalande-de-Pomerol 2021", "statistics": {"status": "BelowThreshold", "ratings_count": 0, "ratings_average": 0, "labels_count": 0, "reviews_count": 0}, "year": 2021, "grapes": null, "has_valid_ratings": false}, {"id": 169248947, "seo_name": "la-croix-romane-lalande-de-pomerol-2020", "name": "Ch\u00e2teau La Croix Romane Lalande-de-Pomerol 2020", "statistics": {"status": "BelowThreshold", "ratings_count": 0, "ratings_average": 0, "labels_count": 0, "reviews_count": 0}, "year": 2020, "grapes": null, "has_valid_ratings": false}, {"id": 162531332, "seo_name": "la-croix-romane-lalande-de-pomerol-2019", "name": "Ch\u00e2teau La Croix Romane Lalande-de-Pomerol 2019", "statistics": {"status": "BelowThreshold", "ratings_count": 6, "ratings_average": 0, "labels_count": 98, "reviews_count": 3}, "year": 2019, "grapes": null, "has_valid_ratings": false}, {"id": 156608687, "seo_name": "la-croix-romane-lalande-de-pomerol-2018", "name": "Ch\u00e2teau La Croix Romane Lalande-de-Pomerol 2018", "statistics": {"status": "Normal", "ratings_count": 220, "ratings_average": 4.1, "labels_count": 2058, "reviews_count": 91}, "year": 2018, "grapes": null, "has_valid_ratings": true}, {"id": 154794118, "seo_name": "la-croix-romane-lalande-de-pomerol-2017", "name": "Ch\u00e2teau La Croix Romane Lalande-de-Pomerol 2017", "statistics": {"status": "BelowThreshold", "ratings_count": 0, "ratings_average": 0, "labels_count": 0, "reviews_count": 0}, "year": 2017, "grapes": null, "has_valid_ratings": false}, {"id": 142003788, "seo_name": "la-croix-romane-lalande-de-pomerol-2016", "name": "Ch\u00e2teau La Croix Romane Lalande-de-Pomerol 2016", "statistics": {"status": "Normal", "ratings_count": 374, "ratings_average": 4.1, "labels_count": 3353, "reviews_count": 143}, "year": 2016, "grapes": null, "has_valid_ratings": true}, {"id": 21942648, "seo_name": "la-croix-romane-lalande-de-pomerol-2015", "name": "Ch\u00e2teau La Croix Romane Lalande-de-Pomerol 2015", "statistics": {"status": "Normal", "ratings_count": 321, "ratings_average": 4.1, "labels_count": 2806, "reviews_count": 108}, "year": 2015, "grapes": null, "has_valid_ratings": true}, {"id": 19989352, "seo_name": "la-croix-romane-lalande-de-pomerol-2014", "name": "Ch\u00e2teau La Croix Romane Lalande-de-Pomerol 2014", "statistics": {"status": "Normal", "ratings_count": 237, "ratings_average": 3.9, "labels_count": 1582, "reviews_count": 75}, "year": 2014, "grapes": null, "has_valid_ratings": true}, {"id": 3925875, "seo_name": "la-croix-romane-lalande-de-pomerol-2013", "name": "Ch\u00e2teau La Croix Romane Lalande-de-Pomerol 2013", "statistics": {"status": "BelowThreshold", "ratings_count": 0, "ratings_average": 0, "labels_count": 7, "reviews_count": 0}, "year": 2013, "grapes": null, "has_valid_ratings": false}, {"id": 8227544, "seo_name": "la-croix-romane-lalande-de-pomerol-2012", "name": "Ch\u00e2teau La Croix Romane Lalande-de-Pomerol 2012", "statistics": {"status": "Normal", "ratings_count": 208, "ratings_average": 3.9, "labels_count": 1470, "reviews_count": 65}, "year": 2012, "grapes": null, "has_valid_ratings": true}, {"id": 3520634, "seo_name": "la-croix-romane-lalande-de-pomerol-2011", "name": "Ch\u00e2teau La Croix Romane Lalande-de-Pomerol 2011", "statistics": {"status": "Normal", "ratings_count": 308, "ratings_average": 4, "labels_count": 1892, "reviews_count": 93}, "year": 2011, "grapes": null, "has_valid_ratings": true}, {"id": 1443089, "seo_name": "la-croix-romane-lalande-de-pomerol-2010", "name": "Ch\u00e2teau La Croix Romane Lalande-de-Pomerol 2010", "statistics": {"status": "Normal", "ratings_count": 113, "ratings_average": 3.9, "labels_count": 732, "reviews_count": 32}, "year": 2010, "grapes": null, "has_valid_ratings": true}, {"id": 1499142, "seo_name": "la-croix-romane-lalande-de-pomerol-2009", "name": "Ch\u00e2teau La Croix Romane Lalande-de-Pomerol 2009", "statistics": {"status": "Normal", "ratings_count": 55, "ratings_average": 4, "labels_count": 494, "reviews_count": 14}, "year": 2009, "grapes": null, "has_valid_ratings": true}, {"id": 2502804, "seo_name": "la-croix-romane-lalande-de-pomerol-2008", "name": "Ch\u00e2teau La Croix Romane Lalande-de-Pomerol 2008", "statistics": {"status": "BelowThreshold", "ratings_count": 7, "ratings_average": 0, "labels_count": 35, "reviews_count": 2}, "year": 2008, "grapes": null, "has_valid_ratings": false}, {"id": 48804831, "seo_name": "la-croix-romane-lalande-de-pomerol-2007", "name": "Ch\u00e2teau La Croix Romane Lalande-de-Pomerol 2007", "statistics": {"status": "BelowThreshold", "ratings_count": 0, "ratings_average": 0, "labels_count": 1, "reviews_count": 0}, "year": 2007, "grapes": null, "has_valid_ratings": false}, {"id": 6021427, "seo_name": "la-croix-romane-lalande-de-pomerol-2006", "name": "Ch\u00e2teau La Croix Romane Lalande-de-Pomerol 2006", "statistics": {"status": "BelowThreshold", "ratings_count": 1, "ratings_average": 0, "labels_count": 1, "reviews_count": 1}, "year": 2006, "grapes": null, "has_valid_ratings": false}, {"id": 48804810, "seo_name": "la-croix-romane-lalande-de-pomerol-2005", "name": "Ch\u00e2teau La Croix Romane Lalande-de-Pomerol 2005", "statistics": {"status": "BelowThreshold", "ratings_count": 0, "ratings_average": 0, "labels_count": 1, "reviews_count": 0}, "year": 2005, "grapes": null, "has_valid_ratings": false}, {"id": 149730697, "seo_name": "la-croix-romane-lalande-de-pomerol-2003", "name": "Ch\u00e2teau La Croix Romane Lalande-de-Pomerol 2003", "statistics": {"status": "BelowThreshold", "ratings_count": 0, "ratings_average": 0, "labels_count": 0, "reviews_count": 0}, "year": 2003, "grapes": null, "has_valid_ratings": false}, {"id": 156490549, "seo_name": "la-croix-romane-lalande-de-pomerol-2001", "name": "Ch\u00e2teau La Croix Romane Lalande-de-Pomerol 2001", "statistics": {"status": "BelowThreshold", "ratings_count": 1, "ratings_average": 0, "labels_count": 1, "reviews_count": 0}, "year": 2001, "grapes": null, "has_valid_ratings": false}, {"id": 145849204, "seo_name": "la-croix-romane-lalande-de-pomerol-2000", "name": "Ch\u00e2teau La Croix Romane Lalande-de-Pomerol 2000", "statistics": {"status": "BelowThreshold", "ratings_count": 1, "ratings_average": 0, "labels_count": 2, "reviews_count": 0}, "year": 2000, "grapes": null, "has_valid_ratings": false}, {"id": 48804772, "seo_name": "la-croix-romane-lalande-de-pomerol-1998", "name": "Ch\u00e2teau La Croix Romane Lalande-de-Pomerol 1998", "statistics": {"status": "BelowThreshold", "ratings_count": 0, "ratings_average": 0, "labels_count": 0, "reviews_count": 0}, "year": 1998, "grapes": null, "has_valid_ratings": false}, {"id": 158970358, "seo_name": "la-croix-romane-lalande-de-pomerol-1997", "name": "Ch\u00e2teau La Croix Romane Lalande-de-Pomerol 1997", "statistics": {"status": "BelowThreshold", "ratings_count": 0, "ratings_average": 0, "labels_count": 0, "reviews_count": 0}, "year": 1997, "grapes": null, "has_valid_ratings": false}, {"id": 158970354, "seo_name": "la-croix-romane-lalande-de-pomerol-1996", "name": "Ch\u00e2teau La Croix Romane Lalande-de-Pomerol 1996", "statistics": {"status": "BelowThreshold", "ratings_count": 0, "ratings_average": 0, "labels_count": 0, "reviews_count": 0}, "year": 1996, "grapes": null, "has_valid_ratings": false}, {"id": 156001038, "seo_name": "la-croix-romane-lalande-de-pomerol-1995", "name": "Ch\u00e2teau La Croix Romane Lalande-de-Pomerol 1995", "statistics": {"status": "BelowThreshold", "ratings_count": 0, "ratings_average": 0, "labels_count": 1, "reviews_count": 0}, "year": 1995, "grapes": null, "has_valid_ratings": false}, {"id": 149464002, "seo_name": "la-croix-romane-lalande-de-pomerol-1993", "name": "Ch\u00e2teau La Croix Romane Lalande-de-Pomerol 1993", "statistics": {"status": "BelowThreshold", "ratings_count": 0, "ratings_average": 0, "labels_count": 0, "reviews_count": 0}, "year": 1993, "grapes": null, "has_valid_ratings": false}, {"id": 149463998, "seo_name": "la-croix-romane-lalande-de-pomerol-1991", "name": "Ch\u00e2teau La Croix Romane Lalande-de-Pomerol 1991", "statistics": {"status": "BelowThreshold", "ratings_count": 0, "ratings_average": 0, "labels_count": 0, "reviews_count": 0}, "year": 1991, "grapes": null, "has_valid_ratings": false}, {"id": 141315264, "seo_name": "la-croix-romane-lalande-de-pomerol-1989", "name": "Ch\u00e2teau La Croix Romane Lalande-de-Pomerol 1989", "statistics": {"status": "BelowThreshold", "ratings_count": 0, "ratings_average": 0, "labels_count": 1, "reviews_count": 0}, "year": 1989, "grapes": null, "has_valid_ratings": false}, {"id": 154994371, "seo_name": "la-croix-romane-lalande-de-pomerol-1988", "name": "Ch\u00e2teau La Croix Romane Lalande-de-Pomerol 1988", "statistics": {"status": "BelowThreshold", "ratings_count": 0, "ratings_average": 0, "labels_count": 1, "reviews_count": 0}, "year": 1988, "grapes": null, "has_valid_ratings": false}, {"id": 149463995, "seo_name": "la-croix-romane-lalande-de-pomerol-1982", "name": "Ch\u00e2teau La Croix Romane Lalande-de-Pomerol 1982", "statistics": {"status": "BelowThreshold", "ratings_count": 0, "ratings_average": 0, "labels_count": 0, "reviews_count": 0}, "year": 1982, "grapes": null, "has_valid_ratings": false}, {"id": 142862420, "seo_name": "la-croix-romane-lalande-de-pomerol-1980", "name": "Ch\u00e2teau La Croix Romane Lalande-de-Pomerol 1980", "statistics": {"status": "BelowThreshold", "ratings_count": 0, "ratings_average": 0, "labels_count": 0, "reviews_count": 0}, "year": 1980, "grapes": null, "has_valid_ratings": false}, {"id": 150751713, "seo_name": "la-croix-romane-lalande-de-pomerol-1900", "name": "Ch\u00e2teau La Croix Romane Lalande-de-Pomerol 1900", "statistics": {"status": "BelowThreshold", "ratings_count": 0, "ratings_average": 0, "labels_count": 0, "reviews_count": 0}, "year": 1900, "grapes": null, "has_valid_ratings": false}, {"id": 2682765, "seo_name": "la-croix-romane-lalande-de-pomerol-uv", "name": "Ch\u00e2teau La Croix Romane Lalande-de-Pomerol", "statistics": {"status": "Normal", "ratings_count": 1893, "ratings_average": 4, "labels_count": 33, "reviews_count": 12}, "year": 0, "grapes": null, "has_valid_ratings": true}], "description": "A very pleasant Lalande wine in a rather modern style with a distinctly ruby color, along with aromas of well-ripened fruit, soft spices, and subtle oak. After a fresh beginning, the palate becomes round and pulpy; tannins and oak respect the fruit.", "grapes": [{"id": 10, "name": "Merlot", "seo_name": "merlot", "has_detailed_info": true, "wines_count": 566719}, {"id": 2, "name": "Cabernet Sauvignon", "seo_name": "cabernet-sauvignon", "has_detailed_info": true, "wines_count": 801751}, {"id": 3, "name": "Cabernet Franc", "seo_name": "cabernet-franc", "has_detailed_info": true, "wines_count": 269578}], "foods": [{"id": 4, "name": "Beef", "background_image": {"location": "//images.vivino.com/backgrounds/foods/4_beef.png", "variations": {"small": "//images.vivino.com/backgrounds/foods/thumbs/4_beef_932x810.png"}}, "seo_name": "beef"}, {"id": 8, "name": "Lamb", "background_image": {"location": "//images.vivino.com/backgrounds/foods/8_lamb.png", "variations": {"small": "//images.vivino.com/backgrounds/foods/thumbs/8_lamb_932x810.png"}}, "seo_name": "lamb"}, {"id": 11, "name": "Game (deer, venison)", "background_image": {"location": "//images.vivino.com/backgrounds/foods/11_venison.png", "variations": {"small": "//images.vivino.com/backgrounds/foods/thumbs/11_venison_932x810.png"}}, "seo_name": "game"}, {"id": 20, "name": "Poultry", "background_image": {"location": "//images.vivino.com/backgrounds/foods/20_chicken.png", "variations": {"small": "//images.vivino.com/backgrounds/foods/thumbs/20_chicken_932x810.png"}}, "seo_name": "poultry"}], "non_vintage": false, "alcohol": 13.5, "sweetness_id": null, "closure": null, "vintage_mask_raw": null, "updated_at": "2021-02-09T15:08:15Z", "created_at": "2012-08-26T09:28:13Z", "is_first_wine": false, "style": {"id": 267, "seo_name": "bordeaux-right-bank-pomerol", "regional_name": "Bordeaux Right Bank", "varietal_name": "Pomerol", "name": "Bordeaux Pomerol", "image": null, "background_image": {"location": "//images.vivino.com/backgrounds/styles/DPkUPwiJQn6ITizvQ5lNwA.jpg", "variations": {"small": "//images.vivino.com/backgrounds/styles/thumbs/DPkUPwiJQn6ITizvQ5lNwA_932x810.jpg"}}, "description": "Bordeaux Pomerol wines are rich, decadent reds, with notes of chocolate, dark cherry, plums and spice, soft tannins and elegance courtesy of the Merlot grape.\n\nThe most lush\u2014and expensive\u2014wines come from a plateau of clay, gravel and iron, while lighter, more acidic wines come from the region's sandy soils.\n\nSituated on the Right Bank of Bordeaux, Pomerol is dominated by small estates that command premium prices.\n\nApproximately 80 percent of the region's plantings are Merlot, unlike other regions of Bordeaux where no one grape dominates so singularly; and one disadvantage is that bad weather can wreak havoc on an individual vintage.", "blurb": null, "interesting_facts": ["Pomerol is the smallest of Bordeaux's major appellations.", "Pomerol is the only major Bordeaux appellation that has not been classified.", "Cabernet Franc was the dominant grape of Pomerol until phylloxera hit, at which point it became out-planted by Merlot, the grape that now dominates the region.", "The region of Pomerol claims the three most expensive wines produced in Bordeaux: Ch\u00e2teau P\u00e9trus, Ch\u00e2teau Le Pin and Ch\u00e2teau Lafleur.", "The wines of Ch\u00e2teau P\u00e9trus are planted on unique blue clay soils, which are thought to be approximately 40 million years old and the best terroir in Pomerol."], "body": 4, "body_description": "Full-bodied", "acidity": 2, "acidity_description": "Medium", "country": {"code": "fr", "name": "France", "native_name": "France", "seo_name": "france", "currency": {"code": "EUR", "name": "Euros", "prefix": "\u20ac", "suffix": null}, "regions_count": 1292, "users_count": 5068363, "wines_count": 542471, "wineries_count": 67002, "most_used_grapes": [{"id": 14, "name": "Pinot Noir", "seo_name": "pinot-noir", "has_detailed_info": true, "wines_count": 572334}, {"id": 10, "name": "Merlot", "seo_name": "merlot", "has_detailed_info": true, "wines_count": 566719}, {"id": 5, "name": "Chardonnay", "seo_name": "chardonnay", "has_detailed_info": true, "wines_count": 604208}]}, "wine_type_id": 1, "food": [{"id": 4, "name": "Beef", "background_image": {"location": "//images.vivino.com/backgrounds/foods/4_beef.png", "variations": {"small": "//images.vivino.com/backgrounds/foods/thumbs/4_beef_932x810.png"}}, "seo_name": "beef"}, {"id": 8, "name": "Lamb", "background_image": {"location": "//images.vivino.com/backgrounds/foods/8_lamb.png", "variations": {"small": "//images.vivino.com/backgrounds/foods/thumbs/8_lamb_932x810.png"}}, "seo_name": "lamb"}, {"id": 11, "name": "Game (deer, venison)", "background_image": {"location": "//images.vivino.com/backgrounds/foods/11_venison.png", "variations": {"small": "//images.vivino.com/backgrounds/foods/thumbs/11_venison_932x810.png"}}, "seo_name": "game"}, {"id": 20, "name": "Poultry", "background_image": {"location": "//images.vivino.com/backgrounds/foods/20_chicken.png", "variations": {"small": "//images.vivino.com/backgrounds/foods/thumbs/20_chicken_932x810.png"}}, "seo_name": "poultry"}], "grapes": [{"id": 2, "name": "Cabernet Sauvignon", "seo_name": "cabernet-sauvignon", "has_detailed_info": true, "wines_count": 801751}, {"id": 3, "name": "Cabernet Franc", "seo_name": "cabernet-franc", "has_detailed_info": true, "wines_count": 269578}, {"id": 9, "name": "Malbec", "seo_name": "malbec", "has_detailed_info": true, "wines_count": 219735}, {"id": 10, "name": "Merlot", "seo_name": "merlot", "has_detailed_info": true, "wines_count": 566719}, {"id": 42, "name": "Petit Verdot", "seo_name": "petit-verdot", "has_detailed_info": true, "wines_count": 82567}, {"id": 51, "name": "Carm\u00e9n\u00e8re", "seo_name": "carmenere", "has_detailed_info": true, "wines_count": 50087}], "region": {"id": 383, "name": "Bordeaux", "name_en": "", "seo_name": "bordeaux", "country": {"code": "fr", "name": "France", "native_name": "France", "seo_name": "france", "currency": {"code": "EUR", "name": "Euros", "prefix": "\u20ac", "suffix": null}, "regions_count": 1292, "users_count": 5068363, "wines_count": 542471, "wineries_count": 67002, "most_used_grapes": [{"id": 14, "name": "Pinot Noir", "seo_name": "pinot-noir", "has_detailed_info": true, "wines_count": 572334}, {"id": 10, "name": "Merlot", "seo_name": "merlot", "has_detailed_info": true, "wines_count": 566719}, {"id": 5, "name": "Chardonnay", "seo_name": "chardonnay", "has_detailed_info": true, "wines_count": 604208}]}, "parent_id": null, "background_image": {"location": "//images.vivino.com/regions/backgrounds/sbzA7h1ITnaHABaVqWJ4CA.jpg", "variations": {"large": "//thumbs.vivino.com/region_backgrounds/sbzA7h1ITnaHABaVqWJ4CA_1280x760.jpg", "medium": "//thumbs.vivino.com/region_backgrounds/sbzA7h1ITnaHABaVqWJ4CA_600x356.jpg"}}, "class": {"typecast_map": {"background_image": {}, "class": {}}}, "statistics": {"wineries_count": 13330, "wines_count": 41775, "sub_regions_count": 12, "parent_regions_count": 0}}}, "has_valid_ratings": true}, "highlights": [{"vintage_id": 156608687, "highlight_type": "price_qpr", "message": "Great value for money. Similar wines usually cost 3 times as much.", "icon": "https://images.vivino.com/highlights/icon/price_qpr.svg", "metadata": {"price": {"id": 22815207, "type": "ppc", "amount": 18.95, "currency": {"code": "EUR", "name": "Euros", "prefix": "\u20ac", "suffix": null}, "discounted_from": null}, "wine_id": 1269710, "toplist": null, "ws_award": null, "critic_review_id": null, "ratings_average": 4.1, "ratings_count": 220, "vintage_year": "2018", "rank_type": "global", "ranks": {"country": {"description": "Rank within France", "total": 2497593, "rank": 45056}, "region": {"description": "Rank within Wine Region", "total": 6677, "rank": 82}, "winery": {"description": "Rank within Winery", "total": 17, "rank": 3}, "global": {"description": "Global Rank", "total": 8944631, "rank": 180910}}, "style": {"id": 267, "seo_name": "bordeaux-right-bank-pomerol", "regional_name": "Bordeaux Right Bank", "varietal_name": "Pomerol", "name": "Bordeaux Pomerol", "image": null, "background_image": {"location": "//images.vivino.com/backgrounds/styles/DPkUPwiJQn6ITizvQ5lNwA.jpg", "variations": {"small": "//images.vivino.com/backgrounds/styles/thumbs/DPkUPwiJQn6ITizvQ5lNwA_932x810.jpg"}}, "description": "Bordeaux Pomerol wines are rich, decadent reds, with notes of chocolate, dark cherry, plums and spice, soft tannins and elegance courtesy of the Merlot grape.\n\nThe most lush\u2014and expensive\u2014wines come from a plateau of clay, gravel and iron, while lighter, more acidic wines come from the region's sandy soils.\n\nSituated on the Right Bank of Bordeaux, Pomerol is dominated by small estates that command premium prices.\n\nApproximately 80 percent of the region's plantings are Merlot, unlike other regions of Bordeaux where no one grape dominates so singularly; and one disadvantage is that bad weather can wreak havoc on an individual vintage.", "blurb": null, "interesting_facts": ["Pomerol is the smallest of Bordeaux's major appellations.", "Pomerol is the only major Bordeaux appellation that has not been classified.", "Cabernet Franc was the dominant grape of Pomerol until phylloxera hit, at which point it became out-planted by Merlot, the grape that now dominates the region.", "The region of Pomerol claims the three most expensive wines produced in Bordeaux: Ch\u00e2teau P\u00e9trus, Ch\u00e2teau Le Pin and Ch\u00e2teau Lafleur.", "The wines of Ch\u00e2teau P\u00e9trus are planted on unique blue clay soils, which are thought to be approximately 40 million years old and the best terroir in Pomerol."], "body": 4, "body_description": "Full-bodied", "acidity": 2, "acidity_description": "Medium", "country": {"code": "fr", "name": "France", "native_name": "France", "seo_name": "france", "currency": {"code": "EUR", "name": "Euros", "prefix": "\u20ac", "suffix": null}, "regions_count": 1292, "users_count": 5068363, "wines_count": 542471, "wineries_count": 67002, "most_used_grapes": [{"id": 14, "name": "Pinot Noir", "seo_name": "pinot-noir", "has_detailed_info": true, "wines_count": 572334}, {"id": 10, "name": "Merlot", "seo_name": "merlot", "has_detailed_info": true, "wines_count": 566719}, {"id": 5, "name": "Chardonnay", "seo_name": "chardonnay", "has_detailed_info": true, "wines_count": 604208}]}, "wine_type_id": 1, "food": [{"id": 4, "name": "Beef", "background_image": {"location": "//images.vivino.com/backgrounds/foods/4_beef.png", "variations": {"small": "//images.vivino.com/backgrounds/foods/thumbs/4_beef_932x810.png"}}, "seo_name": "beef"}, {"id": 8, "name": "Lamb", "background_image": {"location": "//images.vivino.com/backgrounds/foods/8_lamb.png", "variations": {"small": "//images.vivino.com/backgrounds/foods/thumbs/8_lamb_932x810.png"}}, "seo_name": "lamb"}, {"id": 11, "name": "Game (deer, venison)", "background_image": {"location": "//images.vivino.com/backgrounds/foods/11_venison.png", "variations": {"small": "//images.vivino.com/backgrounds/foods/thumbs/11_venison_932x810.png"}}, "seo_name": "game"}, {"id": 20, "name": "Poultry", "background_image": {"location": "//images.vivino.com/backgrounds/foods/20_chicken.png", "variations": {"small": "//images.vivino.com/backgrounds/foods/thumbs/20_chicken_932x810.png"}}, "seo_name": "poultry"}], "grapes": [{"id": 2, "name": "Cabernet Sauvignon", "seo_name": "cabernet-sauvignon", "has_detailed_info": true, "wines_count": 801751}, {"id": 3, "name": "Cabernet Franc", "seo_name": "cabernet-franc", "has_detailed_info": true, "wines_count": 269578}, {"id": 9, "name": "Malbec", "seo_name": "malbec", "has_detailed_info": true, "wines_count": 219735}, {"id": 10, "name": "Merlot", "seo_name": "merlot", "has_detailed_info": true, "wines_count": 566719}, {"id": 42, "name": "Petit Verdot", "seo_name": "petit-verdot", "has_detailed_info": true, "wines_count": 82567}, {"id": 51, "name": "Carm\u00e9n\u00e8re", "seo_name": "carmenere", "has_detailed_info": true, "wines_count": 50087}], "region": {"id": 383, "name": "Bordeaux", "name_en": "", "seo_name": "bordeaux", "country": {"code": "fr", "name": "France", "native_name": "France", "seo_name": "france", "currency": {"code": "EUR", "name": "Euros", "prefix": "\u20ac", "suffix": null}, "regions_count": 1292, "users_count": 5068363, "wines_count": 542471, "wineries_count": 67002, "most_used_grapes": [{"id": 14, "name": "Pinot Noir", "seo_name": "pinot-noir", "has_detailed_info": true, "wines_count": 572334}, {"id": 10, "name": "Merlot", "seo_name": "merlot", "has_detailed_info": true, "wines_count": 566719}, {"id": 5, "name": "Chardonnay", "seo_name": "chardonnay", "has_detailed_info": true, "wines_count": 604208}]}, "parent_id": null, "background_image": {"location": "//images.vivino.com/regions/backgrounds/sbzA7h1ITnaHABaVqWJ4CA.jpg", "variations": {"large": "//thumbs.vivino.com/region_backgrounds/sbzA7h1ITnaHABaVqWJ4CA_1280x760.jpg", "medium": "//thumbs.vivino.com/region_backgrounds/sbzA7h1ITnaHABaVqWJ4CA_600x356.jpg"}}, "class": {"typecast_map": {"background_image": {}, "class": {}}}, "statistics": {"wineries_count": 13330, "wines_count": 41775, "sub_regions_count": 12, "parent_regions_count": 0}}}}, "vintage_year": 2018}, {"vintage_id": 142003788, "highlight_type": "best_user_rated", "message": "A top rated year for this wine", "icon": "https://images.vivino.com/highlights/icon/best_user_rated.svg", "metadata": {"price": null, "wine_id": 1269710, "toplist": null, "ws_award": null, "critic_review_id": null, "ratings_average": 4.1, "ratings_count": 374, "vintage_year": "2016", "rank_type": "global", "ranks": {"country": {"description": "Rank within France", "total": 2497593, "rank": 42365}, "region": {"description": "Rank within Wine Region", "total": 6677, "rank": 65}, "winery": {"description": "Rank within Winery", "total": 17, "rank": 1}, "global": {"description": "Global Rank", "total": 8944631, "rank": 170783}}, "style": {"id": 267, "seo_name": "bordeaux-right-bank-pomerol", "regional_name": "Bordeaux Right Bank", "varietal_name": "Pomerol", "name": "Bordeaux Pomerol", "image": null, "background_image": {"location": "//images.vivino.com/backgrounds/styles/DPkUPwiJQn6ITizvQ5lNwA.jpg", "variations": {"small": "//images.vivino.com/backgrounds/styles/thumbs/DPkUPwiJQn6ITizvQ5lNwA_932x810.jpg"}}, "description": "Bordeaux Pomerol wines are rich, decadent reds, with notes of chocolate, dark cherry, plums and spice, soft tannins and elegance courtesy of the Merlot grape.\n\nThe most lush\u2014and expensive\u2014wines come from a plateau of clay, gravel and iron, while lighter, more acidic wines come from the region's sandy soils.\n\nSituated on the Right Bank of Bordeaux, Pomerol is dominated by small estates that command premium prices.\n\nApproximately 80 percent of the region's plantings are Merlot, unlike other regions of Bordeaux where no one grape dominates so singularly; and one disadvantage is that bad weather can wreak havoc on an individual vintage.", "blurb": null, "interesting_facts": ["Pomerol is the smallest of Bordeaux's major appellations.", "Pomerol is the only major Bordeaux appellation that has not been classified.", "Cabernet Franc was the dominant grape of Pomerol until phylloxera hit, at which point it became out-planted by Merlot, the grape that now dominates the region.", "The region of Pomerol claims the three most expensive wines produced in Bordeaux: Ch\u00e2teau P\u00e9trus, Ch\u00e2teau Le Pin and Ch\u00e2teau Lafleur.", "The wines of Ch\u00e2teau P\u00e9trus are planted on unique blue clay soils, which are thought to be approximately 40 million years old and the best terroir in Pomerol."], "body": 4, "body_description": "Full-bodied", "acidity": 2, "acidity_description": "Medium", "country": {"code": "fr", "name": "France", "native_name": "France", "seo_name": "france", "currency": {"code": "EUR", "name": "Euros", "prefix": "\u20ac", "suffix": null}, "regions_count": 1292, "users_count": 5068363, "wines_count": 542471, "wineries_count": 67002, "most_used_grapes": [{"id": 14, "name": "Pinot Noir", "seo_name": "pinot-noir", "has_detailed_info": true, "wines_count": 572334}, {"id": 10, "name": "Merlot", "seo_name": "merlot", "has_detailed_info": true, "wines_count": 566719}, {"id": 5, "name": "Chardonnay", "seo_name": "chardonnay", "has_detailed_info": true, "wines_count": 604208}]}, "wine_type_id": 1, "food": [{"id": 4, "name": "Beef", "background_image": {"location": "//images.vivino.com/backgrounds/foods/4_beef.png", "variations": {"small": "//images.vivino.com/backgrounds/foods/thumbs/4_beef_932x810.png"}}, "seo_name": "beef"}, {"id": 8, "name": "Lamb", "background_image": {"location": "//images.vivino.com/backgrounds/foods/8_lamb.png", "variations": {"small": "//images.vivino.com/backgrounds/foods/thumbs/8_lamb_932x810.png"}}, "seo_name": "lamb"}, {"id": 11, "name": "Game (deer, venison)", "background_image": {"location": "//images.vivino.com/backgrounds/foods/11_venison.png", "variations": {"small": "//images.vivino.com/backgrounds/foods/thumbs/11_venison_932x810.png"}}, "seo_name": "game"}, {"id": 20, "name": "Poultry", "background_image": {"location": "//images.vivino.com/backgrounds/foods/20_chicken.png", "variations": {"small": "//images.vivino.com/backgrounds/foods/thumbs/20_chicken_932x810.png"}}, "seo_name": "poultry"}], "grapes": [{"id": 2, "name": "Cabernet Sauvignon", "seo_name": "cabernet-sauvignon", "has_detailed_info": true, "wines_count": 801751}, {"id": 3, "name": "Cabernet Franc", "seo_name": "cabernet-franc", "has_detailed_info": true, "wines_count": 269578}, {"id": 9, "name": "Malbec", "seo_name": "malbec", "has_detailed_info": true, "wines_count": 219735}, {"id": 10, "name": "Merlot", "seo_name": "merlot", "has_detailed_info": true, "wines_count": 566719}, {"id": 42, "name": "Petit Verdot", "seo_name": "petit-verdot", "has_detailed_info": true, "wines_count": 82567}, {"id": 51, "name": "Carm\u00e9n\u00e8re", "seo_name": "carmenere", "has_detailed_info": true, "wines_count": 50087}], "region": {"id": 383, "name": "Bordeaux", "name_en": "", "seo_name": "bordeaux", "country": {"code": "fr", "name": "France", "native_name": "France", "seo_name": "france", "currency": {"code": "EUR", "name": "Euros", "prefix": "\u20ac", "suffix": null}, "regions_count": 1292, "users_count": 5068363, "wines_count": 542471, "wineries_count": 67002, "most_used_grapes": [{"id": 14, "name": "Pinot Noir", "seo_name": "pinot-noir", "has_detailed_info": true, "wines_count": 572334}, {"id": 10, "name": "Merlot", "seo_name": "merlot", "has_detailed_info": true, "wines_count": 566719}, {"id": 5, "name": "Chardonnay", "seo_name": "chardonnay", "has_detailed_info": true, "wines_count": 604208}]}, "parent_id": null, "background_image": {"location": "//images.vivino.com/regions/backgrounds/sbzA7h1ITnaHABaVqWJ4CA.jpg", "variations": {"large": "//thumbs.vivino.com/region_backgrounds/sbzA7h1ITnaHABaVqWJ4CA_1280x760.jpg", "medium": "//thumbs.vivino.com/region_backgrounds/sbzA7h1ITnaHABaVqWJ4CA_600x356.jpg"}}, "class": {"typecast_map": {"background_image": {}, "class": {}}}, "statistics": {"wineries_count": 13330, "wines_count": 41775, "sub_regions_count": 12, "parent_regions_count": 0}}}}, "vintage_year": 2016}, {"vintage_id": 21942648, "highlight_type": "most_user_rated", "message": "Popular among Vivino users. More than 300 ratings", "icon": "https://images.vivino.com/highlights/icon/most_user_rated.svg", "metadata": {"price": null, "wine_id": 1269710, "toplist": null, "ws_award": null, "critic_review_id": null, "ratings_average": 4.1, "ratings_count": 321, "vintage_year": "2015", "rank_type": "global", "ranks": {"country": {"description": "Rank within France", "total": 2497593, "rank": 43011}, "region": {"description": "Rank within Wine Region", "total": 6677, "rank": 72}, "winery": {"description": "Rank within Winery", "total": 17, "rank": 2}, "global": {"description": "Global Rank", "total": 8944631, "rank": 173216}}, "style": {"id": 267, "seo_name": "bordeaux-right-bank-pomerol", "regional_name": "Bordeaux Right Bank", "varietal_name": "Pomerol", "name": "Bordeaux Pomerol", "image": null, "background_image": {"location": "//images.vivino.com/backgrounds/styles/DPkUPwiJQn6ITizvQ5lNwA.jpg", "variations": {"small": "//images.vivino.com/backgrounds/styles/thumbs/DPkUPwiJQn6ITizvQ5lNwA_932x810.jpg"}}, "description": "Bordeaux Pomerol wines are rich, decadent reds, with notes of chocolate, dark cherry, plums and spice, soft tannins and elegance courtesy of the Merlot grape.\n\nThe most lush\u2014and expensive\u2014wines come from a plateau of clay, gravel and iron, while lighter, more acidic wines come from the region's sandy soils.\n\nSituated on the Right Bank of Bordeaux, Pomerol is dominated by small estates that command premium prices.\n\nApproximately 80 percent of the region's plantings are Merlot, unlike other regions of Bordeaux where no one grape dominates so singularly; and one disadvantage is that bad weather can wreak havoc on an individual vintage.", "blurb": null, "interesting_facts": ["Pomerol is the smallest of Bordeaux's major appellations.", "Pomerol is the only major Bordeaux appellation that has not been classified.", "Cabernet Franc was the dominant grape of Pomerol until phylloxera hit, at which point it became out-planted by Merlot, the grape that now dominates the region.", "The region of Pomerol claims the three most expensive wines produced in Bordeaux: Ch\u00e2teau P\u00e9trus, Ch\u00e2teau Le Pin and Ch\u00e2teau Lafleur.", "The wines of Ch\u00e2teau P\u00e9trus are planted on unique blue clay soils, which are thought to be approximately 40 million years old and the best terroir in Pomerol."], "body": 4, "body_description": "Full-bodied", "acidity": 2, "acidity_description": "Medium", "country": {"code": "fr", "name": "France", "native_name": "France", "seo_name": "france", "currency": {"code": "EUR", "name": "Euros", "prefix": "\u20ac", "suffix": null}, "regions_count": 1292, "users_count": 5068363, "wines_count": 542471, "wineries_count": 67002, "most_used_grapes": [{"id": 14, "name": "Pinot Noir", "seo_name": "pinot-noir", "has_detailed_info": true, "wines_count": 572334}, {"id": 10, "name": "Merlot", "seo_name": "merlot", "has_detailed_info": true, "wines_count": 566719}, {"id": 5, "name": "Chardonnay", "seo_name": "chardonnay", "has_detailed_info": true, "wines_count": 604208}]}, "wine_type_id": 1, "food": [{"id": 4, "name": "Beef", "background_image": {"location": "//images.vivino.com/backgrounds/foods/4_beef.png", "variations": {"small": "//images.vivino.com/backgrounds/foods/thumbs/4_beef_932x810.png"}}, "seo_name": "beef"}, {"id": 8, "name": "Lamb", "background_image": {"location": "//images.vivino.com/backgrounds/foods/8_lamb.png", "variations": {"small": "//images.vivino.com/backgrounds/foods/thumbs/8_lamb_932x810.png"}}, "seo_name": "lamb"}, {"id": 11, "name": "Game (deer, venison)", "background_image": {"location": "//images.vivino.com/backgrounds/foods/11_venison.png", "variations": {"small": "//images.vivino.com/backgrounds/foods/thumbs/11_venison_932x810.png"}}, "seo_name": "game"}, {"id": 20, "name": "Poultry", "background_image": {"location": "//images.vivino.com/backgrounds/foods/20_chicken.png", "variations": {"small": "//images.vivino.com/backgrounds/foods/thumbs/20_chicken_932x810.png"}}, "seo_name": "poultry"}], "grapes": [{"id": 2, "name": "Cabernet Sauvignon", "seo_name": "cabernet-sauvignon", "has_detailed_info": true, "wines_count": 801751}, {"id": 3, "name": "Cabernet Franc", "seo_name": "cabernet-franc", "has_detailed_info": true, "wines_count": 269578}, {"id": 9, "name": "Malbec", "seo_name": "malbec", "has_detailed_info": true, "wines_count": 219735}, {"id": 10, "name": "Merlot", "seo_name": "merlot", "has_detailed_info": true, "wines_count": 566719}, {"id": 42, "name": "Petit Verdot", "seo_name": "petit-verdot", "has_detailed_info": true, "wines_count": 82567}, {"id": 51, "name": "Carm\u00e9n\u00e8re", "seo_name": "carmenere", "has_detailed_info": true, "wines_count": 50087}], "region": {"id": 383, "name": "Bordeaux", "name_en": "", "seo_name": "bordeaux", "country": {"code": "fr", "name": "France", "native_name": "France", "seo_name": "france", "currency": {"code": "EUR", "name": "Euros", "prefix": "\u20ac", "suffix": null}, "regions_count": 1292, "users_count": 5068363, "wines_count": 542471, "wineries_count": 67002, "most_used_grapes": [{"id": 14, "name": "Pinot Noir", "seo_name": "pinot-noir", "has_detailed_info": true, "wines_count": 572334}, {"id": 10, "name": "Merlot", "seo_name": "merlot", "has_detailed_info": true, "wines_count": 566719}, {"id": 5, "name": "Chardonnay", "seo_name": "chardonnay", "has_detailed_info": true, "wines_count": 604208}]}, "parent_id": null, "background_image": {"location": "//images.vivino.com/regions/backgrounds/sbzA7h1ITnaHABaVqWJ4CA.jpg", "variations": {"large": "//thumbs.vivino.com/region_backgrounds/sbzA7h1ITnaHABaVqWJ4CA_1280x760.jpg", "medium": "//thumbs.vivino.com/region_backgrounds/sbzA7h1ITnaHABaVqWJ4CA_600x356.jpg"}}, "class": {"typecast_map": {"background_image": {}, "class": {}}}, "statistics": {"wineries_count": 13330, "wines_count": 41775, "sub_regions_count": 12, "parent_regions_count": 0}}}}, "vintage_year": 2015}, {"vintage_id": 3520634, "highlight_type": "top_ranked", "message": "Among top 4% of all wines in the world", "icon": "https://images.vivino.com/highlights/icon/top_ranked.svg", "metadata": {"price": null, "wine_id": 1269710, "toplist": null, "ws_award": null, "critic_review_id": null, "ratings_average": 4, "ratings_count": 308, "vintage_year": "2011", "rank_type": "global", "ranks": {"country": {"description": "Rank within France", "total": 2497593, "rank": 74817}, "region": {"description": "Rank within Wine Region", "total": 6677, "rank": 188}, "winery": {"description": "Rank within Winery", "total": 17, "rank": 6}, "global": {"description": "Global Rank", "total": 8944631, "rank": 287687}}, "style": {"id": 267, "seo_name": "bordeaux-right-bank-pomerol", "regional_name": "Bordeaux Right Bank", "varietal_name": "Pomerol", "name": "Bordeaux Pomerol", "image": null, "background_image": {"location": "//images.vivino.com/backgrounds/styles/DPkUPwiJQn6ITizvQ5lNwA.jpg", "variations": {"small": "//images.vivino.com/backgrounds/styles/thumbs/DPkUPwiJQn6ITizvQ5lNwA_932x810.jpg"}}, "description": "Bordeaux Pomerol wines are rich, decadent reds, with notes of chocolate, dark cherry, plums and spice, soft tannins and elegance courtesy of the Merlot grape.\n\nThe most lush\u2014and expensive\u2014wines come from a plateau of clay, gravel and iron, while lighter, more acidic wines come from the region's sandy soils.\n\nSituated on the Right Bank of Bordeaux, Pomerol is dominated by small estates that command premium prices.\n\nApproximately 80 percent of the region's plantings are Merlot, unlike other regions of Bordeaux where no one grape dominates so singularly; and one disadvantage is that bad weather can wreak havoc on an individual vintage.", "blurb": null, "interesting_facts": ["Pomerol is the smallest of Bordeaux's major appellations.", "Pomerol is the only major Bordeaux appellation that has not been classified.", "Cabernet Franc was the dominant grape of Pomerol until phylloxera hit, at which point it became out-planted by Merlot, the grape that now dominates the region.", "The region of Pomerol claims the three most expensive wines produced in Bordeaux: Ch\u00e2teau P\u00e9trus, Ch\u00e2teau Le Pin and Ch\u00e2teau Lafleur.", "The wines of Ch\u00e2teau P\u00e9trus are planted on unique blue clay soils, which are thought to be approximately 40 million years old and the best terroir in Pomerol."], "body": 4, "body_description": "Full-bodied", "acidity": 2, "acidity_description": "Medium", "country": {"code": "fr", "name": "France", "native_name": "France", "seo_name": "france", "currency": {"code": "EUR", "name": "Euros", "prefix": "\u20ac", "suffix": null}, "regions_count": 1292, "users_count": 5068363, "wines_count": 542471, "wineries_count": 67002, "most_used_grapes": [{"id": 14, "name": "Pinot Noir", "seo_name": "pinot-noir", "has_detailed_info": true, "wines_count": 572334}, {"id": 10, "name": "Merlot", "seo_name": "merlot", "has_detailed_info": true, "wines_count": 566719}, {"id": 5, "name": "Chardonnay", "seo_name": "chardonnay", "has_detailed_info": true, "wines_count": 604208}]}, "wine_type_id": 1, "food": [{"id": 4, "name": "Beef", "background_image": {"location": "//images.vivino.com/backgrounds/foods/4_beef.png", "variations": {"small": "//images.vivino.com/backgrounds/foods/thumbs/4_beef_932x810.png"}}, "seo_name": "beef"}, {"id": 8, "name": "Lamb", "background_image": {"location": "//images.vivino.com/backgrounds/foods/8_lamb.png", "variations": {"small": "//images.vivino.com/backgrounds/foods/thumbs/8_lamb_932x810.png"}}, "seo_name": "lamb"}, {"id": 11, "name": "Game (deer, venison)", "background_image": {"location": "//images.vivino.com/backgrounds/foods/11_venison.png", "variations": {"small": "//images.vivino.com/backgrounds/foods/thumbs/11_venison_932x810.png"}}, "seo_name": "game"}, {"id": 20, "name": "Poultry", "background_image": {"location": "//images.vivino.com/backgrounds/foods/20_chicken.png", "variations": {"small": "//images.vivino.com/backgrounds/foods/thumbs/20_chicken_932x810.png"}}, "seo_name": "poultry"}], "grapes": [{"id": 2, "name": "Cabernet Sauvignon", "seo_name": "cabernet-sauvignon", "has_detailed_info": true, "wines_count": 801751}, {"id": 3, "name": "Cabernet Franc", "seo_name": "cabernet-franc", "has_detailed_info": true, "wines_count": 269578}, {"id": 9, "name": "Malbec", "seo_name": "malbec", "has_detailed_info": true, "wines_count": 219735}, {"id": 10, "name": "Merlot", "seo_name": "merlot", "has_detailed_info": true, "wines_count": 566719}, {"id": 42, "name": "Petit Verdot", "seo_name": "petit-verdot", "has_detailed_info": true, "wines_count": 82567}, {"id": 51, "name": "Carm\u00e9n\u00e8re", "seo_name": "carmenere", "has_detailed_info": true, "wines_count": 50087}], "region": {"id": 383, "name": "Bordeaux", "name_en": "", "seo_name": "bordeaux", "country": {"code": "fr", "name": "France", "native_name": "France", "seo_name": "france", "currency": {"code": "EUR", "name": "Euros", "prefix": "\u20ac", "suffix": null}, "regions_count": 1292, "users_count": 5068363, "wines_count": 542471, "wineries_count": 67002, "most_used_grapes": [{"id": 14, "name": "Pinot Noir", "seo_name": "pinot-noir", "has_detailed_info": true, "wines_count": 572334}, {"id": 10, "name": "Merlot", "seo_name": "merlot", "has_detailed_info": true, "wines_count": 566719}, {"id": 5, "name": "Chardonnay", "seo_name": "chardonnay", "has_detailed_info": true, "wines_count": 604208}]}, "parent_id": null, "background_image": {"location": "//images.vivino.com/regions/backgrounds/sbzA7h1ITnaHABaVqWJ4CA.jpg", "variations": {"large": "//thumbs.vivino.com/region_backgrounds/sbzA7h1ITnaHABaVqWJ4CA_1280x760.jpg", "medium": "//thumbs.vivino.com/region_backgrounds/sbzA7h1ITnaHABaVqWJ4CA_600x356.jpg"}}, "class": {"typecast_map": {"background_image": {}, "class": {}}}, "statistics": {"wineries_count": 13330, "wines_count": 41775, "sub_regions_count": 12, "parent_regions_count": 0}}}}, "vintage_year": 2011}], "recommended_vintages": [{"vintage": {"id": 156608687, "seo_name": "la-croix-romane-lalande-de-pomerol-2018", "name": "Ch\u00e2teau La Croix Romane Lalande-de-Pomerol 2018", "statistics": {"status": "Normal", "ratings_count": 220, "ratings_average": 4.1, "labels_count": 2058, "reviews_count": 91}, "year": 2018, "grapes": null, "has_valid_ratings": true}, "type": "price_qpr", "highlight_icon": "https://images.vivino.com/highlights/icon/price_qpr.svg", "price": {"id": 22815207, "type": "ppc", "amount": 18.95, "currency": {"code": "EUR", "name": "Euros", "prefix": "\u20ac", "suffix": null}, "discounted_from": null}}, {"vintage": {"id": 142003788, "seo_name": "la-croix-romane-lalande-de-pomerol-2016", "name": "Ch\u00e2teau La Croix Romane Lalande-de-Pomerol 2016", "statistics": {"status": "Normal", "ratings_count": 374, "ratings_average": 4.1, "labels_count": 3353, "reviews_count": 143}, "year": 2016, "grapes": null, "has_valid_ratings": true}, "type": "best_user_rated", "highlight_icon": "https://images.vivino.com/highlights/icon/best_user_rated.svg", "price": null}, {"vintage": {"id": 21942648, "seo_name": "la-croix-romane-lalande-de-pomerol-2015", "name": "Ch\u00e2teau La Croix Romane Lalande-de-Pomerol 2015", "statistics": {"status": "Normal", "ratings_count": 321, "ratings_average": 4.1, "labels_count": 2806, "reviews_count": 108}, "year": 2015, "grapes": null, "has_valid_ratings": true}, "type": "most_user_rated", "highlight_icon": "https://images.vivino.com/highlights/icon/most_user_rated.svg", "price": null}, {"vintage": {"id": 3520634, "seo_name": "la-croix-romane-lalande-de-pomerol-2011", "name": "Ch\u00e2teau La Croix Romane Lalande-de-Pomerol 2011", "statistics": {"status": "Normal", "ratings_count": 308, "ratings_average": 4, "labels_count": 1892, "reviews_count": 93}, "year": 2011, "grapes": null, "has_valid_ratings": true}, "type": "top_ranked", "highlight_icon": "https://images.vivino.com/highlights/icon/top_ranked.svg", "price": null}], "prices_and_availabilities": [], "price_range": {"currency": {"code": "EUR", "name": "Euros", "prefix": "\u20ac", "suffix": null}, "price_range": {"minimum": 0, "maximum": 500, "currency_code": "EUR"}, "defaults": {"minimum": 7, "maximum": 30, "currency_code": "EUR"}}, "subtotal_price": null}