{"vintage": {"id": 4764862, "seo_name": "le-raz-chateau-le-dauphin-uv", "name": "Ch\u00e2teau le Raz Le Dauphin", "statistics": {"status": "Normal", "ratings_count": 388, "ratings_average": 3.7, "labels_count": 120, "reviews_count": 17}, "organic_certification_id": null, "certified_biodynamic": null, "image": {"location": "//images.vivino.com/labels/CpbNkFqFSS2S0xH6AaVYKw.jpg", "variations": {"large": "//images.vivino.com/thumbs/CpbNkFqFSS2S0xH6AaVYKw_375x500.jpg", "medium": "//images.vivino.com/thumbs/CpbNkFqFSS2S0xH6AaVYKw_150x200.jpg", "medium_square": "//images.vivino.com/thumbs/CpbNkFqFSS2S0xH6AaVYKw_150x150.jpg", "small_square": "//images.vivino.com/thumbs/CpbNkFqFSS2S0xH6AaVYKw_80x80.jpg"}}, "wine": {"id": 1410516, "name": "Le Dauphin", "seo_name": "chateau-le-dauphin", "type_id": 2, "vintage_type": 0, "is_natural": false, "region": {"id": 2341, "name": "Guyenne", "name_en": "", "seo_name": "guyenne", "country": {"code": "fr", "name": "France", "native_name": "France", "seo_name": "france", "currency": {"code": "EUR", "name": "Euros", "prefix": "\u20ac", "suffix": null}, "regions_count": 1292, "users_count": 5068363, "wines_count": 542471, "wineries_count": 67002, "most_used_grapes": [{"id": 14, "name": "Pinot Noir", "seo_name": "pinot-noir", "has_detailed_info": true, "wines_count": 572334}, {"id": 10, "name": "Merlot", "seo_name": "merlot", "has_detailed_info": true, "wines_count": 566719}, {"id": 5, "name": "Chardonnay", "seo_name": "chardonnay", "has_detailed_info": true, "wines_count": 604208}]}, "parent_id": 477, "background_image": {"location": "//images.vivino.com/regions/backgrounds/iUyPjdbxTVmjWNCYX0UmnA.jpg", "variations": {"large": "//thumbs.vivino.com/region_backgrounds/iUyPjdbxTVmjWNCYX0UmnA_1280x760.jpg", "medium": "//thumbs.vivino.com/region_backgrounds/iUyPjdbxTVmjWNCYX0UmnA_600x356.jpg"}}, "statistics": {"wineries_count": 968, "wines_count": 4628, "sub_regions_count": 7, "parent_regions_count": 1}}, "review_status": 2, "winery": {"id": 20199, "name": "Ch\u00e2teau le Raz", "seo_name": "le-raz", "status": 0, "review_status": "Completed", "background_image": null, "statistics": {"ratings_count": 3866, "ratings_average": 3.8, "labels_count": 34322, "wines_count": 32}, "region": {"id": 2341, "name": "Guyenne", "name_en": "", "seo_name": "guyenne", "country": {"code": "fr", "name": "France", "native_name": "France", "seo_name": "france", "currency": {"code": "EUR", "name": "Euros", "prefix": "\u20ac", "suffix": null}, "regions_count": 1292, "users_count": 5068363, "wines_count": 542471, "wineries_count": 67002, "most_used_grapes": [{"id": 14, "name": "Pinot Noir", "seo_name": "pinot-noir", "has_detailed_info": true, "wines_count": 572334}, {"id": 10, "name": "Merlot", "seo_name": "merlot", "has_detailed_info": true, "wines_count": 566719}, {"id": 5, "name": "Chardonnay", "seo_name": "chardonnay", "has_detailed_info": true, "wines_count": 604208}]}, "parent_id": 477, "background_image": {"location": "//images.vivino.com/regions/backgrounds/iUyPjdbxTVmjWNCYX0UmnA.jpg", "variations": {"large": "//thumbs.vivino.com/region_backgrounds/iUyPjdbxTVmjWNCYX0UmnA_1280x760.jpg", "medium": "//thumbs.vivino.com/region_backgrounds/iUyPjdbxTVmjWNCYX0UmnA_600x356.jpg"}}, "statistics": {"wineries_count": 968, "wines_count": 4628, "sub_regions_count": 7, "parent_regions_count": 1}}, "business_name": "Ch\u00e2teau le Raz", "description": "", "specialists_notes": "", "phone": "", "email": "", "facebook": "", "instagram": "", "is_claimed": false, "twitter": "", "website": "http://www.le-raz.com/", "winemaker": null, "wine_maker": null, "address": {"title": null, "name": null, "street": null, "street2": null, "neighborhood": null, "city": null, "zip": null, "state": null, "country": {"code": "fr", "name": "France", "native_name": "France", "seo_name": "france", "currency": {"code": "EUR", "name": "Euros", "prefix": "\u20ac", "suffix": null}, "regions_count": 1292, "users_count": 5068363, "wines_count": 542471, "wineries_count": 67002, "most_used_grapes": [{"id": 14, "name": "Pinot Noir", "seo_name": "pinot-noir", "has_detailed_info": true, "wines_count": 572334}, {"id": 10, "name": "Merlot", "seo_name": "merlot", "has_detailed_info": true, "wines_count": 566719}, {"id": 5, "name": "Chardonnay", "seo_name": "chardonnay", "has_detailed_info": true, "wines_count": 604208}]}, "company": null, "phone": null, "external_id": null, "residential": null, "vat_number": null, "vat_code": null, "addition": null}, "image": null, "location": null, "winery_group": null, "first_wines": [], "sponsored_entity_type": null, "sponsored_entity": null}, "statistics": {"status": "Normal", "ratings_count": 388, "ratings_average": 3.7, "labels_count": 2112, "vintages_count": 19}, "rank": {"country": {"description": "Rank within France", "total": 317718, "rank": 30403}, "region": {"description": "Rank within Wine Region", "total": 3800, "rank": 167}, "winery": {"description": "Rank within Winery", "total": 30, "rank": 5}, "wine_type": {"description": "Rank within all White Wine", "total": 398746, "rank": 27929}, "global": {"description": "Global Rank", "total": 1302038, "rank": 111706}}, "hidden": false, "vintages": [{"id": 167224632, "seo_name": "le-raz-chateau-le-dauphin-2020", "name": "Ch\u00e2teau le Raz Le Dauphin 2020", "statistics": {"status": "BelowThreshold", "ratings_count": 6, "ratings_average": 0, "labels_count": 13, "reviews_count": 4}, "year": 2020, "grapes": null, "has_valid_ratings": false}, {"id": 164404148, "seo_name": "le-raz-chateau-le-dauphin-2019", "name": "Ch\u00e2teau le Raz Le Dauphin 2019", "statistics": {"status": "Normal", "ratings_count": 26, "ratings_average": 3.4, "labels_count": 183, "reviews_count": 14}, "year": 2019, "grapes": null, "has_valid_ratings": true}, {"id": 159588973, "seo_name": "le-raz-chateau-le-dauphin-2018", "name": "Ch\u00e2teau le Raz Le Dauphin 2018", "statistics": {"status": "Normal", "ratings_count": 46, "ratings_average": 3.5, "labels_count": 307, "reviews_count": 18}, "year": 2018, "grapes": null, "has_valid_ratings": true}, {"id": 155506284, "seo_name": "le-raz-chateau-le-dauphin-2017", "name": "Ch\u00e2teau le Raz Le Dauphin 2017", "statistics": {"status": "Normal", "ratings_count": 73, "ratings_average": 3.6, "labels_count": 531, "reviews_count": 30}, "year": 2017, "grapes": null, "has_valid_ratings": true}, {"id": 148011133, "seo_name": "le-raz-chateau-le-dauphin-2016", "name": "Ch\u00e2teau le Raz Le Dauphin 2016", "statistics": {"status": "Normal", "ratings_count": 34, "ratings_average": 3.7, "labels_count": 158, "reviews_count": 18}, "year": 2016, "grapes": null, "has_valid_ratings": true}, {"id": 122525476, "seo_name": "le-raz-chateau-le-dauphin-2015", "name": "Ch\u00e2teau le Raz Le Dauphin 2015", "statistics": {"status": "Normal", "ratings_count": 71, "ratings_average": 4, "labels_count": 530, "reviews_count": 33}, "year": 2015, "grapes": null, "has_valid_ratings": true}, {"id": 18791877, "seo_name": "le-raz-chateau-le-dauphin-2014", "name": "Ch\u00e2teau le Raz Le Dauphin 2014", "statistics": {"status": "Normal", "ratings_count": 25, "ratings_average": 3.9, "labels_count": 72, "reviews_count": 10}, "year": 2014, "grapes": null, "has_valid_ratings": true}, {"id": 4426682, "seo_name": "le-raz-chateau-le-dauphin-2013", "name": "Ch\u00e2teau le Raz Le Dauphin 2013", "statistics": {"status": "Normal", "ratings_count": 38, "ratings_average": 3.2, "labels_count": 109, "reviews_count": 18}, "year": 2013, "grapes": null, "has_valid_ratings": true}, {"id": 2072507, "seo_name": "le-raz-chateau-le-dauphin-2012", "name": "Ch\u00e2teau le Raz Le Dauphin 2012", "statistics": {"status": "BelowThreshold", "ratings_count": 3, "ratings_average": 0, "labels_count": 5, "reviews_count": 1}, "year": 2012, "grapes": null, "has_valid_ratings": false}, {"id": 12787119, "seo_name": "le-raz-chateau-le-dauphin-2011", "name": "Ch\u00e2teau le Raz Le Dauphin 2011", "statistics": {"status": "BelowThreshold", "ratings_count": 2, "ratings_average": 0, "labels_count": 14, "reviews_count": 2}, "year": 2011, "grapes": null, "has_valid_ratings": false}, {"id": 9255980, "seo_name": "le-raz-chateau-le-dauphin-2010", "name": "Ch\u00e2teau le Raz Le Dauphin 2010", "statistics": {"status": "BelowThreshold", "ratings_count": 5, "ratings_average": 0, "labels_count": 25, "reviews_count": 2}, "year": 2010, "grapes": null, "has_valid_ratings": false}, {"id": 1855359, "seo_name": "le-raz-chateau-le-dauphin-2008", "name": "Ch\u00e2teau le Raz Le Dauphin 2008", "statistics": {"status": "BelowThreshold", "ratings_count": 8, "ratings_average": 0, "labels_count": 15, "reviews_count": 3}, "year": 2008, "grapes": null, "has_valid_ratings": false}, {"id": 4764862, "seo_name": "le-raz-chateau-le-dauphin-uv", "name": "Ch\u00e2teau le Raz Le Dauphin", "statistics": {"status": "Normal", "ratings_count": 388, "ratings_average": 3.7, "labels_count": 120, "reviews_count": 17}, "year": 0, "grapes": null, "has_valid_ratings": true}], "description": "", "grapes": [{"id": 17, "name": "Sauvignon Blanc", "seo_name": "sauvignon-blanc", "has_detailed_info": true, "wines_count": 292440}, {"id": 18, "name": "S\u00e9millon", "seo_name": "semillion", "has_detailed_info": true, "wines_count": 65710}, {"id": 89, "name": "Muscadelle", "seo_name": "muscadelle", "has_detailed_info": false, "wines_count": 10051}], "foods": [{"id": 12, "name": "Rich fish (salmon, tuna etc)", "background_image": {"location": "//images.vivino.com/backgrounds/foods/12_richfish.png", "variations": {"small": "//images.vivino.com/backgrounds/foods/thumbs/12_richfish_932x810.png"}}, "seo_name": null}, {"id": 13, "name": "Shellfish", "background_image": {"location": "//images.vivino.com/backgrounds/foods/13_shellfish.png", "variations": {"small": "//images.vivino.com/backgrounds/foods/thumbs/13_shellfish_932x810.png"}}, "seo_name": "shellfish"}, {"id": 16, "name": "Sweet desserts", "background_image": {"location": "//images.vivino.com/backgrounds/foods/16_sweetdessert.png", "variations": {"small": "//images.vivino.com/backgrounds/foods/thumbs/16_sweetdessert_932x810.png"}}, "seo_name": null}, {"id": 19, "name": "Vegetarian", "background_image": {"location": "//images.vivino.com/backgrounds/foods/19_vegetarian.png", "variations": {"small": "//images.vivino.com/backgrounds/foods/thumbs/19_vegetarian_932x810.png"}}, "seo_name": "vegetarian"}, {"id": 20, "name": "Poultry", "background_image": {"location": "//images.vivino.com/backgrounds/foods/20_chicken.png", "variations": {"small": "//images.vivino.com/backgrounds/foods/thumbs/20_chicken_932x810.png"}}, "seo_name": "poultry"}], "non_vintage": false, "alcohol": 0, "sweetness_id": null, "closure": null, "vintage_mask_raw": null, "updated_at": "2018-03-19T15:36:57Z", "created_at": "2013-01-03T07:14:00Z", "is_first_wine": false, "style": null, "has_valid_ratings": true}, "description": "", "wine_critic_reviews": [], "awards": [], "ratings_distribution": {"1": 11, "2": 39, "3": 120, "4": 160, "5": 58}, "ranking": {"country": {"description": "Rank within France", "total": 2497593, "rank": 245686}, "region": {"description": "Rank within Wine Region", "total": 28871, "rank": 1279}, "winery": {"description": "Rank within Winery", "total": 253, "rank": 19}, "global": {"description": "Global Rank", "total": 8944631, "rank": 890620}}, "wine_facts": {}, "winemaker": null, "wine_maker": null, "grape_composition": {}, "year": "", "grapes": null, "has_valid_ratings": true}, "carts": null, "full_region": null, "tastes": null, "wine": {"id": 1410516, "name": "Le Dauphin", "seo_name": "chateau-le-dauphin", "type_id": 2, "vintage_type": 0, "is_natural": false, "region": {"id": 2341, "name": "Guyenne", "name_en": "", "seo_name": "guyenne", "country": {"code": "fr", "name": "France", "native_name": "France", "seo_name": "france", "currency": {"code": "EUR", "name": "Euros", "prefix": "\u20ac", "suffix": null}, "regions_count": 1292, "users_count": 5068363, "wines_count": 542471, "wineries_count": 67002, "most_used_grapes": [{"id": 14, "name": "Pinot Noir", "seo_name": "pinot-noir", "has_detailed_info": true, "wines_count": 572334}, {"id": 10, "name": "Merlot", "seo_name": "merlot", "has_detailed_info": true, "wines_count": 566719}, {"id": 5, "name": "Chardonnay", "seo_name": "chardonnay", "has_detailed_info": true, "wines_count": 604208}]}, "parent_id": 477, "background_image": {"location": "//images.vivino.com/regions/backgrounds/iUyPjdbxTVmjWNCYX0UmnA.jpg", "variations": {"large": "//thumbs.vivino.com/region_backgrounds/iUyPjdbxTVmjWNCYX0UmnA_1280x760.jpg", "medium": "//thumbs.vivino.com/region_backgrounds/iUyPjdbxTVmjWNCYX0UmnA_600x356.jpg"}}, "statistics": {"wineries_count": 968, "wines_count": 4628, "sub_regions_count": 7, "parent_regions_count": 1}}, "review_status": 2, "winery": {"id": 20199, "name": "Ch\u00e2teau le Raz", "seo_name": "le-raz", "status": 0, "review_status": "Completed", "background_image": null, "statistics": {"ratings_count": 3866, "ratings_average": 3.8, "labels_count": 34322, "wines_count": 32}, "region": {"id": 2341, "name": "Guyenne", "name_en": "", "seo_name": "guyenne", "country": {"code": "fr", "name": "France", "native_name": "France", "seo_name": "france", "currency": {"code": "EUR", "name": "Euros", "prefix": "\u20ac", "suffix": null}, "regions_count": 1292, "users_count": 5068363, "wines_count": 542471, "wineries_count": 67002, "most_used_grapes": [{"id": 14, "name": "Pinot Noir", "seo_name": "pinot-noir", "has_detailed_info": true, "wines_count": 572334}, {"id": 10, "name": "Merlot", "seo_name": "merlot", "has_detailed_info": true, "wines_count": 566719}, {"id": 5, "name": "Chardonnay", "seo_name": "chardonnay", "has_detailed_info": true, "wines_count": 604208}]}, "parent_id": 477, "background_image": {"location": "//images.vivino.com/regions/backgrounds/iUyPjdbxTVmjWNCYX0UmnA.jpg", "variations": {"large": "//thumbs.vivino.com/region_backgrounds/iUyPjdbxTVmjWNCYX0UmnA_1280x760.jpg", "medium": "//thumbs.vivino.com/region_backgrounds/iUyPjdbxTVmjWNCYX0UmnA_600x356.jpg"}}, "statistics": {"wineries_count": 968, "wines_count": 4628, "sub_regions_count": 7, "parent_regions_count": 1}}}, "image": {"location": "//images.vivino.com/labels/CpbNkFqFSS2S0xH6AaVYKw.jpg", "variations": {"large": "//images.vivino.com/thumbs/CpbNkFqFSS2S0xH6AaVYKw_375x500.jpg", "medium": "//images.vivino.com/thumbs/CpbNkFqFSS2S0xH6AaVYKw_150x200.jpg", "medium_square": "//images.vivino.com/thumbs/CpbNkFqFSS2S0xH6AaVYKw_150x150.jpg", "small_square": "//images.vivino.com/thumbs/CpbNkFqFSS2S0xH6AaVYKw_80x80.jpg"}}, "statistics": {"status": "Normal", "ratings_count": 388, "ratings_average": 3.7, "labels_count": 2112, "vintages_count": 19}, "rank": null, "hidden": false, "vintages": [{"id": 170034206, "seo_name": "le-raz-chateau-le-dauphin-2021", "name": "Ch\u00e2teau le Raz Le Dauphin 2021", "statistics": {"status": "BelowThreshold", "ratings_count": 0, "ratings_average": 0, "labels_count": 0, "reviews_count": 0}, "year": 2021, "grapes": null, "has_valid_ratings": false}, {"id": 167224632, "seo_name": "le-raz-chateau-le-dauphin-2020", "name": "Ch\u00e2teau le Raz Le Dauphin 2020", "statistics": {"status": "BelowThreshold", "ratings_count": 6, "ratings_average": 0, "labels_count": 13, "reviews_count": 4}, "year": 2020, "grapes": null, "has_valid_ratings": false}, {"id": 164404148, "seo_name": "le-raz-chateau-le-dauphin-2019", "name": "Ch\u00e2teau le Raz Le Dauphin 2019", "statistics": {"status": "Normal", "ratings_count": 26, "ratings_average": 3.4, "labels_count": 183, "reviews_count": 14}, "year": 2019, "grapes": null, "has_valid_ratings": true}, {"id": 159588973, "seo_name": "le-raz-chateau-le-dauphin-2018", "name": "Ch\u00e2teau le Raz Le Dauphin 2018", "statistics": {"status": "Normal", "ratings_count": 46, "ratings_average": 3.5, "labels_count": 307, "reviews_count": 18}, "year": 2018, "grapes": null, "has_valid_ratings": true}, {"id": 155506284, "seo_name": "le-raz-chateau-le-dauphin-2017", "name": "Ch\u00e2teau le Raz Le Dauphin 2017", "statistics": {"status": "Normal", "ratings_count": 73, "ratings_average": 3.6, "labels_count": 531, "reviews_count": 30}, "year": 2017, "grapes": null, "has_valid_ratings": true}, {"id": 148011133, "seo_name": "le-raz-chateau-le-dauphin-2016", "name": "Ch\u00e2teau le Raz Le Dauphin 2016", "statistics": {"status": "Normal", "ratings_count": 34, "ratings_average": 3.7, "labels_count": 158, "reviews_count": 18}, "year": 2016, "grapes": null, "has_valid_ratings": true}, {"id": 122525476, "seo_name": "le-raz-chateau-le-dauphin-2015", "name": "Ch\u00e2teau le Raz Le Dauphin 2015", "statistics": {"status": "Normal", "ratings_count": 71, "ratings_average": 4, "labels_count": 530, "reviews_count": 33}, "year": 2015, "grapes": null, "has_valid_ratings": true}, {"id": 18791877, "seo_name": "le-raz-chateau-le-dauphin-2014", "name": "Ch\u00e2teau le Raz Le Dauphin 2014", "statistics": {"status": "Normal", "ratings_count": 25, "ratings_average": 3.9, "labels_count": 72, "reviews_count": 10}, "year": 2014, "grapes": null, "has_valid_ratings": true}, {"id": 4426682, "seo_name": "le-raz-chateau-le-dauphin-2013", "name": "Ch\u00e2teau le Raz Le Dauphin 2013", "statistics": {"status": "Normal", "ratings_count": 38, "ratings_average": 3.2, "labels_count": 109, "reviews_count": 18}, "year": 2013, "grapes": null, "has_valid_ratings": true}, {"id": 2072507, "seo_name": "le-raz-chateau-le-dauphin-2012", "name": "Ch\u00e2teau le Raz Le Dauphin 2012", "statistics": {"status": "BelowThreshold", "ratings_count": 3, "ratings_average": 0, "labels_count": 5, "reviews_count": 1}, "year": 2012, "grapes": null, "has_valid_ratings": false}, {"id": 12787119, "seo_name": "le-raz-chateau-le-dauphin-2011", "name": "Ch\u00e2teau le Raz Le Dauphin 2011", "statistics": {"status": "BelowThreshold", "ratings_count": 2, "ratings_average": 0, "labels_count": 14, "reviews_count": 2}, "year": 2011, "grapes": null, "has_valid_ratings": false}, {"id": 9255980, "seo_name": "le-raz-chateau-le-dauphin-2010", "name": "Ch\u00e2teau le Raz Le Dauphin 2010", "statistics": {"status": "BelowThreshold", "ratings_count": 5, "ratings_average": 0, "labels_count": 25, "reviews_count": 2}, "year": 2010, "grapes": null, "has_valid_ratings": false}, {"id": 17244664, "seo_name": "le-raz-chateau-le-dauphin-2009", "name": "Ch\u00e2teau le Raz Le Dauphin 2009", "statistics": {"status": "BelowThreshold", "ratings_count": 0, "ratings_average": 0, "labels_count": 1, "reviews_count": 0}, "year": 2009, "grapes": null, "has_valid_ratings": false}, {"id": 1855359, "seo_name": "le-raz-chateau-le-dauphin-2008", "name": "Ch\u00e2teau le Raz Le Dauphin 2008", "statistics": {"status": "BelowThreshold", "ratings_count": 8, "ratings_average": 0, "labels_count": 15, "reviews_count": 3}, "year": 2008, "grapes": null, "has_valid_ratings": false}, {"id": 9255971, "seo_name": "le-raz-chateau-le-dauphin-2005", "name": "Ch\u00e2teau le Raz Le Dauphin 2005", "statistics": {"status": "BelowThreshold", "ratings_count": 0, "ratings_average": 0, "labels_count": 0, "reviews_count": 0}, "year": 2005, "grapes": null, "has_valid_ratings": false}, {"id": 161379507, "seo_name": "le-raz-chateau-le-dauphin-2001", "name": "Ch\u00e2teau le Raz Le Dauphin 2001", "statistics": {"status": "BelowThreshold", "ratings_count": 0, "ratings_average": 0, "labels_count": 2, "reviews_count": 0}, "year": 2001, "grapes": null, "has_valid_ratings": false}, {"id": 167369848, "seo_name": "le-raz-chateau-le-dauphin-2000", "name": "Ch\u00e2teau le Raz Le Dauphin 2000", "statistics": {"status": "BelowThreshold", "ratings_count": 0, "ratings_average": 0, "labels_count": 4, "reviews_count": 0}, "year": 2000, "grapes": null, "has_valid_ratings": false}, {"id": 165263195, "seo_name": "le-raz-chateau-le-dauphin-1997", "name": "Ch\u00e2teau le Raz Le Dauphin 1997", "statistics": {"status": "BelowThreshold", "ratings_count": 0, "ratings_average": 0, "labels_count": 1, "reviews_count": 0}, "year": 1997, "grapes": null, "has_valid_ratings": false}, {"id": 4764862, "seo_name": "le-raz-chateau-le-dauphin-uv", "name": "Ch\u00e2teau le Raz Le Dauphin", "statistics": {"status": "Normal", "ratings_count": 388, "ratings_average": 3.7, "labels_count": 120, "reviews_count": 17}, "year": 0, "grapes": null, "has_valid_ratings": true}], "description": "", "grapes": [{"id": 17, "name": "Sauvignon Blanc", "seo_name": "sauvignon-blanc", "has_detailed_info": true, "wines_count": 292440}, {"id": 18, "name": "S\u00e9millon", "seo_name": "semillion", "has_detailed_info": true, "wines_count": 65710}, {"id": 89, "name": "Muscadelle", "seo_name": "muscadelle", "has_detailed_info": false, "wines_count": 10051}], "foods": [{"id": 12, "name": "Rich fish (salmon, tuna etc)", "background_image": {"location": "//images.vivino.com/backgrounds/foods/12_richfish.png", "variations": {"small": "//images.vivino.com/backgrounds/foods/thumbs/12_richfish_932x810.png"}}, "seo_name": null}, {"id": 13, "name": "Shellfish", "background_image": {"location": "//images.vivino.com/backgrounds/foods/13_shellfish.png", "variations": {"small": "//images.vivino.com/backgrounds/foods/thumbs/13_shellfish_932x810.png"}}, "seo_name": "shellfish"}, {"id": 16, "name": "Sweet desserts", "background_image": {"location": "//images.vivino.com/backgrounds/foods/16_sweetdessert.png", "variations": {"small": "//images.vivino.com/backgrounds/foods/thumbs/16_sweetdessert_932x810.png"}}, "seo_name": null}, {"id": 19, "name": "Vegetarian", "background_image": {"location": "//images.vivino.com/backgrounds/foods/19_vegetarian.png", "variations": {"small": "//images.vivino.com/backgrounds/foods/thumbs/19_vegetarian_932x810.png"}}, "seo_name": "vegetarian"}, {"id": 20, "name": "Poultry", "background_image": {"location": "//images.vivino.com/backgrounds/foods/20_chicken.png", "variations": {"small": "//images.vivino.com/backgrounds/foods/thumbs/20_chicken_932x810.png"}}, "seo_name": "poultry"}], "non_vintage": false, "alcohol": 0, "sweetness_id": null, "closure": null, "vintage_mask_raw": null, "updated_at": "2018-03-19T15:36:57Z", "created_at": "2013-01-03T07:14:00Z", "is_first_wine": false, "style": null, "has_valid_ratings": true}, "highlights": [{"vintage_id": 122525476, "highlight_type": "best_user_rated", "message": "This vintage rates better than any other year for this wine", "icon": "https://images.vivino.com/highlights/icon/best_user_rated.svg", "metadata": {"price": null, "wine_id": 1410516, "toplist": null, "ws_award": null, "critic_review_id": null, "ratings_average": 4, "ratings_count": 71, "vintage_year": "2015", "rank_type": "global", "ranks": {"country": {"description": "Rank within France", "total": 2497593, "rank": 150978}, "region": {"description": "Rank within Wine Region", "total": 28871, "rank": 626}, "winery": {"description": "Rank within Winery", "total": 253, "rank": 7}, "global": {"description": "Global Rank", "total": 8944631, "rank": 554496}}, "style": null}, "vintage_year": 2015}, {"vintage_id": 155506284, "highlight_type": "most_user_rated", "message": "Popular among Vivino users. More than 70 ratings", "icon": "https://images.vivino.com/highlights/icon/most_user_rated.svg", "metadata": {"price": null, "wine_id": 1410516, "toplist": null, "ws_award": null, "critic_review_id": null, "ratings_average": 3.6, "ratings_count": 73, "vintage_year": "2017", "rank_type": null, "ranks": {"country": {"description": "Rank within France", "total": 2497593, "rank": 449119}, "region": {"description": "Rank within Wine Region", "total": 28871, "rank": 3029}, "winery": {"description": "Rank within Winery", "total": 253, "rank": 44}, "global": {"description": "Global Rank", "total": 8944631, "rank": 1622322}}, "style": null}, "vintage_year": 2017}, {"vintage_id": 18791877, "highlight_type": "top_ranked", "message": "Among top 10% of all wines in region", "icon": "https://images.vivino.com/highlights/icon/top_ranked.svg", "metadata": {"price": null, "wine_id": 1410516, "toplist": null, "ws_award": null, "critic_review_id": null, "ratings_average": 3.9, "ratings_count": 25, "vintage_year": "2014", "rank_type": "region", "ranks": {"country": {"description": "Rank within France", "total": 2497593, "rank": 433389}, "region": {"description": "Rank within Wine Region", "total": 28871, "rank": 2884}, "winery": {"description": "Rank within Winery", "total": 253, "rank": 41}, "global": {"description": "Global Rank", "total": 8944631, "rank": 1567533}}, "style": null}, "vintage_year": 2014}], "recommended_vintages": [{"vintage": {"id": 122525476, "seo_name": "le-raz-chateau-le-dauphin-2015", "name": "Ch\u00e2teau le Raz Le Dauphin 2015", "statistics": {"status": "Normal", "ratings_count": 71, "ratings_average": 4, "labels_count": 530, "reviews_count": 33}, "year": 2015, "grapes": null, "has_valid_ratings": true}, "type": "best_user_rated", "highlight_icon": "https://images.vivino.com/highlights/icon/best_user_rated.svg", "price": null}, {"vintage": {"id": 155506284, "seo_name": "le-raz-chateau-le-dauphin-2017", "name": "Ch\u00e2teau le Raz Le Dauphin 2017", "statistics": {"status": "Normal", "ratings_count": 73, "ratings_average": 3.6, "labels_count": 531, "reviews_count": 30}, "year": 2017, "grapes": null, "has_valid_ratings": true}, "type": "most_user_rated", "highlight_icon": "https://images.vivino.com/highlights/icon/most_user_rated.svg", "price": null}, {"vintage": {"id": 18791877, "seo_name": "le-raz-chateau-le-dauphin-2014", "name": "Ch\u00e2teau le Raz Le Dauphin 2014", "statistics": {"status": "Normal", "ratings_count": 25, "ratings_average": 3.9, "labels_count": 72, "reviews_count": 10}, "year": 2014, "grapes": null, "has_valid_ratings": true}, "type": "top_ranked", "highlight_icon": "https://images.vivino.com/highlights/icon/top_ranked.svg", "price": null}], "prices_and_availabilities": [], "price_range": {"currency": {"code": "EUR", "name": "Euros", "prefix": "\u20ac", "suffix": null}, "price_range": {"minimum": 0, "maximum": 500, "currency_code": "EUR"}, "defaults": {"minimum": 7, "maximum": 30, "currency_code": "EUR"}}, "subtotal_price": null}