{"vintage": {"id": 166407825, "seo_name": "es-ego-goru-el-blanco-2020", "name": "EGO Goru el Blanco 2020", "statistics": {"status": "Normal", "ratings_count": 49, "ratings_average": 3.7, "labels_count": 98, "reviews_count": 16}, "organic_certification_id": null, "certified_biodynamic": null, "image": {"location": "//images.vivino.com/thumbs/Y4nLaPIGSJqmfoN6TeaGqg_pl_480x640.png", "variations": {"bottle_large": "//images.vivino.com/thumbs/Y4nLaPIGSJqmfoN6TeaGqg_pb_x960.png", "bottle_medium": "//images.vivino.com/thumbs/Y4nLaPIGSJqmfoN6TeaGqg_pb_x600.png", "bottle_medium_square": "//images.vivino.com/thumbs/Y4nLaPIGSJqmfoN6TeaGqg_pb_600x600.png", "bottle_small": "//images.vivino.com/thumbs/Y4nLaPIGSJqmfoN6TeaGqg_pb_x300.png", "bottle_small_square": "//images.vivino.com/thumbs/Y4nLaPIGSJqmfoN6TeaGqg_pb_300x300.png", "label": "//images.vivino.com/thumbs/Y4nLaPIGSJqmfoN6TeaGqg_pl_480x640.png", "label_large": "//images.vivino.com/thumbs/Y4nLaPIGSJqmfoN6TeaGqg_pl_375x500.png", "label_medium": "//images.vivino.com/thumbs/Y4nLaPIGSJqmfoN6TeaGqg_pl_150x200.png", "label_medium_square": "//images.vivino.com/thumbs/Y4nLaPIGSJqmfoN6TeaGqg_pl_150x150.png", "label_small_square": "//images.vivino.com/thumbs/Y4nLaPIGSJqmfoN6TeaGqg_pl_80x80.png", "large": "//images.vivino.com/thumbs/Y4nLaPIGSJqmfoN6TeaGqg_pl_375x500.png", "medium": "//images.vivino.com/thumbs/Y4nLaPIGSJqmfoN6TeaGqg_pl_150x200.png", "medium_square": "//images.vivino.com/thumbs/Y4nLaPIGSJqmfoN6TeaGqg_pl_150x150.png", "small_square": "//images.vivino.com/thumbs/Y4nLaPIGSJqmfoN6TeaGqg_pl_80x80.png"}}, "wine": {"id": 2595325, "name": "Goru el Blanco", "seo_name": "goru-el-blanco", "type_id": 2, "vintage_type": 0, "is_natural": false, "region": {"id": 544, "name": "Jumilla", "name_en": "", "seo_name": "jumilla", "country": {"code": "es", "name": "Spanien", "native_name": "Espa\u00f1a", "seo_name": "spain", "currency": {"code": "EUR", "name": "Euros", "prefix": "\u20ac", "suffix": null}, "regions_count": 152, "users_count": 2007042, "wines_count": 130133, "wineries_count": 17560, "most_used_grapes": [{"id": 19, "name": "Tempranillo", "seo_name": "tempranillo", "has_detailed_info": true, "wines_count": 171275}, {"id": 142, "name": "Garnacha", "seo_name": "garnacha", "has_detailed_info": true, "wines_count": 57586}, {"id": 2, "name": "Cabernet Sauvignon", "seo_name": "cabernet-sauvignon", "has_detailed_info": true, "wines_count": 794022}]}, "parent_id": 420, "background_image": {"location": "//images.vivino.com/regions/backgrounds/d1SrUgn0R3eXP9xtxVUIdg.jpg", "variations": {"large": "//thumbs.vivino.com/region_backgrounds/d1SrUgn0R3eXP9xtxVUIdg_1280x760.jpg", "medium": "//thumbs.vivino.com/region_backgrounds/d1SrUgn0R3eXP9xtxVUIdg_600x356.jpg"}}, "class": {"typecast_map": {"background_image": {}, "class": {}}}, "statistics": {"wineries_count": 234, "wines_count": 1596, "sub_regions_count": 0, "parent_regions_count": 1}}, "review_status": 2, "winery": {"id": 60978, "name": "EGO", "seo_name": "es-ego", "status": 0, "review_status": "Completed", "background_image": null, "statistics": {"ratings_count": 54830, "ratings_average": 3.8, "labels_count": 389709, "wines_count": 42}, "region": {"id": 544, "name": "Jumilla", "name_en": "", "seo_name": "jumilla", "country": {"code": "es", "name": "Spanien", "native_name": "Espa\u00f1a", "seo_name": "spain", "currency": {"code": "EUR", "name": "Euros", "prefix": "\u20ac", "suffix": null}, "regions_count": 152, "users_count": 2007042, "wines_count": 130133, "wineries_count": 17560, "most_used_grapes": [{"id": 19, "name": "Tempranillo", "seo_name": "tempranillo", "has_detailed_info": true, "wines_count": 171275}, {"id": 142, "name": "Garnacha", "seo_name": "garnacha", "has_detailed_info": true, "wines_count": 57586}, {"id": 2, "name": "Cabernet Sauvignon", "seo_name": "cabernet-sauvignon", "has_detailed_info": true, "wines_count": 794022}]}, "parent_id": 420, "background_image": {"location": "//images.vivino.com/regions/backgrounds/d1SrUgn0R3eXP9xtxVUIdg.jpg", "variations": {"large": "//thumbs.vivino.com/region_backgrounds/d1SrUgn0R3eXP9xtxVUIdg_1280x760.jpg", "medium": "//thumbs.vivino.com/region_backgrounds/d1SrUgn0R3eXP9xtxVUIdg_600x356.jpg"}}, "class": {"typecast_map": {"background_image": {}, "class": {}}}, "statistics": {"wineries_count": 234, "wines_count": 1596, "sub_regions_count": 0, "parent_regions_count": 1}}, "business_name": "Bodegas EGO", "description": "", "specialists_notes": "", "phone": "+34 868 58 02 85", "email": "info@egobodegas.com", "facebook": "https://www.facebook.com/egobodegas", "instagram": "", "is_claimed": false, "twitter": "@EGOBODEGAS", "website": "http://egobodegas.com", "winemaker": "Ego Bodegas", "wine_maker": {"id": 8139, "name": "Ego Bodegas"}, "address": {"title": null, "name": null, "street": "Valle Hoya de Torres s/n", "street2": null, "neighborhood": null, "city": "Jumilla", "zip": "30520", "state": null, "country": {"code": "es", "name": "Spanien", "native_name": "Espa\u00f1a", "seo_name": "spain", "currency": {"code": "EUR", "name": "Euros", "prefix": "\u20ac", "suffix": null}, "regions_count": 152, "users_count": 2007042, "wines_count": 130133, "wineries_count": 17560, "most_used_grapes": [{"id": 19, "name": "Tempranillo", "seo_name": "tempranillo", "has_detailed_info": true, "wines_count": 171275}, {"id": 142, "name": "Garnacha", "seo_name": "garnacha", "has_detailed_info": true, "wines_count": 57586}, {"id": 2, "name": "Cabernet Sauvignon", "seo_name": "cabernet-sauvignon", "has_detailed_info": true, "wines_count": 794022}]}, "company": null, "phone": null, "external_id": null, "residential": null, "vat_number": null, "vat_code": null, "addition": null}, "image": null, "location": {"latitude": 38.476353, "longitude": -1.322186}, "winery_group": null, "first_wines": [], "sponsored_entity_type": null, "sponsored_entity": null}, "statistics": {"status": "Normal", "ratings_count": 2244, "ratings_average": 3.8, "labels_count": 13646, "vintages_count": 20}, "rank": {"country": {"description": "Rang von Spanien", "total": 79190, "rank": 4376}, "region": {"description": "Rang von Weinregion", "total": 1202, "rank": 76}, "winery": {"description": "Rang vom Weingut", "total": 41, "rank": 7}, "wine_type": {"description": "Rang in allen Wei\u00dfwein", "total": 394049, "rank": 15010}, "global": {"description": "Weltweiter Rang", "total": 1287357, "rank": 64757}}, "hidden": false, "vintages": [{"id": 166407825, "seo_name": "es-ego-goru-el-blanco-2020", "name": "EGO Goru el Blanco 2020", "statistics": {"status": "Normal", "ratings_count": 49, "ratings_average": 3.7, "labels_count": 98, "reviews_count": 16}, "year": 2020, "grapes": null, "has_valid_ratings": true}, {"id": 160484037, "seo_name": "es-ego-goru-el-blanco-2019", "name": "EGO Goru el Blanco 2019", "statistics": {"status": "Normal", "ratings_count": 439, "ratings_average": 3.8, "labels_count": 3475, "reviews_count": 167}, "year": 2019, "grapes": null, "has_valid_ratings": true}, {"id": 157129837, "seo_name": "es-ego-goru-el-blanco-2018", "name": "EGO Goru el Blanco 2018", "statistics": {"status": "Normal", "ratings_count": 383, "ratings_average": 3.8, "labels_count": 3220, "reviews_count": 145}, "year": 2018, "grapes": null, "has_valid_ratings": true}, {"id": 153120501, "seo_name": "es-ego-goru-el-blanco-2017", "name": "EGO Goru el Blanco 2017", "statistics": {"status": "Normal", "ratings_count": 524, "ratings_average": 4, "labels_count": 4009, "reviews_count": 182}, "year": 2017, "grapes": null, "has_valid_ratings": true}, {"id": 145138028, "seo_name": "es-ego-goru-el-blanco-2016", "name": "EGO Goru el Blanco 2016", "statistics": {"status": "Normal", "ratings_count": 257, "ratings_average": 3.9, "labels_count": 1274, "reviews_count": 89}, "year": 2016, "grapes": null, "has_valid_ratings": true}, {"id": 41957270, "seo_name": "es-ego-goru-el-blanco-2015", "name": "EGO Goru el Blanco 2015", "statistics": {"status": "Normal", "ratings_count": 202, "ratings_average": 3.6, "labels_count": 850, "reviews_count": 69}, "year": 2015, "grapes": null, "has_valid_ratings": true}, {"id": 20890505, "seo_name": "es-ego-goru-el-blanco-2014", "name": "EGO Goru el Blanco 2014", "statistics": {"status": "Normal", "ratings_count": 43, "ratings_average": 3.6, "labels_count": 133, "reviews_count": 15}, "year": 2014, "grapes": null, "has_valid_ratings": true}, {"id": 9134360, "seo_name": "es-ego-goru-el-blanco-2013", "name": "EGO Goru el Blanco 2013", "statistics": {"status": "Normal", "ratings_count": 70, "ratings_average": 3.5, "labels_count": 223, "reviews_count": 23}, "year": 2013, "grapes": null, "has_valid_ratings": true}, {"id": 12592180, "seo_name": "es-ego-goru-el-blanco-2012", "name": "EGO Goru el Blanco 2012", "statistics": {"status": "BelowThreshold", "ratings_count": 5, "ratings_average": 0, "labels_count": 38, "reviews_count": 3}, "year": 2012, "grapes": null, "has_valid_ratings": false}, {"id": 8290084, "seo_name": "es-ego-goru-el-blanco-uv", "name": "EGO Goru el Blanco", "statistics": {"status": "Normal", "ratings_count": 2244, "ratings_average": 3.8, "labels_count": 309, "reviews_count": 75}, "year": 0, "grapes": null, "has_valid_ratings": true}], "description": "Shiny golden yellow, ample ripe fruit aroma with typical floral notes of Moscatel grapes. \n\nLong, greasy in the mouth, leaves a pleasant white grape end of taste.", "grapes": [{"id": 5, "name": "Chardonnay", "seo_name": "chardonnay", "has_detailed_info": true, "wines_count": 597329}, {"id": 1739, "name": "Moscatel", "seo_name": "moscatel", "has_detailed_info": false, "wines_count": 4053}], "foods": [{"id": 10, "name": "Schweinefleisch", "background_image": {"location": "//images.vivino.com/backgrounds/foods/10_pork.png", "variations": {"small": "//images.vivino.com/backgrounds/foods/thumbs/10_pork_932x810.png"}}, "seo_name": "pork"}, {"id": 12, "name": "Fetthaltiger Fisch (Lachs, Thunfisch etc.)", "background_image": {"location": "//images.vivino.com/backgrounds/foods/12_richfish.png", "variations": {"small": "//images.vivino.com/backgrounds/foods/thumbs/12_richfish_932x810.png"}}, "seo_name": null}, {"id": 19, "name": "Vegetarische Gerichte", "background_image": {"location": "//images.vivino.com/backgrounds/foods/19_vegetarian.png", "variations": {"small": "//images.vivino.com/backgrounds/foods/thumbs/19_vegetarian_932x810.png"}}, "seo_name": "vegetarian"}, {"id": 20, "name": "Gefl\u00fcgel", "background_image": {"location": "//images.vivino.com/backgrounds/foods/20_chicken.png", "variations": {"small": "//images.vivino.com/backgrounds/foods/thumbs/20_chicken_932x810.png"}}, "seo_name": "poultry"}], "non_vintage": false, "alcohol": 13, "sweetness_id": null, "closure": null, "vintage_mask_raw": null, "updated_at": "2021-09-29T09:51:51Z", "created_at": "2014-08-03T02:11:06Z", "is_first_wine": false, "style": null, "has_valid_ratings": true}, "description": "", "expert_reviews": null, "wine_critic_reviews": [], "awards": [], "ratings_distribution": {"1": 0, "2": 3, "3": 20, "4": 24, "5": 2}, "ranking": {"country": {"description": "Rang von Spanien", "total": 600965, "rank": 121256}, "region": {"description": "Rang von Weinregion", "total": 9152, "rank": 2167}, "winery": {"description": "Rang vom Weingut", "total": 361, "rank": 174}, "global": {"description": "Weltweiter Rang", "total": 8824778, "rank": 1682322}}, "wine_facts": {"alcohol": 13, "contains_milk_allergens": false, "contains_egg_allergens": false}, "winemaker": null, "wine_maker": null, "grape_composition": {}, "year": 2020, "grapes": null, "has_valid_ratings": true}, "carts": null, "price_range": {"currency": {"code": "EUR", "name": "Euros", "prefix": "\u20ac", "suffix": null}, "price_range": {"minimum": 0, "maximum": 500, "currency_code": "EUR"}, "defaults": {"minimum": 7, "maximum": 30, "currency_code": "EUR"}}, "subtotal_price": null, "full_region": null, "tastes": null, "wine": {"id": 2595325, "name": "Goru el Blanco", "seo_name": "goru-el-blanco", "type_id": 2, "vintage_type": 0, "is_natural": false, "region": {"id": 544, "name": "Jumilla", "name_en": "", "seo_name": "jumilla", "country": {"code": "es", "name": "Spanien", "native_name": "Espa\u00f1a", "seo_name": "spain", "currency": {"code": "EUR", "name": "Euros", "prefix": "\u20ac", "suffix": null}, "regions_count": 152, "users_count": 2007042, "wines_count": 130133, "wineries_count": 17560, "most_used_grapes": [{"id": 19, "name": "Tempranillo", "seo_name": "tempranillo", "has_detailed_info": true, "wines_count": 171275}, {"id": 142, "name": "Garnacha", "seo_name": "garnacha", "has_detailed_info": true, "wines_count": 57586}, {"id": 2, "name": "Cabernet Sauvignon", "seo_name": "cabernet-sauvignon", "has_detailed_info": true, "wines_count": 794022}]}, "parent_id": 420, "background_image": {"location": "//images.vivino.com/regions/backgrounds/d1SrUgn0R3eXP9xtxVUIdg.jpg", "variations": {"large": "//thumbs.vivino.com/region_backgrounds/d1SrUgn0R3eXP9xtxVUIdg_1280x760.jpg", "medium": "//thumbs.vivino.com/region_backgrounds/d1SrUgn0R3eXP9xtxVUIdg_600x356.jpg"}}, "class": {"typecast_map": {"background_image": {}, "class": {}}}, "statistics": {"wineries_count": 234, "wines_count": 1596, "sub_regions_count": 0, "parent_regions_count": 1}}, "review_status": 2, "winery": {"id": 60978, "name": "EGO", "seo_name": "es-ego", "status": 0, "review_status": "Completed", "background_image": null, "statistics": {"ratings_count": 54830, "ratings_average": 3.8, "labels_count": 389709, "wines_count": 42}, "region": {"id": 544, "name": "Jumilla", "name_en": "", "seo_name": "jumilla", "country": {"code": "es", "name": "Spanien", "native_name": "Espa\u00f1a", "seo_name": "spain", "currency": {"code": "EUR", "name": "Euros", "prefix": "\u20ac", "suffix": null}, "regions_count": 152, "users_count": 2007042, "wines_count": 130133, "wineries_count": 17560, "most_used_grapes": [{"id": 19, "name": "Tempranillo", "seo_name": "tempranillo", "has_detailed_info": true, "wines_count": 171275}, {"id": 142, "name": "Garnacha", "seo_name": "garnacha", "has_detailed_info": true, "wines_count": 57586}, {"id": 2, "name": "Cabernet Sauvignon", "seo_name": "cabernet-sauvignon", "has_detailed_info": true, "wines_count": 794022}]}, "parent_id": 420, "background_image": {"location": "//images.vivino.com/regions/backgrounds/d1SrUgn0R3eXP9xtxVUIdg.jpg", "variations": {"large": "//thumbs.vivino.com/region_backgrounds/d1SrUgn0R3eXP9xtxVUIdg_1280x760.jpg", "medium": "//thumbs.vivino.com/region_backgrounds/d1SrUgn0R3eXP9xtxVUIdg_600x356.jpg"}}, "class": {"typecast_map": {"background_image": {}, "class": {}}}, "statistics": {"wineries_count": 234, "wines_count": 1596, "sub_regions_count": 0, "parent_regions_count": 1}}, "business_name": "Bodegas EGO", "description": "", "specialists_notes": "", "phone": "+34 868 58 02 85", "email": "info@egobodegas.com", "facebook": "https://www.facebook.com/egobodegas", "instagram": "", "is_claimed": false, "twitter": "@EGOBODEGAS", "website": "http://egobodegas.com", "winemaker": "Ego Bodegas", "wine_maker": {"id": 8139, "name": "Ego Bodegas"}, "address": {"title": null, "name": null, "street": "Valle Hoya de Torres s/n", "street2": null, "neighborhood": null, "city": "Jumilla", "zip": "30520", "state": null, "country": {"code": "es", "name": "Spanien", "native_name": "Espa\u00f1a", "seo_name": "spain", "currency": {"code": "EUR", "name": "Euros", "prefix": "\u20ac", "suffix": null}, "regions_count": 152, "users_count": 2007042, "wines_count": 130133, "wineries_count": 17560, "most_used_grapes": [{"id": 19, "name": "Tempranillo", "seo_name": "tempranillo", "has_detailed_info": true, "wines_count": 171275}, {"id": 142, "name": "Garnacha", "seo_name": "garnacha", "has_detailed_info": true, "wines_count": 57586}, {"id": 2, "name": "Cabernet Sauvignon", "seo_name": "cabernet-sauvignon", "has_detailed_info": true, "wines_count": 794022}]}, "company": null, "phone": null, "external_id": null, "residential": null, "vat_number": null, "vat_code": null, "addition": null}, "image": null, "location": {"latitude": 38.476353, "longitude": -1.322186}, "winery_group": null, "first_wines": [], "sponsored_entity_type": null, "sponsored_entity": null}, "statistics": {"status": "Normal", "ratings_count": 2244, "ratings_average": 3.8, "labels_count": 13646, "vintages_count": 20}, "rank": {"country": {"description": "Rang von Spanien", "total": 79190, "rank": 4376}, "region": {"description": "Rang von Weinregion", "total": 1202, "rank": 76}, "winery": {"description": "Rang vom Weingut", "total": 41, "rank": 7}, "wine_type": {"description": "Rang in allen Wei\u00dfwein", "total": 394049, "rank": 15010}, "global": {"description": "Weltweiter Rang", "total": 1287357, "rank": 64757}}, "hidden": false, "vintages": [{"id": 166407825, "seo_name": "es-ego-goru-el-blanco-2020", "name": "EGO Goru el Blanco 2020", "statistics": {"status": "Normal", "ratings_count": 49, "ratings_average": 3.7, "labels_count": 98, "reviews_count": 16}, "year": 2020, "grapes": null, "has_valid_ratings": true}, {"id": 160484037, "seo_name": "es-ego-goru-el-blanco-2019", "name": "EGO Goru el Blanco 2019", "statistics": {"status": "Normal", "ratings_count": 439, "ratings_average": 3.8, "labels_count": 3475, "reviews_count": 167}, "year": 2019, "grapes": null, "has_valid_ratings": true}, {"id": 157129837, "seo_name": "es-ego-goru-el-blanco-2018", "name": "EGO Goru el Blanco 2018", "statistics": {"status": "Normal", "ratings_count": 383, "ratings_average": 3.8, "labels_count": 3220, "reviews_count": 145}, "year": 2018, "grapes": null, "has_valid_ratings": true}, {"id": 153120501, "seo_name": "es-ego-goru-el-blanco-2017", "name": "EGO Goru el Blanco 2017", "statistics": {"status": "Normal", "ratings_count": 524, "ratings_average": 4, "labels_count": 4009, "reviews_count": 182}, "year": 2017, "grapes": null, "has_valid_ratings": true}, {"id": 145138028, "seo_name": "es-ego-goru-el-blanco-2016", "name": "EGO Goru el Blanco 2016", "statistics": {"status": "Normal", "ratings_count": 257, "ratings_average": 3.9, "labels_count": 1274, "reviews_count": 89}, "year": 2016, "grapes": null, "has_valid_ratings": true}, {"id": 41957270, "seo_name": "es-ego-goru-el-blanco-2015", "name": "EGO Goru el Blanco 2015", "statistics": {"status": "Normal", "ratings_count": 202, "ratings_average": 3.6, "labels_count": 850, "reviews_count": 69}, "year": 2015, "grapes": null, "has_valid_ratings": true}, {"id": 20890505, "seo_name": "es-ego-goru-el-blanco-2014", "name": "EGO Goru el Blanco 2014", "statistics": {"status": "Normal", "ratings_count": 43, "ratings_average": 3.6, "labels_count": 133, "reviews_count": 15}, "year": 2014, "grapes": null, "has_valid_ratings": true}, {"id": 9134360, "seo_name": "es-ego-goru-el-blanco-2013", "name": "EGO Goru el Blanco 2013", "statistics": {"status": "Normal", "ratings_count": 70, "ratings_average": 3.5, "labels_count": 223, "reviews_count": 23}, "year": 2013, "grapes": null, "has_valid_ratings": true}, {"id": 12592180, "seo_name": "es-ego-goru-el-blanco-2012", "name": "EGO Goru el Blanco 2012", "statistics": {"status": "BelowThreshold", "ratings_count": 5, "ratings_average": 0, "labels_count": 38, "reviews_count": 3}, "year": 2012, "grapes": null, "has_valid_ratings": false}, {"id": 8290084, "seo_name": "es-ego-goru-el-blanco-uv", "name": "EGO Goru el Blanco", "statistics": {"status": "Normal", "ratings_count": 2244, "ratings_average": 3.8, "labels_count": 309, "reviews_count": 75}, "year": 0, "grapes": null, "has_valid_ratings": true}], "description": "Shiny golden yellow, ample ripe fruit aroma with typical floral notes of Moscatel grapes. \n\nLong, greasy in the mouth, leaves a pleasant white grape end of taste.", "grapes": [{"id": 5, "name": "Chardonnay", "seo_name": "chardonnay", "has_detailed_info": true, "wines_count": 597329}, {"id": 1739, "name": "Moscatel", "seo_name": "moscatel", "has_detailed_info": false, "wines_count": 4053}], "foods": [{"id": 10, "name": "Schweinefleisch", "background_image": {"location": "//images.vivino.com/backgrounds/foods/10_pork.png", "variations": {"small": "//images.vivino.com/backgrounds/foods/thumbs/10_pork_932x810.png"}}, "seo_name": "pork"}, {"id": 12, "name": "Fetthaltiger Fisch (Lachs, Thunfisch etc.)", "background_image": {"location": "//images.vivino.com/backgrounds/foods/12_richfish.png", "variations": {"small": "//images.vivino.com/backgrounds/foods/thumbs/12_richfish_932x810.png"}}, "seo_name": null}, {"id": 19, "name": "Vegetarische Gerichte", "background_image": {"location": "//images.vivino.com/backgrounds/foods/19_vegetarian.png", "variations": {"small": "//images.vivino.com/backgrounds/foods/thumbs/19_vegetarian_932x810.png"}}, "seo_name": "vegetarian"}, {"id": 20, "name": "Gefl\u00fcgel", "background_image": {"location": "//images.vivino.com/backgrounds/foods/20_chicken.png", "variations": {"small": "//images.vivino.com/backgrounds/foods/thumbs/20_chicken_932x810.png"}}, "seo_name": "poultry"}], "non_vintage": false, "alcohol": 13, "sweetness_id": null, "closure": null, "vintage_mask_raw": null, "updated_at": "2021-09-29T09:51:51Z", "created_at": "2014-08-03T02:11:06Z", "is_first_wine": false, "style": null, "has_valid_ratings": true}, "price": {"id": 24660004, "vintage_id": 166407825, "amount": 6.25, "type": "vc", "currency": {"code": "EUR", "name": "Euros", "prefix": "\u20ac", "suffix": null}, "bottle_type_id": 1, "inventory_bottles_count": 170, "bottles_sold_count": 18, "url": "https://weindomaine.de/produkte/ego-bodegas-goru-el-blanco-2020-spanien?utm_medium=pref-cpc&utm_source=vivino-ppc", "message": "", "producer_address": "Valle Hoya de Torres, s/n, ES-30520 Jumilla", "importer_address": "Valle Hoya de Torres, s/n, ES-30520 Jumilla", "discounted_from": null, "bottle_type": {"id": 1, "name": "Flasche (0,75\u00a0l)", "short_name": "Flasche", "short_name_plural": "Flaschen", "volume_ml": 750}}, "highlights": [], "merchant": {"id": 1579, "name": "Wein Domaine", "seo_name": "wein-domaine", "legal_name": "WeinDomaine", "description": "Versandkostenfrei f\u00fcr Bestellungen ab 80 EUR", "country": {"code": "de", "name": "Deutschland", "native_name": "Deutschland", "seo_name": "germany", "currency": {"code": "EUR", "name": "Euros", "prefix": "\u20ac", "suffix": null}, "regions_count": 210, "users_count": 2117308, "wines_count": 197796, "wineries_count": 13493, "most_used_grapes": [{"id": 15, "name": "Riesling", "seo_name": "riesling", "has_detailed_info": true, "wines_count": 259925}, {"id": 299, "name": "Sp\u00e4tburgunder", "seo_name": "spatburgunder", "has_detailed_info": false, "wines_count": 49659}, {"id": 355, "name": "Weissburgunder", "seo_name": "weissburgunder", "has_detailed_info": false, "wines_count": 33123}]}, "state": null, "status": 3, "image": {"location": "//images.vivino.com/merchants/originals/p1d3i2aq00001hb.jpg", "variations": {"large_square": "//images.vivino.com/merchants/thumbs/p1d3i2aq00001hb_400x400.jpg", "medium_square": "//images.vivino.com/merchants/thumbs/p1d3i2aq00001hb_320x320.jpg", "small_square": "//images.vivino.com/merchants/thumbs/p1d3i2aq00001hb_160x160.jpg"}}, "shipping_estimate": "Lieferung voraussichtlich zwischen Di, 21.\u00a0Dez und Do, 23.\u00a0Dez", "impressum_url": "https://www.weindomaine.de/Impressum:_:4.html", "tos_url": "https://www.weindomaine.de/Unsere-AGB:_:3.html", "vc_clearing_system": 0, "hidden": false}, "sold_out": false, "prices_and_availability": {"market": {"country": "de", "currency": {"code": "EUR", "name": "Euros", "prefix": "\u20ac", "suffix": null}}, "availability": {"vintage": {"id": 166407825, "year": 2020, "grapes": null, "has_valid_ratings": false}, "median": {"amount": 7.49, "type": "market", "discounted_from": null}, "price": {"id": 24660004, "amount": 6.25, "discounted_from": 0.0, "type": "vc"}}, "merchants_with_prices": [{"merchant": {"id": 1579, "name": "Wein Domaine", "seo_name": "wein-domaine", "legal_name": "WeinDomaine", "description": "Versandkostenfrei f\u00fcr Bestellungen ab 80 EUR", "country": {"code": "de", "name": "Deutschland", "native_name": "Deutschland", "seo_name": "germany", "currency": {"code": "EUR", "name": "Euros", "prefix": "\u20ac", "suffix": null}, "regions_count": 210, "users_count": 2117308, "wines_count": 197796, "wineries_count": 13493, "most_used_grapes": [{"id": 15, "name": "Riesling", "seo_name": "riesling", "has_detailed_info": true, "wines_count": 259925}, {"id": 299, "name": "Sp\u00e4tburgunder", "seo_name": "spatburgunder", "has_detailed_info": false, "wines_count": 49659}, {"id": 355, "name": "Weissburgunder", "seo_name": "weissburgunder", "has_detailed_info": false, "wines_count": 33123}]}, "state": null, "status": 3, "image": {"location": "//images.vivino.com/merchants/originals/p1d3i2aq00001hb.jpg", "variations": {"large_square": "//images.vivino.com/merchants/thumbs/p1d3i2aq00001hb_400x400.jpg", "medium_square": "//images.vivino.com/merchants/thumbs/p1d3i2aq00001hb_320x320.jpg", "small_square": "//images.vivino.com/merchants/thumbs/p1d3i2aq00001hb_160x160.jpg"}}, "shipping_estimate": "Lieferung voraussichtlich zwischen Di, 21.\u00a0Dez und Do, 23.\u00a0Dez", "impressum_url": "https://www.weindomaine.de/Impressum:_:4.html", "tos_url": "https://www.weindomaine.de/Unsere-AGB:_:3.html", "vc_clearing_system": 0, "hidden": false}, "prices": [{"id": 24660004, "vintage_id": 166407825, "amount": 6.25, "type": "vc", "currency": {"code": "EUR", "name": "Euros", "prefix": "\u20ac", "suffix": null}, "bottle_type_id": 1, "inventory_bottles_count": 170, "bottles_sold_count": 18, "url": "https://weindomaine.de/produkte/ego-bodegas-goru-el-blanco-2020-spanien?utm_medium=pref-cpc&utm_source=vivino-ppc", "message": "", "producer_address": "Valle Hoya de Torres, s/n, ES-30520 Jumilla", "importer_address": "Valle Hoya de Torres, s/n, ES-30520 Jumilla", "discounted_from": null, "bottle_type": {"id": 1, "name": "Flasche (0,75\u00a0l)", "short_name": "Flasche", "short_name_plural": "Flaschen", "volume_ml": 750}}]}, {"merchant": {"id": 329, "name": "Terra-Vinum", "seo_name": "terra-vinum", "legal_name": "terra-vinum.de c/o ternum GmbH", "description": "Versandkostenfrei f\u00fcr Bestellungen ab 80 EUR", "country": {"code": "de", "name": "Deutschland", "native_name": "Deutschland", "seo_name": "germany", "currency": {"code": "EUR", "name": "Euros", "prefix": "\u20ac", "suffix": null}, "regions_count": 210, "users_count": 2117308, "wines_count": 197796, "wineries_count": 13493, "most_used_grapes": [{"id": 15, "name": "Riesling", "seo_name": "riesling", "has_detailed_info": true, "wines_count": 259925}, {"id": 299, "name": "Sp\u00e4tburgunder", "seo_name": "spatburgunder", "has_detailed_info": false, "wines_count": 49659}, {"id": 355, "name": "Weissburgunder", "seo_name": "weissburgunder", "has_detailed_info": false, "wines_count": 33123}]}, "state": null, "status": 3, "image": {"location": "//images.vivino.com/merchants/originals/p1cqg29n00000a9.jpg", "variations": {"large_square": "//images.vivino.com/merchants/thumbs/p1cqg29n00000a9_400x400.jpg", "medium_square": "//images.vivino.com/merchants/thumbs/p1cqg29n00000a9_320x320.jpg", "small_square": "//images.vivino.com/merchants/thumbs/p1cqg29n00000a9_160x160.jpg"}}, "shipping_estimate": "Lieferung voraussichtlich zwischen Di, 21.\u00a0Dez und Do, 23.\u00a0Dez", "impressum_url": "https://www.terra-vinum.de/impressum", "tos_url": "https://www.terra-vinum.de/unsere-agb", "vc_clearing_system": 0, "hidden": false}, "prices": [{"id": 24714330, "vintage_id": 166407825, "amount": 7.49, "type": "vc", "currency": {"code": "EUR", "name": "Euros", "prefix": "\u20ac", "suffix": null}, "bottle_type_id": 1, "inventory_bottles_count": null, "url": "https://www.terra-vinum.de/86/ego-goru-el-blanco?utm_medium=pref-cpc&utm_source=vivino-ppc", "message": "Preis pro Flasche, Kiste mit 6", "producer_address": "", "importer_address": "", "discounted_from": null, "bottle_type": {"id": 1, "name": "Flasche (0,75\u00a0l)", "short_name": "Flasche", "short_name_plural": "Flaschen", "volume_ml": 750}}]}, {"merchant": {"id": 1341, "name": "Edelrausch", "seo_name": "edelrausch", "legal_name": null, "description": "Mobile-friendly checkout. No minimum order.", "country": {"code": "de", "name": "Deutschland", "native_name": "Deutschland", "seo_name": "germany", "currency": {"code": "EUR", "name": "Euros", "prefix": "\u20ac", "suffix": null}, "regions_count": 210, "users_count": 2117308, "wines_count": 197796, "wineries_count": 13493, "most_used_grapes": [{"id": 15, "name": "Riesling", "seo_name": "riesling", "has_detailed_info": true, "wines_count": 259925}, {"id": 299, "name": "Sp\u00e4tburgunder", "seo_name": "spatburgunder", "has_detailed_info": false, "wines_count": 49659}, {"id": 355, "name": "Weissburgunder", "seo_name": "weissburgunder", "has_detailed_info": false, "wines_count": 33123}]}, "state": null, "status": 0, "image": null, "shipping_estimate": "Lieferung bis Mi, 22.\u00a0Dez", "impressum_url": null, "tos_url": null, "vc_clearing_system": 0, "hidden": false}, "prices": [{"id": 25063291, "vintage_id": 166407825, "amount": 6.42, "type": "ppc", "currency": {"code": "EUR", "name": "Euros", "prefix": "\u20ac", "suffix": null}, "bottle_type_id": 1, "inventory_bottles_count": null, "url": "https://www.edelrausch.de/ego-bodegas-goru-el-blanco-2020?utm_medium=pref-cpc&utm_source=vivino-ppc", "message": "", "producer_address": "", "importer_address": "", "discounted_from": null, "bottle_type": {"id": 1, "name": "Flasche (0,75\u00a0l)", "short_name": "Flasche", "short_name_plural": "Flaschen", "volume_ml": 750}}]}, {"merchant": {"id": 2585, "name": "Solvino", "seo_name": "solvino", "legal_name": null, "description": "Mobile-friendly checkout. No minimum order.", "country": {"code": "de", "name": "Deutschland", "native_name": "Deutschland", "seo_name": "germany", "currency": {"code": "EUR", "name": "Euros", "prefix": "\u20ac", "suffix": null}, "regions_count": 210, "users_count": 2117308, "wines_count": 197796, "wineries_count": 13493, "most_used_grapes": [{"id": 15, "name": "Riesling", "seo_name": "riesling", "has_detailed_info": true, "wines_count": 259925}, {"id": 299, "name": "Sp\u00e4tburgunder", "seo_name": "spatburgunder", "has_detailed_info": false, "wines_count": 49659}, {"id": 355, "name": "Weissburgunder", "seo_name": "weissburgunder", "has_detailed_info": false, "wines_count": 33123}]}, "state": null, "status": 0, "image": null, "shipping_estimate": "Lieferung bis Mi, 22.\u00a0Dez", "impressum_url": null, "tos_url": null, "vc_clearing_system": 0, "hidden": false}, "prices": [{"id": 24447459, "vintage_id": 166407825, "amount": 7.9, "type": "ppc", "currency": {"code": "EUR", "name": "Euros", "prefix": "\u20ac", "suffix": null}, "bottle_type_id": 1, "inventory_bottles_count": null, "url": "https://www.solvino.de/egobodegas-goru-el-blanco-jumilla-2020?utm_medium=pref-cpc&utm_source=vivino-ppc", "message": "", "producer_address": "", "importer_address": "", "discounted_from": null, "bottle_type": {"id": 1, "name": "Flasche (0,75\u00a0l)", "short_name": "Flasche", "short_name_plural": "Flaschen", "volume_ml": 750}}]}, {"merchant": {"id": 21870, "name": "Vinsole", "seo_name": "vinesole", "legal_name": null, "description": "Mobile-friendly checkout. No minimum order.", "country": {"code": "de", "name": "Deutschland", "native_name": "Deutschland", "seo_name": "germany", "currency": {"code": "EUR", "name": "Euros", "prefix": "\u20ac", "suffix": null}, "regions_count": 210, "users_count": 2117308, "wines_count": 197796, "wineries_count": 13493, "most_used_grapes": [{"id": 15, "name": "Riesling", "seo_name": "riesling", "has_detailed_info": true, "wines_count": 259925}, {"id": 299, "name": "Sp\u00e4tburgunder", "seo_name": "spatburgunder", "has_detailed_info": false, "wines_count": 49659}, {"id": 355, "name": "Weissburgunder", "seo_name": "weissburgunder", "has_detailed_info": false, "wines_count": 33123}]}, "state": null, "status": 0, "image": null, "shipping_estimate": "Lieferung bis Mi, 22.\u00a0Dez", "impressum_url": null, "tos_url": null, "vc_clearing_system": 0, "hidden": false}, "prices": [{"id": 25486906, "vintage_id": 166407825, "amount": 7.96, "type": "ppc", "currency": {"code": "EUR", "name": "Euros", "prefix": "\u20ac", "suffix": null}, "bottle_type_id": 1, "inventory_bottles_count": null, "url": "https://vinsole.de/Spanien/Jumilla/bodegas-ego/Ego-Bodegas-Goru-el-Blanco.html?utm_medium=pref-cpc&utm_source=vivino-ppc", "message": "", "producer_address": "", "importer_address": "", "discounted_from": null, "bottle_type": {"id": 1, "name": "Flasche (0,75\u00a0l)", "short_name": "Flasche", "short_name_plural": "Flaschen", "volume_ml": 750}}]}]}, "found_by_merchant_and_sku": null, "is_deal_page": false}