{"vintage": {"id": 131721619, "seo_name": "ruppertsberger-weissburgunder-ruppertsberger-weinkeller-trocken-pfalz-uv", "name": "Ruppertsberger Weissburgunder Trocken", "statistics": {"status": "Normal", "ratings_count": 512, "ratings_average": 3.7, "labels_count": 10, "reviews_count": 6}, "organic_certification_id": null, "certified_biodynamic": null, "image": {"location": "//images.vivino.com/labels/xWc_G3-YR2S_f5aHoOdsBg.jpg", "variations": {"large": "//images.vivino.com/thumbs/xWc_G3-YR2S_f5aHoOdsBg_375x500.jpg", "medium": "//images.vivino.com/thumbs/xWc_G3-YR2S_f5aHoOdsBg_150x200.jpg", "medium_square": "//images.vivino.com/thumbs/xWc_G3-YR2S_f5aHoOdsBg_150x150.jpg", "small_square": "//images.vivino.com/thumbs/xWc_G3-YR2S_f5aHoOdsBg_80x80.jpg"}}, "wine": {"id": 4282515, "name": "Weissburgunder Trocken", "seo_name": "weissburgunder-ruppertsberger-weinkeller-trocken-pfalz", "type_id": 2, "vintage_type": 0, "is_natural": false, "region": {"id": 649, "name": "Pfalz", "name_en": "Palatinate", "seo_name": "pfalz", "country": {"code": "de", "name": "Germany", "native_name": "Deutschland", "seo_name": "germany", "currency": {"code": "EUR", "name": "Euros", "prefix": "\u20ac", "suffix": null}, "regions_count": 210, "users_count": 2175366, "wines_count": 199914, "wineries_count": 13512, "most_used_grapes": [{"id": 15, "name": "Riesling", "seo_name": "riesling", "has_detailed_info": true, "wines_count": 262136}, {"id": 299, "name": "Sp\u00e4tburgunder", "seo_name": "spatburgunder", "has_detailed_info": false, "wines_count": 50164}, {"id": 355, "name": "Weissburgunder", "seo_name": "weissburgunder", "has_detailed_info": false, "wines_count": 33464}]}, "parent_id": null, "background_image": {"location": "//images.vivino.com/regions/backgrounds/klw147B8QSi16e-qNdUAYA.jpg", "variations": {"large": "//thumbs.vivino.com/region_backgrounds/klw147B8QSi16e-qNdUAYA_1280x760.jpg", "medium": "//thumbs.vivino.com/region_backgrounds/klw147B8QSi16e-qNdUAYA_600x356.jpg"}}, "class": {"typecast_map": {"background_image": {}, "class": {}}}, "statistics": {"wineries_count": 2243, "wines_count": 31938, "sub_regions_count": 24, "parent_regions_count": 0}}, "review_status": 2, "winery": {"id": 17697, "name": "Ruppertsberger", "seo_name": "ruppertsberger", "status": 0, "review_status": "Completed", "background_image": null, "statistics": {"ratings_count": 26951, "ratings_average": 3.7, "labels_count": 147321, "wines_count": 114}, "region": {"id": 649, "name": "Pfalz", "name_en": "Palatinate", "seo_name": "pfalz", "country": {"code": "de", "name": "Germany", "native_name": "Deutschland", "seo_name": "germany", "currency": {"code": "EUR", "name": "Euros", "prefix": "\u20ac", "suffix": null}, "regions_count": 210, "users_count": 2175366, "wines_count": 199914, "wineries_count": 13512, "most_used_grapes": [{"id": 15, "name": "Riesling", "seo_name": "riesling", "has_detailed_info": true, "wines_count": 262136}, {"id": 299, "name": "Sp\u00e4tburgunder", "seo_name": "spatburgunder", "has_detailed_info": false, "wines_count": 50164}, {"id": 355, "name": "Weissburgunder", "seo_name": "weissburgunder", "has_detailed_info": false, "wines_count": 33464}]}, "parent_id": null, "background_image": {"location": "//images.vivino.com/regions/backgrounds/klw147B8QSi16e-qNdUAYA.jpg", "variations": {"large": "//thumbs.vivino.com/region_backgrounds/klw147B8QSi16e-qNdUAYA_1280x760.jpg", "medium": "//thumbs.vivino.com/region_backgrounds/klw147B8QSi16e-qNdUAYA_600x356.jpg"}}, "class": {"typecast_map": {"background_image": {}, "class": {}}}, "statistics": {"wineries_count": 2243, "wines_count": 31938, "sub_regions_count": 24, "parent_regions_count": 0}}, "business_name": "Ruppertsberger Weinkeller Hoheburg", "description": "", "specialists_notes": "", "phone": "0000 0000", "email": "", "facebook": "", "instagram": "", "is_claimed": false, "twitter": "", "website": "https://www.ruppertsberger.de/", "winemaker": null, "wine_maker": null, "address": {"title": null, "name": null, "street": "xxxx", "street2": null, "neighborhood": null, "city": "Pfalz", "zip": "xxxx", "state": null, "country": {"code": "de", "name": "Germany", "native_name": "Deutschland", "seo_name": "germany", "currency": {"code": "EUR", "name": "Euros", "prefix": "\u20ac", "suffix": null}, "regions_count": 210, "users_count": 2175366, "wines_count": 199914, "wineries_count": 13512, "most_used_grapes": [{"id": 15, "name": "Riesling", "seo_name": "riesling", "has_detailed_info": true, "wines_count": 262136}, {"id": 299, "name": "Sp\u00e4tburgunder", "seo_name": "spatburgunder", "has_detailed_info": false, "wines_count": 50164}, {"id": 355, "name": "Weissburgunder", "seo_name": "weissburgunder", "has_detailed_info": false, "wines_count": 33464}]}, "company": null, "phone": null, "external_id": null, "residential": null, "vat_number": null, "vat_code": null, "addition": null}, "image": null, "location": null, "winery_group": null, "first_wines": [], "sponsored_entity_type": null, "sponsored_entity": null}, "statistics": {"status": "Normal", "ratings_count": 512, "ratings_average": 3.7, "labels_count": 2143, "vintages_count": 23}, "rank": {"country": {"description": "Rank within Germany", "total": 117619, "rank": 2935}, "region": {"description": "Rank within Wine Region", "total": 25917, "rank": 693}, "winery": {"description": "Rank within Winery", "total": 98, "rank": 8}, "wine_type": {"description": "Rank within all White Wine", "total": 398746, "rank": 24135}, "global": {"description": "Global Rank", "total": 1302037, "rank": 97806}}, "hidden": false, "vintages": [{"id": 165857260, "seo_name": "ruppertsberger-weissburgunder-ruppertsberger-weinkeller-trocken-pfalz-2020", "name": "Ruppertsberger Weissburgunder Trocken 2020", "statistics": {"status": "Normal", "ratings_count": 43, "ratings_average": 3.7, "labels_count": 174, "reviews_count": 15}, "year": 2020, "grapes": null, "has_valid_ratings": true}, {"id": 163693653, "seo_name": "ruppertsberger-weissburgunder-ruppertsberger-weinkeller-trocken-pfalz-2019", "name": "Ruppertsberger Weissburgunder Trocken 2019", "statistics": {"status": "Normal", "ratings_count": 108, "ratings_average": 3.8, "labels_count": 478, "reviews_count": 33}, "year": 2019, "grapes": null, "has_valid_ratings": true}, {"id": 159818123, "seo_name": "ruppertsberger-weissburgunder-ruppertsberger-weinkeller-trocken-pfalz-2018", "name": "Ruppertsberger Weissburgunder Trocken 2018", "statistics": {"status": "Normal", "ratings_count": 71, "ratings_average": 3.7, "labels_count": 350, "reviews_count": 26}, "year": 2018, "grapes": null, "has_valid_ratings": true}, {"id": 151103010, "seo_name": "ruppertsberger-weissburgunder-ruppertsberger-weinkeller-trocken-pfalz-2017", "name": "Ruppertsberger Weissburgunder Trocken 2017", "statistics": {"status": "Normal", "ratings_count": 77, "ratings_average": 3.7, "labels_count": 317, "reviews_count": 28}, "year": 2017, "grapes": null, "has_valid_ratings": true}, {"id": 146196289, "seo_name": "ruppertsberger-weissburgunder-ruppertsberger-weinkeller-trocken-pfalz-2016", "name": "Ruppertsberger Weissburgunder Trocken 2016", "statistics": {"status": "Normal", "ratings_count": 63, "ratings_average": 3.8, "labels_count": 298, "reviews_count": 25}, "year": 2016, "grapes": null, "has_valid_ratings": true}, {"id": 131721618, "seo_name": "ruppertsberger-weissburgunder-ruppertsberger-weinkeller-trocken-pfalz-2015", "name": "Ruppertsberger Weissburgunder Trocken 2015", "statistics": {"status": "Normal", "ratings_count": 94, "ratings_average": 3.7, "labels_count": 364, "reviews_count": 21}, "year": 2015, "grapes": null, "has_valid_ratings": true}, {"id": 154229021, "seo_name": "ruppertsberger-weissburgunder-ruppertsberger-weinkeller-trocken-pfalz-2014", "name": "Ruppertsberger Weissburgunder Trocken 2014", "statistics": {"status": "BelowThreshold", "ratings_count": 9, "ratings_average": 0, "labels_count": 50, "reviews_count": 2}, "year": 2014, "grapes": null, "has_valid_ratings": false}, {"id": 5067084, "seo_name": "ruppertsberger-weissburgunder-ruppertsberger-weinkeller-trocken-pfalz-2013", "name": "Ruppertsberger Weissburgunder Trocken 2013", "statistics": {"status": "Normal", "ratings_count": 11, "ratings_average": 3.2, "labels_count": 23, "reviews_count": 4}, "year": 2013, "grapes": null, "has_valid_ratings": true}, {"id": 157386394, "seo_name": "ruppertsberger-weissburgunder-ruppertsberger-weinkeller-trocken-pfalz-2012", "name": "Ruppertsberger Weissburgunder Trocken 2012", "statistics": {"status": "BelowThreshold", "ratings_count": 9, "ratings_average": 0, "labels_count": 25, "reviews_count": 2}, "year": 2012, "grapes": null, "has_valid_ratings": false}, {"id": 155864418, "seo_name": "ruppertsberger-weissburgunder-ruppertsberger-weinkeller-trocken-pfalz-2011", "name": "Ruppertsberger Weissburgunder Trocken 2011", "statistics": {"status": "BelowThreshold", "ratings_count": 3, "ratings_average": 0, "labels_count": 7, "reviews_count": 0}, "year": 2011, "grapes": null, "has_valid_ratings": false}, {"id": 1197840, "seo_name": "ruppertsberger-weissburgunder-ruppertsberger-weinkeller-trocken-pfalz-2010", "name": "Ruppertsberger Weissburgunder Trocken 2010", "statistics": {"status": "BelowThreshold", "ratings_count": 3, "ratings_average": 0, "labels_count": 22, "reviews_count": 1}, "year": 2010, "grapes": null, "has_valid_ratings": false}, {"id": 155793344, "seo_name": "ruppertsberger-weissburgunder-ruppertsberger-weinkeller-trocken-pfalz-2007", "name": "Ruppertsberger Weissburgunder Trocken 2007", "statistics": {"status": "BelowThreshold", "ratings_count": 1, "ratings_average": 0, "labels_count": 3, "reviews_count": 0}, "year": 2007, "grapes": null, "has_valid_ratings": false}, {"id": 131721619, "seo_name": "ruppertsberger-weissburgunder-ruppertsberger-weinkeller-trocken-pfalz-uv", "name": "Ruppertsberger Weissburgunder Trocken", "statistics": {"status": "Normal", "ratings_count": 512, "ratings_average": 3.7, "labels_count": 10, "reviews_count": 6}, "year": 0, "grapes": null, "has_valid_ratings": true}], "description": "", "grapes": [{"id": 355, "name": "Weissburgunder", "seo_name": "weissburgunder", "has_detailed_info": false, "wines_count": 33464}], "foods": [{"id": 12, "name": "Rich fish (salmon, tuna etc)", "background_image": {"location": "//images.vivino.com/backgrounds/foods/12_richfish.png", "variations": {"small": "//images.vivino.com/backgrounds/foods/thumbs/12_richfish_932x810.png"}}, "seo_name": null}, {"id": 13, "name": "Shellfish", "background_image": {"location": "//images.vivino.com/backgrounds/foods/13_shellfish.png", "variations": {"small": "//images.vivino.com/backgrounds/foods/thumbs/13_shellfish_932x810.png"}}, "seo_name": "shellfish"}, {"id": 35, "name": "Mild and soft cheese", "background_image": {"location": "//images.vivino.com/backgrounds/foods/35_softcheese.png", "variations": {"small": "//images.vivino.com/backgrounds/foods/thumbs/35_softcheese_932x810.png"}}, "seo_name": null}, {"id": 41, "name": "Cured Meat", "background_image": {"location": "//images.vivino.com/backgrounds/foods/41_curedmeat.png", "variations": {"small": "//images.vivino.com/backgrounds/foods/thumbs/41_curedmeat_932x810.png"}}, "seo_name": null}], "non_vintage": false, "alcohol": 0, "sweetness_id": null, "closure": null, "vintage_mask_raw": null, "updated_at": "2018-03-19T19:53:49Z", "created_at": "2016-03-11T11:02:46Z", "is_first_wine": false, "style": {"id": 141, "seo_name": "german-pinot-blanc", "regional_name": "German", "varietal_name": "Pinot Blanc", "name": "German Pinot Blanc", "image": null, "background_image": null, "description": null, "blurb": null, "interesting_facts": null, "body": 3, "body_description": "Medium-bodied", "acidity": 3, "acidity_description": "High", "country": {"code": "de", "name": "Germany", "native_name": "Deutschland", "seo_name": "germany", "currency": {"code": "EUR", "name": "Euros", "prefix": "\u20ac", "suffix": null}, "regions_count": 210, "users_count": 2175366, "wines_count": 199914, "wineries_count": 13512, "most_used_grapes": [{"id": 15, "name": "Riesling", "seo_name": "riesling", "has_detailed_info": true, "wines_count": 262136}, {"id": 299, "name": "Sp\u00e4tburgunder", "seo_name": "spatburgunder", "has_detailed_info": false, "wines_count": 50164}, {"id": 355, "name": "Weissburgunder", "seo_name": "weissburgunder", "has_detailed_info": false, "wines_count": 33464}]}, "wine_type_id": 2, "food": [{"id": 12, "name": "Rich fish (salmon, tuna etc)", "background_image": {"location": "//images.vivino.com/backgrounds/foods/12_richfish.png", "variations": {"small": "//images.vivino.com/backgrounds/foods/thumbs/12_richfish_932x810.png"}}, "seo_name": null}, {"id": 13, "name": "Shellfish", "background_image": {"location": "//images.vivino.com/backgrounds/foods/13_shellfish.png", "variations": {"small": "//images.vivino.com/backgrounds/foods/thumbs/13_shellfish_932x810.png"}}, "seo_name": "shellfish"}, {"id": 35, "name": "Mild and soft cheese", "background_image": {"location": "//images.vivino.com/backgrounds/foods/35_softcheese.png", "variations": {"small": "//images.vivino.com/backgrounds/foods/thumbs/35_softcheese_932x810.png"}}, "seo_name": null}, {"id": 41, "name": "Cured Meat", "background_image": {"location": "//images.vivino.com/backgrounds/foods/41_curedmeat.png", "variations": {"small": "//images.vivino.com/backgrounds/foods/thumbs/41_curedmeat_932x810.png"}}, "seo_name": null}], "grapes": [{"id": 36, "name": "Pinot Blanc", "seo_name": "pinot-blanc", "has_detailed_info": false, "wines_count": 48765}], "region": null}, "has_valid_ratings": true}, "description": "", "wine_critic_reviews": [], "awards": [], "ratings_distribution": {"1": 3, "2": 29, "3": 215, "4": 215, "5": 50}, "ranking": {"country": {"description": "Rank within Germany", "total": 614813, "rank": 29847}, "region": {"description": "Rank within Wine Region", "total": 131632, "rank": 6535}, "winery": {"description": "Rank within Winery", "total": 721, "rank": 59}, "global": {"description": "Global Rank", "total": 8944628, "rank": 883866}}, "wine_facts": {}, "winemaker": null, "wine_maker": null, "grape_composition": {}, "year": "", "grapes": null, "has_valid_ratings": true}, "carts": null, "full_region": null, "tastes": null, "wine": {"id": 4282515, "name": "Weissburgunder Trocken", "seo_name": "weissburgunder-ruppertsberger-weinkeller-trocken-pfalz", "type_id": 2, "vintage_type": 0, "is_natural": false, "region": {"id": 649, "name": "Pfalz", "name_en": "Palatinate", "seo_name": "pfalz", "country": {"code": "de", "name": "Germany", "native_name": "Deutschland", "seo_name": "germany", "currency": {"code": "EUR", "name": "Euros", "prefix": "\u20ac", "suffix": null}, "regions_count": 210, "users_count": 2175366, "wines_count": 199914, "wineries_count": 13512, "most_used_grapes": [{"id": 15, "name": "Riesling", "seo_name": "riesling", "has_detailed_info": true, "wines_count": 262136}, {"id": 299, "name": "Sp\u00e4tburgunder", "seo_name": "spatburgunder", "has_detailed_info": false, "wines_count": 50164}, {"id": 355, "name": "Weissburgunder", "seo_name": "weissburgunder", "has_detailed_info": false, "wines_count": 33464}]}, "parent_id": null, "background_image": {"location": "//images.vivino.com/regions/backgrounds/klw147B8QSi16e-qNdUAYA.jpg", "variations": {"large": "//thumbs.vivino.com/region_backgrounds/klw147B8QSi16e-qNdUAYA_1280x760.jpg", "medium": "//thumbs.vivino.com/region_backgrounds/klw147B8QSi16e-qNdUAYA_600x356.jpg"}}, "class": {"typecast_map": {"background_image": {}, "class": {}}}, "statistics": {"wineries_count": 2243, "wines_count": 31938, "sub_regions_count": 24, "parent_regions_count": 0}}, "review_status": 2, "winery": {"id": 17697, "name": "Ruppertsberger", "seo_name": "ruppertsberger", "status": 0, "review_status": "Completed", "background_image": null, "statistics": {"ratings_count": 26951, "ratings_average": 3.7, "labels_count": 147321, "wines_count": 114}, "region": {"id": 649, "name": "Pfalz", "name_en": "Palatinate", "seo_name": "pfalz", "country": {"code": "de", "name": "Germany", "native_name": "Deutschland", "seo_name": "germany", "currency": {"code": "EUR", "name": "Euros", "prefix": "\u20ac", "suffix": null}, "regions_count": 210, "users_count": 2175366, "wines_count": 199914, "wineries_count": 13512, "most_used_grapes": [{"id": 15, "name": "Riesling", "seo_name": "riesling", "has_detailed_info": true, "wines_count": 262136}, {"id": 299, "name": "Sp\u00e4tburgunder", "seo_name": "spatburgunder", "has_detailed_info": false, "wines_count": 50164}, {"id": 355, "name": "Weissburgunder", "seo_name": "weissburgunder", "has_detailed_info": false, "wines_count": 33464}]}, "parent_id": null, "background_image": {"location": "//images.vivino.com/regions/backgrounds/klw147B8QSi16e-qNdUAYA.jpg", "variations": {"large": "//thumbs.vivino.com/region_backgrounds/klw147B8QSi16e-qNdUAYA_1280x760.jpg", "medium": "//thumbs.vivino.com/region_backgrounds/klw147B8QSi16e-qNdUAYA_600x356.jpg"}}, "class": {"typecast_map": {"background_image": {}, "class": {}}}, "statistics": {"wineries_count": 2243, "wines_count": 31938, "sub_regions_count": 24, "parent_regions_count": 0}}}, "image": {"location": "//images.vivino.com/labels/xWc_G3-YR2S_f5aHoOdsBg.jpg", "variations": {"large": "//images.vivino.com/thumbs/xWc_G3-YR2S_f5aHoOdsBg_375x500.jpg", "medium": "//images.vivino.com/thumbs/xWc_G3-YR2S_f5aHoOdsBg_150x200.jpg", "medium_square": "//images.vivino.com/thumbs/xWc_G3-YR2S_f5aHoOdsBg_150x150.jpg", "small_square": "//images.vivino.com/thumbs/xWc_G3-YR2S_f5aHoOdsBg_80x80.jpg"}}, "statistics": {"status": "Normal", "ratings_count": 512, "ratings_average": 3.7, "labels_count": 2143, "vintages_count": 23}, "rank": null, "hidden": false, "vintages": [{"id": 165857260, "seo_name": "ruppertsberger-weissburgunder-ruppertsberger-weinkeller-trocken-pfalz-2020", "name": "Ruppertsberger Weissburgunder Trocken 2020", "statistics": {"status": "Normal", "ratings_count": 43, "ratings_average": 3.7, "labels_count": 174, "reviews_count": 15}, "year": 2020, "grapes": null, "has_valid_ratings": true}, {"id": 163693653, "seo_name": "ruppertsberger-weissburgunder-ruppertsberger-weinkeller-trocken-pfalz-2019", "name": "Ruppertsberger Weissburgunder Trocken 2019", "statistics": {"status": "Normal", "ratings_count": 108, "ratings_average": 3.8, "labels_count": 478, "reviews_count": 33}, "year": 2019, "grapes": null, "has_valid_ratings": true}, {"id": 159818123, "seo_name": "ruppertsberger-weissburgunder-ruppertsberger-weinkeller-trocken-pfalz-2018", "name": "Ruppertsberger Weissburgunder Trocken 2018", "statistics": {"status": "Normal", "ratings_count": 71, "ratings_average": 3.7, "labels_count": 350, "reviews_count": 26}, "year": 2018, "grapes": null, "has_valid_ratings": true}, {"id": 151103010, "seo_name": "ruppertsberger-weissburgunder-ruppertsberger-weinkeller-trocken-pfalz-2017", "name": "Ruppertsberger Weissburgunder Trocken 2017", "statistics": {"status": "Normal", "ratings_count": 77, "ratings_average": 3.7, "labels_count": 317, "reviews_count": 28}, "year": 2017, "grapes": null, "has_valid_ratings": true}, {"id": 146196289, "seo_name": "ruppertsberger-weissburgunder-ruppertsberger-weinkeller-trocken-pfalz-2016", "name": "Ruppertsberger Weissburgunder Trocken 2016", "statistics": {"status": "Normal", "ratings_count": 63, "ratings_average": 3.8, "labels_count": 298, "reviews_count": 25}, "year": 2016, "grapes": null, "has_valid_ratings": true}, {"id": 131721618, "seo_name": "ruppertsberger-weissburgunder-ruppertsberger-weinkeller-trocken-pfalz-2015", "name": "Ruppertsberger Weissburgunder Trocken 2015", "statistics": {"status": "Normal", "ratings_count": 94, "ratings_average": 3.7, "labels_count": 364, "reviews_count": 21}, "year": 2015, "grapes": null, "has_valid_ratings": true}, {"id": 154229021, "seo_name": "ruppertsberger-weissburgunder-ruppertsberger-weinkeller-trocken-pfalz-2014", "name": "Ruppertsberger Weissburgunder Trocken 2014", "statistics": {"status": "BelowThreshold", "ratings_count": 9, "ratings_average": 0, "labels_count": 50, "reviews_count": 2}, "year": 2014, "grapes": null, "has_valid_ratings": false}, {"id": 5067084, "seo_name": "ruppertsberger-weissburgunder-ruppertsberger-weinkeller-trocken-pfalz-2013", "name": "Ruppertsberger Weissburgunder Trocken 2013", "statistics": {"status": "Normal", "ratings_count": 11, "ratings_average": 3.2, "labels_count": 23, "reviews_count": 4}, "year": 2013, "grapes": null, "has_valid_ratings": true}, {"id": 157386394, "seo_name": "ruppertsberger-weissburgunder-ruppertsberger-weinkeller-trocken-pfalz-2012", "name": "Ruppertsberger Weissburgunder Trocken 2012", "statistics": {"status": "BelowThreshold", "ratings_count": 9, "ratings_average": 0, "labels_count": 25, "reviews_count": 2}, "year": 2012, "grapes": null, "has_valid_ratings": false}, {"id": 155864418, "seo_name": "ruppertsberger-weissburgunder-ruppertsberger-weinkeller-trocken-pfalz-2011", "name": "Ruppertsberger Weissburgunder Trocken 2011", "statistics": {"status": "BelowThreshold", "ratings_count": 3, "ratings_average": 0, "labels_count": 7, "reviews_count": 0}, "year": 2011, "grapes": null, "has_valid_ratings": false}, {"id": 1197840, "seo_name": "ruppertsberger-weissburgunder-ruppertsberger-weinkeller-trocken-pfalz-2010", "name": "Ruppertsberger Weissburgunder Trocken 2010", "statistics": {"status": "BelowThreshold", "ratings_count": 3, "ratings_average": 0, "labels_count": 22, "reviews_count": 1}, "year": 2010, "grapes": null, "has_valid_ratings": false}, {"id": 57333930, "seo_name": "ruppertsberger-weissburgunder-ruppertsberger-weinkeller-trocken-pfalz-2009", "name": "Ruppertsberger Weissburgunder Trocken 2009", "statistics": {"status": "BelowThreshold", "ratings_count": 0, "ratings_average": 0, "labels_count": 3, "reviews_count": 0}, "year": 2009, "grapes": null, "has_valid_ratings": false}, {"id": 1197832, "seo_name": "ruppertsberger-weissburgunder-ruppertsberger-weinkeller-trocken-pfalz-2008", "name": "Ruppertsberger Weissburgunder Trocken 2008", "statistics": {"status": "BelowThreshold", "ratings_count": 0, "ratings_average": 0, "labels_count": 2, "reviews_count": 0}, "year": 2008, "grapes": null, "has_valid_ratings": false}, {"id": 155793344, "seo_name": "ruppertsberger-weissburgunder-ruppertsberger-weinkeller-trocken-pfalz-2007", "name": "Ruppertsberger Weissburgunder Trocken 2007", "statistics": {"status": "BelowThreshold", "ratings_count": 1, "ratings_average": 0, "labels_count": 3, "reviews_count": 0}, "year": 2007, "grapes": null, "has_valid_ratings": false}, {"id": 159661151, "seo_name": "ruppertsberger-weissburgunder-ruppertsberger-weinkeller-trocken-pfalz-2006", "name": "Ruppertsberger Weissburgunder Trocken 2006", "statistics": {"status": "BelowThreshold", "ratings_count": 0, "ratings_average": 0, "labels_count": 5, "reviews_count": 0}, "year": 2006, "grapes": null, "has_valid_ratings": false}, {"id": 162222812, "seo_name": "ruppertsberger-weissburgunder-ruppertsberger-weinkeller-trocken-pfalz-2005", "name": "Ruppertsberger Weissburgunder Trocken 2005", "statistics": {"status": "BelowThreshold", "ratings_count": 0, "ratings_average": 0, "labels_count": 0, "reviews_count": 0}, "year": 2005, "grapes": null, "has_valid_ratings": false}, {"id": 161230695, "seo_name": "ruppertsberger-weissburgunder-ruppertsberger-weinkeller-trocken-pfalz-2004", "name": "Ruppertsberger Weissburgunder Trocken 2004", "statistics": {"status": "BelowThreshold", "ratings_count": 0, "ratings_average": 0, "labels_count": 1, "reviews_count": 0}, "year": 2004, "grapes": null, "has_valid_ratings": false}, {"id": 38125998, "seo_name": "ruppertsberger-weissburgunder-ruppertsberger-weinkeller-trocken-pfalz-2003", "name": "Ruppertsberger Weissburgunder Trocken 2003", "statistics": {"status": "BelowThreshold", "ratings_count": 0, "ratings_average": 0, "labels_count": 1, "reviews_count": 0}, "year": 2003, "grapes": null, "has_valid_ratings": false}, {"id": 76787353, "seo_name": "ruppertsberger-weissburgunder-ruppertsberger-weinkeller-trocken-pfalz-2002", "name": "Ruppertsberger Weissburgunder Trocken 2002", "statistics": {"status": "BelowThreshold", "ratings_count": 0, "ratings_average": 0, "labels_count": 2, "reviews_count": 0}, "year": 2002, "grapes": null, "has_valid_ratings": false}, {"id": 159083051, "seo_name": "ruppertsberger-weissburgunder-ruppertsberger-weinkeller-trocken-pfalz-2001", "name": "Ruppertsberger Weissburgunder Trocken 2001", "statistics": {"status": "BelowThreshold", "ratings_count": 0, "ratings_average": 0, "labels_count": 1, "reviews_count": 0}, "year": 2001, "grapes": null, "has_valid_ratings": false}, {"id": 27619128, "seo_name": "ruppertsberger-weissburgunder-ruppertsberger-weinkeller-trocken-pfalz-2000", "name": "Ruppertsberger Weissburgunder Trocken 2000", "statistics": {"status": "BelowThreshold", "ratings_count": 0, "ratings_average": 0, "labels_count": 1, "reviews_count": 0}, "year": 2000, "grapes": null, "has_valid_ratings": false}, {"id": 149148259, "seo_name": "ruppertsberger-weissburgunder-ruppertsberger-weinkeller-trocken-pfalz-1989", "name": "Ruppertsberger Weissburgunder Trocken 1989", "statistics": {"status": "BelowThreshold", "ratings_count": 0, "ratings_average": 0, "labels_count": 1, "reviews_count": 0}, "year": 1989, "grapes": null, "has_valid_ratings": false}, {"id": 131721619, "seo_name": "ruppertsberger-weissburgunder-ruppertsberger-weinkeller-trocken-pfalz-uv", "name": "Ruppertsberger Weissburgunder Trocken", "statistics": {"status": "Normal", "ratings_count": 512, "ratings_average": 3.7, "labels_count": 10, "reviews_count": 6}, "year": 0, "grapes": null, "has_valid_ratings": true}], "description": "", "grapes": [{"id": 355, "name": "Weissburgunder", "seo_name": "weissburgunder", "has_detailed_info": false, "wines_count": 33464}], "foods": [{"id": 12, "name": "Rich fish (salmon, tuna etc)", "background_image": {"location": "//images.vivino.com/backgrounds/foods/12_richfish.png", "variations": {"small": "//images.vivino.com/backgrounds/foods/thumbs/12_richfish_932x810.png"}}, "seo_name": null}, {"id": 13, "name": "Shellfish", "background_image": {"location": "//images.vivino.com/backgrounds/foods/13_shellfish.png", "variations": {"small": "//images.vivino.com/backgrounds/foods/thumbs/13_shellfish_932x810.png"}}, "seo_name": "shellfish"}, {"id": 35, "name": "Mild and soft cheese", "background_image": {"location": "//images.vivino.com/backgrounds/foods/35_softcheese.png", "variations": {"small": "//images.vivino.com/backgrounds/foods/thumbs/35_softcheese_932x810.png"}}, "seo_name": null}, {"id": 41, "name": "Cured Meat", "background_image": {"location": "//images.vivino.com/backgrounds/foods/41_curedmeat.png", "variations": {"small": "//images.vivino.com/backgrounds/foods/thumbs/41_curedmeat_932x810.png"}}, "seo_name": null}], "non_vintage": false, "alcohol": 0, "sweetness_id": null, "closure": null, "vintage_mask_raw": null, "updated_at": "2018-03-19T19:53:49Z", "created_at": "2016-03-11T11:02:46Z", "is_first_wine": false, "style": {"id": 141, "seo_name": "german-pinot-blanc", "regional_name": "German", "varietal_name": "Pinot Blanc", "name": "German Pinot Blanc", "image": null, "background_image": null, "description": null, "blurb": null, "interesting_facts": null, "body": 3, "body_description": "Medium-bodied", "acidity": 3, "acidity_description": "High", "country": {"code": "de", "name": "Germany", "native_name": "Deutschland", "seo_name": "germany", "currency": {"code": "EUR", "name": "Euros", "prefix": "\u20ac", "suffix": null}, "regions_count": 210, "users_count": 2175366, "wines_count": 199914, "wineries_count": 13512, "most_used_grapes": [{"id": 15, "name": "Riesling", "seo_name": "riesling", "has_detailed_info": true, "wines_count": 262136}, {"id": 299, "name": "Sp\u00e4tburgunder", "seo_name": "spatburgunder", "has_detailed_info": false, "wines_count": 50164}, {"id": 355, "name": "Weissburgunder", "seo_name": "weissburgunder", "has_detailed_info": false, "wines_count": 33464}]}, "wine_type_id": 2, "food": [{"id": 12, "name": "Rich fish (salmon, tuna etc)", "background_image": {"location": "//images.vivino.com/backgrounds/foods/12_richfish.png", "variations": {"small": "//images.vivino.com/backgrounds/foods/thumbs/12_richfish_932x810.png"}}, "seo_name": null}, {"id": 13, "name": "Shellfish", "background_image": {"location": "//images.vivino.com/backgrounds/foods/13_shellfish.png", "variations": {"small": "//images.vivino.com/backgrounds/foods/thumbs/13_shellfish_932x810.png"}}, "seo_name": "shellfish"}, {"id": 35, "name": "Mild and soft cheese", "background_image": {"location": "//images.vivino.com/backgrounds/foods/35_softcheese.png", "variations": {"small": "//images.vivino.com/backgrounds/foods/thumbs/35_softcheese_932x810.png"}}, "seo_name": null}, {"id": 41, "name": "Cured Meat", "background_image": {"location": "//images.vivino.com/backgrounds/foods/41_curedmeat.png", "variations": {"small": "//images.vivino.com/backgrounds/foods/thumbs/41_curedmeat_932x810.png"}}, "seo_name": null}], "grapes": [{"id": 36, "name": "Pinot Blanc", "seo_name": "pinot-blanc", "has_detailed_info": false, "wines_count": 48765}], "region": null}, "has_valid_ratings": true}, "highlights": [{"vintage_id": 163693653, "highlight_type": "best_user_rated", "message": "This vintage rates better than any other year for this wine", "icon": "https://images.vivino.com/highlights/icon/best_user_rated.svg", "metadata": {"price": null, "wine_id": 4282515, "toplist": null, "ws_award": null, "critic_review_id": null, "ratings_average": 3.8, "ratings_count": 108, "vintage_year": "2019", "rank_type": "global", "ranks": {"country": {"description": "Rank within Germany", "total": 614813, "rank": 21564}, "region": {"description": "Rank within Wine Region", "total": 131632, "rank": 4719}, "winery": {"description": "Rank within Winery", "total": 721, "rank": 42}, "global": {"description": "Global Rank", "total": 8944628, "rank": 699911}}, "style": {"id": 141, "seo_name": "german-pinot-blanc", "regional_name": "German", "varietal_name": "Pinot Blanc", "name": "German Pinot Blanc", "image": null, "background_image": null, "description": null, "blurb": null, "interesting_facts": null, "body": 3, "body_description": "Medium-bodied", "acidity": 3, "acidity_description": "High", "country": {"code": "de", "name": "Germany", "native_name": "Deutschland", "seo_name": "germany", "currency": {"code": "EUR", "name": "Euros", "prefix": "\u20ac", "suffix": null}, "regions_count": 210, "users_count": 2175366, "wines_count": 199914, "wineries_count": 13512, "most_used_grapes": [{"id": 15, "name": "Riesling", "seo_name": "riesling", "has_detailed_info": true, "wines_count": 262136}, {"id": 299, "name": "Sp\u00e4tburgunder", "seo_name": "spatburgunder", "has_detailed_info": false, "wines_count": 50164}, {"id": 355, "name": "Weissburgunder", "seo_name": "weissburgunder", "has_detailed_info": false, "wines_count": 33464}]}, "wine_type_id": 2, "food": [{"id": 12, "name": "Rich fish (salmon, tuna etc)", "background_image": {"location": "//images.vivino.com/backgrounds/foods/12_richfish.png", "variations": {"small": "//images.vivino.com/backgrounds/foods/thumbs/12_richfish_932x810.png"}}, "seo_name": null}, {"id": 13, "name": "Shellfish", "background_image": {"location": "//images.vivino.com/backgrounds/foods/13_shellfish.png", "variations": {"small": "//images.vivino.com/backgrounds/foods/thumbs/13_shellfish_932x810.png"}}, "seo_name": "shellfish"}, {"id": 35, "name": "Mild and soft cheese", "background_image": {"location": "//images.vivino.com/backgrounds/foods/35_softcheese.png", "variations": {"small": "//images.vivino.com/backgrounds/foods/thumbs/35_softcheese_932x810.png"}}, "seo_name": null}, {"id": 41, "name": "Cured Meat", "background_image": {"location": "//images.vivino.com/backgrounds/foods/41_curedmeat.png", "variations": {"small": "//images.vivino.com/backgrounds/foods/thumbs/41_curedmeat_932x810.png"}}, "seo_name": null}], "grapes": [{"id": 36, "name": "Pinot Blanc", "seo_name": "pinot-blanc", "has_detailed_info": false, "wines_count": 48765}], "region": null}}, "vintage_year": 2019}, {"vintage_id": 131721618, "highlight_type": "most_user_rated", "message": "Popular among Vivino users. More than 90 ratings", "icon": "https://images.vivino.com/highlights/icon/most_user_rated.svg", "metadata": {"price": null, "wine_id": 4282515, "toplist": null, "ws_award": null, "critic_review_id": null, "ratings_average": 3.7, "ratings_count": 94, "vintage_year": "2015", "rank_type": "country", "ranks": {"country": {"description": "Rank within Germany", "total": 614813, "rank": 34323}, "region": {"description": "Rank within Wine Region", "total": 131632, "rank": 7624}, "winery": {"description": "Rank within Winery", "total": 721, "rank": 72}, "global": {"description": "Global Rank", "total": 8944628, "rank": 1005954}}, "style": {"id": 141, "seo_name": "german-pinot-blanc", "regional_name": "German", "varietal_name": "Pinot Blanc", "name": "German Pinot Blanc", "image": null, "background_image": null, "description": null, "blurb": null, "interesting_facts": null, "body": 3, "body_description": "Medium-bodied", "acidity": 3, "acidity_description": "High", "country": {"code": "de", "name": "Germany", "native_name": "Deutschland", "seo_name": "germany", "currency": {"code": "EUR", "name": "Euros", "prefix": "\u20ac", "suffix": null}, "regions_count": 210, "users_count": 2175366, "wines_count": 199914, "wineries_count": 13512, "most_used_grapes": [{"id": 15, "name": "Riesling", "seo_name": "riesling", "has_detailed_info": true, "wines_count": 262136}, {"id": 299, "name": "Sp\u00e4tburgunder", "seo_name": "spatburgunder", "has_detailed_info": false, "wines_count": 50164}, {"id": 355, "name": "Weissburgunder", "seo_name": "weissburgunder", "has_detailed_info": false, "wines_count": 33464}]}, "wine_type_id": 2, "food": [{"id": 12, "name": "Rich fish (salmon, tuna etc)", "background_image": {"location": "//images.vivino.com/backgrounds/foods/12_richfish.png", "variations": {"small": "//images.vivino.com/backgrounds/foods/thumbs/12_richfish_932x810.png"}}, "seo_name": null}, {"id": 13, "name": "Shellfish", "background_image": {"location": "//images.vivino.com/backgrounds/foods/13_shellfish.png", "variations": {"small": "//images.vivino.com/backgrounds/foods/thumbs/13_shellfish_932x810.png"}}, "seo_name": "shellfish"}, {"id": 35, "name": "Mild and soft cheese", "background_image": {"location": "//images.vivino.com/backgrounds/foods/35_softcheese.png", "variations": {"small": "//images.vivino.com/backgrounds/foods/thumbs/35_softcheese_932x810.png"}}, "seo_name": null}, {"id": 41, "name": "Cured Meat", "background_image": {"location": "//images.vivino.com/backgrounds/foods/41_curedmeat.png", "variations": {"small": "//images.vivino.com/backgrounds/foods/thumbs/41_curedmeat_932x810.png"}}, "seo_name": null}], "grapes": [{"id": 36, "name": "Pinot Blanc", "seo_name": "pinot-blanc", "has_detailed_info": false, "wines_count": 48765}], "region": null}}, "vintage_year": 2015}, {"vintage_id": 146196289, "highlight_type": "top_ranked", "message": "Among top 8% of all wines in country", "icon": "https://images.vivino.com/highlights/icon/top_ranked.svg", "metadata": {"price": null, "wine_id": 4282515, "toplist": null, "ws_award": null, "critic_review_id": null, "ratings_average": 3.8, "ratings_count": 63, "vintage_year": "2016", "rank_type": "country", "ranks": {"country": {"description": "Rank within Germany", "total": 614813, "rank": 44212}, "region": {"description": "Rank within Wine Region", "total": 131632, "rank": 9949}, "winery": {"description": "Rank within Winery", "total": 721, "rank": 92}, "global": {"description": "Global Rank", "total": 8944628, "rank": 1243548}}, "style": {"id": 141, "seo_name": "german-pinot-blanc", "regional_name": "German", "varietal_name": "Pinot Blanc", "name": "German Pinot Blanc", "image": null, "background_image": null, "description": null, "blurb": null, "interesting_facts": null, "body": 3, "body_description": "Medium-bodied", "acidity": 3, "acidity_description": "High", "country": {"code": "de", "name": "Germany", "native_name": "Deutschland", "seo_name": "germany", "currency": {"code": "EUR", "name": "Euros", "prefix": "\u20ac", "suffix": null}, "regions_count": 210, "users_count": 2175366, "wines_count": 199914, "wineries_count": 13512, "most_used_grapes": [{"id": 15, "name": "Riesling", "seo_name": "riesling", "has_detailed_info": true, "wines_count": 262136}, {"id": 299, "name": "Sp\u00e4tburgunder", "seo_name": "spatburgunder", "has_detailed_info": false, "wines_count": 50164}, {"id": 355, "name": "Weissburgunder", "seo_name": "weissburgunder", "has_detailed_info": false, "wines_count": 33464}]}, "wine_type_id": 2, "food": [{"id": 12, "name": "Rich fish (salmon, tuna etc)", "background_image": {"location": "//images.vivino.com/backgrounds/foods/12_richfish.png", "variations": {"small": "//images.vivino.com/backgrounds/foods/thumbs/12_richfish_932x810.png"}}, "seo_name": null}, {"id": 13, "name": "Shellfish", "background_image": {"location": "//images.vivino.com/backgrounds/foods/13_shellfish.png", "variations": {"small": "//images.vivino.com/backgrounds/foods/thumbs/13_shellfish_932x810.png"}}, "seo_name": "shellfish"}, {"id": 35, "name": "Mild and soft cheese", "background_image": {"location": "//images.vivino.com/backgrounds/foods/35_softcheese.png", "variations": {"small": "//images.vivino.com/backgrounds/foods/thumbs/35_softcheese_932x810.png"}}, "seo_name": null}, {"id": 41, "name": "Cured Meat", "background_image": {"location": "//images.vivino.com/backgrounds/foods/41_curedmeat.png", "variations": {"small": "//images.vivino.com/backgrounds/foods/thumbs/41_curedmeat_932x810.png"}}, "seo_name": null}], "grapes": [{"id": 36, "name": "Pinot Blanc", "seo_name": "pinot-blanc", "has_detailed_info": false, "wines_count": 48765}], "region": null}}, "vintage_year": 2016}], "recommended_vintages": [{"vintage": {"id": 163693653, "seo_name": "ruppertsberger-weissburgunder-ruppertsberger-weinkeller-trocken-pfalz-2019", "name": "Ruppertsberger Weissburgunder Trocken 2019", "statistics": {"status": "Normal", "ratings_count": 108, "ratings_average": 3.8, "labels_count": 478, "reviews_count": 33}, "year": 2019, "grapes": null, "has_valid_ratings": true}, "type": "best_user_rated", "highlight_icon": "https://images.vivino.com/highlights/icon/best_user_rated.svg", "price": null}, {"vintage": {"id": 131721618, "seo_name": "ruppertsberger-weissburgunder-ruppertsberger-weinkeller-trocken-pfalz-2015", "name": "Ruppertsberger Weissburgunder Trocken 2015", "statistics": {"status": "Normal", "ratings_count": 94, "ratings_average": 3.7, "labels_count": 364, "reviews_count": 21}, "year": 2015, "grapes": null, "has_valid_ratings": true}, "type": "most_user_rated", "highlight_icon": "https://images.vivino.com/highlights/icon/most_user_rated.svg", "price": null}, {"vintage": {"id": 146196289, "seo_name": "ruppertsberger-weissburgunder-ruppertsberger-weinkeller-trocken-pfalz-2016", "name": "Ruppertsberger Weissburgunder Trocken 2016", "statistics": {"status": "Normal", "ratings_count": 63, "ratings_average": 3.8, "labels_count": 298, "reviews_count": 25}, "year": 2016, "grapes": null, "has_valid_ratings": true}, "type": "top_ranked", "highlight_icon": "https://images.vivino.com/highlights/icon/top_ranked.svg", "price": null}], "prices_and_availabilities": [], "price_range": {"currency": {"code": "EUR", "name": "Euros", "prefix": "\u20ac", "suffix": null}, "price_range": {"minimum": 0, "maximum": 500, "currency_code": "EUR"}, "defaults": {"minimum": 7, "maximum": 30, "currency_code": "EUR"}}, "subtotal_price": null}