{"tastes": {"structure": {"acidity": 4.0677776, "fizziness": null, "intensity": 2.8144014, "sweetness": 1.6696582, "tannin": null, "user_structure_count": 5, "calculated_structure_count": 11}, "flavor": [{"group": "citrus_fruit", "stats": {"count": 11, "score": 1500, "mentions_count": 15}, "primary_keywords": [{"id": 106, "name": "citrus", "count": 6}, {"id": 252, "name": "lime", "count": 3}, {"id": 190, "name": "grapefruit", "count": 2}, {"id": 243, "name": "lemon", "count": 2}, {"id": 274, "name": "meyer lemon", "count": 1}, {"id": 248, "name": "lemon zest", "count": 1}]}, {"group": "tree_fruit", "stats": {"count": 10, "score": 1500, "mentions_count": 15}, "primary_keywords": [{"id": 11, "name": "apricot", "count": 4}, {"id": 271, "name": "melon", "count": 3}, {"id": 9, "name": "apple", "count": 2}, {"id": 310, "name": "peach", "count": 2}, {"id": 469, "name": "stone fruit", "count": 1}, {"id": 315, "name": "pear", "count": 1}, {"id": 220, "name": "honeydew melon", "count": 1}, {"id": 448, "name": "white peach", "count": 1}]}, {"group": "earth", "stats": {"count": 7, "score": 800, "mentions_count": 8}, "primary_keywords": [{"id": 276, "name": "minerals", "count": 4}, {"id": 218, "name": "honey", "count": 2}, {"id": 398, "name": "stone", "count": 1}, {"id": 376, "name": "saline", "count": 1}]}, {"group": "tropical_fruit", "stats": {"count": 6, "score": 600, "mentions_count": 6}, "primary_keywords": [{"id": 329, "name": "pineapple", "count": 5}, {"id": 428, "name": "tropical", "count": 1}]}, {"group": "vegetal", "stats": {"count": 3, "score": 300, "mentions_count": 3}, "primary_keywords": [{"id": 399, "name": "straw", "count": 2}, {"id": 185, "name": "gooseberry", "count": 1}]}, {"group": "microbio", "stats": {"count": 3, "score": 300, "mentions_count": 3}, "primary_keywords": [{"id": 123, "name": "cream", "count": 2}, {"id": 295, "name": "oil", "count": 1}]}, {"group": "floral", "stats": {"count": 2, "score": 200, "mentions_count": 2}, "primary_keywords": [{"id": 146, "name": "dried flowers", "count": 1}, {"id": 133, "name": "dandelion", "count": 1}]}, {"group": "spices", "stats": {"count": 1, "score": 100, "mentions_count": 1}, "primary_keywords": [{"id": 449, "name": "white pepper", "count": 1}]}, {"group": "non_oak", "stats": {"count": 1, "score": 100, "mentions_count": 1}, "primary_keywords": [{"id": 438, "name": "walnut", "count": 1}]}]}, "vivino_id": "1623110"}