{"vintage": {"id": 4896270, "seo_name": "geil-weissburgunder-trocken-uv", "name": "Weingut Geil Weissburgunder Trocken", "statistics": {"status": "Normal", "ratings_count": 140, "ratings_average": 3.8, "labels_count": 1, "reviews_count": 2}, "organic_certification_id": null, "certified_biodynamic": null, "image": {"location": "//images.vivino.com/labels/GHcS2AEPTvi-BP5TI-IoIQ.jpg", "variations": {"large": "//images.vivino.com/thumbs/GHcS2AEPTvi-BP5TI-IoIQ_375x500.jpg", "medium": "//images.vivino.com/thumbs/GHcS2AEPTvi-BP5TI-IoIQ_150x200.jpg", "medium_square": "//images.vivino.com/thumbs/GHcS2AEPTvi-BP5TI-IoIQ_150x150.jpg", "small_square": "//images.vivino.com/thumbs/GHcS2AEPTvi-BP5TI-IoIQ_80x80.jpg"}}, "wine": {"id": 1623110, "name": "Weissburgunder Trocken", "seo_name": "weissburgunder-trocken", "type_id": 2, "vintage_type": 0, "is_natural": false, "region": {"id": 480, "name": "Rheinhessen", "name_en": "", "seo_name": "rheinhessen", "country": {"code": "de", "name": "Germany", "native_name": "Deutschland", "seo_name": "germany", "currency": {"code": "EUR", "name": "Euros", "prefix": "\u20ac", "suffix": null}, "regions_count": 210, "users_count": 2175366, "wines_count": 199914, "wineries_count": 13512, "most_used_grapes": [{"id": 15, "name": "Riesling", "seo_name": "riesling", "has_detailed_info": true, "wines_count": 262136}, {"id": 299, "name": "Sp\u00e4tburgunder", "seo_name": "spatburgunder", "has_detailed_info": false, "wines_count": 50164}, {"id": 355, "name": "Weissburgunder", "seo_name": "weissburgunder", "has_detailed_info": false, "wines_count": 33464}]}, "parent_id": null, "background_image": {"location": "//images.vivino.com/regions/backgrounds/ogLP94yMTDe3X6tkcQR9Kg.jpg", "variations": {"large": "//thumbs.vivino.com/region_backgrounds/ogLP94yMTDe3X6tkcQR9Kg_1280x760.jpg", "medium": "//thumbs.vivino.com/region_backgrounds/ogLP94yMTDe3X6tkcQR9Kg_600x356.jpg"}}, "class": {"typecast_map": {"background_image": {}, "class": {}}}, "statistics": {"wineries_count": 2658, "wines_count": 29961, "sub_regions_count": 19, "parent_regions_count": 0}}, "review_status": 2, "winery": {"id": 32458, "name": "Weingut Geil", "seo_name": "geil", "status": 0, "review_status": "Completed", "background_image": null, "statistics": {"ratings_count": 13209, "ratings_average": 3.9, "labels_count": 52687, "wines_count": 148}, "region": {"id": 480, "name": "Rheinhessen", "name_en": "", "seo_name": "rheinhessen", "country": {"code": "de", "name": "Germany", "native_name": "Deutschland", "seo_name": "germany", "currency": {"code": "EUR", "name": "Euros", "prefix": "\u20ac", "suffix": null}, "regions_count": 210, "users_count": 2175366, "wines_count": 199914, "wineries_count": 13512, "most_used_grapes": [{"id": 15, "name": "Riesling", "seo_name": "riesling", "has_detailed_info": true, "wines_count": 262136}, {"id": 299, "name": "Sp\u00e4tburgunder", "seo_name": "spatburgunder", "has_detailed_info": false, "wines_count": 50164}, {"id": 355, "name": "Weissburgunder", "seo_name": "weissburgunder", "has_detailed_info": false, "wines_count": 33464}]}, "parent_id": null, "background_image": {"location": "//images.vivino.com/regions/backgrounds/ogLP94yMTDe3X6tkcQR9Kg.jpg", "variations": {"large": "//thumbs.vivino.com/region_backgrounds/ogLP94yMTDe3X6tkcQR9Kg_1280x760.jpg", "medium": "//thumbs.vivino.com/region_backgrounds/ogLP94yMTDe3X6tkcQR9Kg_600x356.jpg"}}, "class": {"typecast_map": {"background_image": {}, "class": {}}}, "statistics": {"wineries_count": 2658, "wines_count": 29961, "sub_regions_count": 19, "parent_regions_count": 0}}, "business_name": "Weingut \u00d6konomierat Johann Geil Erben", "description": "", "specialists_notes": "", "phone": "49 06242-1546", "email": "", "facebook": "https://www.facebook.com/geil.weingut/", "instagram": "", "is_claimed": false, "twitter": "@weingut_geil", "website": "http://www.weingut-geil.de", "winemaker": null, "wine_maker": null, "address": {"title": null, "name": null, "street": "Kuhpfortenstra\u00dfe 11", "street2": null, "neighborhood": null, "city": "Bechtheim", "zip": "D-67595", "state": null, "country": {"code": "de", "name": "Germany", "native_name": "Deutschland", "seo_name": "germany", "currency": {"code": "EUR", "name": "Euros", "prefix": "\u20ac", "suffix": null}, "regions_count": 210, "users_count": 2175366, "wines_count": 199914, "wineries_count": 13512, "most_used_grapes": [{"id": 15, "name": "Riesling", "seo_name": "riesling", "has_detailed_info": true, "wines_count": 262136}, {"id": 299, "name": "Sp\u00e4tburgunder", "seo_name": "spatburgunder", "has_detailed_info": false, "wines_count": 50164}, {"id": 355, "name": "Weissburgunder", "seo_name": "weissburgunder", "has_detailed_info": false, "wines_count": 33464}]}, "company": null, "phone": null, "external_id": null, "residential": null, "vat_number": null, "vat_code": null, "addition": null}, "image": null, "location": null, "winery_group": null, "first_wines": [], "sponsored_entity_type": null, "sponsored_entity": null}, "statistics": {"status": "Normal", "ratings_count": 140, "ratings_average": 3.8, "labels_count": 488, "vintages_count": 19}, "rank": {"country": {"description": "Rank within Germany", "total": 117617, "rank": 6310}, "region": {"description": "Rank within Wine Region", "total": 22245, "rank": 918}, "winery": {"description": "Rank within Winery", "total": 133, "rank": 28}, "wine_type": {"description": "Rank within all White Wine", "total": 398745, "rank": 51752}, "global": {"description": "Global Rank", "total": 1302041, "rank": 198559}}, "hidden": false, "vintages": [{"id": 167800206, "seo_name": "geil-weissburgunder-trocken-2020", "name": "Weingut Geil Weissburgunder Trocken 2020", "statistics": {"status": "Normal", "ratings_count": 32, "ratings_average": 3.9, "labels_count": 96, "reviews_count": 14}, "year": 2020, "grapes": null, "has_valid_ratings": true}, {"id": 163602755, "seo_name": "geil-weissburgunder-trocken-2019", "name": "Weingut Geil Weissburgunder Trocken 2019", "statistics": {"status": "Normal", "ratings_count": 38, "ratings_average": 3.8, "labels_count": 127, "reviews_count": 10}, "year": 2019, "grapes": null, "has_valid_ratings": true}, {"id": 162427432, "seo_name": "geil-weissburgunder-trocken-2018", "name": "Weingut Geil Weissburgunder Trocken 2018", "statistics": {"status": "BelowThreshold", "ratings_count": 4, "ratings_average": 0, "labels_count": 18, "reviews_count": 2}, "year": 2018, "grapes": null, "has_valid_ratings": false}, {"id": 156949128, "seo_name": "geil-weissburgunder-trocken-2017", "name": "Weingut Geil Weissburgunder Trocken 2017", "statistics": {"status": "Normal", "ratings_count": 15, "ratings_average": 3.6, "labels_count": 76, "reviews_count": 12}, "year": 2017, "grapes": null, "has_valid_ratings": true}, {"id": 148155985, "seo_name": "geil-weissburgunder-trocken-2016", "name": "Weingut Geil Weissburgunder Trocken 2016", "statistics": {"status": "BelowThreshold", "ratings_count": 4, "ratings_average": 0, "labels_count": 9, "reviews_count": 1}, "year": 2016, "grapes": null, "has_valid_ratings": false}, {"id": 33597844, "seo_name": "geil-weissburgunder-trocken-2015", "name": "Weingut Geil Weissburgunder Trocken 2015", "statistics": {"status": "Normal", "ratings_count": 12, "ratings_average": 3.8, "labels_count": 31, "reviews_count": 2}, "year": 2015, "grapes": null, "has_valid_ratings": true}, {"id": 13426115, "seo_name": "geil-weissburgunder-trocken-2014", "name": "Weingut Geil Weissburgunder Trocken 2014", "statistics": {"status": "BelowThreshold", "ratings_count": 3, "ratings_average": 0, "labels_count": 18, "reviews_count": 2}, "year": 2014, "grapes": null, "has_valid_ratings": false}, {"id": 5236972, "seo_name": "geil-weissburgunder-trocken-2013", "name": "Weingut Geil Weissburgunder Trocken 2013", "statistics": {"status": "BelowThreshold", "ratings_count": 1, "ratings_average": 0, "labels_count": 6, "reviews_count": 1}, "year": 2013, "grapes": null, "has_valid_ratings": false}, {"id": 2444794, "seo_name": "geil-weissburgunder-trocken-2012", "name": "Weingut Geil Weissburgunder Trocken 2012", "statistics": {"status": "Normal", "ratings_count": 15, "ratings_average": 3.5, "labels_count": 67, "reviews_count": 3}, "year": 2012, "grapes": null, "has_valid_ratings": true}, {"id": 9287224, "seo_name": "geil-weissburgunder-trocken-2010", "name": "Weingut Geil Weissburgunder Trocken 2010", "statistics": {"status": "BelowThreshold", "ratings_count": 3, "ratings_average": 0, "labels_count": 10, "reviews_count": 1}, "year": 2010, "grapes": null, "has_valid_ratings": false}, {"id": 2666997, "seo_name": "geil-weissburgunder-trocken-2009", "name": "Weingut Geil Weissburgunder Trocken 2009", "statistics": {"status": "BelowThreshold", "ratings_count": 1, "ratings_average": 0, "labels_count": 10, "reviews_count": 1}, "year": 2009, "grapes": null, "has_valid_ratings": false}, {"id": 2524741, "seo_name": "geil-weissburgunder-trocken-2008", "name": "Weingut Geil Weissburgunder Trocken 2008", "statistics": {"status": "BelowThreshold", "ratings_count": 1, "ratings_average": 0, "labels_count": 6, "reviews_count": 0}, "year": 2008, "grapes": null, "has_valid_ratings": false}, {"id": 4896270, "seo_name": "geil-weissburgunder-trocken-uv", "name": "Weingut Geil Weissburgunder Trocken", "statistics": {"status": "Normal", "ratings_count": 140, "ratings_average": 3.8, "labels_count": 1, "reviews_count": 2}, "year": 0, "grapes": null, "has_valid_ratings": true}], "description": "", "grapes": [{"id": 355, "name": "Weissburgunder", "seo_name": "weissburgunder", "has_detailed_info": false, "wines_count": 33464}], "foods": [{"id": 12, "name": "Rich fish (salmon, tuna etc)", "background_image": {"location": "//images.vivino.com/backgrounds/foods/12_richfish.png", "variations": {"small": "//images.vivino.com/backgrounds/foods/thumbs/12_richfish_932x810.png"}}, "seo_name": null}, {"id": 13, "name": "Shellfish", "background_image": {"location": "//images.vivino.com/backgrounds/foods/13_shellfish.png", "variations": {"small": "//images.vivino.com/backgrounds/foods/thumbs/13_shellfish_932x810.png"}}, "seo_name": "shellfish"}, {"id": 35, "name": "Mild and soft cheese", "background_image": {"location": "//images.vivino.com/backgrounds/foods/35_softcheese.png", "variations": {"small": "//images.vivino.com/backgrounds/foods/thumbs/35_softcheese_932x810.png"}}, "seo_name": null}, {"id": 41, "name": "Cured Meat", "background_image": {"location": "//images.vivino.com/backgrounds/foods/41_curedmeat.png", "variations": {"small": "//images.vivino.com/backgrounds/foods/thumbs/41_curedmeat_932x810.png"}}, "seo_name": null}], "non_vintage": false, "alcohol": 0, "sweetness_id": null, "closure": null, "vintage_mask_raw": null, "updated_at": "2018-03-19T15:53:43Z", "created_at": "2013-05-29T13:33:55Z", "is_first_wine": false, "style": {"id": 141, "seo_name": "german-pinot-blanc", "regional_name": "German", "varietal_name": "Pinot Blanc", "name": "German Pinot Blanc", "image": null, "background_image": null, "description": null, "blurb": null, "interesting_facts": null, "body": 3, "body_description": "Medium-bodied", "acidity": 3, "acidity_description": "High", "country": {"code": "de", "name": "Germany", "native_name": "Deutschland", "seo_name": "germany", "currency": {"code": "EUR", "name": "Euros", "prefix": "\u20ac", "suffix": null}, "regions_count": 210, "users_count": 2175366, "wines_count": 199914, "wineries_count": 13512, "most_used_grapes": [{"id": 15, "name": "Riesling", "seo_name": "riesling", "has_detailed_info": true, "wines_count": 262136}, {"id": 299, "name": "Sp\u00e4tburgunder", "seo_name": "spatburgunder", "has_detailed_info": false, "wines_count": 50164}, {"id": 355, "name": "Weissburgunder", "seo_name": "weissburgunder", "has_detailed_info": false, "wines_count": 33464}]}, "wine_type_id": 2, "food": [{"id": 12, "name": "Rich fish (salmon, tuna etc)", "background_image": {"location": "//images.vivino.com/backgrounds/foods/12_richfish.png", "variations": {"small": "//images.vivino.com/backgrounds/foods/thumbs/12_richfish_932x810.png"}}, "seo_name": null}, {"id": 13, "name": "Shellfish", "background_image": {"location": "//images.vivino.com/backgrounds/foods/13_shellfish.png", "variations": {"small": "//images.vivino.com/backgrounds/foods/thumbs/13_shellfish_932x810.png"}}, "seo_name": "shellfish"}, {"id": 35, "name": "Mild and soft cheese", "background_image": {"location": "//images.vivino.com/backgrounds/foods/35_softcheese.png", "variations": {"small": "//images.vivino.com/backgrounds/foods/thumbs/35_softcheese_932x810.png"}}, "seo_name": null}, {"id": 41, "name": "Cured Meat", "background_image": {"location": "//images.vivino.com/backgrounds/foods/41_curedmeat.png", "variations": {"small": "//images.vivino.com/backgrounds/foods/thumbs/41_curedmeat_932x810.png"}}, "seo_name": null}], "grapes": [{"id": 36, "name": "Pinot Blanc", "seo_name": "pinot-blanc", "has_detailed_info": false, "wines_count": 48765}], "region": null}, "has_valid_ratings": true}, "description": "", "wine_critic_reviews": [], "awards": [], "ratings_distribution": {"1": 0, "2": 6, "3": 49, "4": 77, "5": 8}, "ranking": {"country": {"description": "Rank within Germany", "total": 614802, "rank": 20978}, "region": {"description": "Rank within Wine Region", "total": 103573, "rank": 2858}, "winery": {"description": "Rank within Winery", "total": 959, "rank": 89}, "global": {"description": "Global Rank", "total": 8944567, "rank": 684295}}, "wine_facts": {}, "winemaker": null, "wine_maker": null, "grape_composition": {}, "year": "", "grapes": null, "has_valid_ratings": true}, "carts": null, "full_region": null, "tastes": null, "wine": {"id": 1623110, "name": "Weissburgunder Trocken", "seo_name": "weissburgunder-trocken", "type_id": 2, "vintage_type": 0, "is_natural": false, "region": {"id": 480, "name": "Rheinhessen", "name_en": "", "seo_name": "rheinhessen", "country": {"code": "de", "name": "Germany", "native_name": "Deutschland", "seo_name": "germany", "currency": {"code": "EUR", "name": "Euros", "prefix": "\u20ac", "suffix": null}, "regions_count": 210, "users_count": 2175366, "wines_count": 199914, "wineries_count": 13512, "most_used_grapes": [{"id": 15, "name": "Riesling", "seo_name": "riesling", "has_detailed_info": true, "wines_count": 262136}, {"id": 299, "name": "Sp\u00e4tburgunder", "seo_name": "spatburgunder", "has_detailed_info": false, "wines_count": 50164}, {"id": 355, "name": "Weissburgunder", "seo_name": "weissburgunder", "has_detailed_info": false, "wines_count": 33464}]}, "parent_id": null, "background_image": {"location": "//images.vivino.com/regions/backgrounds/ogLP94yMTDe3X6tkcQR9Kg.jpg", "variations": {"large": "//thumbs.vivino.com/region_backgrounds/ogLP94yMTDe3X6tkcQR9Kg_1280x760.jpg", "medium": "//thumbs.vivino.com/region_backgrounds/ogLP94yMTDe3X6tkcQR9Kg_600x356.jpg"}}, "class": {"typecast_map": {"background_image": {}, "class": {}}}, "statistics": {"wineries_count": 2658, "wines_count": 29961, "sub_regions_count": 19, "parent_regions_count": 0}}, "review_status": 2, "winery": {"id": 32458, "name": "Weingut Geil", "seo_name": "geil", "status": 0, "review_status": "Completed", "background_image": null, "statistics": {"ratings_count": 13209, "ratings_average": 3.9, "labels_count": 52687, "wines_count": 148}, "region": {"id": 480, "name": "Rheinhessen", "name_en": "", "seo_name": "rheinhessen", "country": {"code": "de", "name": "Germany", "native_name": "Deutschland", "seo_name": "germany", "currency": {"code": "EUR", "name": "Euros", "prefix": "\u20ac", "suffix": null}, "regions_count": 210, "users_count": 2175366, "wines_count": 199914, "wineries_count": 13512, "most_used_grapes": [{"id": 15, "name": "Riesling", "seo_name": "riesling", "has_detailed_info": true, "wines_count": 262136}, {"id": 299, "name": "Sp\u00e4tburgunder", "seo_name": "spatburgunder", "has_detailed_info": false, "wines_count": 50164}, {"id": 355, "name": "Weissburgunder", "seo_name": "weissburgunder", "has_detailed_info": false, "wines_count": 33464}]}, "parent_id": null, "background_image": {"location": "//images.vivino.com/regions/backgrounds/ogLP94yMTDe3X6tkcQR9Kg.jpg", "variations": {"large": "//thumbs.vivino.com/region_backgrounds/ogLP94yMTDe3X6tkcQR9Kg_1280x760.jpg", "medium": "//thumbs.vivino.com/region_backgrounds/ogLP94yMTDe3X6tkcQR9Kg_600x356.jpg"}}, "class": {"typecast_map": {"background_image": {}, "class": {}}}, "statistics": {"wineries_count": 2658, "wines_count": 29961, "sub_regions_count": 19, "parent_regions_count": 0}}}, "image": {"location": "//images.vivino.com/labels/GHcS2AEPTvi-BP5TI-IoIQ.jpg", "variations": {"large": "//images.vivino.com/thumbs/GHcS2AEPTvi-BP5TI-IoIQ_375x500.jpg", "medium": "//images.vivino.com/thumbs/GHcS2AEPTvi-BP5TI-IoIQ_150x200.jpg", "medium_square": "//images.vivino.com/thumbs/GHcS2AEPTvi-BP5TI-IoIQ_150x150.jpg", "small_square": "//images.vivino.com/thumbs/GHcS2AEPTvi-BP5TI-IoIQ_80x80.jpg"}}, "statistics": {"status": "Normal", "ratings_count": 140, "ratings_average": 3.8, "labels_count": 488, "vintages_count": 19}, "rank": null, "hidden": false, "vintages": [{"id": 167800206, "seo_name": "geil-weissburgunder-trocken-2020", "name": "Weingut Geil Weissburgunder Trocken 2020", "statistics": {"status": "Normal", "ratings_count": 32, "ratings_average": 3.9, "labels_count": 96, "reviews_count": 14}, "year": 2020, "grapes": null, "has_valid_ratings": true}, {"id": 163602755, "seo_name": "geil-weissburgunder-trocken-2019", "name": "Weingut Geil Weissburgunder Trocken 2019", "statistics": {"status": "Normal", "ratings_count": 38, "ratings_average": 3.8, "labels_count": 127, "reviews_count": 10}, "year": 2019, "grapes": null, "has_valid_ratings": true}, {"id": 162427432, "seo_name": "geil-weissburgunder-trocken-2018", "name": "Weingut Geil Weissburgunder Trocken 2018", "statistics": {"status": "BelowThreshold", "ratings_count": 4, "ratings_average": 0, "labels_count": 18, "reviews_count": 2}, "year": 2018, "grapes": null, "has_valid_ratings": false}, {"id": 156949128, "seo_name": "geil-weissburgunder-trocken-2017", "name": "Weingut Geil Weissburgunder Trocken 2017", "statistics": {"status": "Normal", "ratings_count": 15, "ratings_average": 3.6, "labels_count": 76, "reviews_count": 12}, "year": 2017, "grapes": null, "has_valid_ratings": true}, {"id": 148155985, "seo_name": "geil-weissburgunder-trocken-2016", "name": "Weingut Geil Weissburgunder Trocken 2016", "statistics": {"status": "BelowThreshold", "ratings_count": 4, "ratings_average": 0, "labels_count": 9, "reviews_count": 1}, "year": 2016, "grapes": null, "has_valid_ratings": false}, {"id": 33597844, "seo_name": "geil-weissburgunder-trocken-2015", "name": "Weingut Geil Weissburgunder Trocken 2015", "statistics": {"status": "Normal", "ratings_count": 12, "ratings_average": 3.8, "labels_count": 31, "reviews_count": 2}, "year": 2015, "grapes": null, "has_valid_ratings": true}, {"id": 13426115, "seo_name": "geil-weissburgunder-trocken-2014", "name": "Weingut Geil Weissburgunder Trocken 2014", "statistics": {"status": "BelowThreshold", "ratings_count": 3, "ratings_average": 0, "labels_count": 18, "reviews_count": 2}, "year": 2014, "grapes": null, "has_valid_ratings": false}, {"id": 5236972, "seo_name": "geil-weissburgunder-trocken-2013", "name": "Weingut Geil Weissburgunder Trocken 2013", "statistics": {"status": "BelowThreshold", "ratings_count": 1, "ratings_average": 0, "labels_count": 6, "reviews_count": 1}, "year": 2013, "grapes": null, "has_valid_ratings": false}, {"id": 2444794, "seo_name": "geil-weissburgunder-trocken-2012", "name": "Weingut Geil Weissburgunder Trocken 2012", "statistics": {"status": "Normal", "ratings_count": 15, "ratings_average": 3.5, "labels_count": 67, "reviews_count": 3}, "year": 2012, "grapes": null, "has_valid_ratings": true}, {"id": 3108660, "seo_name": "geil-weissburgunder-trocken-2011", "name": "Weingut Geil Weissburgunder Trocken 2011", "statistics": {"status": "BelowThreshold", "ratings_count": 0, "ratings_average": 0, "labels_count": 8, "reviews_count": 0}, "year": 2011, "grapes": null, "has_valid_ratings": false}, {"id": 9287224, "seo_name": "geil-weissburgunder-trocken-2010", "name": "Weingut Geil Weissburgunder Trocken 2010", "statistics": {"status": "BelowThreshold", "ratings_count": 3, "ratings_average": 0, "labels_count": 10, "reviews_count": 1}, "year": 2010, "grapes": null, "has_valid_ratings": false}, {"id": 2666997, "seo_name": "geil-weissburgunder-trocken-2009", "name": "Weingut Geil Weissburgunder Trocken 2009", "statistics": {"status": "BelowThreshold", "ratings_count": 1, "ratings_average": 0, "labels_count": 10, "reviews_count": 1}, "year": 2009, "grapes": null, "has_valid_ratings": false}, {"id": 2524741, "seo_name": "geil-weissburgunder-trocken-2008", "name": "Weingut Geil Weissburgunder Trocken 2008", "statistics": {"status": "BelowThreshold", "ratings_count": 1, "ratings_average": 0, "labels_count": 6, "reviews_count": 0}, "year": 2008, "grapes": null, "has_valid_ratings": false}, {"id": 156965872, "seo_name": "geil-weissburgunder-trocken-2007", "name": "Weingut Geil Weissburgunder Trocken 2007", "statistics": {"status": "BelowThreshold", "ratings_count": 0, "ratings_average": 0, "labels_count": 2, "reviews_count": 0}, "year": 2007, "grapes": null, "has_valid_ratings": false}, {"id": 158904545, "seo_name": "geil-weissburgunder-trocken-2005", "name": "Weingut Geil Weissburgunder Trocken 2005", "statistics": {"status": "BelowThreshold", "ratings_count": 0, "ratings_average": 0, "labels_count": 1, "reviews_count": 0}, "year": 2005, "grapes": null, "has_valid_ratings": false}, {"id": 150546339, "seo_name": "geil-weissburgunder-trocken-2004", "name": "Weingut Geil Weissburgunder Trocken 2004", "statistics": {"status": "BelowThreshold", "ratings_count": 0, "ratings_average": 0, "labels_count": 0, "reviews_count": 0}, "year": 2004, "grapes": null, "has_valid_ratings": false}, {"id": 25225151, "seo_name": "geil-weissburgunder-trocken-1998", "name": "Weingut Geil Weissburgunder Trocken 1998", "statistics": {"status": "BelowThreshold", "ratings_count": 0, "ratings_average": 0, "labels_count": 1, "reviews_count": 0}, "year": 1998, "grapes": null, "has_valid_ratings": false}, {"id": 4151535, "seo_name": "geil-weissburgunder-trocken-1997", "name": "Weingut Geil Weissburgunder Trocken 1997", "statistics": {"status": "BelowThreshold", "ratings_count": 0, "ratings_average": 0, "labels_count": 1, "reviews_count": 0}, "year": 1997, "grapes": null, "has_valid_ratings": false}, {"id": 4896270, "seo_name": "geil-weissburgunder-trocken-uv", "name": "Weingut Geil Weissburgunder Trocken", "statistics": {"status": "Normal", "ratings_count": 140, "ratings_average": 3.8, "labels_count": 1, "reviews_count": 2}, "year": 0, "grapes": null, "has_valid_ratings": true}], "description": "", "grapes": [{"id": 355, "name": "Weissburgunder", "seo_name": "weissburgunder", "has_detailed_info": false, "wines_count": 33464}], "foods": [{"id": 12, "name": "Rich fish (salmon, tuna etc)", "background_image": {"location": "//images.vivino.com/backgrounds/foods/12_richfish.png", "variations": {"small": "//images.vivino.com/backgrounds/foods/thumbs/12_richfish_932x810.png"}}, "seo_name": null}, {"id": 13, "name": "Shellfish", "background_image": {"location": "//images.vivino.com/backgrounds/foods/13_shellfish.png", "variations": {"small": "//images.vivino.com/backgrounds/foods/thumbs/13_shellfish_932x810.png"}}, "seo_name": "shellfish"}, {"id": 35, "name": "Mild and soft cheese", "background_image": {"location": "//images.vivino.com/backgrounds/foods/35_softcheese.png", "variations": {"small": "//images.vivino.com/backgrounds/foods/thumbs/35_softcheese_932x810.png"}}, "seo_name": null}, {"id": 41, "name": "Cured Meat", "background_image": {"location": "//images.vivino.com/backgrounds/foods/41_curedmeat.png", "variations": {"small": "//images.vivino.com/backgrounds/foods/thumbs/41_curedmeat_932x810.png"}}, "seo_name": null}], "non_vintage": false, "alcohol": 0, "sweetness_id": null, "closure": null, "vintage_mask_raw": null, "updated_at": "2018-03-19T15:53:43Z", "created_at": "2013-05-29T13:33:55Z", "is_first_wine": false, "style": {"id": 141, "seo_name": "german-pinot-blanc", "regional_name": "German", "varietal_name": "Pinot Blanc", "name": "German Pinot Blanc", "image": null, "background_image": null, "description": null, "blurb": null, "interesting_facts": null, "body": 3, "body_description": "Medium-bodied", "acidity": 3, "acidity_description": "High", "country": {"code": "de", "name": "Germany", "native_name": "Deutschland", "seo_name": "germany", "currency": {"code": "EUR", "name": "Euros", "prefix": "\u20ac", "suffix": null}, "regions_count": 210, "users_count": 2175366, "wines_count": 199914, "wineries_count": 13512, "most_used_grapes": [{"id": 15, "name": "Riesling", "seo_name": "riesling", "has_detailed_info": true, "wines_count": 262136}, {"id": 299, "name": "Sp\u00e4tburgunder", "seo_name": "spatburgunder", "has_detailed_info": false, "wines_count": 50164}, {"id": 355, "name": "Weissburgunder", "seo_name": "weissburgunder", "has_detailed_info": false, "wines_count": 33464}]}, "wine_type_id": 2, "food": [{"id": 12, "name": "Rich fish (salmon, tuna etc)", "background_image": {"location": "//images.vivino.com/backgrounds/foods/12_richfish.png", "variations": {"small": "//images.vivino.com/backgrounds/foods/thumbs/12_richfish_932x810.png"}}, "seo_name": null}, {"id": 13, "name": "Shellfish", "background_image": {"location": "//images.vivino.com/backgrounds/foods/13_shellfish.png", "variations": {"small": "//images.vivino.com/backgrounds/foods/thumbs/13_shellfish_932x810.png"}}, "seo_name": "shellfish"}, {"id": 35, "name": "Mild and soft cheese", "background_image": {"location": "//images.vivino.com/backgrounds/foods/35_softcheese.png", "variations": {"small": "//images.vivino.com/backgrounds/foods/thumbs/35_softcheese_932x810.png"}}, "seo_name": null}, {"id": 41, "name": "Cured Meat", "background_image": {"location": "//images.vivino.com/backgrounds/foods/41_curedmeat.png", "variations": {"small": "//images.vivino.com/backgrounds/foods/thumbs/41_curedmeat_932x810.png"}}, "seo_name": null}], "grapes": [{"id": 36, "name": "Pinot Blanc", "seo_name": "pinot-blanc", "has_detailed_info": false, "wines_count": 48765}], "region": null}, "has_valid_ratings": true}, "highlights": [{"vintage_id": 167800206, "highlight_type": "best_user_rated", "message": "This vintage rates better than any other year for this wine", "icon": "https://images.vivino.com/highlights/icon/best_user_rated.svg", "metadata": {"price": null, "wine_id": 1623110, "toplist": null, "ws_award": null, "critic_review_id": null, "ratings_average": 3.9, "ratings_count": 32, "vintage_year": "2020", "rank_type": "country", "ranks": {"country": {"description": "Rank within Germany", "total": 614802, "rank": 51361}, "region": {"description": "Rank within Wine Region", "total": 103573, "rank": 7441}, "winery": {"description": "Rank within Winery", "total": 959, "rank": 193}, "global": {"description": "Global Rank", "total": 8944567, "rank": 1386898}}, "style": {"id": 141, "seo_name": "german-pinot-blanc", "regional_name": "German", "varietal_name": "Pinot Blanc", "name": "German Pinot Blanc", "image": null, "background_image": null, "description": null, "blurb": null, "interesting_facts": null, "body": 3, "body_description": "Medium-bodied", "acidity": 3, "acidity_description": "High", "country": {"code": "de", "name": "Germany", "native_name": "Deutschland", "seo_name": "germany", "currency": {"code": "EUR", "name": "Euros", "prefix": "\u20ac", "suffix": null}, "regions_count": 210, "users_count": 2175366, "wines_count": 199914, "wineries_count": 13512, "most_used_grapes": [{"id": 15, "name": "Riesling", "seo_name": "riesling", "has_detailed_info": true, "wines_count": 262136}, {"id": 299, "name": "Sp\u00e4tburgunder", "seo_name": "spatburgunder", "has_detailed_info": false, "wines_count": 50164}, {"id": 355, "name": "Weissburgunder", "seo_name": "weissburgunder", "has_detailed_info": false, "wines_count": 33464}]}, "wine_type_id": 2, "food": [{"id": 12, "name": "Rich fish (salmon, tuna etc)", "background_image": {"location": "//images.vivino.com/backgrounds/foods/12_richfish.png", "variations": {"small": "//images.vivino.com/backgrounds/foods/thumbs/12_richfish_932x810.png"}}, "seo_name": null}, {"id": 13, "name": "Shellfish", "background_image": {"location": "//images.vivino.com/backgrounds/foods/13_shellfish.png", "variations": {"small": "//images.vivino.com/backgrounds/foods/thumbs/13_shellfish_932x810.png"}}, "seo_name": "shellfish"}, {"id": 35, "name": "Mild and soft cheese", "background_image": {"location": "//images.vivino.com/backgrounds/foods/35_softcheese.png", "variations": {"small": "//images.vivino.com/backgrounds/foods/thumbs/35_softcheese_932x810.png"}}, "seo_name": null}, {"id": 41, "name": "Cured Meat", "background_image": {"location": "//images.vivino.com/backgrounds/foods/41_curedmeat.png", "variations": {"small": "//images.vivino.com/backgrounds/foods/thumbs/41_curedmeat_932x810.png"}}, "seo_name": null}], "grapes": [{"id": 36, "name": "Pinot Blanc", "seo_name": "pinot-blanc", "has_detailed_info": false, "wines_count": 48765}], "region": null}}, "vintage_year": 2020}, {"vintage_id": 163602755, "highlight_type": "most_user_rated", "message": "Popular among Vivino users. More than 30 ratings", "icon": "https://images.vivino.com/highlights/icon/most_user_rated.svg", "metadata": {"price": null, "wine_id": 1623110, "toplist": null, "ws_award": null, "critic_review_id": null, "ratings_average": 3.8, "ratings_count": 38, "vintage_year": "2019", "rank_type": "country", "ranks": {"country": {"description": "Rank within Germany", "total": 614802, "rank": 61280}, "region": {"description": "Rank within Wine Region", "total": 103573, "rank": 9052}, "winery": {"description": "Rank within Winery", "total": 959, "rank": 222}, "global": {"description": "Global Rank", "total": 8944567, "rank": 1614711}}, "style": {"id": 141, "seo_name": "german-pinot-blanc", "regional_name": "German", "varietal_name": "Pinot Blanc", "name": "German Pinot Blanc", "image": null, "background_image": null, "description": null, "blurb": null, "interesting_facts": null, "body": 3, "body_description": "Medium-bodied", "acidity": 3, "acidity_description": "High", "country": {"code": "de", "name": "Germany", "native_name": "Deutschland", "seo_name": "germany", "currency": {"code": "EUR", "name": "Euros", "prefix": "\u20ac", "suffix": null}, "regions_count": 210, "users_count": 2175366, "wines_count": 199914, "wineries_count": 13512, "most_used_grapes": [{"id": 15, "name": "Riesling", "seo_name": "riesling", "has_detailed_info": true, "wines_count": 262136}, {"id": 299, "name": "Sp\u00e4tburgunder", "seo_name": "spatburgunder", "has_detailed_info": false, "wines_count": 50164}, {"id": 355, "name": "Weissburgunder", "seo_name": "weissburgunder", "has_detailed_info": false, "wines_count": 33464}]}, "wine_type_id": 2, "food": [{"id": 12, "name": "Rich fish (salmon, tuna etc)", "background_image": {"location": "//images.vivino.com/backgrounds/foods/12_richfish.png", "variations": {"small": "//images.vivino.com/backgrounds/foods/thumbs/12_richfish_932x810.png"}}, "seo_name": null}, {"id": 13, "name": "Shellfish", "background_image": {"location": "//images.vivino.com/backgrounds/foods/13_shellfish.png", "variations": {"small": "//images.vivino.com/backgrounds/foods/thumbs/13_shellfish_932x810.png"}}, "seo_name": "shellfish"}, {"id": 35, "name": "Mild and soft cheese", "background_image": {"location": "//images.vivino.com/backgrounds/foods/35_softcheese.png", "variations": {"small": "//images.vivino.com/backgrounds/foods/thumbs/35_softcheese_932x810.png"}}, "seo_name": null}, {"id": 41, "name": "Cured Meat", "background_image": {"location": "//images.vivino.com/backgrounds/foods/41_curedmeat.png", "variations": {"small": "//images.vivino.com/backgrounds/foods/thumbs/41_curedmeat_932x810.png"}}, "seo_name": null}], "grapes": [{"id": 36, "name": "Pinot Blanc", "seo_name": "pinot-blanc", "has_detailed_info": false, "wines_count": 48765}], "region": null}}, "vintage_year": 2019}], "recommended_vintages": [{"vintage": {"id": 167800206, "seo_name": "geil-weissburgunder-trocken-2020", "name": "Weingut Geil Weissburgunder Trocken 2020", "statistics": {"status": "Normal", "ratings_count": 32, "ratings_average": 3.9, "labels_count": 96, "reviews_count": 14}, "year": 2020, "grapes": null, "has_valid_ratings": true}, "type": "best_user_rated", "highlight_icon": "https://images.vivino.com/highlights/icon/best_user_rated.svg", "price": null}, {"vintage": {"id": 163602755, "seo_name": "geil-weissburgunder-trocken-2019", "name": "Weingut Geil Weissburgunder Trocken 2019", "statistics": {"status": "Normal", "ratings_count": 38, "ratings_average": 3.8, "labels_count": 127, "reviews_count": 10}, "year": 2019, "grapes": null, "has_valid_ratings": true}, "type": "most_user_rated", "highlight_icon": "https://images.vivino.com/highlights/icon/most_user_rated.svg", "price": null}], "prices_and_availabilities": [], "price_range": {"currency": {"code": "EUR", "name": "Euros", "prefix": "\u20ac", "suffix": null}, "price_range": {"minimum": 0, "maximum": 500, "currency_code": "EUR"}, "defaults": {"minimum": 7, "maximum": 30, "currency_code": "EUR"}}, "subtotal_price": null}