{"vintage": {"id": 167532953, "seo_name": "stiftskellerei-klosterneuburg-wiener-gemischter-satz-2020", "name": "Stiftskellerei Klosterneuburg Wiener Gemischter Satz 2020", "statistics": {"status": "Normal", "ratings_count": 31, "ratings_average": 3.9, "labels_count": 262, "reviews_count": 12}, "organic_certification_id": null, "certified_biodynamic": null, "image": {"location": "//images.vivino.com/thumbs/Xl-DdyTgSCqrgiqsLUbGjw_pl_480x640.png", "variations": {"bottle_large": "//images.vivino.com/thumbs/Xl-DdyTgSCqrgiqsLUbGjw_pb_x960.png", "bottle_medium": "//images.vivino.com/thumbs/Xl-DdyTgSCqrgiqsLUbGjw_pb_x600.png", "bottle_medium_square": "//images.vivino.com/thumbs/Xl-DdyTgSCqrgiqsLUbGjw_pb_600x600.png", "bottle_small": "//images.vivino.com/thumbs/Xl-DdyTgSCqrgiqsLUbGjw_pb_x300.png", "bottle_small_square": "//images.vivino.com/thumbs/Xl-DdyTgSCqrgiqsLUbGjw_pb_300x300.png", "label": "//images.vivino.com/thumbs/Xl-DdyTgSCqrgiqsLUbGjw_pl_480x640.png", "label_large": "//images.vivino.com/thumbs/Xl-DdyTgSCqrgiqsLUbGjw_pl_375x500.png", "label_medium": "//images.vivino.com/thumbs/Xl-DdyTgSCqrgiqsLUbGjw_pl_150x200.png", "label_medium_square": "//images.vivino.com/thumbs/Xl-DdyTgSCqrgiqsLUbGjw_pl_150x150.png", "label_small_square": "//images.vivino.com/thumbs/Xl-DdyTgSCqrgiqsLUbGjw_pl_80x80.png", "large": "//images.vivino.com/thumbs/Xl-DdyTgSCqrgiqsLUbGjw_pl_375x500.png", "medium": "//images.vivino.com/thumbs/Xl-DdyTgSCqrgiqsLUbGjw_pl_150x200.png", "medium_square": "//images.vivino.com/thumbs/Xl-DdyTgSCqrgiqsLUbGjw_pl_150x150.png", "small_square": "//images.vivino.com/thumbs/Xl-DdyTgSCqrgiqsLUbGjw_pl_80x80.png"}}, "wine": {"id": 2259394, "name": "Wiener Gemischter Satz", "seo_name": "wiener-gemischter-satz", "type_id": 2, "vintage_type": 0, "is_natural": false, "region": {"id": 1587, "name": "Wiener Gemischter Satz", "name_en": "", "seo_name": "wiener-gemischter-satz", "country": {"code": "at", "name": "\u00d6sterreich", "native_name": "\u00d6sterreich", "seo_name": "austria", "currency": {"code": "EUR", "name": "Euros", "prefix": "\u20ac", "suffix": null}, "regions_count": 29, "users_count": 198116, "wines_count": 53278, "wineries_count": 4638, "most_used_grapes": [{"id": 233, "name": "Gr\u00fcner Veltliner", "seo_name": "gruner-veltliner", "has_detailed_info": false, "wines_count": 37953}, {"id": 257, "name": "Zweigelt", "seo_name": "zweigelt", "has_detailed_info": false, "wines_count": 31578}, {"id": 15, "name": "Riesling", "seo_name": "riesling", "has_detailed_info": true, "wines_count": 259925}]}, "parent_id": 1445, "background_image": null, "class": {"typecast_map": {"background_image": {}, "class": {}}}, "statistics": {"wineries_count": 21, "wines_count": 297, "sub_regions_count": 0, "parent_regions_count": 2}}, "review_status": 2, "winery": {"id": 79861, "name": "Stiftskellerei Klosterneuburg", "seo_name": "stiftskellerei-klosterneuburg", "status": 0, "review_status": "Completed", "background_image": null, "statistics": {"ratings_count": 6548, "ratings_average": 3.6, "labels_count": 34107, "wines_count": 86}, "region": {"id": 784, "name": "Burgenland", "name_en": "", "seo_name": "burgenland", "country": {"code": "at", "name": "\u00d6sterreich", "native_name": "\u00d6sterreich", "seo_name": "austria", "currency": {"code": "EUR", "name": "Euros", "prefix": "\u20ac", "suffix": null}, "regions_count": 29, "users_count": 198116, "wines_count": 53278, "wineries_count": 4638, "most_used_grapes": [{"id": 233, "name": "Gr\u00fcner Veltliner", "seo_name": "gruner-veltliner", "has_detailed_info": false, "wines_count": 37953}, {"id": 257, "name": "Zweigelt", "seo_name": "zweigelt", "has_detailed_info": false, "wines_count": 31578}, {"id": 15, "name": "Riesling", "seo_name": "riesling", "has_detailed_info": true, "wines_count": 259925}]}, "parent_id": 1585, "background_image": {"location": "//images.vivino.com/regions/backgrounds/R4HmoMEwSRi6hJalA3Um5Q.jpg", "variations": {"large": "//thumbs.vivino.com/region_backgrounds/R4HmoMEwSRi6hJalA3Um5Q_1280x760.jpg", "medium": "//thumbs.vivino.com/region_backgrounds/R4HmoMEwSRi6hJalA3Um5Q_600x356.jpg"}}, "statistics": {"wineries_count": 1094, "wines_count": 11314, "sub_regions_count": 5, "parent_regions_count": 1}}, "business_name": "Stiftskellerei Klosterneuburg", "description": "", "specialists_notes": "", "phone": "43 2243 411 0", "email": "", "facebook": "", "instagram": "", "is_claimed": false, "twitter": "", "website": "http://www.stift-klosterneuburg.at", "winemaker": null, "wine_maker": null, "address": {"title": null, "name": null, "street": "Stiftsplatz 1", "street2": null, "neighborhood": null, "city": "Klosterneuburg", "zip": "3400", "state": null, "country": {"code": "at", "name": "\u00d6sterreich", "native_name": "\u00d6sterreich", "seo_name": "austria", "currency": {"code": "EUR", "name": "Euros", "prefix": "\u20ac", "suffix": null}, "regions_count": 29, "users_count": 198116, "wines_count": 53278, "wineries_count": 4638, "most_used_grapes": [{"id": 233, "name": "Gr\u00fcner Veltliner", "seo_name": "gruner-veltliner", "has_detailed_info": false, "wines_count": 37953}, {"id": 257, "name": "Zweigelt", "seo_name": "zweigelt", "has_detailed_info": false, "wines_count": 31578}, {"id": 15, "name": "Riesling", "seo_name": "riesling", "has_detailed_info": true, "wines_count": 259925}]}, "company": null, "phone": null, "external_id": null, "residential": null, "vat_number": null, "vat_code": null, "addition": null}, "image": null, "location": null, "winery_group": null, "first_wines": [], "sponsored_entity_type": null, "sponsored_entity": null}, "statistics": {"status": "Normal", "ratings_count": 485, "ratings_average": 3.7, "labels_count": 2893, "vintages_count": 21}, "rank": {"country": {"description": "Rang von \u00d6sterreich", "total": 34949, "rank": 1884}, "region": {"description": "Rang von Weinregion", "total": 10666, "rank": 630}, "winery": {"description": "Rang vom Weingut", "total": 82, "rank": 5}, "wine_type": {"description": "Rang in allen Wei\u00dfwein", "total": 394072, "rank": 29184}, "global": {"description": "Weltweiter Rang", "total": 1287383, "rank": 116233}}, "hidden": false, "vintages": [{"id": 167532953, "seo_name": "stiftskellerei-klosterneuburg-wiener-gemischter-satz-2020", "name": "Stiftskellerei Klosterneuburg Wiener Gemischter Satz 2020", "statistics": {"status": "Normal", "ratings_count": 31, "ratings_average": 3.9, "labels_count": 262, "reviews_count": 12}, "year": 2020, "grapes": null, "has_valid_ratings": true}, {"id": 163559668, "seo_name": "stiftskellerei-klosterneuburg-wiener-gemischter-satz-2019", "name": "Stiftskellerei Klosterneuburg Wiener Gemischter Satz 2019", "statistics": {"status": "Normal", "ratings_count": 172, "ratings_average": 3.8, "labels_count": 1450, "reviews_count": 74}, "year": 2019, "grapes": null, "has_valid_ratings": true}, {"id": 158857453, "seo_name": "stiftskellerei-klosterneuburg-wiener-gemischter-satz-2018", "name": "Stiftskellerei Klosterneuburg Wiener Gemischter Satz 2018", "statistics": {"status": "Normal", "ratings_count": 90, "ratings_average": 3.7, "labels_count": 340, "reviews_count": 38}, "year": 2018, "grapes": null, "has_valid_ratings": true}, {"id": 156525964, "seo_name": "stiftskellerei-klosterneuburg-wiener-gemischter-satz-2017", "name": "Stiftskellerei Klosterneuburg Wiener Gemischter Satz 2017", "statistics": {"status": "Normal", "ratings_count": 42, "ratings_average": 3.6, "labels_count": 180, "reviews_count": 19}, "year": 2017, "grapes": null, "has_valid_ratings": true}, {"id": 147295986, "seo_name": "stiftskellerei-klosterneuburg-wiener-gemischter-satz-2016", "name": "Stiftskellerei Klosterneuburg Wiener Gemischter Satz 2016", "statistics": {"status": "Normal", "ratings_count": 34, "ratings_average": 3.4, "labels_count": 178, "reviews_count": 14}, "year": 2016, "grapes": null, "has_valid_ratings": true}, {"id": 97343461, "seo_name": "stiftskellerei-klosterneuburg-wiener-gemischter-satz-2015", "name": "Stiftskellerei Klosterneuburg Wiener Gemischter Satz 2015", "statistics": {"status": "Normal", "ratings_count": 33, "ratings_average": 3.5, "labels_count": 104, "reviews_count": 10}, "year": 2015, "grapes": null, "has_valid_ratings": true}, {"id": 8673838, "seo_name": "stiftskellerei-klosterneuburg-wiener-gemischter-satz-2014", "name": "Stiftskellerei Klosterneuburg Wiener Gemischter Satz 2014", "statistics": {"status": "Normal", "ratings_count": 29, "ratings_average": 3.5, "labels_count": 114, "reviews_count": 11}, "year": 2014, "grapes": null, "has_valid_ratings": true}, {"id": 5677358, "seo_name": "stiftskellerei-klosterneuburg-wiener-gemischter-satz-2013", "name": "Stiftskellerei Klosterneuburg Wiener Gemischter Satz 2013", "statistics": {"status": "Normal", "ratings_count": 18, "ratings_average": 3.5, "labels_count": 65, "reviews_count": 6}, "year": 2013, "grapes": null, "has_valid_ratings": true}, {"id": 4549033, "seo_name": "stiftskellerei-klosterneuburg-wiener-gemischter-satz-2012", "name": "Stiftskellerei Klosterneuburg Wiener Gemischter Satz 2012", "statistics": {"status": "Normal", "ratings_count": 14, "ratings_average": 3.5, "labels_count": 80, "reviews_count": 7}, "year": 2012, "grapes": null, "has_valid_ratings": true}, {"id": 7759105, "seo_name": "stiftskellerei-klosterneuburg-wiener-gemischter-satz-2011", "name": "Stiftskellerei Klosterneuburg Wiener Gemischter Satz 2011", "statistics": {"status": "Normal", "ratings_count": 10, "ratings_average": 3.4, "labels_count": 19, "reviews_count": 3}, "year": 2011, "grapes": null, "has_valid_ratings": true}, {"id": 6777084, "seo_name": "stiftskellerei-klosterneuburg-wiener-gemischter-satz-2007", "name": "Stiftskellerei Klosterneuburg Wiener Gemischter Satz 2007", "statistics": {"status": "BelowThreshold", "ratings_count": 1, "ratings_average": 0, "labels_count": 5, "reviews_count": 1}, "year": 2007, "grapes": null, "has_valid_ratings": false}, {"id": 4906681, "seo_name": "stiftskellerei-klosterneuburg-wiener-gemischter-satz-uv", "name": "Stiftskellerei Klosterneuburg Wiener Gemischter Satz", "statistics": {"status": "Normal", "ratings_count": 485, "ratings_average": 3.7, "labels_count": 11, "reviews_count": 4}, "year": 0, "grapes": null, "has_valid_ratings": true}], "description": "", "grapes": [{"id": 15, "name": "Riesling", "seo_name": "riesling", "has_detailed_info": true, "wines_count": 259925}, {"id": 233, "name": "Gr\u00fcner Veltliner", "seo_name": "gruner-veltliner", "has_detailed_info": false, "wines_count": 37953}, {"id": 355, "name": "Weissburgunder", "seo_name": "weissburgunder", "has_detailed_info": false, "wines_count": 33123}], "foods": [{"id": 10, "name": "Schweinefleisch", "background_image": {"location": "//images.vivino.com/backgrounds/foods/10_pork.png", "variations": {"small": "//images.vivino.com/backgrounds/foods/thumbs/10_pork_932x810.png"}}, "seo_name": "pork"}, {"id": 12, "name": "Fetthaltiger Fisch (Lachs, Thunfisch etc.)", "background_image": {"location": "//images.vivino.com/backgrounds/foods/12_richfish.png", "variations": {"small": "//images.vivino.com/backgrounds/foods/thumbs/12_richfish_932x810.png"}}, "seo_name": null}, {"id": 13, "name": "Schalentiere", "background_image": {"location": "//images.vivino.com/backgrounds/foods/13_shellfish.png", "variations": {"small": "//images.vivino.com/backgrounds/foods/thumbs/13_shellfish_932x810.png"}}, "seo_name": "shellfish"}, {"id": 15, "name": "Scharfe Gerichte", "background_image": {"location": "//images.vivino.com/backgrounds/foods/15_spicyfood.png", "variations": {"small": "//images.vivino.com/backgrounds/foods/thumbs/15_spicyfood_932x810.png"}}, "seo_name": "spicy-food"}, {"id": 16, "name": "S\u00fc\u00dfe Desserts", "background_image": {"location": "//images.vivino.com/backgrounds/foods/16_sweetdessert.png", "variations": {"small": "//images.vivino.com/backgrounds/foods/thumbs/16_sweetdessert_932x810.png"}}, "seo_name": null}, {"id": 19, "name": "Vegetarische Gerichte", "background_image": {"location": "//images.vivino.com/backgrounds/foods/19_vegetarian.png", "variations": {"small": "//images.vivino.com/backgrounds/foods/thumbs/19_vegetarian_932x810.png"}}, "seo_name": "vegetarian"}, {"id": 20, "name": "Gefl\u00fcgel", "background_image": {"location": "//images.vivino.com/backgrounds/foods/20_chicken.png", "variations": {"small": "//images.vivino.com/backgrounds/foods/thumbs/20_chicken_932x810.png"}}, "seo_name": "poultry"}, {"id": 28, "name": "Magerer Fisch", "background_image": {"location": "//images.vivino.com/backgrounds/foods/28_leanfish.png", "variations": {"small": "//images.vivino.com/backgrounds/foods/thumbs/28_leanfish_932x810.png"}}, "seo_name": null}, {"id": 35, "name": "Milde K\u00e4sesorten und Weichk\u00e4se", "background_image": {"location": "//images.vivino.com/backgrounds/foods/35_softcheese.png", "variations": {"small": "//images.vivino.com/backgrounds/foods/thumbs/35_softcheese_932x810.png"}}, "seo_name": null}, {"id": 39, "name": "Ziegenk\u00e4se", "background_image": {"location": "//images.vivino.com/backgrounds/foods/39_goatcheese.png", "variations": {"small": "//images.vivino.com/backgrounds/foods/thumbs/39_goatcheese_932x810.png"}}, "seo_name": null}], "non_vintage": false, "alcohol": 0, "sweetness_id": 5, "closure": null, "vintage_mask_raw": null, "updated_at": "2021-10-03T01:58:19Z", "created_at": "2014-03-18T19:18:16Z", "is_first_wine": false, "style": null, "has_valid_ratings": true}, "description": "", "expert_reviews": null, "wine_critic_reviews": [], "awards": [], "ratings_distribution": {"1": 0, "2": 0, "3": 15, "4": 12, "5": 4}, "ranking": {"country": {"description": "Rang von \u00d6sterreich", "total": 201209, "rank": 23034}, "region": {"description": "Rang von Weinregion", "total": 64018, "rank": 7450}, "winery": {"description": "Rang vom Weingut", "total": 682, "rank": 62}, "global": {"description": "Weltweiter Rang", "total": 8825179, "rank": 1374801}}, "wine_facts": {"alcohol": 12, "residual_sugar_grams_per_liter": 4, "acidity_grams_per_liter": 6.9, "contains_milk_allergens": false, "contains_egg_allergens": false}, "winemaker": null, "wine_maker": null, "grape_composition": {}, "year": 2020, "grapes": null, "has_valid_ratings": true}, "carts": null, "price_range": {"currency": {"code": "EUR", "name": "Euros", "prefix": "\u20ac", "suffix": null}, "price_range": {"minimum": 0, "maximum": 500, "currency_code": "EUR"}, "defaults": {"minimum": 7, "maximum": 30, "currency_code": "EUR"}}, "subtotal_price": null, "full_region": null, "tastes": null, "wine": {"id": 2259394, "name": "Wiener Gemischter Satz", "seo_name": "wiener-gemischter-satz", "type_id": 2, "vintage_type": 0, "is_natural": false, "region": {"id": 1587, "name": "Wiener Gemischter Satz", "name_en": "", "seo_name": "wiener-gemischter-satz", "country": {"code": "at", "name": "\u00d6sterreich", "native_name": "\u00d6sterreich", "seo_name": "austria", "currency": {"code": "EUR", "name": "Euros", "prefix": "\u20ac", "suffix": null}, "regions_count": 29, "users_count": 198116, "wines_count": 53278, "wineries_count": 4638, "most_used_grapes": [{"id": 233, "name": "Gr\u00fcner Veltliner", "seo_name": "gruner-veltliner", "has_detailed_info": false, "wines_count": 37953}, {"id": 257, "name": "Zweigelt", "seo_name": "zweigelt", "has_detailed_info": false, "wines_count": 31578}, {"id": 15, "name": "Riesling", "seo_name": "riesling", "has_detailed_info": true, "wines_count": 259925}]}, "parent_id": 1445, "background_image": null, "class": {"typecast_map": {"background_image": {}, "class": {}}}, "statistics": {"wineries_count": 21, "wines_count": 297, "sub_regions_count": 0, "parent_regions_count": 2}}, "review_status": 2, "winery": {"id": 79861, "name": "Stiftskellerei Klosterneuburg", "seo_name": "stiftskellerei-klosterneuburg", "status": 0, "review_status": "Completed", "background_image": null, "statistics": {"ratings_count": 6548, "ratings_average": 3.6, "labels_count": 34107, "wines_count": 86}, "region": {"id": 784, "name": "Burgenland", "name_en": "", "seo_name": "burgenland", "country": {"code": "at", "name": "\u00d6sterreich", "native_name": "\u00d6sterreich", "seo_name": "austria", "currency": {"code": "EUR", "name": "Euros", "prefix": "\u20ac", "suffix": null}, "regions_count": 29, "users_count": 198116, "wines_count": 53278, "wineries_count": 4638, "most_used_grapes": [{"id": 233, "name": "Gr\u00fcner Veltliner", "seo_name": "gruner-veltliner", "has_detailed_info": false, "wines_count": 37953}, {"id": 257, "name": "Zweigelt", "seo_name": "zweigelt", "has_detailed_info": false, "wines_count": 31578}, {"id": 15, "name": "Riesling", "seo_name": "riesling", "has_detailed_info": true, "wines_count": 259925}]}, "parent_id": 1585, "background_image": {"location": "//images.vivino.com/regions/backgrounds/R4HmoMEwSRi6hJalA3Um5Q.jpg", "variations": {"large": "//thumbs.vivino.com/region_backgrounds/R4HmoMEwSRi6hJalA3Um5Q_1280x760.jpg", "medium": "//thumbs.vivino.com/region_backgrounds/R4HmoMEwSRi6hJalA3Um5Q_600x356.jpg"}}, "statistics": {"wineries_count": 1094, "wines_count": 11314, "sub_regions_count": 5, "parent_regions_count": 1}}, "business_name": "Stiftskellerei Klosterneuburg", "description": "", "specialists_notes": "", "phone": "43 2243 411 0", "email": "", "facebook": "", "instagram": "", "is_claimed": false, "twitter": "", "website": "http://www.stift-klosterneuburg.at", "winemaker": null, "wine_maker": null, "address": {"title": null, "name": null, "street": "Stiftsplatz 1", "street2": null, "neighborhood": null, "city": "Klosterneuburg", "zip": "3400", "state": null, "country": {"code": "at", "name": "\u00d6sterreich", "native_name": "\u00d6sterreich", "seo_name": "austria", "currency": {"code": "EUR", "name": "Euros", "prefix": "\u20ac", "suffix": null}, "regions_count": 29, "users_count": 198116, "wines_count": 53278, "wineries_count": 4638, "most_used_grapes": [{"id": 233, "name": "Gr\u00fcner Veltliner", "seo_name": "gruner-veltliner", "has_detailed_info": false, "wines_count": 37953}, {"id": 257, "name": "Zweigelt", "seo_name": "zweigelt", "has_detailed_info": false, "wines_count": 31578}, {"id": 15, "name": "Riesling", "seo_name": "riesling", "has_detailed_info": true, "wines_count": 259925}]}, "company": null, "phone": null, "external_id": null, "residential": null, "vat_number": null, "vat_code": null, "addition": null}, "image": null, "location": null, "winery_group": null, "first_wines": [], "sponsored_entity_type": null, "sponsored_entity": null}, "statistics": {"status": "Normal", "ratings_count": 485, "ratings_average": 3.7, "labels_count": 2893, "vintages_count": 21}, "rank": {"country": {"description": "Rang von \u00d6sterreich", "total": 34949, "rank": 1884}, "region": {"description": "Rang von Weinregion", "total": 10666, "rank": 630}, "winery": {"description": "Rang vom Weingut", "total": 82, "rank": 5}, "wine_type": {"description": "Rang in allen Wei\u00dfwein", "total": 394072, "rank": 29184}, "global": {"description": "Weltweiter Rang", "total": 1287383, "rank": 116233}}, "hidden": false, "vintages": [{"id": 167532953, "seo_name": "stiftskellerei-klosterneuburg-wiener-gemischter-satz-2020", "name": "Stiftskellerei Klosterneuburg Wiener Gemischter Satz 2020", "statistics": {"status": "Normal", "ratings_count": 31, "ratings_average": 3.9, "labels_count": 262, "reviews_count": 12}, "year": 2020, "grapes": null, "has_valid_ratings": true}, {"id": 163559668, "seo_name": "stiftskellerei-klosterneuburg-wiener-gemischter-satz-2019", "name": "Stiftskellerei Klosterneuburg Wiener Gemischter Satz 2019", "statistics": {"status": "Normal", "ratings_count": 172, "ratings_average": 3.8, "labels_count": 1450, "reviews_count": 74}, "year": 2019, "grapes": null, "has_valid_ratings": true}, {"id": 158857453, "seo_name": "stiftskellerei-klosterneuburg-wiener-gemischter-satz-2018", "name": "Stiftskellerei Klosterneuburg Wiener Gemischter Satz 2018", "statistics": {"status": "Normal", "ratings_count": 90, "ratings_average": 3.7, "labels_count": 340, "reviews_count": 38}, "year": 2018, "grapes": null, "has_valid_ratings": true}, {"id": 156525964, "seo_name": "stiftskellerei-klosterneuburg-wiener-gemischter-satz-2017", "name": "Stiftskellerei Klosterneuburg Wiener Gemischter Satz 2017", "statistics": {"status": "Normal", "ratings_count": 42, "ratings_average": 3.6, "labels_count": 180, "reviews_count": 19}, "year": 2017, "grapes": null, "has_valid_ratings": true}, {"id": 147295986, "seo_name": "stiftskellerei-klosterneuburg-wiener-gemischter-satz-2016", "name": "Stiftskellerei Klosterneuburg Wiener Gemischter Satz 2016", "statistics": {"status": "Normal", "ratings_count": 34, "ratings_average": 3.4, "labels_count": 178, "reviews_count": 14}, "year": 2016, "grapes": null, "has_valid_ratings": true}, {"id": 97343461, "seo_name": "stiftskellerei-klosterneuburg-wiener-gemischter-satz-2015", "name": "Stiftskellerei Klosterneuburg Wiener Gemischter Satz 2015", "statistics": {"status": "Normal", "ratings_count": 33, "ratings_average": 3.5, "labels_count": 104, "reviews_count": 10}, "year": 2015, "grapes": null, "has_valid_ratings": true}, {"id": 8673838, "seo_name": "stiftskellerei-klosterneuburg-wiener-gemischter-satz-2014", "name": "Stiftskellerei Klosterneuburg Wiener Gemischter Satz 2014", "statistics": {"status": "Normal", "ratings_count": 29, "ratings_average": 3.5, "labels_count": 114, "reviews_count": 11}, "year": 2014, "grapes": null, "has_valid_ratings": true}, {"id": 5677358, "seo_name": "stiftskellerei-klosterneuburg-wiener-gemischter-satz-2013", "name": "Stiftskellerei Klosterneuburg Wiener Gemischter Satz 2013", "statistics": {"status": "Normal", "ratings_count": 18, "ratings_average": 3.5, "labels_count": 65, "reviews_count": 6}, "year": 2013, "grapes": null, "has_valid_ratings": true}, {"id": 4549033, "seo_name": "stiftskellerei-klosterneuburg-wiener-gemischter-satz-2012", "name": "Stiftskellerei Klosterneuburg Wiener Gemischter Satz 2012", "statistics": {"status": "Normal", "ratings_count": 14, "ratings_average": 3.5, "labels_count": 80, "reviews_count": 7}, "year": 2012, "grapes": null, "has_valid_ratings": true}, {"id": 7759105, "seo_name": "stiftskellerei-klosterneuburg-wiener-gemischter-satz-2011", "name": "Stiftskellerei Klosterneuburg Wiener Gemischter Satz 2011", "statistics": {"status": "Normal", "ratings_count": 10, "ratings_average": 3.4, "labels_count": 19, "reviews_count": 3}, "year": 2011, "grapes": null, "has_valid_ratings": true}, {"id": 6777084, "seo_name": "stiftskellerei-klosterneuburg-wiener-gemischter-satz-2007", "name": "Stiftskellerei Klosterneuburg Wiener Gemischter Satz 2007", "statistics": {"status": "BelowThreshold", "ratings_count": 1, "ratings_average": 0, "labels_count": 5, "reviews_count": 1}, "year": 2007, "grapes": null, "has_valid_ratings": false}, {"id": 4906681, "seo_name": "stiftskellerei-klosterneuburg-wiener-gemischter-satz-uv", "name": "Stiftskellerei Klosterneuburg Wiener Gemischter Satz", "statistics": {"status": "Normal", "ratings_count": 485, "ratings_average": 3.7, "labels_count": 11, "reviews_count": 4}, "year": 0, "grapes": null, "has_valid_ratings": true}], "description": "", "grapes": [{"id": 15, "name": "Riesling", "seo_name": "riesling", "has_detailed_info": true, "wines_count": 259925}, {"id": 233, "name": "Gr\u00fcner Veltliner", "seo_name": "gruner-veltliner", "has_detailed_info": false, "wines_count": 37953}, {"id": 355, "name": "Weissburgunder", "seo_name": "weissburgunder", "has_detailed_info": false, "wines_count": 33123}], "foods": [{"id": 10, "name": "Schweinefleisch", "background_image": {"location": "//images.vivino.com/backgrounds/foods/10_pork.png", "variations": {"small": "//images.vivino.com/backgrounds/foods/thumbs/10_pork_932x810.png"}}, "seo_name": "pork"}, {"id": 12, "name": "Fetthaltiger Fisch (Lachs, Thunfisch etc.)", "background_image": {"location": "//images.vivino.com/backgrounds/foods/12_richfish.png", "variations": {"small": "//images.vivino.com/backgrounds/foods/thumbs/12_richfish_932x810.png"}}, "seo_name": null}, {"id": 13, "name": "Schalentiere", "background_image": {"location": "//images.vivino.com/backgrounds/foods/13_shellfish.png", "variations": {"small": "//images.vivino.com/backgrounds/foods/thumbs/13_shellfish_932x810.png"}}, "seo_name": "shellfish"}, {"id": 15, "name": "Scharfe Gerichte", "background_image": {"location": "//images.vivino.com/backgrounds/foods/15_spicyfood.png", "variations": {"small": "//images.vivino.com/backgrounds/foods/thumbs/15_spicyfood_932x810.png"}}, "seo_name": "spicy-food"}, {"id": 16, "name": "S\u00fc\u00dfe Desserts", "background_image": {"location": "//images.vivino.com/backgrounds/foods/16_sweetdessert.png", "variations": {"small": "//images.vivino.com/backgrounds/foods/thumbs/16_sweetdessert_932x810.png"}}, "seo_name": null}, {"id": 19, "name": "Vegetarische Gerichte", "background_image": {"location": "//images.vivino.com/backgrounds/foods/19_vegetarian.png", "variations": {"small": "//images.vivino.com/backgrounds/foods/thumbs/19_vegetarian_932x810.png"}}, "seo_name": "vegetarian"}, {"id": 20, "name": "Gefl\u00fcgel", "background_image": {"location": "//images.vivino.com/backgrounds/foods/20_chicken.png", "variations": {"small": "//images.vivino.com/backgrounds/foods/thumbs/20_chicken_932x810.png"}}, "seo_name": "poultry"}, {"id": 28, "name": "Magerer Fisch", "background_image": {"location": "//images.vivino.com/backgrounds/foods/28_leanfish.png", "variations": {"small": "//images.vivino.com/backgrounds/foods/thumbs/28_leanfish_932x810.png"}}, "seo_name": null}, {"id": 35, "name": "Milde K\u00e4sesorten und Weichk\u00e4se", "background_image": {"location": "//images.vivino.com/backgrounds/foods/35_softcheese.png", "variations": {"small": "//images.vivino.com/backgrounds/foods/thumbs/35_softcheese_932x810.png"}}, "seo_name": null}, {"id": 39, "name": "Ziegenk\u00e4se", "background_image": {"location": "//images.vivino.com/backgrounds/foods/39_goatcheese.png", "variations": {"small": "//images.vivino.com/backgrounds/foods/thumbs/39_goatcheese_932x810.png"}}, "seo_name": null}], "non_vintage": false, "alcohol": 0, "sweetness_id": 5, "closure": null, "vintage_mask_raw": null, "updated_at": "2021-10-03T01:58:19Z", "created_at": "2014-03-18T19:18:16Z", "is_first_wine": false, "style": null, "has_valid_ratings": true}, "price": {"id": 25361205, "vintage_id": 167532953, "amount": 10.9, "type": "vc", "currency": {"code": "EUR", "name": "Euros", "prefix": "\u20ac", "suffix": null}, "bottle_type_id": 1, "inventory_bottles_count": 120, "url": "https://vinobucks.de/shop/de/weissweine/oesterreich/wiener-gemischter-satz-dac-2020-stift-klosterneuburg.html?utm_medium=pref-cpc&utm_source=vivino-ppc", "message": "Preis pro Flasche, Kiste mit 12", "producer_address": "Stift Klosterneuburg, Stiftsplatz 1, 3400 Klosterneuburg, \u00d6sterreich", "importer_address": "", "discounted_from": null, "bottle_type": {"id": 1, "name": "Flasche (0,75\u00a0l)", "short_name": "Flasche", "short_name_plural": "Flaschen", "volume_ml": 750}}, "highlights": [{"vintage_id": 167532953, "highlight_type": "best_user_rated", "message": "Dieser Jahrgang hat eine bessere Bewertung als alle anderen dieses Weines.", "icon": "https://images.vivino.com/highlights/icon/best_user_rated.svg", "metadata": {"price": {"id": 25361205, "type": "vc", "amount": 10.9, "currency": {"code": "EUR", "name": "Euros", "prefix": "\u20ac", "suffix": null}, "discounted_from": null}, "wine_id": 2259394, "toplist": null, "ws_award": null, "critic_review_id": null, "ratings_average": 3.9, "ratings_count": 31, "vintage_year": "2020", "rank_type": "winery", "ranks": {"country": {"description": "Rang von \u00d6sterreich", "total": 201209, "rank": 23034}, "region": {"description": "Rang von Weinregion", "total": 64018, "rank": 7450}, "winery": {"description": "Rang vom Weingut", "total": 682, "rank": 62}, "global": {"description": "Weltweiter Rang", "total": 8825179, "rank": 1374801}}, "style": null}}], "merchant": {"id": 26365, "name": "Vinobucks", "seo_name": "vinobucks", "legal_name": "Maitre Consult GmbH", "description": "Versandkostenfrei f\u00fcr Bestellungen ab 80 EUR", "country": {"code": "de", "name": "Deutschland", "native_name": "Deutschland", "seo_name": "germany", "currency": {"code": "EUR", "name": "Euros", "prefix": "\u20ac", "suffix": null}, "regions_count": 210, "users_count": 2117308, "wines_count": 197796, "wineries_count": 13493, "most_used_grapes": [{"id": 15, "name": "Riesling", "seo_name": "riesling", "has_detailed_info": true, "wines_count": 259925}, {"id": 299, "name": "Sp\u00e4tburgunder", "seo_name": "spatburgunder", "has_detailed_info": false, "wines_count": 49659}, {"id": 355, "name": "Weissburgunder", "seo_name": "weissburgunder", "has_detailed_info": false, "wines_count": 33123}]}, "state": null, "status": 3, "image": {"location": "//images.vivino.com/merchants/originals/p1djmfms0000pnt.png", "variations": {"large_square": "//images.vivino.com/merchants/thumbs/p1djmfms0000pnt_400x400.jpg", "medium_square": "//images.vivino.com/merchants/thumbs/p1djmfms0000pnt_320x320.jpg", "small_square": "//images.vivino.com/merchants/thumbs/p1djmfms0000pnt_160x160.jpg"}}, "shipping_estimate": "Lieferung voraussichtlich zwischen Di, 21.\u00a0Dez und Mo, 27.\u00a0Dez", "impressum_url": "https://vinobucks.de/shop/de/info/impressum.html ", "tos_url": "https://vinobucks.de/shop/de/info/allgemeine-geschaeftsbedingungen.html ", "vc_clearing_system": 0, "hidden": false}, "sold_out": false, "prices_and_availability": {"market": {"country": "de", "currency": {"code": "EUR", "name": "Euros", "prefix": "\u20ac", "suffix": null}}, "availability": {"vintage": {"id": 167532953, "year": 2020, "grapes": null, "has_valid_ratings": false}, "median": {"amount": 8.53, "type": "market", "discounted_from": null}, "price": {"id": 25361205, "amount": 10.900001, "discounted_from": 0.0, "type": "vc"}}, "merchants_with_prices": [{"merchant": {"id": 26365, "name": "Vinobucks", "seo_name": "vinobucks", "legal_name": "Maitre Consult GmbH", "description": "Versandkostenfrei f\u00fcr Bestellungen ab 80 EUR", "country": {"code": "de", "name": "Deutschland", "native_name": "Deutschland", "seo_name": "germany", "currency": {"code": "EUR", "name": "Euros", "prefix": "\u20ac", "suffix": null}, "regions_count": 210, "users_count": 2117308, "wines_count": 197796, "wineries_count": 13493, "most_used_grapes": [{"id": 15, "name": "Riesling", "seo_name": "riesling", "has_detailed_info": true, "wines_count": 259925}, {"id": 299, "name": "Sp\u00e4tburgunder", "seo_name": "spatburgunder", "has_detailed_info": false, "wines_count": 49659}, {"id": 355, "name": "Weissburgunder", "seo_name": "weissburgunder", "has_detailed_info": false, "wines_count": 33123}]}, "state": null, "status": 3, "image": {"location": "//images.vivino.com/merchants/originals/p1djmfms0000pnt.png", "variations": {"large_square": "//images.vivino.com/merchants/thumbs/p1djmfms0000pnt_400x400.jpg", "medium_square": "//images.vivino.com/merchants/thumbs/p1djmfms0000pnt_320x320.jpg", "small_square": "//images.vivino.com/merchants/thumbs/p1djmfms0000pnt_160x160.jpg"}}, "shipping_estimate": "Lieferung voraussichtlich zwischen Di, 21.\u00a0Dez und Mo, 27.\u00a0Dez", "impressum_url": "https://vinobucks.de/shop/de/info/impressum.html ", "tos_url": "https://vinobucks.de/shop/de/info/allgemeine-geschaeftsbedingungen.html ", "vc_clearing_system": 0, "hidden": false}, "prices": [{"id": 25361205, "vintage_id": 167532953, "amount": 10.9, "type": "vc", "currency": {"code": "EUR", "name": "Euros", "prefix": "\u20ac", "suffix": null}, "bottle_type_id": 1, "inventory_bottles_count": 120, "url": "https://vinobucks.de/shop/de/weissweine/oesterreich/wiener-gemischter-satz-dac-2020-stift-klosterneuburg.html?utm_medium=pref-cpc&utm_source=vivino-ppc", "message": "Preis pro Flasche, Kiste mit 12", "producer_address": "Stift Klosterneuburg, Stiftsplatz 1, 3400 Klosterneuburg, \u00d6sterreich", "importer_address": "", "discounted_from": null, "bottle_type": {"id": 1, "name": "Flasche (0,75\u00a0l)", "short_name": "Flasche", "short_name_plural": "Flaschen", "volume_ml": 750}}]}, {"merchant": {"id": 5270, "name": "wwieweine.de", "seo_name": "wwieweine-de", "legal_name": null, "description": "Mobile-friendly checkout. No minimum order.", "country": {"code": "de", "name": "Deutschland", "native_name": "Deutschland", "seo_name": "germany", "currency": {"code": "EUR", "name": "Euros", "prefix": "\u20ac", "suffix": null}, "regions_count": 210, "users_count": 2117308, "wines_count": 197796, "wineries_count": 13493, "most_used_grapes": [{"id": 15, "name": "Riesling", "seo_name": "riesling", "has_detailed_info": true, "wines_count": 259925}, {"id": 299, "name": "Sp\u00e4tburgunder", "seo_name": "spatburgunder", "has_detailed_info": false, "wines_count": 49659}, {"id": 355, "name": "Weissburgunder", "seo_name": "weissburgunder", "has_detailed_info": false, "wines_count": 33123}]}, "state": null, "status": 0, "image": null, "shipping_estimate": "Lieferung bis Mi, 22.\u00a0Dez", "impressum_url": null, "tos_url": null, "vc_clearing_system": 0, "hidden": false}, "prices": [{"id": 24221930, "vintage_id": 167532953, "amount": 7.9, "type": "ppc", "currency": {"code": "EUR", "name": "Euros", "prefix": "\u20ac", "suffix": null}, "bottle_type_id": 1, "inventory_bottles_count": null, "url": "http://wwieweine.de/epages/914af81f-6319-4a27-8375-7f698266a769.sf/de_DE/?ObjectPath=/Shops/914af81f-6319-4a27-8375-7f698266a769/Products/\"Klo 10-2020\"&utm_medium=pref-cpc&utm_source=vivino-ppc", "message": "", "producer_address": "", "importer_address": "", "discounted_from": null, "bottle_type": {"id": 1, "name": "Flasche (0,75\u00a0l)", "short_name": "Flasche", "short_name_plural": "Flaschen", "volume_ml": 750}}]}, {"merchant": {"id": 2396, "name": "Apropos Wein", "seo_name": "apropos-wein", "legal_name": null, "description": "Mobile-friendly checkout. No minimum order.", "country": {"code": "de", "name": "Deutschland", "native_name": "Deutschland", "seo_name": "germany", "currency": {"code": "EUR", "name": "Euros", "prefix": "\u20ac", "suffix": null}, "regions_count": 210, "users_count": 2117308, "wines_count": 197796, "wineries_count": 13493, "most_used_grapes": [{"id": 15, "name": "Riesling", "seo_name": "riesling", "has_detailed_info": true, "wines_count": 259925}, {"id": 299, "name": "Sp\u00e4tburgunder", "seo_name": "spatburgunder", "has_detailed_info": false, "wines_count": 49659}, {"id": 355, "name": "Weissburgunder", "seo_name": "weissburgunder", "has_detailed_info": false, "wines_count": 33123}]}, "state": null, "status": 0, "image": null, "shipping_estimate": "Lieferung bis Mi, 22.\u00a0Dez", "impressum_url": null, "tos_url": null, "vc_clearing_system": 0, "hidden": false}, "prices": [{"id": 26983801, "vintage_id": 167532953, "amount": 8.4, "type": "ppc", "currency": {"code": "EUR", "name": "Euros", "prefix": "\u20ac", "suffix": null}, "bottle_type_id": 1, "inventory_bottles_count": null, "url": "https://aproposwein.com/produkt/wiener-nussberg-gemischter-satz-2020-weingut-stift-klosterneuburg/?utm_medium=pref-cpc&utm_source=vivino-ppc", "message": "", "producer_address": "", "importer_address": "", "discounted_from": null, "bottle_type": {"id": 1, "name": "Flasche (0,75\u00a0l)", "short_name": "Flasche", "short_name_plural": "Flaschen", "volume_ml": 750}}]}, {"merchant": {"id": 1561, "name": "VinoMi", "seo_name": "vinomi", "legal_name": null, "description": "Mobile-friendly checkout. No minimum order.", "country": {"code": "de", "name": "Deutschland", "native_name": "Deutschland", "seo_name": "germany", "currency": {"code": "EUR", "name": "Euros", "prefix": "\u20ac", "suffix": null}, "regions_count": 210, "users_count": 2117308, "wines_count": 197796, "wineries_count": 13493, "most_used_grapes": [{"id": 15, "name": "Riesling", "seo_name": "riesling", "has_detailed_info": true, "wines_count": 259925}, {"id": 299, "name": "Sp\u00e4tburgunder", "seo_name": "spatburgunder", "has_detailed_info": false, "wines_count": 49659}, {"id": 355, "name": "Weissburgunder", "seo_name": "weissburgunder", "has_detailed_info": false, "wines_count": 33123}]}, "state": null, "status": 0, "image": null, "shipping_estimate": "Lieferung bis Mi, 22.\u00a0Dez", "impressum_url": null, "tos_url": null, "vc_clearing_system": 0, "hidden": false}, "prices": [{"id": 24853298, "vintage_id": 167532953, "amount": 8.65, "type": "ppc", "currency": {"code": "EUR", "name": "Euros", "prefix": "\u20ac", "suffix": null}, "bottle_type_id": 1, "inventory_bottles_count": null, "url": "https://vinomi.de/stift-klosterneuburg-wiener-gemischter-satz-2020?utm_medium=pref-cpc&utm_source=vivino-ppc", "message": "", "producer_address": "", "importer_address": "", "discounted_from": null, "bottle_type": {"id": 1, "name": "Flasche (0,75\u00a0l)", "short_name": "Flasche", "short_name_plural": "Flaschen", "volume_ml": 750}}]}, {"merchant": {"id": 2636, "name": "Feine Weine", "seo_name": "feine-weine", "legal_name": null, "description": "No minimum order.", "country": {"code": "at", "name": "\u00d6sterreich", "native_name": "\u00d6sterreich", "seo_name": "austria", "currency": {"code": "EUR", "name": "Euros", "prefix": "\u20ac", "suffix": null}, "regions_count": 29, "users_count": 198116, "wines_count": 53278, "wineries_count": 4638, "most_used_grapes": [{"id": 233, "name": "Gr\u00fcner Veltliner", "seo_name": "gruner-veltliner", "has_detailed_info": false, "wines_count": 37953}, {"id": 257, "name": "Zweigelt", "seo_name": "zweigelt", "has_detailed_info": false, "wines_count": 31578}, {"id": 15, "name": "Riesling", "seo_name": "riesling", "has_detailed_info": true, "wines_count": 259925}]}, "state": null, "status": 0, "image": null, "shipping_estimate": "Lieferung bis Mi, 22.\u00a0Dez", "impressum_url": null, "tos_url": null, "vc_clearing_system": 0, "hidden": false}, "prices": [{"id": 24723453, "vintage_id": 167532953, "amount": 8.7, "type": "ppc", "currency": {"code": "EUR", "name": "Euros", "prefix": "\u20ac", "suffix": null}, "bottle_type_id": 1, "inventory_bottles_count": null, "url": "https://www.feine-weine.at/oesterreich/wagram/stift-klosterneuburg/wiener-gemischter-satz-dac-2020.php?utm_medium=pref-cpc&utm_source=vivino-ppc", "message": "", "producer_address": "", "importer_address": "", "discounted_from": null, "bottle_type": {"id": 1, "name": "Flasche (0,75\u00a0l)", "short_name": "Flasche", "short_name_plural": "Flaschen", "volume_ml": 750}}]}]}, "found_by_merchant_and_sku": null, "is_deal_page": false}