{"vintage": {"id": 160200266, "seo_name": "escudo-rojo-chardonnay-reserva-2019", "name": "Escudo Rojo Chardonnay Reserva 2019", "statistics": {"status": "Normal", "ratings_count": 597, "ratings_average": 3.6, "labels_count": 2834, "reviews_count": 290}, "organic_certification_id": null, "certified_biodynamic": null, "image": {"location": "//images.vivino.com/thumbs/FY7jCdvQQpe1nepcg1O_Ug_pl_480x640.png", "variations": {"bottle_large": "//images.vivino.com/thumbs/FY7jCdvQQpe1nepcg1O_Ug_pb_x960.png", "bottle_medium": "//images.vivino.com/thumbs/FY7jCdvQQpe1nepcg1O_Ug_pb_x600.png", "bottle_medium_square": "//images.vivino.com/thumbs/FY7jCdvQQpe1nepcg1O_Ug_pb_600x600.png", "bottle_small": "//images.vivino.com/thumbs/FY7jCdvQQpe1nepcg1O_Ug_pb_x300.png", "bottle_small_square": "//images.vivino.com/thumbs/FY7jCdvQQpe1nepcg1O_Ug_pb_300x300.png", "label": "//images.vivino.com/thumbs/FY7jCdvQQpe1nepcg1O_Ug_pl_480x640.png", "label_large": "//images.vivino.com/thumbs/FY7jCdvQQpe1nepcg1O_Ug_pl_375x500.png", "label_medium": "//images.vivino.com/thumbs/FY7jCdvQQpe1nepcg1O_Ug_pl_150x200.png", "label_medium_square": "//images.vivino.com/thumbs/FY7jCdvQQpe1nepcg1O_Ug_pl_150x150.png", "label_small_square": "//images.vivino.com/thumbs/FY7jCdvQQpe1nepcg1O_Ug_pl_80x80.png", "large": "//images.vivino.com/thumbs/FY7jCdvQQpe1nepcg1O_Ug_pl_375x500.png", "medium": "//images.vivino.com/thumbs/FY7jCdvQQpe1nepcg1O_Ug_pl_150x200.png", "medium_square": "//images.vivino.com/thumbs/FY7jCdvQQpe1nepcg1O_Ug_pl_150x150.png", "small_square": "//images.vivino.com/thumbs/FY7jCdvQQpe1nepcg1O_Ug_pl_80x80.png"}}, "wine": {"id": 1159142, "name": "Chardonnay Reserva", "seo_name": "chardonnay-reserva", "type_id": 2, "vintage_type": 0, "is_natural": false, "region": {"id": 721, "name": "Maipo Valley", "name_en": "Valle del Maipo", "seo_name": "maipo-valley", "country": {"code": "cl", "name": "Chile", "native_name": "Chile", "seo_name": "chile", "currency": {"code": "CLP", "name": "Chiliean Peso", "prefix": "$", "suffix": null}, "regions_count": 39, "users_count": 288574, "wines_count": 52628, "wineries_count": 5451, "most_used_grapes": [{"id": 2, "name": "Cabernet Sauvignon", "seo_name": "cabernet-sauvignon", "has_detailed_info": true, "wines_count": 794022}, {"id": 51, "name": "Carm\u00e9n\u00e8re", "seo_name": "carmenere", "has_detailed_info": true, "wines_count": 49721}, {"id": 10, "name": "Merlot", "seo_name": "merlot", "has_detailed_info": true, "wines_count": 560926}]}, "parent_id": 593, "background_image": {"location": "//images.vivino.com/regions/backgrounds/0UVol6xgRnuDrxf6qTFU7A.jpg", "variations": {"large": "//thumbs.vivino.com/region_backgrounds/0UVol6xgRnuDrxf6qTFU7A_1280x760.jpg", "medium": "//thumbs.vivino.com/region_backgrounds/0UVol6xgRnuDrxf6qTFU7A_600x356.jpg"}}, "class": {"typecast_map": {"background_image": {}, "class": {}}}, "statistics": {"wineries_count": 408, "wines_count": 2991, "sub_regions_count": 4, "parent_regions_count": 1}}, "review_status": 2, "winery": {"id": 280323, "name": "Escudo Rojo", "seo_name": "escudo-rojo", "status": 3, "review_status": "Completed", "dashboard_url": "https://analytics-pbl.vivino.com/dashboards-next/8", "background_image": {"location": "//images.vivino.com/wineries/backgrounds/Wr2XXrw-RDONaio3firyhg.jpeg", "variations": {"large": "//thumbs.vivino.com/winery_backgrounds/Wr2XXrw-RDONaio3firyhg_2560x1520.jpeg", "medium": "//thumbs.vivino.com/winery_backgrounds/Wr2XXrw-RDONaio3firyhg_1280x760.jpeg", "small": "//thumbs.vivino.com/winery_backgrounds/Wr2XXrw-RDONaio3firyhg_600x356.jpeg"}}, "statistics": {"ratings_count": 36776, "ratings_average": 3.7, "labels_count": 263413, "wines_count": 10}, "region": {"id": 721, "name": "Maipo Valley", "name_en": "Valle del Maipo", "seo_name": "maipo-valley", "country": {"code": "cl", "name": "Chile", "native_name": "Chile", "seo_name": "chile", "currency": {"code": "CLP", "name": "Chiliean Peso", "prefix": "$", "suffix": null}, "regions_count": 39, "users_count": 288574, "wines_count": 52628, "wineries_count": 5451, "most_used_grapes": [{"id": 2, "name": "Cabernet Sauvignon", "seo_name": "cabernet-sauvignon", "has_detailed_info": true, "wines_count": 794022}, {"id": 51, "name": "Carm\u00e9n\u00e8re", "seo_name": "carmenere", "has_detailed_info": true, "wines_count": 49721}, {"id": 10, "name": "Merlot", "seo_name": "merlot", "has_detailed_info": true, "wines_count": 560926}]}, "parent_id": 593, "background_image": {"location": "//images.vivino.com/regions/backgrounds/0UVol6xgRnuDrxf6qTFU7A.jpg", "variations": {"large": "//thumbs.vivino.com/region_backgrounds/0UVol6xgRnuDrxf6qTFU7A_1280x760.jpg", "medium": "//thumbs.vivino.com/region_backgrounds/0UVol6xgRnuDrxf6qTFU7A_600x356.jpg"}}, "class": {"typecast_map": {"background_image": {}, "class": {}}}, "statistics": {"wineries_count": 408, "wines_count": 2991, "sub_regions_count": 4, "parent_regions_count": 1}}, "business_name": "Escudo Rojo", "description": "", "specialists_notes": "", "phone": "", "email": "", "facebook": "", "instagram": "", "is_claimed": true, "twitter": "", "website": "https://www.escudo-rojo.com/", "winemaker": null, "wine_maker": null, "address": {"title": null, "name": null, "street": null, "street2": null, "neighborhood": null, "city": null, "zip": null, "state": null, "country": {"code": "cl", "name": "Chile", "native_name": "Chile", "seo_name": "chile", "currency": {"code": "CLP", "name": "Chiliean Peso", "prefix": "$", "suffix": null}, "regions_count": 39, "users_count": 288574, "wines_count": 52628, "wineries_count": 5451, "most_used_grapes": [{"id": 2, "name": "Cabernet Sauvignon", "seo_name": "cabernet-sauvignon", "has_detailed_info": true, "wines_count": 794022}, {"id": 51, "name": "Carm\u00e9n\u00e8re", "seo_name": "carmenere", "has_detailed_info": true, "wines_count": 49721}, {"id": 10, "name": "Merlot", "seo_name": "merlot", "has_detailed_info": true, "wines_count": 560926}]}, "company": null, "phone": null, "external_id": null, "residential": null, "vat_number": null, "vat_code": null, "addition": null}, "image": {"location": "//images.vivino.com/wineries/280323/logos/hx6BDyjnQEG7HpMfrv7IrA.jpeg", "variations": {"large": "//thumbs.vivino.com/wineries/280323/logos/hx6BDyjnQEG7HpMfrv7IrA_500x500.jpeg", "medium": "//thumbs.vivino.com/wineries/280323/logos/hx6BDyjnQEG7HpMfrv7IrA_200x200.jpeg", "small_square": "//thumbs.vivino.com/wineries/280323/logos/hx6BDyjnQEG7HpMfrv7IrA_80x80.jpeg"}}, "location": {"latitude": -33.738876, "longitude": -70.78176}, "winery_group": {"id": 3, "name": "Baron Philippe de Rothschild", "website": "http://www.bpdr.com/"}, "first_wines": [], "sponsored_entity_type": null, "sponsored_entity": null}, "statistics": {"status": "Normal", "ratings_count": 4040, "ratings_average": 3.6, "labels_count": 21100, "vintages_count": 47}, "rank": {"country": {"description": "Rang von Chile", "total": 30231, "rank": 2644}, "region": {"description": "Rang von Weinregion", "total": 3508, "rank": 525}, "winery": {"description": "Rang vom Weingut", "total": 10, "rank": 8}, "wine_type": {"description": "Rang in allen Wei\u00dfwein", "total": 394072, "rank": 31824}, "global": {"description": "Weltweiter Rang", "total": 1287382, "rank": 125953}}, "hidden": false, "vintages": [{"id": 167175623, "seo_name": "escudo-rojo-chardonnay-reserva-2021", "name": "Escudo Rojo Chardonnay Reserva 2021", "statistics": {"status": "BelowThreshold", "ratings_count": 1, "ratings_average": 0, "labels_count": 2, "reviews_count": 0}, "year": 2021, "grapes": null, "has_valid_ratings": false}, {"id": 163702610, "seo_name": "escudo-rojo-chardonnay-reserva-2020", "name": "Escudo Rojo Chardonnay Reserva 2020", "statistics": {"status": "BelowThreshold", "ratings_count": 7, "ratings_average": 0, "labels_count": 28, "reviews_count": 5}, "year": 2020, "grapes": null, "has_valid_ratings": false}, {"id": 160200266, "seo_name": "escudo-rojo-chardonnay-reserva-2019", "name": "Escudo Rojo Chardonnay Reserva 2019", "statistics": {"status": "Normal", "ratings_count": 597, "ratings_average": 3.6, "labels_count": 2834, "reviews_count": 290}, "year": 2019, "grapes": null, "has_valid_ratings": true}, {"id": 158242744, "seo_name": "escudo-rojo-chardonnay-reserva-2018", "name": "Escudo Rojo Chardonnay Reserva 2018", "statistics": {"status": "Normal", "ratings_count": 709, "ratings_average": 3.6, "labels_count": 4469, "reviews_count": 356}, "year": 2018, "grapes": null, "has_valid_ratings": true}, {"id": 151507933, "seo_name": "escudo-rojo-chardonnay-reserva-2017", "name": "Escudo Rojo Chardonnay Reserva 2017", "statistics": {"status": "Normal", "ratings_count": 247, "ratings_average": 3.8, "labels_count": 1691, "reviews_count": 104}, "year": 2017, "grapes": null, "has_valid_ratings": true}, {"id": 126259353, "seo_name": "escudo-rojo-chardonnay-reserva-2016", "name": "Escudo Rojo Chardonnay Reserva 2016", "statistics": {"status": "Normal", "ratings_count": 179, "ratings_average": 3.8, "labels_count": 984, "reviews_count": 75}, "year": 2016, "grapes": null, "has_valid_ratings": true}, {"id": 16698508, "seo_name": "escudo-rojo-chardonnay-reserva-2015", "name": "Escudo Rojo Chardonnay Reserva 2015", "statistics": {"status": "Normal", "ratings_count": 188, "ratings_average": 3.7, "labels_count": 1164, "reviews_count": 58}, "year": 2015, "grapes": null, "has_valid_ratings": true}, {"id": 12358250, "seo_name": "escudo-rojo-chardonnay-reserva-2014", "name": "Escudo Rojo Chardonnay Reserva 2014", "statistics": {"status": "Normal", "ratings_count": 162, "ratings_average": 3.8, "labels_count": 776, "reviews_count": 69}, "year": 2014, "grapes": null, "has_valid_ratings": true}, {"id": 3654680, "seo_name": "escudo-rojo-chardonnay-reserva-2013", "name": "Escudo Rojo Chardonnay Reserva 2013", "statistics": {"status": "Normal", "ratings_count": 442, "ratings_average": 3.8, "labels_count": 2369, "reviews_count": 157}, "year": 2013, "grapes": null, "has_valid_ratings": true}, {"id": 2251151, "seo_name": "escudo-rojo-chardonnay-reserva-2012", "name": "Escudo Rojo Chardonnay Reserva 2012", "statistics": {"status": "Normal", "ratings_count": 681, "ratings_average": 3.6, "labels_count": 3394, "reviews_count": 267}, "year": 2012, "grapes": null, "has_valid_ratings": true}, {"id": 1435055, "seo_name": "escudo-rojo-chardonnay-reserva-2011", "name": "Escudo Rojo Chardonnay Reserva 2011", "statistics": {"status": "Normal", "ratings_count": 154, "ratings_average": 3.4, "labels_count": 757, "reviews_count": 48}, "year": 2011, "grapes": null, "has_valid_ratings": true}, {"id": 1426879, "seo_name": "escudo-rojo-chardonnay-reserva-2010", "name": "Escudo Rojo Chardonnay Reserva 2010", "statistics": {"status": "Normal", "ratings_count": 185, "ratings_average": 3.4, "labels_count": 667, "reviews_count": 63}, "year": 2010, "grapes": null, "has_valid_ratings": true}, {"id": 1277459, "seo_name": "escudo-rojo-chardonnay-reserva-2009", "name": "Escudo Rojo Chardonnay Reserva 2009", "statistics": {"status": "Normal", "ratings_count": 185, "ratings_average": 3.5, "labels_count": 553, "reviews_count": 68}, "year": 2009, "grapes": null, "has_valid_ratings": true}, {"id": 1205807, "seo_name": "escudo-rojo-chardonnay-reserva-2008", "name": "Escudo Rojo Chardonnay Reserva 2008", "statistics": {"status": "Normal", "ratings_count": 137, "ratings_average": 3.4, "labels_count": 507, "reviews_count": 24}, "year": 2008, "grapes": null, "has_valid_ratings": true}, {"id": 1684276, "seo_name": "escudo-rojo-chardonnay-reserva-2007", "name": "Escudo Rojo Chardonnay Reserva 2007", "statistics": {"status": "Normal", "ratings_count": 25, "ratings_average": 3.3, "labels_count": 91, "reviews_count": 5}, "year": 2007, "grapes": null, "has_valid_ratings": true}, {"id": 2420127, "seo_name": "escudo-rojo-chardonnay-reserva-2006", "name": "Escudo Rojo Chardonnay Reserva 2006", "statistics": {"status": "BelowThreshold", "ratings_count": 9, "ratings_average": 0, "labels_count": 39, "reviews_count": 1}, "year": 2006, "grapes": null, "has_valid_ratings": false}, {"id": 2924818, "seo_name": "escudo-rojo-chardonnay-reserva-2005", "name": "Escudo Rojo Chardonnay Reserva 2005", "statistics": {"status": "BelowThreshold", "ratings_count": 1, "ratings_average": 0, "labels_count": 8, "reviews_count": 0}, "year": 2005, "grapes": null, "has_valid_ratings": false}, {"id": 4241096, "seo_name": "escudo-rojo-chardonnay-reserva-2003", "name": "Escudo Rojo Chardonnay Reserva 2003", "statistics": {"status": "BelowThreshold", "ratings_count": 1, "ratings_average": 0, "labels_count": 1, "reviews_count": 0}, "year": 2003, "grapes": null, "has_valid_ratings": false}, {"id": 5049150, "seo_name": "escudo-rojo-chardonnay-reserva-2001", "name": "Escudo Rojo Chardonnay Reserva 2001", "statistics": {"status": "BelowThreshold", "ratings_count": 9, "ratings_average": 0, "labels_count": 61, "reviews_count": 4}, "year": 2001, "grapes": null, "has_valid_ratings": false}, {"id": 2918440, "seo_name": "escudo-rojo-chardonnay-reserva-2000", "name": "Escudo Rojo Chardonnay Reserva 2000", "statistics": {"status": "BelowThreshold", "ratings_count": 1, "ratings_average": 0, "labels_count": 3, "reviews_count": 1}, "year": 2000, "grapes": null, "has_valid_ratings": false}, {"id": 13081056, "seo_name": "escudo-rojo-chardonnay-reserva-1996", "name": "Escudo Rojo Chardonnay Reserva 1996", "statistics": {"status": "BelowThreshold", "ratings_count": 1, "ratings_average": 0, "labels_count": 3, "reviews_count": 1}, "year": 1996, "grapes": null, "has_valid_ratings": false}, {"id": 17443805, "seo_name": "escudo-rojo-chardonnay-reserva-1994", "name": "Escudo Rojo Chardonnay Reserva 1994", "statistics": {"status": "BelowThreshold", "ratings_count": 1, "ratings_average": 0, "labels_count": 42, "reviews_count": 0}, "year": 1994, "grapes": null, "has_valid_ratings": false}, {"id": 18925520, "seo_name": "escudo-rojo-chardonnay-reserva-1988", "name": "Escudo Rojo Chardonnay Reserva 1988", "statistics": {"status": "BelowThreshold", "ratings_count": 2, "ratings_average": 0, "labels_count": 15, "reviews_count": 0}, "year": 1988, "grapes": null, "has_valid_ratings": false}, {"id": 11601799, "seo_name": "escudo-rojo-chardonnay-reserva-1986", "name": "Escudo Rojo Chardonnay Reserva 1986", "statistics": {"status": "Normal", "ratings_count": 17, "ratings_average": 4.9, "labels_count": 189, "reviews_count": 4}, "year": 1986, "grapes": null, "has_valid_ratings": true}, {"id": 2588478, "seo_name": "escudo-rojo-chardonnay-reserva-uv", "name": "Escudo Rojo Chardonnay Reserva", "statistics": {"status": "Normal", "ratings_count": 4040, "ratings_average": 3.6, "labels_count": 201, "reviews_count": 39}, "year": 0, "grapes": null, "has_valid_ratings": true}], "description": "", "grapes": [{"id": 5, "name": "Chardonnay", "seo_name": "chardonnay", "has_detailed_info": true, "wines_count": 597329}], "foods": [{"id": 10, "name": "Schweinefleisch", "background_image": {"location": "//images.vivino.com/backgrounds/foods/10_pork.png", "variations": {"small": "//images.vivino.com/backgrounds/foods/thumbs/10_pork_932x810.png"}}, "seo_name": "pork"}, {"id": 12, "name": "Fetthaltiger Fisch (Lachs, Thunfisch etc.)", "background_image": {"location": "//images.vivino.com/backgrounds/foods/12_richfish.png", "variations": {"small": "//images.vivino.com/backgrounds/foods/thumbs/12_richfish_932x810.png"}}, "seo_name": null}, {"id": 19, "name": "Vegetarische Gerichte", "background_image": {"location": "//images.vivino.com/backgrounds/foods/19_vegetarian.png", "variations": {"small": "//images.vivino.com/backgrounds/foods/thumbs/19_vegetarian_932x810.png"}}, "seo_name": "vegetarian"}, {"id": 20, "name": "Gefl\u00fcgel", "background_image": {"location": "//images.vivino.com/backgrounds/foods/20_chicken.png", "variations": {"small": "//images.vivino.com/backgrounds/foods/thumbs/20_chicken_932x810.png"}}, "seo_name": "poultry"}], "non_vintage": false, "alcohol": 0, "sweetness_id": null, "closure": "cork", "vintage_mask_raw": null, "updated_at": "2021-11-23T20:57:36Z", "created_at": "2011-07-02T14:44:25Z", "is_first_wine": false, "style": {"id": 57, "seo_name": "chilean-chardonnay", "regional_name": "Chilean", "varietal_name": "Chardonnay", "name": "Chardonnay Chile", "image": null, "background_image": null}, "has_valid_ratings": true}, "description": "", "expert_reviews": null, "wine_critic_reviews": [], "awards": [], "ratings_distribution": {"1": 3, "2": 34, "3": 324, "4": 208, "5": 28}, "ranking": {"country": {"description": "Rang von Chile", "total": 238392, "rank": 22902}, "region": {"description": "Rang von Weinregion", "total": 36464, "rank": 4808}, "winery": {"description": "Rang vom Weingut", "total": 184, "rank": 50}, "global": {"description": "Weltweiter Rang", "total": 8825172, "rank": 1138814}}, "wine_facts": {"alcohol": 14, "residual_sugar_grams_per_liter": 2, "acidity_grams_per_liter": 3, "ph": 3, "contains_milk_allergens": false, "contains_egg_allergens": false, "drink_until": 2023}, "winemaker": null, "wine_maker": null, "grape_composition": {"5": 100}, "year": 2019, "grapes": [{"id": 5, "name": "Chardonnay", "seo_name": "chardonnay", "has_detailed_info": true, "wines_count": 597329}], "has_valid_ratings": true}, "carts": null, "price_range": {"currency": {"code": "EUR", "name": "Euros", "prefix": "\u20ac", "suffix": null}, "price_range": {"minimum": 0, "maximum": 500, "currency_code": "EUR"}, "defaults": {"minimum": 7, "maximum": 30, "currency_code": "EUR"}}, "subtotal_price": null, "full_region": null, "tastes": null, "wine": {"id": 1159142, "name": "Chardonnay Reserva", "seo_name": "chardonnay-reserva", "type_id": 2, "vintage_type": 0, "is_natural": false, "region": {"id": 721, "name": "Maipo Valley", "name_en": "Valle del Maipo", "seo_name": "maipo-valley", "country": {"code": "cl", "name": "Chile", "native_name": "Chile", "seo_name": "chile", "currency": {"code": "CLP", "name": "Chiliean Peso", "prefix": "$", "suffix": null}, "regions_count": 39, "users_count": 288574, "wines_count": 52628, "wineries_count": 5451, "most_used_grapes": [{"id": 2, "name": "Cabernet Sauvignon", "seo_name": "cabernet-sauvignon", "has_detailed_info": true, "wines_count": 794022}, {"id": 51, "name": "Carm\u00e9n\u00e8re", "seo_name": "carmenere", "has_detailed_info": true, "wines_count": 49721}, {"id": 10, "name": "Merlot", "seo_name": "merlot", "has_detailed_info": true, "wines_count": 560926}]}, "parent_id": 593, "background_image": {"location": "//images.vivino.com/regions/backgrounds/0UVol6xgRnuDrxf6qTFU7A.jpg", "variations": {"large": "//thumbs.vivino.com/region_backgrounds/0UVol6xgRnuDrxf6qTFU7A_1280x760.jpg", "medium": "//thumbs.vivino.com/region_backgrounds/0UVol6xgRnuDrxf6qTFU7A_600x356.jpg"}}, "class": {"typecast_map": {"background_image": {}, "class": {}}}, "statistics": {"wineries_count": 408, "wines_count": 2991, "sub_regions_count": 4, "parent_regions_count": 1}}, "review_status": 2, "winery": {"id": 280323, "name": "Escudo Rojo", "seo_name": "escudo-rojo", "status": 3, "review_status": "Completed", "dashboard_url": "https://analytics-pbl.vivino.com/dashboards-next/8", "background_image": {"location": "//images.vivino.com/wineries/backgrounds/Wr2XXrw-RDONaio3firyhg.jpeg", "variations": {"large": "//thumbs.vivino.com/winery_backgrounds/Wr2XXrw-RDONaio3firyhg_2560x1520.jpeg", "medium": "//thumbs.vivino.com/winery_backgrounds/Wr2XXrw-RDONaio3firyhg_1280x760.jpeg", "small": "//thumbs.vivino.com/winery_backgrounds/Wr2XXrw-RDONaio3firyhg_600x356.jpeg"}}, "statistics": {"ratings_count": 36776, "ratings_average": 3.7, "labels_count": 263413, "wines_count": 10}, "region": {"id": 721, "name": "Maipo Valley", "name_en": "Valle del Maipo", "seo_name": "maipo-valley", "country": {"code": "cl", "name": "Chile", "native_name": "Chile", "seo_name": "chile", "currency": {"code": "CLP", "name": "Chiliean Peso", "prefix": "$", "suffix": null}, "regions_count": 39, "users_count": 288574, "wines_count": 52628, "wineries_count": 5451, "most_used_grapes": [{"id": 2, "name": "Cabernet Sauvignon", "seo_name": "cabernet-sauvignon", "has_detailed_info": true, "wines_count": 794022}, {"id": 51, "name": "Carm\u00e9n\u00e8re", "seo_name": "carmenere", "has_detailed_info": true, "wines_count": 49721}, {"id": 10, "name": "Merlot", "seo_name": "merlot", "has_detailed_info": true, "wines_count": 560926}]}, "parent_id": 593, "background_image": {"location": "//images.vivino.com/regions/backgrounds/0UVol6xgRnuDrxf6qTFU7A.jpg", "variations": {"large": "//thumbs.vivino.com/region_backgrounds/0UVol6xgRnuDrxf6qTFU7A_1280x760.jpg", "medium": "//thumbs.vivino.com/region_backgrounds/0UVol6xgRnuDrxf6qTFU7A_600x356.jpg"}}, "class": {"typecast_map": {"background_image": {}, "class": {}}}, "statistics": {"wineries_count": 408, "wines_count": 2991, "sub_regions_count": 4, "parent_regions_count": 1}}, "business_name": "Escudo Rojo", "description": "", "specialists_notes": "", "phone": "", "email": "", "facebook": "", "instagram": "", "is_claimed": true, "twitter": "", "website": "https://www.escudo-rojo.com/", "winemaker": null, "wine_maker": null, "address": {"title": null, "name": null, "street": null, "street2": null, "neighborhood": null, "city": null, "zip": null, "state": null, "country": {"code": "cl", "name": "Chile", "native_name": "Chile", "seo_name": "chile", "currency": {"code": "CLP", "name": "Chiliean Peso", "prefix": "$", "suffix": null}, "regions_count": 39, "users_count": 288574, "wines_count": 52628, "wineries_count": 5451, "most_used_grapes": [{"id": 2, "name": "Cabernet Sauvignon", "seo_name": "cabernet-sauvignon", "has_detailed_info": true, "wines_count": 794022}, {"id": 51, "name": "Carm\u00e9n\u00e8re", "seo_name": "carmenere", "has_detailed_info": true, "wines_count": 49721}, {"id": 10, "name": "Merlot", "seo_name": "merlot", "has_detailed_info": true, "wines_count": 560926}]}, "company": null, "phone": null, "external_id": null, "residential": null, "vat_number": null, "vat_code": null, "addition": null}, "image": {"location": "//images.vivino.com/wineries/280323/logos/hx6BDyjnQEG7HpMfrv7IrA.jpeg", "variations": {"large": "//thumbs.vivino.com/wineries/280323/logos/hx6BDyjnQEG7HpMfrv7IrA_500x500.jpeg", "medium": "//thumbs.vivino.com/wineries/280323/logos/hx6BDyjnQEG7HpMfrv7IrA_200x200.jpeg", "small_square": "//thumbs.vivino.com/wineries/280323/logos/hx6BDyjnQEG7HpMfrv7IrA_80x80.jpeg"}}, "location": {"latitude": -33.738876, "longitude": -70.78176}, "winery_group": {"id": 3, "name": "Baron Philippe de Rothschild", "website": "http://www.bpdr.com/"}, "first_wines": [], "sponsored_entity_type": null, "sponsored_entity": null}, "statistics": {"status": "Normal", "ratings_count": 4040, "ratings_average": 3.6, "labels_count": 21100, "vintages_count": 47}, "rank": {"country": {"description": "Rang von Chile", "total": 30231, "rank": 2644}, "region": {"description": "Rang von Weinregion", "total": 3508, "rank": 525}, "winery": {"description": "Rang vom Weingut", "total": 10, "rank": 8}, "wine_type": {"description": "Rang in allen Wei\u00dfwein", "total": 394072, "rank": 31824}, "global": {"description": "Weltweiter Rang", "total": 1287382, "rank": 125953}}, "hidden": false, "vintages": [{"id": 167175623, "seo_name": "escudo-rojo-chardonnay-reserva-2021", "name": "Escudo Rojo Chardonnay Reserva 2021", "statistics": {"status": "BelowThreshold", "ratings_count": 1, "ratings_average": 0, "labels_count": 2, "reviews_count": 0}, "year": 2021, "grapes": null, "has_valid_ratings": false}, {"id": 163702610, "seo_name": "escudo-rojo-chardonnay-reserva-2020", "name": "Escudo Rojo Chardonnay Reserva 2020", "statistics": {"status": "BelowThreshold", "ratings_count": 7, "ratings_average": 0, "labels_count": 28, "reviews_count": 5}, "year": 2020, "grapes": null, "has_valid_ratings": false}, {"id": 160200266, "seo_name": "escudo-rojo-chardonnay-reserva-2019", "name": "Escudo Rojo Chardonnay Reserva 2019", "statistics": {"status": "Normal", "ratings_count": 597, "ratings_average": 3.6, "labels_count": 2834, "reviews_count": 290}, "year": 2019, "grapes": null, "has_valid_ratings": true}, {"id": 158242744, "seo_name": "escudo-rojo-chardonnay-reserva-2018", "name": "Escudo Rojo Chardonnay Reserva 2018", "statistics": {"status": "Normal", "ratings_count": 709, "ratings_average": 3.6, "labels_count": 4469, "reviews_count": 356}, "year": 2018, "grapes": null, "has_valid_ratings": true}, {"id": 151507933, "seo_name": "escudo-rojo-chardonnay-reserva-2017", "name": "Escudo Rojo Chardonnay Reserva 2017", "statistics": {"status": "Normal", "ratings_count": 247, "ratings_average": 3.8, "labels_count": 1691, "reviews_count": 104}, "year": 2017, "grapes": null, "has_valid_ratings": true}, {"id": 126259353, "seo_name": "escudo-rojo-chardonnay-reserva-2016", "name": "Escudo Rojo Chardonnay Reserva 2016", "statistics": {"status": "Normal", "ratings_count": 179, "ratings_average": 3.8, "labels_count": 984, "reviews_count": 75}, "year": 2016, "grapes": null, "has_valid_ratings": true}, {"id": 16698508, "seo_name": "escudo-rojo-chardonnay-reserva-2015", "name": "Escudo Rojo Chardonnay Reserva 2015", "statistics": {"status": "Normal", "ratings_count": 188, "ratings_average": 3.7, "labels_count": 1164, "reviews_count": 58}, "year": 2015, "grapes": null, "has_valid_ratings": true}, {"id": 12358250, "seo_name": "escudo-rojo-chardonnay-reserva-2014", "name": "Escudo Rojo Chardonnay Reserva 2014", "statistics": {"status": "Normal", "ratings_count": 162, "ratings_average": 3.8, "labels_count": 776, "reviews_count": 69}, "year": 2014, "grapes": null, "has_valid_ratings": true}, {"id": 3654680, "seo_name": "escudo-rojo-chardonnay-reserva-2013", "name": "Escudo Rojo Chardonnay Reserva 2013", "statistics": {"status": "Normal", "ratings_count": 442, "ratings_average": 3.8, "labels_count": 2369, "reviews_count": 157}, "year": 2013, "grapes": null, "has_valid_ratings": true}, {"id": 2251151, "seo_name": "escudo-rojo-chardonnay-reserva-2012", "name": "Escudo Rojo Chardonnay Reserva 2012", "statistics": {"status": "Normal", "ratings_count": 681, "ratings_average": 3.6, "labels_count": 3394, "reviews_count": 267}, "year": 2012, "grapes": null, "has_valid_ratings": true}, {"id": 1435055, "seo_name": "escudo-rojo-chardonnay-reserva-2011", "name": "Escudo Rojo Chardonnay Reserva 2011", "statistics": {"status": "Normal", "ratings_count": 154, "ratings_average": 3.4, "labels_count": 757, "reviews_count": 48}, "year": 2011, "grapes": null, "has_valid_ratings": true}, {"id": 1426879, "seo_name": "escudo-rojo-chardonnay-reserva-2010", "name": "Escudo Rojo Chardonnay Reserva 2010", "statistics": {"status": "Normal", "ratings_count": 185, "ratings_average": 3.4, "labels_count": 667, "reviews_count": 63}, "year": 2010, "grapes": null, "has_valid_ratings": true}, {"id": 1277459, "seo_name": "escudo-rojo-chardonnay-reserva-2009", "name": "Escudo Rojo Chardonnay Reserva 2009", "statistics": {"status": "Normal", "ratings_count": 185, "ratings_average": 3.5, "labels_count": 553, "reviews_count": 68}, "year": 2009, "grapes": null, "has_valid_ratings": true}, {"id": 1205807, "seo_name": "escudo-rojo-chardonnay-reserva-2008", "name": "Escudo Rojo Chardonnay Reserva 2008", "statistics": {"status": "Normal", "ratings_count": 137, "ratings_average": 3.4, "labels_count": 507, "reviews_count": 24}, "year": 2008, "grapes": null, "has_valid_ratings": true}, {"id": 1684276, "seo_name": "escudo-rojo-chardonnay-reserva-2007", "name": "Escudo Rojo Chardonnay Reserva 2007", "statistics": {"status": "Normal", "ratings_count": 25, "ratings_average": 3.3, "labels_count": 91, "reviews_count": 5}, "year": 2007, "grapes": null, "has_valid_ratings": true}, {"id": 2420127, "seo_name": "escudo-rojo-chardonnay-reserva-2006", "name": "Escudo Rojo Chardonnay Reserva 2006", "statistics": {"status": "BelowThreshold", "ratings_count": 9, "ratings_average": 0, "labels_count": 39, "reviews_count": 1}, "year": 2006, "grapes": null, "has_valid_ratings": false}, {"id": 2924818, "seo_name": "escudo-rojo-chardonnay-reserva-2005", "name": "Escudo Rojo Chardonnay Reserva 2005", "statistics": {"status": "BelowThreshold", "ratings_count": 1, "ratings_average": 0, "labels_count": 8, "reviews_count": 0}, "year": 2005, "grapes": null, "has_valid_ratings": false}, {"id": 4241096, "seo_name": "escudo-rojo-chardonnay-reserva-2003", "name": "Escudo Rojo Chardonnay Reserva 2003", "statistics": {"status": "BelowThreshold", "ratings_count": 1, "ratings_average": 0, "labels_count": 1, "reviews_count": 0}, "year": 2003, "grapes": null, "has_valid_ratings": false}, {"id": 5049150, "seo_name": "escudo-rojo-chardonnay-reserva-2001", "name": "Escudo Rojo Chardonnay Reserva 2001", "statistics": {"status": "BelowThreshold", "ratings_count": 9, "ratings_average": 0, "labels_count": 61, "reviews_count": 4}, "year": 2001, "grapes": null, "has_valid_ratings": false}, {"id": 2918440, "seo_name": "escudo-rojo-chardonnay-reserva-2000", "name": "Escudo Rojo Chardonnay Reserva 2000", "statistics": {"status": "BelowThreshold", "ratings_count": 1, "ratings_average": 0, "labels_count": 3, "reviews_count": 1}, "year": 2000, "grapes": null, "has_valid_ratings": false}, {"id": 13081056, "seo_name": "escudo-rojo-chardonnay-reserva-1996", "name": "Escudo Rojo Chardonnay Reserva 1996", "statistics": {"status": "BelowThreshold", "ratings_count": 1, "ratings_average": 0, "labels_count": 3, "reviews_count": 1}, "year": 1996, "grapes": null, "has_valid_ratings": false}, {"id": 17443805, "seo_name": "escudo-rojo-chardonnay-reserva-1994", "name": "Escudo Rojo Chardonnay Reserva 1994", "statistics": {"status": "BelowThreshold", "ratings_count": 1, "ratings_average": 0, "labels_count": 42, "reviews_count": 0}, "year": 1994, "grapes": null, "has_valid_ratings": false}, {"id": 18925520, "seo_name": "escudo-rojo-chardonnay-reserva-1988", "name": "Escudo Rojo Chardonnay Reserva 1988", "statistics": {"status": "BelowThreshold", "ratings_count": 2, "ratings_average": 0, "labels_count": 15, "reviews_count": 0}, "year": 1988, "grapes": null, "has_valid_ratings": false}, {"id": 11601799, "seo_name": "escudo-rojo-chardonnay-reserva-1986", "name": "Escudo Rojo Chardonnay Reserva 1986", "statistics": {"status": "Normal", "ratings_count": 17, "ratings_average": 4.9, "labels_count": 189, "reviews_count": 4}, "year": 1986, "grapes": null, "has_valid_ratings": true}, {"id": 2588478, "seo_name": "escudo-rojo-chardonnay-reserva-uv", "name": "Escudo Rojo Chardonnay Reserva", "statistics": {"status": "Normal", "ratings_count": 4040, "ratings_average": 3.6, "labels_count": 201, "reviews_count": 39}, "year": 0, "grapes": null, "has_valid_ratings": true}], "description": "", "grapes": [{"id": 5, "name": "Chardonnay", "seo_name": "chardonnay", "has_detailed_info": true, "wines_count": 597329}], "foods": [{"id": 10, "name": "Schweinefleisch", "background_image": {"location": "//images.vivino.com/backgrounds/foods/10_pork.png", "variations": {"small": "//images.vivino.com/backgrounds/foods/thumbs/10_pork_932x810.png"}}, "seo_name": "pork"}, {"id": 12, "name": "Fetthaltiger Fisch (Lachs, Thunfisch etc.)", "background_image": {"location": "//images.vivino.com/backgrounds/foods/12_richfish.png", "variations": {"small": "//images.vivino.com/backgrounds/foods/thumbs/12_richfish_932x810.png"}}, "seo_name": null}, {"id": 19, "name": "Vegetarische Gerichte", "background_image": {"location": "//images.vivino.com/backgrounds/foods/19_vegetarian.png", "variations": {"small": "//images.vivino.com/backgrounds/foods/thumbs/19_vegetarian_932x810.png"}}, "seo_name": "vegetarian"}, {"id": 20, "name": "Gefl\u00fcgel", "background_image": {"location": "//images.vivino.com/backgrounds/foods/20_chicken.png", "variations": {"small": "//images.vivino.com/backgrounds/foods/thumbs/20_chicken_932x810.png"}}, "seo_name": "poultry"}], "non_vintage": false, "alcohol": 0, "sweetness_id": null, "closure": "cork", "vintage_mask_raw": null, "updated_at": "2021-11-23T20:57:36Z", "created_at": "2011-07-02T14:44:25Z", "is_first_wine": false, "style": {"id": 57, "seo_name": "chilean-chardonnay", "regional_name": "Chilean", "varietal_name": "Chardonnay", "name": "Chardonnay Chile", "image": null, "background_image": null}, "has_valid_ratings": true}, "price": {"id": 22620279, "vintage_id": 160200266, "amount": 10.9, "type": "vc", "currency": {"code": "EUR", "name": "Euros", "prefix": "\u20ac", "suffix": null}, "bottle_type_id": 1, "inventory_bottles_count": 24, "bottles_sold_count": 18, "url": "https://www.vineshop24.de/weine-aus-aller-welt/chile/escudo-rojo-chardonnay.html?utm_medium=pref-cpc&utm_source=vivino-ppc", "message": "Preis f\u00fcr 6 oder mehr Flaschen. (Preis \u20ac11.50 einzelne Flasche)", "producer_address": "Baron Philippe de Rothschild S.A., 33250 Pauillac, Frankreich", "importer_address": "", "discounted_from": null, "bottle_type": {"id": 1, "name": "Flasche (0,75\u00a0l)", "short_name": "Flasche", "short_name_plural": "Flaschen", "volume_ml": 750}}, "highlights": [], "merchant": {"id": 17581, "name": "Vineshop24", "seo_name": "vineshop24", "legal_name": "Vineshop24 GmbH & Co. KG", "description": "Versandkostenfrei f\u00fcr Bestellungen ab 80 EUR", "country": {"code": "de", "name": "Deutschland", "native_name": "Deutschland", "seo_name": "germany", "currency": {"code": "EUR", "name": "Euros", "prefix": "\u20ac", "suffix": null}, "regions_count": 210, "users_count": 2117308, "wines_count": 197796, "wineries_count": 13493, "most_used_grapes": [{"id": 15, "name": "Riesling", "seo_name": "riesling", "has_detailed_info": true, "wines_count": 259925}, {"id": 299, "name": "Sp\u00e4tburgunder", "seo_name": "spatburgunder", "has_detailed_info": false, "wines_count": 49659}, {"id": 355, "name": "Weissburgunder", "seo_name": "weissburgunder", "has_detailed_info": false, "wines_count": 33123}]}, "state": null, "status": 3, "image": {"location": "//images.vivino.com/merchants/originals/p1ei8m730000h5d.png", "variations": {"large_square": "//images.vivino.com/merchants/thumbs/p1ei8m730000h5d_400x400.jpg", "medium_square": "//images.vivino.com/merchants/thumbs/p1ei8m730000h5d_320x320.jpg", "small_square": "//images.vivino.com/merchants/thumbs/p1ei8m730000h5d_160x160.jpg"}}, "shipping_estimate": "Lieferung voraussichtlich zwischen Di, 21.\u00a0Dez und Do, 23.\u00a0Dez", "impressum_url": "https://www.vineshop24.de/info/impressum.html", "tos_url": "https://www.vineshop24.de/info/allgemeine-geschaeftsbedingungen.html", "vc_clearing_system": 0, "hidden": false}, "sold_out": false, "prices_and_availability": {"market": {"country": "de", "currency": {"code": "EUR", "name": "Euros", "prefix": "\u20ac", "suffix": null}}, "availability": {"vintage": {"id": 160200266, "year": 2019, "grapes": null, "has_valid_ratings": false}, "median": {"amount": 11.2, "type": "market", "discounted_from": null}, "price": {"id": 22620279, "amount": 10.9, "discounted_from": 0.0, "type": "vc"}}, "merchants_with_prices": [{"merchant": {"id": 17581, "name": "Vineshop24", "seo_name": "vineshop24", "legal_name": "Vineshop24 GmbH & Co. KG", "description": "Versandkostenfrei f\u00fcr Bestellungen ab 80 EUR", "country": {"code": "de", "name": "Deutschland", "native_name": "Deutschland", "seo_name": "germany", "currency": {"code": "EUR", "name": "Euros", "prefix": "\u20ac", "suffix": null}, "regions_count": 210, "users_count": 2117308, "wines_count": 197796, "wineries_count": 13493, "most_used_grapes": [{"id": 15, "name": "Riesling", "seo_name": "riesling", "has_detailed_info": true, "wines_count": 259925}, {"id": 299, "name": "Sp\u00e4tburgunder", "seo_name": "spatburgunder", "has_detailed_info": false, "wines_count": 49659}, {"id": 355, "name": "Weissburgunder", "seo_name": "weissburgunder", "has_detailed_info": false, "wines_count": 33123}]}, "state": null, "status": 3, "image": {"location": "//images.vivino.com/merchants/originals/p1ei8m730000h5d.png", "variations": {"large_square": "//images.vivino.com/merchants/thumbs/p1ei8m730000h5d_400x400.jpg", "medium_square": "//images.vivino.com/merchants/thumbs/p1ei8m730000h5d_320x320.jpg", "small_square": "//images.vivino.com/merchants/thumbs/p1ei8m730000h5d_160x160.jpg"}}, "shipping_estimate": "Lieferung voraussichtlich zwischen Di, 21.\u00a0Dez und Do, 23.\u00a0Dez", "impressum_url": "https://www.vineshop24.de/info/impressum.html", "tos_url": "https://www.vineshop24.de/info/allgemeine-geschaeftsbedingungen.html", "vc_clearing_system": 0, "hidden": false}, "prices": [{"id": 22620279, "vintage_id": 160200266, "amount": 10.9, "type": "vc", "currency": {"code": "EUR", "name": "Euros", "prefix": "\u20ac", "suffix": null}, "bottle_type_id": 1, "inventory_bottles_count": 24, "bottles_sold_count": 18, "url": "https://www.vineshop24.de/weine-aus-aller-welt/chile/escudo-rojo-chardonnay.html?utm_medium=pref-cpc&utm_source=vivino-ppc", "message": "Preis f\u00fcr 6 oder mehr Flaschen. (Preis \u20ac11.50 einzelne Flasche)", "producer_address": "Baron Philippe de Rothschild S.A., 33250 Pauillac, Frankreich", "importer_address": "", "discounted_from": null, "bottle_type": {"id": 1, "name": "Flasche (0,75\u00a0l)", "short_name": "Flasche", "short_name_plural": "Flaschen", "volume_ml": 750}}]}]}, "found_by_merchant_and_sku": null, "is_deal_page": false}