{"tastes": {"structure": {"acidity": 3.3017097, "fizziness": null, "intensity": 4.3830247, "sweetness": 1.4290739, "tannin": 3.5291672, "user_structure_count": 69, "calculated_structure_count": 145}, "flavor": [{"group": "oak", "stats": {"count": 143, "score": 21748, "mentions_count": 238}, "primary_keywords": [{"id": 292, "name": "oak", "count": 64}, {"id": 434, "name": "vanilla", "count": 49}, {"id": 422, "name": "tobacco", "count": 46}, {"id": 101, "name": "chocolate", "count": 26}, {"id": 134, "name": "dark chocolate", "count": 12}, {"id": 83, "name": "cedar", "count": 10}, {"id": 104, "name": "cigar box", "count": 9}, {"id": 103, "name": "cigar", "count": 8}, {"id": 21, "name": "baking spice", "count": 3}, {"id": 112, "name": "clove", "count": 2}, {"id": 79, "name": "caramel", "count": 2}, {"id": 70, "name": "butter", "count": 2}, {"id": 407, "name": "sweet tobacco", "count": 1}, {"id": 333, "name": "pipe tobacco", "count": 1}, {"id": 138, "name": "dill", "count": 1}, {"id": 275, "name": "milk chocolate", "count": 1}, {"id": 379, "name": "sandalwood", "count": 1}], "secondary_keywords": [{"id": 242, "name": "leather", "count": 53}, {"id": 384, "name": "smoke", "count": 12}, {"id": 105, "name": "cinnamon", "count": 4}, {"id": 113, "name": "cocoa", "count": 3}, {"id": 14, "name": "ash", "count": 1}, {"id": 423, "name": "tobacco leaf", "count": 1}]}, {"group": "earth", "stats": {"count": 108, "score": 13764, "mentions_count": 136}, "primary_keywords": [{"id": 242, "name": "leather", "count": 53}, {"id": 156, "name": "earthy", "count": 42}, {"id": 384, "name": "smoke", "count": 12}, {"id": 284, "name": "mushroom", "count": 3}, {"id": 276, "name": "minerals", "count": 3}, {"id": 113, "name": "cocoa", "count": 3}, {"id": 165, "name": "forest floor", "count": 3}, {"id": 430, "name": "truffle", "count": 2}, {"id": 383, "name": "slate", "count": 2}, {"id": 85, "name": "chalk", "count": 1}, {"id": 178, "name": "game", "count": 1}, {"id": 18, "name": "bacon fat", "count": 1}, {"id": 385, "name": "smoked meats", "count": 1}, {"id": 14, "name": "ash", "count": 1}, {"id": 22, "name": "balsamic", "count": 1}, {"id": 398, "name": "stone", "count": 1}, {"id": 226, "name": "iron", "count": 1}, {"id": 412, "name": "tar", "count": 1}, {"id": 325, "name": "petroleum", "count": 1}, {"id": 239, "name": "lanolin", "count": 1}, {"id": 364, "name": "roasted meat", "count": 1}, {"id": 423, "name": "tobacco leaf", "count": 1}], "secondary_keywords": [{"id": 422, "name": "tobacco", "count": 46}, {"id": 134, "name": "dark chocolate", "count": 12}, {"id": 381, "name": "savory", "count": 2}]}, {"group": "black_fruit", "stats": {"count": 91, "score": 13146, "mentions_count": 132}, "primary_keywords": [{"id": 334, "name": "plum", "count": 34}, {"id": 49, "name": "blackberry", "count": 29}, {"id": 52, "name": "blackcurrant", "count": 19}, {"id": 39, "name": "black fruit", "count": 14}, {"id": 135, "name": "dark fruit", "count": 11}, {"id": 470, "name": "cassis", "count": 5}, {"id": 38, "name": "black cherry", "count": 5}, {"id": 394, "name": "spiced plum", "count": 4}, {"id": 57, "name": "bramble", "count": 4}, {"id": 55, "name": "blueberry", "count": 4}, {"id": 56, "name": "boysenberry", "count": 2}, {"id": 31, "name": "berry jam", "count": 1}], "secondary_keywords": [{"id": 341, "name": "prune", "count": 1}]}, {"group": "red_fruit", "stats": {"count": 53, "score": 6385, "mentions_count": 63}, "primary_keywords": [{"id": 93, "name": "cherry", "count": 32}, {"id": 354, "name": "red fruit", "count": 13}, {"id": 352, "name": "red cherry", "count": 5}, {"id": 353, "name": "red currant", "count": 4}, {"id": 400, "name": "strawberry", "count": 3}, {"id": 357, "name": "red plum", "count": 2}, {"id": 348, "name": "raspberry", "count": 2}, {"id": 452, "name": "wild strawberry", "count": 1}, {"id": 122, "name": "cranberry", "count": 1}], "secondary_keywords": [{"id": 38, "name": "black cherry", "count": 5}, {"id": 176, "name": "fruitcake", "count": 1}]}, {"group": "spices", "stats": {"count": 69, "score": 3409, "mentions_count": 34}, "primary_keywords": [{"id": 320, "name": "pepper", "count": 12}, {"id": 249, "name": "licorice", "count": 7}, {"id": 373, "name": "rosemary", "count": 4}, {"id": 277, "name": "mint", "count": 4}, {"id": 105, "name": "cinnamon", "count": 4}, {"id": 381, "name": "savory", "count": 2}, {"id": 159, "name": "eucalyptus", "count": 1}], "secondary_keywords": [{"id": 434, "name": "vanilla", "count": 49}, {"id": 112, "name": "clove", "count": 2}, {"id": 138, "name": "dill", "count": 1}]}, {"group": "microbio", "stats": {"count": 21, "score": 1715, "mentions_count": 13}, "primary_keywords": [{"id": 91, "name": "cheese", "count": 8}, {"id": 123, "name": "cream", "count": 4}, {"id": 457, "name": "yeast", "count": 1}], "secondary_keywords": [{"id": 284, "name": "mushroom", "count": 3}, {"id": 417, "name": "toast", "count": 3}, {"id": 70, "name": "butter", "count": 2}, {"id": 430, "name": "truffle", "count": 2}, {"id": 239, "name": "lanolin", "count": 1}]}, {"group": "floral", "stats": {"count": 13, "score": 1250, "mentions_count": 12}, "primary_keywords": [{"id": 436, "name": "violet", "count": 8}, {"id": 338, "name": "potpourri", "count": 2}, {"id": 322, "name": "perfume", "count": 2}], "secondary_keywords": [{"id": 381, "name": "savory", "count": 2}]}, {"group": "dried_fruit", "stats": {"count": 8, "score": 842, "mentions_count": 9}, "primary_keywords": [{"id": 163, "name": "fig", "count": 3}, {"id": 147, "name": "dried fruit", "count": 2}, {"id": 347, "name": "raisin", "count": 2}, {"id": 341, "name": "prune", "count": 1}, {"id": 176, "name": "fruitcake", "count": 1}]}, {"group": "citrus_fruit", "stats": {"count": 5, "score": 500, "mentions_count": 5}, "primary_keywords": [{"id": 298, "name": "orange", "count": 3}, {"id": 106, "name": "citrus", "count": 1}, {"id": 300, "name": "orange peel", "count": 1}]}, {"group": "non_oak", "stats": {"count": 93, "score": 1771, "mentions_count": 4}, "primary_keywords": [{"id": 417, "name": "toast", "count": 3}, {"id": 438, "name": "walnut", "count": 1}], "secondary_keywords": [{"id": 434, "name": "vanilla", "count": 49}, {"id": 422, "name": "tobacco", "count": 46}, {"id": 384, "name": "smoke", "count": 12}, {"id": 83, "name": "cedar", "count": 10}, {"id": 105, "name": "cinnamon", "count": 4}, {"id": 163, "name": "fig", "count": 3}, {"id": 112, "name": "clove", "count": 2}, {"id": 79, "name": "caramel", "count": 2}, {"id": 407, "name": "sweet tobacco", "count": 1}, {"id": 423, "name": "tobacco leaf", "count": 1}]}, {"group": "vegetal", "stats": {"count": 4, "score": 270, "mentions_count": 2}, "primary_keywords": [{"id": 16, "name": "asparagus", "count": 1}, {"id": 425, "name": "tomato", "count": 1}], "secondary_keywords": [{"id": 381, "name": "savory", "count": 2}, {"id": 423, "name": "tobacco leaf", "count": 1}]}, {"group": "tree_fruit", "stats": {"count": 1, "score": 100, "mentions_count": 1}, "primary_keywords": [{"id": 9, "name": "apple", "count": 1}]}]}, "vivino_id": "1223505"}