{"vintage": {"id": 166173998, "seo_name": "finniss-river-reserve-series-block-1-5-shiraz-cabernet-uv", "name": "Finniss River Reserve Series Block 1&5 Shiraz Cabernet", "statistics": {"status": "BelowThreshold", "ratings_count": 0, "ratings_average": 0, "labels_count": 0, "reviews_count": 0}, "organic_certification_id": null, "certified_biodynamic": null, "image": {"location": "//images.vivino.com/labels/default_label.jpg", "variations": {"large": "//images.vivino.com/thumbs/default_label_375x500.jpg", "medium": "//images.vivino.com/thumbs/default_label_150x200.jpg", "medium_square": "//images.vivino.com/thumbs/default_label_150x150.jpg", "small_square": "//images.vivino.com/thumbs/default_label_80x80.jpg"}}, "wine": {"id": 8905808, "name": "Reserve Series Block 1&5 Shiraz Cabernet", "seo_name": "reserve-series-block-1-5-shiraz-cabernet", "type_id": 1, "vintage_type": 0, "is_natural": false, "region": {"id": 1617, "name": "Currency Creek", "name_en": "", "seo_name": "currency-creek", "country": {"code": "au", "name": "Australia", "native_name": "Australia", "seo_name": "australia", "currency": {"code": "AUD", "name": "Australian Dollars", "prefix": "$", "suffix": null}, "regions_count": 120, "users_count": 896308, "wines_count": 110347, "wineries_count": 13531, "most_used_grapes": [{"id": 1, "name": "Shiraz/Syrah", "seo_name": "shiraz-syrah", "has_detailed_info": true, "wines_count": 551112}, {"id": 2, "name": "Cabernet Sauvignon", "seo_name": "cabernet-sauvignon", "has_detailed_info": true, "wines_count": 801751}, {"id": 5, "name": "Chardonnay", "seo_name": "chardonnay", "has_detailed_info": true, "wines_count": 604208}]}, "parent_id": 9, "background_image": null, "class": {"typecast_map": {"background_image": {}, "class": {}}}, "statistics": {"wineries_count": 7, "wines_count": 82, "sub_regions_count": 0, "parent_regions_count": 2}}, "review_status": 2, "winery": {"id": 133140, "name": "Finniss River", "seo_name": "finniss-river", "status": 0, "review_status": "Completed", "background_image": null, "statistics": {"ratings_count": 165, "ratings_average": 3.7, "labels_count": 1184, "wines_count": 10}, "region": {"id": 7, "name": "South Australia", "name_en": "", "seo_name": "south-australia", "country": {"code": "au", "name": "Australia", "native_name": "Australia", "seo_name": "australia", "currency": {"code": "AUD", "name": "Australian Dollars", "prefix": "$", "suffix": null}, "regions_count": 120, "users_count": 896308, "wines_count": 110347, "wineries_count": 13531, "most_used_grapes": [{"id": 1, "name": "Shiraz/Syrah", "seo_name": "shiraz-syrah", "has_detailed_info": true, "wines_count": 551112}, {"id": 2, "name": "Cabernet Sauvignon", "seo_name": "cabernet-sauvignon", "has_detailed_info": true, "wines_count": 801751}, {"id": 5, "name": "Chardonnay", "seo_name": "chardonnay", "has_detailed_info": true, "wines_count": 604208}]}, "parent_id": null, "background_image": {"location": "//images.vivino.com/regions/backgrounds/0CBi1Rf-TS-P89ohkLX9Jw.jpg", "variations": {"large": "//thumbs.vivino.com/region_backgrounds/0CBi1Rf-TS-P89ohkLX9Jw_1280x760.jpg", "medium": "//thumbs.vivino.com/region_backgrounds/0CBi1Rf-TS-P89ohkLX9Jw_600x356.jpg"}}, "class": {"typecast_map": {"background_image": {}, "class": {}}}, "statistics": {"wineries_count": 3105, "wines_count": 12096, "sub_regions_count": 7, "parent_regions_count": 0}}, "business_name": "Finniss River Vineyard", "description": "", "specialists_notes": "", "phone": "61 8 8326 9894", "email": "admin@finnissvineyard.com.au", "facebook": "https://www.facebook.com/finnissvineyard/?rf=1822475451366701", "instagram": "@finnissrivervineyard", "is_claimed": false, "twitter": "@finnissriver", "website": "https://finnissvineyard.com.au/", "winemaker": null, "wine_maker": null, "address": {"title": null, "name": null, "street": "15 Beach Road", "street2": null, "neighborhood": null, "city": "Christies Beach", "zip": "5165", "state": null, "country": {"code": "au", "name": "Australia", "native_name": "Australia", "seo_name": "australia", "currency": {"code": "AUD", "name": "Australian Dollars", "prefix": "$", "suffix": null}, "regions_count": 120, "users_count": 896308, "wines_count": 110347, "wineries_count": 13531, "most_used_grapes": [{"id": 1, "name": "Shiraz/Syrah", "seo_name": "shiraz-syrah", "has_detailed_info": true, "wines_count": 551112}, {"id": 2, "name": "Cabernet Sauvignon", "seo_name": "cabernet-sauvignon", "has_detailed_info": true, "wines_count": 801751}, {"id": 5, "name": "Chardonnay", "seo_name": "chardonnay", "has_detailed_info": true, "wines_count": 604208}]}, "company": null, "phone": null, "external_id": null, "residential": null, "vat_number": null, "vat_code": null, "addition": null}, "image": null, "location": null, "winery_group": null, "first_wines": [], "sponsored_entity_type": null, "sponsored_entity": null}, "statistics": {"status": "BelowThreshold", "ratings_count": 0, "ratings_average": 0, "labels_count": 0, "vintages_count": 0}, "rank": null, "hidden": false, "vintages": [{"id": 166173998, "seo_name": "finniss-river-reserve-series-block-1-5-shiraz-cabernet-uv", "name": "Finniss River Reserve Series Block 1&5 Shiraz Cabernet", "statistics": {"status": "BelowThreshold", "ratings_count": 0, "ratings_average": 0, "labels_count": 0, "reviews_count": 0}, "year": 0, "grapes": null, "has_valid_ratings": false}], "description": "", "grapes": [{"id": 1, "name": "Shiraz/Syrah", "seo_name": "shiraz-syrah", "has_detailed_info": true, "wines_count": 551112}, {"id": 2, "name": "Cabernet Sauvignon", "seo_name": "cabernet-sauvignon", "has_detailed_info": true, "wines_count": 801751}], "foods": [{"id": 4, "name": "Beef", "background_image": {"location": "//images.vivino.com/backgrounds/foods/4_beef.png", "variations": {"small": "//images.vivino.com/backgrounds/foods/thumbs/4_beef_932x810.png"}}, "seo_name": "beef"}, {"id": 8, "name": "Lamb", "background_image": {"location": "//images.vivino.com/backgrounds/foods/8_lamb.png", "variations": {"small": "//images.vivino.com/backgrounds/foods/thumbs/8_lamb_932x810.png"}}, "seo_name": "lamb"}, {"id": 20, "name": "Poultry", "background_image": {"location": "//images.vivino.com/backgrounds/foods/20_chicken.png", "variations": {"small": "//images.vivino.com/backgrounds/foods/thumbs/20_chicken_932x810.png"}}, "seo_name": "poultry"}], "non_vintage": false, "alcohol": 0, "sweetness_id": null, "closure": null, "vintage_mask_raw": null, "updated_at": "2020-10-21T14:01:23Z", "created_at": "2020-10-21T14:01:07Z", "is_first_wine": false, "style": {"id": 42, "seo_name": "australian-cabernet-shiraz", "regional_name": "Australian", "varietal_name": "Cabernet - Shiraz", "name": "Australian Cabernet - Shiraz", "image": null, "background_image": null, "description": "By far, the most popular grape in Australia is Shiraz. With its lush, dark fruit, earth, and spice flavors that it is known for, it is very popular throughout the world.\n\nWhen it is combined with Cabernet Sauvignon to add some muscle and complexity to the wine, it can especially make some of the best wines in the world.\n\nThe popularity of blending Shiraz with a little bit of Cabernet Sauvignon in Australia is largely thanks to the Penfold's wine \u201cGrange\u201d. It is one of the most revered (and expensive) wines in the world and they have been using this blend since it began in the 1950s.\n\nThe Australian Shiraz is known for being really rich and packed with dark fruit flavors, which are complemented by flavors of chocolate, spice, leather, and earth. These luscious wines are made even stronger and more complex ", "blurb": null, "interesting_facts": ["The grapes Shiraz and Syrah are the same exact grape, but with different names.", "The first year that Penfolds \u201cGrange\u201d was made was 1951.", "Unlike most of the world's most expensive wines, \u201cGrange\u201d is made from a collection of different vineyards and is slightly different every single year.", "The grape Petite Sirah is not the same as the Syrah grape.", "In 1831, James Busby introduced Syrah to Australia."], "body": 5, "body_description": "Very full-bodied", "acidity": 3, "acidity_description": "High", "country": {"code": "au", "name": "Australia", "native_name": "Australia", "seo_name": "australia", "currency": {"code": "AUD", "name": "Australian Dollars", "prefix": "$", "suffix": null}, "regions_count": 120, "users_count": 896308, "wines_count": 110347, "wineries_count": 13531, "most_used_grapes": [{"id": 1, "name": "Shiraz/Syrah", "seo_name": "shiraz-syrah", "has_detailed_info": true, "wines_count": 551112}, {"id": 2, "name": "Cabernet Sauvignon", "seo_name": "cabernet-sauvignon", "has_detailed_info": true, "wines_count": 801751}, {"id": 5, "name": "Chardonnay", "seo_name": "chardonnay", "has_detailed_info": true, "wines_count": 604208}]}, "wine_type_id": 1, "food": [{"id": 4, "name": "Beef", "background_image": {"location": "//images.vivino.com/backgrounds/foods/4_beef.png", "variations": {"small": "//images.vivino.com/backgrounds/foods/thumbs/4_beef_932x810.png"}}, "seo_name": "beef"}, {"id": 8, "name": "Lamb", "background_image": {"location": "//images.vivino.com/backgrounds/foods/8_lamb.png", "variations": {"small": "//images.vivino.com/backgrounds/foods/thumbs/8_lamb_932x810.png"}}, "seo_name": "lamb"}, {"id": 20, "name": "Poultry", "background_image": {"location": "//images.vivino.com/backgrounds/foods/20_chicken.png", "variations": {"small": "//images.vivino.com/backgrounds/foods/thumbs/20_chicken_932x810.png"}}, "seo_name": "poultry"}], "grapes": [{"id": 1, "name": "Shiraz/Syrah", "seo_name": "shiraz-syrah", "has_detailed_info": true, "wines_count": 551112}, {"id": 2, "name": "Cabernet Sauvignon", "seo_name": "cabernet-sauvignon", "has_detailed_info": true, "wines_count": 801751}], "region": null}, "has_valid_ratings": false}, "description": "", "wine_critic_reviews": [], "awards": [], "ratings_distribution": {"1": 0, "2": 0, "3": 0, "4": 0, "5": 0}, "ranking": null, "wine_facts": {}, "winemaker": null, "wine_maker": null, "grape_composition": {}, "year": "", "grapes": null, "has_valid_ratings": false}, "carts": null, "full_region": null, "tastes": null, "wine": {"id": 8905808, "name": "Reserve Series Block 1&5 Shiraz Cabernet", "seo_name": "reserve-series-block-1-5-shiraz-cabernet", "type_id": 1, "vintage_type": 0, "is_natural": false, "region": {"id": 1617, "name": "Currency Creek", "name_en": "", "seo_name": "currency-creek", "country": {"code": "au", "name": "Australia", "native_name": "Australia", "seo_name": "australia", "currency": {"code": "AUD", "name": "Australian Dollars", "prefix": "$", "suffix": null}, "regions_count": 120, "users_count": 896308, "wines_count": 110347, "wineries_count": 13531, "most_used_grapes": [{"id": 1, "name": "Shiraz/Syrah", "seo_name": "shiraz-syrah", "has_detailed_info": true, "wines_count": 551112}, {"id": 2, "name": "Cabernet Sauvignon", "seo_name": "cabernet-sauvignon", "has_detailed_info": true, "wines_count": 801751}, {"id": 5, "name": "Chardonnay", "seo_name": "chardonnay", "has_detailed_info": true, "wines_count": 604208}]}, "parent_id": 9, "background_image": null, "class": {"typecast_map": {"background_image": {}, "class": {}}}, "statistics": {"wineries_count": 7, "wines_count": 82, "sub_regions_count": 0, "parent_regions_count": 2}}, "review_status": 2, "winery": {"id": 133140, "name": "Finniss River", "seo_name": "finniss-river", "status": 0, "review_status": "Completed", "background_image": null, "statistics": {"ratings_count": 165, "ratings_average": 3.7, "labels_count": 1184, "wines_count": 10}, "region": {"id": 7, "name": "South Australia", "name_en": "", "seo_name": "south-australia", "country": {"code": "au", "name": "Australia", "native_name": "Australia", "seo_name": "australia", "currency": {"code": "AUD", "name": "Australian Dollars", "prefix": "$", "suffix": null}, "regions_count": 120, "users_count": 896308, "wines_count": 110347, "wineries_count": 13531, "most_used_grapes": [{"id": 1, "name": "Shiraz/Syrah", "seo_name": "shiraz-syrah", "has_detailed_info": true, "wines_count": 551112}, {"id": 2, "name": "Cabernet Sauvignon", "seo_name": "cabernet-sauvignon", "has_detailed_info": true, "wines_count": 801751}, {"id": 5, "name": "Chardonnay", "seo_name": "chardonnay", "has_detailed_info": true, "wines_count": 604208}]}, "parent_id": null, "background_image": {"location": "//images.vivino.com/regions/backgrounds/0CBi1Rf-TS-P89ohkLX9Jw.jpg", "variations": {"large": "//thumbs.vivino.com/region_backgrounds/0CBi1Rf-TS-P89ohkLX9Jw_1280x760.jpg", "medium": "//thumbs.vivino.com/region_backgrounds/0CBi1Rf-TS-P89ohkLX9Jw_600x356.jpg"}}, "class": {"typecast_map": {"background_image": {}, "class": {}}}, "statistics": {"wineries_count": 3105, "wines_count": 12096, "sub_regions_count": 7, "parent_regions_count": 0}}}, "image": {"location": "//images.vivino.com/labels/default_label.jpg", "variations": {"large": "//images.vivino.com/thumbs/default_label_375x500.jpg", "medium": "//images.vivino.com/thumbs/default_label_150x200.jpg", "medium_square": "//images.vivino.com/thumbs/default_label_150x150.jpg", "small_square": "//images.vivino.com/thumbs/default_label_80x80.jpg"}}, "statistics": {"status": "BelowThreshold", "ratings_count": 0, "ratings_average": 0, "labels_count": 0, "vintages_count": 0}, "rank": null, "hidden": false, "vintages": [{"id": 166174013, "seo_name": "finniss-river-reserve-series-block-1-5-shiraz-cabernet-2015", "name": "Finniss River Reserve Series Block 1&5 Shiraz Cabernet 2015", "statistics": {"status": "BelowThreshold", "ratings_count": 0, "ratings_average": 0, "labels_count": 0, "reviews_count": 0}, "year": 2015, "grapes": null, "has_valid_ratings": false}, {"id": 166173998, "seo_name": "finniss-river-reserve-series-block-1-5-shiraz-cabernet-uv", "name": "Finniss River Reserve Series Block 1&5 Shiraz Cabernet", "statistics": {"status": "BelowThreshold", "ratings_count": 0, "ratings_average": 0, "labels_count": 0, "reviews_count": 0}, "year": 0, "grapes": null, "has_valid_ratings": false}], "description": "", "grapes": [{"id": 1, "name": "Shiraz/Syrah", "seo_name": "shiraz-syrah", "has_detailed_info": true, "wines_count": 551112}, {"id": 2, "name": "Cabernet Sauvignon", "seo_name": "cabernet-sauvignon", "has_detailed_info": true, "wines_count": 801751}], "foods": [{"id": 4, "name": "Beef", "background_image": {"location": "//images.vivino.com/backgrounds/foods/4_beef.png", "variations": {"small": "//images.vivino.com/backgrounds/foods/thumbs/4_beef_932x810.png"}}, "seo_name": "beef"}, {"id": 8, "name": "Lamb", "background_image": {"location": "//images.vivino.com/backgrounds/foods/8_lamb.png", "variations": {"small": "//images.vivino.com/backgrounds/foods/thumbs/8_lamb_932x810.png"}}, "seo_name": "lamb"}, {"id": 20, "name": "Poultry", "background_image": {"location": "//images.vivino.com/backgrounds/foods/20_chicken.png", "variations": {"small": "//images.vivino.com/backgrounds/foods/thumbs/20_chicken_932x810.png"}}, "seo_name": "poultry"}], "non_vintage": false, "alcohol": 0, "sweetness_id": null, "closure": null, "vintage_mask_raw": null, "updated_at": "2020-10-21T14:01:23Z", "created_at": "2020-10-21T14:01:07Z", "is_first_wine": false, "style": {"id": 42, "seo_name": "australian-cabernet-shiraz", "regional_name": "Australian", "varietal_name": "Cabernet - Shiraz", "name": "Australian Cabernet - Shiraz", "image": null, "background_image": null, "description": "By far, the most popular grape in Australia is Shiraz. With its lush, dark fruit, earth, and spice flavors that it is known for, it is very popular throughout the world.\n\nWhen it is combined with Cabernet Sauvignon to add some muscle and complexity to the wine, it can especially make some of the best wines in the world.\n\nThe popularity of blending Shiraz with a little bit of Cabernet Sauvignon in Australia is largely thanks to the Penfold's wine \u201cGrange\u201d. It is one of the most revered (and expensive) wines in the world and they have been using this blend since it began in the 1950s.\n\nThe Australian Shiraz is known for being really rich and packed with dark fruit flavors, which are complemented by flavors of chocolate, spice, leather, and earth. These luscious wines are made even stronger and more complex ", "blurb": null, "interesting_facts": ["The grapes Shiraz and Syrah are the same exact grape, but with different names.", "The first year that Penfolds \u201cGrange\u201d was made was 1951.", "Unlike most of the world's most expensive wines, \u201cGrange\u201d is made from a collection of different vineyards and is slightly different every single year.", "The grape Petite Sirah is not the same as the Syrah grape.", "In 1831, James Busby introduced Syrah to Australia."], "body": 5, "body_description": "Very full-bodied", "acidity": 3, "acidity_description": "High", "country": {"code": "au", "name": "Australia", "native_name": "Australia", "seo_name": "australia", "currency": {"code": "AUD", "name": "Australian Dollars", "prefix": "$", "suffix": null}, "regions_count": 120, "users_count": 896308, "wines_count": 110347, "wineries_count": 13531, "most_used_grapes": [{"id": 1, "name": "Shiraz/Syrah", "seo_name": "shiraz-syrah", "has_detailed_info": true, "wines_count": 551112}, {"id": 2, "name": "Cabernet Sauvignon", "seo_name": "cabernet-sauvignon", "has_detailed_info": true, "wines_count": 801751}, {"id": 5, "name": "Chardonnay", "seo_name": "chardonnay", "has_detailed_info": true, "wines_count": 604208}]}, "wine_type_id": 1, "food": [{"id": 4, "name": "Beef", "background_image": {"location": "//images.vivino.com/backgrounds/foods/4_beef.png", "variations": {"small": "//images.vivino.com/backgrounds/foods/thumbs/4_beef_932x810.png"}}, "seo_name": "beef"}, {"id": 8, "name": "Lamb", "background_image": {"location": "//images.vivino.com/backgrounds/foods/8_lamb.png", "variations": {"small": "//images.vivino.com/backgrounds/foods/thumbs/8_lamb_932x810.png"}}, "seo_name": "lamb"}, {"id": 20, "name": "Poultry", "background_image": {"location": "//images.vivino.com/backgrounds/foods/20_chicken.png", "variations": {"small": "//images.vivino.com/backgrounds/foods/thumbs/20_chicken_932x810.png"}}, "seo_name": "poultry"}], "grapes": [{"id": 1, "name": "Shiraz/Syrah", "seo_name": "shiraz-syrah", "has_detailed_info": true, "wines_count": 551112}, {"id": 2, "name": "Cabernet Sauvignon", "seo_name": "cabernet-sauvignon", "has_detailed_info": true, "wines_count": 801751}], "region": null}, "has_valid_ratings": false}, "highlights": [], "recommended_vintages": [], "prices_and_availabilities": [], "price_range": {"currency": {"code": "EUR", "name": "Euros", "prefix": "\u20ac", "suffix": null}, "price_range": {"minimum": 0, "maximum": 500, "currency_code": "EUR"}, "defaults": {"minimum": 7, "maximum": 30, "currency_code": "EUR"}}, "subtotal_price": null}