{"vintage": {"id": 163402596, "seo_name": "kellerei-eisacktal-cantina-valle-isarco-sylvaner-2020", "name": "Kellerei Eisacktal - Cantina Valle Isarco Sylvaner 2020", "statistics": {"status": "Normal", "ratings_count": 106, "ratings_average": 3.9, "labels_count": 752, "reviews_count": 40}, "organic_certification_id": null, "certified_biodynamic": null, "image": {"location": "//images.vivino.com/thumbs/A0l0sfkqTYat8YxL2-e8iQ_pl_480x640.png", "variations": {"bottle_large": "//images.vivino.com/thumbs/A0l0sfkqTYat8YxL2-e8iQ_pb_x960.png", "bottle_medium": "//images.vivino.com/thumbs/A0l0sfkqTYat8YxL2-e8iQ_pb_x600.png", "bottle_medium_square": "//images.vivino.com/thumbs/A0l0sfkqTYat8YxL2-e8iQ_pb_600x600.png", "bottle_small": "//images.vivino.com/thumbs/A0l0sfkqTYat8YxL2-e8iQ_pb_x300.png", "bottle_small_square": "//images.vivino.com/thumbs/A0l0sfkqTYat8YxL2-e8iQ_pb_300x300.png", "label": "//images.vivino.com/thumbs/A0l0sfkqTYat8YxL2-e8iQ_pl_480x640.png", "label_large": "//images.vivino.com/thumbs/A0l0sfkqTYat8YxL2-e8iQ_pl_375x500.png", "label_medium": "//images.vivino.com/thumbs/A0l0sfkqTYat8YxL2-e8iQ_pl_150x200.png", "label_medium_square": "//images.vivino.com/thumbs/A0l0sfkqTYat8YxL2-e8iQ_pl_150x150.png", "label_small_square": "//images.vivino.com/thumbs/A0l0sfkqTYat8YxL2-e8iQ_pl_80x80.png", "large": "//images.vivino.com/thumbs/A0l0sfkqTYat8YxL2-e8iQ_pl_375x500.png", "medium": "//images.vivino.com/thumbs/A0l0sfkqTYat8YxL2-e8iQ_pl_150x200.png", "medium_square": "//images.vivino.com/thumbs/A0l0sfkqTYat8YxL2-e8iQ_pl_150x150.png", "small_square": "//images.vivino.com/thumbs/A0l0sfkqTYat8YxL2-e8iQ_pl_80x80.png"}}, "wine": {"id": 1167370, "name": "Sylvaner", "seo_name": "sylvaner", "type_id": 2, "vintage_type": 0, "is_natural": false, "region": {"id": 661, "name": "S\u00fcdtirol - Alto Adige", "name_en": "Alto Adige (S\u00fcdtirol)", "seo_name": "alto-adige", "country": {"code": "it", "name": "Italien", "native_name": "Italia", "seo_name": "italy", "currency": {"code": "EUR", "name": "Euros", "prefix": "\u20ac", "suffix": null}, "regions_count": 555, "users_count": 3800165, "wines_count": 351993, "wineries_count": 41153, "most_used_grapes": [{"id": 16, "name": "Sangiovese", "seo_name": "sangiovese", "has_detailed_info": true, "wines_count": 123993}, {"id": 10, "name": "Merlot", "seo_name": "merlot", "has_detailed_info": true, "wines_count": 560926}, {"id": 5, "name": "Chardonnay", "seo_name": "chardonnay", "has_detailed_info": true, "wines_count": 597329}]}, "parent_id": 576, "background_image": {"location": "//images.vivino.com/regions/backgrounds/fwSJeiXsQKa5CAbMMDKygA.jpeg", "variations": {"large": "//thumbs.vivino.com/region_backgrounds/fwSJeiXsQKa5CAbMMDKygA_1280x760.jpeg", "medium": "//thumbs.vivino.com/region_backgrounds/fwSJeiXsQKa5CAbMMDKygA_600x356.jpeg"}}, "class": {"typecast_map": {"background_image": {}, "class": {}}}, "statistics": {"wineries_count": 298, "wines_count": 3514, "sub_regions_count": 3, "parent_regions_count": 1}}, "review_status": 2, "winery": {"id": 11464, "name": "Kellerei Eisacktal - Cantina Valle Isarco", "seo_name": "kellerei-eisacktal-cantina-valle-isarco", "status": 3, "review_status": "Completed", "dashboard_url": "https://analytics-pbl.vivino.com/dashboards-next/8", "background_image": {"location": "//images.vivino.com/wineries/backgrounds/Oo25ZoEGQ3CPzlPh3vMRQQ.jpeg", "variations": {"large": "//thumbs.vivino.com/winery_backgrounds/Oo25ZoEGQ3CPzlPh3vMRQQ_2560x1520.jpeg", "medium": "//thumbs.vivino.com/winery_backgrounds/Oo25ZoEGQ3CPzlPh3vMRQQ_1280x760.jpeg", "small": "//thumbs.vivino.com/winery_backgrounds/Oo25ZoEGQ3CPzlPh3vMRQQ_600x356.jpeg"}}, "statistics": {"ratings_count": 17687, "ratings_average": 3.8, "labels_count": 91127, "wines_count": 46}, "region": {"id": 661, "name": "S\u00fcdtirol - Alto Adige", "name_en": "Alto Adige (S\u00fcdtirol)", "seo_name": "alto-adige", "country": {"code": "it", "name": "Italien", "native_name": "Italia", "seo_name": "italy", "currency": {"code": "EUR", "name": "Euros", "prefix": "\u20ac", "suffix": null}, "regions_count": 555, "users_count": 3800165, "wines_count": 351993, "wineries_count": 41153, "most_used_grapes": [{"id": 16, "name": "Sangiovese", "seo_name": "sangiovese", "has_detailed_info": true, "wines_count": 123993}, {"id": 10, "name": "Merlot", "seo_name": "merlot", "has_detailed_info": true, "wines_count": 560926}, {"id": 5, "name": "Chardonnay", "seo_name": "chardonnay", "has_detailed_info": true, "wines_count": 597329}]}, "parent_id": 576, "background_image": {"location": "//images.vivino.com/regions/backgrounds/fwSJeiXsQKa5CAbMMDKygA.jpeg", "variations": {"large": "//thumbs.vivino.com/region_backgrounds/fwSJeiXsQKa5CAbMMDKygA_1280x760.jpeg", "medium": "//thumbs.vivino.com/region_backgrounds/fwSJeiXsQKa5CAbMMDKygA_600x356.jpeg"}}, "class": {"typecast_map": {"background_image": {}, "class": {}}}, "statistics": {"wineries_count": 298, "wines_count": 3514, "sub_regions_count": 3, "parent_regions_count": 1}}, "business_name": "Eisacktaler Kellerei Cantina Valle Isarco", "description": "In the middle of the Italian Alps our Cantina produces unique mountain wines.<br><br>The Cantina Valle Isarco is Alto Adige\u2019s youngest cooperative winery. Founded in 1961 by 24 farmers, today 130 members cultivate 150 hectares on what is the northernmost territory of Italian wine-growing. Because the Isarco Valley offers ideal growing conditions for white grapes white wines make up 97 per cent of production at Cantina Valle Isarco.<br><br>The winery has specialized on varietals such as Kerner, Sylvaner, Gr\u00fcner Veltliner, Riesling and Gew\u00fcrztraminer. Cool nights and warm days during harvest time result in fresh, fruity and mineral white wines.<br><br>Steep vineyards are located at high altitudes of up to 1000 metres above sea level. Where mountain tops meet mediterranean hills Cantina Valle Isarco produces wines that are full of energy and personality, thanks to different soils, terrains, aspects and microclimates. The vines\u2019 roots stretch deep into the soil to absorb precious nutrients. Cantina Valle Isarco\u2019s 130 farmers are proud of the elegance and personality of their wines.", "specialists_notes": "", "phone": "39 0472 847553", "email": "info@cantinavalleisarco.it", "facebook": "https://www.facebook.com/KellereiEisacktal", "instagram": "https://www.instagram.com/cantina_valleisarco/", "is_claimed": true, "twitter": "", "website": "http://www.cantinavalleisarco.it", "winemaker": "Hannes Munter", "wine_maker": {"id": 11088, "name": "Hannes Munter"}, "address": {"title": null, "name": null, "street": "Loc. Coste 50", "street2": null, "neighborhood": null, "city": "Chiusa (BZ)", "zip": "39043", "state": "Alessandria", "country": {"code": "it", "name": "Italien", "native_name": "Italia", "seo_name": "italy", "currency": {"code": "EUR", "name": "Euros", "prefix": "\u20ac", "suffix": null}, "regions_count": 555, "users_count": 3800165, "wines_count": 351993, "wineries_count": 41153, "most_used_grapes": [{"id": 16, "name": "Sangiovese", "seo_name": "sangiovese", "has_detailed_info": true, "wines_count": 123993}, {"id": 10, "name": "Merlot", "seo_name": "merlot", "has_detailed_info": true, "wines_count": 560926}, {"id": 5, "name": "Chardonnay", "seo_name": "chardonnay", "has_detailed_info": true, "wines_count": 597329}]}, "company": null, "phone": null, "external_id": null, "residential": null, "vat_number": null, "vat_code": null, "addition": null}, "image": {"location": "//images.vivino.com/wineries/11464/logos/yq_TOBVURpCcfkv0tTLZ4Q.jpeg", "variations": {"large": "//thumbs.vivino.com/wineries/11464/logos/yq_TOBVURpCcfkv0tTLZ4Q_500x500.jpeg", "medium": "//thumbs.vivino.com/wineries/11464/logos/yq_TOBVURpCcfkv0tTLZ4Q_200x200.jpeg", "small_square": "//thumbs.vivino.com/wineries/11464/logos/yq_TOBVURpCcfkv0tTLZ4Q_80x80.jpeg"}}, "background_video": "https://images.vivino.com/misc/winery_videos/11464_eisacktalerkellerei_video.mp4", "location": null, "winery_group": null, "first_wines": [], "sponsored_entity_type": null, "sponsored_entity": null}, "statistics": {"status": "Normal", "ratings_count": 1818, "ratings_average": 3.7, "labels_count": 9383, "vintages_count": 31}, "rank": {"country": {"description": "Rang von Italien", "total": 210247, "rank": 20333}, "region": {"description": "Rang von Weinregion", "total": 2929, "rank": 555}, "winery": {"description": "Rang vom Weingut", "total": 46, "rank": 13}, "wine_type": {"description": "Rang in allen Wei\u00dfwein", "total": 394073, "rank": 24993}, "global": {"description": "Weltweiter Rang", "total": 1287385, "rank": 101024}}, "hidden": false, "vintages": [{"id": 169153080, "seo_name": "kellerei-eisacktal-cantina-valle-isarco-sylvaner-2021", "name": "Kellerei Eisacktal - Cantina Valle Isarco Sylvaner 2021", "statistics": {"status": "BelowThreshold", "ratings_count": 1, "ratings_average": 0, "labels_count": 1, "reviews_count": 0}, "year": 2021, "grapes": null, "has_valid_ratings": false}, {"id": 163402596, "seo_name": "kellerei-eisacktal-cantina-valle-isarco-sylvaner-2020", "name": "Kellerei Eisacktal - Cantina Valle Isarco Sylvaner 2020", "statistics": {"status": "Normal", "ratings_count": 106, "ratings_average": 3.9, "labels_count": 752, "reviews_count": 40}, "year": 2020, "grapes": null, "has_valid_ratings": true}, {"id": 162994963, "seo_name": "kellerei-eisacktal-cantina-valle-isarco-sylvaner-2019", "name": "Kellerei Eisacktal - Cantina Valle Isarco Sylvaner 2019", "statistics": {"status": "Normal", "ratings_count": 205, "ratings_average": 3.7, "labels_count": 1461, "reviews_count": 75}, "year": 2019, "grapes": null, "has_valid_ratings": true}, {"id": 159480964, "seo_name": "kellerei-eisacktal-cantina-valle-isarco-sylvaner-2018", "name": "Kellerei Eisacktal - Cantina Valle Isarco Sylvaner 2018", "statistics": {"status": "Normal", "ratings_count": 262, "ratings_average": 3.8, "labels_count": 1685, "reviews_count": 94}, "year": 2018, "grapes": null, "has_valid_ratings": true}, {"id": 152256194, "seo_name": "kellerei-eisacktal-cantina-valle-isarco-sylvaner-2017", "name": "Kellerei Eisacktal - Cantina Valle Isarco Sylvaner 2017", "statistics": {"status": "Normal", "ratings_count": 291, "ratings_average": 3.8, "labels_count": 1682, "reviews_count": 102}, "year": 2017, "grapes": null, "has_valid_ratings": true}, {"id": 149735030, "seo_name": "kellerei-eisacktal-cantina-valle-isarco-sylvaner-2016", "name": "Kellerei Eisacktal - Cantina Valle Isarco Sylvaner 2016", "statistics": {"status": "Normal", "ratings_count": 269, "ratings_average": 3.8, "labels_count": 1190, "reviews_count": 97}, "year": 2016, "grapes": null, "has_valid_ratings": true}, {"id": 32569077, "seo_name": "kellerei-eisacktal-cantina-valle-isarco-sylvaner-2015", "name": "Kellerei Eisacktal - Cantina Valle Isarco Sylvaner 2015", "statistics": {"status": "Normal", "ratings_count": 192, "ratings_average": 3.6, "labels_count": 817, "reviews_count": 55}, "year": 2015, "grapes": null, "has_valid_ratings": true}, {"id": 20371453, "seo_name": "kellerei-eisacktal-cantina-valle-isarco-sylvaner-2014", "name": "Kellerei Eisacktal - Cantina Valle Isarco Sylvaner 2014", "statistics": {"status": "Normal", "ratings_count": 126, "ratings_average": 3.7, "labels_count": 478, "reviews_count": 33}, "year": 2014, "grapes": null, "has_valid_ratings": true}, {"id": 4363741, "seo_name": "kellerei-eisacktal-cantina-valle-isarco-sylvaner-2013", "name": "Kellerei Eisacktal - Cantina Valle Isarco Sylvaner 2013", "statistics": {"status": "Normal", "ratings_count": 187, "ratings_average": 3.6, "labels_count": 649, "reviews_count": 58}, "year": 2013, "grapes": null, "has_valid_ratings": true}, {"id": 2373614, "seo_name": "kellerei-eisacktal-cantina-valle-isarco-sylvaner-2012", "name": "Kellerei Eisacktal - Cantina Valle Isarco Sylvaner 2012", "statistics": {"status": "Normal", "ratings_count": 71, "ratings_average": 3.6, "labels_count": 308, "reviews_count": 21}, "year": 2012, "grapes": null, "has_valid_ratings": true}, {"id": 1558272, "seo_name": "kellerei-eisacktal-cantina-valle-isarco-sylvaner-2011", "name": "Kellerei Eisacktal - Cantina Valle Isarco Sylvaner 2011", "statistics": {"status": "Normal", "ratings_count": 20, "ratings_average": 3.3, "labels_count": 140, "reviews_count": 6}, "year": 2011, "grapes": null, "has_valid_ratings": true}, {"id": 1218766, "seo_name": "kellerei-eisacktal-cantina-valle-isarco-sylvaner-2010", "name": "Kellerei Eisacktal - Cantina Valle Isarco Sylvaner 2010", "statistics": {"status": "BelowThreshold", "ratings_count": 6, "ratings_average": 0, "labels_count": 26, "reviews_count": 1}, "year": 2010, "grapes": null, "has_valid_ratings": false}, {"id": 2498103, "seo_name": "kellerei-eisacktal-cantina-valle-isarco-sylvaner-2009", "name": "Kellerei Eisacktal - Cantina Valle Isarco Sylvaner 2009", "statistics": {"status": "BelowThreshold", "ratings_count": 5, "ratings_average": 0, "labels_count": 16, "reviews_count": 1}, "year": 2009, "grapes": null, "has_valid_ratings": false}, {"id": 2411039, "seo_name": "kellerei-eisacktal-cantina-valle-isarco-sylvaner-2008", "name": "Kellerei Eisacktal - Cantina Valle Isarco Sylvaner 2008", "statistics": {"status": "BelowThreshold", "ratings_count": 3, "ratings_average": 0, "labels_count": 14, "reviews_count": 1}, "year": 2008, "grapes": null, "has_valid_ratings": false}, {"id": 27383724, "seo_name": "kellerei-eisacktal-cantina-valle-isarco-sylvaner-2007", "name": "Kellerei Eisacktal - Cantina Valle Isarco Sylvaner 2007", "statistics": {"status": "BelowThreshold", "ratings_count": 1, "ratings_average": 0, "labels_count": 7, "reviews_count": 1}, "year": 2007, "grapes": null, "has_valid_ratings": false}, {"id": 4145842, "seo_name": "kellerei-eisacktal-cantina-valle-isarco-sylvaner-2005", "name": "Kellerei Eisacktal - Cantina Valle Isarco Sylvaner 2005", "statistics": {"status": "BelowThreshold", "ratings_count": 1, "ratings_average": 0, "labels_count": 4, "reviews_count": 1}, "year": 2005, "grapes": null, "has_valid_ratings": false}, {"id": 152188228, "seo_name": "kellerei-eisacktal-cantina-valle-isarco-sylvaner-2001", "name": "Kellerei Eisacktal - Cantina Valle Isarco Sylvaner 2001", "statistics": {"status": "BelowThreshold", "ratings_count": 1, "ratings_average": 0, "labels_count": 2, "reviews_count": 0}, "year": 2001, "grapes": null, "has_valid_ratings": false}, {"id": 155422697, "seo_name": "kellerei-eisacktal-cantina-valle-isarco-sylvaner-1998", "name": "Kellerei Eisacktal - Cantina Valle Isarco Sylvaner 1998", "statistics": {"status": "BelowThreshold", "ratings_count": 1, "ratings_average": 0, "labels_count": 0, "reviews_count": 0}, "year": 1998, "grapes": null, "has_valid_ratings": false}, {"id": 164558718, "seo_name": "kellerei-eisacktal-cantina-valle-isarco-sylvaner-1993", "name": "Kellerei Eisacktal - Cantina Valle Isarco Sylvaner 1993", "statistics": {"status": "BelowThreshold", "ratings_count": 1, "ratings_average": 0, "labels_count": 1, "reviews_count": 0}, "year": 1993, "grapes": null, "has_valid_ratings": false}, {"id": 4777557, "seo_name": "kellerei-eisacktal-cantina-valle-isarco-sylvaner-uv", "name": "Kellerei Eisacktal - Cantina Valle Isarco Sylvaner", "statistics": {"status": "Normal", "ratings_count": 1818, "ratings_average": 3.7, "labels_count": 36, "reviews_count": 20}, "year": 0, "grapes": null, "has_valid_ratings": true}], "description": "From pale yellow to greenish pleasantly fresh and fruity, with hints of peach, apple and apricot dry, aromatic, pleasantly fresh, with harmonious body", "grapes": [{"id": 114, "name": "Sylvaner", "seo_name": "sylvaner", "has_detailed_info": false, "wines_count": 7964}], "foods": [{"id": 5, "name": "Pasta", "background_image": {"location": "//images.vivino.com/backgrounds/foods/5_pasta.png", "variations": {"small": "//images.vivino.com/backgrounds/foods/thumbs/5_pasta_932x810.png"}}, "seo_name": null}, {"id": 13, "name": "Schalentiere", "background_image": {"location": "//images.vivino.com/backgrounds/foods/13_shellfish.png", "variations": {"small": "//images.vivino.com/backgrounds/foods/thumbs/13_shellfish_932x810.png"}}, "seo_name": "shellfish"}, {"id": 17, "name": "Reife K\u00e4sesorten und Hartk\u00e4se", "background_image": {"location": "//images.vivino.com/backgrounds/foods/17_hardcheese.png", "variations": {"small": "//images.vivino.com/backgrounds/foods/thumbs/17_hardcheese_932x810.png"}}, "seo_name": null}, {"id": 28, "name": "Magerer Fisch", "background_image": {"location": "//images.vivino.com/backgrounds/foods/28_leanfish.png", "variations": {"small": "//images.vivino.com/backgrounds/foods/thumbs/28_leanfish_932x810.png"}}, "seo_name": null}, {"id": 41, "name": "Ger\u00e4ucherte Fleischprodukte", "background_image": {"location": "//images.vivino.com/backgrounds/foods/41_curedmeat.png", "variations": {"small": "//images.vivino.com/backgrounds/foods/thumbs/41_curedmeat_932x810.png"}}, "seo_name": null}], "non_vintage": false, "alcohol": 13.5, "sweetness_id": null, "closure": null, "vintage_mask_raw": null, "updated_at": "2021-08-31T19:25:12Z", "created_at": "2011-08-06T12:28:08Z", "is_first_wine": false, "style": {"id": 131, "seo_name": "northern-italy-white", "regional_name": "Northern Italy", "varietal_name": "White", "name": "Norditalien Wei\u00df", "image": null, "background_image": {"location": "//images.vivino.com/backgrounds/styles/tWQtajLuSO6l9TkwsXH-fw.jpg", "variations": {"small": "//images.vivino.com/backgrounds/styles/thumbs/tWQtajLuSO6l9TkwsXH-fw_932x810.jpg"}}, "description": "Often better known for red varieties, Northern Italy has a number of delicious and drinkable white wines. To know Northern Italian wines is to know the influences of the wines of the countries that border Italy.\n\nOld World wines tend to be far less about fruit-forward  flavors, and more about the effect that the climate, soil, and adjacently growing flora (terroir) have on the grapes during their growth.\n\nThe most widely recognizable varietal is Pinot Grigio which is very rustic, medium-bodied, with medium to high acidity. Chardonnay seems to grow anywhere grapes can grow; although Italian varieties are not normally coveted quality.\n\nGew\u00fcrztraminer usually makes us think of Germany, but it's also thriving in Northern Italy. The warmer climate imparts a little less sugar and little more acidity than its German cousin.\n\nThen there is Moscato. From the northwest Piedmont region, this wine is sweet and very popular in North America, and comes in both still and sparkling varieties.\n\nWhatever your choice, taking a tour of Italian white wines is an enjoyable experience that you will be thankful you took.", "blurb": null, "interesting_facts": ["More wine is produced in Italy than any other country, and wine has been made there for nearly 3000 years.", "There are over 3000 different grape varietals in Italy.", "There is more than 2 lbs (2 kilo) of grapes in each bottle of Italian wine."], "body": 3, "body_description": "Mittlerer K\u00f6rper", "acidity": 3, "acidity_description": "Hoch", "country": {"code": "it", "name": "Italien", "native_name": "Italia", "seo_name": "italy", "currency": {"code": "EUR", "name": "Euros", "prefix": "\u20ac", "suffix": null}, "regions_count": 555, "users_count": 3800165, "wines_count": 351993, "wineries_count": 41153, "most_used_grapes": [{"id": 16, "name": "Sangiovese", "seo_name": "sangiovese", "has_detailed_info": true, "wines_count": 123993}, {"id": 10, "name": "Merlot", "seo_name": "merlot", "has_detailed_info": true, "wines_count": 560926}, {"id": 5, "name": "Chardonnay", "seo_name": "chardonnay", "has_detailed_info": true, "wines_count": 597329}]}, "wine_type_id": 2, "food": [{"id": 5, "name": "Pasta", "background_image": {"location": "//images.vivino.com/backgrounds/foods/5_pasta.png", "variations": {"small": "//images.vivino.com/backgrounds/foods/thumbs/5_pasta_932x810.png"}}, "seo_name": null}, {"id": 13, "name": "Shellfish", "background_image": {"location": "//images.vivino.com/backgrounds/foods/13_shellfish.png", "variations": {"small": "//images.vivino.com/backgrounds/foods/thumbs/13_shellfish_932x810.png"}}, "seo_name": "shellfish"}, {"id": 17, "name": "Mature and hard cheese", "background_image": {"location": "//images.vivino.com/backgrounds/foods/17_hardcheese.png", "variations": {"small": "//images.vivino.com/backgrounds/foods/thumbs/17_hardcheese_932x810.png"}}, "seo_name": null}, {"id": 28, "name": "Lean fish", "background_image": {"location": "//images.vivino.com/backgrounds/foods/28_leanfish.png", "variations": {"small": "//images.vivino.com/backgrounds/foods/thumbs/28_leanfish_932x810.png"}}, "seo_name": null}, {"id": 41, "name": "Cured Meat", "background_image": {"location": "//images.vivino.com/backgrounds/foods/41_curedmeat.png", "variations": {"small": "//images.vivino.com/backgrounds/foods/thumbs/41_curedmeat_932x810.png"}}, "seo_name": null}], "grapes": [{"id": 29, "name": "Arneis", "seo_name": "arneis", "has_detailed_info": false, "wines_count": 6716}, {"id": 36, "name": "Pinot Blanc", "seo_name": "pinot-blanc", "has_detailed_info": false, "wines_count": 48247}, {"id": 77, "name": "Cortese", "seo_name": "cortese", "has_detailed_info": false, "wines_count": 5440}, {"id": 105, "name": "Tocai Friulano", "seo_name": "tocai-friulano", "has_detailed_info": false, "wines_count": 2042}], "region": null}, "has_valid_ratings": true}, "description": "", "expert_reviews": null, "wine_critic_reviews": [], "awards": [], "ratings_distribution": {"1": 1, "2": 2, "3": 40, "4": 49, "5": 14}, "ranking": {"country": {"description": "Rang von Italien", "total": 1543866, "rank": 93796}, "region": {"description": "Rang von Weinregion", "total": 27195, "rank": 2075}, "winery": {"description": "Rang vom Weingut", "total": 468, "rank": 29}, "global": {"description": "Weltweiter Rang", "total": 8825165, "rank": 475668}}, "wine_facts": {"alcohol": 13.5}, "winemaker": null, "wine_maker": null, "grape_composition": {}, "year": 2020, "grapes": null, "has_valid_ratings": true}, "carts": null, "price_range": {"currency": {"code": "EUR", "name": "Euros", "prefix": "\u20ac", "suffix": null}, "price_range": {"minimum": 0, "maximum": 500, "currency_code": "EUR"}, "defaults": {"minimum": 7, "maximum": 30, "currency_code": "EUR"}}, "subtotal_price": null, "full_region": null, "tastes": null, "wine": {"id": 1167370, "name": "Sylvaner", "seo_name": "sylvaner", "type_id": 2, "vintage_type": 0, "is_natural": false, "region": {"id": 661, "name": "S\u00fcdtirol - Alto Adige", "name_en": "Alto Adige (S\u00fcdtirol)", "seo_name": "alto-adige", "country": {"code": "it", "name": "Italien", "native_name": "Italia", "seo_name": "italy", "currency": {"code": "EUR", "name": "Euros", "prefix": "\u20ac", "suffix": null}, "regions_count": 555, "users_count": 3800165, "wines_count": 351993, "wineries_count": 41153, "most_used_grapes": [{"id": 16, "name": "Sangiovese", "seo_name": "sangiovese", "has_detailed_info": true, "wines_count": 123993}, {"id": 10, "name": "Merlot", "seo_name": "merlot", "has_detailed_info": true, "wines_count": 560926}, {"id": 5, "name": "Chardonnay", "seo_name": "chardonnay", "has_detailed_info": true, "wines_count": 597329}]}, "parent_id": 576, "background_image": {"location": "//images.vivino.com/regions/backgrounds/fwSJeiXsQKa5CAbMMDKygA.jpeg", "variations": {"large": "//thumbs.vivino.com/region_backgrounds/fwSJeiXsQKa5CAbMMDKygA_1280x760.jpeg", "medium": "//thumbs.vivino.com/region_backgrounds/fwSJeiXsQKa5CAbMMDKygA_600x356.jpeg"}}, "class": {"typecast_map": {"background_image": {}, "class": {}}}, "statistics": {"wineries_count": 298, "wines_count": 3514, "sub_regions_count": 3, "parent_regions_count": 1}}, "review_status": 2, "winery": {"id": 11464, "name": "Kellerei Eisacktal - Cantina Valle Isarco", "seo_name": "kellerei-eisacktal-cantina-valle-isarco", "status": 3, "review_status": "Completed", "dashboard_url": "https://analytics-pbl.vivino.com/dashboards-next/8", "background_image": {"location": "//images.vivino.com/wineries/backgrounds/Oo25ZoEGQ3CPzlPh3vMRQQ.jpeg", "variations": {"large": "//thumbs.vivino.com/winery_backgrounds/Oo25ZoEGQ3CPzlPh3vMRQQ_2560x1520.jpeg", "medium": "//thumbs.vivino.com/winery_backgrounds/Oo25ZoEGQ3CPzlPh3vMRQQ_1280x760.jpeg", "small": "//thumbs.vivino.com/winery_backgrounds/Oo25ZoEGQ3CPzlPh3vMRQQ_600x356.jpeg"}}, "statistics": {"ratings_count": 17687, "ratings_average": 3.8, "labels_count": 91127, "wines_count": 46}, "region": {"id": 661, "name": "S\u00fcdtirol - Alto Adige", "name_en": "Alto Adige (S\u00fcdtirol)", "seo_name": "alto-adige", "country": {"code": "it", "name": "Italien", "native_name": "Italia", "seo_name": "italy", "currency": {"code": "EUR", "name": "Euros", "prefix": "\u20ac", "suffix": null}, "regions_count": 555, "users_count": 3800165, "wines_count": 351993, "wineries_count": 41153, "most_used_grapes": [{"id": 16, "name": "Sangiovese", "seo_name": "sangiovese", "has_detailed_info": true, "wines_count": 123993}, {"id": 10, "name": "Merlot", "seo_name": "merlot", "has_detailed_info": true, "wines_count": 560926}, {"id": 5, "name": "Chardonnay", "seo_name": "chardonnay", "has_detailed_info": true, "wines_count": 597329}]}, "parent_id": 576, "background_image": {"location": "//images.vivino.com/regions/backgrounds/fwSJeiXsQKa5CAbMMDKygA.jpeg", "variations": {"large": "//thumbs.vivino.com/region_backgrounds/fwSJeiXsQKa5CAbMMDKygA_1280x760.jpeg", "medium": "//thumbs.vivino.com/region_backgrounds/fwSJeiXsQKa5CAbMMDKygA_600x356.jpeg"}}, "class": {"typecast_map": {"background_image": {}, "class": {}}}, "statistics": {"wineries_count": 298, "wines_count": 3514, "sub_regions_count": 3, "parent_regions_count": 1}}, "business_name": "Eisacktaler Kellerei Cantina Valle Isarco", "description": "In the middle of the Italian Alps our Cantina produces unique mountain wines.<br><br>The Cantina Valle Isarco is Alto Adige\u2019s youngest cooperative winery. Founded in 1961 by 24 farmers, today 130 members cultivate 150 hectares on what is the northernmost territory of Italian wine-growing. Because the Isarco Valley offers ideal growing conditions for white grapes white wines make up 97 per cent of production at Cantina Valle Isarco.<br><br>The winery has specialized on varietals such as Kerner, Sylvaner, Gr\u00fcner Veltliner, Riesling and Gew\u00fcrztraminer. Cool nights and warm days during harvest time result in fresh, fruity and mineral white wines.<br><br>Steep vineyards are located at high altitudes of up to 1000 metres above sea level. Where mountain tops meet mediterranean hills Cantina Valle Isarco produces wines that are full of energy and personality, thanks to different soils, terrains, aspects and microclimates. The vines\u2019 roots stretch deep into the soil to absorb precious nutrients. Cantina Valle Isarco\u2019s 130 farmers are proud of the elegance and personality of their wines.", "specialists_notes": "", "phone": "39 0472 847553", "email": "info@cantinavalleisarco.it", "facebook": "https://www.facebook.com/KellereiEisacktal", "instagram": "https://www.instagram.com/cantina_valleisarco/", "is_claimed": true, "twitter": "", "website": "http://www.cantinavalleisarco.it", "winemaker": "Hannes Munter", "wine_maker": {"id": 11088, "name": "Hannes Munter"}, "address": {"title": null, "name": null, "street": "Loc. Coste 50", "street2": null, "neighborhood": null, "city": "Chiusa (BZ)", "zip": "39043", "state": "Alessandria", "country": {"code": "it", "name": "Italien", "native_name": "Italia", "seo_name": "italy", "currency": {"code": "EUR", "name": "Euros", "prefix": "\u20ac", "suffix": null}, "regions_count": 555, "users_count": 3800165, "wines_count": 351993, "wineries_count": 41153, "most_used_grapes": [{"id": 16, "name": "Sangiovese", "seo_name": "sangiovese", "has_detailed_info": true, "wines_count": 123993}, {"id": 10, "name": "Merlot", "seo_name": "merlot", "has_detailed_info": true, "wines_count": 560926}, {"id": 5, "name": "Chardonnay", "seo_name": "chardonnay", "has_detailed_info": true, "wines_count": 597329}]}, "company": null, "phone": null, "external_id": null, "residential": null, "vat_number": null, "vat_code": null, "addition": null}, "image": {"location": "//images.vivino.com/wineries/11464/logos/yq_TOBVURpCcfkv0tTLZ4Q.jpeg", "variations": {"large": "//thumbs.vivino.com/wineries/11464/logos/yq_TOBVURpCcfkv0tTLZ4Q_500x500.jpeg", "medium": "//thumbs.vivino.com/wineries/11464/logos/yq_TOBVURpCcfkv0tTLZ4Q_200x200.jpeg", "small_square": "//thumbs.vivino.com/wineries/11464/logos/yq_TOBVURpCcfkv0tTLZ4Q_80x80.jpeg"}}, "background_video": "https://images.vivino.com/misc/winery_videos/11464_eisacktalerkellerei_video.mp4", "location": null, "winery_group": null, "first_wines": [], "sponsored_entity_type": null, "sponsored_entity": null}, "statistics": {"status": "Normal", "ratings_count": 1818, "ratings_average": 3.7, "labels_count": 9383, "vintages_count": 31}, "rank": {"country": {"description": "Rang von Italien", "total": 210247, "rank": 20333}, "region": {"description": "Rang von Weinregion", "total": 2929, "rank": 555}, "winery": {"description": "Rang vom Weingut", "total": 46, "rank": 13}, "wine_type": {"description": "Rang in allen Wei\u00dfwein", "total": 394073, "rank": 24993}, "global": {"description": "Weltweiter Rang", "total": 1287385, "rank": 101024}}, "hidden": false, "vintages": [{"id": 169153080, "seo_name": "kellerei-eisacktal-cantina-valle-isarco-sylvaner-2021", "name": "Kellerei Eisacktal - Cantina Valle Isarco Sylvaner 2021", "statistics": {"status": "BelowThreshold", "ratings_count": 1, "ratings_average": 0, "labels_count": 1, "reviews_count": 0}, "year": 2021, "grapes": null, "has_valid_ratings": false}, {"id": 163402596, "seo_name": "kellerei-eisacktal-cantina-valle-isarco-sylvaner-2020", "name": "Kellerei Eisacktal - Cantina Valle Isarco Sylvaner 2020", "statistics": {"status": "Normal", "ratings_count": 106, "ratings_average": 3.9, "labels_count": 752, "reviews_count": 40}, "year": 2020, "grapes": null, "has_valid_ratings": true}, {"id": 162994963, "seo_name": "kellerei-eisacktal-cantina-valle-isarco-sylvaner-2019", "name": "Kellerei Eisacktal - Cantina Valle Isarco Sylvaner 2019", "statistics": {"status": "Normal", "ratings_count": 205, "ratings_average": 3.7, "labels_count": 1461, "reviews_count": 75}, "year": 2019, "grapes": null, "has_valid_ratings": true}, {"id": 159480964, "seo_name": "kellerei-eisacktal-cantina-valle-isarco-sylvaner-2018", "name": "Kellerei Eisacktal - Cantina Valle Isarco Sylvaner 2018", "statistics": {"status": "Normal", "ratings_count": 262, "ratings_average": 3.8, "labels_count": 1685, "reviews_count": 94}, "year": 2018, "grapes": null, "has_valid_ratings": true}, {"id": 152256194, "seo_name": "kellerei-eisacktal-cantina-valle-isarco-sylvaner-2017", "name": "Kellerei Eisacktal - Cantina Valle Isarco Sylvaner 2017", "statistics": {"status": "Normal", "ratings_count": 291, "ratings_average": 3.8, "labels_count": 1682, "reviews_count": 102}, "year": 2017, "grapes": null, "has_valid_ratings": true}, {"id": 149735030, "seo_name": "kellerei-eisacktal-cantina-valle-isarco-sylvaner-2016", "name": "Kellerei Eisacktal - Cantina Valle Isarco Sylvaner 2016", "statistics": {"status": "Normal", "ratings_count": 269, "ratings_average": 3.8, "labels_count": 1190, "reviews_count": 97}, "year": 2016, "grapes": null, "has_valid_ratings": true}, {"id": 32569077, "seo_name": "kellerei-eisacktal-cantina-valle-isarco-sylvaner-2015", "name": "Kellerei Eisacktal - Cantina Valle Isarco Sylvaner 2015", "statistics": {"status": "Normal", "ratings_count": 192, "ratings_average": 3.6, "labels_count": 817, "reviews_count": 55}, "year": 2015, "grapes": null, "has_valid_ratings": true}, {"id": 20371453, "seo_name": "kellerei-eisacktal-cantina-valle-isarco-sylvaner-2014", "name": "Kellerei Eisacktal - Cantina Valle Isarco Sylvaner 2014", "statistics": {"status": "Normal", "ratings_count": 126, "ratings_average": 3.7, "labels_count": 478, "reviews_count": 33}, "year": 2014, "grapes": null, "has_valid_ratings": true}, {"id": 4363741, "seo_name": "kellerei-eisacktal-cantina-valle-isarco-sylvaner-2013", "name": "Kellerei Eisacktal - Cantina Valle Isarco Sylvaner 2013", "statistics": {"status": "Normal", "ratings_count": 187, "ratings_average": 3.6, "labels_count": 649, "reviews_count": 58}, "year": 2013, "grapes": null, "has_valid_ratings": true}, {"id": 2373614, "seo_name": "kellerei-eisacktal-cantina-valle-isarco-sylvaner-2012", "name": "Kellerei Eisacktal - Cantina Valle Isarco Sylvaner 2012", "statistics": {"status": "Normal", "ratings_count": 71, "ratings_average": 3.6, "labels_count": 308, "reviews_count": 21}, "year": 2012, "grapes": null, "has_valid_ratings": true}, {"id": 1558272, "seo_name": "kellerei-eisacktal-cantina-valle-isarco-sylvaner-2011", "name": "Kellerei Eisacktal - Cantina Valle Isarco Sylvaner 2011", "statistics": {"status": "Normal", "ratings_count": 20, "ratings_average": 3.3, "labels_count": 140, "reviews_count": 6}, "year": 2011, "grapes": null, "has_valid_ratings": true}, {"id": 1218766, "seo_name": "kellerei-eisacktal-cantina-valle-isarco-sylvaner-2010", "name": "Kellerei Eisacktal - Cantina Valle Isarco Sylvaner 2010", "statistics": {"status": "BelowThreshold", "ratings_count": 6, "ratings_average": 0, "labels_count": 26, "reviews_count": 1}, "year": 2010, "grapes": null, "has_valid_ratings": false}, {"id": 2498103, "seo_name": "kellerei-eisacktal-cantina-valle-isarco-sylvaner-2009", "name": "Kellerei Eisacktal - Cantina Valle Isarco Sylvaner 2009", "statistics": {"status": "BelowThreshold", "ratings_count": 5, "ratings_average": 0, "labels_count": 16, "reviews_count": 1}, "year": 2009, "grapes": null, "has_valid_ratings": false}, {"id": 2411039, "seo_name": "kellerei-eisacktal-cantina-valle-isarco-sylvaner-2008", "name": "Kellerei Eisacktal - Cantina Valle Isarco Sylvaner 2008", "statistics": {"status": "BelowThreshold", "ratings_count": 3, "ratings_average": 0, "labels_count": 14, "reviews_count": 1}, "year": 2008, "grapes": null, "has_valid_ratings": false}, {"id": 27383724, "seo_name": "kellerei-eisacktal-cantina-valle-isarco-sylvaner-2007", "name": "Kellerei Eisacktal - Cantina Valle Isarco Sylvaner 2007", "statistics": {"status": "BelowThreshold", "ratings_count": 1, "ratings_average": 0, "labels_count": 7, "reviews_count": 1}, "year": 2007, "grapes": null, "has_valid_ratings": false}, {"id": 4145842, "seo_name": "kellerei-eisacktal-cantina-valle-isarco-sylvaner-2005", "name": "Kellerei Eisacktal - Cantina Valle Isarco Sylvaner 2005", "statistics": {"status": "BelowThreshold", "ratings_count": 1, "ratings_average": 0, "labels_count": 4, "reviews_count": 1}, "year": 2005, "grapes": null, "has_valid_ratings": false}, {"id": 152188228, "seo_name": "kellerei-eisacktal-cantina-valle-isarco-sylvaner-2001", "name": "Kellerei Eisacktal - Cantina Valle Isarco Sylvaner 2001", "statistics": {"status": "BelowThreshold", "ratings_count": 1, "ratings_average": 0, "labels_count": 2, "reviews_count": 0}, "year": 2001, "grapes": null, "has_valid_ratings": false}, {"id": 155422697, "seo_name": "kellerei-eisacktal-cantina-valle-isarco-sylvaner-1998", "name": "Kellerei Eisacktal - Cantina Valle Isarco Sylvaner 1998", "statistics": {"status": "BelowThreshold", "ratings_count": 1, "ratings_average": 0, "labels_count": 0, "reviews_count": 0}, "year": 1998, "grapes": null, "has_valid_ratings": false}, {"id": 164558718, "seo_name": "kellerei-eisacktal-cantina-valle-isarco-sylvaner-1993", "name": "Kellerei Eisacktal - Cantina Valle Isarco Sylvaner 1993", "statistics": {"status": "BelowThreshold", "ratings_count": 1, "ratings_average": 0, "labels_count": 1, "reviews_count": 0}, "year": 1993, "grapes": null, "has_valid_ratings": false}, {"id": 4777557, "seo_name": "kellerei-eisacktal-cantina-valle-isarco-sylvaner-uv", "name": "Kellerei Eisacktal - Cantina Valle Isarco Sylvaner", "statistics": {"status": "Normal", "ratings_count": 1818, "ratings_average": 3.7, "labels_count": 36, "reviews_count": 20}, "year": 0, "grapes": null, "has_valid_ratings": true}], "description": "From pale yellow to greenish pleasantly fresh and fruity, with hints of peach, apple and apricot dry, aromatic, pleasantly fresh, with harmonious body", "grapes": [{"id": 114, "name": "Sylvaner", "seo_name": "sylvaner", "has_detailed_info": false, "wines_count": 7964}], "foods": [{"id": 5, "name": "Pasta", "background_image": {"location": "//images.vivino.com/backgrounds/foods/5_pasta.png", "variations": {"small": "//images.vivino.com/backgrounds/foods/thumbs/5_pasta_932x810.png"}}, "seo_name": null}, {"id": 13, "name": "Schalentiere", "background_image": {"location": "//images.vivino.com/backgrounds/foods/13_shellfish.png", "variations": {"small": "//images.vivino.com/backgrounds/foods/thumbs/13_shellfish_932x810.png"}}, "seo_name": "shellfish"}, {"id": 17, "name": "Reife K\u00e4sesorten und Hartk\u00e4se", "background_image": {"location": "//images.vivino.com/backgrounds/foods/17_hardcheese.png", "variations": {"small": "//images.vivino.com/backgrounds/foods/thumbs/17_hardcheese_932x810.png"}}, "seo_name": null}, {"id": 28, "name": "Magerer Fisch", "background_image": {"location": "//images.vivino.com/backgrounds/foods/28_leanfish.png", "variations": {"small": "//images.vivino.com/backgrounds/foods/thumbs/28_leanfish_932x810.png"}}, "seo_name": null}, {"id": 41, "name": "Ger\u00e4ucherte Fleischprodukte", "background_image": {"location": "//images.vivino.com/backgrounds/foods/41_curedmeat.png", "variations": {"small": "//images.vivino.com/backgrounds/foods/thumbs/41_curedmeat_932x810.png"}}, "seo_name": null}], "non_vintage": false, "alcohol": 13.5, "sweetness_id": null, "closure": null, "vintage_mask_raw": null, "updated_at": "2021-08-31T19:25:12Z", "created_at": "2011-08-06T12:28:08Z", "is_first_wine": false, "style": {"id": 131, "seo_name": "northern-italy-white", "regional_name": "Northern Italy", "varietal_name": "White", "name": "Norditalien Wei\u00df", "image": null, "background_image": {"location": "//images.vivino.com/backgrounds/styles/tWQtajLuSO6l9TkwsXH-fw.jpg", "variations": {"small": "//images.vivino.com/backgrounds/styles/thumbs/tWQtajLuSO6l9TkwsXH-fw_932x810.jpg"}}, "description": "Often better known for red varieties, Northern Italy has a number of delicious and drinkable white wines. To know Northern Italian wines is to know the influences of the wines of the countries that border Italy.\n\nOld World wines tend to be far less about fruit-forward  flavors, and more about the effect that the climate, soil, and adjacently growing flora (terroir) have on the grapes during their growth.\n\nThe most widely recognizable varietal is Pinot Grigio which is very rustic, medium-bodied, with medium to high acidity. Chardonnay seems to grow anywhere grapes can grow; although Italian varieties are not normally coveted quality.\n\nGew\u00fcrztraminer usually makes us think of Germany, but it's also thriving in Northern Italy. The warmer climate imparts a little less sugar and little more acidity than its German cousin.\n\nThen there is Moscato. From the northwest Piedmont region, this wine is sweet and very popular in North America, and comes in both still and sparkling varieties.\n\nWhatever your choice, taking a tour of Italian white wines is an enjoyable experience that you will be thankful you took.", "blurb": null, "interesting_facts": ["More wine is produced in Italy than any other country, and wine has been made there for nearly 3000 years.", "There are over 3000 different grape varietals in Italy.", "There is more than 2 lbs (2 kilo) of grapes in each bottle of Italian wine."], "body": 3, "body_description": "Mittlerer K\u00f6rper", "acidity": 3, "acidity_description": "Hoch", "country": {"code": "it", "name": "Italien", "native_name": "Italia", "seo_name": "italy", "currency": {"code": "EUR", "name": "Euros", "prefix": "\u20ac", "suffix": null}, "regions_count": 555, "users_count": 3800165, "wines_count": 351993, "wineries_count": 41153, "most_used_grapes": [{"id": 16, "name": "Sangiovese", "seo_name": "sangiovese", "has_detailed_info": true, "wines_count": 123993}, {"id": 10, "name": "Merlot", "seo_name": "merlot", "has_detailed_info": true, "wines_count": 560926}, {"id": 5, "name": "Chardonnay", "seo_name": "chardonnay", "has_detailed_info": true, "wines_count": 597329}]}, "wine_type_id": 2, "food": [{"id": 5, "name": "Pasta", "background_image": {"location": "//images.vivino.com/backgrounds/foods/5_pasta.png", "variations": {"small": "//images.vivino.com/backgrounds/foods/thumbs/5_pasta_932x810.png"}}, "seo_name": null}, {"id": 13, "name": "Shellfish", "background_image": {"location": "//images.vivino.com/backgrounds/foods/13_shellfish.png", "variations": {"small": "//images.vivino.com/backgrounds/foods/thumbs/13_shellfish_932x810.png"}}, "seo_name": "shellfish"}, {"id": 17, "name": "Mature and hard cheese", "background_image": {"location": "//images.vivino.com/backgrounds/foods/17_hardcheese.png", "variations": {"small": "//images.vivino.com/backgrounds/foods/thumbs/17_hardcheese_932x810.png"}}, "seo_name": null}, {"id": 28, "name": "Lean fish", "background_image": {"location": "//images.vivino.com/backgrounds/foods/28_leanfish.png", "variations": {"small": "//images.vivino.com/backgrounds/foods/thumbs/28_leanfish_932x810.png"}}, "seo_name": null}, {"id": 41, "name": "Cured Meat", "background_image": {"location": "//images.vivino.com/backgrounds/foods/41_curedmeat.png", "variations": {"small": "//images.vivino.com/backgrounds/foods/thumbs/41_curedmeat_932x810.png"}}, "seo_name": null}], "grapes": [{"id": 29, "name": "Arneis", "seo_name": "arneis", "has_detailed_info": false, "wines_count": 6716}, {"id": 36, "name": "Pinot Blanc", "seo_name": "pinot-blanc", "has_detailed_info": false, "wines_count": 48247}, {"id": 77, "name": "Cortese", "seo_name": "cortese", "has_detailed_info": false, "wines_count": 5440}, {"id": 105, "name": "Tocai Friulano", "seo_name": "tocai-friulano", "has_detailed_info": false, "wines_count": 2042}], "region": null}, "has_valid_ratings": true}, "price": {"id": 25022827, "vintage_id": 163402596, "amount": 10.5, "type": "vc", "currency": {"code": "EUR", "name": "Euros", "prefix": "\u20ac", "suffix": null}, "bottle_type_id": 1, "inventory_bottles_count": 121, "bottles_sold_count": 6, "url": "https://www.vino.com/de/dettaglio/sudtirol-alto-adige-valle-isarco-doc-sylvaner-eisacktaler-kellerei-2020.html?st=de&utm_country=de&utm_medium=pref-cpc&utm_source=vivino-ppc&utm_term=eisackellerisylvaner2020", "message": "", "producer_address": "", "importer_address": "", "discounted_from": null, "bottle_type": {"id": 1, "name": "Flasche (0,75\u00a0l)", "short_name": "Flasche", "short_name_plural": "Flaschen", "volume_ml": 750}}, "highlights": [{"vintage_id": 163402596, "highlight_type": "price_qpr", "message": "Gutes Preis-Leistungsverh\u00e4ltnis. \u00c4hnliche Weine kosten normalerweise 33% mehr.", "icon": "https://images.vivino.com/highlights/icon/price_qpr.svg", "metadata": {"price": {"id": 25022827, "type": "vc", "amount": 10.5, "currency": {"code": "EUR", "name": "Euros", "prefix": "\u20ac", "suffix": null}, "discounted_from": null}, "wine_id": 1167370, "toplist": null, "ws_award": null, "critic_review_id": null, "ratings_average": 3.9, "ratings_count": 106, "vintage_year": "2020", "rank_type": "global", "ranks": {"country": {"description": "Rang von Italien", "total": 1543866, "rank": 93796}, "region": {"description": "Rang von Weinregion", "total": 27195, "rank": 2075}, "winery": {"description": "Rang vom Weingut", "total": 468, "rank": 29}, "global": {"description": "Weltweiter Rang", "total": 8825165, "rank": 475668}}, "style": {"id": 131, "seo_name": "northern-italy-white", "regional_name": "Northern Italy", "varietal_name": "White", "name": "Norditalien Wei\u00df", "image": null, "background_image": {"location": "//images.vivino.com/backgrounds/styles/tWQtajLuSO6l9TkwsXH-fw.jpg", "variations": {"small": "//images.vivino.com/backgrounds/styles/thumbs/tWQtajLuSO6l9TkwsXH-fw_932x810.jpg"}}, "description": "Often better known for red varieties, Northern Italy has a number of delicious and drinkable white wines. To know Northern Italian wines is to know the influences of the wines of the countries that border Italy.\n\nOld World wines tend to be far less about fruit-forward  flavors, and more about the effect that the climate, soil, and adjacently growing flora (terroir) have on the grapes during their growth.\n\nThe most widely recognizable varietal is Pinot Grigio which is very rustic, medium-bodied, with medium to high acidity. Chardonnay seems to grow anywhere grapes can grow; although Italian varieties are not normally coveted quality.\n\nGew\u00fcrztraminer usually makes us think of Germany, but it's also thriving in Northern Italy. The warmer climate imparts a little less sugar and little more acidity than its German cousin.\n\nThen there is Moscato. From the northwest Piedmont region, this wine is sweet and very popular in North America, and comes in both still and sparkling varieties.\n\nWhatever your choice, taking a tour of Italian white wines is an enjoyable experience that you will be thankful you took.", "blurb": null, "interesting_facts": ["More wine is produced in Italy than any other country, and wine has been made there for nearly 3000 years.", "There are over 3000 different grape varietals in Italy.", "There is more than 2 lbs (2 kilo) of grapes in each bottle of Italian wine."], "body": 3, "body_description": "Mittlerer K\u00f6rper", "acidity": 3, "acidity_description": "Hoch", "country": {"code": "it", "name": "Italien", "native_name": "Italia", "seo_name": "italy", "currency": {"code": "EUR", "name": "Euros", "prefix": "\u20ac", "suffix": null}, "regions_count": 555, "users_count": 3800165, "wines_count": 351993, "wineries_count": 41153, "most_used_grapes": [{"id": 16, "name": "Sangiovese", "seo_name": "sangiovese", "has_detailed_info": true, "wines_count": 123993}, {"id": 10, "name": "Merlot", "seo_name": "merlot", "has_detailed_info": true, "wines_count": 560926}, {"id": 5, "name": "Chardonnay", "seo_name": "chardonnay", "has_detailed_info": true, "wines_count": 597329}]}, "wine_type_id": 2, "food": [{"id": 5, "name": "Pasta", "background_image": {"location": "//images.vivino.com/backgrounds/foods/5_pasta.png", "variations": {"small": "//images.vivino.com/backgrounds/foods/thumbs/5_pasta_932x810.png"}}, "seo_name": null}, {"id": 13, "name": "Shellfish", "background_image": {"location": "//images.vivino.com/backgrounds/foods/13_shellfish.png", "variations": {"small": "//images.vivino.com/backgrounds/foods/thumbs/13_shellfish_932x810.png"}}, "seo_name": "shellfish"}, {"id": 17, "name": "Mature and hard cheese", "background_image": {"location": "//images.vivino.com/backgrounds/foods/17_hardcheese.png", "variations": {"small": "//images.vivino.com/backgrounds/foods/thumbs/17_hardcheese_932x810.png"}}, "seo_name": null}, {"id": 28, "name": "Lean fish", "background_image": {"location": "//images.vivino.com/backgrounds/foods/28_leanfish.png", "variations": {"small": "//images.vivino.com/backgrounds/foods/thumbs/28_leanfish_932x810.png"}}, "seo_name": null}, {"id": 41, "name": "Cured Meat", "background_image": {"location": "//images.vivino.com/backgrounds/foods/41_curedmeat.png", "variations": {"small": "//images.vivino.com/backgrounds/foods/thumbs/41_curedmeat_932x810.png"}}, "seo_name": null}], "grapes": [{"id": 29, "name": "Arneis", "seo_name": "arneis", "has_detailed_info": false, "wines_count": 6716}, {"id": 36, "name": "Pinot Blanc", "seo_name": "pinot-blanc", "has_detailed_info": false, "wines_count": 48247}, {"id": 77, "name": "Cortese", "seo_name": "cortese", "has_detailed_info": false, "wines_count": 5440}, {"id": 105, "name": "Tocai Friulano", "seo_name": "tocai-friulano", "has_detailed_info": false, "wines_count": 2042}], "region": null}}}, {"vintage_id": 163402596, "highlight_type": "best_user_rated", "message": "Dieser Jahrgang hat eine bessere Bewertung als alle anderen dieses Weines.", "icon": "https://images.vivino.com/highlights/icon/best_user_rated.svg", "metadata": {"price": {"id": 25022827, "type": "vc", "amount": 10.5, "currency": {"code": "EUR", "name": "Euros", "prefix": "\u20ac", "suffix": null}, "discounted_from": null}, "wine_id": 1167370, "toplist": null, "ws_award": null, "critic_review_id": null, "ratings_average": 3.9, "ratings_count": 106, "vintage_year": "2020", "rank_type": "global", "ranks": {"country": {"description": "Rang von Italien", "total": 1543866, "rank": 93796}, "region": {"description": "Rang von Weinregion", "total": 27195, "rank": 2075}, "winery": {"description": "Rang vom Weingut", "total": 468, "rank": 29}, "global": {"description": "Weltweiter Rang", "total": 8825165, "rank": 475668}}, "style": {"id": 131, "seo_name": "northern-italy-white", "regional_name": "Northern Italy", "varietal_name": "White", "name": "Norditalien Wei\u00df", "image": null, "background_image": {"location": "//images.vivino.com/backgrounds/styles/tWQtajLuSO6l9TkwsXH-fw.jpg", "variations": {"small": "//images.vivino.com/backgrounds/styles/thumbs/tWQtajLuSO6l9TkwsXH-fw_932x810.jpg"}}, "description": "Often better known for red varieties, Northern Italy has a number of delicious and drinkable white wines. To know Northern Italian wines is to know the influences of the wines of the countries that border Italy.\n\nOld World wines tend to be far less about fruit-forward  flavors, and more about the effect that the climate, soil, and adjacently growing flora (terroir) have on the grapes during their growth.\n\nThe most widely recognizable varietal is Pinot Grigio which is very rustic, medium-bodied, with medium to high acidity. Chardonnay seems to grow anywhere grapes can grow; although Italian varieties are not normally coveted quality.\n\nGew\u00fcrztraminer usually makes us think of Germany, but it's also thriving in Northern Italy. The warmer climate imparts a little less sugar and little more acidity than its German cousin.\n\nThen there is Moscato. From the northwest Piedmont region, this wine is sweet and very popular in North America, and comes in both still and sparkling varieties.\n\nWhatever your choice, taking a tour of Italian white wines is an enjoyable experience that you will be thankful you took.", "blurb": null, "interesting_facts": ["More wine is produced in Italy than any other country, and wine has been made there for nearly 3000 years.", "There are over 3000 different grape varietals in Italy.", "There is more than 2 lbs (2 kilo) of grapes in each bottle of Italian wine."], "body": 3, "body_description": "Mittlerer K\u00f6rper", "acidity": 3, "acidity_description": "Hoch", "country": {"code": "it", "name": "Italien", "native_name": "Italia", "seo_name": "italy", "currency": {"code": "EUR", "name": "Euros", "prefix": "\u20ac", "suffix": null}, "regions_count": 555, "users_count": 3800165, "wines_count": 351993, "wineries_count": 41153, "most_used_grapes": [{"id": 16, "name": "Sangiovese", "seo_name": "sangiovese", "has_detailed_info": true, "wines_count": 123993}, {"id": 10, "name": "Merlot", "seo_name": "merlot", "has_detailed_info": true, "wines_count": 560926}, {"id": 5, "name": "Chardonnay", "seo_name": "chardonnay", "has_detailed_info": true, "wines_count": 597329}]}, "wine_type_id": 2, "food": [{"id": 5, "name": "Pasta", "background_image": {"location": "//images.vivino.com/backgrounds/foods/5_pasta.png", "variations": {"small": "//images.vivino.com/backgrounds/foods/thumbs/5_pasta_932x810.png"}}, "seo_name": null}, {"id": 13, "name": "Shellfish", "background_image": {"location": "//images.vivino.com/backgrounds/foods/13_shellfish.png", "variations": {"small": "//images.vivino.com/backgrounds/foods/thumbs/13_shellfish_932x810.png"}}, "seo_name": "shellfish"}, {"id": 17, "name": "Mature and hard cheese", "background_image": {"location": "//images.vivino.com/backgrounds/foods/17_hardcheese.png", "variations": {"small": "//images.vivino.com/backgrounds/foods/thumbs/17_hardcheese_932x810.png"}}, "seo_name": null}, {"id": 28, "name": "Lean fish", "background_image": {"location": "//images.vivino.com/backgrounds/foods/28_leanfish.png", "variations": {"small": "//images.vivino.com/backgrounds/foods/thumbs/28_leanfish_932x810.png"}}, "seo_name": null}, {"id": 41, "name": "Cured Meat", "background_image": {"location": "//images.vivino.com/backgrounds/foods/41_curedmeat.png", "variations": {"small": "//images.vivino.com/backgrounds/foods/thumbs/41_curedmeat_932x810.png"}}, "seo_name": null}], "grapes": [{"id": 29, "name": "Arneis", "seo_name": "arneis", "has_detailed_info": false, "wines_count": 6716}, {"id": 36, "name": "Pinot Blanc", "seo_name": "pinot-blanc", "has_detailed_info": false, "wines_count": 48247}, {"id": 77, "name": "Cortese", "seo_name": "cortese", "has_detailed_info": false, "wines_count": 5440}, {"id": 105, "name": "Tocai Friulano", "seo_name": "tocai-friulano", "has_detailed_info": false, "wines_count": 2042}], "region": null}}}, {"vintage_id": 163402596, "highlight_type": "top_ranked", "message": "Bei den Top 6% aller Weine weltweit", "icon": "https://images.vivino.com/highlights/icon/top_ranked.svg", "metadata": {"price": {"id": 25022827, "type": "vc", "amount": 10.5, "currency": {"code": "EUR", "name": "Euros", "prefix": "\u20ac", "suffix": null}, "discounted_from": null}, "wine_id": 1167370, "toplist": null, "ws_award": null, "critic_review_id": null, "ratings_average": 3.9, "ratings_count": 106, "vintage_year": "2020", "rank_type": "global", "ranks": {"country": {"description": "Rang von Italien", "total": 1543866, "rank": 93796}, "region": {"description": "Rang von Weinregion", "total": 27195, "rank": 2075}, "winery": {"description": "Rang vom Weingut", "total": 468, "rank": 29}, "global": {"description": "Weltweiter Rang", "total": 8825165, "rank": 475668}}, "style": {"id": 131, "seo_name": "northern-italy-white", "regional_name": "Northern Italy", "varietal_name": "White", "name": "Norditalien Wei\u00df", "image": null, "background_image": {"location": "//images.vivino.com/backgrounds/styles/tWQtajLuSO6l9TkwsXH-fw.jpg", "variations": {"small": "//images.vivino.com/backgrounds/styles/thumbs/tWQtajLuSO6l9TkwsXH-fw_932x810.jpg"}}, "description": "Often better known for red varieties, Northern Italy has a number of delicious and drinkable white wines. To know Northern Italian wines is to know the influences of the wines of the countries that border Italy.\n\nOld World wines tend to be far less about fruit-forward  flavors, and more about the effect that the climate, soil, and adjacently growing flora (terroir) have on the grapes during their growth.\n\nThe most widely recognizable varietal is Pinot Grigio which is very rustic, medium-bodied, with medium to high acidity. Chardonnay seems to grow anywhere grapes can grow; although Italian varieties are not normally coveted quality.\n\nGew\u00fcrztraminer usually makes us think of Germany, but it's also thriving in Northern Italy. The warmer climate imparts a little less sugar and little more acidity than its German cousin.\n\nThen there is Moscato. From the northwest Piedmont region, this wine is sweet and very popular in North America, and comes in both still and sparkling varieties.\n\nWhatever your choice, taking a tour of Italian white wines is an enjoyable experience that you will be thankful you took.", "blurb": null, "interesting_facts": ["More wine is produced in Italy than any other country, and wine has been made there for nearly 3000 years.", "There are over 3000 different grape varietals in Italy.", "There is more than 2 lbs (2 kilo) of grapes in each bottle of Italian wine."], "body": 3, "body_description": "Mittlerer K\u00f6rper", "acidity": 3, "acidity_description": "Hoch", "country": {"code": "it", "name": "Italien", "native_name": "Italia", "seo_name": "italy", "currency": {"code": "EUR", "name": "Euros", "prefix": "\u20ac", "suffix": null}, "regions_count": 555, "users_count": 3800165, "wines_count": 351993, "wineries_count": 41153, "most_used_grapes": [{"id": 16, "name": "Sangiovese", "seo_name": "sangiovese", "has_detailed_info": true, "wines_count": 123993}, {"id": 10, "name": "Merlot", "seo_name": "merlot", "has_detailed_info": true, "wines_count": 560926}, {"id": 5, "name": "Chardonnay", "seo_name": "chardonnay", "has_detailed_info": true, "wines_count": 597329}]}, "wine_type_id": 2, "food": [{"id": 5, "name": "Pasta", "background_image": {"location": "//images.vivino.com/backgrounds/foods/5_pasta.png", "variations": {"small": "//images.vivino.com/backgrounds/foods/thumbs/5_pasta_932x810.png"}}, "seo_name": null}, {"id": 13, "name": "Shellfish", "background_image": {"location": "//images.vivino.com/backgrounds/foods/13_shellfish.png", "variations": {"small": "//images.vivino.com/backgrounds/foods/thumbs/13_shellfish_932x810.png"}}, "seo_name": "shellfish"}, {"id": 17, "name": "Mature and hard cheese", "background_image": {"location": "//images.vivino.com/backgrounds/foods/17_hardcheese.png", "variations": {"small": "//images.vivino.com/backgrounds/foods/thumbs/17_hardcheese_932x810.png"}}, "seo_name": null}, {"id": 28, "name": "Lean fish", "background_image": {"location": "//images.vivino.com/backgrounds/foods/28_leanfish.png", "variations": {"small": "//images.vivino.com/backgrounds/foods/thumbs/28_leanfish_932x810.png"}}, "seo_name": null}, {"id": 41, "name": "Cured Meat", "background_image": {"location": "//images.vivino.com/backgrounds/foods/41_curedmeat.png", "variations": {"small": "//images.vivino.com/backgrounds/foods/thumbs/41_curedmeat_932x810.png"}}, "seo_name": null}], "grapes": [{"id": 29, "name": "Arneis", "seo_name": "arneis", "has_detailed_info": false, "wines_count": 6716}, {"id": 36, "name": "Pinot Blanc", "seo_name": "pinot-blanc", "has_detailed_info": false, "wines_count": 48247}, {"id": 77, "name": "Cortese", "seo_name": "cortese", "has_detailed_info": false, "wines_count": 5440}, {"id": 105, "name": "Tocai Friulano", "seo_name": "tocai-friulano", "has_detailed_info": false, "wines_count": 2042}], "region": null}}}], "merchant": {"id": 31949, "name": "Vino.com - Germany", "seo_name": "vino75-germany", "legal_name": "3nd srl", "description": "Versandkostenfrei f\u00fcr Bestellungen ab \u20ac80", "country": {"code": "de", "name": "Deutschland", "native_name": "Deutschland", "seo_name": "germany", "currency": {"code": "EUR", "name": "Euros", "prefix": "\u20ac", "suffix": null}, "regions_count": 210, "users_count": 2117308, "wines_count": 197796, "wineries_count": 13493, "most_used_grapes": [{"id": 15, "name": "Riesling", "seo_name": "riesling", "has_detailed_info": true, "wines_count": 259925}, {"id": 299, "name": "Sp\u00e4tburgunder", "seo_name": "spatburgunder", "has_detailed_info": false, "wines_count": 49659}, {"id": 355, "name": "Weissburgunder", "seo_name": "weissburgunder", "has_detailed_info": false, "wines_count": 33123}]}, "state": null, "status": 3, "image": {"location": "//images.vivino.com/merchants/originals/p1gd0mgb0000v6d.png", "variations": {"large_square": "//images.vivino.com/merchants/thumbs/p1gd0mgb0000v6d_400x400.jpg", "medium_square": "//images.vivino.com/merchants/thumbs/p1gd0mgb0000v6d_320x320.jpg", "small_square": "//images.vivino.com/merchants/thumbs/p1gd0mgb0000v6d_160x160.jpg"}}, "shipping_estimate": "Lieferung voraussichtlich zwischen Di, 21.\u00a0Dez und Mo, 27.\u00a0Dez", "impressum_url": "https://www.vino.com/de/content/condizioni-uso", "tos_url": "https://www.vino.com/de/content/condizioni-uso", "vc_clearing_system": 0, "hidden": false}, "sold_out": false, "prices_and_availability": {"market": {"country": "de", "currency": {"code": "EUR", "name": "Euros", "prefix": "\u20ac", "suffix": null}}, "availability": {"vintage": {"id": 163402596, "year": 2020, "grapes": null, "has_valid_ratings": false}, "median": {"amount": 10.5, "type": "market", "discounted_from": null}, "price": {"id": 25022827, "amount": 10.5, "discounted_from": 0.0, "type": "vc"}}, "merchants_with_prices": [{"merchant": {"id": 31949, "name": "Vino.com - Germany", "seo_name": "vino75-germany", "legal_name": "3nd srl", "description": "Versandkostenfrei f\u00fcr Bestellungen ab \u20ac80", "country": {"code": "de", "name": "Deutschland", "native_name": "Deutschland", "seo_name": "germany", "currency": {"code": "EUR", "name": "Euros", "prefix": "\u20ac", "suffix": null}, "regions_count": 210, "users_count": 2117308, "wines_count": 197796, "wineries_count": 13493, "most_used_grapes": [{"id": 15, "name": "Riesling", "seo_name": "riesling", "has_detailed_info": true, "wines_count": 259925}, {"id": 299, "name": "Sp\u00e4tburgunder", "seo_name": "spatburgunder", "has_detailed_info": false, "wines_count": 49659}, {"id": 355, "name": "Weissburgunder", "seo_name": "weissburgunder", "has_detailed_info": false, "wines_count": 33123}]}, "state": null, "status": 3, "image": {"location": "//images.vivino.com/merchants/originals/p1gd0mgb0000v6d.png", "variations": {"large_square": "//images.vivino.com/merchants/thumbs/p1gd0mgb0000v6d_400x400.jpg", "medium_square": "//images.vivino.com/merchants/thumbs/p1gd0mgb0000v6d_320x320.jpg", "small_square": "//images.vivino.com/merchants/thumbs/p1gd0mgb0000v6d_160x160.jpg"}}, "shipping_estimate": "Lieferung voraussichtlich zwischen Di, 21.\u00a0Dez und Mo, 27.\u00a0Dez", "impressum_url": "https://www.vino.com/de/content/condizioni-uso", "tos_url": "https://www.vino.com/de/content/condizioni-uso", "vc_clearing_system": 0, "hidden": false}, "prices": [{"id": 25022827, "vintage_id": 163402596, "amount": 10.5, "type": "vc", "currency": {"code": "EUR", "name": "Euros", "prefix": "\u20ac", "suffix": null}, "bottle_type_id": 1, "inventory_bottles_count": 121, "bottles_sold_count": 6, "url": "https://www.vino.com/de/dettaglio/sudtirol-alto-adige-valle-isarco-doc-sylvaner-eisacktaler-kellerei-2020.html?st=de&utm_country=de&utm_medium=pref-cpc&utm_source=vivino-ppc&utm_term=eisackellerisylvaner2020", "message": "", "producer_address": "", "importer_address": "", "discounted_from": null, "bottle_type": {"id": 1, "name": "Flasche (0,75\u00a0l)", "short_name": "Flasche", "short_name_plural": "Flaschen", "volume_ml": 750}}]}]}, "found_by_merchant_and_sku": null, "is_deal_page": false}