{"vintage": {"id": 4992874, "seo_name": "duvivier-les-cigales-rouge-var-uv", "name": "Duvivier Les Cigales Rouge", "statistics": {"status": "Normal", "ratings_count": 35, "ratings_average": 3.7, "labels_count": 3, "reviews_count": 0}, "organic_certification_id": null, "certified_biodynamic": null, "image": {"location": "//images.vivino.com/labels/-LKSAdwpTgCLmmfjV90FvA.jpg", "variations": {"large": "//images.vivino.com/thumbs/-LKSAdwpTgCLmmfjV90FvA_375x500.jpg", "medium": "//images.vivino.com/thumbs/-LKSAdwpTgCLmmfjV90FvA_150x200.jpg", "medium_square": "//images.vivino.com/thumbs/-LKSAdwpTgCLmmfjV90FvA_150x150.jpg", "small_square": "//images.vivino.com/thumbs/-LKSAdwpTgCLmmfjV90FvA_80x80.jpg"}}, "wine": {"id": 1616802, "name": "Les Cigales Rouge", "seo_name": "les-cigales-rouge-var", "type_id": 1, "vintage_type": 0, "is_natural": false, "region": {"id": 3223, "name": "Var", "name_en": "", "seo_name": "var", "country": {"code": "fr", "name": "France", "native_name": "France", "seo_name": "france", "currency": {"code": "EUR", "name": "Euros", "prefix": "\u20ac", "suffix": null}, "regions_count": 1292, "users_count": 5068363, "wines_count": 542471, "wineries_count": 67002, "most_used_grapes": [{"id": 14, "name": "Pinot Noir", "seo_name": "pinot-noir", "has_detailed_info": true, "wines_count": 572334}, {"id": 10, "name": "Merlot", "seo_name": "merlot", "has_detailed_info": true, "wines_count": 566719}, {"id": 5, "name": "Chardonnay", "seo_name": "chardonnay", "has_detailed_info": true, "wines_count": 604208}]}, "parent_id": 3006, "background_image": null, "class": {"typecast_map": {"background_image": {}, "class": {}}}, "statistics": {"wineries_count": 59, "wines_count": 817, "sub_regions_count": 1, "parent_regions_count": 2}}, "review_status": 2, "winery": {"id": 31160, "name": "Duvivier", "seo_name": "duvivier", "status": 0, "review_status": "Completed", "background_image": null, "statistics": {"ratings_count": 1370, "ratings_average": 3.7, "labels_count": 8254, "wines_count": 27}, "region": {"id": 449, "name": "Provence", "name_en": "", "seo_name": "provence", "country": {"code": "fr", "name": "France", "native_name": "France", "seo_name": "france", "currency": {"code": "EUR", "name": "Euros", "prefix": "\u20ac", "suffix": null}, "regions_count": 1292, "users_count": 5068363, "wines_count": 542471, "wineries_count": 67002, "most_used_grapes": [{"id": 14, "name": "Pinot Noir", "seo_name": "pinot-noir", "has_detailed_info": true, "wines_count": 572334}, {"id": 10, "name": "Merlot", "seo_name": "merlot", "has_detailed_info": true, "wines_count": 566719}, {"id": 5, "name": "Chardonnay", "seo_name": "chardonnay", "has_detailed_info": true, "wines_count": 604208}]}, "parent_id": null, "background_image": {"location": "//images.vivino.com/regions/backgrounds/9bPQ0KjlSJuEG2HZpwyhQg.jpg", "variations": {"large": "//thumbs.vivino.com/region_backgrounds/9bPQ0KjlSJuEG2HZpwyhQg_1280x760.jpg", "medium": "//thumbs.vivino.com/region_backgrounds/9bPQ0KjlSJuEG2HZpwyhQg_600x356.jpg"}}, "statistics": {"wineries_count": 1635, "wines_count": 9340, "sub_regions_count": 9, "parent_regions_count": 0}}, "business_name": "Ch\u00e2teau Duvivier", "description": "", "specialists_notes": "", "phone": "", "email": "", "facebook": "", "instagram": "", "is_claimed": false, "twitter": "", "website": "https://www.chateau-duvivier.com", "winemaker": null, "wine_maker": null, "address": {"title": null, "name": null, "street": null, "street2": null, "neighborhood": null, "city": null, "zip": null, "state": null, "country": {"code": "fr", "name": "France", "native_name": "France", "seo_name": "france", "currency": {"code": "EUR", "name": "Euros", "prefix": "\u20ac", "suffix": null}, "regions_count": 1292, "users_count": 5068363, "wines_count": 542471, "wineries_count": 67002, "most_used_grapes": [{"id": 14, "name": "Pinot Noir", "seo_name": "pinot-noir", "has_detailed_info": true, "wines_count": 572334}, {"id": 10, "name": "Merlot", "seo_name": "merlot", "has_detailed_info": true, "wines_count": 566719}, {"id": 5, "name": "Chardonnay", "seo_name": "chardonnay", "has_detailed_info": true, "wines_count": 604208}]}, "company": null, "phone": null, "external_id": null, "residential": null, "vat_number": null, "vat_code": null, "addition": null}, "image": null, "location": null, "winery_group": null, "first_wines": [], "sponsored_entity_type": null, "sponsored_entity": null}, "statistics": {"status": "Normal", "ratings_count": 35, "ratings_average": 3.7, "labels_count": 280, "vintages_count": 17}, "rank": {"country": {"description": "Rank within France", "total": 317717, "rank": 112454}, "region": {"description": "Rank within Wine Region", "total": 9279, "rank": 3621}, "winery": {"description": "Rank within Winery", "total": 25, "rank": 9}, "wine_type": {"description": "Rank within all Red Wine", "total": 659127, "rank": 236098}, "global": {"description": "Global Rank", "total": 1302037, "rank": 423413}}, "hidden": false, "vintages": [{"id": 168234546, "seo_name": "duvivier-les-cigales-rouge-var-2020", "name": "Duvivier Les Cigales Rouge 2020", "statistics": {"status": "BelowThreshold", "ratings_count": 8, "ratings_average": 0, "labels_count": 79, "reviews_count": 1}, "year": 2020, "grapes": null, "has_valid_ratings": false}, {"id": 164734245, "seo_name": "duvivier-les-cigales-rouge-var-2019", "name": "Duvivier Les Cigales Rouge 2019", "statistics": {"status": "BelowThreshold", "ratings_count": 5, "ratings_average": 0, "labels_count": 23, "reviews_count": 0}, "year": 2019, "grapes": null, "has_valid_ratings": false}, {"id": 160307689, "seo_name": "duvivier-les-cigales-rouge-var-2018", "name": "Duvivier Les Cigales Rouge 2018", "statistics": {"status": "BelowThreshold", "ratings_count": 6, "ratings_average": 0, "labels_count": 44, "reviews_count": 3}, "year": 2018, "grapes": null, "has_valid_ratings": false}, {"id": 144312165, "seo_name": "duvivier-les-cigales-rouge-var-2014", "name": "Duvivier Les Cigales Rouge 2014", "statistics": {"status": "BelowThreshold", "ratings_count": 1, "ratings_average": 0, "labels_count": 6, "reviews_count": 1}, "year": 2014, "grapes": null, "has_valid_ratings": false}, {"id": 26579728, "seo_name": "duvivier-les-cigales-rouge-var-2013", "name": "Duvivier Les Cigales Rouge 2013", "statistics": {"status": "BelowThreshold", "ratings_count": 3, "ratings_average": 0, "labels_count": 20, "reviews_count": 1}, "year": 2013, "grapes": null, "has_valid_ratings": false}, {"id": 26579733, "seo_name": "duvivier-les-cigales-rouge-var-2012", "name": "Duvivier Les Cigales Rouge 2012", "statistics": {"status": "BelowThreshold", "ratings_count": 1, "ratings_average": 0, "labels_count": 2, "reviews_count": 0}, "year": 2012, "grapes": null, "has_valid_ratings": false}, {"id": 3826564, "seo_name": "duvivier-les-cigales-rouge-var-2011", "name": "Duvivier Les Cigales Rouge 2011", "statistics": {"status": "BelowThreshold", "ratings_count": 7, "ratings_average": 0, "labels_count": 37, "reviews_count": 2}, "year": 2011, "grapes": null, "has_valid_ratings": false}, {"id": 3750723, "seo_name": "duvivier-les-cigales-rouge-var-2010", "name": "Duvivier Les Cigales Rouge 2010", "statistics": {"status": "BelowThreshold", "ratings_count": 3, "ratings_average": 0, "labels_count": 10, "reviews_count": 0}, "year": 2010, "grapes": null, "has_valid_ratings": false}, {"id": 4992874, "seo_name": "duvivier-les-cigales-rouge-var-uv", "name": "Duvivier Les Cigales Rouge", "statistics": {"status": "Normal", "ratings_count": 35, "ratings_average": 3.7, "labels_count": 3, "reviews_count": 0}, "year": 0, "grapes": null, "has_valid_ratings": true}], "description": "", "grapes": [], "non_vintage": false, "alcohol": 0, "sweetness_id": null, "closure": null, "vintage_mask_raw": null, "updated_at": "2019-06-17T10:19:30Z", "created_at": "2013-05-26T12:13:40Z", "is_first_wine": false, "style": null, "has_valid_ratings": true}, "description": "", "wine_critic_reviews": [], "awards": [], "ratings_distribution": {"1": 0, "2": 2, "3": 15, "4": 13, "5": 5}, "ranking": {"country": {"description": "Rank within France", "total": 2497588, "rank": 562010}, "region": {"description": "Rank within Wine Region", "total": 69829, "rank": 18590}, "winery": {"description": "Rank within Winery", "total": 181, "rank": 32}, "global": {"description": "Global Rank", "total": 8944616, "rank": 2025773}}, "wine_facts": {}, "winemaker": null, "wine_maker": null, "grape_composition": {}, "year": "", "grapes": null, "has_valid_ratings": true}, "carts": null, "full_region": null, "tastes": null, "wine": {"id": 1616802, "name": "Les Cigales Rouge", "seo_name": "les-cigales-rouge-var", "type_id": 1, "vintage_type": 0, "is_natural": false, "region": {"id": 3223, "name": "Var", "name_en": "", "seo_name": "var", "country": {"code": "fr", "name": "France", "native_name": "France", "seo_name": "france", "currency": {"code": "EUR", "name": "Euros", "prefix": "\u20ac", "suffix": null}, "regions_count": 1292, "users_count": 5068363, "wines_count": 542471, "wineries_count": 67002, "most_used_grapes": [{"id": 14, "name": "Pinot Noir", "seo_name": "pinot-noir", "has_detailed_info": true, "wines_count": 572334}, {"id": 10, "name": "Merlot", "seo_name": "merlot", "has_detailed_info": true, "wines_count": 566719}, {"id": 5, "name": "Chardonnay", "seo_name": "chardonnay", "has_detailed_info": true, "wines_count": 604208}]}, "parent_id": 3006, "background_image": null, "class": {"typecast_map": {"background_image": {}, "class": {}}}, "statistics": {"wineries_count": 59, "wines_count": 817, "sub_regions_count": 1, "parent_regions_count": 2}}, "review_status": 2, "winery": {"id": 31160, "name": "Duvivier", "seo_name": "duvivier", "status": 0, "review_status": "Completed", "background_image": null, "statistics": {"ratings_count": 1370, "ratings_average": 3.7, "labels_count": 8254, "wines_count": 27}, "region": {"id": 449, "name": "Provence", "name_en": "", "seo_name": "provence", "country": {"code": "fr", "name": "France", "native_name": "France", "seo_name": "france", "currency": {"code": "EUR", "name": "Euros", "prefix": "\u20ac", "suffix": null}, "regions_count": 1292, "users_count": 5068363, "wines_count": 542471, "wineries_count": 67002, "most_used_grapes": [{"id": 14, "name": "Pinot Noir", "seo_name": "pinot-noir", "has_detailed_info": true, "wines_count": 572334}, {"id": 10, "name": "Merlot", "seo_name": "merlot", "has_detailed_info": true, "wines_count": 566719}, {"id": 5, "name": "Chardonnay", "seo_name": "chardonnay", "has_detailed_info": true, "wines_count": 604208}]}, "parent_id": null, "background_image": {"location": "//images.vivino.com/regions/backgrounds/9bPQ0KjlSJuEG2HZpwyhQg.jpg", "variations": {"large": "//thumbs.vivino.com/region_backgrounds/9bPQ0KjlSJuEG2HZpwyhQg_1280x760.jpg", "medium": "//thumbs.vivino.com/region_backgrounds/9bPQ0KjlSJuEG2HZpwyhQg_600x356.jpg"}}, "statistics": {"wineries_count": 1635, "wines_count": 9340, "sub_regions_count": 9, "parent_regions_count": 0}}}, "image": {"location": "//images.vivino.com/labels/-LKSAdwpTgCLmmfjV90FvA.jpg", "variations": {"large": "//images.vivino.com/thumbs/-LKSAdwpTgCLmmfjV90FvA_375x500.jpg", "medium": "//images.vivino.com/thumbs/-LKSAdwpTgCLmmfjV90FvA_150x200.jpg", "medium_square": "//images.vivino.com/thumbs/-LKSAdwpTgCLmmfjV90FvA_150x150.jpg", "small_square": "//images.vivino.com/thumbs/-LKSAdwpTgCLmmfjV90FvA_80x80.jpg"}}, "statistics": {"status": "Normal", "ratings_count": 35, "ratings_average": 3.7, "labels_count": 280, "vintages_count": 17}, "rank": null, "hidden": false, "vintages": [{"id": 168234546, "seo_name": "duvivier-les-cigales-rouge-var-2020", "name": "Duvivier Les Cigales Rouge 2020", "statistics": {"status": "BelowThreshold", "ratings_count": 8, "ratings_average": 0, "labels_count": 79, "reviews_count": 1}, "year": 2020, "grapes": null, "has_valid_ratings": false}, {"id": 164734245, "seo_name": "duvivier-les-cigales-rouge-var-2019", "name": "Duvivier Les Cigales Rouge 2019", "statistics": {"status": "BelowThreshold", "ratings_count": 5, "ratings_average": 0, "labels_count": 23, "reviews_count": 0}, "year": 2019, "grapes": null, "has_valid_ratings": false}, {"id": 160307689, "seo_name": "duvivier-les-cigales-rouge-var-2018", "name": "Duvivier Les Cigales Rouge 2018", "statistics": {"status": "BelowThreshold", "ratings_count": 6, "ratings_average": 0, "labels_count": 44, "reviews_count": 3}, "year": 2018, "grapes": null, "has_valid_ratings": false}, {"id": 161721073, "seo_name": "duvivier-les-cigales-rouge-var-2017", "name": "Duvivier Les Cigales Rouge 2017", "statistics": {"status": "BelowThreshold", "ratings_count": 0, "ratings_average": 0, "labels_count": 0, "reviews_count": 0}, "year": 2017, "grapes": null, "has_valid_ratings": false}, {"id": 165545505, "seo_name": "duvivier-les-cigales-rouge-var-2016", "name": "Duvivier Les Cigales Rouge 2016", "statistics": {"status": "BelowThreshold", "ratings_count": 0, "ratings_average": 0, "labels_count": 0, "reviews_count": 0}, "year": 2016, "grapes": null, "has_valid_ratings": false}, {"id": 111147032, "seo_name": "duvivier-les-cigales-rouge-var-2015", "name": "Duvivier Les Cigales Rouge 2015", "statistics": {"status": "BelowThreshold", "ratings_count": 0, "ratings_average": 0, "labels_count": 0, "reviews_count": 0}, "year": 2015, "grapes": null, "has_valid_ratings": false}, {"id": 144312165, "seo_name": "duvivier-les-cigales-rouge-var-2014", "name": "Duvivier Les Cigales Rouge 2014", "statistics": {"status": "BelowThreshold", "ratings_count": 1, "ratings_average": 0, "labels_count": 6, "reviews_count": 1}, "year": 2014, "grapes": null, "has_valid_ratings": false}, {"id": 26579728, "seo_name": "duvivier-les-cigales-rouge-var-2013", "name": "Duvivier Les Cigales Rouge 2013", "statistics": {"status": "BelowThreshold", "ratings_count": 3, "ratings_average": 0, "labels_count": 20, "reviews_count": 1}, "year": 2013, "grapes": null, "has_valid_ratings": false}, {"id": 26579733, "seo_name": "duvivier-les-cigales-rouge-var-2012", "name": "Duvivier Les Cigales Rouge 2012", "statistics": {"status": "BelowThreshold", "ratings_count": 1, "ratings_average": 0, "labels_count": 2, "reviews_count": 0}, "year": 2012, "grapes": null, "has_valid_ratings": false}, {"id": 3826564, "seo_name": "duvivier-les-cigales-rouge-var-2011", "name": "Duvivier Les Cigales Rouge 2011", "statistics": {"status": "BelowThreshold", "ratings_count": 7, "ratings_average": 0, "labels_count": 37, "reviews_count": 2}, "year": 2011, "grapes": null, "has_valid_ratings": false}, {"id": 3750723, "seo_name": "duvivier-les-cigales-rouge-var-2010", "name": "Duvivier Les Cigales Rouge 2010", "statistics": {"status": "BelowThreshold", "ratings_count": 3, "ratings_average": 0, "labels_count": 10, "reviews_count": 0}, "year": 2010, "grapes": null, "has_valid_ratings": false}, {"id": 6936433, "seo_name": "duvivier-les-cigales-rouge-var-2009", "name": "Duvivier Les Cigales Rouge 2009", "statistics": {"status": "BelowThreshold", "ratings_count": 0, "ratings_average": 0, "labels_count": 1, "reviews_count": 0}, "year": 2009, "grapes": null, "has_valid_ratings": false}, {"id": 162265017, "seo_name": "duvivier-les-cigales-rouge-var-2008", "name": "Duvivier Les Cigales Rouge 2008", "statistics": {"status": "BelowThreshold", "ratings_count": 0, "ratings_average": 0, "labels_count": 0, "reviews_count": 0}, "year": 2008, "grapes": null, "has_valid_ratings": false}, {"id": 2429220, "seo_name": "duvivier-les-cigales-rouge-var-2007", "name": "Duvivier Les Cigales Rouge 2007", "statistics": {"status": "BelowThreshold", "ratings_count": 0, "ratings_average": 0, "labels_count": 7, "reviews_count": 0}, "year": 2007, "grapes": null, "has_valid_ratings": false}, {"id": 152914045, "seo_name": "duvivier-les-cigales-rouge-var-2006", "name": "Duvivier Les Cigales Rouge 2006", "statistics": {"status": "BelowThreshold", "ratings_count": 0, "ratings_average": 0, "labels_count": 1, "reviews_count": 0}, "year": 2006, "grapes": null, "has_valid_ratings": false}, {"id": 141194586, "seo_name": "duvivier-les-cigales-rouge-var-2004", "name": "Duvivier Les Cigales Rouge 2004", "statistics": {"status": "BelowThreshold", "ratings_count": 0, "ratings_average": 0, "labels_count": 2, "reviews_count": 0}, "year": 2004, "grapes": null, "has_valid_ratings": false}, {"id": 4992874, "seo_name": "duvivier-les-cigales-rouge-var-uv", "name": "Duvivier Les Cigales Rouge", "statistics": {"status": "Normal", "ratings_count": 35, "ratings_average": 3.7, "labels_count": 3, "reviews_count": 0}, "year": 0, "grapes": null, "has_valid_ratings": true}], "description": "", "grapes": [], "non_vintage": false, "alcohol": 0, "sweetness_id": null, "closure": null, "vintage_mask_raw": null, "updated_at": "2019-06-17T10:19:30Z", "created_at": "2013-05-26T12:13:40Z", "is_first_wine": false, "style": null, "has_valid_ratings": true}, "highlights": [], "recommended_vintages": [], "prices_and_availabilities": [], "price_range": {"currency": {"code": "EUR", "name": "Euros", "prefix": "\u20ac", "suffix": null}, "price_range": {"minimum": 0, "maximum": 500, "currency_code": "EUR"}, "defaults": {"minimum": 7, "maximum": 30, "currency_code": "EUR"}}, "subtotal_price": null}