{"vintage": {"id": 163721305, "seo_name": "felix-solis-vina-albali-airen-semidulce-2020", "name": "F\u00e9lix Sol\u00eds Vi\u00f1a Albali Air\u00e9n Semidulce 2020", "statistics": {"status": "Normal", "ratings_count": 28, "ratings_average": 3.6, "labels_count": 713, "reviews_count": 13}, "organic_certification_id": null, "certified_biodynamic": null, "image": {"location": "//images.vivino.com/thumbs/yV3bIYYCRxiU1tLfaG7FFw_pl_480x640.png", "variations": {"bottle_large": "//images.vivino.com/thumbs/yV3bIYYCRxiU1tLfaG7FFw_pb_x960.png", "bottle_medium": "//images.vivino.com/thumbs/yV3bIYYCRxiU1tLfaG7FFw_pb_x600.png", "bottle_medium_square": "//images.vivino.com/thumbs/yV3bIYYCRxiU1tLfaG7FFw_pb_600x600.png", "bottle_small": "//images.vivino.com/thumbs/yV3bIYYCRxiU1tLfaG7FFw_pb_x300.png", "bottle_small_square": "//images.vivino.com/thumbs/yV3bIYYCRxiU1tLfaG7FFw_pb_300x300.png", "label": "//images.vivino.com/thumbs/yV3bIYYCRxiU1tLfaG7FFw_pl_480x640.png", "label_large": "//images.vivino.com/thumbs/yV3bIYYCRxiU1tLfaG7FFw_pl_375x500.png", "label_medium": "//images.vivino.com/thumbs/yV3bIYYCRxiU1tLfaG7FFw_pl_150x200.png", "label_medium_square": "//images.vivino.com/thumbs/yV3bIYYCRxiU1tLfaG7FFw_pl_150x150.png", "label_small_square": "//images.vivino.com/thumbs/yV3bIYYCRxiU1tLfaG7FFw_pl_80x80.png", "large": "//images.vivino.com/thumbs/yV3bIYYCRxiU1tLfaG7FFw_pl_375x500.png", "medium": "//images.vivino.com/thumbs/yV3bIYYCRxiU1tLfaG7FFw_pl_150x200.png", "medium_square": "//images.vivino.com/thumbs/yV3bIYYCRxiU1tLfaG7FFw_pl_150x150.png", "small_square": "//images.vivino.com/thumbs/yV3bIYYCRxiU1tLfaG7FFw_pl_80x80.png"}}, "wine": {"id": 22776, "name": "Vi\u00f1a Albali Air\u00e9n Semidulce", "seo_name": "vina-albali-airen-semidulce", "type_id": 2, "vintage_type": 0, "is_natural": false, "region": {"id": 1471, "name": "Valdepe\u00f1as", "name_en": "", "seo_name": "valdepenas", "country": {"code": "es", "name": "Spanien", "native_name": "Espa\u00f1a", "seo_name": "spain", "currency": {"code": "EUR", "name": "Euros", "prefix": "\u20ac", "suffix": null}, "regions_count": 152, "users_count": 2007042, "wines_count": 130133, "wineries_count": 17560, "most_used_grapes": [{"id": 19, "name": "Tempranillo", "seo_name": "tempranillo", "has_detailed_info": true, "wines_count": 171275}, {"id": 142, "name": "Garnacha", "seo_name": "garnacha", "has_detailed_info": true, "wines_count": 57586}, {"id": 2, "name": "Cabernet Sauvignon", "seo_name": "cabernet-sauvignon", "has_detailed_info": true, "wines_count": 794022}]}, "parent_id": 701, "background_image": {"location": "//images.vivino.com/regions/backgrounds/4x39pgtFQj-cO_ZYYl4x_g.jpg", "variations": {"large": "//thumbs.vivino.com/region_backgrounds/4x39pgtFQj-cO_ZYYl4x_g_1280x760.jpg", "medium": "//thumbs.vivino.com/region_backgrounds/4x39pgtFQj-cO_ZYYl4x_g_600x356.jpg"}}, "class": {"typecast_map": {"background_image": {}, "class": {}}}, "statistics": {"wineries_count": 146, "wines_count": 1106, "sub_regions_count": 0, "parent_regions_count": 1}}, "review_status": 2, "winery": {"id": 19731, "name": "F\u00e9lix Sol\u00eds", "seo_name": "felix-solis", "status": 3, "review_status": "Completed", "dashboard_url": "https://analytics-pbl.vivino.com/dashboards-next/8", "background_image": {"location": "//images.vivino.com/wineries/backgrounds/UdeiR_s3RzKTLB_GyvOSRw.jpeg", "variations": {"large": "//thumbs.vivino.com/winery_backgrounds/UdeiR_s3RzKTLB_GyvOSRw_2560x1520.jpeg", "medium": "//thumbs.vivino.com/winery_backgrounds/UdeiR_s3RzKTLB_GyvOSRw_1280x760.jpeg", "small": "//thumbs.vivino.com/winery_backgrounds/UdeiR_s3RzKTLB_GyvOSRw_600x356.jpeg"}}, "statistics": {"ratings_count": 242552, "ratings_average": 3.5, "labels_count": 2401289, "wines_count": 261}, "region": {"id": 1471, "name": "Valdepe\u00f1as", "name_en": "", "seo_name": "valdepenas", "country": {"code": "es", "name": "Spanien", "native_name": "Espa\u00f1a", "seo_name": "spain", "currency": {"code": "EUR", "name": "Euros", "prefix": "\u20ac", "suffix": null}, "regions_count": 152, "users_count": 2007042, "wines_count": 130133, "wineries_count": 17560, "most_used_grapes": [{"id": 19, "name": "Tempranillo", "seo_name": "tempranillo", "has_detailed_info": true, "wines_count": 171275}, {"id": 142, "name": "Garnacha", "seo_name": "garnacha", "has_detailed_info": true, "wines_count": 57586}, {"id": 2, "name": "Cabernet Sauvignon", "seo_name": "cabernet-sauvignon", "has_detailed_info": true, "wines_count": 794022}]}, "parent_id": 701, "background_image": {"location": "//images.vivino.com/regions/backgrounds/4x39pgtFQj-cO_ZYYl4x_g.jpg", "variations": {"large": "//thumbs.vivino.com/region_backgrounds/4x39pgtFQj-cO_ZYYl4x_g_1280x760.jpg", "medium": "//thumbs.vivino.com/region_backgrounds/4x39pgtFQj-cO_ZYYl4x_g_600x356.jpg"}}, "class": {"typecast_map": {"background_image": {}, "class": {}}}, "statistics": {"wineries_count": 146, "wines_count": 1106, "sub_regions_count": 0, "parent_regions_count": 1}}, "business_name": "F\u00e9lix Sol\u00eds", "description": "Felix Solis SL is a family owned company devoted to the production of quality wines, grape juice and sangria. The company has two wineries in the most important appellations in the centre of Spain; Valdepenas and La Mancha.<br><br>The winery in Valdepenas was opened in 1975 with some of the best and most modern production and bottling technology in the world. The site is one of the largest family owned companies in terms of grape reception, with a daily harvest capacity of 7.5 million kilos and a winemaking facility for 175 million kilos of grapes. For the purposes of traditional ageing, the site has a large cave of American oak barrels, necessary for the production of crianzas, reservas, and gran reservas.<br><br>The winery has successfully launched a number of brands including Vina Albali and Los Molinos; very well known by consumers in native Spain.<br><br>Felix Solis winery in La Puebla de Almoradiel is located in La Mancha, with a large tradition in grape growing and wine making. Its modern facilities are perfect for the production of young wines made from both indigenous and international grape varieties.<br><br>The La Mancha winery had its first harvest in 2011 and its wines, Caliza and Vina San Juan, have already received awards in some of the most prestigious international wine competitions.", "specialists_notes": "", "phone": "+34 926322400", "email": "fsa@felixsolisavantis.com", "facebook": "https://www.facebook.com/felixsolis.avantis", "instagram": "@felixsolisavantis", "is_claimed": true, "twitter": "@felixsolisgrupo", "website": "http://www.felixsolis.com", "winemaker": "Mar\u00eda Mel\u00e9ndez", "wine_maker": {"id": 11421, "name": "Mar\u00eda Mel\u00e9ndez"}, "address": {"title": null, "name": null, "street": "Autovia del sur km 199", "street2": null, "neighborhood": null, "city": "Valdepe\u00f1as", "zip": "13300", "state": null, "country": {"code": "es", "name": "Spanien", "native_name": "Espa\u00f1a", "seo_name": "spain", "currency": {"code": "EUR", "name": "Euros", "prefix": "\u20ac", "suffix": null}, "regions_count": 152, "users_count": 2007042, "wines_count": 130133, "wineries_count": 17560, "most_used_grapes": [{"id": 19, "name": "Tempranillo", "seo_name": "tempranillo", "has_detailed_info": true, "wines_count": 171275}, {"id": 142, "name": "Garnacha", "seo_name": "garnacha", "has_detailed_info": true, "wines_count": 57586}, {"id": 2, "name": "Cabernet Sauvignon", "seo_name": "cabernet-sauvignon", "has_detailed_info": true, "wines_count": 794022}]}, "company": null, "phone": null, "external_id": null, "residential": null, "vat_number": null, "vat_code": null, "addition": null}, "image": {"location": "//images.vivino.com/wineries/19731/logos/Sdxp_TdBQA-eiNa16l90CQ.jpeg", "variations": {"large": "//thumbs.vivino.com/wineries/19731/logos/Sdxp_TdBQA-eiNa16l90CQ_500x500.jpeg", "medium": "//thumbs.vivino.com/wineries/19731/logos/Sdxp_TdBQA-eiNa16l90CQ_200x200.jpeg", "small_square": "//thumbs.vivino.com/wineries/19731/logos/Sdxp_TdBQA-eiNa16l90CQ_80x80.jpeg"}}, "background_video": "https://images.vivino.com/misc/winery_videos/19731_felixsolis_video4.mp4", "location": {"latitude": 38.777206, "longitude": -3.398294}, "winery_group": {"id": 21, "name": "F\u00e9lix Sol\u00eds Avantis (F\u00e9lix Sol\u00eds & Pagos del Rey)", "website": "http://www.felixsolisavantis.com/"}, "first_wines": [{"id": 1323253, "name": "Vi\u00f1a San Juan Tinto", "seo_name": "vina-san-juan-tinto", "type_id": 1, "vintage_type": 0, "is_natural": false, "region": {"id": 1761, "name": "La Mancha", "name_en": "", "seo_name": "la-mancha", "country": "es", "parent_id": 701, "background_image": {"location": "//images.vivino.com/regions/backgrounds/CRo_etP7SKOdubm1z-TkoQ.jpg", "variations": {"large": "//thumbs.vivino.com/region_backgrounds/CRo_etP7SKOdubm1z-TkoQ_1280x760.jpg", "medium": "//thumbs.vivino.com/region_backgrounds/CRo_etP7SKOdubm1z-TkoQ_600x356.jpg"}}, "class": {"id": 12, "country_code": "es", "abbreviation": "DOP", "description": "Denominaci\u00f3n de Origen Protegida"}, "statistics": {"wineries_count": 554, "wines_count": 4026, "sub_regions_count": 0, "parent_regions_count": 1}}, "review_status": 2}, {"id": 1459483, "name": "Vi\u00f1a San Juan Blanco (Chardonnay - Verdejo - Viura)", "seo_name": "vina-san-juan-blanco-chardonnay-verdejo-viura", "type_id": 2, "vintage_type": 0, "is_natural": false, "region": {"id": 1761, "name": "La Mancha", "name_en": "", "seo_name": "la-mancha", "country": "es", "parent_id": 701, "background_image": {"location": "//images.vivino.com/regions/backgrounds/CRo_etP7SKOdubm1z-TkoQ.jpg", "variations": {"large": "//thumbs.vivino.com/region_backgrounds/CRo_etP7SKOdubm1z-TkoQ_1280x760.jpg", "medium": "//thumbs.vivino.com/region_backgrounds/CRo_etP7SKOdubm1z-TkoQ_600x356.jpg"}}, "class": {"id": 12, "country_code": "es", "abbreviation": "DOP", "description": "Denominaci\u00f3n de Origen Protegida"}, "statistics": {"wineries_count": 554, "wines_count": 4026, "sub_regions_count": 0, "parent_regions_count": 1}}, "review_status": 2}, {"id": 2438068, "name": "Vi\u00f1a San Juan Rosado (Tempranillo)", "seo_name": "vina-san-juan-rosado-tempranillo", "type_id": 4, "vintage_type": 0, "is_natural": false, "region": {"id": 1761, "name": "La Mancha", "name_en": "", "seo_name": "la-mancha", "country": "es", "parent_id": 701, "background_image": {"location": "//images.vivino.com/regions/backgrounds/CRo_etP7SKOdubm1z-TkoQ.jpg", "variations": {"large": "//thumbs.vivino.com/region_backgrounds/CRo_etP7SKOdubm1z-TkoQ_1280x760.jpg", "medium": "//thumbs.vivino.com/region_backgrounds/CRo_etP7SKOdubm1z-TkoQ_600x356.jpg"}}, "class": {"id": 12, "country_code": "es", "abbreviation": "DOP", "description": "Denominaci\u00f3n de Origen Protegida"}, "statistics": {"wineries_count": 554, "wines_count": 4026, "sub_regions_count": 0, "parent_regions_count": 1}}, "review_status": 2}], "sponsored_entity_type": null, "sponsored_entity": null}, "statistics": {"status": "Normal", "ratings_count": 790, "ratings_average": 3.4, "labels_count": 12057, "vintages_count": 33}, "rank": {"country": {"description": "Rang von Spanien", "total": 79190, "rank": 16874}, "region": {"description": "Rang von Weinregion", "total": 956, "rank": 135}, "winery": {"description": "Rang vom Weingut", "total": 247, "rank": 59}, "wine_type": {"description": "Rang in allen Wei\u00dfwein", "total": 394052, "rank": 55756}, "global": {"description": "Weltweiter Rang", "total": 1287363, "rank": 212479}}, "hidden": false, "vintages": [{"id": 163721305, "seo_name": "felix-solis-vina-albali-airen-semidulce-2020", "name": "F\u00e9lix Sol\u00eds Vi\u00f1a Albali Air\u00e9n Semidulce 2020", "statistics": {"status": "Normal", "ratings_count": 28, "ratings_average": 3.6, "labels_count": 713, "reviews_count": 13}, "year": 2020, "grapes": null, "has_valid_ratings": true}, {"id": 159707381, "seo_name": "felix-solis-vina-albali-airen-semidulce-2019", "name": "F\u00e9lix Sol\u00eds Vi\u00f1a Albali Air\u00e9n Semidulce 2019", "statistics": {"status": "Normal", "ratings_count": 77, "ratings_average": 3.4, "labels_count": 2487, "reviews_count": 19}, "year": 2019, "grapes": null, "has_valid_ratings": true}, {"id": 157718809, "seo_name": "felix-solis-vina-albali-airen-semidulce-2018", "name": "F\u00e9lix Sol\u00eds Vi\u00f1a Albali Air\u00e9n Semidulce 2018", "statistics": {"status": "Normal", "ratings_count": 101, "ratings_average": 3.5, "labels_count": 1852, "reviews_count": 40}, "year": 2018, "grapes": null, "has_valid_ratings": true}, {"id": 151373019, "seo_name": "felix-solis-vina-albali-airen-semidulce-2017", "name": "F\u00e9lix Sol\u00eds Vi\u00f1a Albali Air\u00e9n Semidulce 2017", "statistics": {"status": "Normal", "ratings_count": 95, "ratings_average": 3.3, "labels_count": 1591, "reviews_count": 38}, "year": 2017, "grapes": null, "has_valid_ratings": true}, {"id": 116432613, "seo_name": "felix-solis-vina-albali-airen-semidulce-2016", "name": "F\u00e9lix Sol\u00eds Vi\u00f1a Albali Air\u00e9n Semidulce 2016", "statistics": {"status": "Normal", "ratings_count": 136, "ratings_average": 3.5, "labels_count": 2043, "reviews_count": 43}, "year": 2016, "grapes": null, "has_valid_ratings": true}, {"id": 14486954, "seo_name": "felix-solis-vina-albali-airen-semidulce-2015", "name": "F\u00e9lix Sol\u00eds Vi\u00f1a Albali Air\u00e9n Semidulce 2015", "statistics": {"status": "Normal", "ratings_count": 59, "ratings_average": 3.1, "labels_count": 1244, "reviews_count": 21}, "year": 2015, "grapes": null, "has_valid_ratings": true}, {"id": 21150924, "seo_name": "felix-solis-vina-albali-airen-semidulce-2014", "name": "F\u00e9lix Sol\u00eds Vi\u00f1a Albali Air\u00e9n Semidulce 2014", "statistics": {"status": "Normal", "ratings_count": 36, "ratings_average": 3.2, "labels_count": 227, "reviews_count": 15}, "year": 2014, "grapes": null, "has_valid_ratings": true}, {"id": 4108285, "seo_name": "felix-solis-vina-albali-airen-semidulce-2013", "name": "F\u00e9lix Sol\u00eds Vi\u00f1a Albali Air\u00e9n Semidulce 2013", "statistics": {"status": "Normal", "ratings_count": 129, "ratings_average": 3.3, "labels_count": 1082, "reviews_count": 46}, "year": 2013, "grapes": null, "has_valid_ratings": true}, {"id": 2156701, "seo_name": "felix-solis-vina-albali-airen-semidulce-2012", "name": "F\u00e9lix Sol\u00eds Vi\u00f1a Albali Air\u00e9n Semidulce 2012", "statistics": {"status": "Normal", "ratings_count": 39, "ratings_average": 3.2, "labels_count": 269, "reviews_count": 14}, "year": 2012, "grapes": null, "has_valid_ratings": true}, {"id": 1672536, "seo_name": "felix-solis-vina-albali-airen-semidulce-2011", "name": "F\u00e9lix Sol\u00eds Vi\u00f1a Albali Air\u00e9n Semidulce 2011", "statistics": {"status": "Normal", "ratings_count": 18, "ratings_average": 3.2, "labels_count": 96, "reviews_count": 2}, "year": 2011, "grapes": null, "has_valid_ratings": true}, {"id": 2890564, "seo_name": "felix-solis-vina-albali-airen-semidulce-2010", "name": "F\u00e9lix Sol\u00eds Vi\u00f1a Albali Air\u00e9n Semidulce 2010", "statistics": {"status": "BelowThreshold", "ratings_count": 6, "ratings_average": 0, "labels_count": 74, "reviews_count": 1}, "year": 2010, "grapes": null, "has_valid_ratings": false}, {"id": 1344840, "seo_name": "felix-solis-vina-albali-airen-semidulce-2009", "name": "F\u00e9lix Sol\u00eds Vi\u00f1a Albali Air\u00e9n Semidulce 2009", "statistics": {"status": "BelowThreshold", "ratings_count": 5, "ratings_average": 0, "labels_count": 90, "reviews_count": 3}, "year": 2009, "grapes": null, "has_valid_ratings": false}, {"id": 1539451, "seo_name": "felix-solis-vina-albali-airen-semidulce-2008", "name": "F\u00e9lix Sol\u00eds Vi\u00f1a Albali Air\u00e9n Semidulce 2008", "statistics": {"status": "BelowThreshold", "ratings_count": 6, "ratings_average": 0, "labels_count": 42, "reviews_count": 3}, "year": 2008, "grapes": null, "has_valid_ratings": false}, {"id": 1445955, "seo_name": "felix-solis-vina-albali-airen-semidulce-2007", "name": "F\u00e9lix Sol\u00eds Vi\u00f1a Albali Air\u00e9n Semidulce 2007", "statistics": {"status": "Normal", "ratings_count": 11, "ratings_average": 3.2, "labels_count": 53, "reviews_count": 0}, "year": 2007, "grapes": null, "has_valid_ratings": true}, {"id": 24240, "seo_name": "felix-solis-vina-albali-airen-semidulce-2006", "name": "F\u00e9lix Sol\u00eds Vi\u00f1a Albali Air\u00e9n Semidulce 2006", "statistics": {"status": "BelowThreshold", "ratings_count": 1, "ratings_average": 0, "labels_count": 7, "reviews_count": 0}, "year": 2006, "grapes": null, "has_valid_ratings": false}, {"id": 18824777, "seo_name": "felix-solis-vina-albali-airen-semidulce-1962", "name": "F\u00e9lix Sol\u00eds Vi\u00f1a Albali Air\u00e9n Semidulce 1962", "statistics": {"status": "BelowThreshold", "ratings_count": 3, "ratings_average": 0, "labels_count": 20, "reviews_count": 0}, "year": 1962, "grapes": null, "has_valid_ratings": false}, {"id": 6768728, "seo_name": "felix-solis-vina-albali-airen-semidulce-1961", "name": "F\u00e9lix Sol\u00eds Vi\u00f1a Albali Air\u00e9n Semidulce 1961", "statistics": {"status": "BelowThreshold", "ratings_count": 1, "ratings_average": 0, "labels_count": 6, "reviews_count": 1}, "year": 1961, "grapes": null, "has_valid_ratings": false}, {"id": 4908440, "seo_name": "felix-solis-vina-albali-airen-semidulce-uv", "name": "F\u00e9lix Sol\u00eds Vi\u00f1a Albali Air\u00e9n Semidulce", "statistics": {"status": "Normal", "ratings_count": 790, "ratings_average": 3.4, "labels_count": 120, "reviews_count": 12}, "year": 0, "grapes": null, "has_valid_ratings": true}], "description": "Pale lemon yellow. A clean, fresh and fruity nose with a touch of herby aromas. A good balance between sweetness and acidity and a predominance of citrus flavours.", "grapes": [{"id": 262, "name": "Airen", "seo_name": "airen", "has_detailed_info": false, "wines_count": 4609}], "non_vintage": false, "alcohol": 11.5, "sweetness_id": null, "closure": null, "vintage_mask_raw": null, "updated_at": "2020-09-28T11:21:17Z", "created_at": "2009-05-26T07:34:44Z", "is_first_wine": false, "style": null, "has_valid_ratings": true}, "description": "", "expert_reviews": null, "wine_critic_reviews": [], "awards": [], "ratings_distribution": {"1": 1, "2": 3, "3": 11, "4": 9, "5": 4}, "ranking": {"country": {"description": "Rang von Spanien", "total": 600960, "rank": 173255}, "region": {"description": "Rang von Weinregion", "total": 6944, "rank": 1290}, "winery": {"description": "Rang vom Weingut", "total": 2585, "rank": 546}, "global": {"description": "Weltweiter Rang", "total": 8824712, "rank": 2313830}}, "wine_facts": {}, "winemaker": null, "wine_maker": null, "grape_composition": {}, "year": 2020, "grapes": null, "has_valid_ratings": true}, "carts": null, "price_range": {"currency": {"code": "EUR", "name": "Euros", "prefix": "\u20ac", "suffix": null}, "price_range": {"minimum": 0, "maximum": 500, "currency_code": "EUR"}, "defaults": {"minimum": 7, "maximum": 30, "currency_code": "EUR"}}, "subtotal_price": null, "full_region": null, "tastes": null, "wine": {"id": 22776, "name": "Vi\u00f1a Albali Air\u00e9n Semidulce", "seo_name": "vina-albali-airen-semidulce", "type_id": 2, "vintage_type": 0, "is_natural": false, "region": {"id": 1471, "name": "Valdepe\u00f1as", "name_en": "", "seo_name": "valdepenas", "country": {"code": "es", "name": "Spanien", "native_name": "Espa\u00f1a", "seo_name": "spain", "currency": {"code": "EUR", "name": "Euros", "prefix": "\u20ac", "suffix": null}, "regions_count": 152, "users_count": 2007042, "wines_count": 130133, "wineries_count": 17560, "most_used_grapes": [{"id": 19, "name": "Tempranillo", "seo_name": "tempranillo", "has_detailed_info": true, "wines_count": 171275}, {"id": 142, "name": "Garnacha", "seo_name": "garnacha", "has_detailed_info": true, "wines_count": 57586}, {"id": 2, "name": "Cabernet Sauvignon", "seo_name": "cabernet-sauvignon", "has_detailed_info": true, "wines_count": 794022}]}, "parent_id": 701, "background_image": {"location": "//images.vivino.com/regions/backgrounds/4x39pgtFQj-cO_ZYYl4x_g.jpg", "variations": {"large": "//thumbs.vivino.com/region_backgrounds/4x39pgtFQj-cO_ZYYl4x_g_1280x760.jpg", "medium": "//thumbs.vivino.com/region_backgrounds/4x39pgtFQj-cO_ZYYl4x_g_600x356.jpg"}}, "class": {"typecast_map": {"background_image": {}, "class": {}}}, "statistics": {"wineries_count": 146, "wines_count": 1106, "sub_regions_count": 0, "parent_regions_count": 1}}, "review_status": 2, "winery": {"id": 19731, "name": "F\u00e9lix Sol\u00eds", "seo_name": "felix-solis", "status": 3, "review_status": "Completed", "dashboard_url": "https://analytics-pbl.vivino.com/dashboards-next/8", "background_image": {"location": "//images.vivino.com/wineries/backgrounds/UdeiR_s3RzKTLB_GyvOSRw.jpeg", "variations": {"large": "//thumbs.vivino.com/winery_backgrounds/UdeiR_s3RzKTLB_GyvOSRw_2560x1520.jpeg", "medium": "//thumbs.vivino.com/winery_backgrounds/UdeiR_s3RzKTLB_GyvOSRw_1280x760.jpeg", "small": "//thumbs.vivino.com/winery_backgrounds/UdeiR_s3RzKTLB_GyvOSRw_600x356.jpeg"}}, "statistics": {"ratings_count": 242552, "ratings_average": 3.5, "labels_count": 2401289, "wines_count": 261}, "region": {"id": 1471, "name": "Valdepe\u00f1as", "name_en": "", "seo_name": "valdepenas", "country": {"code": "es", "name": "Spanien", "native_name": "Espa\u00f1a", "seo_name": "spain", "currency": {"code": "EUR", "name": "Euros", "prefix": "\u20ac", "suffix": null}, "regions_count": 152, "users_count": 2007042, "wines_count": 130133, "wineries_count": 17560, "most_used_grapes": [{"id": 19, "name": "Tempranillo", "seo_name": "tempranillo", "has_detailed_info": true, "wines_count": 171275}, {"id": 142, "name": "Garnacha", "seo_name": "garnacha", "has_detailed_info": true, "wines_count": 57586}, {"id": 2, "name": "Cabernet Sauvignon", "seo_name": "cabernet-sauvignon", "has_detailed_info": true, "wines_count": 794022}]}, "parent_id": 701, "background_image": {"location": "//images.vivino.com/regions/backgrounds/4x39pgtFQj-cO_ZYYl4x_g.jpg", "variations": {"large": "//thumbs.vivino.com/region_backgrounds/4x39pgtFQj-cO_ZYYl4x_g_1280x760.jpg", "medium": "//thumbs.vivino.com/region_backgrounds/4x39pgtFQj-cO_ZYYl4x_g_600x356.jpg"}}, "class": {"typecast_map": {"background_image": {}, "class": {}}}, "statistics": {"wineries_count": 146, "wines_count": 1106, "sub_regions_count": 0, "parent_regions_count": 1}}, "business_name": "F\u00e9lix Sol\u00eds", "description": "Felix Solis SL is a family owned company devoted to the production of quality wines, grape juice and sangria. The company has two wineries in the most important appellations in the centre of Spain; Valdepenas and La Mancha.<br><br>The winery in Valdepenas was opened in 1975 with some of the best and most modern production and bottling technology in the world. The site is one of the largest family owned companies in terms of grape reception, with a daily harvest capacity of 7.5 million kilos and a winemaking facility for 175 million kilos of grapes. For the purposes of traditional ageing, the site has a large cave of American oak barrels, necessary for the production of crianzas, reservas, and gran reservas.<br><br>The winery has successfully launched a number of brands including Vina Albali and Los Molinos; very well known by consumers in native Spain.<br><br>Felix Solis winery in La Puebla de Almoradiel is located in La Mancha, with a large tradition in grape growing and wine making. Its modern facilities are perfect for the production of young wines made from both indigenous and international grape varieties.<br><br>The La Mancha winery had its first harvest in 2011 and its wines, Caliza and Vina San Juan, have already received awards in some of the most prestigious international wine competitions.", "specialists_notes": "", "phone": "+34 926322400", "email": "fsa@felixsolisavantis.com", "facebook": "https://www.facebook.com/felixsolis.avantis", "instagram": "@felixsolisavantis", "is_claimed": true, "twitter": "@felixsolisgrupo", "website": "http://www.felixsolis.com", "winemaker": "Mar\u00eda Mel\u00e9ndez", "wine_maker": {"id": 11421, "name": "Mar\u00eda Mel\u00e9ndez"}, "address": {"title": null, "name": null, "street": "Autovia del sur km 199", "street2": null, "neighborhood": null, "city": "Valdepe\u00f1as", "zip": "13300", "state": null, "country": {"code": "es", "name": "Spanien", "native_name": "Espa\u00f1a", "seo_name": "spain", "currency": {"code": "EUR", "name": "Euros", "prefix": "\u20ac", "suffix": null}, "regions_count": 152, "users_count": 2007042, "wines_count": 130133, "wineries_count": 17560, "most_used_grapes": [{"id": 19, "name": "Tempranillo", "seo_name": "tempranillo", "has_detailed_info": true, "wines_count": 171275}, {"id": 142, "name": "Garnacha", "seo_name": "garnacha", "has_detailed_info": true, "wines_count": 57586}, {"id": 2, "name": "Cabernet Sauvignon", "seo_name": "cabernet-sauvignon", "has_detailed_info": true, "wines_count": 794022}]}, "company": null, "phone": null, "external_id": null, "residential": null, "vat_number": null, "vat_code": null, "addition": null}, "image": {"location": "//images.vivino.com/wineries/19731/logos/Sdxp_TdBQA-eiNa16l90CQ.jpeg", "variations": {"large": "//thumbs.vivino.com/wineries/19731/logos/Sdxp_TdBQA-eiNa16l90CQ_500x500.jpeg", "medium": "//thumbs.vivino.com/wineries/19731/logos/Sdxp_TdBQA-eiNa16l90CQ_200x200.jpeg", "small_square": "//thumbs.vivino.com/wineries/19731/logos/Sdxp_TdBQA-eiNa16l90CQ_80x80.jpeg"}}, "background_video": "https://images.vivino.com/misc/winery_videos/19731_felixsolis_video4.mp4", "location": {"latitude": 38.777206, "longitude": -3.398294}, "winery_group": {"id": 21, "name": "F\u00e9lix Sol\u00eds Avantis (F\u00e9lix Sol\u00eds & Pagos del Rey)", "website": "http://www.felixsolisavantis.com/"}, "first_wines": [{"id": 1323253, "name": "Vi\u00f1a San Juan Tinto", "seo_name": "vina-san-juan-tinto", "type_id": 1, "vintage_type": 0, "is_natural": false, "region": {"id": 1761, "name": "La Mancha", "name_en": "", "seo_name": "la-mancha", "country": "es", "parent_id": 701, "background_image": {"location": "//images.vivino.com/regions/backgrounds/CRo_etP7SKOdubm1z-TkoQ.jpg", "variations": {"large": "//thumbs.vivino.com/region_backgrounds/CRo_etP7SKOdubm1z-TkoQ_1280x760.jpg", "medium": "//thumbs.vivino.com/region_backgrounds/CRo_etP7SKOdubm1z-TkoQ_600x356.jpg"}}, "class": {"id": 12, "country_code": "es", "abbreviation": "DOP", "description": "Denominaci\u00f3n de Origen Protegida"}, "statistics": {"wineries_count": 554, "wines_count": 4026, "sub_regions_count": 0, "parent_regions_count": 1}}, "review_status": 2}, {"id": 1459483, "name": "Vi\u00f1a San Juan Blanco (Chardonnay - Verdejo - Viura)", "seo_name": "vina-san-juan-blanco-chardonnay-verdejo-viura", "type_id": 2, "vintage_type": 0, "is_natural": false, "region": {"id": 1761, "name": "La Mancha", "name_en": "", "seo_name": "la-mancha", "country": "es", "parent_id": 701, "background_image": {"location": "//images.vivino.com/regions/backgrounds/CRo_etP7SKOdubm1z-TkoQ.jpg", "variations": {"large": "//thumbs.vivino.com/region_backgrounds/CRo_etP7SKOdubm1z-TkoQ_1280x760.jpg", "medium": "//thumbs.vivino.com/region_backgrounds/CRo_etP7SKOdubm1z-TkoQ_600x356.jpg"}}, "class": {"id": 12, "country_code": "es", "abbreviation": "DOP", "description": "Denominaci\u00f3n de Origen Protegida"}, "statistics": {"wineries_count": 554, "wines_count": 4026, "sub_regions_count": 0, "parent_regions_count": 1}}, "review_status": 2}, {"id": 2438068, "name": "Vi\u00f1a San Juan Rosado (Tempranillo)", "seo_name": "vina-san-juan-rosado-tempranillo", "type_id": 4, "vintage_type": 0, "is_natural": false, "region": {"id": 1761, "name": "La Mancha", "name_en": "", "seo_name": "la-mancha", "country": "es", "parent_id": 701, "background_image": {"location": "//images.vivino.com/regions/backgrounds/CRo_etP7SKOdubm1z-TkoQ.jpg", "variations": {"large": "//thumbs.vivino.com/region_backgrounds/CRo_etP7SKOdubm1z-TkoQ_1280x760.jpg", "medium": "//thumbs.vivino.com/region_backgrounds/CRo_etP7SKOdubm1z-TkoQ_600x356.jpg"}}, "class": {"id": 12, "country_code": "es", "abbreviation": "DOP", "description": "Denominaci\u00f3n de Origen Protegida"}, "statistics": {"wineries_count": 554, "wines_count": 4026, "sub_regions_count": 0, "parent_regions_count": 1}}, "review_status": 2}], "sponsored_entity_type": null, "sponsored_entity": null}, "statistics": {"status": "Normal", "ratings_count": 790, "ratings_average": 3.4, "labels_count": 12057, "vintages_count": 33}, "rank": {"country": {"description": "Rang von Spanien", "total": 79190, "rank": 16874}, "region": {"description": "Rang von Weinregion", "total": 956, "rank": 135}, "winery": {"description": "Rang vom Weingut", "total": 247, "rank": 59}, "wine_type": {"description": "Rang in allen Wei\u00dfwein", "total": 394052, "rank": 55756}, "global": {"description": "Weltweiter Rang", "total": 1287363, "rank": 212479}}, "hidden": false, "vintages": [{"id": 163721305, "seo_name": "felix-solis-vina-albali-airen-semidulce-2020", "name": "F\u00e9lix Sol\u00eds Vi\u00f1a Albali Air\u00e9n Semidulce 2020", "statistics": {"status": "Normal", "ratings_count": 28, "ratings_average": 3.6, "labels_count": 713, "reviews_count": 13}, "year": 2020, "grapes": null, "has_valid_ratings": true}, {"id": 159707381, "seo_name": "felix-solis-vina-albali-airen-semidulce-2019", "name": "F\u00e9lix Sol\u00eds Vi\u00f1a Albali Air\u00e9n Semidulce 2019", "statistics": {"status": "Normal", "ratings_count": 77, "ratings_average": 3.4, "labels_count": 2487, "reviews_count": 19}, "year": 2019, "grapes": null, "has_valid_ratings": true}, {"id": 157718809, "seo_name": "felix-solis-vina-albali-airen-semidulce-2018", "name": "F\u00e9lix Sol\u00eds Vi\u00f1a Albali Air\u00e9n Semidulce 2018", "statistics": {"status": "Normal", "ratings_count": 101, "ratings_average": 3.5, "labels_count": 1852, "reviews_count": 40}, "year": 2018, "grapes": null, "has_valid_ratings": true}, {"id": 151373019, "seo_name": "felix-solis-vina-albali-airen-semidulce-2017", "name": "F\u00e9lix Sol\u00eds Vi\u00f1a Albali Air\u00e9n Semidulce 2017", "statistics": {"status": "Normal", "ratings_count": 95, "ratings_average": 3.3, "labels_count": 1591, "reviews_count": 38}, "year": 2017, "grapes": null, "has_valid_ratings": true}, {"id": 116432613, "seo_name": "felix-solis-vina-albali-airen-semidulce-2016", "name": "F\u00e9lix Sol\u00eds Vi\u00f1a Albali Air\u00e9n Semidulce 2016", "statistics": {"status": "Normal", "ratings_count": 136, "ratings_average": 3.5, "labels_count": 2043, "reviews_count": 43}, "year": 2016, "grapes": null, "has_valid_ratings": true}, {"id": 14486954, "seo_name": "felix-solis-vina-albali-airen-semidulce-2015", "name": "F\u00e9lix Sol\u00eds Vi\u00f1a Albali Air\u00e9n Semidulce 2015", "statistics": {"status": "Normal", "ratings_count": 59, "ratings_average": 3.1, "labels_count": 1244, "reviews_count": 21}, "year": 2015, "grapes": null, "has_valid_ratings": true}, {"id": 21150924, "seo_name": "felix-solis-vina-albali-airen-semidulce-2014", "name": "F\u00e9lix Sol\u00eds Vi\u00f1a Albali Air\u00e9n Semidulce 2014", "statistics": {"status": "Normal", "ratings_count": 36, "ratings_average": 3.2, "labels_count": 227, "reviews_count": 15}, "year": 2014, "grapes": null, "has_valid_ratings": true}, {"id": 4108285, "seo_name": "felix-solis-vina-albali-airen-semidulce-2013", "name": "F\u00e9lix Sol\u00eds Vi\u00f1a Albali Air\u00e9n Semidulce 2013", "statistics": {"status": "Normal", "ratings_count": 129, "ratings_average": 3.3, "labels_count": 1082, "reviews_count": 46}, "year": 2013, "grapes": null, "has_valid_ratings": true}, {"id": 2156701, "seo_name": "felix-solis-vina-albali-airen-semidulce-2012", "name": "F\u00e9lix Sol\u00eds Vi\u00f1a Albali Air\u00e9n Semidulce 2012", "statistics": {"status": "Normal", "ratings_count": 39, "ratings_average": 3.2, "labels_count": 269, "reviews_count": 14}, "year": 2012, "grapes": null, "has_valid_ratings": true}, {"id": 1672536, "seo_name": "felix-solis-vina-albali-airen-semidulce-2011", "name": "F\u00e9lix Sol\u00eds Vi\u00f1a Albali Air\u00e9n Semidulce 2011", "statistics": {"status": "Normal", "ratings_count": 18, "ratings_average": 3.2, "labels_count": 96, "reviews_count": 2}, "year": 2011, "grapes": null, "has_valid_ratings": true}, {"id": 2890564, "seo_name": "felix-solis-vina-albali-airen-semidulce-2010", "name": "F\u00e9lix Sol\u00eds Vi\u00f1a Albali Air\u00e9n Semidulce 2010", "statistics": {"status": "BelowThreshold", "ratings_count": 6, "ratings_average": 0, "labels_count": 74, "reviews_count": 1}, "year": 2010, "grapes": null, "has_valid_ratings": false}, {"id": 1344840, "seo_name": "felix-solis-vina-albali-airen-semidulce-2009", "name": "F\u00e9lix Sol\u00eds Vi\u00f1a Albali Air\u00e9n Semidulce 2009", "statistics": {"status": "BelowThreshold", "ratings_count": 5, "ratings_average": 0, "labels_count": 90, "reviews_count": 3}, "year": 2009, "grapes": null, "has_valid_ratings": false}, {"id": 1539451, "seo_name": "felix-solis-vina-albali-airen-semidulce-2008", "name": "F\u00e9lix Sol\u00eds Vi\u00f1a Albali Air\u00e9n Semidulce 2008", "statistics": {"status": "BelowThreshold", "ratings_count": 6, "ratings_average": 0, "labels_count": 42, "reviews_count": 3}, "year": 2008, "grapes": null, "has_valid_ratings": false}, {"id": 1445955, "seo_name": "felix-solis-vina-albali-airen-semidulce-2007", "name": "F\u00e9lix Sol\u00eds Vi\u00f1a Albali Air\u00e9n Semidulce 2007", "statistics": {"status": "Normal", "ratings_count": 11, "ratings_average": 3.2, "labels_count": 53, "reviews_count": 0}, "year": 2007, "grapes": null, "has_valid_ratings": true}, {"id": 24240, "seo_name": "felix-solis-vina-albali-airen-semidulce-2006", "name": "F\u00e9lix Sol\u00eds Vi\u00f1a Albali Air\u00e9n Semidulce 2006", "statistics": {"status": "BelowThreshold", "ratings_count": 1, "ratings_average": 0, "labels_count": 7, "reviews_count": 0}, "year": 2006, "grapes": null, "has_valid_ratings": false}, {"id": 18824777, "seo_name": "felix-solis-vina-albali-airen-semidulce-1962", "name": "F\u00e9lix Sol\u00eds Vi\u00f1a Albali Air\u00e9n Semidulce 1962", "statistics": {"status": "BelowThreshold", "ratings_count": 3, "ratings_average": 0, "labels_count": 20, "reviews_count": 0}, "year": 1962, "grapes": null, "has_valid_ratings": false}, {"id": 6768728, "seo_name": "felix-solis-vina-albali-airen-semidulce-1961", "name": "F\u00e9lix Sol\u00eds Vi\u00f1a Albali Air\u00e9n Semidulce 1961", "statistics": {"status": "BelowThreshold", "ratings_count": 1, "ratings_average": 0, "labels_count": 6, "reviews_count": 1}, "year": 1961, "grapes": null, "has_valid_ratings": false}, {"id": 4908440, "seo_name": "felix-solis-vina-albali-airen-semidulce-uv", "name": "F\u00e9lix Sol\u00eds Vi\u00f1a Albali Air\u00e9n Semidulce", "statistics": {"status": "Normal", "ratings_count": 790, "ratings_average": 3.4, "labels_count": 120, "reviews_count": 12}, "year": 0, "grapes": null, "has_valid_ratings": true}], "description": "Pale lemon yellow. A clean, fresh and fruity nose with a touch of herby aromas. A good balance between sweetness and acidity and a predominance of citrus flavours.", "grapes": [{"id": 262, "name": "Airen", "seo_name": "airen", "has_detailed_info": false, "wines_count": 4609}], "non_vintage": false, "alcohol": 11.5, "sweetness_id": null, "closure": null, "vintage_mask_raw": null, "updated_at": "2020-09-28T11:21:17Z", "created_at": "2009-05-26T07:34:44Z", "is_first_wine": false, "style": null, "has_valid_ratings": true}, "price": {"id": 26214378, "vintage_id": 163721305, "amount": 4.94, "type": "vc", "currency": {"code": "EUR", "name": "Euros", "prefix": "\u20ac", "suffix": null}, "bottle_type_id": 1, "inventory_bottles_count": null, "url": "https://www.terra-vinum.de/1595/felix-solis-vina-albali-airen-semidulce?utm_medium=pref-cpc&utm_source=vivino-ppc", "message": "Preis pro Flasche, Kiste mit 12", "producer_address": "", "importer_address": "", "discounted_from": null, "bottle_type": {"id": 1, "name": "Flasche (0,75\u00a0l)", "short_name": "Flasche", "short_name_plural": "Flaschen", "volume_ml": 750}}, "highlights": [{"vintage_id": 163721305, "highlight_type": "best_user_rated", "message": "Dieser Jahrgang hat eine bessere Bewertung als alle anderen dieses Weines.", "icon": "https://images.vivino.com/highlights/icon/best_user_rated.svg", "metadata": {"price": {"id": 26214378, "type": "vc", "amount": 4.94, "currency": {"code": "EUR", "name": "Euros", "prefix": "\u20ac", "suffix": null}, "discounted_from": null}, "wine_id": 22776, "toplist": null, "ws_award": null, "critic_review_id": null, "ratings_average": 3.6, "ratings_count": 28, "vintage_year": "2020", "rank_type": null, "ranks": {"country": {"description": "Rang von Spanien", "total": 600960, "rank": 173255}, "region": {"description": "Rang von Weinregion", "total": 6944, "rank": 1290}, "winery": {"description": "Rang vom Weingut", "total": 2585, "rank": 546}, "global": {"description": "Weltweiter Rang", "total": 8824712, "rank": 2313830}}, "style": null}}], "merchant": {"id": 329, "name": "Terra-Vinum", "seo_name": "terra-vinum", "legal_name": "terra-vinum.de c/o ternum GmbH", "description": "Versandkostenfrei f\u00fcr Bestellungen ab 80 EUR", "country": {"code": "de", "name": "Deutschland", "native_name": "Deutschland", "seo_name": "germany", "currency": {"code": "EUR", "name": "Euros", "prefix": "\u20ac", "suffix": null}, "regions_count": 210, "users_count": 2117308, "wines_count": 197796, "wineries_count": 13493, "most_used_grapes": [{"id": 15, "name": "Riesling", "seo_name": "riesling", "has_detailed_info": true, "wines_count": 259925}, {"id": 299, "name": "Sp\u00e4tburgunder", "seo_name": "spatburgunder", "has_detailed_info": false, "wines_count": 49659}, {"id": 355, "name": "Weissburgunder", "seo_name": "weissburgunder", "has_detailed_info": false, "wines_count": 33123}]}, "state": null, "status": 3, "image": {"location": "//images.vivino.com/merchants/originals/p1cqg29n00000a9.jpg", "variations": {"large_square": "//images.vivino.com/merchants/thumbs/p1cqg29n00000a9_400x400.jpg", "medium_square": "//images.vivino.com/merchants/thumbs/p1cqg29n00000a9_320x320.jpg", "small_square": "//images.vivino.com/merchants/thumbs/p1cqg29n00000a9_160x160.jpg"}}, "shipping_estimate": "Lieferung voraussichtlich zwischen Di, 21.\u00a0Dez und Do, 23.\u00a0Dez", "impressum_url": "https://www.terra-vinum.de/impressum", "tos_url": "https://www.terra-vinum.de/unsere-agb", "vc_clearing_system": 0, "hidden": false}, "sold_out": false, "prices_and_availability": {"market": {"country": "de", "currency": {"code": "EUR", "name": "Euros", "prefix": "\u20ac", "suffix": null}}, "availability": {"vintage": {"id": 163721305, "year": 2020, "grapes": null, "has_valid_ratings": false}, "median": {"amount": 4.94, "type": "market", "discounted_from": null}, "price": {"id": 26214378, "amount": 4.94, "discounted_from": 0.0, "type": "vc"}}, "merchants_with_prices": [{"merchant": {"id": 329, "name": "Terra-Vinum", "seo_name": "terra-vinum", "legal_name": "terra-vinum.de c/o ternum GmbH", "description": "Versandkostenfrei f\u00fcr Bestellungen ab 80 EUR", "country": {"code": "de", "name": "Deutschland", "native_name": "Deutschland", "seo_name": "germany", "currency": {"code": "EUR", "name": "Euros", "prefix": "\u20ac", "suffix": null}, "regions_count": 210, "users_count": 2117308, "wines_count": 197796, "wineries_count": 13493, "most_used_grapes": [{"id": 15, "name": "Riesling", "seo_name": "riesling", "has_detailed_info": true, "wines_count": 259925}, {"id": 299, "name": "Sp\u00e4tburgunder", "seo_name": "spatburgunder", "has_detailed_info": false, "wines_count": 49659}, {"id": 355, "name": "Weissburgunder", "seo_name": "weissburgunder", "has_detailed_info": false, "wines_count": 33123}]}, "state": null, "status": 3, "image": {"location": "//images.vivino.com/merchants/originals/p1cqg29n00000a9.jpg", "variations": {"large_square": "//images.vivino.com/merchants/thumbs/p1cqg29n00000a9_400x400.jpg", "medium_square": "//images.vivino.com/merchants/thumbs/p1cqg29n00000a9_320x320.jpg", "small_square": "//images.vivino.com/merchants/thumbs/p1cqg29n00000a9_160x160.jpg"}}, "shipping_estimate": "Lieferung voraussichtlich zwischen Di, 21.\u00a0Dez und Do, 23.\u00a0Dez", "impressum_url": "https://www.terra-vinum.de/impressum", "tos_url": "https://www.terra-vinum.de/unsere-agb", "vc_clearing_system": 0, "hidden": false}, "prices": [{"id": 26214378, "vintage_id": 163721305, "amount": 4.94, "type": "vc", "currency": {"code": "EUR", "name": "Euros", "prefix": "\u20ac", "suffix": null}, "bottle_type_id": 1, "inventory_bottles_count": null, "url": "https://www.terra-vinum.de/1595/felix-solis-vina-albali-airen-semidulce?utm_medium=pref-cpc&utm_source=vivino-ppc", "message": "Preis pro Flasche, Kiste mit 12", "producer_address": "", "importer_address": "", "discounted_from": null, "bottle_type": {"id": 1, "name": "Flasche (0,75\u00a0l)", "short_name": "Flasche", "short_name_plural": "Flaschen", "volume_ml": 750}}]}]}, "found_by_merchant_and_sku": null, "is_deal_page": false}