{"vintage": {"id": 160141083, "seo_name": "mulderbosch-vineyards-sauvignon-blanc-2019", "name": "Mulderbosch Sauvignon Blanc 2019", "statistics": {"status": "Normal", "ratings_count": 134, "ratings_average": 3.6, "labels_count": 938, "reviews_count": 63}, "organic_certification_id": null, "certified_biodynamic": false, "image": {"location": "//images.vivino.com/thumbs/BEsLvXsjT4C7etTzLadfhQ_pl_480x640.png", "variations": {"bottle_large": "//images.vivino.com/thumbs/BEsLvXsjT4C7etTzLadfhQ_pb_x960.png", "bottle_medium": "//images.vivino.com/thumbs/BEsLvXsjT4C7etTzLadfhQ_pb_x600.png", "bottle_medium_square": "//images.vivino.com/thumbs/BEsLvXsjT4C7etTzLadfhQ_pb_600x600.png", "bottle_small": "//images.vivino.com/thumbs/BEsLvXsjT4C7etTzLadfhQ_pb_x300.png", "bottle_small_square": "//images.vivino.com/thumbs/BEsLvXsjT4C7etTzLadfhQ_pb_300x300.png", "label": "//images.vivino.com/thumbs/BEsLvXsjT4C7etTzLadfhQ_pl_480x640.png", "label_large": "//images.vivino.com/thumbs/BEsLvXsjT4C7etTzLadfhQ_pl_375x500.png", "label_medium": "//images.vivino.com/thumbs/BEsLvXsjT4C7etTzLadfhQ_pl_150x200.png", "label_medium_square": "//images.vivino.com/thumbs/BEsLvXsjT4C7etTzLadfhQ_pl_150x150.png", "label_small_square": "//images.vivino.com/thumbs/BEsLvXsjT4C7etTzLadfhQ_pl_80x80.png", "large": "//images.vivino.com/thumbs/BEsLvXsjT4C7etTzLadfhQ_pl_375x500.png", "medium": "//images.vivino.com/thumbs/BEsLvXsjT4C7etTzLadfhQ_pl_150x200.png", "medium_square": "//images.vivino.com/thumbs/BEsLvXsjT4C7etTzLadfhQ_pl_150x150.png", "small_square": "//images.vivino.com/thumbs/BEsLvXsjT4C7etTzLadfhQ_pl_80x80.png"}}, "wine": {"id": 16492, "name": "Sauvignon Blanc", "seo_name": "sauvignon-blanc", "type_id": 2, "vintage_type": 0, "is_natural": false, "region": {"id": 533, "name": "Stellenbosch", "name_en": "", "seo_name": "stellenbosch", "country": {"code": "za", "name": "S\u00fcdafrika", "native_name": "South Africa", "seo_name": "south-africa", "currency": {"code": "ZAR", "name": "South African Rand", "prefix": "R", "suffix": null}, "regions_count": 110, "users_count": 232908, "wines_count": 37408, "wineries_count": 4048, "most_used_grapes": [{"id": 2, "name": "Cabernet Sauvignon", "seo_name": "cabernet-sauvignon", "has_detailed_info": true, "wines_count": 794022}, {"id": 1, "name": "Shiraz/Syrah", "seo_name": "shiraz-syrah", "has_detailed_info": true, "wines_count": 545850}, {"id": 10, "name": "Merlot", "seo_name": "merlot", "has_detailed_info": true, "wines_count": 560926}]}, "parent_id": 741, "background_image": {"location": "//images.vivino.com/regions/backgrounds/YxTAMWZ7Q_KqrupzCUn7rg.jpeg", "variations": {"large": "//thumbs.vivino.com/region_backgrounds/YxTAMWZ7Q_KqrupzCUn7rg_1280x760.jpeg", "medium": "//thumbs.vivino.com/region_backgrounds/YxTAMWZ7Q_KqrupzCUn7rg_600x356.jpeg"}}, "statistics": {"wineries_count": 671, "wines_count": 5983, "sub_regions_count": 7, "parent_regions_count": 2}}, "review_status": 2, "winery": {"id": 2530, "name": "Mulderbosch", "seo_name": "mulderbosch-vineyards", "status": 0, "review_status": "Completed", "background_image": null, "statistics": {"ratings_count": 20836, "ratings_average": 3.7, "labels_count": 88504, "wines_count": 23}, "region": {"id": 533, "name": "Stellenbosch", "name_en": "", "seo_name": "stellenbosch", "country": {"code": "za", "name": "S\u00fcdafrika", "native_name": "South Africa", "seo_name": "south-africa", "currency": {"code": "ZAR", "name": "South African Rand", "prefix": "R", "suffix": null}, "regions_count": 110, "users_count": 232908, "wines_count": 37408, "wineries_count": 4048, "most_used_grapes": [{"id": 2, "name": "Cabernet Sauvignon", "seo_name": "cabernet-sauvignon", "has_detailed_info": true, "wines_count": 794022}, {"id": 1, "name": "Shiraz/Syrah", "seo_name": "shiraz-syrah", "has_detailed_info": true, "wines_count": 545850}, {"id": 10, "name": "Merlot", "seo_name": "merlot", "has_detailed_info": true, "wines_count": 560926}]}, "parent_id": 741, "background_image": {"location": "//images.vivino.com/regions/backgrounds/YxTAMWZ7Q_KqrupzCUn7rg.jpeg", "variations": {"large": "//thumbs.vivino.com/region_backgrounds/YxTAMWZ7Q_KqrupzCUn7rg_1280x760.jpeg", "medium": "//thumbs.vivino.com/region_backgrounds/YxTAMWZ7Q_KqrupzCUn7rg_600x356.jpeg"}}, "statistics": {"wineries_count": 671, "wines_count": 5983, "sub_regions_count": 7, "parent_regions_count": 2}}, "business_name": "Mulderbosch Vineyards", "description": "", "specialists_notes": "", "phone": "27 21 865-2488", "email": "info@mulderbosch.co.za", "facebook": "https://www.facebook.com/Mulderbosch", "instagram": "@mulderboschvineyards", "is_claimed": false, "twitter": "@MulderboschV", "website": "http://www.mulderbosch.co.za", "winemaker": "Mike Dobrovic", "wine_maker": {"id": 1281, "name": "Mike Dobrovic"}, "address": {"title": null, "name": null, "street": "P.O. Box 548", "street2": null, "neighborhood": null, "city": "Stellenbosch", "zip": "7599", "state": null, "country": {"code": "za", "name": "S\u00fcdafrika", "native_name": "South Africa", "seo_name": "south-africa", "currency": {"code": "ZAR", "name": "South African Rand", "prefix": "R", "suffix": null}, "regions_count": 110, "users_count": 232908, "wines_count": 37408, "wineries_count": 4048, "most_used_grapes": [{"id": 2, "name": "Cabernet Sauvignon", "seo_name": "cabernet-sauvignon", "has_detailed_info": true, "wines_count": 794022}, {"id": 1, "name": "Shiraz/Syrah", "seo_name": "shiraz-syrah", "has_detailed_info": true, "wines_count": 545850}, {"id": 10, "name": "Merlot", "seo_name": "merlot", "has_detailed_info": true, "wines_count": 560926}]}, "company": null, "phone": null, "external_id": null, "residential": null, "vat_number": null, "vat_code": null, "addition": null}, "image": null, "location": {"latitude": -30.559483, "longitude": 22.937506}, "winery_group": null, "first_wines": [], "sponsored_entity_type": null, "sponsored_entity": null}, "statistics": {"status": "Normal", "ratings_count": 2092, "ratings_average": 3.7, "labels_count": 9855, "vintages_count": 36}, "rank": {"country": {"description": "Rang von S\u00fcdafrika", "total": 24685, "rank": 2991}, "region": {"description": "Rang von Weinregion", "total": 5686, "rank": 1029}, "winery": {"description": "Rang vom Weingut", "total": 23, "rank": 10}, "wine_type": {"description": "Rang in allen Wei\u00dfwein", "total": 394071, "rank": 29170}, "global": {"description": "Weltweiter Rang", "total": 1287378, "rank": 116165}}, "hidden": false, "vintages": [{"id": 168797421, "seo_name": "mulderbosch-vineyards-sauvignon-blanc-2021", "name": "Mulderbosch Sauvignon Blanc 2021", "statistics": {"status": "BelowThreshold", "ratings_count": 1, "ratings_average": 0, "labels_count": 2, "reviews_count": 0}, "year": 2021, "grapes": null, "has_valid_ratings": false}, {"id": 164386840, "seo_name": "mulderbosch-vineyards-sauvignon-blanc-2020", "name": "Mulderbosch Sauvignon Blanc 2020", "statistics": {"status": "Normal", "ratings_count": 27, "ratings_average": 3.5, "labels_count": 145, "reviews_count": 13}, "year": 2020, "grapes": null, "has_valid_ratings": true}, {"id": 160141083, "seo_name": "mulderbosch-vineyards-sauvignon-blanc-2019", "name": "Mulderbosch Sauvignon Blanc 2019", "statistics": {"status": "Normal", "ratings_count": 134, "ratings_average": 3.6, "labels_count": 938, "reviews_count": 63}, "year": 2019, "grapes": null, "has_valid_ratings": true}, {"id": 158085936, "seo_name": "mulderbosch-vineyards-sauvignon-blanc-2018", "name": "Mulderbosch Sauvignon Blanc 2018", "statistics": {"status": "Normal", "ratings_count": 162, "ratings_average": 3.8, "labels_count": 804, "reviews_count": 69}, "year": 2018, "grapes": null, "has_valid_ratings": true}, {"id": 152507231, "seo_name": "mulderbosch-vineyards-sauvignon-blanc-2017", "name": "Mulderbosch Sauvignon Blanc 2017", "statistics": {"status": "Normal", "ratings_count": 410, "ratings_average": 3.7, "labels_count": 2263, "reviews_count": 162}, "year": 2017, "grapes": null, "has_valid_ratings": true}, {"id": 129332528, "seo_name": "mulderbosch-vineyards-sauvignon-blanc-2016", "name": "Mulderbosch Sauvignon Blanc 2016", "statistics": {"status": "Normal", "ratings_count": 147, "ratings_average": 3.6, "labels_count": 961, "reviews_count": 56}, "year": 2016, "grapes": null, "has_valid_ratings": true}, {"id": 19847497, "seo_name": "mulderbosch-vineyards-sauvignon-blanc-2015", "name": "Mulderbosch Sauvignon Blanc 2015", "statistics": {"status": "Normal", "ratings_count": 226, "ratings_average": 3.6, "labels_count": 1361, "reviews_count": 89}, "year": 2015, "grapes": null, "has_valid_ratings": true}, {"id": 6225093, "seo_name": "mulderbosch-vineyards-sauvignon-blanc-2014", "name": "Mulderbosch Sauvignon Blanc 2014", "statistics": {"status": "Normal", "ratings_count": 253, "ratings_average": 3.6, "labels_count": 1153, "reviews_count": 97}, "year": 2014, "grapes": null, "has_valid_ratings": true}, {"id": 3404111, "seo_name": "mulderbosch-vineyards-sauvignon-blanc-2013", "name": "Mulderbosch Sauvignon Blanc 2013", "statistics": {"status": "Normal", "ratings_count": 114, "ratings_average": 3.4, "labels_count": 259, "reviews_count": 49}, "year": 2013, "grapes": null, "has_valid_ratings": true}, {"id": 1707483, "seo_name": "mulderbosch-vineyards-sauvignon-blanc-2012", "name": "Mulderbosch Sauvignon Blanc 2012", "statistics": {"status": "Normal", "ratings_count": 75, "ratings_average": 3.6, "labels_count": 187, "reviews_count": 27}, "year": 2012, "grapes": null, "has_valid_ratings": true}, {"id": 1272021, "seo_name": "mulderbosch-vineyards-sauvignon-blanc-2011", "name": "Mulderbosch Sauvignon Blanc 2011", "statistics": {"status": "Normal", "ratings_count": 255, "ratings_average": 3.7, "labels_count": 840, "reviews_count": 104}, "year": 2011, "grapes": null, "has_valid_ratings": true}, {"id": 1276831, "seo_name": "mulderbosch-vineyards-sauvignon-blanc-2010", "name": "Mulderbosch Sauvignon Blanc 2010", "statistics": {"status": "Normal", "ratings_count": 27, "ratings_average": 3.6, "labels_count": 180, "reviews_count": 9}, "year": 2010, "grapes": null, "has_valid_ratings": true}, {"id": 1257257, "seo_name": "mulderbosch-vineyards-sauvignon-blanc-2009", "name": "Mulderbosch Sauvignon Blanc 2009", "statistics": {"status": "Normal", "ratings_count": 42, "ratings_average": 4.1, "labels_count": 156, "reviews_count": 11}, "year": 2009, "grapes": null, "has_valid_ratings": true}, {"id": 90769, "seo_name": "mulderbosch-vineyards-sauvignon-blanc-2008", "name": "Mulderbosch Sauvignon Blanc 2008", "statistics": {"status": "Normal", "ratings_count": 37, "ratings_average": 3.7, "labels_count": 129, "reviews_count": 6}, "year": 2008, "grapes": null, "has_valid_ratings": true}, {"id": 17204, "seo_name": "mulderbosch-vineyards-sauvignon-blanc-2007", "name": "Mulderbosch Sauvignon Blanc 2007", "statistics": {"status": "Normal", "ratings_count": 14, "ratings_average": 3.6, "labels_count": 36, "reviews_count": 4}, "year": 2007, "grapes": null, "has_valid_ratings": true}, {"id": 89601, "seo_name": "mulderbosch-vineyards-sauvignon-blanc-2006", "name": "Mulderbosch Sauvignon Blanc 2006", "statistics": {"status": "Normal", "ratings_count": 12, "ratings_average": 3.6, "labels_count": 150, "reviews_count": 4}, "year": 2006, "grapes": null, "has_valid_ratings": true}, {"id": 83811, "seo_name": "mulderbosch-vineyards-sauvignon-blanc-2005", "name": "Mulderbosch Sauvignon Blanc 2005", "statistics": {"status": "BelowThreshold", "ratings_count": 1, "ratings_average": 0, "labels_count": 16, "reviews_count": 0}, "year": 2005, "grapes": null, "has_valid_ratings": false}, {"id": 1590222, "seo_name": "mulderbosch-vineyards-sauvignon-blanc-2003", "name": "Mulderbosch Sauvignon Blanc 2003", "statistics": {"status": "BelowThreshold", "ratings_count": 3, "ratings_average": 0, "labels_count": 19, "reviews_count": 1}, "year": 2003, "grapes": null, "has_valid_ratings": false}, {"id": 14487941, "seo_name": "mulderbosch-vineyards-sauvignon-blanc-2002", "name": "Mulderbosch Sauvignon Blanc 2002", "statistics": {"status": "BelowThreshold", "ratings_count": 3, "ratings_average": 0, "labels_count": 11, "reviews_count": 2}, "year": 2002, "grapes": null, "has_valid_ratings": false}, {"id": 1141265, "seo_name": "mulderbosch-vineyards-sauvignon-blanc-2000", "name": "Mulderbosch Sauvignon Blanc 2000", "statistics": {"status": "BelowThreshold", "ratings_count": 1, "ratings_average": 0, "labels_count": 5, "reviews_count": 1}, "year": 2000, "grapes": null, "has_valid_ratings": false}, {"id": 16650506, "seo_name": "mulderbosch-vineyards-sauvignon-blanc-1999", "name": "Mulderbosch Sauvignon Blanc 1999", "statistics": {"status": "BelowThreshold", "ratings_count": 1, "ratings_average": 0, "labels_count": 5, "reviews_count": 0}, "year": 1999, "grapes": null, "has_valid_ratings": false}, {"id": 15932543, "seo_name": "mulderbosch-vineyards-sauvignon-blanc-1998", "name": "Mulderbosch Sauvignon Blanc 1998", "statistics": {"status": "BelowThreshold", "ratings_count": 1, "ratings_average": 0, "labels_count": 4, "reviews_count": 1}, "year": 1998, "grapes": null, "has_valid_ratings": false}, {"id": 16650500, "seo_name": "mulderbosch-vineyards-sauvignon-blanc-1996", "name": "Mulderbosch Sauvignon Blanc 1996", "statistics": {"status": "BelowThreshold", "ratings_count": 1, "ratings_average": 0, "labels_count": 4, "reviews_count": 1}, "year": 1996, "grapes": null, "has_valid_ratings": false}, {"id": 16650499, "seo_name": "mulderbosch-vineyards-sauvignon-blanc-1994", "name": "Mulderbosch Sauvignon Blanc 1994", "statistics": {"status": "BelowThreshold", "ratings_count": 2, "ratings_average": 0, "labels_count": 2, "reviews_count": 2}, "year": 1994, "grapes": null, "has_valid_ratings": false}, {"id": 23126066, "seo_name": "mulderbosch-vineyards-sauvignon-blanc-1993", "name": "Mulderbosch Sauvignon Blanc 1993", "statistics": {"status": "BelowThreshold", "ratings_count": 1, "ratings_average": 0, "labels_count": 1, "reviews_count": 1}, "year": 1993, "grapes": null, "has_valid_ratings": false}, {"id": 3352779, "seo_name": "mulderbosch-vineyards-sauvignon-blanc-1991", "name": "Mulderbosch Sauvignon Blanc 1991", "statistics": {"status": "BelowThreshold", "ratings_count": 1, "ratings_average": 0, "labels_count": 2, "reviews_count": 0}, "year": 1991, "grapes": null, "has_valid_ratings": false}, {"id": 3263936, "seo_name": "mulderbosch-vineyards-sauvignon-blanc-1989", "name": "Mulderbosch Sauvignon Blanc 1989", "statistics": {"status": "BelowThreshold", "ratings_count": 1, "ratings_average": 0, "labels_count": 10, "reviews_count": 1}, "year": 1989, "grapes": null, "has_valid_ratings": false}, {"id": 1673423, "seo_name": "mulderbosch-vineyards-sauvignon-blanc-uv", "name": "Mulderbosch Sauvignon Blanc", "statistics": {"status": "Normal", "ratings_count": 2092, "ratings_average": 3.7, "labels_count": 109, "reviews_count": 41}, "year": 0, "grapes": null, "has_valid_ratings": true}], "description": "This is a really classy style of Sauvignon Blanc displaying both restraint and exuberance at the same time. Classic notes of gunfl int, graphite andelderfl ower aromatics are balanced by moreexuberant notes of fresh green fi gs and zestygrapefruit. Multifaceted fl avours from savoury sageand green olive to fruity fl avours of ripe quince,rock melon and green fi g. There\u2019s a pithy grape fruit texture to the palate that is well balanced by fresh,yet firm acidity and a delicious length.", "grapes": [{"id": 17, "name": "Sauvignon Blanc", "seo_name": "sauvignon-blanc", "has_detailed_info": true, "wines_count": 289542}], "foods": [{"id": 13, "name": "Schalentiere", "background_image": {"location": "//images.vivino.com/backgrounds/foods/13_shellfish.png", "variations": {"small": "//images.vivino.com/backgrounds/foods/thumbs/13_shellfish_932x810.png"}}, "seo_name": "shellfish"}, {"id": 19, "name": "Vegetarische Gerichte", "background_image": {"location": "//images.vivino.com/backgrounds/foods/19_vegetarian.png", "variations": {"small": "//images.vivino.com/backgrounds/foods/thumbs/19_vegetarian_932x810.png"}}, "seo_name": "vegetarian"}, {"id": 39, "name": "Ziegenk\u00e4se", "background_image": {"location": "//images.vivino.com/backgrounds/foods/39_goatcheese.png", "variations": {"small": "//images.vivino.com/backgrounds/foods/thumbs/39_goatcheese_932x810.png"}}, "seo_name": null}], "non_vintage": false, "alcohol": 13.28, "sweetness_id": 5, "closure": "screw", "vintage_mask_raw": null, "updated_at": "2021-12-02T05:26:17Z", "created_at": "2009-03-16T03:51:35Z", "is_first_wine": false, "style": {"id": 203, "seo_name": "south-african-sauvignon-blanc", "regional_name": "South African", "varietal_name": "Sauvignon Blanc", "name": "Sauvignon Blanc S\u00fcdafrika", "image": null, "background_image": null, "description": "The refreshing Sauvignon Blanc grape is perfectly at home in South Africa. The diverse growing regions make for wines that can be nice and grassy with plenty of grapefruit and green apple skins.\n\nWhile the quality is high, the price is still low. South African Sauvignon Blanc offers you an excellent alternative to the considerably more expensive counterparts from New Zealand.\n\nSouth Africa was said to be producing some of the finest wines in the world in the 1700s, though some years later phylloxera wiped out most of the vines, and in the 20th century Apartheid significantly set back wine production.\n\nSouth Africa's stock in the world of wine is climbing rapidly. In the 80s and 90s they were well known for producing bottom shelf swill, but things have changed and the smart money is on the country becoming one of the next massive fine wine producing regions.\n\nWhen it comes to pairing, seafood always works fabulously with Sauvignon Blanc. You can also work some asparagus, cilantro or thyme into the mix as they will work wonderfully with the grassier elements of the wine.", "blurb": null, "interesting_facts": ["The Overberg region is regarded as being one of the finest for Sauvignon Blanc production.", "Sauvignon Blanc originated in the Loire Valley in France, and is happiest in cool climates.", "Sauvignon Blanc is one of the few wines that can pair well with sushi."], "body": 2, "body_description": "Leichter K\u00f6rper", "acidity": 3, "acidity_description": "Hoch", "country": {"code": "za", "name": "S\u00fcdafrika", "native_name": "South Africa", "seo_name": "south-africa", "currency": {"code": "ZAR", "name": "South African Rand", "prefix": "R", "suffix": null}, "regions_count": 110, "users_count": 232908, "wines_count": 37408, "wineries_count": 4048, "most_used_grapes": [{"id": 2, "name": "Cabernet Sauvignon", "seo_name": "cabernet-sauvignon", "has_detailed_info": true, "wines_count": 794022}, {"id": 1, "name": "Shiraz/Syrah", "seo_name": "shiraz-syrah", "has_detailed_info": true, "wines_count": 545850}, {"id": 10, "name": "Merlot", "seo_name": "merlot", "has_detailed_info": true, "wines_count": 560926}]}, "wine_type_id": 2, "food": [{"id": 13, "name": "Shellfish", "background_image": {"location": "//images.vivino.com/backgrounds/foods/13_shellfish.png", "variations": {"small": "//images.vivino.com/backgrounds/foods/thumbs/13_shellfish_932x810.png"}}, "seo_name": "shellfish"}, {"id": 19, "name": "Vegetarian", "background_image": {"location": "//images.vivino.com/backgrounds/foods/19_vegetarian.png", "variations": {"small": "//images.vivino.com/backgrounds/foods/thumbs/19_vegetarian_932x810.png"}}, "seo_name": "vegetarian"}, {"id": 39, "name": "Goat cheese", "background_image": {"location": "//images.vivino.com/backgrounds/foods/39_goatcheese.png", "variations": {"small": "//images.vivino.com/backgrounds/foods/thumbs/39_goatcheese_932x810.png"}}, "seo_name": null}], "grapes": [{"id": 17, "name": "Sauvignon Blanc", "seo_name": "sauvignon-blanc", "has_detailed_info": true, "wines_count": 289542}], "region": null}, "has_valid_ratings": true}, "description": "", "expert_reviews": null, "wine_critic_reviews": [], "awards": [], "ratings_distribution": {"1": 0, "2": 10, "3": 64, "4": 54, "5": 6}, "ranking": {"country": {"description": "Rang von S\u00fcdafrika", "total": 189506, "rank": 29163}, "region": {"description": "Rang von Weinregion", "total": 49219, "rank": 10197}, "winery": {"description": "Rang vom Weingut", "total": 279, "rank": 85}, "global": {"description": "Weltweiter Rang", "total": 8825190, "rank": 1186395}}, "wine_facts": {"alcohol": 13.5, "residual_sugar_grams_per_liter": 2, "acidity_grams_per_liter": 5.2, "ph": 3, "contains_milk_allergens": true, "contains_egg_allergens": true, "certified_biodynamic": false, "closure": "screw"}, "winemaker": "Adam Mason", "wine_maker": {"id": 1322, "name": "Adam Mason"}, "grape_composition": {"17": 100}, "year": 2019, "grapes": [{"id": 17, "name": "Sauvignon Blanc", "seo_name": "sauvignon-blanc", "has_detailed_info": true, "wines_count": 289542}], "has_valid_ratings": true}, "carts": null, "price_range": {"currency": {"code": "EUR", "name": "Euros", "prefix": "\u20ac", "suffix": null}, "price_range": {"minimum": 0, "maximum": 500, "currency_code": "EUR"}, "defaults": {"minimum": 7, "maximum": 30, "currency_code": "EUR"}}, "subtotal_price": null, "full_region": null, "tastes": null, "wine": {"id": 16492, "name": "Sauvignon Blanc", "seo_name": "sauvignon-blanc", "type_id": 2, "vintage_type": 0, "is_natural": false, "region": {"id": 533, "name": "Stellenbosch", "name_en": "", "seo_name": "stellenbosch", "country": {"code": "za", "name": "S\u00fcdafrika", "native_name": "South Africa", "seo_name": "south-africa", "currency": {"code": "ZAR", "name": "South African Rand", "prefix": "R", "suffix": null}, "regions_count": 110, "users_count": 232908, "wines_count": 37408, "wineries_count": 4048, "most_used_grapes": [{"id": 2, "name": "Cabernet Sauvignon", "seo_name": "cabernet-sauvignon", "has_detailed_info": true, "wines_count": 794022}, {"id": 1, "name": "Shiraz/Syrah", "seo_name": "shiraz-syrah", "has_detailed_info": true, "wines_count": 545850}, {"id": 10, "name": "Merlot", "seo_name": "merlot", "has_detailed_info": true, "wines_count": 560926}]}, "parent_id": 741, "background_image": {"location": "//images.vivino.com/regions/backgrounds/YxTAMWZ7Q_KqrupzCUn7rg.jpeg", "variations": {"large": "//thumbs.vivino.com/region_backgrounds/YxTAMWZ7Q_KqrupzCUn7rg_1280x760.jpeg", "medium": "//thumbs.vivino.com/region_backgrounds/YxTAMWZ7Q_KqrupzCUn7rg_600x356.jpeg"}}, "statistics": {"wineries_count": 671, "wines_count": 5983, "sub_regions_count": 7, "parent_regions_count": 2}}, "review_status": 2, "winery": {"id": 2530, "name": "Mulderbosch", "seo_name": "mulderbosch-vineyards", "status": 0, "review_status": "Completed", "background_image": null, "statistics": {"ratings_count": 20836, "ratings_average": 3.7, "labels_count": 88504, "wines_count": 23}, "region": {"id": 533, "name": "Stellenbosch", "name_en": "", "seo_name": "stellenbosch", "country": {"code": "za", "name": "S\u00fcdafrika", "native_name": "South Africa", "seo_name": "south-africa", "currency": {"code": "ZAR", "name": "South African Rand", "prefix": "R", "suffix": null}, "regions_count": 110, "users_count": 232908, "wines_count": 37408, "wineries_count": 4048, "most_used_grapes": [{"id": 2, "name": "Cabernet Sauvignon", "seo_name": "cabernet-sauvignon", "has_detailed_info": true, "wines_count": 794022}, {"id": 1, "name": "Shiraz/Syrah", "seo_name": "shiraz-syrah", "has_detailed_info": true, "wines_count": 545850}, {"id": 10, "name": "Merlot", "seo_name": "merlot", "has_detailed_info": true, "wines_count": 560926}]}, "parent_id": 741, "background_image": {"location": "//images.vivino.com/regions/backgrounds/YxTAMWZ7Q_KqrupzCUn7rg.jpeg", "variations": {"large": "//thumbs.vivino.com/region_backgrounds/YxTAMWZ7Q_KqrupzCUn7rg_1280x760.jpeg", "medium": "//thumbs.vivino.com/region_backgrounds/YxTAMWZ7Q_KqrupzCUn7rg_600x356.jpeg"}}, "statistics": {"wineries_count": 671, "wines_count": 5983, "sub_regions_count": 7, "parent_regions_count": 2}}, "business_name": "Mulderbosch Vineyards", "description": "", "specialists_notes": "", "phone": "27 21 865-2488", "email": "info@mulderbosch.co.za", "facebook": "https://www.facebook.com/Mulderbosch", "instagram": "@mulderboschvineyards", "is_claimed": false, "twitter": "@MulderboschV", "website": "http://www.mulderbosch.co.za", "winemaker": "Mike Dobrovic", "wine_maker": {"id": 1281, "name": "Mike Dobrovic"}, "address": {"title": null, "name": null, "street": "P.O. Box 548", "street2": null, "neighborhood": null, "city": "Stellenbosch", "zip": "7599", "state": null, "country": {"code": "za", "name": "S\u00fcdafrika", "native_name": "South Africa", "seo_name": "south-africa", "currency": {"code": "ZAR", "name": "South African Rand", "prefix": "R", "suffix": null}, "regions_count": 110, "users_count": 232908, "wines_count": 37408, "wineries_count": 4048, "most_used_grapes": [{"id": 2, "name": "Cabernet Sauvignon", "seo_name": "cabernet-sauvignon", "has_detailed_info": true, "wines_count": 794022}, {"id": 1, "name": "Shiraz/Syrah", "seo_name": "shiraz-syrah", "has_detailed_info": true, "wines_count": 545850}, {"id": 10, "name": "Merlot", "seo_name": "merlot", "has_detailed_info": true, "wines_count": 560926}]}, "company": null, "phone": null, "external_id": null, "residential": null, "vat_number": null, "vat_code": null, "addition": null}, "image": null, "location": {"latitude": -30.559483, "longitude": 22.937506}, "winery_group": null, "first_wines": [], "sponsored_entity_type": null, "sponsored_entity": null}, "statistics": {"status": "Normal", "ratings_count": 2092, "ratings_average": 3.7, "labels_count": 9855, "vintages_count": 36}, "rank": {"country": {"description": "Rang von S\u00fcdafrika", "total": 24685, "rank": 2991}, "region": {"description": "Rang von Weinregion", "total": 5686, "rank": 1029}, "winery": {"description": "Rang vom Weingut", "total": 23, "rank": 10}, "wine_type": {"description": "Rang in allen Wei\u00dfwein", "total": 394071, "rank": 29170}, "global": {"description": "Weltweiter Rang", "total": 1287378, "rank": 116165}}, "hidden": false, "vintages": [{"id": 168797421, "seo_name": "mulderbosch-vineyards-sauvignon-blanc-2021", "name": "Mulderbosch Sauvignon Blanc 2021", "statistics": {"status": "BelowThreshold", "ratings_count": 1, "ratings_average": 0, "labels_count": 2, "reviews_count": 0}, "year": 2021, "grapes": null, "has_valid_ratings": false}, {"id": 164386840, "seo_name": "mulderbosch-vineyards-sauvignon-blanc-2020", "name": "Mulderbosch Sauvignon Blanc 2020", "statistics": {"status": "Normal", "ratings_count": 27, "ratings_average": 3.5, "labels_count": 145, "reviews_count": 13}, "year": 2020, "grapes": null, "has_valid_ratings": true}, {"id": 160141083, "seo_name": "mulderbosch-vineyards-sauvignon-blanc-2019", "name": "Mulderbosch Sauvignon Blanc 2019", "statistics": {"status": "Normal", "ratings_count": 134, "ratings_average": 3.6, "labels_count": 938, "reviews_count": 63}, "year": 2019, "grapes": null, "has_valid_ratings": true}, {"id": 158085936, "seo_name": "mulderbosch-vineyards-sauvignon-blanc-2018", "name": "Mulderbosch Sauvignon Blanc 2018", "statistics": {"status": "Normal", "ratings_count": 162, "ratings_average": 3.8, "labels_count": 804, "reviews_count": 69}, "year": 2018, "grapes": null, "has_valid_ratings": true}, {"id": 152507231, "seo_name": "mulderbosch-vineyards-sauvignon-blanc-2017", "name": "Mulderbosch Sauvignon Blanc 2017", "statistics": {"status": "Normal", "ratings_count": 410, "ratings_average": 3.7, "labels_count": 2263, "reviews_count": 162}, "year": 2017, "grapes": null, "has_valid_ratings": true}, {"id": 129332528, "seo_name": "mulderbosch-vineyards-sauvignon-blanc-2016", "name": "Mulderbosch Sauvignon Blanc 2016", "statistics": {"status": "Normal", "ratings_count": 147, "ratings_average": 3.6, "labels_count": 961, "reviews_count": 56}, "year": 2016, "grapes": null, "has_valid_ratings": true}, {"id": 19847497, "seo_name": "mulderbosch-vineyards-sauvignon-blanc-2015", "name": "Mulderbosch Sauvignon Blanc 2015", "statistics": {"status": "Normal", "ratings_count": 226, "ratings_average": 3.6, "labels_count": 1361, "reviews_count": 89}, "year": 2015, "grapes": null, "has_valid_ratings": true}, {"id": 6225093, "seo_name": "mulderbosch-vineyards-sauvignon-blanc-2014", "name": "Mulderbosch Sauvignon Blanc 2014", "statistics": {"status": "Normal", "ratings_count": 253, "ratings_average": 3.6, "labels_count": 1153, "reviews_count": 97}, "year": 2014, "grapes": null, "has_valid_ratings": true}, {"id": 3404111, "seo_name": "mulderbosch-vineyards-sauvignon-blanc-2013", "name": "Mulderbosch Sauvignon Blanc 2013", "statistics": {"status": "Normal", "ratings_count": 114, "ratings_average": 3.4, "labels_count": 259, "reviews_count": 49}, "year": 2013, "grapes": null, "has_valid_ratings": true}, {"id": 1707483, "seo_name": "mulderbosch-vineyards-sauvignon-blanc-2012", "name": "Mulderbosch Sauvignon Blanc 2012", "statistics": {"status": "Normal", "ratings_count": 75, "ratings_average": 3.6, "labels_count": 187, "reviews_count": 27}, "year": 2012, "grapes": null, "has_valid_ratings": true}, {"id": 1272021, "seo_name": "mulderbosch-vineyards-sauvignon-blanc-2011", "name": "Mulderbosch Sauvignon Blanc 2011", "statistics": {"status": "Normal", "ratings_count": 255, "ratings_average": 3.7, "labels_count": 840, "reviews_count": 104}, "year": 2011, "grapes": null, "has_valid_ratings": true}, {"id": 1276831, "seo_name": "mulderbosch-vineyards-sauvignon-blanc-2010", "name": "Mulderbosch Sauvignon Blanc 2010", "statistics": {"status": "Normal", "ratings_count": 27, "ratings_average": 3.6, "labels_count": 180, "reviews_count": 9}, "year": 2010, "grapes": null, "has_valid_ratings": true}, {"id": 1257257, "seo_name": "mulderbosch-vineyards-sauvignon-blanc-2009", "name": "Mulderbosch Sauvignon Blanc 2009", "statistics": {"status": "Normal", "ratings_count": 42, "ratings_average": 4.1, "labels_count": 156, "reviews_count": 11}, "year": 2009, "grapes": null, "has_valid_ratings": true}, {"id": 90769, "seo_name": "mulderbosch-vineyards-sauvignon-blanc-2008", "name": "Mulderbosch Sauvignon Blanc 2008", "statistics": {"status": "Normal", "ratings_count": 37, "ratings_average": 3.7, "labels_count": 129, "reviews_count": 6}, "year": 2008, "grapes": null, "has_valid_ratings": true}, {"id": 17204, "seo_name": "mulderbosch-vineyards-sauvignon-blanc-2007", "name": "Mulderbosch Sauvignon Blanc 2007", "statistics": {"status": "Normal", "ratings_count": 14, "ratings_average": 3.6, "labels_count": 36, "reviews_count": 4}, "year": 2007, "grapes": null, "has_valid_ratings": true}, {"id": 89601, "seo_name": "mulderbosch-vineyards-sauvignon-blanc-2006", "name": "Mulderbosch Sauvignon Blanc 2006", "statistics": {"status": "Normal", "ratings_count": 12, "ratings_average": 3.6, "labels_count": 150, "reviews_count": 4}, "year": 2006, "grapes": null, "has_valid_ratings": true}, {"id": 83811, "seo_name": "mulderbosch-vineyards-sauvignon-blanc-2005", "name": "Mulderbosch Sauvignon Blanc 2005", "statistics": {"status": "BelowThreshold", "ratings_count": 1, "ratings_average": 0, "labels_count": 16, "reviews_count": 0}, "year": 2005, "grapes": null, "has_valid_ratings": false}, {"id": 1590222, "seo_name": "mulderbosch-vineyards-sauvignon-blanc-2003", "name": "Mulderbosch Sauvignon Blanc 2003", "statistics": {"status": "BelowThreshold", "ratings_count": 3, "ratings_average": 0, "labels_count": 19, "reviews_count": 1}, "year": 2003, "grapes": null, "has_valid_ratings": false}, {"id": 14487941, "seo_name": "mulderbosch-vineyards-sauvignon-blanc-2002", "name": "Mulderbosch Sauvignon Blanc 2002", "statistics": {"status": "BelowThreshold", "ratings_count": 3, "ratings_average": 0, "labels_count": 11, "reviews_count": 2}, "year": 2002, "grapes": null, "has_valid_ratings": false}, {"id": 1141265, "seo_name": "mulderbosch-vineyards-sauvignon-blanc-2000", "name": "Mulderbosch Sauvignon Blanc 2000", "statistics": {"status": "BelowThreshold", "ratings_count": 1, "ratings_average": 0, "labels_count": 5, "reviews_count": 1}, "year": 2000, "grapes": null, "has_valid_ratings": false}, {"id": 16650506, "seo_name": "mulderbosch-vineyards-sauvignon-blanc-1999", "name": "Mulderbosch Sauvignon Blanc 1999", "statistics": {"status": "BelowThreshold", "ratings_count": 1, "ratings_average": 0, "labels_count": 5, "reviews_count": 0}, "year": 1999, "grapes": null, "has_valid_ratings": false}, {"id": 15932543, "seo_name": "mulderbosch-vineyards-sauvignon-blanc-1998", "name": "Mulderbosch Sauvignon Blanc 1998", "statistics": {"status": "BelowThreshold", "ratings_count": 1, "ratings_average": 0, "labels_count": 4, "reviews_count": 1}, "year": 1998, "grapes": null, "has_valid_ratings": false}, {"id": 16650500, "seo_name": "mulderbosch-vineyards-sauvignon-blanc-1996", "name": "Mulderbosch Sauvignon Blanc 1996", "statistics": {"status": "BelowThreshold", "ratings_count": 1, "ratings_average": 0, "labels_count": 4, "reviews_count": 1}, "year": 1996, "grapes": null, "has_valid_ratings": false}, {"id": 16650499, "seo_name": "mulderbosch-vineyards-sauvignon-blanc-1994", "name": "Mulderbosch Sauvignon Blanc 1994", "statistics": {"status": "BelowThreshold", "ratings_count": 2, "ratings_average": 0, "labels_count": 2, "reviews_count": 2}, "year": 1994, "grapes": null, "has_valid_ratings": false}, {"id": 23126066, "seo_name": "mulderbosch-vineyards-sauvignon-blanc-1993", "name": "Mulderbosch Sauvignon Blanc 1993", "statistics": {"status": "BelowThreshold", "ratings_count": 1, "ratings_average": 0, "labels_count": 1, "reviews_count": 1}, "year": 1993, "grapes": null, "has_valid_ratings": false}, {"id": 3352779, "seo_name": "mulderbosch-vineyards-sauvignon-blanc-1991", "name": "Mulderbosch Sauvignon Blanc 1991", "statistics": {"status": "BelowThreshold", "ratings_count": 1, "ratings_average": 0, "labels_count": 2, "reviews_count": 0}, "year": 1991, "grapes": null, "has_valid_ratings": false}, {"id": 3263936, "seo_name": "mulderbosch-vineyards-sauvignon-blanc-1989", "name": "Mulderbosch Sauvignon Blanc 1989", "statistics": {"status": "BelowThreshold", "ratings_count": 1, "ratings_average": 0, "labels_count": 10, "reviews_count": 1}, "year": 1989, "grapes": null, "has_valid_ratings": false}, {"id": 1673423, "seo_name": "mulderbosch-vineyards-sauvignon-blanc-uv", "name": "Mulderbosch Sauvignon Blanc", "statistics": {"status": "Normal", "ratings_count": 2092, "ratings_average": 3.7, "labels_count": 109, "reviews_count": 41}, "year": 0, "grapes": null, "has_valid_ratings": true}], "description": "This is a really classy style of Sauvignon Blanc displaying both restraint and exuberance at the same time. Classic notes of gunfl int, graphite andelderfl ower aromatics are balanced by moreexuberant notes of fresh green fi gs and zestygrapefruit. Multifaceted fl avours from savoury sageand green olive to fruity fl avours of ripe quince,rock melon and green fi g. There\u2019s a pithy grape fruit texture to the palate that is well balanced by fresh,yet firm acidity and a delicious length.", "grapes": [{"id": 17, "name": "Sauvignon Blanc", "seo_name": "sauvignon-blanc", "has_detailed_info": true, "wines_count": 289542}], "foods": [{"id": 13, "name": "Schalentiere", "background_image": {"location": "//images.vivino.com/backgrounds/foods/13_shellfish.png", "variations": {"small": "//images.vivino.com/backgrounds/foods/thumbs/13_shellfish_932x810.png"}}, "seo_name": "shellfish"}, {"id": 19, "name": "Vegetarische Gerichte", "background_image": {"location": "//images.vivino.com/backgrounds/foods/19_vegetarian.png", "variations": {"small": "//images.vivino.com/backgrounds/foods/thumbs/19_vegetarian_932x810.png"}}, "seo_name": "vegetarian"}, {"id": 39, "name": "Ziegenk\u00e4se", "background_image": {"location": "//images.vivino.com/backgrounds/foods/39_goatcheese.png", "variations": {"small": "//images.vivino.com/backgrounds/foods/thumbs/39_goatcheese_932x810.png"}}, "seo_name": null}], "non_vintage": false, "alcohol": 13.28, "sweetness_id": 5, "closure": "screw", "vintage_mask_raw": null, "updated_at": "2021-12-02T05:26:17Z", "created_at": "2009-03-16T03:51:35Z", "is_first_wine": false, "style": {"id": 203, "seo_name": "south-african-sauvignon-blanc", "regional_name": "South African", "varietal_name": "Sauvignon Blanc", "name": "Sauvignon Blanc S\u00fcdafrika", "image": null, "background_image": null, "description": "The refreshing Sauvignon Blanc grape is perfectly at home in South Africa. The diverse growing regions make for wines that can be nice and grassy with plenty of grapefruit and green apple skins.\n\nWhile the quality is high, the price is still low. South African Sauvignon Blanc offers you an excellent alternative to the considerably more expensive counterparts from New Zealand.\n\nSouth Africa was said to be producing some of the finest wines in the world in the 1700s, though some years later phylloxera wiped out most of the vines, and in the 20th century Apartheid significantly set back wine production.\n\nSouth Africa's stock in the world of wine is climbing rapidly. In the 80s and 90s they were well known for producing bottom shelf swill, but things have changed and the smart money is on the country becoming one of the next massive fine wine producing regions.\n\nWhen it comes to pairing, seafood always works fabulously with Sauvignon Blanc. You can also work some asparagus, cilantro or thyme into the mix as they will work wonderfully with the grassier elements of the wine.", "blurb": null, "interesting_facts": ["The Overberg region is regarded as being one of the finest for Sauvignon Blanc production.", "Sauvignon Blanc originated in the Loire Valley in France, and is happiest in cool climates.", "Sauvignon Blanc is one of the few wines that can pair well with sushi."], "body": 2, "body_description": "Leichter K\u00f6rper", "acidity": 3, "acidity_description": "Hoch", "country": {"code": "za", "name": "S\u00fcdafrika", "native_name": "South Africa", "seo_name": "south-africa", "currency": {"code": "ZAR", "name": "South African Rand", "prefix": "R", "suffix": null}, "regions_count": 110, "users_count": 232908, "wines_count": 37408, "wineries_count": 4048, "most_used_grapes": [{"id": 2, "name": "Cabernet Sauvignon", "seo_name": "cabernet-sauvignon", "has_detailed_info": true, "wines_count": 794022}, {"id": 1, "name": "Shiraz/Syrah", "seo_name": "shiraz-syrah", "has_detailed_info": true, "wines_count": 545850}, {"id": 10, "name": "Merlot", "seo_name": "merlot", "has_detailed_info": true, "wines_count": 560926}]}, "wine_type_id": 2, "food": [{"id": 13, "name": "Shellfish", "background_image": {"location": "//images.vivino.com/backgrounds/foods/13_shellfish.png", "variations": {"small": "//images.vivino.com/backgrounds/foods/thumbs/13_shellfish_932x810.png"}}, "seo_name": "shellfish"}, {"id": 19, "name": "Vegetarian", "background_image": {"location": "//images.vivino.com/backgrounds/foods/19_vegetarian.png", "variations": {"small": "//images.vivino.com/backgrounds/foods/thumbs/19_vegetarian_932x810.png"}}, "seo_name": "vegetarian"}, {"id": 39, "name": "Goat cheese", "background_image": {"location": "//images.vivino.com/backgrounds/foods/39_goatcheese.png", "variations": {"small": "//images.vivino.com/backgrounds/foods/thumbs/39_goatcheese_932x810.png"}}, "seo_name": null}], "grapes": [{"id": 17, "name": "Sauvignon Blanc", "seo_name": "sauvignon-blanc", "has_detailed_info": true, "wines_count": 289542}], "region": null}, "has_valid_ratings": true}, "price": {"id": 21806912, "vintage_id": 160141083, "amount": 11.16, "type": "vc", "currency": {"code": "EUR", "name": "Euros", "prefix": "\u20ac", "suffix": null}, "bottle_type_id": 1, "inventory_bottles_count": null, "bottles_sold_count": 3, "url": "https://www.terra-vinum.de/685/mulderbosch-sauvignon-blanc-wo-stellenbosch?utm_medium=pref-cpc&utm_source=vivino-ppc", "message": "Preis pro Flasche, Kiste mit 6", "producer_address": "", "importer_address": "", "discounted_from": null, "bottle_type": {"id": 1, "name": "Flasche (0,75\u00a0l)", "short_name": "Flasche", "short_name_plural": "Flaschen", "volume_ml": 750}}, "highlights": [], "merchant": {"id": 329, "name": "Terra-Vinum", "seo_name": "terra-vinum", "legal_name": "terra-vinum.de c/o ternum GmbH", "description": "Versandkostenfrei f\u00fcr Bestellungen ab 80 EUR", "country": {"code": "de", "name": "Deutschland", "native_name": "Deutschland", "seo_name": "germany", "currency": {"code": "EUR", "name": "Euros", "prefix": "\u20ac", "suffix": null}, "regions_count": 210, "users_count": 2117308, "wines_count": 197796, "wineries_count": 13493, "most_used_grapes": [{"id": 15, "name": "Riesling", "seo_name": "riesling", "has_detailed_info": true, "wines_count": 259925}, {"id": 299, "name": "Sp\u00e4tburgunder", "seo_name": "spatburgunder", "has_detailed_info": false, "wines_count": 49659}, {"id": 355, "name": "Weissburgunder", "seo_name": "weissburgunder", "has_detailed_info": false, "wines_count": 33123}]}, "state": null, "status": 3, "image": {"location": "//images.vivino.com/merchants/originals/p1cqg29n00000a9.jpg", "variations": {"large_square": "//images.vivino.com/merchants/thumbs/p1cqg29n00000a9_400x400.jpg", "medium_square": "//images.vivino.com/merchants/thumbs/p1cqg29n00000a9_320x320.jpg", "small_square": "//images.vivino.com/merchants/thumbs/p1cqg29n00000a9_160x160.jpg"}}, "shipping_estimate": "Lieferung voraussichtlich zwischen Di, 21.\u00a0Dez und Do, 23.\u00a0Dez", "impressum_url": "https://www.terra-vinum.de/impressum", "tos_url": "https://www.terra-vinum.de/unsere-agb", "vc_clearing_system": 0, "hidden": false}, "sold_out": false, "prices_and_availability": {"market": {"country": "de", "currency": {"code": "EUR", "name": "Euros", "prefix": "\u20ac", "suffix": null}}, "availability": {"vintage": {"id": 160141083, "year": 2019, "grapes": null, "has_valid_ratings": false}, "median": {"amount": 11.97, "type": "market", "discounted_from": null}, "price": {"id": 21806912, "amount": 11.16, "discounted_from": 0.0, "type": "vc"}}, "merchants_with_prices": [{"merchant": {"id": 329, "name": "Terra-Vinum", "seo_name": "terra-vinum", "legal_name": "terra-vinum.de c/o ternum GmbH", "description": "Versandkostenfrei f\u00fcr Bestellungen ab 80 EUR", "country": {"code": "de", "name": "Deutschland", "native_name": "Deutschland", "seo_name": "germany", "currency": {"code": "EUR", "name": "Euros", "prefix": "\u20ac", "suffix": null}, "regions_count": 210, "users_count": 2117308, "wines_count": 197796, "wineries_count": 13493, "most_used_grapes": [{"id": 15, "name": "Riesling", "seo_name": "riesling", "has_detailed_info": true, "wines_count": 259925}, {"id": 299, "name": "Sp\u00e4tburgunder", "seo_name": "spatburgunder", "has_detailed_info": false, "wines_count": 49659}, {"id": 355, "name": "Weissburgunder", "seo_name": "weissburgunder", "has_detailed_info": false, "wines_count": 33123}]}, "state": null, "status": 3, "image": {"location": "//images.vivino.com/merchants/originals/p1cqg29n00000a9.jpg", "variations": {"large_square": "//images.vivino.com/merchants/thumbs/p1cqg29n00000a9_400x400.jpg", "medium_square": "//images.vivino.com/merchants/thumbs/p1cqg29n00000a9_320x320.jpg", "small_square": "//images.vivino.com/merchants/thumbs/p1cqg29n00000a9_160x160.jpg"}}, "shipping_estimate": "Lieferung voraussichtlich zwischen Di, 21.\u00a0Dez und Do, 23.\u00a0Dez", "impressum_url": "https://www.terra-vinum.de/impressum", "tos_url": "https://www.terra-vinum.de/unsere-agb", "vc_clearing_system": 0, "hidden": false}, "prices": [{"id": 21806912, "vintage_id": 160141083, "amount": 11.16, "type": "vc", "currency": {"code": "EUR", "name": "Euros", "prefix": "\u20ac", "suffix": null}, "bottle_type_id": 1, "inventory_bottles_count": null, "bottles_sold_count": 3, "url": "https://www.terra-vinum.de/685/mulderbosch-sauvignon-blanc-wo-stellenbosch?utm_medium=pref-cpc&utm_source=vivino-ppc", "message": "Preis pro Flasche, Kiste mit 6", "producer_address": "", "importer_address": "", "discounted_from": null, "bottle_type": {"id": 1, "name": "Flasche (0,75\u00a0l)", "short_name": "Flasche", "short_name_plural": "Flaschen", "volume_ml": 750}}]}, {"merchant": {"id": 3124, "name": "The CapeHouse", "seo_name": "the-capehouse", "legal_name": null, "description": "Versandkostenfrei f\u00fcr Bestellungen ab \u20ac80", "country": {"code": "de", "name": "Deutschland", "native_name": "Deutschland", "seo_name": "germany", "currency": {"code": "EUR", "name": "Euros", "prefix": "\u20ac", "suffix": null}, "regions_count": 210, "users_count": 2117308, "wines_count": 197796, "wineries_count": 13493, "most_used_grapes": [{"id": 15, "name": "Riesling", "seo_name": "riesling", "has_detailed_info": true, "wines_count": 259925}, {"id": 299, "name": "Sp\u00e4tburgunder", "seo_name": "spatburgunder", "has_detailed_info": false, "wines_count": 49659}, {"id": 355, "name": "Weissburgunder", "seo_name": "weissburgunder", "has_detailed_info": false, "wines_count": 33123}]}, "state": null, "status": 3, "image": {"location": "//images.vivino.com/merchants/originals/p1gndckk000031k.jpg", "variations": {"large_square": "//images.vivino.com/merchants/thumbs/p1gndckk000031k_400x400.jpg", "medium_square": "//images.vivino.com/merchants/thumbs/p1gndckk000031k_320x320.jpg", "small_square": "//images.vivino.com/merchants/thumbs/p1gndckk000031k_160x160.jpg"}}, "shipping_estimate": "Lieferung voraussichtlich zwischen Di, 21.\u00a0Dez und Mi, 22.\u00a0Dez", "impressum_url": "https://www.capehouse.eu/impressum", "tos_url": "https://www.capehouse.eu/agb", "vc_clearing_system": 0, "hidden": false}, "prices": [{"id": 22690651, "vintage_id": 160141083, "amount": 11.25, "type": "vc", "currency": {"code": "EUR", "name": "Euros", "prefix": "\u20ac", "suffix": null}, "bottle_type_id": 1, "inventory_bottles_count": 5, "url": "https://www.capehouse.eu/mulderbosch-vineyards/mulderbosch-sauvignon-blanc-2019?utm_medium=pref-cpc&utm_source=vivino-ppc", "message": "", "producer_address": "", "importer_address": "", "discounted_from": null, "bottle_type": {"id": 1, "name": "Flasche (0,75\u00a0l)", "short_name": "Flasche", "short_name_plural": "Flaschen", "volume_ml": 750}}]}, {"merchant": {"id": 1411, "name": "Vinehouse.de", "seo_name": "vinehouse-de", "legal_name": "VINEHOUSE.de", "description": "Versandkostenfrei f\u00fcr Bestellungen ab 80 EUR", "country": {"code": "de", "name": "Deutschland", "native_name": "Deutschland", "seo_name": "germany", "currency": {"code": "EUR", "name": "Euros", "prefix": "\u20ac", "suffix": null}, "regions_count": 210, "users_count": 2117308, "wines_count": 197796, "wineries_count": 13493, "most_used_grapes": [{"id": 15, "name": "Riesling", "seo_name": "riesling", "has_detailed_info": true, "wines_count": 259925}, {"id": 299, "name": "Sp\u00e4tburgunder", "seo_name": "spatburgunder", "has_detailed_info": false, "wines_count": 49659}, {"id": 355, "name": "Weissburgunder", "seo_name": "weissburgunder", "has_detailed_info": false, "wines_count": 33123}]}, "state": null, "status": 3, "image": {"location": "//images.vivino.com/merchants/originals/p1b6jm1v00001c3.jpg", "variations": {"large_square": "//images.vivino.com/merchants/thumbs/p1b6jm1v00001c3_400x400.jpg", "medium_square": "//images.vivino.com/merchants/thumbs/p1b6jm1v00001c3_320x320.jpg", "small_square": "//images.vivino.com/merchants/thumbs/p1b6jm1v00001c3_160x160.jpg"}}, "shipping_estimate": "Lieferung voraussichtlich zwischen Di, 21.\u00a0Dez und Mi, 22.\u00a0Dez", "impressum_url": "https://www.vinehouse.de/impressum", "tos_url": "https://www.vinehouse.de/allgemeine-geschaeftsbedingungen-mit-kundeninformationen", "vc_clearing_system": 0, "hidden": false}, "prices": [{"id": 26331457, "vintage_id": 160141083, "amount": 11.5, "type": "vc", "currency": {"code": "EUR", "name": "Euros", "prefix": "\u20ac", "suffix": null}, "bottle_type_id": 1, "inventory_bottles_count": 10, "url": "https://www.vinehouse.de/mulderbosch-sauvignon-blanc?utm_medium=pref-cpc&utm_source=vivino-ppc", "message": "", "producer_address": "", "importer_address": "CWD Champagner und Wein Distributionsgesellschaft mbH & Co. KGHamburger Str. 14-20 D-20247 Hamburg", "discounted_from": null, "bottle_type": {"id": 1, "name": "Flasche (0,75\u00a0l)", "short_name": "Flasche", "short_name_plural": "Flaschen", "volume_ml": 750}}]}, {"merchant": {"id": 265, "name": "Weinunion.de", "seo_name": "weinunion-de", "legal_name": "WeinUnion", "description": "Versandkostenfrei f\u00fcr Bestellungen ab 80 EUR", "country": {"code": "de", "name": "Deutschland", "native_name": "Deutschland", "seo_name": "germany", "currency": {"code": "EUR", "name": "Euros", "prefix": "\u20ac", "suffix": null}, "regions_count": 210, "users_count": 2117308, "wines_count": 197796, "wineries_count": 13493, "most_used_grapes": [{"id": 15, "name": "Riesling", "seo_name": "riesling", "has_detailed_info": true, "wines_count": 259925}, {"id": 299, "name": "Sp\u00e4tburgunder", "seo_name": "spatburgunder", "has_detailed_info": false, "wines_count": 49659}, {"id": 355, "name": "Weissburgunder", "seo_name": "weissburgunder", "has_detailed_info": false, "wines_count": 33123}]}, "state": null, "status": 3, "image": {"location": "//images.vivino.com/merchants/originals/p1cm9n7r0000089.png", "variations": {"large_square": "//images.vivino.com/merchants/thumbs/p1cm9n7r0000089_400x400.jpg", "medium_square": "//images.vivino.com/merchants/thumbs/p1cm9n7r0000089_320x320.jpg", "small_square": "//images.vivino.com/merchants/thumbs/p1cm9n7r0000089_160x160.jpg"}}, "shipping_estimate": "Lieferung voraussichtlich zwischen Di, 21.\u00a0Dez und Fr, 24.\u00a0Dez", "impressum_url": "http://www.weinunion.de/cgi-bin/wein.pl?t=impressum2", "tos_url": "http://www.weinunion.de/cgi-bin/wein.pl?t=agb", "vc_clearing_system": 0, "hidden": false}, "prices": [{"id": 22709937, "vintage_id": 160141083, "amount": 12.03, "type": "vc", "currency": {"code": "EUR", "name": "Euros", "prefix": "\u20ac", "suffix": null}, "bottle_type_id": 1, "inventory_bottles_count": 38, "url": "https://www.weinunion.de/_sku5100219000_pidpa_viv.html?utm_medium=pref-cpc&utm_source=vivino-ppc", "message": "", "producer_address": "Mulderbosch Vineyards (Pty) Ltd., Polkadraai Road (M12), Vlottenburg, 7600 Stellenbosch, South Africa", "importer_address": "", "discounted_from": null, "bottle_type": {"id": 1, "name": "Flasche (0,75\u00a0l)", "short_name": "Flasche", "short_name_plural": "Flaschen", "volume_ml": 750}}]}, {"merchant": {"id": 26365, "name": "Vinobucks", "seo_name": "vinobucks", "legal_name": "Maitre Consult GmbH", "description": "Versandkostenfrei f\u00fcr Bestellungen ab 80 EUR", "country": {"code": "de", "name": "Deutschland", "native_name": "Deutschland", "seo_name": "germany", "currency": {"code": "EUR", "name": "Euros", "prefix": "\u20ac", "suffix": null}, "regions_count": 210, "users_count": 2117308, "wines_count": 197796, "wineries_count": 13493, "most_used_grapes": [{"id": 15, "name": "Riesling", "seo_name": "riesling", "has_detailed_info": true, "wines_count": 259925}, {"id": 299, "name": "Sp\u00e4tburgunder", "seo_name": "spatburgunder", "has_detailed_info": false, "wines_count": 49659}, {"id": 355, "name": "Weissburgunder", "seo_name": "weissburgunder", "has_detailed_info": false, "wines_count": 33123}]}, "state": null, "status": 3, "image": {"location": "//images.vivino.com/merchants/originals/p1djmfms0000pnt.png", "variations": {"large_square": "//images.vivino.com/merchants/thumbs/p1djmfms0000pnt_400x400.jpg", "medium_square": "//images.vivino.com/merchants/thumbs/p1djmfms0000pnt_320x320.jpg", "small_square": "//images.vivino.com/merchants/thumbs/p1djmfms0000pnt_160x160.jpg"}}, "shipping_estimate": "Lieferung voraussichtlich zwischen Di, 21.\u00a0Dez und Mo, 27.\u00a0Dez", "impressum_url": "https://vinobucks.de/shop/de/info/impressum.html ", "tos_url": "https://vinobucks.de/shop/de/info/allgemeine-geschaeftsbedingungen.html ", "vc_clearing_system": 0, "hidden": false}, "prices": [{"id": 23097370, "vintage_id": 160141083, "amount": 12.4, "type": "vc", "currency": {"code": "EUR", "name": "Euros", "prefix": "\u20ac", "suffix": null}, "bottle_type_id": 1, "inventory_bottles_count": 120, "url": "https://vinobucks.de/shop/de/weissweine/suedafrika/mulderbosch-sauvignon-blanc-2019.html?utm_medium=pref-cpc&utm_source=vivino-ppc", "message": "Preis pro Flasche, Kiste mit 12", "producer_address": "", "importer_address": "", "discounted_from": null, "bottle_type": {"id": 1, "name": "Flasche (0,75\u00a0l)", "short_name": "Flasche", "short_name_plural": "Flaschen", "volume_ml": 750}}]}, {"merchant": {"id": 17581, "name": "Vineshop24", "seo_name": "vineshop24", "legal_name": "Vineshop24 GmbH & Co. KG", "description": "Versandkostenfrei f\u00fcr Bestellungen ab 80 EUR", "country": {"code": "de", "name": "Deutschland", "native_name": "Deutschland", "seo_name": "germany", "currency": {"code": "EUR", "name": "Euros", "prefix": "\u20ac", "suffix": null}, "regions_count": 210, "users_count": 2117308, "wines_count": 197796, "wineries_count": 13493, "most_used_grapes": [{"id": 15, "name": "Riesling", "seo_name": "riesling", "has_detailed_info": true, "wines_count": 259925}, {"id": 299, "name": "Sp\u00e4tburgunder", "seo_name": "spatburgunder", "has_detailed_info": false, "wines_count": 49659}, {"id": 355, "name": "Weissburgunder", "seo_name": "weissburgunder", "has_detailed_info": false, "wines_count": 33123}]}, "state": null, "status": 3, "image": {"location": "//images.vivino.com/merchants/originals/p1ei8m730000h5d.png", "variations": {"large_square": "//images.vivino.com/merchants/thumbs/p1ei8m730000h5d_400x400.jpg", "medium_square": "//images.vivino.com/merchants/thumbs/p1ei8m730000h5d_320x320.jpg", "small_square": "//images.vivino.com/merchants/thumbs/p1ei8m730000h5d_160x160.jpg"}}, "shipping_estimate": "Lieferung voraussichtlich zwischen Di, 21.\u00a0Dez und Do, 23.\u00a0Dez", "impressum_url": "https://www.vineshop24.de/info/impressum.html", "tos_url": "https://www.vineshop24.de/info/allgemeine-geschaeftsbedingungen.html", "vc_clearing_system": 0, "hidden": false}, "prices": [{"id": 24505580, "vintage_id": 160141083, "amount": 13.9, "type": "vc", "currency": {"code": "EUR", "name": "Euros", "prefix": "\u20ac", "suffix": null}, "bottle_type_id": 1, "inventory_bottles_count": 1065, "url": "https://www.vineshop24.de/weine-aus-aller-welt/suedafrika/mulderbosch-sauvignon-blanc.html?utm_medium=pref-cpc&utm_source=vivino-ppc", "message": "Preis f\u00fcr 6 oder mehr Flaschen. (Preis \u20ac14.45 einzelne Flasche)", "producer_address": "", "importer_address": "CWD , Hamburger Stra\u00dfe 14-20, 25436 Tornesch", "discounted_from": null, "bottle_type": {"id": 1, "name": "Flasche (0,75\u00a0l)", "short_name": "Flasche", "short_name_plural": "Flaschen", "volume_ml": 750}}]}, {"merchant": {"id": 1561, "name": "VinoMi", "seo_name": "vinomi", "legal_name": null, "description": "Mobile-friendly checkout. No minimum order.", "country": {"code": "de", "name": "Deutschland", "native_name": "Deutschland", "seo_name": "germany", "currency": {"code": "EUR", "name": "Euros", "prefix": "\u20ac", "suffix": null}, "regions_count": 210, "users_count": 2117308, "wines_count": 197796, "wineries_count": 13493, "most_used_grapes": [{"id": 15, "name": "Riesling", "seo_name": "riesling", "has_detailed_info": true, "wines_count": 259925}, {"id": 299, "name": "Sp\u00e4tburgunder", "seo_name": "spatburgunder", "has_detailed_info": false, "wines_count": 49659}, {"id": 355, "name": "Weissburgunder", "seo_name": "weissburgunder", "has_detailed_info": false, "wines_count": 33123}]}, "state": null, "status": 0, "image": null, "shipping_estimate": "Lieferung bis Mi, 22.\u00a0Dez", "impressum_url": null, "tos_url": null, "vc_clearing_system": 0, "hidden": false}, "prices": [{"id": 22479421, "vintage_id": 160141083, "amount": 9.95, "type": "ppc", "currency": {"code": "EUR", "name": "Euros", "prefix": "\u20ac", "suffix": null}, "bottle_type_id": 1, "inventory_bottles_count": null, "url": "https://vinomi.de/mulderbosch-sauvignon-blanc-2019?utm_medium=pref-cpc&utm_source=vivino-ppc", "message": "", "producer_address": "", "importer_address": "", "discounted_from": null, "bottle_type": {"id": 1, "name": "Flasche (0,75\u00a0l)", "short_name": "Flasche", "short_name_plural": "Flaschen", "volume_ml": 750}}]}, {"merchant": {"id": 20222, "name": "Mundo Mediterraneo", "seo_name": "mundo-mediterraneo", "legal_name": null, "description": "Mobile-friendly checkout. No minimum order.", "country": {"code": "de", "name": "Deutschland", "native_name": "Deutschland", "seo_name": "germany", "currency": {"code": "EUR", "name": "Euros", "prefix": "\u20ac", "suffix": null}, "regions_count": 210, "users_count": 2117308, "wines_count": 197796, "wineries_count": 13493, "most_used_grapes": [{"id": 15, "name": "Riesling", "seo_name": "riesling", "has_detailed_info": true, "wines_count": 259925}, {"id": 299, "name": "Sp\u00e4tburgunder", "seo_name": "spatburgunder", "has_detailed_info": false, "wines_count": 49659}, {"id": 355, "name": "Weissburgunder", "seo_name": "weissburgunder", "has_detailed_info": false, "wines_count": 33123}]}, "state": null, "status": 0, "image": null, "shipping_estimate": "Lieferung bis Mi, 22.\u00a0Dez", "impressum_url": null, "tos_url": null, "vc_clearing_system": 0, "hidden": false}, "prices": [{"id": 22775051, "vintage_id": 160141083, "amount": 10.95, "type": "ppc", "currency": {"code": "EUR", "name": "Euros", "prefix": "\u20ac", "suffix": null}, "bottle_type_id": 1, "inventory_bottles_count": null, "url": "https://mundomediterraneo.de/produkt/mulderbosch-sauvignon-blanc-2019/?utm_medium=pref-cpc&utm_source=vivino-ppc", "message": "", "producer_address": "", "importer_address": "", "discounted_from": null, "bottle_type": {"id": 1, "name": "Flasche (0,75\u00a0l)", "short_name": "Flasche", "short_name_plural": "Flaschen", "volume_ml": 750}}]}, {"merchant": {"id": 1404, "name": "Fabelhafter Wein", "seo_name": "fabelhafter-wein", "legal_name": null, "description": "Mobile-friendly checkout. No minimum order.", "country": {"code": "de", "name": "Deutschland", "native_name": "Deutschland", "seo_name": "germany", "currency": {"code": "EUR", "name": "Euros", "prefix": "\u20ac", "suffix": null}, "regions_count": 210, "users_count": 2117308, "wines_count": 197796, "wineries_count": 13493, "most_used_grapes": [{"id": 15, "name": "Riesling", "seo_name": "riesling", "has_detailed_info": true, "wines_count": 259925}, {"id": 299, "name": "Sp\u00e4tburgunder", "seo_name": "spatburgunder", "has_detailed_info": false, "wines_count": 49659}, {"id": 355, "name": "Weissburgunder", "seo_name": "weissburgunder", "has_detailed_info": false, "wines_count": 33123}]}, "state": null, "status": 0, "image": null, "shipping_estimate": "Lieferung bis Mi, 22.\u00a0Dez", "impressum_url": null, "tos_url": null, "vc_clearing_system": 0, "hidden": false}, "prices": [{"id": 21719688, "vintage_id": 160141083, "amount": 10.99, "type": "ppc", "currency": {"code": "EUR", "name": "Euros", "prefix": "\u20ac", "suffix": null}, "bottle_type_id": 1, "inventory_bottles_count": null, "url": "https://www.fabelhafter-wein.de/weisswein/suedafrika/coastal-region/856/mulderbosch-sauvignon-blanc-2019?utm_medium=pref-cpc&utm_source=vivino-ppc", "message": "", "producer_address": "", "importer_address": "", "discounted_from": null, "bottle_type": {"id": 1, "name": "Flasche (0,75\u00a0l)", "short_name": "Flasche", "short_name_plural": "Flaschen", "volume_ml": 750}}]}, {"merchant": {"id": 4137, "name": "Kapweinversand", "seo_name": "kapweinversand", "legal_name": null, "description": "No minimum order. Mobile friendly checkout.", "country": {"code": "de", "name": "Deutschland", "native_name": "Deutschland", "seo_name": "germany", "currency": {"code": "EUR", "name": "Euros", "prefix": "\u20ac", "suffix": null}, "regions_count": 210, "users_count": 2117308, "wines_count": 197796, "wineries_count": 13493, "most_used_grapes": [{"id": 15, "name": "Riesling", "seo_name": "riesling", "has_detailed_info": true, "wines_count": 259925}, {"id": 299, "name": "Sp\u00e4tburgunder", "seo_name": "spatburgunder", "has_detailed_info": false, "wines_count": 49659}, {"id": 355, "name": "Weissburgunder", "seo_name": "weissburgunder", "has_detailed_info": false, "wines_count": 33123}]}, "state": null, "status": 0, "image": null, "shipping_estimate": "Lieferung bis Mi, 22.\u00a0Dez", "impressum_url": null, "tos_url": null, "vc_clearing_system": 0, "hidden": false}, "prices": [{"id": 21721399, "vintage_id": 160141083, "amount": 11.9, "type": "ppc", "currency": {"code": "EUR", "name": "Euros", "prefix": "\u20ac", "suffix": null}, "bottle_type_id": 1, "inventory_bottles_count": null, "url": "https://www.kapweinversand.de/epages/61117342.sf/de_DE/?ObjectPath=/Shops/61117342/Products/mul01&utm_medium=pref-cpc&utm_source=vivino-ppc", "message": "", "producer_address": "", "importer_address": "", "discounted_from": null, "bottle_type": {"id": 1, "name": "Flasche (0,75\u00a0l)", "short_name": "Flasche", "short_name_plural": "Flaschen", "volume_ml": 750}}]}, {"merchant": {"id": 20249, "name": "South African Wine Import GmbH", "seo_name": "south-african-wine-import", "legal_name": null, "description": "No minimum order.Mobile friendly checkout.", "country": {"code": "de", "name": "Deutschland", "native_name": "Deutschland", "seo_name": "germany", "currency": {"code": "EUR", "name": "Euros", "prefix": "\u20ac", "suffix": null}, "regions_count": 210, "users_count": 2117308, "wines_count": 197796, "wineries_count": 13493, "most_used_grapes": [{"id": 15, "name": "Riesling", "seo_name": "riesling", "has_detailed_info": true, "wines_count": 259925}, {"id": 299, "name": "Sp\u00e4tburgunder", "seo_name": "spatburgunder", "has_detailed_info": false, "wines_count": 49659}, {"id": 355, "name": "Weissburgunder", "seo_name": "weissburgunder", "has_detailed_info": false, "wines_count": 33123}]}, "state": null, "status": 0, "image": {"location": "//images.vivino.com/merchants/originals/p1delgtn0000jop.jpg", "variations": {"large_square": "//images.vivino.com/merchants/thumbs/p1delgtn0000jop_400x400.jpg", "medium_square": "//images.vivino.com/merchants/thumbs/p1delgtn0000jop_320x320.jpg", "small_square": "//images.vivino.com/merchants/thumbs/p1delgtn0000jop_160x160.jpg"}}, "shipping_estimate": "Lieferung bis Mi, 22.\u00a0Dez", "impressum_url": "http://www.southafricanwinecompany.com/impressum/ ", "tos_url": "http://www.southafricanwinecompany.com/datenschutz/ ", "vc_clearing_system": 0, "hidden": false}, "prices": [{"id": 22579519, "vintage_id": 160141083, "amount": 12.6, "type": "ppc", "currency": {"code": "EUR", "name": "Euros", "prefix": "\u20ac", "suffix": null}, "bottle_type_id": 1, "inventory_bottles_count": null, "url": "https://www.southafricanwinecompany.com/shop/mulderbosch-sauvignon-blanc-2019/?utm_medium=pref-cpc&utm_source=vivino-ppc", "message": "", "producer_address": "", "importer_address": "", "discounted_from": null, "bottle_type": {"id": 1, "name": "Flasche (0,75\u00a0l)", "short_name": "Flasche", "short_name_plural": "Flaschen", "volume_ml": 750}}]}, {"merchant": {"id": 305, "name": "Inter-wein.de", "seo_name": "inter-wein-de", "legal_name": null, "description": "Minimum order of 6 bottles. Mobile friendly checkout", "country": {"code": "de", "name": "Deutschland", "native_name": "Deutschland", "seo_name": "germany", "currency": {"code": "EUR", "name": "Euros", "prefix": "\u20ac", "suffix": null}, "regions_count": 210, "users_count": 2117308, "wines_count": 197796, "wineries_count": 13493, "most_used_grapes": [{"id": 15, "name": "Riesling", "seo_name": "riesling", "has_detailed_info": true, "wines_count": 259925}, {"id": 299, "name": "Sp\u00e4tburgunder", "seo_name": "spatburgunder", "has_detailed_info": false, "wines_count": 49659}, {"id": 355, "name": "Weissburgunder", "seo_name": "weissburgunder", "has_detailed_info": false, "wines_count": 33123}]}, "state": null, "status": 0, "image": null, "shipping_estimate": "Lieferung bis Mi, 22.\u00a0Dez", "impressum_url": null, "tos_url": null, "vc_clearing_system": 0, "hidden": false}, "prices": [{"id": 22336748, "vintage_id": 160141083, "amount": 14.4, "type": "ppc", "currency": {"code": "EUR", "name": "Euros", "prefix": "\u20ac", "suffix": null}, "bottle_type_id": 1, "inventory_bottles_count": null, "url": "https://www.inter-wein.de/south-africa/Stellenbosch/Mulderbosch-Sauvignon-blanc-Schraubverschluss-75l-2019-14-40-white::28664.html?XTCsid=de65e9d34c1260a8b33b4dc687d17536&utm_medium=pref-cpc&utm_source=vivino-ppc", "message": "Preis pro Flasche, Kiste mit 6", "producer_address": "", "importer_address": "", "discounted_from": null, "bottle_type": {"id": 1, "name": "Flasche (0,75\u00a0l)", "short_name": "Flasche", "short_name_plural": "Flaschen", "volume_ml": 750}}]}]}, "found_by_merchant_and_sku": null, "is_deal_page": false}