{"vintage": {"id": 165523101, "seo_name": "tokara-sauvignon-blanc-2020", "name": "Tokara Sauvignon Blanc 2020", "statistics": {"status": "Normal", "ratings_count": 172, "ratings_average": 3.7, "labels_count": 1187, "reviews_count": 70}, "organic_certification_id": null, "certified_biodynamic": null, "image": {"location": "//images.vivino.com/thumbs/eZp24xwsQjy0xRxqzKM1LA_pl_480x640.png", "variations": {"bottle_large": "//images.vivino.com/thumbs/eZp24xwsQjy0xRxqzKM1LA_pb_x960.png", "bottle_medium": "//images.vivino.com/thumbs/eZp24xwsQjy0xRxqzKM1LA_pb_x600.png", "bottle_medium_square": "//images.vivino.com/thumbs/eZp24xwsQjy0xRxqzKM1LA_pb_600x600.png", "bottle_small": "//images.vivino.com/thumbs/eZp24xwsQjy0xRxqzKM1LA_pb_x300.png", "bottle_small_square": "//images.vivino.com/thumbs/eZp24xwsQjy0xRxqzKM1LA_pb_300x300.png", "label": "//images.vivino.com/thumbs/eZp24xwsQjy0xRxqzKM1LA_pl_480x640.png", "label_large": "//images.vivino.com/thumbs/eZp24xwsQjy0xRxqzKM1LA_pl_375x500.png", "label_medium": "//images.vivino.com/thumbs/eZp24xwsQjy0xRxqzKM1LA_pl_150x200.png", "label_medium_square": "//images.vivino.com/thumbs/eZp24xwsQjy0xRxqzKM1LA_pl_150x150.png", "label_small_square": "//images.vivino.com/thumbs/eZp24xwsQjy0xRxqzKM1LA_pl_80x80.png", "large": "//images.vivino.com/thumbs/eZp24xwsQjy0xRxqzKM1LA_pl_375x500.png", "medium": "//images.vivino.com/thumbs/eZp24xwsQjy0xRxqzKM1LA_pl_150x200.png", "medium_square": "//images.vivino.com/thumbs/eZp24xwsQjy0xRxqzKM1LA_pl_150x150.png", "small_square": "//images.vivino.com/thumbs/eZp24xwsQjy0xRxqzKM1LA_pl_80x80.png"}}, "wine": {"id": 1112121, "name": "Sauvignon Blanc", "seo_name": "sauvignon-blanc", "type_id": 2, "vintage_type": 0, "is_natural": false, "region": {"id": 533, "name": "Stellenbosch", "name_en": "", "seo_name": "stellenbosch", "country": {"code": "za", "name": "S\u00fcdafrika", "native_name": "South Africa", "seo_name": "south-africa", "currency": {"code": "ZAR", "name": "South African Rand", "prefix": "R", "suffix": null}, "regions_count": 110, "users_count": 232908, "wines_count": 37408, "wineries_count": 4048, "most_used_grapes": [{"id": 2, "name": "Cabernet Sauvignon", "seo_name": "cabernet-sauvignon", "has_detailed_info": true, "wines_count": 794022}, {"id": 1, "name": "Shiraz/Syrah", "seo_name": "shiraz-syrah", "has_detailed_info": true, "wines_count": 545850}, {"id": 10, "name": "Merlot", "seo_name": "merlot", "has_detailed_info": true, "wines_count": 560926}]}, "parent_id": 741, "background_image": {"location": "//images.vivino.com/regions/backgrounds/YxTAMWZ7Q_KqrupzCUn7rg.jpeg", "variations": {"large": "//thumbs.vivino.com/region_backgrounds/YxTAMWZ7Q_KqrupzCUn7rg_1280x760.jpeg", "medium": "//thumbs.vivino.com/region_backgrounds/YxTAMWZ7Q_KqrupzCUn7rg_600x356.jpeg"}}, "statistics": {"wineries_count": 673, "wines_count": 6001, "sub_regions_count": 7, "parent_regions_count": 2}}, "review_status": 2, "winery": {"id": 5057, "name": "Tokara", "seo_name": "tokara", "status": 0, "review_status": "Completed", "background_image": null, "statistics": {"ratings_count": 31977, "ratings_average": 4, "labels_count": 146084, "wines_count": 43}, "region": {"id": 533, "name": "Stellenbosch", "name_en": "", "seo_name": "stellenbosch", "country": {"code": "za", "name": "S\u00fcdafrika", "native_name": "South Africa", "seo_name": "south-africa", "currency": {"code": "ZAR", "name": "South African Rand", "prefix": "R", "suffix": null}, "regions_count": 110, "users_count": 232908, "wines_count": 37408, "wineries_count": 4048, "most_used_grapes": [{"id": 2, "name": "Cabernet Sauvignon", "seo_name": "cabernet-sauvignon", "has_detailed_info": true, "wines_count": 794022}, {"id": 1, "name": "Shiraz/Syrah", "seo_name": "shiraz-syrah", "has_detailed_info": true, "wines_count": 545850}, {"id": 10, "name": "Merlot", "seo_name": "merlot", "has_detailed_info": true, "wines_count": 560926}]}, "parent_id": 741, "background_image": {"location": "//images.vivino.com/regions/backgrounds/YxTAMWZ7Q_KqrupzCUn7rg.jpeg", "variations": {"large": "//thumbs.vivino.com/region_backgrounds/YxTAMWZ7Q_KqrupzCUn7rg_1280x760.jpeg", "medium": "//thumbs.vivino.com/region_backgrounds/YxTAMWZ7Q_KqrupzCUn7rg_600x356.jpeg"}}, "statistics": {"wineries_count": 673, "wines_count": 6001, "sub_regions_count": 7, "parent_regions_count": 2}}, "business_name": "Tokara", "description": "", "specialists_notes": "", "phone": "27 21 808 5900", "email": "wine@tokara.com", "facebook": "https://www.facebook.com/tokaraSA", "instagram": "", "is_claimed": false, "twitter": "@tokara_za", "website": "http://www.tokara.co.za/", "winemaker": null, "wine_maker": null, "address": {"title": null, "name": null, "street": "P.O. Box 662", "street2": null, "neighborhood": null, "city": "Stellenbosch", "zip": "7599", "state": null, "country": {"code": "za", "name": "S\u00fcdafrika", "native_name": "South Africa", "seo_name": "south-africa", "currency": {"code": "ZAR", "name": "South African Rand", "prefix": "R", "suffix": null}, "regions_count": 110, "users_count": 232908, "wines_count": 37408, "wineries_count": 4048, "most_used_grapes": [{"id": 2, "name": "Cabernet Sauvignon", "seo_name": "cabernet-sauvignon", "has_detailed_info": true, "wines_count": 794022}, {"id": 1, "name": "Shiraz/Syrah", "seo_name": "shiraz-syrah", "has_detailed_info": true, "wines_count": 545850}, {"id": 10, "name": "Merlot", "seo_name": "merlot", "has_detailed_info": true, "wines_count": 560926}]}, "company": null, "phone": null, "external_id": null, "residential": null, "vat_number": null, "vat_code": null, "addition": null}, "image": null, "location": {"latitude": -30.559483, "longitude": 22.937506}, "winery_group": null, "first_wines": [], "sponsored_entity_type": null, "sponsored_entity": null}, "statistics": {"status": "Normal", "ratings_count": 2623, "ratings_average": 3.7, "labels_count": 13663, "vintages_count": 23}, "rank": {"country": {"description": "Rang von S\u00fcdafrika", "total": 24685, "rank": 2397}, "region": {"description": "Rang von Weinregion", "total": 5686, "rank": 835}, "winery": {"description": "Rang vom Weingut", "total": 43, "rank": 16}, "wine_type": {"description": "Rang in allen Wei\u00dfwein", "total": 394072, "rank": 22581}, "global": {"description": "Weltweiter Rang", "total": 1287382, "rank": 92133}}, "hidden": false, "vintages": [{"id": 168083679, "seo_name": "tokara-sauvignon-blanc-2021", "name": "Tokara Sauvignon Blanc 2021", "statistics": {"status": "Normal", "ratings_count": 12, "ratings_average": 4, "labels_count": 116, "reviews_count": 6}, "year": 2021, "grapes": null, "has_valid_ratings": true}, {"id": 165523101, "seo_name": "tokara-sauvignon-blanc-2020", "name": "Tokara Sauvignon Blanc 2020", "statistics": {"status": "Normal", "ratings_count": 172, "ratings_average": 3.7, "labels_count": 1187, "reviews_count": 70}, "year": 2020, "grapes": null, "has_valid_ratings": true}, {"id": 160025442, "seo_name": "tokara-sauvignon-blanc-2019", "name": "Tokara Sauvignon Blanc 2019", "statistics": {"status": "Normal", "ratings_count": 422, "ratings_average": 3.7, "labels_count": 3196, "reviews_count": 179}, "year": 2019, "grapes": null, "has_valid_ratings": true}, {"id": 156958498, "seo_name": "tokara-sauvignon-blanc-2018", "name": "Tokara Sauvignon Blanc 2018", "statistics": {"status": "Normal", "ratings_count": 354, "ratings_average": 3.7, "labels_count": 2471, "reviews_count": 151}, "year": 2018, "grapes": null, "has_valid_ratings": true}, {"id": 151405826, "seo_name": "tokara-sauvignon-blanc-2017", "name": "Tokara Sauvignon Blanc 2017", "statistics": {"status": "Normal", "ratings_count": 295, "ratings_average": 3.8, "labels_count": 1823, "reviews_count": 108}, "year": 2017, "grapes": null, "has_valid_ratings": true}, {"id": 86923467, "seo_name": "tokara-sauvignon-blanc-2016", "name": "Tokara Sauvignon Blanc 2016", "statistics": {"status": "Normal", "ratings_count": 301, "ratings_average": 3.8, "labels_count": 1400, "reviews_count": 109}, "year": 2016, "grapes": null, "has_valid_ratings": true}, {"id": 14401456, "seo_name": "tokara-sauvignon-blanc-2015", "name": "Tokara Sauvignon Blanc 2015", "statistics": {"status": "Normal", "ratings_count": 254, "ratings_average": 3.8, "labels_count": 950, "reviews_count": 98}, "year": 2015, "grapes": null, "has_valid_ratings": true}, {"id": 5053045, "seo_name": "tokara-sauvignon-blanc-2014", "name": "Tokara Sauvignon Blanc 2014", "statistics": {"status": "Normal", "ratings_count": 305, "ratings_average": 3.7, "labels_count": 1030, "reviews_count": 111}, "year": 2014, "grapes": null, "has_valid_ratings": true}, {"id": 2514355, "seo_name": "tokara-sauvignon-blanc-2013", "name": "Tokara Sauvignon Blanc 2013", "statistics": {"status": "Normal", "ratings_count": 204, "ratings_average": 3.6, "labels_count": 789, "reviews_count": 90}, "year": 2013, "grapes": null, "has_valid_ratings": true}, {"id": 1752114, "seo_name": "tokara-sauvignon-blanc-2012", "name": "Tokara Sauvignon Blanc 2012", "statistics": {"status": "Normal", "ratings_count": 79, "ratings_average": 3.7, "labels_count": 348, "reviews_count": 24}, "year": 2012, "grapes": null, "has_valid_ratings": true}, {"id": 1729367, "seo_name": "tokara-sauvignon-blanc-2011", "name": "Tokara Sauvignon Blanc 2011", "statistics": {"status": "Normal", "ratings_count": 20, "ratings_average": 3.7, "labels_count": 116, "reviews_count": 9}, "year": 2011, "grapes": null, "has_valid_ratings": true}, {"id": 2202929, "seo_name": "tokara-sauvignon-blanc-2010", "name": "Tokara Sauvignon Blanc 2010", "statistics": {"status": "BelowThreshold", "ratings_count": 6, "ratings_average": 0, "labels_count": 39, "reviews_count": 2}, "year": 2010, "grapes": null, "has_valid_ratings": false}, {"id": 1862095, "seo_name": "tokara-sauvignon-blanc-2009", "name": "Tokara Sauvignon Blanc 2009", "statistics": {"status": "BelowThreshold", "ratings_count": 9, "ratings_average": 0, "labels_count": 57, "reviews_count": 2}, "year": 2009, "grapes": null, "has_valid_ratings": false}, {"id": 1923177, "seo_name": "tokara-sauvignon-blanc-2008", "name": "Tokara Sauvignon Blanc 2008", "statistics": {"status": "BelowThreshold", "ratings_count": 1, "ratings_average": 0, "labels_count": 13, "reviews_count": 0}, "year": 2008, "grapes": null, "has_valid_ratings": false}, {"id": 1133501, "seo_name": "tokara-sauvignon-blanc-2007", "name": "Tokara Sauvignon Blanc 2007", "statistics": {"status": "BelowThreshold", "ratings_count": 4, "ratings_average": 0, "labels_count": 15, "reviews_count": 0}, "year": 2007, "grapes": null, "has_valid_ratings": false}, {"id": 8079603, "seo_name": "tokara-sauvignon-blanc-2006", "name": "Tokara Sauvignon Blanc 2006", "statistics": {"status": "BelowThreshold", "ratings_count": 1, "ratings_average": 0, "labels_count": 4, "reviews_count": 0}, "year": 2006, "grapes": null, "has_valid_ratings": false}, {"id": 4705850, "seo_name": "tokara-sauvignon-blanc-2005", "name": "Tokara Sauvignon Blanc 2005", "statistics": {"status": "BelowThreshold", "ratings_count": 2, "ratings_average": 0, "labels_count": 8, "reviews_count": 2}, "year": 2005, "grapes": null, "has_valid_ratings": false}, {"id": 100974342, "seo_name": "tokara-sauvignon-blanc-2004", "name": "Tokara Sauvignon Blanc 2004", "statistics": {"status": "BelowThreshold", "ratings_count": 1, "ratings_average": 0, "labels_count": 2, "reviews_count": 0}, "year": 2004, "grapes": null, "has_valid_ratings": false}, {"id": 4342375, "seo_name": "tokara-sauvignon-blanc-1997", "name": "Tokara Sauvignon Blanc 1997", "statistics": {"status": "BelowThreshold", "ratings_count": 1, "ratings_average": 0, "labels_count": 0, "reviews_count": 1}, "year": 1997, "grapes": null, "has_valid_ratings": false}, {"id": 3065021, "seo_name": "tokara-sauvignon-blanc-uv", "name": "Tokara Sauvignon Blanc", "statistics": {"status": "Normal", "ratings_count": 2623, "ratings_average": 3.7, "labels_count": 31, "reviews_count": 55}, "year": 0, "grapes": null, "has_valid_ratings": true}], "description": "It has full and rich with mouth filling flavours reminiscent of the characters on the nose.", "grapes": [{"id": 17, "name": "Sauvignon Blanc", "seo_name": "sauvignon-blanc", "has_detailed_info": true, "wines_count": 289542}], "foods": [{"id": 13, "name": "Schalentiere", "background_image": {"location": "//images.vivino.com/backgrounds/foods/13_shellfish.png", "variations": {"small": "//images.vivino.com/backgrounds/foods/thumbs/13_shellfish_932x810.png"}}, "seo_name": "shellfish"}, {"id": 19, "name": "Vegetarische Gerichte", "background_image": {"location": "//images.vivino.com/backgrounds/foods/19_vegetarian.png", "variations": {"small": "//images.vivino.com/backgrounds/foods/thumbs/19_vegetarian_932x810.png"}}, "seo_name": "vegetarian"}, {"id": 39, "name": "Ziegenk\u00e4se", "background_image": {"location": "//images.vivino.com/backgrounds/foods/39_goatcheese.png", "variations": {"small": "//images.vivino.com/backgrounds/foods/thumbs/39_goatcheese_932x810.png"}}, "seo_name": null}], "non_vintage": false, "alcohol": 13.55, "sweetness_id": null, "closure": null, "vintage_mask_raw": null, "updated_at": "2021-12-07T04:08:29Z", "created_at": "2010-04-22T00:10:58Z", "is_first_wine": false, "style": {"id": 203, "seo_name": "south-african-sauvignon-blanc", "regional_name": "South African", "varietal_name": "Sauvignon Blanc", "name": "Sauvignon Blanc S\u00fcdafrika", "image": null, "background_image": null, "description": "The refreshing Sauvignon Blanc grape is perfectly at home in South Africa. The diverse growing regions make for wines that can be nice and grassy with plenty of grapefruit and green apple skins.\n\nWhile the quality is high, the price is still low. South African Sauvignon Blanc offers you an excellent alternative to the considerably more expensive counterparts from New Zealand.\n\nSouth Africa was said to be producing some of the finest wines in the world in the 1700s, though some years later phylloxera wiped out most of the vines, and in the 20th century Apartheid significantly set back wine production.\n\nSouth Africa's stock in the world of wine is climbing rapidly. In the 80s and 90s they were well known for producing bottom shelf swill, but things have changed and the smart money is on the country becoming one of the next massive fine wine producing regions.\n\nWhen it comes to pairing, seafood always works fabulously with Sauvignon Blanc. You can also work some asparagus, cilantro or thyme into the mix as they will work wonderfully with the grassier elements of the wine.", "blurb": null, "interesting_facts": ["The Overberg region is regarded as being one of the finest for Sauvignon Blanc production.", "Sauvignon Blanc originated in the Loire Valley in France, and is happiest in cool climates.", "Sauvignon Blanc is one of the few wines that can pair well with sushi."], "body": 2, "body_description": "Leichter K\u00f6rper", "acidity": 3, "acidity_description": "Hoch", "country": {"code": "za", "name": "S\u00fcdafrika", "native_name": "South Africa", "seo_name": "south-africa", "currency": {"code": "ZAR", "name": "South African Rand", "prefix": "R", "suffix": null}, "regions_count": 110, "users_count": 232908, "wines_count": 37408, "wineries_count": 4048, "most_used_grapes": [{"id": 2, "name": "Cabernet Sauvignon", "seo_name": "cabernet-sauvignon", "has_detailed_info": true, "wines_count": 794022}, {"id": 1, "name": "Shiraz/Syrah", "seo_name": "shiraz-syrah", "has_detailed_info": true, "wines_count": 545850}, {"id": 10, "name": "Merlot", "seo_name": "merlot", "has_detailed_info": true, "wines_count": 560926}]}, "wine_type_id": 2, "food": [{"id": 13, "name": "Shellfish", "background_image": {"location": "//images.vivino.com/backgrounds/foods/13_shellfish.png", "variations": {"small": "//images.vivino.com/backgrounds/foods/thumbs/13_shellfish_932x810.png"}}, "seo_name": "shellfish"}, {"id": 19, "name": "Vegetarian", "background_image": {"location": "//images.vivino.com/backgrounds/foods/19_vegetarian.png", "variations": {"small": "//images.vivino.com/backgrounds/foods/thumbs/19_vegetarian_932x810.png"}}, "seo_name": "vegetarian"}, {"id": 39, "name": "Goat cheese", "background_image": {"location": "//images.vivino.com/backgrounds/foods/39_goatcheese.png", "variations": {"small": "//images.vivino.com/backgrounds/foods/thumbs/39_goatcheese_932x810.png"}}, "seo_name": null}], "grapes": [{"id": 17, "name": "Sauvignon Blanc", "seo_name": "sauvignon-blanc", "has_detailed_info": true, "wines_count": 289542}], "region": null}, "has_valid_ratings": true}, "description": "", "expert_reviews": null, "wine_critic_reviews": [], "awards": [], "ratings_distribution": {"1": 0, "2": 8, "3": 80, "4": 78, "5": 6}, "ranking": {"country": {"description": "Rang von S\u00fcdafrika", "total": 189506, "rank": 22095}, "region": {"description": "Rang von Weinregion", "total": 49219, "rank": 8032}, "winery": {"description": "Rang vom Weingut", "total": 519, "rank": 163}, "global": {"description": "Weltweiter Rang", "total": 8825184, "rank": 904002}}, "wine_facts": {"alcohol": 13.5, "residual_sugar_grams_per_liter": 2, "acidity_grams_per_liter": 6, "ph": 3, "contains_milk_allergens": false, "contains_egg_allergens": false, "drink_until": 2024}, "winemaker": null, "wine_maker": null, "grape_composition": {"17": 100}, "year": 2020, "grapes": [{"id": 17, "name": "Sauvignon Blanc", "seo_name": "sauvignon-blanc", "has_detailed_info": true, "wines_count": 289542}], "has_valid_ratings": true}, "carts": null, "price_range": {"currency": {"code": "EUR", "name": "Euros", "prefix": "\u20ac", "suffix": null}, "price_range": {"minimum": 0, "maximum": 500, "currency_code": "EUR"}, "defaults": {"minimum": 7, "maximum": 30, "currency_code": "EUR"}}, "subtotal_price": null, "full_region": null, "tastes": null, "wine": {"id": 1112121, "name": "Sauvignon Blanc", "seo_name": "sauvignon-blanc", "type_id": 2, "vintage_type": 0, "is_natural": false, "region": {"id": 533, "name": "Stellenbosch", "name_en": "", "seo_name": "stellenbosch", "country": {"code": "za", "name": "S\u00fcdafrika", "native_name": "South Africa", "seo_name": "south-africa", "currency": {"code": "ZAR", "name": "South African Rand", "prefix": "R", "suffix": null}, "regions_count": 110, "users_count": 232908, "wines_count": 37408, "wineries_count": 4048, "most_used_grapes": [{"id": 2, "name": "Cabernet Sauvignon", "seo_name": "cabernet-sauvignon", "has_detailed_info": true, "wines_count": 794022}, {"id": 1, "name": "Shiraz/Syrah", "seo_name": "shiraz-syrah", "has_detailed_info": true, "wines_count": 545850}, {"id": 10, "name": "Merlot", "seo_name": "merlot", "has_detailed_info": true, "wines_count": 560926}]}, "parent_id": 741, "background_image": {"location": "//images.vivino.com/regions/backgrounds/YxTAMWZ7Q_KqrupzCUn7rg.jpeg", "variations": {"large": "//thumbs.vivino.com/region_backgrounds/YxTAMWZ7Q_KqrupzCUn7rg_1280x760.jpeg", "medium": "//thumbs.vivino.com/region_backgrounds/YxTAMWZ7Q_KqrupzCUn7rg_600x356.jpeg"}}, "statistics": {"wineries_count": 673, "wines_count": 6001, "sub_regions_count": 7, "parent_regions_count": 2}}, "review_status": 2, "winery": {"id": 5057, "name": "Tokara", "seo_name": "tokara", "status": 0, "review_status": "Completed", "background_image": null, "statistics": {"ratings_count": 31977, "ratings_average": 4, "labels_count": 146084, "wines_count": 43}, "region": {"id": 533, "name": "Stellenbosch", "name_en": "", "seo_name": "stellenbosch", "country": {"code": "za", "name": "S\u00fcdafrika", "native_name": "South Africa", "seo_name": "south-africa", "currency": {"code": "ZAR", "name": "South African Rand", "prefix": "R", "suffix": null}, "regions_count": 110, "users_count": 232908, "wines_count": 37408, "wineries_count": 4048, "most_used_grapes": [{"id": 2, "name": "Cabernet Sauvignon", "seo_name": "cabernet-sauvignon", "has_detailed_info": true, "wines_count": 794022}, {"id": 1, "name": "Shiraz/Syrah", "seo_name": "shiraz-syrah", "has_detailed_info": true, "wines_count": 545850}, {"id": 10, "name": "Merlot", "seo_name": "merlot", "has_detailed_info": true, "wines_count": 560926}]}, "parent_id": 741, "background_image": {"location": "//images.vivino.com/regions/backgrounds/YxTAMWZ7Q_KqrupzCUn7rg.jpeg", "variations": {"large": "//thumbs.vivino.com/region_backgrounds/YxTAMWZ7Q_KqrupzCUn7rg_1280x760.jpeg", "medium": "//thumbs.vivino.com/region_backgrounds/YxTAMWZ7Q_KqrupzCUn7rg_600x356.jpeg"}}, "statistics": {"wineries_count": 673, "wines_count": 6001, "sub_regions_count": 7, "parent_regions_count": 2}}, "business_name": "Tokara", "description": "", "specialists_notes": "", "phone": "27 21 808 5900", "email": "wine@tokara.com", "facebook": "https://www.facebook.com/tokaraSA", "instagram": "", "is_claimed": false, "twitter": "@tokara_za", "website": "http://www.tokara.co.za/", "winemaker": null, "wine_maker": null, "address": {"title": null, "name": null, "street": "P.O. Box 662", "street2": null, "neighborhood": null, "city": "Stellenbosch", "zip": "7599", "state": null, "country": {"code": "za", "name": "S\u00fcdafrika", "native_name": "South Africa", "seo_name": "south-africa", "currency": {"code": "ZAR", "name": "South African Rand", "prefix": "R", "suffix": null}, "regions_count": 110, "users_count": 232908, "wines_count": 37408, "wineries_count": 4048, "most_used_grapes": [{"id": 2, "name": "Cabernet Sauvignon", "seo_name": "cabernet-sauvignon", "has_detailed_info": true, "wines_count": 794022}, {"id": 1, "name": "Shiraz/Syrah", "seo_name": "shiraz-syrah", "has_detailed_info": true, "wines_count": 545850}, {"id": 10, "name": "Merlot", "seo_name": "merlot", "has_detailed_info": true, "wines_count": 560926}]}, "company": null, "phone": null, "external_id": null, "residential": null, "vat_number": null, "vat_code": null, "addition": null}, "image": null, "location": {"latitude": -30.559483, "longitude": 22.937506}, "winery_group": null, "first_wines": [], "sponsored_entity_type": null, "sponsored_entity": null}, "statistics": {"status": "Normal", "ratings_count": 2623, "ratings_average": 3.7, "labels_count": 13663, "vintages_count": 23}, "rank": {"country": {"description": "Rang von S\u00fcdafrika", "total": 24685, "rank": 2397}, "region": {"description": "Rang von Weinregion", "total": 5686, "rank": 835}, "winery": {"description": "Rang vom Weingut", "total": 43, "rank": 16}, "wine_type": {"description": "Rang in allen Wei\u00dfwein", "total": 394072, "rank": 22581}, "global": {"description": "Weltweiter Rang", "total": 1287382, "rank": 92133}}, "hidden": false, "vintages": [{"id": 168083679, "seo_name": "tokara-sauvignon-blanc-2021", "name": "Tokara Sauvignon Blanc 2021", "statistics": {"status": "Normal", "ratings_count": 12, "ratings_average": 4, "labels_count": 116, "reviews_count": 6}, "year": 2021, "grapes": null, "has_valid_ratings": true}, {"id": 165523101, "seo_name": "tokara-sauvignon-blanc-2020", "name": "Tokara Sauvignon Blanc 2020", "statistics": {"status": "Normal", "ratings_count": 172, "ratings_average": 3.7, "labels_count": 1187, "reviews_count": 70}, "year": 2020, "grapes": null, "has_valid_ratings": true}, {"id": 160025442, "seo_name": "tokara-sauvignon-blanc-2019", "name": "Tokara Sauvignon Blanc 2019", "statistics": {"status": "Normal", "ratings_count": 422, "ratings_average": 3.7, "labels_count": 3196, "reviews_count": 179}, "year": 2019, "grapes": null, "has_valid_ratings": true}, {"id": 156958498, "seo_name": "tokara-sauvignon-blanc-2018", "name": "Tokara Sauvignon Blanc 2018", "statistics": {"status": "Normal", "ratings_count": 354, "ratings_average": 3.7, "labels_count": 2471, "reviews_count": 151}, "year": 2018, "grapes": null, "has_valid_ratings": true}, {"id": 151405826, "seo_name": "tokara-sauvignon-blanc-2017", "name": "Tokara Sauvignon Blanc 2017", "statistics": {"status": "Normal", "ratings_count": 295, "ratings_average": 3.8, "labels_count": 1823, "reviews_count": 108}, "year": 2017, "grapes": null, "has_valid_ratings": true}, {"id": 86923467, "seo_name": "tokara-sauvignon-blanc-2016", "name": "Tokara Sauvignon Blanc 2016", "statistics": {"status": "Normal", "ratings_count": 301, "ratings_average": 3.8, "labels_count": 1400, "reviews_count": 109}, "year": 2016, "grapes": null, "has_valid_ratings": true}, {"id": 14401456, "seo_name": "tokara-sauvignon-blanc-2015", "name": "Tokara Sauvignon Blanc 2015", "statistics": {"status": "Normal", "ratings_count": 254, "ratings_average": 3.8, "labels_count": 950, "reviews_count": 98}, "year": 2015, "grapes": null, "has_valid_ratings": true}, {"id": 5053045, "seo_name": "tokara-sauvignon-blanc-2014", "name": "Tokara Sauvignon Blanc 2014", "statistics": {"status": "Normal", "ratings_count": 305, "ratings_average": 3.7, "labels_count": 1030, "reviews_count": 111}, "year": 2014, "grapes": null, "has_valid_ratings": true}, {"id": 2514355, "seo_name": "tokara-sauvignon-blanc-2013", "name": "Tokara Sauvignon Blanc 2013", "statistics": {"status": "Normal", "ratings_count": 204, "ratings_average": 3.6, "labels_count": 789, "reviews_count": 90}, "year": 2013, "grapes": null, "has_valid_ratings": true}, {"id": 1752114, "seo_name": "tokara-sauvignon-blanc-2012", "name": "Tokara Sauvignon Blanc 2012", "statistics": {"status": "Normal", "ratings_count": 79, "ratings_average": 3.7, "labels_count": 348, "reviews_count": 24}, "year": 2012, "grapes": null, "has_valid_ratings": true}, {"id": 1729367, "seo_name": "tokara-sauvignon-blanc-2011", "name": "Tokara Sauvignon Blanc 2011", "statistics": {"status": "Normal", "ratings_count": 20, "ratings_average": 3.7, "labels_count": 116, "reviews_count": 9}, "year": 2011, "grapes": null, "has_valid_ratings": true}, {"id": 2202929, "seo_name": "tokara-sauvignon-blanc-2010", "name": "Tokara Sauvignon Blanc 2010", "statistics": {"status": "BelowThreshold", "ratings_count": 6, "ratings_average": 0, "labels_count": 39, "reviews_count": 2}, "year": 2010, "grapes": null, "has_valid_ratings": false}, {"id": 1862095, "seo_name": "tokara-sauvignon-blanc-2009", "name": "Tokara Sauvignon Blanc 2009", "statistics": {"status": "BelowThreshold", "ratings_count": 9, "ratings_average": 0, "labels_count": 57, "reviews_count": 2}, "year": 2009, "grapes": null, "has_valid_ratings": false}, {"id": 1923177, "seo_name": "tokara-sauvignon-blanc-2008", "name": "Tokara Sauvignon Blanc 2008", "statistics": {"status": "BelowThreshold", "ratings_count": 1, "ratings_average": 0, "labels_count": 13, "reviews_count": 0}, "year": 2008, "grapes": null, "has_valid_ratings": false}, {"id": 1133501, "seo_name": "tokara-sauvignon-blanc-2007", "name": "Tokara Sauvignon Blanc 2007", "statistics": {"status": "BelowThreshold", "ratings_count": 4, "ratings_average": 0, "labels_count": 15, "reviews_count": 0}, "year": 2007, "grapes": null, "has_valid_ratings": false}, {"id": 8079603, "seo_name": "tokara-sauvignon-blanc-2006", "name": "Tokara Sauvignon Blanc 2006", "statistics": {"status": "BelowThreshold", "ratings_count": 1, "ratings_average": 0, "labels_count": 4, "reviews_count": 0}, "year": 2006, "grapes": null, "has_valid_ratings": false}, {"id": 4705850, "seo_name": "tokara-sauvignon-blanc-2005", "name": "Tokara Sauvignon Blanc 2005", "statistics": {"status": "BelowThreshold", "ratings_count": 2, "ratings_average": 0, "labels_count": 8, "reviews_count": 2}, "year": 2005, "grapes": null, "has_valid_ratings": false}, {"id": 100974342, "seo_name": "tokara-sauvignon-blanc-2004", "name": "Tokara Sauvignon Blanc 2004", "statistics": {"status": "BelowThreshold", "ratings_count": 1, "ratings_average": 0, "labels_count": 2, "reviews_count": 0}, "year": 2004, "grapes": null, "has_valid_ratings": false}, {"id": 4342375, "seo_name": "tokara-sauvignon-blanc-1997", "name": "Tokara Sauvignon Blanc 1997", "statistics": {"status": "BelowThreshold", "ratings_count": 1, "ratings_average": 0, "labels_count": 0, "reviews_count": 1}, "year": 1997, "grapes": null, "has_valid_ratings": false}, {"id": 3065021, "seo_name": "tokara-sauvignon-blanc-uv", "name": "Tokara Sauvignon Blanc", "statistics": {"status": "Normal", "ratings_count": 2623, "ratings_average": 3.7, "labels_count": 31, "reviews_count": 55}, "year": 0, "grapes": null, "has_valid_ratings": true}], "description": "It has full and rich with mouth filling flavours reminiscent of the characters on the nose.", "grapes": [{"id": 17, "name": "Sauvignon Blanc", "seo_name": "sauvignon-blanc", "has_detailed_info": true, "wines_count": 289542}], "foods": [{"id": 13, "name": "Schalentiere", "background_image": {"location": "//images.vivino.com/backgrounds/foods/13_shellfish.png", "variations": {"small": "//images.vivino.com/backgrounds/foods/thumbs/13_shellfish_932x810.png"}}, "seo_name": "shellfish"}, {"id": 19, "name": "Vegetarische Gerichte", "background_image": {"location": "//images.vivino.com/backgrounds/foods/19_vegetarian.png", "variations": {"small": "//images.vivino.com/backgrounds/foods/thumbs/19_vegetarian_932x810.png"}}, "seo_name": "vegetarian"}, {"id": 39, "name": "Ziegenk\u00e4se", "background_image": {"location": "//images.vivino.com/backgrounds/foods/39_goatcheese.png", "variations": {"small": "//images.vivino.com/backgrounds/foods/thumbs/39_goatcheese_932x810.png"}}, "seo_name": null}], "non_vintage": false, "alcohol": 13.55, "sweetness_id": null, "closure": null, "vintage_mask_raw": null, "updated_at": "2021-12-07T04:08:29Z", "created_at": "2010-04-22T00:10:58Z", "is_first_wine": false, "style": {"id": 203, "seo_name": "south-african-sauvignon-blanc", "regional_name": "South African", "varietal_name": "Sauvignon Blanc", "name": "Sauvignon Blanc S\u00fcdafrika", "image": null, "background_image": null, "description": "The refreshing Sauvignon Blanc grape is perfectly at home in South Africa. The diverse growing regions make for wines that can be nice and grassy with plenty of grapefruit and green apple skins.\n\nWhile the quality is high, the price is still low. South African Sauvignon Blanc offers you an excellent alternative to the considerably more expensive counterparts from New Zealand.\n\nSouth Africa was said to be producing some of the finest wines in the world in the 1700s, though some years later phylloxera wiped out most of the vines, and in the 20th century Apartheid significantly set back wine production.\n\nSouth Africa's stock in the world of wine is climbing rapidly. In the 80s and 90s they were well known for producing bottom shelf swill, but things have changed and the smart money is on the country becoming one of the next massive fine wine producing regions.\n\nWhen it comes to pairing, seafood always works fabulously with Sauvignon Blanc. You can also work some asparagus, cilantro or thyme into the mix as they will work wonderfully with the grassier elements of the wine.", "blurb": null, "interesting_facts": ["The Overberg region is regarded as being one of the finest for Sauvignon Blanc production.", "Sauvignon Blanc originated in the Loire Valley in France, and is happiest in cool climates.", "Sauvignon Blanc is one of the few wines that can pair well with sushi."], "body": 2, "body_description": "Leichter K\u00f6rper", "acidity": 3, "acidity_description": "Hoch", "country": {"code": "za", "name": "S\u00fcdafrika", "native_name": "South Africa", "seo_name": "south-africa", "currency": {"code": "ZAR", "name": "South African Rand", "prefix": "R", "suffix": null}, "regions_count": 110, "users_count": 232908, "wines_count": 37408, "wineries_count": 4048, "most_used_grapes": [{"id": 2, "name": "Cabernet Sauvignon", "seo_name": "cabernet-sauvignon", "has_detailed_info": true, "wines_count": 794022}, {"id": 1, "name": "Shiraz/Syrah", "seo_name": "shiraz-syrah", "has_detailed_info": true, "wines_count": 545850}, {"id": 10, "name": "Merlot", "seo_name": "merlot", "has_detailed_info": true, "wines_count": 560926}]}, "wine_type_id": 2, "food": [{"id": 13, "name": "Shellfish", "background_image": {"location": "//images.vivino.com/backgrounds/foods/13_shellfish.png", "variations": {"small": "//images.vivino.com/backgrounds/foods/thumbs/13_shellfish_932x810.png"}}, "seo_name": "shellfish"}, {"id": 19, "name": "Vegetarian", "background_image": {"location": "//images.vivino.com/backgrounds/foods/19_vegetarian.png", "variations": {"small": "//images.vivino.com/backgrounds/foods/thumbs/19_vegetarian_932x810.png"}}, "seo_name": "vegetarian"}, {"id": 39, "name": "Goat cheese", "background_image": {"location": "//images.vivino.com/backgrounds/foods/39_goatcheese.png", "variations": {"small": "//images.vivino.com/backgrounds/foods/thumbs/39_goatcheese_932x810.png"}}, "seo_name": null}], "grapes": [{"id": 17, "name": "Sauvignon Blanc", "seo_name": "sauvignon-blanc", "has_detailed_info": true, "wines_count": 289542}], "region": null}, "has_valid_ratings": true}, "price": {"id": 23338445, "vintage_id": 165523101, "amount": 10.950000000000001, "type": "vc", "currency": {"code": "EUR", "name": "Euros", "prefix": "\u20ac", "suffix": null}, "bottle_type_id": 1, "inventory_bottles_count": 1186, "bottles_sold_count": 54, "url": "https://www.vineshop24.de/weine-aus-aller-welt/suedafrika/tokara-sauvignon-blanc.html?utm_medium=pref-cpc&utm_source=vivino-ppc", "message": "Preis f\u00fcr 6 oder mehr Flaschen. (Preis \u20ac11.50 einzelne Flasche)", "producer_address": "", "importer_address": "Vineshop24 GmbH & Co. KG, Dieselstra\u00dfe 4, 26899 Rhede", "discounted_from": null, "bottle_type": {"id": 1, "name": "Flasche (0,75\u00a0l)", "short_name": "Flasche", "short_name_plural": "Flaschen", "volume_ml": 750}}, "highlights": [{"vintage_id": 165523101, "highlight_type": "oldest_available", "message": "\u00c4ltester Jahrgang", "icon": "https://images.vivino.com/highlights/icon/oldest_available.svg", "metadata": {"price": {"id": 26438421, "type": "vc", "amount": 10.95, "currency": {"code": "EUR", "name": "Euros", "prefix": "\u20ac", "suffix": null}, "discounted_from": null}, "wine_id": 1112121, "toplist": null, "ws_award": null, "critic_review_id": null, "ratings_average": 3.7, "ratings_count": 172, "vintage_year": "2020", "rank_type": null, "ranks": {"country": {"description": "Rang von S\u00fcdafrika", "total": 189506, "rank": 22095}, "region": {"description": "Rang von Weinregion", "total": 49219, "rank": 8032}, "winery": {"description": "Rang vom Weingut", "total": 519, "rank": 163}, "global": {"description": "Weltweiter Rang", "total": 8825184, "rank": 904002}}, "style": {"id": 203, "seo_name": "south-african-sauvignon-blanc", "regional_name": "South African", "varietal_name": "Sauvignon Blanc", "name": "Sauvignon Blanc S\u00fcdafrika", "image": null, "background_image": null, "description": "The refreshing Sauvignon Blanc grape is perfectly at home in South Africa. The diverse growing regions make for wines that can be nice and grassy with plenty of grapefruit and green apple skins.\n\nWhile the quality is high, the price is still low. South African Sauvignon Blanc offers you an excellent alternative to the considerably more expensive counterparts from New Zealand.\n\nSouth Africa was said to be producing some of the finest wines in the world in the 1700s, though some years later phylloxera wiped out most of the vines, and in the 20th century Apartheid significantly set back wine production.\n\nSouth Africa's stock in the world of wine is climbing rapidly. In the 80s and 90s they were well known for producing bottom shelf swill, but things have changed and the smart money is on the country becoming one of the next massive fine wine producing regions.\n\nWhen it comes to pairing, seafood always works fabulously with Sauvignon Blanc. You can also work some asparagus, cilantro or thyme into the mix as they will work wonderfully with the grassier elements of the wine.", "blurb": null, "interesting_facts": ["The Overberg region is regarded as being one of the finest for Sauvignon Blanc production.", "Sauvignon Blanc originated in the Loire Valley in France, and is happiest in cool climates.", "Sauvignon Blanc is one of the few wines that can pair well with sushi."], "body": 2, "body_description": "Leichter K\u00f6rper", "acidity": 3, "acidity_description": "Hoch", "country": {"code": "za", "name": "S\u00fcdafrika", "native_name": "South Africa", "seo_name": "south-africa", "currency": {"code": "ZAR", "name": "South African Rand", "prefix": "R", "suffix": null}, "regions_count": 110, "users_count": 232908, "wines_count": 37408, "wineries_count": 4048, "most_used_grapes": [{"id": 2, "name": "Cabernet Sauvignon", "seo_name": "cabernet-sauvignon", "has_detailed_info": true, "wines_count": 794022}, {"id": 1, "name": "Shiraz/Syrah", "seo_name": "shiraz-syrah", "has_detailed_info": true, "wines_count": 545850}, {"id": 10, "name": "Merlot", "seo_name": "merlot", "has_detailed_info": true, "wines_count": 560926}]}, "wine_type_id": 2, "food": [{"id": 13, "name": "Shellfish", "background_image": {"location": "//images.vivino.com/backgrounds/foods/13_shellfish.png", "variations": {"small": "//images.vivino.com/backgrounds/foods/thumbs/13_shellfish_932x810.png"}}, "seo_name": "shellfish"}, {"id": 19, "name": "Vegetarian", "background_image": {"location": "//images.vivino.com/backgrounds/foods/19_vegetarian.png", "variations": {"small": "//images.vivino.com/backgrounds/foods/thumbs/19_vegetarian_932x810.png"}}, "seo_name": "vegetarian"}, {"id": 39, "name": "Goat cheese", "background_image": {"location": "//images.vivino.com/backgrounds/foods/39_goatcheese.png", "variations": {"small": "//images.vivino.com/backgrounds/foods/thumbs/39_goatcheese_932x810.png"}}, "seo_name": null}], "grapes": [{"id": 17, "name": "Sauvignon Blanc", "seo_name": "sauvignon-blanc", "has_detailed_info": true, "wines_count": 289542}], "region": null}}}, {"vintage_id": 165523101, "highlight_type": "cheapest_available", "message": "G\u00fcnstigster verf\u00fcgbarer Jahrgang", "icon": "https://images.vivino.com/highlights/icon/cheapest_available.svg", "metadata": {"price": {"id": 26438421, "type": "vc", "amount": 10.95, "currency": {"code": "EUR", "name": "Euros", "prefix": "\u20ac", "suffix": null}, "discounted_from": null}, "wine_id": 1112121, "toplist": null, "ws_award": null, "critic_review_id": null, "ratings_average": 3.7, "ratings_count": 172, "vintage_year": "2020", "rank_type": null, "ranks": {"country": {"description": "Rang von S\u00fcdafrika", "total": 189506, "rank": 22095}, "region": {"description": "Rang von Weinregion", "total": 49219, "rank": 8032}, "winery": {"description": "Rang vom Weingut", "total": 519, "rank": 163}, "global": {"description": "Weltweiter Rang", "total": 8825184, "rank": 904002}}, "style": {"id": 203, "seo_name": "south-african-sauvignon-blanc", "regional_name": "South African", "varietal_name": "Sauvignon Blanc", "name": "Sauvignon Blanc S\u00fcdafrika", "image": null, "background_image": null, "description": "The refreshing Sauvignon Blanc grape is perfectly at home in South Africa. The diverse growing regions make for wines that can be nice and grassy with plenty of grapefruit and green apple skins.\n\nWhile the quality is high, the price is still low. South African Sauvignon Blanc offers you an excellent alternative to the considerably more expensive counterparts from New Zealand.\n\nSouth Africa was said to be producing some of the finest wines in the world in the 1700s, though some years later phylloxera wiped out most of the vines, and in the 20th century Apartheid significantly set back wine production.\n\nSouth Africa's stock in the world of wine is climbing rapidly. In the 80s and 90s they were well known for producing bottom shelf swill, but things have changed and the smart money is on the country becoming one of the next massive fine wine producing regions.\n\nWhen it comes to pairing, seafood always works fabulously with Sauvignon Blanc. You can also work some asparagus, cilantro or thyme into the mix as they will work wonderfully with the grassier elements of the wine.", "blurb": null, "interesting_facts": ["The Overberg region is regarded as being one of the finest for Sauvignon Blanc production.", "Sauvignon Blanc originated in the Loire Valley in France, and is happiest in cool climates.", "Sauvignon Blanc is one of the few wines that can pair well with sushi."], "body": 2, "body_description": "Leichter K\u00f6rper", "acidity": 3, "acidity_description": "Hoch", "country": {"code": "za", "name": "S\u00fcdafrika", "native_name": "South Africa", "seo_name": "south-africa", "currency": {"code": "ZAR", "name": "South African Rand", "prefix": "R", "suffix": null}, "regions_count": 110, "users_count": 232908, "wines_count": 37408, "wineries_count": 4048, "most_used_grapes": [{"id": 2, "name": "Cabernet Sauvignon", "seo_name": "cabernet-sauvignon", "has_detailed_info": true, "wines_count": 794022}, {"id": 1, "name": "Shiraz/Syrah", "seo_name": "shiraz-syrah", "has_detailed_info": true, "wines_count": 545850}, {"id": 10, "name": "Merlot", "seo_name": "merlot", "has_detailed_info": true, "wines_count": 560926}]}, "wine_type_id": 2, "food": [{"id": 13, "name": "Shellfish", "background_image": {"location": "//images.vivino.com/backgrounds/foods/13_shellfish.png", "variations": {"small": "//images.vivino.com/backgrounds/foods/thumbs/13_shellfish_932x810.png"}}, "seo_name": "shellfish"}, {"id": 19, "name": "Vegetarian", "background_image": {"location": "//images.vivino.com/backgrounds/foods/19_vegetarian.png", "variations": {"small": "//images.vivino.com/backgrounds/foods/thumbs/19_vegetarian_932x810.png"}}, "seo_name": "vegetarian"}, {"id": 39, "name": "Goat cheese", "background_image": {"location": "//images.vivino.com/backgrounds/foods/39_goatcheese.png", "variations": {"small": "//images.vivino.com/backgrounds/foods/thumbs/39_goatcheese_932x810.png"}}, "seo_name": null}], "grapes": [{"id": 17, "name": "Sauvignon Blanc", "seo_name": "sauvignon-blanc", "has_detailed_info": true, "wines_count": 289542}], "region": null}}}], "merchant": {"id": 17581, "name": "Vineshop24", "seo_name": "vineshop24", "legal_name": "Vineshop24 GmbH & Co. KG", "description": "Versandkostenfrei f\u00fcr Bestellungen ab 80 EUR", "country": {"code": "de", "name": "Deutschland", "native_name": "Deutschland", "seo_name": "germany", "currency": {"code": "EUR", "name": "Euros", "prefix": "\u20ac", "suffix": null}, "regions_count": 210, "users_count": 2117308, "wines_count": 197796, "wineries_count": 13493, "most_used_grapes": [{"id": 15, "name": "Riesling", "seo_name": "riesling", "has_detailed_info": true, "wines_count": 259925}, {"id": 299, "name": "Sp\u00e4tburgunder", "seo_name": "spatburgunder", "has_detailed_info": false, "wines_count": 49659}, {"id": 355, "name": "Weissburgunder", "seo_name": "weissburgunder", "has_detailed_info": false, "wines_count": 33123}]}, "state": null, "status": 3, "image": {"location": "//images.vivino.com/merchants/originals/p1ei8m730000h5d.png", "variations": {"large_square": "//images.vivino.com/merchants/thumbs/p1ei8m730000h5d_400x400.jpg", "medium_square": "//images.vivino.com/merchants/thumbs/p1ei8m730000h5d_320x320.jpg", "small_square": "//images.vivino.com/merchants/thumbs/p1ei8m730000h5d_160x160.jpg"}}, "shipping_estimate": "Lieferung voraussichtlich zwischen Di, 21.\u00a0Dez und Do, 23.\u00a0Dez", "impressum_url": "https://www.vineshop24.de/info/impressum.html", "tos_url": "https://www.vineshop24.de/info/allgemeine-geschaeftsbedingungen.html", "vc_clearing_system": 0, "hidden": false}, "sold_out": false, "prices_and_availability": {"market": {"country": "de", "currency": {"code": "EUR", "name": "Euros", "prefix": "\u20ac", "suffix": null}}, "availability": {"vintage": {"id": 165523101, "year": 2020, "grapes": null, "has_valid_ratings": false}, "median": {"amount": 10.95, "type": "market", "discounted_from": null}, "price": {"id": 26438421, "amount": 10.95, "discounted_from": 0.0, "type": "vc"}}, "merchants_with_prices": [{"merchant": {"id": 20423, "name": "The WineStore", "seo_name": "the-winestore", "legal_name": "M&M Wein- und Spirituosenhandel GmbH", "description": "Versandkostenfrei f\u00fcr Bestellungen ab \u20ac80", "country": {"code": "de", "name": "Deutschland", "native_name": "Deutschland", "seo_name": "germany", "currency": {"code": "EUR", "name": "Euros", "prefix": "\u20ac", "suffix": null}, "regions_count": 210, "users_count": 2117308, "wines_count": 197796, "wineries_count": 13493, "most_used_grapes": [{"id": 15, "name": "Riesling", "seo_name": "riesling", "has_detailed_info": true, "wines_count": 259925}, {"id": 299, "name": "Sp\u00e4tburgunder", "seo_name": "spatburgunder", "has_detailed_info": false, "wines_count": 49659}, {"id": 355, "name": "Weissburgunder", "seo_name": "weissburgunder", "has_detailed_info": false, "wines_count": 33123}]}, "state": null, "status": 3, "image": {"location": "//images.vivino.com/merchants/originals/p1ccoeh30000ju7.png", "variations": {"large_square": "//images.vivino.com/merchants/thumbs/p1ccoeh30000ju7_400x400.jpg", "medium_square": "//images.vivino.com/merchants/thumbs/p1ccoeh30000ju7_320x320.jpg", "small_square": "//images.vivino.com/merchants/thumbs/p1ccoeh30000ju7_160x160.jpg"}}, "shipping_estimate": "Lieferung voraussichtlich zwischen Mo, 20.\u00a0Dez und Mi, 22.\u00a0Dez", "impressum_url": "https://the-winestore.com/policies/legal-notice", "tos_url": "https://the-winestore.com/policies/terms-of-service", "vc_clearing_system": 0, "hidden": false}, "prices": [{"id": 26438421, "vintage_id": 165523101, "amount": 10.95, "type": "vc", "currency": {"code": "EUR", "name": "Euros", "prefix": "\u20ac", "suffix": null}, "bottle_type_id": 1, "inventory_bottles_count": 20, "url": "https://the-winestore.com/products/tokara-sauvignon-blanc-2020?utm_medium=pref-cpc&utm_source=vivino-ppc", "message": "", "producer_address": "", "importer_address": "", "discounted_from": null, "bottle_type": {"id": 1, "name": "Flasche (0,75\u00a0l)", "short_name": "Flasche", "short_name_plural": "Flaschen", "volume_ml": 750}}]}, {"merchant": {"id": 17581, "name": "Vineshop24", "seo_name": "vineshop24", "legal_name": "Vineshop24 GmbH & Co. KG", "description": "Versandkostenfrei f\u00fcr Bestellungen ab 80 EUR", "country": {"code": "de", "name": "Deutschland", "native_name": "Deutschland", "seo_name": "germany", "currency": {"code": "EUR", "name": "Euros", "prefix": "\u20ac", "suffix": null}, "regions_count": 210, "users_count": 2117308, "wines_count": 197796, "wineries_count": 13493, "most_used_grapes": [{"id": 15, "name": "Riesling", "seo_name": "riesling", "has_detailed_info": true, "wines_count": 259925}, {"id": 299, "name": "Sp\u00e4tburgunder", "seo_name": "spatburgunder", "has_detailed_info": false, "wines_count": 49659}, {"id": 355, "name": "Weissburgunder", "seo_name": "weissburgunder", "has_detailed_info": false, "wines_count": 33123}]}, "state": null, "status": 3, "image": {"location": "//images.vivino.com/merchants/originals/p1ei8m730000h5d.png", "variations": {"large_square": "//images.vivino.com/merchants/thumbs/p1ei8m730000h5d_400x400.jpg", "medium_square": "//images.vivino.com/merchants/thumbs/p1ei8m730000h5d_320x320.jpg", "small_square": "//images.vivino.com/merchants/thumbs/p1ei8m730000h5d_160x160.jpg"}}, "shipping_estimate": "Lieferung voraussichtlich zwischen Di, 21.\u00a0Dez und Do, 23.\u00a0Dez", "impressum_url": "https://www.vineshop24.de/info/impressum.html", "tos_url": "https://www.vineshop24.de/info/allgemeine-geschaeftsbedingungen.html", "vc_clearing_system": 0, "hidden": false}, "prices": [{"id": 23338445, "vintage_id": 165523101, "amount": 10.950000000000001, "type": "vc", "currency": {"code": "EUR", "name": "Euros", "prefix": "\u20ac", "suffix": null}, "bottle_type_id": 1, "inventory_bottles_count": 1186, "bottles_sold_count": 54, "url": "https://www.vineshop24.de/weine-aus-aller-welt/suedafrika/tokara-sauvignon-blanc.html?utm_medium=pref-cpc&utm_source=vivino-ppc", "message": "Preis f\u00fcr 6 oder mehr Flaschen. (Preis \u20ac11.50 einzelne Flasche)", "producer_address": "", "importer_address": "Vineshop24 GmbH & Co. KG, Dieselstra\u00dfe 4, 26899 Rhede", "discounted_from": null, "bottle_type": {"id": 1, "name": "Flasche (0,75\u00a0l)", "short_name": "Flasche", "short_name_plural": "Flaschen", "volume_ml": 750}}]}, {"merchant": {"id": 1559, "name": "Wein-Deko.de", "seo_name": "wein-deko-de", "legal_name": null, "description": "Mobile-friendly checkout. No minimum order.", "country": {"code": "de", "name": "Deutschland", "native_name": "Deutschland", "seo_name": "germany", "currency": {"code": "EUR", "name": "Euros", "prefix": "\u20ac", "suffix": null}, "regions_count": 210, "users_count": 2117308, "wines_count": 197796, "wineries_count": 13493, "most_used_grapes": [{"id": 15, "name": "Riesling", "seo_name": "riesling", "has_detailed_info": true, "wines_count": 259925}, {"id": 299, "name": "Sp\u00e4tburgunder", "seo_name": "spatburgunder", "has_detailed_info": false, "wines_count": 49659}, {"id": 355, "name": "Weissburgunder", "seo_name": "weissburgunder", "has_detailed_info": false, "wines_count": 33123}]}, "state": null, "status": 0, "image": null, "shipping_estimate": "Lieferung bis Mi, 22.\u00a0Dez", "impressum_url": null, "tos_url": null, "vc_clearing_system": 0, "hidden": false}, "prices": [{"id": 24765556, "vintage_id": 165523101, "amount": 10.95, "type": "ppc", "currency": {"code": "EUR", "name": "Euros", "prefix": "\u20ac", "suffix": null}, "bottle_type_id": 1, "inventory_bottles_count": null, "url": "https://www.wein-deko.de/tokara-sauvignon-blanc-2020?utm_medium=pref-cpc&utm_source=vivino-ppc", "message": "", "producer_address": "", "importer_address": "", "discounted_from": null, "bottle_type": {"id": 1, "name": "Flasche (0,75\u00a0l)", "short_name": "Flasche", "short_name_plural": "Flaschen", "volume_ml": 750}}]}]}, "found_by_merchant_and_sku": null, "is_deal_page": false}