{"tastes": {"structure": {"acidity": 2.137389, "fizziness": null, "intensity": 4.511002, "sweetness": 2.390657, "tannin": 2.7673564, "user_structure_count": 64, "calculated_structure_count": 19}, "flavor": [{"group": "red_fruit", "stats": {"count": 9, "score": 926, "mentions_count": 9}, "primary_keywords": [{"id": 93, "name": "cherry", "count": 5}, {"id": 336, "name": "pomegranate", "count": 2}, {"id": 353, "name": "red currant", "count": 1}, {"id": 354, "name": "red fruit", "count": 1}], "secondary_keywords": [{"id": 38, "name": "black cherry", "count": 2}]}, {"group": "black_fruit", "stats": {"count": 5, "score": 674, "mentions_count": 7}, "primary_keywords": [{"id": 334, "name": "plum", "count": 3}, {"id": 38, "name": "black cherry", "count": 2}, {"id": 52, "name": "blackcurrant", "count": 1}, {"id": 49, "name": "blackberry", "count": 1}]}, {"group": "spices", "stats": {"count": 7, "score": 563, "mentions_count": 6}, "primary_keywords": [{"id": 249, "name": "licorice", "count": 2}, {"id": 375, "name": "sage", "count": 1}, {"id": 449, "name": "white pepper", "count": 1}, {"id": 105, "name": "cinnamon", "count": 1}, {"id": 159, "name": "eucalyptus", "count": 1}], "secondary_keywords": [{"id": 434, "name": "vanilla", "count": 2}]}, {"group": "earth", "stats": {"count": 3, "score": 398, "mentions_count": 5}, "primary_keywords": [{"id": 384, "name": "smoke", "count": 2}, {"id": 242, "name": "leather", "count": 2}, {"id": 192, "name": "graphite", "count": 1}]}, {"group": "oak", "stats": {"count": 6, "score": 495, "mentions_count": 4}, "primary_keywords": [{"id": 434, "name": "vanilla", "count": 2}, {"id": 292, "name": "oak", "count": 2}], "secondary_keywords": [{"id": 384, "name": "smoke", "count": 2}, {"id": 242, "name": "leather", "count": 2}, {"id": 105, "name": "cinnamon", "count": 1}]}, {"group": "microbio", "stats": {"count": 3, "score": 300, "mentions_count": 3}, "primary_keywords": [{"id": 91, "name": "cheese", "count": 2}, {"id": 295, "name": "oil", "count": 1}]}, {"group": "tropical_fruit", "stats": {"count": 1, "score": 100, "mentions_count": 1}, "primary_keywords": [{"id": 237, "name": "kiwi", "count": 1}]}, {"group": "non_oak", "stats": {"count": 5, "score": 44, "mentions_count": 0}, "secondary_keywords": [{"id": 384, "name": "smoke", "count": 2}, {"id": 434, "name": "vanilla", "count": 2}, {"id": 105, "name": "cinnamon", "count": 1}]}]}, "vivino_id": "7138469"}