{"tastes": {"structure": {"acidity": 3.023573, "fizziness": null, "intensity": 3.9517756, "sweetness": 2.4168584, "tannin": null, "user_structure_count": 143, "calculated_structure_count": 73}, "flavor": [{"group": "oak", "stats": {"count": 94, "score": 12708, "mentions_count": 145}, "primary_keywords": [{"id": 70, "name": "Butter", "count": 48}, {"id": 292, "name": "Eiche", "count": 47}, {"id": 434, "name": "Vanille", "count": 37}, {"id": 79, "name": "Karamell", "count": 10}, {"id": 72, "name": "Karamellbonbon", "count": 2}, {"id": 308, "name": "Geb\u00e4ck", "count": 1}], "secondary_keywords": [{"id": 384, "name": "Rauch", "count": 6}, {"id": 6, "name": "Mandel", "count": 4}, {"id": 213, "name": "Haselnuss", "count": 2}, {"id": 186, "name": "Graham Cracker", "count": 1}, {"id": 244, "name": "Zitronencreme", "count": 1}, {"id": 267, "name": "Marzipan", "count": 1}, {"id": 105, "name": "Zimt", "count": 1}, {"id": 62, "name": "Brioche", "count": 1}]}, {"group": "tree_fruit", "stats": {"count": 36, "score": 4800, "mentions_count": 48}, "primary_keywords": [{"id": 9, "name": "Apfel", "count": 16}, {"id": 310, "name": "Pfirsich", "count": 13}, {"id": 271, "name": "Melone", "count": 8}, {"id": 315, "name": "Birne", "count": 4}, {"id": 195, "name": "Gr\u00fcner Apfel", "count": 2}, {"id": 11, "name": "Aprikose", "count": 1}, {"id": 19, "name": "Bratapfel", "count": 1}, {"id": 469, "name": "Steinfrucht", "count": 1}, {"id": 288, "name": "Nektarine", "count": 1}, {"id": 12, "name": "Aprikosenkonfit\u00fcre", "count": 1}]}, {"group": "citrus_fruit", "stats": {"count": 23, "score": 2525, "mentions_count": 25}, "primary_keywords": [{"id": 243, "name": "Zitrone", "count": 10}, {"id": 106, "name": "Zitrone", "count": 10}, {"id": 248, "name": "Zitronenw\u00fcrze", "count": 1}, {"id": 411, "name": "Mandarine", "count": 1}, {"id": 252, "name": "Limette", "count": 1}, {"id": 302, "name": "Orangenmark", "count": 1}, {"id": 298, "name": "Orange", "count": 1}], "secondary_keywords": [{"id": 244, "name": "Zitronencreme", "count": 1}]}, {"group": "earth", "stats": {"count": 22, "score": 1928, "mentions_count": 21}, "primary_keywords": [{"id": 218, "name": "Honig", "count": 8}, {"id": 384, "name": "Rauch", "count": 6}, {"id": 398, "name": "Stein", "count": 3}, {"id": 276, "name": "Mineralien", "count": 1}, {"id": 376, "name": "Saline", "count": 1}, {"id": 226, "name": "Eisen", "count": 1}, {"id": 284, "name": "Champignon", "count": 1}], "secondary_keywords": [{"id": 6, "name": "Mandel", "count": 4}, {"id": 267, "name": "Marzipan", "count": 1}, {"id": 381, "name": "Bohnenkraut", "count": 1}]}, {"group": "microbio", "stats": {"count": 64, "score": 3623, "mentions_count": 19}, "primary_keywords": [{"id": 123, "name": "Creme", "count": 14}, {"id": 295, "name": "\u00d6l", "count": 3}, {"id": 244, "name": "Zitronencreme", "count": 1}, {"id": 23, "name": "Banane", "count": 1}], "secondary_keywords": [{"id": 70, "name": "Butter", "count": 48}, {"id": 6, "name": "Mandel", "count": 4}, {"id": 417, "name": "Toast", "count": 4}, {"id": 284, "name": "Champignon", "count": 1}]}, {"group": "non_oak", "stats": {"count": 52, "score": 1595, "mentions_count": 16}, "primary_keywords": [{"id": 6, "name": "Mandel", "count": 4}, {"id": 417, "name": "Toast", "count": 4}, {"id": 291, "name": "Nussig", "count": 3}, {"id": 213, "name": "Haselnuss", "count": 2}, {"id": 186, "name": "Graham Cracker", "count": 1}, {"id": 267, "name": "Marzipan", "count": 1}, {"id": 62, "name": "Brioche", "count": 1}], "secondary_keywords": [{"id": 434, "name": "Vanille", "count": 37}, {"id": 79, "name": "Karamell", "count": 10}, {"id": 384, "name": "Rauch", "count": 6}, {"id": 105, "name": "Zimt", "count": 1}]}, {"group": "tropical_fruit", "stats": {"count": 14, "score": 1433, "mentions_count": 14}, "primary_keywords": [{"id": 329, "name": "Ananas", "count": 7}, {"id": 428, "name": "Tropisch", "count": 4}, {"id": 306, "name": "Passionsfrucht", "count": 1}, {"id": 261, "name": "Mango", "count": 1}, {"id": 256, "name": "Litschi", "count": 1}], "secondary_keywords": [{"id": 23, "name": "Banane", "count": 1}]}, {"group": "vegetal", "stats": {"count": 10, "score": 565, "mentions_count": 5}, "primary_keywords": [{"id": 399, "name": "Stroh", "count": 3}, {"id": 16, "name": "Spargel", "count": 1}, {"id": 89, "name": "Mangold", "count": 1}], "secondary_keywords": [{"id": 6, "name": "Mandel", "count": 4}, {"id": 381, "name": "Bohnenkraut", "count": 1}]}, {"group": "spices", "stats": {"count": 38, "score": 498, "mentions_count": 4}, "primary_keywords": [{"id": 161, "name": "Fenchel", "count": 1}, {"id": 105, "name": "Zimt", "count": 1}, {"id": 320, "name": "Pfeffer", "count": 1}, {"id": 381, "name": "Bohnenkraut", "count": 1}], "secondary_keywords": [{"id": 434, "name": "Vanille", "count": 37}]}, {"group": "dried_fruit", "stats": {"count": 3, "score": 216, "mentions_count": 2}, "primary_keywords": [{"id": 140, "name": "Getrocknete Aprikose", "count": 2}], "secondary_keywords": [{"id": 229, "name": "Konfit\u00fcre", "count": 1}]}, {"group": "floral", "stats": {"count": 2, "score": 125, "mentions_count": 1}, "primary_keywords": [{"id": 2, "name": "Akazie", "count": 1}], "secondary_keywords": [{"id": 381, "name": "Bohnenkraut", "count": 1}]}, {"group": "red_fruit", "stats": {"count": 2, "score": 116, "mentions_count": 1}, "primary_keywords": [{"id": 400, "name": "Erdbeere", "count": 1}], "secondary_keywords": [{"id": 229, "name": "Konfit\u00fcre", "count": 1}]}, {"group": "black_fruit", "stats": {"count": 1, "score": 68, "mentions_count": 1}, "primary_keywords": [{"id": 229, "name": "Konfit\u00fcre", "count": 1}]}]}, "vivino_id": "2105555"}