{"vintage": {"id": 2124029, "seo_name": "union-de-producteurs-plaimont-le-tapie-cotes-de-gascogne-rouge-uv", "name": "Plaimont Le Tapie C\u00f4tes de Gascogne Rouge", "statistics": {"status": "Normal", "ratings_count": 965, "ratings_average": 3.7, "labels_count": 532, "reviews_count": 35}, "organic_certification_id": null, "certified_biodynamic": null, "image": {"location": "//images.vivino.com/labels/00xuqe9msaqu2.jpg", "variations": {"large": "//images.vivino.com/thumbs/00xuqe9msaqu2_375x500.jpg", "medium": "//images.vivino.com/thumbs/00xuqe9msaqu2_150x200.jpg", "medium_square": "//images.vivino.com/thumbs/00xuqe9msaqu2_150x150.jpg", "small_square": "//images.vivino.com/thumbs/00xuqe9msaqu2_80x80.jpg"}}, "wine": {"id": 1135608, "name": "Le Tapie C\u00f4tes de Gascogne Rouge", "seo_name": "le-tapie-cotes-de-gascogne-rouge", "type_id": 1, "vintage_type": 0, "is_natural": false, "region": {"id": 3078, "name": "C\u00f4tes de Gascogne", "name_en": "", "seo_name": "cotes-de-gascogne", "country": {"code": "fr", "name": "France", "native_name": "France", "seo_name": "france", "currency": {"code": "EUR", "name": "Euros", "prefix": "\u20ac", "suffix": null}, "regions_count": 1292, "users_count": 5068363, "wines_count": 542471, "wineries_count": 67002, "most_used_grapes": [{"id": 14, "name": "Pinot Noir", "seo_name": "pinot-noir", "has_detailed_info": true, "wines_count": 572334}, {"id": 10, "name": "Merlot", "seo_name": "merlot", "has_detailed_info": true, "wines_count": 566719}, {"id": 5, "name": "Chardonnay", "seo_name": "chardonnay", "has_detailed_info": true, "wines_count": 604208}]}, "parent_id": 3123, "background_image": null, "class": {"typecast_map": {"background_image": {}, "class": {}}}, "statistics": {"wineries_count": 224, "wines_count": 2534, "sub_regions_count": 0, "parent_regions_count": 2}}, "review_status": 2, "winery": {"id": 6727, "name": "Plaimont", "seo_name": "union-de-producteurs-plaimont", "status": 0, "review_status": "Completed", "background_image": null, "statistics": {"ratings_count": 84287, "ratings_average": 3.7, "labels_count": 907501, "wines_count": 415}, "region": {"id": 477, "name": "South West France", "name_en": "Sud-Ouest", "seo_name": "southwest", "country": {"code": "fr", "name": "France", "native_name": "France", "seo_name": "france", "currency": {"code": "EUR", "name": "Euros", "prefix": "\u20ac", "suffix": null}, "regions_count": 1292, "users_count": 5068363, "wines_count": 542471, "wineries_count": 67002, "most_used_grapes": [{"id": 14, "name": "Pinot Noir", "seo_name": "pinot-noir", "has_detailed_info": true, "wines_count": 572334}, {"id": 10, "name": "Merlot", "seo_name": "merlot", "has_detailed_info": true, "wines_count": 566719}, {"id": 5, "name": "Chardonnay", "seo_name": "chardonnay", "has_detailed_info": true, "wines_count": 604208}]}, "parent_id": null, "background_image": {"location": "//images.vivino.com/regions/backgrounds/ZzFi3zlBRYCHMnMLCCqbqA.jpg", "variations": {"large": "//thumbs.vivino.com/region_backgrounds/ZzFi3zlBRYCHMnMLCCqbqA_1280x760.jpg", "medium": "//thumbs.vivino.com/region_backgrounds/ZzFi3zlBRYCHMnMLCCqbqA_600x356.jpg"}}, "statistics": {"wineries_count": 1693, "wines_count": 3322, "sub_regions_count": 10, "parent_regions_count": 0}}, "business_name": "Plaimont Producteurs", "description": "", "specialists_notes": "", "phone": "+33(0)5 62 69 62 87", "email": "", "facebook": "https://www.facebook.com/plaimont", "instagram": "", "is_claimed": false, "twitter": "@plaimont", "website": "http://www.plaimont.com/", "winemaker": null, "wine_maker": null, "address": {"title": null, "name": null, "street": "Route D'hortez", "street2": null, "neighborhood": null, "city": "Saint-Mont", "zip": "32400", "state": null, "country": {"code": "fr", "name": "France", "native_name": "France", "seo_name": "france", "currency": {"code": "EUR", "name": "Euros", "prefix": "\u20ac", "suffix": null}, "regions_count": 1292, "users_count": 5068363, "wines_count": 542471, "wineries_count": 67002, "most_used_grapes": [{"id": 14, "name": "Pinot Noir", "seo_name": "pinot-noir", "has_detailed_info": true, "wines_count": 572334}, {"id": 10, "name": "Merlot", "seo_name": "merlot", "has_detailed_info": true, "wines_count": 566719}, {"id": 5, "name": "Chardonnay", "seo_name": "chardonnay", "has_detailed_info": true, "wines_count": 604208}]}, "company": null, "phone": null, "external_id": null, "residential": null, "vat_number": null, "vat_code": null, "addition": null}, "image": null, "location": {"latitude": 43.56794, "longitude": -0.818351}, "winery_group": null, "first_wines": [], "sponsored_entity_type": null, "sponsored_entity": null}, "statistics": {"status": "Normal", "ratings_count": 965, "ratings_average": 3.7, "labels_count": 6825, "vintages_count": 26}, "rank": {"country": {"description": "Rank within France", "total": 317721, "rank": 31752}, "region": {"description": "Rank within Wine Region", "total": 14163, "rank": 858}, "winery": {"description": "Rank within Winery", "total": 386, "rank": 52}, "wine_type": {"description": "Rank within all Red Wine", "total": 659133, "rank": 71181}, "global": {"description": "Global Rank", "total": 1302069, "rank": 116832}}, "hidden": false, "vintages": [{"id": 167497319, "seo_name": "union-de-producteurs-plaimont-le-tapie-cotes-de-gascogne-rouge-2020", "name": "Plaimont Le Tapie C\u00f4tes de Gascogne Rouge 2020", "statistics": {"status": "Normal", "ratings_count": 19, "ratings_average": 4.3, "labels_count": 114, "reviews_count": 9}, "year": 2020, "grapes": null, "has_valid_ratings": true}, {"id": 162222000, "seo_name": "union-de-producteurs-plaimont-le-tapie-cotes-de-gascogne-rouge-2019", "name": "Plaimont Le Tapie C\u00f4tes de Gascogne Rouge 2019", "statistics": {"status": "Normal", "ratings_count": 69, "ratings_average": 3.5, "labels_count": 421, "reviews_count": 33}, "year": 2019, "grapes": null, "has_valid_ratings": true}, {"id": 159910629, "seo_name": "union-de-producteurs-plaimont-le-tapie-cotes-de-gascogne-rouge-2018", "name": "Plaimont Le Tapie C\u00f4tes de Gascogne Rouge 2018", "statistics": {"status": "Normal", "ratings_count": 51, "ratings_average": 3.7, "labels_count": 327, "reviews_count": 21}, "year": 2018, "grapes": null, "has_valid_ratings": true}, {"id": 152891962, "seo_name": "union-de-producteurs-plaimont-le-tapie-cotes-de-gascogne-rouge-2017", "name": "Plaimont Le Tapie C\u00f4tes de Gascogne Rouge 2017", "statistics": {"status": "Normal", "ratings_count": 44, "ratings_average": 3.6, "labels_count": 198, "reviews_count": 25}, "year": 2017, "grapes": null, "has_valid_ratings": true}, {"id": 142632612, "seo_name": "union-de-producteurs-plaimont-le-tapie-cotes-de-gascogne-rouge-2016", "name": "Plaimont Le Tapie C\u00f4tes de Gascogne Rouge 2016", "statistics": {"status": "Normal", "ratings_count": 104, "ratings_average": 3.6, "labels_count": 809, "reviews_count": 40}, "year": 2016, "grapes": null, "has_valid_ratings": true}, {"id": 18756426, "seo_name": "union-de-producteurs-plaimont-le-tapie-cotes-de-gascogne-rouge-2015", "name": "Plaimont Le Tapie C\u00f4tes de Gascogne Rouge 2015", "statistics": {"status": "Normal", "ratings_count": 109, "ratings_average": 3.6, "labels_count": 1483, "reviews_count": 43}, "year": 2015, "grapes": null, "has_valid_ratings": true}, {"id": 11877420, "seo_name": "union-de-producteurs-plaimont-le-tapie-cotes-de-gascogne-rouge-2014", "name": "Plaimont Le Tapie C\u00f4tes de Gascogne Rouge 2014", "statistics": {"status": "Normal", "ratings_count": 205, "ratings_average": 3.8, "labels_count": 1272, "reviews_count": 84}, "year": 2014, "grapes": null, "has_valid_ratings": true}, {"id": 3749760, "seo_name": "union-de-producteurs-plaimont-le-tapie-cotes-de-gascogne-rouge-2013", "name": "Plaimont Le Tapie C\u00f4tes de Gascogne Rouge 2013", "statistics": {"status": "Normal", "ratings_count": 121, "ratings_average": 3.5, "labels_count": 724, "reviews_count": 47}, "year": 2013, "grapes": null, "has_valid_ratings": true}, {"id": 3063837, "seo_name": "union-de-producteurs-plaimont-le-tapie-cotes-de-gascogne-rouge-2012", "name": "Plaimont Le Tapie C\u00f4tes de Gascogne Rouge 2012", "statistics": {"status": "Normal", "ratings_count": 97, "ratings_average": 3.9, "labels_count": 576, "reviews_count": 34}, "year": 2012, "grapes": null, "has_valid_ratings": true}, {"id": 1483464, "seo_name": "union-de-producteurs-plaimont-le-tapie-cotes-de-gascogne-rouge-2011", "name": "Plaimont Le Tapie C\u00f4tes de Gascogne Rouge 2011", "statistics": {"status": "Normal", "ratings_count": 28, "ratings_average": 3, "labels_count": 137, "reviews_count": 10}, "year": 2011, "grapes": null, "has_valid_ratings": true}, {"id": 1591338, "seo_name": "union-de-producteurs-plaimont-le-tapie-cotes-de-gascogne-rouge-2010", "name": "Plaimont Le Tapie C\u00f4tes de Gascogne Rouge 2010", "statistics": {"status": "BelowThreshold", "ratings_count": 7, "ratings_average": 0, "labels_count": 63, "reviews_count": 3}, "year": 2010, "grapes": null, "has_valid_ratings": false}, {"id": 1161227, "seo_name": "union-de-producteurs-plaimont-le-tapie-cotes-de-gascogne-rouge-2009", "name": "Plaimont Le Tapie C\u00f4tes de Gascogne Rouge 2009", "statistics": {"status": "BelowThreshold", "ratings_count": 5, "ratings_average": 0, "labels_count": 64, "reviews_count": 3}, "year": 2009, "grapes": null, "has_valid_ratings": false}, {"id": 1161226, "seo_name": "union-de-producteurs-plaimont-le-tapie-cotes-de-gascogne-rouge-2008", "name": "Plaimont Le Tapie C\u00f4tes de Gascogne Rouge 2008", "statistics": {"status": "BelowThreshold", "ratings_count": 4, "ratings_average": 0, "labels_count": 31, "reviews_count": 0}, "year": 2008, "grapes": null, "has_valid_ratings": false}, {"id": 10543879, "seo_name": "union-de-producteurs-plaimont-le-tapie-cotes-de-gascogne-rouge-2005", "name": "Plaimont Le Tapie C\u00f4tes de Gascogne Rouge 2005", "statistics": {"status": "BelowThreshold", "ratings_count": 3, "ratings_average": 0, "labels_count": 9, "reviews_count": 0}, "year": 2005, "grapes": null, "has_valid_ratings": false}, {"id": 10528851, "seo_name": "union-de-producteurs-plaimont-le-tapie-cotes-de-gascogne-rouge-2003", "name": "Plaimont Le Tapie C\u00f4tes de Gascogne Rouge 2003", "statistics": {"status": "BelowThreshold", "ratings_count": 2, "ratings_average": 0, "labels_count": 9, "reviews_count": 2}, "year": 2003, "grapes": null, "has_valid_ratings": false}, {"id": 2124029, "seo_name": "union-de-producteurs-plaimont-le-tapie-cotes-de-gascogne-rouge-uv", "name": "Plaimont Le Tapie C\u00f4tes de Gascogne Rouge", "statistics": {"status": "Normal", "ratings_count": 965, "ratings_average": 3.7, "labels_count": 532, "reviews_count": 35}, "year": 0, "grapes": null, "has_valid_ratings": true}], "description": "It has intense fruit flavors such as blueberry and berry compote accompanied by chocolate, tobacco and vanilla. Convincing is also the impression on the palate: full-bodied, spicy, savory and harmonious. A hearty everyday wine with a good price-performance ratio.", "grapes": [{"id": 48, "name": "Tannat", "seo_name": "tannat", "has_detailed_info": false, "wines_count": 30107}, {"id": 2, "name": "Cabernet Sauvignon", "seo_name": "cabernet-sauvignon", "has_detailed_info": true, "wines_count": 801751}, {"id": 10, "name": "Merlot", "seo_name": "merlot", "has_detailed_info": true, "wines_count": 566719}], "foods": [{"id": 4, "name": "Beef", "background_image": {"location": "//images.vivino.com/backgrounds/foods/4_beef.png", "variations": {"small": "//images.vivino.com/backgrounds/foods/thumbs/4_beef_932x810.png"}}, "seo_name": "beef"}, {"id": 8, "name": "Lamb", "background_image": {"location": "//images.vivino.com/backgrounds/foods/8_lamb.png", "variations": {"small": "//images.vivino.com/backgrounds/foods/thumbs/8_lamb_932x810.png"}}, "seo_name": "lamb"}, {"id": 11, "name": "Game (deer, venison)", "background_image": {"location": "//images.vivino.com/backgrounds/foods/11_venison.png", "variations": {"small": "//images.vivino.com/backgrounds/foods/thumbs/11_venison_932x810.png"}}, "seo_name": "game"}, {"id": 15, "name": "Spicy food", "background_image": {"location": "//images.vivino.com/backgrounds/foods/15_spicyfood.png", "variations": {"small": "//images.vivino.com/backgrounds/foods/thumbs/15_spicyfood_932x810.png"}}, "seo_name": "spicy-food"}, {"id": 20, "name": "Poultry", "background_image": {"location": "//images.vivino.com/backgrounds/foods/20_chicken.png", "variations": {"small": "//images.vivino.com/backgrounds/foods/thumbs/20_chicken_932x810.png"}}, "seo_name": "poultry"}], "non_vintage": false, "alcohol": 12, "sweetness_id": null, "closure": null, "vintage_mask_raw": null, "updated_at": "2018-03-19T15:16:37Z", "created_at": "2010-10-23T11:18:54Z", "is_first_wine": false, "style": null, "has_valid_ratings": true}, "description": "", "wine_critic_reviews": [], "awards": [], "ratings_distribution": {"1": 27, "2": 74, "3": 352, "4": 396, "5": 116}, "ranking": {"country": {"description": "Rank within France", "total": 2497606, "rank": 348142}, "region": {"description": "Rank within Wine Region", "total": 106696, "rank": 9719}, "winery": {"description": "Rank within Winery", "total": 3634, "rank": 439}, "global": {"description": "Global Rank", "total": 8944679, "rank": 1259569}}, "wine_facts": {}, "winemaker": null, "wine_maker": null, "grape_composition": {}, "year": "", "grapes": null, "has_valid_ratings": true}, "carts": null, "full_region": null, "tastes": null, "wine": {"id": 1135608, "name": "Le Tapie C\u00f4tes de Gascogne Rouge", "seo_name": "le-tapie-cotes-de-gascogne-rouge", "type_id": 1, "vintage_type": 0, "is_natural": false, "region": {"id": 3078, "name": "C\u00f4tes de Gascogne", "name_en": "", "seo_name": "cotes-de-gascogne", "country": {"code": "fr", "name": "France", "native_name": "France", "seo_name": "france", "currency": {"code": "EUR", "name": "Euros", "prefix": "\u20ac", "suffix": null}, "regions_count": 1292, "users_count": 5068363, "wines_count": 542471, "wineries_count": 67002, "most_used_grapes": [{"id": 14, "name": "Pinot Noir", "seo_name": "pinot-noir", "has_detailed_info": true, "wines_count": 572334}, {"id": 10, "name": "Merlot", "seo_name": "merlot", "has_detailed_info": true, "wines_count": 566719}, {"id": 5, "name": "Chardonnay", "seo_name": "chardonnay", "has_detailed_info": true, "wines_count": 604208}]}, "parent_id": 3123, "background_image": null, "class": {"typecast_map": {"background_image": {}, "class": {}}}, "statistics": {"wineries_count": 224, "wines_count": 2534, "sub_regions_count": 0, "parent_regions_count": 2}}, "review_status": 2, "winery": {"id": 6727, "name": "Plaimont", "seo_name": "union-de-producteurs-plaimont", "status": 0, "review_status": "Completed", "background_image": null, "statistics": {"ratings_count": 84287, "ratings_average": 3.7, "labels_count": 907501, "wines_count": 415}, "region": {"id": 477, "name": "South West France", "name_en": "Sud-Ouest", "seo_name": "southwest", "country": {"code": "fr", "name": "France", "native_name": "France", "seo_name": "france", "currency": {"code": "EUR", "name": "Euros", "prefix": "\u20ac", "suffix": null}, "regions_count": 1292, "users_count": 5068363, "wines_count": 542471, "wineries_count": 67002, "most_used_grapes": [{"id": 14, "name": "Pinot Noir", "seo_name": "pinot-noir", "has_detailed_info": true, "wines_count": 572334}, {"id": 10, "name": "Merlot", "seo_name": "merlot", "has_detailed_info": true, "wines_count": 566719}, {"id": 5, "name": "Chardonnay", "seo_name": "chardonnay", "has_detailed_info": true, "wines_count": 604208}]}, "parent_id": null, "background_image": {"location": "//images.vivino.com/regions/backgrounds/ZzFi3zlBRYCHMnMLCCqbqA.jpg", "variations": {"large": "//thumbs.vivino.com/region_backgrounds/ZzFi3zlBRYCHMnMLCCqbqA_1280x760.jpg", "medium": "//thumbs.vivino.com/region_backgrounds/ZzFi3zlBRYCHMnMLCCqbqA_600x356.jpg"}}, "statistics": {"wineries_count": 1693, "wines_count": 3322, "sub_regions_count": 10, "parent_regions_count": 0}}}, "image": {"location": "//images.vivino.com/labels/00xuqe9msaqu2.jpg", "variations": {"large": "//images.vivino.com/thumbs/00xuqe9msaqu2_375x500.jpg", "medium": "//images.vivino.com/thumbs/00xuqe9msaqu2_150x200.jpg", "medium_square": "//images.vivino.com/thumbs/00xuqe9msaqu2_150x150.jpg", "small_square": "//images.vivino.com/thumbs/00xuqe9msaqu2_80x80.jpg"}}, "statistics": {"status": "Normal", "ratings_count": 965, "ratings_average": 3.7, "labels_count": 6825, "vintages_count": 26}, "rank": null, "hidden": false, "vintages": [{"id": 167497319, "seo_name": "union-de-producteurs-plaimont-le-tapie-cotes-de-gascogne-rouge-2020", "name": "Plaimont Le Tapie C\u00f4tes de Gascogne Rouge 2020", "statistics": {"status": "Normal", "ratings_count": 19, "ratings_average": 4.3, "labels_count": 114, "reviews_count": 9}, "year": 2020, "grapes": null, "has_valid_ratings": true}, {"id": 162222000, "seo_name": "union-de-producteurs-plaimont-le-tapie-cotes-de-gascogne-rouge-2019", "name": "Plaimont Le Tapie C\u00f4tes de Gascogne Rouge 2019", "statistics": {"status": "Normal", "ratings_count": 69, "ratings_average": 3.5, "labels_count": 421, "reviews_count": 33}, "year": 2019, "grapes": null, "has_valid_ratings": true}, {"id": 159910629, "seo_name": "union-de-producteurs-plaimont-le-tapie-cotes-de-gascogne-rouge-2018", "name": "Plaimont Le Tapie C\u00f4tes de Gascogne Rouge 2018", "statistics": {"status": "Normal", "ratings_count": 51, "ratings_average": 3.7, "labels_count": 327, "reviews_count": 21}, "year": 2018, "grapes": null, "has_valid_ratings": true}, {"id": 152891962, "seo_name": "union-de-producteurs-plaimont-le-tapie-cotes-de-gascogne-rouge-2017", "name": "Plaimont Le Tapie C\u00f4tes de Gascogne Rouge 2017", "statistics": {"status": "Normal", "ratings_count": 44, "ratings_average": 3.6, "labels_count": 198, "reviews_count": 25}, "year": 2017, "grapes": null, "has_valid_ratings": true}, {"id": 142632612, "seo_name": "union-de-producteurs-plaimont-le-tapie-cotes-de-gascogne-rouge-2016", "name": "Plaimont Le Tapie C\u00f4tes de Gascogne Rouge 2016", "statistics": {"status": "Normal", "ratings_count": 104, "ratings_average": 3.6, "labels_count": 809, "reviews_count": 40}, "year": 2016, "grapes": null, "has_valid_ratings": true}, {"id": 18756426, "seo_name": "union-de-producteurs-plaimont-le-tapie-cotes-de-gascogne-rouge-2015", "name": "Plaimont Le Tapie C\u00f4tes de Gascogne Rouge 2015", "statistics": {"status": "Normal", "ratings_count": 109, "ratings_average": 3.6, "labels_count": 1483, "reviews_count": 43}, "year": 2015, "grapes": null, "has_valid_ratings": true}, {"id": 11877420, "seo_name": "union-de-producteurs-plaimont-le-tapie-cotes-de-gascogne-rouge-2014", "name": "Plaimont Le Tapie C\u00f4tes de Gascogne Rouge 2014", "statistics": {"status": "Normal", "ratings_count": 205, "ratings_average": 3.8, "labels_count": 1272, "reviews_count": 84}, "year": 2014, "grapes": null, "has_valid_ratings": true}, {"id": 3749760, "seo_name": "union-de-producteurs-plaimont-le-tapie-cotes-de-gascogne-rouge-2013", "name": "Plaimont Le Tapie C\u00f4tes de Gascogne Rouge 2013", "statistics": {"status": "Normal", "ratings_count": 121, "ratings_average": 3.5, "labels_count": 724, "reviews_count": 47}, "year": 2013, "grapes": null, "has_valid_ratings": true}, {"id": 3063837, "seo_name": "union-de-producteurs-plaimont-le-tapie-cotes-de-gascogne-rouge-2012", "name": "Plaimont Le Tapie C\u00f4tes de Gascogne Rouge 2012", "statistics": {"status": "Normal", "ratings_count": 97, "ratings_average": 3.9, "labels_count": 576, "reviews_count": 34}, "year": 2012, "grapes": null, "has_valid_ratings": true}, {"id": 1483464, "seo_name": "union-de-producteurs-plaimont-le-tapie-cotes-de-gascogne-rouge-2011", "name": "Plaimont Le Tapie C\u00f4tes de Gascogne Rouge 2011", "statistics": {"status": "Normal", "ratings_count": 28, "ratings_average": 3, "labels_count": 137, "reviews_count": 10}, "year": 2011, "grapes": null, "has_valid_ratings": true}, {"id": 1591338, "seo_name": "union-de-producteurs-plaimont-le-tapie-cotes-de-gascogne-rouge-2010", "name": "Plaimont Le Tapie C\u00f4tes de Gascogne Rouge 2010", "statistics": {"status": "BelowThreshold", "ratings_count": 7, "ratings_average": 0, "labels_count": 63, "reviews_count": 3}, "year": 2010, "grapes": null, "has_valid_ratings": false}, {"id": 1161227, "seo_name": "union-de-producteurs-plaimont-le-tapie-cotes-de-gascogne-rouge-2009", "name": "Plaimont Le Tapie C\u00f4tes de Gascogne Rouge 2009", "statistics": {"status": "BelowThreshold", "ratings_count": 5, "ratings_average": 0, "labels_count": 64, "reviews_count": 3}, "year": 2009, "grapes": null, "has_valid_ratings": false}, {"id": 1161226, "seo_name": "union-de-producteurs-plaimont-le-tapie-cotes-de-gascogne-rouge-2008", "name": "Plaimont Le Tapie C\u00f4tes de Gascogne Rouge 2008", "statistics": {"status": "BelowThreshold", "ratings_count": 4, "ratings_average": 0, "labels_count": 31, "reviews_count": 0}, "year": 2008, "grapes": null, "has_valid_ratings": false}, {"id": 3601995, "seo_name": "union-de-producteurs-plaimont-le-tapie-cotes-de-gascogne-rouge-2007", "name": "Plaimont Le Tapie C\u00f4tes de Gascogne Rouge 2007", "statistics": {"status": "BelowThreshold", "ratings_count": 0, "ratings_average": 0, "labels_count": 14, "reviews_count": 0}, "year": 2007, "grapes": null, "has_valid_ratings": false}, {"id": 16027431, "seo_name": "union-de-producteurs-plaimont-le-tapie-cotes-de-gascogne-rouge-2006", "name": "Plaimont Le Tapie C\u00f4tes de Gascogne Rouge 2006", "statistics": {"status": "BelowThreshold", "ratings_count": 0, "ratings_average": 0, "labels_count": 12, "reviews_count": 0}, "year": 2006, "grapes": null, "has_valid_ratings": false}, {"id": 10543879, "seo_name": "union-de-producteurs-plaimont-le-tapie-cotes-de-gascogne-rouge-2005", "name": "Plaimont Le Tapie C\u00f4tes de Gascogne Rouge 2005", "statistics": {"status": "BelowThreshold", "ratings_count": 3, "ratings_average": 0, "labels_count": 9, "reviews_count": 0}, "year": 2005, "grapes": null, "has_valid_ratings": false}, {"id": 159855109, "seo_name": "union-de-producteurs-plaimont-le-tapie-cotes-de-gascogne-rouge-2004", "name": "Plaimont Le Tapie C\u00f4tes de Gascogne Rouge 2004", "statistics": {"status": "BelowThreshold", "ratings_count": 0, "ratings_average": 0, "labels_count": 6, "reviews_count": 0}, "year": 2004, "grapes": null, "has_valid_ratings": false}, {"id": 10528851, "seo_name": "union-de-producteurs-plaimont-le-tapie-cotes-de-gascogne-rouge-2003", "name": "Plaimont Le Tapie C\u00f4tes de Gascogne Rouge 2003", "statistics": {"status": "BelowThreshold", "ratings_count": 2, "ratings_average": 0, "labels_count": 9, "reviews_count": 2}, "year": 2003, "grapes": null, "has_valid_ratings": false}, {"id": 155669213, "seo_name": "union-de-producteurs-plaimont-le-tapie-cotes-de-gascogne-rouge-2002", "name": "Plaimont Le Tapie C\u00f4tes de Gascogne Rouge 2002", "statistics": {"status": "BelowThreshold", "ratings_count": 0, "ratings_average": 0, "labels_count": 4, "reviews_count": 0}, "year": 2002, "grapes": null, "has_valid_ratings": false}, {"id": 2738766, "seo_name": "union-de-producteurs-plaimont-le-tapie-cotes-de-gascogne-rouge-2001", "name": "Plaimont Le Tapie C\u00f4tes de Gascogne Rouge 2001", "statistics": {"status": "BelowThreshold", "ratings_count": 0, "ratings_average": 0, "labels_count": 6, "reviews_count": 0}, "year": 2001, "grapes": null, "has_valid_ratings": false}, {"id": 157613233, "seo_name": "union-de-producteurs-plaimont-le-tapie-cotes-de-gascogne-rouge-2000", "name": "Plaimont Le Tapie C\u00f4tes de Gascogne Rouge 2000", "statistics": {"status": "BelowThreshold", "ratings_count": 0, "ratings_average": 0, "labels_count": 3, "reviews_count": 0}, "year": 2000, "grapes": null, "has_valid_ratings": false}, {"id": 165905460, "seo_name": "union-de-producteurs-plaimont-le-tapie-cotes-de-gascogne-rouge-1996", "name": "Plaimont Le Tapie C\u00f4tes de Gascogne Rouge 1996", "statistics": {"status": "BelowThreshold", "ratings_count": 0, "ratings_average": 0, "labels_count": 1, "reviews_count": 0}, "year": 1996, "grapes": null, "has_valid_ratings": false}, {"id": 156625894, "seo_name": "union-de-producteurs-plaimont-le-tapie-cotes-de-gascogne-rouge-1994", "name": "Plaimont Le Tapie C\u00f4tes de Gascogne Rouge 1994", "statistics": {"status": "BelowThreshold", "ratings_count": 0, "ratings_average": 0, "labels_count": 3, "reviews_count": 0}, "year": 1994, "grapes": null, "has_valid_ratings": false}, {"id": 10199329, "seo_name": "union-de-producteurs-plaimont-le-tapie-cotes-de-gascogne-rouge-1990", "name": "Plaimont Le Tapie C\u00f4tes de Gascogne Rouge 1990", "statistics": {"status": "BelowThreshold", "ratings_count": 0, "ratings_average": 0, "labels_count": 2, "reviews_count": 0}, "year": 1990, "grapes": null, "has_valid_ratings": false}, {"id": 6053384, "seo_name": "union-de-producteurs-plaimont-le-tapie-cotes-de-gascogne-rouge-1790", "name": "Plaimont Le Tapie C\u00f4tes de Gascogne Rouge 1790", "statistics": {"status": "BelowThreshold", "ratings_count": 0, "ratings_average": 0, "labels_count": 0, "reviews_count": 0}, "year": 1790, "grapes": null, "has_valid_ratings": false}, {"id": 2124029, "seo_name": "union-de-producteurs-plaimont-le-tapie-cotes-de-gascogne-rouge-uv", "name": "Plaimont Le Tapie C\u00f4tes de Gascogne Rouge", "statistics": {"status": "Normal", "ratings_count": 965, "ratings_average": 3.7, "labels_count": 532, "reviews_count": 35}, "year": 0, "grapes": null, "has_valid_ratings": true}], "description": "It has intense fruit flavors such as blueberry and berry compote accompanied by chocolate, tobacco and vanilla. Convincing is also the impression on the palate: full-bodied, spicy, savory and harmonious. A hearty everyday wine with a good price-performance ratio.", "grapes": [{"id": 48, "name": "Tannat", "seo_name": "tannat", "has_detailed_info": false, "wines_count": 30107}, {"id": 2, "name": "Cabernet Sauvignon", "seo_name": "cabernet-sauvignon", "has_detailed_info": true, "wines_count": 801751}, {"id": 10, "name": "Merlot", "seo_name": "merlot", "has_detailed_info": true, "wines_count": 566719}], "foods": [{"id": 4, "name": "Beef", "background_image": {"location": "//images.vivino.com/backgrounds/foods/4_beef.png", "variations": {"small": "//images.vivino.com/backgrounds/foods/thumbs/4_beef_932x810.png"}}, "seo_name": "beef"}, {"id": 8, "name": "Lamb", "background_image": {"location": "//images.vivino.com/backgrounds/foods/8_lamb.png", "variations": {"small": "//images.vivino.com/backgrounds/foods/thumbs/8_lamb_932x810.png"}}, "seo_name": "lamb"}, {"id": 11, "name": "Game (deer, venison)", "background_image": {"location": "//images.vivino.com/backgrounds/foods/11_venison.png", "variations": {"small": "//images.vivino.com/backgrounds/foods/thumbs/11_venison_932x810.png"}}, "seo_name": "game"}, {"id": 15, "name": "Spicy food", "background_image": {"location": "//images.vivino.com/backgrounds/foods/15_spicyfood.png", "variations": {"small": "//images.vivino.com/backgrounds/foods/thumbs/15_spicyfood_932x810.png"}}, "seo_name": "spicy-food"}, {"id": 20, "name": "Poultry", "background_image": {"location": "//images.vivino.com/backgrounds/foods/20_chicken.png", "variations": {"small": "//images.vivino.com/backgrounds/foods/thumbs/20_chicken_932x810.png"}}, "seo_name": "poultry"}], "non_vintage": false, "alcohol": 12, "sweetness_id": null, "closure": null, "vintage_mask_raw": null, "updated_at": "2018-03-19T15:16:37Z", "created_at": "2010-10-23T11:18:54Z", "is_first_wine": false, "style": null, "has_valid_ratings": true}, "highlights": [{"vintage_id": 167497319, "highlight_type": "best_user_rated", "message": "This vintage rates better than any other year for this wine", "icon": "https://images.vivino.com/highlights/icon/best_user_rated.svg", "metadata": {"price": null, "wine_id": 1135608, "toplist": null, "ws_award": null, "critic_review_id": null, "ratings_average": 4.3, "ratings_count": 19, "vintage_year": "2020", "rank_type": "global", "ranks": {"country": {"description": "Rank within France", "total": 2497606, "rank": 147989}, "region": {"description": "Rank within Wine Region", "total": 106696, "rank": 2968}, "winery": {"description": "Rank within Winery", "total": 3634, "rank": 134}, "global": {"description": "Global Rank", "total": 8944679, "rank": 544390}}, "style": null}, "vintage_year": 2020}, {"vintage_id": 11877420, "highlight_type": "most_user_rated", "message": "Popular among Vivino users. More than 200 ratings", "icon": "https://images.vivino.com/highlights/icon/most_user_rated.svg", "metadata": {"price": null, "wine_id": 1135608, "toplist": null, "ws_award": null, "critic_review_id": null, "ratings_average": 3.8, "ratings_count": 205, "vintage_year": "2014", "rank_type": "global", "ranks": {"country": {"description": "Rank within France", "total": 2497606, "rank": 181117}, "region": {"description": "Rank within Wine Region", "total": 106696, "rank": 3940}, "winery": {"description": "Rank within Winery", "total": 3634, "rank": 185}, "global": {"description": "Global Rank", "total": 8944679, "rank": 665146}}, "style": null}, "vintage_year": 2014}, {"vintage_id": 3063837, "highlight_type": "top_ranked", "message": "Among top 6% of all wines in the world", "icon": "https://images.vivino.com/highlights/icon/top_ranked.svg", "metadata": {"price": null, "wine_id": 1135608, "toplist": null, "ws_award": null, "critic_review_id": null, "ratings_average": 3.9, "ratings_count": 97, "vintage_year": "2012", "rank_type": "global", "ranks": {"country": {"description": "Rank within France", "total": 2497606, "rank": 136829}, "region": {"description": "Rank within Wine Region", "total": 106696, "rank": 2691}, "winery": {"description": "Rank within Winery", "total": 3634, "rank": 120}, "global": {"description": "Global Rank", "total": 8944679, "rank": 506897}}, "style": null}, "vintage_year": 2012}], "recommended_vintages": [{"vintage": {"id": 167497319, "seo_name": "union-de-producteurs-plaimont-le-tapie-cotes-de-gascogne-rouge-2020", "name": "Plaimont Le Tapie C\u00f4tes de Gascogne Rouge 2020", "statistics": {"status": "Normal", "ratings_count": 19, "ratings_average": 4.3, "labels_count": 114, "reviews_count": 9}, "year": 2020, "grapes": null, "has_valid_ratings": true}, "type": "best_user_rated", "highlight_icon": "https://images.vivino.com/highlights/icon/best_user_rated.svg", "price": null}, {"vintage": {"id": 11877420, "seo_name": "union-de-producteurs-plaimont-le-tapie-cotes-de-gascogne-rouge-2014", "name": "Plaimont Le Tapie C\u00f4tes de Gascogne Rouge 2014", "statistics": {"status": "Normal", "ratings_count": 205, "ratings_average": 3.8, "labels_count": 1272, "reviews_count": 84}, "year": 2014, "grapes": null, "has_valid_ratings": true}, "type": "most_user_rated", "highlight_icon": "https://images.vivino.com/highlights/icon/most_user_rated.svg", "price": null}, {"vintage": {"id": 3063837, "seo_name": "union-de-producteurs-plaimont-le-tapie-cotes-de-gascogne-rouge-2012", "name": "Plaimont Le Tapie C\u00f4tes de Gascogne Rouge 2012", "statistics": {"status": "Normal", "ratings_count": 97, "ratings_average": 3.9, "labels_count": 576, "reviews_count": 34}, "year": 2012, "grapes": null, "has_valid_ratings": true}, "type": "top_ranked", "highlight_icon": "https://images.vivino.com/highlights/icon/top_ranked.svg", "price": null}], "prices_and_availabilities": [], "price_range": {"currency": {"code": "EUR", "name": "Euros", "prefix": "\u20ac", "suffix": null}, "price_range": {"minimum": 0, "maximum": 500, "currency_code": "EUR"}, "defaults": {"minimum": 7, "maximum": 30, "currency_code": "EUR"}}, "subtotal_price": null}