{"vintage": {"id": 2126887, "seo_name": "chateau-la-tour-de-by-heritage-marc-pages-medoc-uv", "name": "Ch\u00e2teau La Tour de By H\u00e9ritage Marc Pag\u00e8s M\u00e9doc", "statistics": {"status": "Normal", "ratings_count": 788, "ratings_average": 4.1, "labels_count": 7, "reviews_count": 5}, "organic_certification_id": null, "certified_biodynamic": null, "image": {"location": "//images.vivino.com/thumbs/ErayJFtgQp2VKq1YjRSc5g_pl_480x640.png", "variations": {"bottle_large": "//images.vivino.com/thumbs/ErayJFtgQp2VKq1YjRSc5g_pb_x960.png", "bottle_medium": "//images.vivino.com/thumbs/ErayJFtgQp2VKq1YjRSc5g_pb_x600.png", "bottle_medium_square": "//images.vivino.com/thumbs/ErayJFtgQp2VKq1YjRSc5g_pb_600x600.png", "bottle_small": "//images.vivino.com/thumbs/ErayJFtgQp2VKq1YjRSc5g_pb_x300.png", "bottle_small_square": "//images.vivino.com/thumbs/ErayJFtgQp2VKq1YjRSc5g_pb_300x300.png", "label": "//images.vivino.com/thumbs/ErayJFtgQp2VKq1YjRSc5g_pl_480x640.png", "label_large": "//images.vivino.com/thumbs/ErayJFtgQp2VKq1YjRSc5g_pl_375x500.png", "label_medium": "//images.vivino.com/thumbs/ErayJFtgQp2VKq1YjRSc5g_pl_150x200.png", "label_medium_square": "//images.vivino.com/thumbs/ErayJFtgQp2VKq1YjRSc5g_pl_150x150.png", "label_small_square": "//images.vivino.com/thumbs/ErayJFtgQp2VKq1YjRSc5g_pl_80x80.png", "large": "//images.vivino.com/thumbs/ErayJFtgQp2VKq1YjRSc5g_pl_375x500.png", "medium": "//images.vivino.com/thumbs/ErayJFtgQp2VKq1YjRSc5g_pl_150x200.png", "medium_square": "//images.vivino.com/thumbs/ErayJFtgQp2VKq1YjRSc5g_pl_150x150.png", "small_square": "//images.vivino.com/thumbs/ErayJFtgQp2VKq1YjRSc5g_pl_80x80.png"}}, "wine": {"id": 1313635, "name": "H\u00e9ritage Marc Pag\u00e8s M\u00e9doc", "seo_name": "heritage-marc-pages-medoc", "type_id": 1, "vintage_type": 0, "is_natural": false, "region": {"id": 417, "name": "M\u00e9doc", "name_en": "", "seo_name": "medoc", "country": {"code": "fr", "name": "France", "native_name": "France", "seo_name": "france", "currency": {"code": "EUR", "name": "Euros", "prefix": "\u20ac", "suffix": null}, "regions_count": 1292, "users_count": 5068363, "wines_count": 542471, "wineries_count": 67002, "most_used_grapes": [{"id": 14, "name": "Pinot Noir", "seo_name": "pinot-noir", "has_detailed_info": true, "wines_count": 572334}, {"id": 10, "name": "Merlot", "seo_name": "merlot", "has_detailed_info": true, "wines_count": 566719}, {"id": 5, "name": "Chardonnay", "seo_name": "chardonnay", "has_detailed_info": true, "wines_count": 604208}]}, "parent_id": 383, "background_image": {"location": "//images.vivino.com/regions/backgrounds/ANi-RIPJSAajlLgu3GmSpQ.jpg", "variations": {"large": "//thumbs.vivino.com/region_backgrounds/ANi-RIPJSAajlLgu3GmSpQ_1280x760.jpg", "medium": "//thumbs.vivino.com/region_backgrounds/ANi-RIPJSAajlLgu3GmSpQ_600x356.jpg"}}, "class": {"typecast_map": {"background_image": {}, "class": {}}}, "statistics": {"wineries_count": 2083, "wines_count": 7022, "sub_regions_count": 7, "parent_regions_count": 1}}, "review_status": 2, "winery": {"id": 2411, "name": "Ch\u00e2teau La Tour de By", "seo_name": "chateau-la-tour-de-by", "status": 0, "review_status": "Completed", "background_image": null, "statistics": {"ratings_count": 16673, "ratings_average": 3.8, "labels_count": 156474, "wines_count": 8}, "region": {"id": 417, "name": "M\u00e9doc", "name_en": "", "seo_name": "medoc", "country": {"code": "fr", "name": "France", "native_name": "France", "seo_name": "france", "currency": {"code": "EUR", "name": "Euros", "prefix": "\u20ac", "suffix": null}, "regions_count": 1292, "users_count": 5068363, "wines_count": 542471, "wineries_count": 67002, "most_used_grapes": [{"id": 14, "name": "Pinot Noir", "seo_name": "pinot-noir", "has_detailed_info": true, "wines_count": 572334}, {"id": 10, "name": "Merlot", "seo_name": "merlot", "has_detailed_info": true, "wines_count": 566719}, {"id": 5, "name": "Chardonnay", "seo_name": "chardonnay", "has_detailed_info": true, "wines_count": 604208}]}, "parent_id": 383, "background_image": {"location": "//images.vivino.com/regions/backgrounds/ANi-RIPJSAajlLgu3GmSpQ.jpg", "variations": {"large": "//thumbs.vivino.com/region_backgrounds/ANi-RIPJSAajlLgu3GmSpQ_1280x760.jpg", "medium": "//thumbs.vivino.com/region_backgrounds/ANi-RIPJSAajlLgu3GmSpQ_600x356.jpg"}}, "class": {"typecast_map": {"background_image": {}, "class": {}}}, "statistics": {"wineries_count": 2083, "wines_count": 7022, "sub_regions_count": 7, "parent_regions_count": 1}}, "business_name": "Ch\u00e2teau La Tour de By", "description": "", "specialists_notes": "", "phone": "33 05 5641 5003", "email": "info@la-tour-de-by.com", "facebook": "", "instagram": "", "is_claimed": false, "twitter": "", "website": "https://www.latourdeby.fr/la-roque-de-by.htm", "winemaker": "Marc Pages", "wine_maker": {"id": 1234, "name": "Marc Pages"}, "address": {"title": null, "name": null, "street": "5, route de la tour de By", "street2": null, "neighborhood": null, "city": "B\u00e9gadan", "zip": "33340", "state": null, "country": {"code": "fr", "name": "France", "native_name": "France", "seo_name": "france", "currency": {"code": "EUR", "name": "Euros", "prefix": "\u20ac", "suffix": null}, "regions_count": 1292, "users_count": 5068363, "wines_count": 542471, "wineries_count": 67002, "most_used_grapes": [{"id": 14, "name": "Pinot Noir", "seo_name": "pinot-noir", "has_detailed_info": true, "wines_count": 572334}, {"id": 10, "name": "Merlot", "seo_name": "merlot", "has_detailed_info": true, "wines_count": 566719}, {"id": 5, "name": "Chardonnay", "seo_name": "chardonnay", "has_detailed_info": true, "wines_count": 604208}]}, "company": null, "phone": null, "external_id": null, "residential": null, "vat_number": null, "vat_code": null, "addition": null}, "image": null, "location": {"latitude": 45.356377, "longitude": -0.893274}, "winery_group": null, "first_wines": [{"id": 779475, "name": "M\u00e9doc", "seo_name": "medoc", "type_id": 1, "vintage_type": 0, "is_natural": false, "region": {"id": 417, "name": "M\u00e9doc", "name_en": "", "seo_name": "medoc", "country": "fr", "parent_id": 383, "background_image": {"location": "//images.vivino.com/regions/backgrounds/ANi-RIPJSAajlLgu3GmSpQ.jpg", "variations": {"large": "//thumbs.vivino.com/region_backgrounds/ANi-RIPJSAajlLgu3GmSpQ_1280x760.jpg", "medium": "//thumbs.vivino.com/region_backgrounds/ANi-RIPJSAajlLgu3GmSpQ_600x356.jpg"}}, "class": {"id": 5, "country_code": "fr", "abbreviation": "AOP", "description": "Appellation d'Origine Protegee (formerly AOC)"}, "statistics": {"wineries_count": 2083, "wines_count": 7022, "sub_regions_count": 7, "parent_regions_count": 1}}, "review_status": 2}], "sponsored_entity_type": null, "sponsored_entity": null}, "statistics": {"status": "Normal", "ratings_count": 788, "ratings_average": 4.1, "labels_count": 9532, "vintages_count": 50}, "rank": {"country": {"description": "Rank within France", "total": 317716, "rank": 5690}, "region": {"description": "Rank within Wine Region", "total": 5472, "rank": 110}, "winery": {"description": "Rank within Winery", "total": 8, "rank": 1}, "wine_type": {"description": "Rank within all Red Wine", "total": 659132, "rank": 15907}, "global": {"description": "Global Rank", "total": 1302045, "rank": 22944}}, "hidden": false, "vintages": [{"id": 159621311, "seo_name": "chateau-la-tour-de-by-heritage-marc-pages-medoc-2019", "name": "Ch\u00e2teau La Tour de By H\u00e9ritage Marc Pag\u00e8s M\u00e9doc 2019", "statistics": {"status": "BelowThreshold", "ratings_count": 2, "ratings_average": 0, "labels_count": 8, "reviews_count": 0}, "year": 2019, "grapes": null, "has_valid_ratings": false}, {"id": 156614169, "seo_name": "chateau-la-tour-de-by-heritage-marc-pages-medoc-2018", "name": "Ch\u00e2teau La Tour de By H\u00e9ritage Marc Pag\u00e8s M\u00e9doc 2018", "statistics": {"status": "BelowThreshold", "ratings_count": 3, "ratings_average": 0, "labels_count": 54, "reviews_count": 0}, "year": 2018, "grapes": null, "has_valid_ratings": false}, {"id": 155388751, "seo_name": "chateau-la-tour-de-by-heritage-marc-pages-medoc-2017", "name": "Ch\u00e2teau La Tour de By H\u00e9ritage Marc Pag\u00e8s M\u00e9doc 2017", "statistics": {"status": "BelowThreshold", "ratings_count": 3, "ratings_average": 0, "labels_count": 83, "reviews_count": 2}, "year": 2017, "grapes": null, "has_valid_ratings": false}, {"id": 141228591, "seo_name": "chateau-la-tour-de-by-heritage-marc-pages-medoc-2016", "name": "Ch\u00e2teau La Tour de By H\u00e9ritage Marc Pag\u00e8s M\u00e9doc 2016", "statistics": {"status": "Normal", "ratings_count": 38, "ratings_average": 3.9, "labels_count": 427, "reviews_count": 20}, "year": 2016, "grapes": null, "has_valid_ratings": true}, {"id": 141626455, "seo_name": "chateau-la-tour-de-by-heritage-marc-pages-medoc-2015", "name": "Ch\u00e2teau La Tour de By H\u00e9ritage Marc Pag\u00e8s M\u00e9doc 2015", "statistics": {"status": "Normal", "ratings_count": 35, "ratings_average": 4, "labels_count": 464, "reviews_count": 16}, "year": 2015, "grapes": null, "has_valid_ratings": true}, {"id": 64972065, "seo_name": "chateau-la-tour-de-by-heritage-marc-pages-medoc-2014", "name": "Ch\u00e2teau La Tour de By H\u00e9ritage Marc Pag\u00e8s M\u00e9doc 2014", "statistics": {"status": "Normal", "ratings_count": 31, "ratings_average": 4, "labels_count": 407, "reviews_count": 10}, "year": 2014, "grapes": null, "has_valid_ratings": true}, {"id": 47704621, "seo_name": "chateau-la-tour-de-by-heritage-marc-pages-medoc-2013", "name": "Ch\u00e2teau La Tour de By H\u00e9ritage Marc Pag\u00e8s M\u00e9doc 2013", "statistics": {"status": "Normal", "ratings_count": 29, "ratings_average": 4.2, "labels_count": 432, "reviews_count": 9}, "year": 2013, "grapes": null, "has_valid_ratings": true}, {"id": 19931887, "seo_name": "chateau-la-tour-de-by-heritage-marc-pages-medoc-2012", "name": "Ch\u00e2teau La Tour de By H\u00e9ritage Marc Pag\u00e8s M\u00e9doc 2012", "statistics": {"status": "Normal", "ratings_count": 77, "ratings_average": 3.8, "labels_count": 802, "reviews_count": 24}, "year": 2012, "grapes": null, "has_valid_ratings": true}, {"id": 7006888, "seo_name": "chateau-la-tour-de-by-heritage-marc-pages-medoc-2011", "name": "Ch\u00e2teau La Tour de By H\u00e9ritage Marc Pag\u00e8s M\u00e9doc 2011", "statistics": {"status": "Normal", "ratings_count": 65, "ratings_average": 4.2, "labels_count": 670, "reviews_count": 18}, "year": 2011, "grapes": null, "has_valid_ratings": true}, {"id": 3942274, "seo_name": "chateau-la-tour-de-by-heritage-marc-pages-medoc-2010", "name": "Ch\u00e2teau La Tour de By H\u00e9ritage Marc Pag\u00e8s M\u00e9doc 2010", "statistics": {"status": "Normal", "ratings_count": 35, "ratings_average": 3.7, "labels_count": 248, "reviews_count": 16}, "year": 2010, "grapes": null, "has_valid_ratings": true}, {"id": 2905293, "seo_name": "chateau-la-tour-de-by-heritage-marc-pages-medoc-2009", "name": "Ch\u00e2teau La Tour de By H\u00e9ritage Marc Pag\u00e8s M\u00e9doc 2009", "statistics": {"status": "Normal", "ratings_count": 16, "ratings_average": 3.8, "labels_count": 93, "reviews_count": 6}, "year": 2009, "grapes": null, "has_valid_ratings": true}, {"id": 5648678, "seo_name": "chateau-la-tour-de-by-heritage-marc-pages-medoc-2008", "name": "Ch\u00e2teau La Tour de By H\u00e9ritage Marc Pag\u00e8s M\u00e9doc 2008", "statistics": {"status": "BelowThreshold", "ratings_count": 7, "ratings_average": 0, "labels_count": 66, "reviews_count": 1}, "year": 2008, "grapes": null, "has_valid_ratings": false}, {"id": 12282245, "seo_name": "chateau-la-tour-de-by-heritage-marc-pages-medoc-2007", "name": "Ch\u00e2teau La Tour de By H\u00e9ritage Marc Pag\u00e8s M\u00e9doc 2007", "statistics": {"status": "BelowThreshold", "ratings_count": 3, "ratings_average": 0, "labels_count": 17, "reviews_count": 3}, "year": 2007, "grapes": null, "has_valid_ratings": false}, {"id": 6081780, "seo_name": "chateau-la-tour-de-by-heritage-marc-pages-medoc-2006", "name": "Ch\u00e2teau La Tour de By H\u00e9ritage Marc Pag\u00e8s M\u00e9doc 2006", "statistics": {"status": "BelowThreshold", "ratings_count": 3, "ratings_average": 0, "labels_count": 17, "reviews_count": 1}, "year": 2006, "grapes": null, "has_valid_ratings": false}, {"id": 30023544, "seo_name": "chateau-la-tour-de-by-heritage-marc-pages-medoc-2005", "name": "Ch\u00e2teau La Tour de By H\u00e9ritage Marc Pag\u00e8s M\u00e9doc 2005", "statistics": {"status": "BelowThreshold", "ratings_count": 8, "ratings_average": 0, "labels_count": 53, "reviews_count": 4}, "year": 2005, "grapes": null, "has_valid_ratings": false}, {"id": 6081763, "seo_name": "chateau-la-tour-de-by-heritage-marc-pages-medoc-2004", "name": "Ch\u00e2teau La Tour de By H\u00e9ritage Marc Pag\u00e8s M\u00e9doc 2004", "statistics": {"status": "Normal", "ratings_count": 36, "ratings_average": 4.2, "labels_count": 592, "reviews_count": 12}, "year": 2004, "grapes": null, "has_valid_ratings": true}, {"id": 6623895, "seo_name": "chateau-la-tour-de-by-heritage-marc-pages-medoc-2003", "name": "Ch\u00e2teau La Tour de By H\u00e9ritage Marc Pag\u00e8s M\u00e9doc 2003", "statistics": {"status": "Normal", "ratings_count": 45, "ratings_average": 4.2, "labels_count": 811, "reviews_count": 22}, "year": 2003, "grapes": null, "has_valid_ratings": true}, {"id": 8564244, "seo_name": "chateau-la-tour-de-by-heritage-marc-pages-medoc-2002", "name": "Ch\u00e2teau La Tour de By H\u00e9ritage Marc Pag\u00e8s M\u00e9doc 2002", "statistics": {"status": "Normal", "ratings_count": 33, "ratings_average": 4, "labels_count": 594, "reviews_count": 11}, "year": 2002, "grapes": null, "has_valid_ratings": true}, {"id": 1608910, "seo_name": "chateau-la-tour-de-by-heritage-marc-pages-medoc-2001", "name": "Ch\u00e2teau La Tour de By H\u00e9ritage Marc Pag\u00e8s M\u00e9doc 2001", "statistics": {"status": "Normal", "ratings_count": 93, "ratings_average": 4.2, "labels_count": 884, "reviews_count": 29}, "year": 2001, "grapes": null, "has_valid_ratings": true}, {"id": 11026919, "seo_name": "chateau-la-tour-de-by-heritage-marc-pages-medoc-2000", "name": "Ch\u00e2teau La Tour de By H\u00e9ritage Marc Pag\u00e8s M\u00e9doc 2000", "statistics": {"status": "Normal", "ratings_count": 105, "ratings_average": 4.2, "labels_count": 1071, "reviews_count": 31}, "year": 2000, "grapes": null, "has_valid_ratings": true}, {"id": 3650588, "seo_name": "chateau-la-tour-de-by-heritage-marc-pages-medoc-1999", "name": "Ch\u00e2teau La Tour de By H\u00e9ritage Marc Pag\u00e8s M\u00e9doc 1999", "statistics": {"status": "Normal", "ratings_count": 35, "ratings_average": 4.1, "labels_count": 553, "reviews_count": 10}, "year": 1999, "grapes": null, "has_valid_ratings": true}, {"id": 140409400, "seo_name": "chateau-la-tour-de-by-heritage-marc-pages-medoc-1998", "name": "Ch\u00e2teau La Tour de By H\u00e9ritage Marc Pag\u00e8s M\u00e9doc 1998", "statistics": {"status": "Normal", "ratings_count": 29, "ratings_average": 4.3, "labels_count": 517, "reviews_count": 11}, "year": 1998, "grapes": null, "has_valid_ratings": true}, {"id": 144179371, "seo_name": "chateau-la-tour-de-by-heritage-marc-pages-medoc-1997", "name": "Ch\u00e2teau La Tour de By H\u00e9ritage Marc Pag\u00e8s M\u00e9doc 1997", "statistics": {"status": "BelowThreshold", "ratings_count": 6, "ratings_average": 0, "labels_count": 53, "reviews_count": 1}, "year": 1997, "grapes": null, "has_valid_ratings": false}, {"id": 35010322, "seo_name": "chateau-la-tour-de-by-heritage-marc-pages-medoc-1996", "name": "Ch\u00e2teau La Tour de By H\u00e9ritage Marc Pag\u00e8s M\u00e9doc 1996", "statistics": {"status": "BelowThreshold", "ratings_count": 7, "ratings_average": 0, "labels_count": 71, "reviews_count": 2}, "year": 1996, "grapes": null, "has_valid_ratings": false}, {"id": 17768671, "seo_name": "chateau-la-tour-de-by-heritage-marc-pages-medoc-1993", "name": "Ch\u00e2teau La Tour de By H\u00e9ritage Marc Pag\u00e8s M\u00e9doc 1993", "statistics": {"status": "BelowThreshold", "ratings_count": 1, "ratings_average": 0, "labels_count": 12, "reviews_count": 0}, "year": 1993, "grapes": null, "has_valid_ratings": false}, {"id": 12776737, "seo_name": "chateau-la-tour-de-by-heritage-marc-pages-medoc-1989", "name": "Ch\u00e2teau La Tour de By H\u00e9ritage Marc Pag\u00e8s M\u00e9doc 1989", "statistics": {"status": "BelowThreshold", "ratings_count": 3, "ratings_average": 0, "labels_count": 6, "reviews_count": 2}, "year": 1989, "grapes": null, "has_valid_ratings": false}, {"id": 11447921, "seo_name": "chateau-la-tour-de-by-heritage-marc-pages-medoc-1988", "name": "Ch\u00e2teau La Tour de By H\u00e9ritage Marc Pag\u00e8s M\u00e9doc 1988", "statistics": {"status": "BelowThreshold", "ratings_count": 5, "ratings_average": 0, "labels_count": 8, "reviews_count": 2}, "year": 1988, "grapes": null, "has_valid_ratings": false}, {"id": 5589455, "seo_name": "chateau-la-tour-de-by-heritage-marc-pages-medoc-1982", "name": "Ch\u00e2teau La Tour de By H\u00e9ritage Marc Pag\u00e8s M\u00e9doc 1982", "statistics": {"status": "Normal", "ratings_count": 18, "ratings_average": 4.5, "labels_count": 55, "reviews_count": 7}, "year": 1982, "grapes": null, "has_valid_ratings": true}, {"id": 154444018, "seo_name": "chateau-la-tour-de-by-heritage-marc-pages-medoc-1975", "name": "Ch\u00e2teau La Tour de By H\u00e9ritage Marc Pag\u00e8s M\u00e9doc 1975", "statistics": {"status": "BelowThreshold", "ratings_count": 2, "ratings_average": 0, "labels_count": 24, "reviews_count": 0}, "year": 1975, "grapes": null, "has_valid_ratings": false}, {"id": 159026743, "seo_name": "chateau-la-tour-de-by-heritage-marc-pages-medoc-1967", "name": "Ch\u00e2teau La Tour de By H\u00e9ritage Marc Pag\u00e8s M\u00e9doc 1967", "statistics": {"status": "BelowThreshold", "ratings_count": 1, "ratings_average": 0, "labels_count": 13, "reviews_count": 0}, "year": 1967, "grapes": null, "has_valid_ratings": false}, {"id": 2126887, "seo_name": "chateau-la-tour-de-by-heritage-marc-pages-medoc-uv", "name": "Ch\u00e2teau La Tour de By H\u00e9ritage Marc Pag\u00e8s M\u00e9doc", "statistics": {"status": "Normal", "ratings_count": 788, "ratings_average": 4.1, "labels_count": 7, "reviews_count": 5}, "year": 0, "grapes": null, "has_valid_ratings": true}], "description": "Dress with a deep garnet which hide jammy black fruit aromas are, licorice and very melted woody notes. The palate is fleshy, full and powerful, while presenting a sublime general harmony. The soft, palatable tannins ensure a promising future.", "grapes": [{"id": 2, "name": "Cabernet Sauvignon", "seo_name": "cabernet-sauvignon", "has_detailed_info": true, "wines_count": 801751}, {"id": 10, "name": "Merlot", "seo_name": "merlot", "has_detailed_info": true, "wines_count": 566719}], "foods": [{"id": 4, "name": "Beef", "background_image": {"location": "//images.vivino.com/backgrounds/foods/4_beef.png", "variations": {"small": "//images.vivino.com/backgrounds/foods/thumbs/4_beef_932x810.png"}}, "seo_name": "beef"}, {"id": 8, "name": "Lamb", "background_image": {"location": "//images.vivino.com/backgrounds/foods/8_lamb.png", "variations": {"small": "//images.vivino.com/backgrounds/foods/thumbs/8_lamb_932x810.png"}}, "seo_name": "lamb"}, {"id": 11, "name": "Game (deer, venison)", "background_image": {"location": "//images.vivino.com/backgrounds/foods/11_venison.png", "variations": {"small": "//images.vivino.com/backgrounds/foods/thumbs/11_venison_932x810.png"}}, "seo_name": "game"}, {"id": 20, "name": "Poultry", "background_image": {"location": "//images.vivino.com/backgrounds/foods/20_chicken.png", "variations": {"small": "//images.vivino.com/backgrounds/foods/thumbs/20_chicken_932x810.png"}}, "seo_name": "poultry"}], "non_vintage": false, "alcohol": 0, "sweetness_id": null, "closure": null, "vintage_mask_raw": null, "updated_at": "2019-04-11T08:54:11Z", "created_at": "2012-10-29T12:31:26Z", "is_first_wine": false, "style": {"id": 262, "seo_name": "bordeaux-left-bank-medoc", "regional_name": "Bordeaux Left Bank", "varietal_name": "M\u00e9doc", "name": "Bordeaux M\u00e9doc", "image": null, "background_image": {"location": "//images.vivino.com/backgrounds/styles/utv1g_0gQhaotjJ-cERVXA.jpg", "variations": {"small": "//images.vivino.com/backgrounds/styles/thumbs/utv1g_0gQhaotjJ-cERVXA_932x810.jpg"}}, "description": "M\u00e9doc wines tend to be ruby in color, balanced and well-rounded on the palate with notes of cassis, cherries and earth, with firm tannins.\n\nWhile most Bordeaux wines require aging, those labeled simply 'M\u00e9doc' tend to be lighter in style and more approachable in their youth.\n\nGrown on gravel rich soils in the Left Bank of Bordeaux, wines from the M\u00e9doc are predominantly Cabernet Sauvignon and Merlot blends, but sometimes see the addition of Petit Verdot and Malbec.", "blurb": null, "interesting_facts": ["The M\u00e9doc is the wettest region in Bordeaux\u2014rot is a regular threat and necessitates spraying.", "Out of thousands of wine regions around the globe, Bordeaux's M\u00e9doc region is the most famous, revered for its gravel soils. Gravel provides for excellent drainage while also retaining heat, which aids in the ripening of thick-skinned black grapes like Cabernet Sauvignon.", "Believing there would be increased demand for red Bordeaux, growers planted the whole of the M\u00e9doc aggressively in 1990s and early 2000s. Their prediction was wrong, and many ended up in financial difficulty as a result.", "Only red wines are permitted to be made in the M\u00e9doc."], "body": 4, "body_description": "Full-bodied", "acidity": 3, "acidity_description": "High", "country": {"code": "fr", "name": "France", "native_name": "France", "seo_name": "france", "currency": {"code": "EUR", "name": "Euros", "prefix": "\u20ac", "suffix": null}, "regions_count": 1292, "users_count": 5068363, "wines_count": 542471, "wineries_count": 67002, "most_used_grapes": [{"id": 14, "name": "Pinot Noir", "seo_name": "pinot-noir", "has_detailed_info": true, "wines_count": 572334}, {"id": 10, "name": "Merlot", "seo_name": "merlot", "has_detailed_info": true, "wines_count": 566719}, {"id": 5, "name": "Chardonnay", "seo_name": "chardonnay", "has_detailed_info": true, "wines_count": 604208}]}, "wine_type_id": 1, "food": [{"id": 4, "name": "Beef", "background_image": {"location": "//images.vivino.com/backgrounds/foods/4_beef.png", "variations": {"small": "//images.vivino.com/backgrounds/foods/thumbs/4_beef_932x810.png"}}, "seo_name": "beef"}, {"id": 8, "name": "Lamb", "background_image": {"location": "//images.vivino.com/backgrounds/foods/8_lamb.png", "variations": {"small": "//images.vivino.com/backgrounds/foods/thumbs/8_lamb_932x810.png"}}, "seo_name": "lamb"}, {"id": 11, "name": "Game (deer, venison)", "background_image": {"location": "//images.vivino.com/backgrounds/foods/11_venison.png", "variations": {"small": "//images.vivino.com/backgrounds/foods/thumbs/11_venison_932x810.png"}}, "seo_name": "game"}, {"id": 20, "name": "Poultry", "background_image": {"location": "//images.vivino.com/backgrounds/foods/20_chicken.png", "variations": {"small": "//images.vivino.com/backgrounds/foods/thumbs/20_chicken_932x810.png"}}, "seo_name": "poultry"}], "grapes": [{"id": 2, "name": "Cabernet Sauvignon", "seo_name": "cabernet-sauvignon", "has_detailed_info": true, "wines_count": 801751}, {"id": 3, "name": "Cabernet Franc", "seo_name": "cabernet-franc", "has_detailed_info": true, "wines_count": 269578}, {"id": 9, "name": "Malbec", "seo_name": "malbec", "has_detailed_info": true, "wines_count": 219735}, {"id": 10, "name": "Merlot", "seo_name": "merlot", "has_detailed_info": true, "wines_count": 566719}, {"id": 42, "name": "Petit Verdot", "seo_name": "petit-verdot", "has_detailed_info": true, "wines_count": 82567}, {"id": 51, "name": "Carm\u00e9n\u00e8re", "seo_name": "carmenere", "has_detailed_info": true, "wines_count": 50087}], "region": {"id": 383, "name": "Bordeaux", "name_en": "", "seo_name": "bordeaux", "country": {"code": "fr", "name": "France", "native_name": "France", "seo_name": "france", "currency": {"code": "EUR", "name": "Euros", "prefix": "\u20ac", "suffix": null}, "regions_count": 1292, "users_count": 5068363, "wines_count": 542471, "wineries_count": 67002, "most_used_grapes": [{"id": 14, "name": "Pinot Noir", "seo_name": "pinot-noir", "has_detailed_info": true, "wines_count": 572334}, {"id": 10, "name": "Merlot", "seo_name": "merlot", "has_detailed_info": true, "wines_count": 566719}, {"id": 5, "name": "Chardonnay", "seo_name": "chardonnay", "has_detailed_info": true, "wines_count": 604208}]}, "parent_id": null, "background_image": {"location": "//images.vivino.com/regions/backgrounds/sbzA7h1ITnaHABaVqWJ4CA.jpg", "variations": {"large": "//thumbs.vivino.com/region_backgrounds/sbzA7h1ITnaHABaVqWJ4CA_1280x760.jpg", "medium": "//thumbs.vivino.com/region_backgrounds/sbzA7h1ITnaHABaVqWJ4CA_600x356.jpg"}}, "class": {"typecast_map": {"background_image": {}, "class": {}}}, "statistics": {"wineries_count": 13330, "wines_count": 41775, "sub_regions_count": 12, "parent_regions_count": 0}}}, "has_valid_ratings": true}, "description": "", "wine_critic_reviews": [], "awards": [], "ratings_distribution": {"1": 9, "2": 17, "3": 146, "4": 462, "5": 154}, "ranking": {"country": {"description": "Rank within France", "total": 2497563, "rank": 40162}, "region": {"description": "Rank within Wine Region", "total": 72256, "rank": 2482}, "winery": {"description": "Rank within Winery", "total": 259, "rank": 3}, "global": {"description": "Global Rank", "total": 8944549, "rank": 162518}}, "wine_facts": {}, "winemaker": null, "wine_maker": null, "grape_composition": {}, "year": "", "grapes": null, "has_valid_ratings": true}, "carts": null, "full_region": null, "tastes": null, "wine": {"id": 1313635, "name": "H\u00e9ritage Marc Pag\u00e8s M\u00e9doc", "seo_name": "heritage-marc-pages-medoc", "type_id": 1, "vintage_type": 0, "is_natural": false, "region": {"id": 417, "name": "M\u00e9doc", "name_en": "", "seo_name": "medoc", "country": {"code": "fr", "name": "France", "native_name": "France", "seo_name": "france", "currency": {"code": "EUR", "name": "Euros", "prefix": "\u20ac", "suffix": null}, "regions_count": 1292, "users_count": 5068363, "wines_count": 542471, "wineries_count": 67002, "most_used_grapes": [{"id": 14, "name": "Pinot Noir", "seo_name": "pinot-noir", "has_detailed_info": true, "wines_count": 572334}, {"id": 10, "name": "Merlot", "seo_name": "merlot", "has_detailed_info": true, "wines_count": 566719}, {"id": 5, "name": "Chardonnay", "seo_name": "chardonnay", "has_detailed_info": true, "wines_count": 604208}]}, "parent_id": 383, "background_image": {"location": "//images.vivino.com/regions/backgrounds/ANi-RIPJSAajlLgu3GmSpQ.jpg", "variations": {"large": "//thumbs.vivino.com/region_backgrounds/ANi-RIPJSAajlLgu3GmSpQ_1280x760.jpg", "medium": "//thumbs.vivino.com/region_backgrounds/ANi-RIPJSAajlLgu3GmSpQ_600x356.jpg"}}, "class": {"typecast_map": {"background_image": {}, "class": {}}}, "statistics": {"wineries_count": 2083, "wines_count": 7022, "sub_regions_count": 7, "parent_regions_count": 1}}, "review_status": 2, "winery": {"id": 2411, "name": "Ch\u00e2teau La Tour de By", "seo_name": "chateau-la-tour-de-by", "status": 0, "review_status": "Completed", "background_image": null, "statistics": {"ratings_count": 16673, "ratings_average": 3.8, "labels_count": 156474, "wines_count": 8}, "region": {"id": 417, "name": "M\u00e9doc", "name_en": "", "seo_name": "medoc", "country": {"code": "fr", "name": "France", "native_name": "France", "seo_name": "france", "currency": {"code": "EUR", "name": "Euros", "prefix": "\u20ac", "suffix": null}, "regions_count": 1292, "users_count": 5068363, "wines_count": 542471, "wineries_count": 67002, "most_used_grapes": [{"id": 14, "name": "Pinot Noir", "seo_name": "pinot-noir", "has_detailed_info": true, "wines_count": 572334}, {"id": 10, "name": "Merlot", "seo_name": "merlot", "has_detailed_info": true, "wines_count": 566719}, {"id": 5, "name": "Chardonnay", "seo_name": "chardonnay", "has_detailed_info": true, "wines_count": 604208}]}, "parent_id": 383, "background_image": {"location": "//images.vivino.com/regions/backgrounds/ANi-RIPJSAajlLgu3GmSpQ.jpg", "variations": {"large": "//thumbs.vivino.com/region_backgrounds/ANi-RIPJSAajlLgu3GmSpQ_1280x760.jpg", "medium": "//thumbs.vivino.com/region_backgrounds/ANi-RIPJSAajlLgu3GmSpQ_600x356.jpg"}}, "class": {"typecast_map": {"background_image": {}, "class": {}}}, "statistics": {"wineries_count": 2083, "wines_count": 7022, "sub_regions_count": 7, "parent_regions_count": 1}}}, "image": {"location": "//images.vivino.com/thumbs/ErayJFtgQp2VKq1YjRSc5g_pl_480x640.png", "variations": {"bottle_large": "//images.vivino.com/thumbs/ErayJFtgQp2VKq1YjRSc5g_pb_x960.png", "bottle_medium": "//images.vivino.com/thumbs/ErayJFtgQp2VKq1YjRSc5g_pb_x600.png", "bottle_medium_square": "//images.vivino.com/thumbs/ErayJFtgQp2VKq1YjRSc5g_pb_600x600.png", "bottle_small": "//images.vivino.com/thumbs/ErayJFtgQp2VKq1YjRSc5g_pb_x300.png", "bottle_small_square": "//images.vivino.com/thumbs/ErayJFtgQp2VKq1YjRSc5g_pb_300x300.png", "label": "//images.vivino.com/thumbs/ErayJFtgQp2VKq1YjRSc5g_pl_480x640.png", "label_large": "//images.vivino.com/thumbs/ErayJFtgQp2VKq1YjRSc5g_pl_375x500.png", "label_medium": "//images.vivino.com/thumbs/ErayJFtgQp2VKq1YjRSc5g_pl_150x200.png", "label_medium_square": "//images.vivino.com/thumbs/ErayJFtgQp2VKq1YjRSc5g_pl_150x150.png", "label_small_square": "//images.vivino.com/thumbs/ErayJFtgQp2VKq1YjRSc5g_pl_80x80.png", "large": "//images.vivino.com/thumbs/ErayJFtgQp2VKq1YjRSc5g_pl_375x500.png", "medium": "//images.vivino.com/thumbs/ErayJFtgQp2VKq1YjRSc5g_pl_150x200.png", "medium_square": "//images.vivino.com/thumbs/ErayJFtgQp2VKq1YjRSc5g_pl_150x150.png", "small_square": "//images.vivino.com/thumbs/ErayJFtgQp2VKq1YjRSc5g_pl_80x80.png"}}, "statistics": {"status": "Normal", "ratings_count": 788, "ratings_average": 4.1, "labels_count": 9532, "vintages_count": 50}, "rank": null, "hidden": false, "vintages": [{"id": 170557515, "seo_name": "chateau-la-tour-de-by-heritage-marc-pages-medoc-2022", "name": "Ch\u00e2teau La Tour de By H\u00e9ritage Marc Pag\u00e8s M\u00e9doc 2022", "statistics": {"status": "BelowThreshold", "ratings_count": 0, "ratings_average": 0, "labels_count": 0, "reviews_count": 0}, "year": 2022, "grapes": null, "has_valid_ratings": false}, {"id": 163063057, "seo_name": "chateau-la-tour-de-by-heritage-marc-pages-medoc-2020", "name": "Ch\u00e2teau La Tour de By H\u00e9ritage Marc Pag\u00e8s M\u00e9doc 2020", "statistics": {"status": "BelowThreshold", "ratings_count": 0, "ratings_average": 0, "labels_count": 3, "reviews_count": 0}, "year": 2020, "grapes": null, "has_valid_ratings": false}, {"id": 159621311, "seo_name": "chateau-la-tour-de-by-heritage-marc-pages-medoc-2019", "name": "Ch\u00e2teau La Tour de By H\u00e9ritage Marc Pag\u00e8s M\u00e9doc 2019", "statistics": {"status": "BelowThreshold", "ratings_count": 2, "ratings_average": 0, "labels_count": 8, "reviews_count": 0}, "year": 2019, "grapes": null, "has_valid_ratings": false}, {"id": 156614169, "seo_name": "chateau-la-tour-de-by-heritage-marc-pages-medoc-2018", "name": "Ch\u00e2teau La Tour de By H\u00e9ritage Marc Pag\u00e8s M\u00e9doc 2018", "statistics": {"status": "BelowThreshold", "ratings_count": 3, "ratings_average": 0, "labels_count": 54, "reviews_count": 0}, "year": 2018, "grapes": null, "has_valid_ratings": false}, {"id": 155388751, "seo_name": "chateau-la-tour-de-by-heritage-marc-pages-medoc-2017", "name": "Ch\u00e2teau La Tour de By H\u00e9ritage Marc Pag\u00e8s M\u00e9doc 2017", "statistics": {"status": "BelowThreshold", "ratings_count": 3, "ratings_average": 0, "labels_count": 83, "reviews_count": 2}, "year": 2017, "grapes": null, "has_valid_ratings": false}, {"id": 141228591, "seo_name": "chateau-la-tour-de-by-heritage-marc-pages-medoc-2016", "name": "Ch\u00e2teau La Tour de By H\u00e9ritage Marc Pag\u00e8s M\u00e9doc 2016", "statistics": {"status": "Normal", "ratings_count": 38, "ratings_average": 3.9, "labels_count": 427, "reviews_count": 20}, "year": 2016, "grapes": null, "has_valid_ratings": true}, {"id": 141626455, "seo_name": "chateau-la-tour-de-by-heritage-marc-pages-medoc-2015", "name": "Ch\u00e2teau La Tour de By H\u00e9ritage Marc Pag\u00e8s M\u00e9doc 2015", "statistics": {"status": "Normal", "ratings_count": 35, "ratings_average": 4, "labels_count": 464, "reviews_count": 16}, "year": 2015, "grapes": null, "has_valid_ratings": true}, {"id": 64972065, "seo_name": "chateau-la-tour-de-by-heritage-marc-pages-medoc-2014", "name": "Ch\u00e2teau La Tour de By H\u00e9ritage Marc Pag\u00e8s M\u00e9doc 2014", "statistics": {"status": "Normal", "ratings_count": 31, "ratings_average": 4, "labels_count": 407, "reviews_count": 10}, "year": 2014, "grapes": null, "has_valid_ratings": true}, {"id": 47704621, "seo_name": "chateau-la-tour-de-by-heritage-marc-pages-medoc-2013", "name": "Ch\u00e2teau La Tour de By H\u00e9ritage Marc Pag\u00e8s M\u00e9doc 2013", "statistics": {"status": "Normal", "ratings_count": 29, "ratings_average": 4.2, "labels_count": 432, "reviews_count": 9}, "year": 2013, "grapes": null, "has_valid_ratings": true}, {"id": 19931887, "seo_name": "chateau-la-tour-de-by-heritage-marc-pages-medoc-2012", "name": "Ch\u00e2teau La Tour de By H\u00e9ritage Marc Pag\u00e8s M\u00e9doc 2012", "statistics": {"status": "Normal", "ratings_count": 77, "ratings_average": 3.8, "labels_count": 802, "reviews_count": 24}, "year": 2012, "grapes": null, "has_valid_ratings": true}, {"id": 7006888, "seo_name": "chateau-la-tour-de-by-heritage-marc-pages-medoc-2011", "name": "Ch\u00e2teau La Tour de By H\u00e9ritage Marc Pag\u00e8s M\u00e9doc 2011", "statistics": {"status": "Normal", "ratings_count": 65, "ratings_average": 4.2, "labels_count": 670, "reviews_count": 18}, "year": 2011, "grapes": null, "has_valid_ratings": true}, {"id": 3942274, "seo_name": "chateau-la-tour-de-by-heritage-marc-pages-medoc-2010", "name": "Ch\u00e2teau La Tour de By H\u00e9ritage Marc Pag\u00e8s M\u00e9doc 2010", "statistics": {"status": "Normal", "ratings_count": 35, "ratings_average": 3.7, "labels_count": 248, "reviews_count": 16}, "year": 2010, "grapes": null, "has_valid_ratings": true}, {"id": 2905293, "seo_name": "chateau-la-tour-de-by-heritage-marc-pages-medoc-2009", "name": "Ch\u00e2teau La Tour de By H\u00e9ritage Marc Pag\u00e8s M\u00e9doc 2009", "statistics": {"status": "Normal", "ratings_count": 16, "ratings_average": 3.8, "labels_count": 93, "reviews_count": 6}, "year": 2009, "grapes": null, "has_valid_ratings": true}, {"id": 5648678, "seo_name": "chateau-la-tour-de-by-heritage-marc-pages-medoc-2008", "name": "Ch\u00e2teau La Tour de By H\u00e9ritage Marc Pag\u00e8s M\u00e9doc 2008", "statistics": {"status": "BelowThreshold", "ratings_count": 7, "ratings_average": 0, "labels_count": 66, "reviews_count": 1}, "year": 2008, "grapes": null, "has_valid_ratings": false}, {"id": 12282245, "seo_name": "chateau-la-tour-de-by-heritage-marc-pages-medoc-2007", "name": "Ch\u00e2teau La Tour de By H\u00e9ritage Marc Pag\u00e8s M\u00e9doc 2007", "statistics": {"status": "BelowThreshold", "ratings_count": 3, "ratings_average": 0, "labels_count": 17, "reviews_count": 3}, "year": 2007, "grapes": null, "has_valid_ratings": false}, {"id": 6081780, "seo_name": "chateau-la-tour-de-by-heritage-marc-pages-medoc-2006", "name": "Ch\u00e2teau La Tour de By H\u00e9ritage Marc Pag\u00e8s M\u00e9doc 2006", "statistics": {"status": "BelowThreshold", "ratings_count": 3, "ratings_average": 0, "labels_count": 17, "reviews_count": 1}, "year": 2006, "grapes": null, "has_valid_ratings": false}, {"id": 30023544, "seo_name": "chateau-la-tour-de-by-heritage-marc-pages-medoc-2005", "name": "Ch\u00e2teau La Tour de By H\u00e9ritage Marc Pag\u00e8s M\u00e9doc 2005", "statistics": {"status": "BelowThreshold", "ratings_count": 8, "ratings_average": 0, "labels_count": 53, "reviews_count": 4}, "year": 2005, "grapes": null, "has_valid_ratings": false}, {"id": 6081763, "seo_name": "chateau-la-tour-de-by-heritage-marc-pages-medoc-2004", "name": "Ch\u00e2teau La Tour de By H\u00e9ritage Marc Pag\u00e8s M\u00e9doc 2004", "statistics": {"status": "Normal", "ratings_count": 36, "ratings_average": 4.2, "labels_count": 592, "reviews_count": 12}, "year": 2004, "grapes": null, "has_valid_ratings": true}, {"id": 6623895, "seo_name": "chateau-la-tour-de-by-heritage-marc-pages-medoc-2003", "name": "Ch\u00e2teau La Tour de By H\u00e9ritage Marc Pag\u00e8s M\u00e9doc 2003", "statistics": {"status": "Normal", "ratings_count": 45, "ratings_average": 4.2, "labels_count": 811, "reviews_count": 22}, "year": 2003, "grapes": null, "has_valid_ratings": true}, {"id": 8564244, "seo_name": "chateau-la-tour-de-by-heritage-marc-pages-medoc-2002", "name": "Ch\u00e2teau La Tour de By H\u00e9ritage Marc Pag\u00e8s M\u00e9doc 2002", "statistics": {"status": "Normal", "ratings_count": 33, "ratings_average": 4, "labels_count": 594, "reviews_count": 11}, "year": 2002, "grapes": null, "has_valid_ratings": true}, {"id": 1608910, "seo_name": "chateau-la-tour-de-by-heritage-marc-pages-medoc-2001", "name": "Ch\u00e2teau La Tour de By H\u00e9ritage Marc Pag\u00e8s M\u00e9doc 2001", "statistics": {"status": "Normal", "ratings_count": 93, "ratings_average": 4.2, "labels_count": 884, "reviews_count": 29}, "year": 2001, "grapes": null, "has_valid_ratings": true}, {"id": 11026919, "seo_name": "chateau-la-tour-de-by-heritage-marc-pages-medoc-2000", "name": "Ch\u00e2teau La Tour de By H\u00e9ritage Marc Pag\u00e8s M\u00e9doc 2000", "statistics": {"status": "Normal", "ratings_count": 105, "ratings_average": 4.2, "labels_count": 1071, "reviews_count": 31}, "year": 2000, "grapes": null, "has_valid_ratings": true}, {"id": 3650588, "seo_name": "chateau-la-tour-de-by-heritage-marc-pages-medoc-1999", "name": "Ch\u00e2teau La Tour de By H\u00e9ritage Marc Pag\u00e8s M\u00e9doc 1999", "statistics": {"status": "Normal", "ratings_count": 35, "ratings_average": 4.1, "labels_count": 553, "reviews_count": 10}, "year": 1999, "grapes": null, "has_valid_ratings": true}, {"id": 140409400, "seo_name": "chateau-la-tour-de-by-heritage-marc-pages-medoc-1998", "name": "Ch\u00e2teau La Tour de By H\u00e9ritage Marc Pag\u00e8s M\u00e9doc 1998", "statistics": {"status": "Normal", "ratings_count": 29, "ratings_average": 4.3, "labels_count": 517, "reviews_count": 11}, "year": 1998, "grapes": null, "has_valid_ratings": true}, {"id": 144179371, "seo_name": "chateau-la-tour-de-by-heritage-marc-pages-medoc-1997", "name": "Ch\u00e2teau La Tour de By H\u00e9ritage Marc Pag\u00e8s M\u00e9doc 1997", "statistics": {"status": "BelowThreshold", "ratings_count": 6, "ratings_average": 0, "labels_count": 53, "reviews_count": 1}, "year": 1997, "grapes": null, "has_valid_ratings": false}, {"id": 35010322, "seo_name": "chateau-la-tour-de-by-heritage-marc-pages-medoc-1996", "name": "Ch\u00e2teau La Tour de By H\u00e9ritage Marc Pag\u00e8s M\u00e9doc 1996", "statistics": {"status": "BelowThreshold", "ratings_count": 7, "ratings_average": 0, "labels_count": 71, "reviews_count": 2}, "year": 1996, "grapes": null, "has_valid_ratings": false}, {"id": 148498572, "seo_name": "chateau-la-tour-de-by-heritage-marc-pages-medoc-1995", "name": "Ch\u00e2teau La Tour de By H\u00e9ritage Marc Pag\u00e8s M\u00e9doc 1995", "statistics": {"status": "BelowThreshold", "ratings_count": 0, "ratings_average": 0, "labels_count": 21, "reviews_count": 0}, "year": 1995, "grapes": null, "has_valid_ratings": false}, {"id": 162302054, "seo_name": "chateau-la-tour-de-by-heritage-marc-pages-medoc-1994", "name": "Ch\u00e2teau La Tour de By H\u00e9ritage Marc Pag\u00e8s M\u00e9doc 1994", "statistics": {"status": "BelowThreshold", "ratings_count": 0, "ratings_average": 0, "labels_count": 1, "reviews_count": 0}, "year": 1994, "grapes": null, "has_valid_ratings": false}, {"id": 17768671, "seo_name": "chateau-la-tour-de-by-heritage-marc-pages-medoc-1993", "name": "Ch\u00e2teau La Tour de By H\u00e9ritage Marc Pag\u00e8s M\u00e9doc 1993", "statistics": {"status": "BelowThreshold", "ratings_count": 1, "ratings_average": 0, "labels_count": 12, "reviews_count": 0}, "year": 1993, "grapes": null, "has_valid_ratings": false}, {"id": 80136283, "seo_name": "chateau-la-tour-de-by-heritage-marc-pages-medoc-1991", "name": "Ch\u00e2teau La Tour de By H\u00e9ritage Marc Pag\u00e8s M\u00e9doc 1991", "statistics": {"status": "BelowThreshold", "ratings_count": 0, "ratings_average": 0, "labels_count": 1, "reviews_count": 0}, "year": 1991, "grapes": null, "has_valid_ratings": false}, {"id": 152862425, "seo_name": "chateau-la-tour-de-by-heritage-marc-pages-medoc-1990", "name": "Ch\u00e2teau La Tour de By H\u00e9ritage Marc Pag\u00e8s M\u00e9doc 1990", "statistics": {"status": "BelowThreshold", "ratings_count": 0, "ratings_average": 0, "labels_count": 4, "reviews_count": 0}, "year": 1990, "grapes": null, "has_valid_ratings": false}, {"id": 12776737, "seo_name": "chateau-la-tour-de-by-heritage-marc-pages-medoc-1989", "name": "Ch\u00e2teau La Tour de By H\u00e9ritage Marc Pag\u00e8s M\u00e9doc 1989", "statistics": {"status": "BelowThreshold", "ratings_count": 3, "ratings_average": 0, "labels_count": 6, "reviews_count": 2}, "year": 1989, "grapes": null, "has_valid_ratings": false}, {"id": 11447921, "seo_name": "chateau-la-tour-de-by-heritage-marc-pages-medoc-1988", "name": "Ch\u00e2teau La Tour de By H\u00e9ritage Marc Pag\u00e8s M\u00e9doc 1988", "statistics": {"status": "BelowThreshold", "ratings_count": 5, "ratings_average": 0, "labels_count": 8, "reviews_count": 2}, "year": 1988, "grapes": null, "has_valid_ratings": false}, {"id": 147655314, "seo_name": "chateau-la-tour-de-by-heritage-marc-pages-medoc-1986", "name": "Ch\u00e2teau La Tour de By H\u00e9ritage Marc Pag\u00e8s M\u00e9doc 1986", "statistics": {"status": "BelowThreshold", "ratings_count": 0, "ratings_average": 0, "labels_count": 0, "reviews_count": 0}, "year": 1986, "grapes": null, "has_valid_ratings": false}, {"id": 11447906, "seo_name": "chateau-la-tour-de-by-heritage-marc-pages-medoc-1983", "name": "Ch\u00e2teau La Tour de By H\u00e9ritage Marc Pag\u00e8s M\u00e9doc 1983", "statistics": {"status": "BelowThreshold", "ratings_count": 0, "ratings_average": 0, "labels_count": 0, "reviews_count": 0}, "year": 1983, "grapes": null, "has_valid_ratings": false}, {"id": 5589455, "seo_name": "chateau-la-tour-de-by-heritage-marc-pages-medoc-1982", "name": "Ch\u00e2teau La Tour de By H\u00e9ritage Marc Pag\u00e8s M\u00e9doc 1982", "statistics": {"status": "Normal", "ratings_count": 18, "ratings_average": 4.5, "labels_count": 55, "reviews_count": 7}, "year": 1982, "grapes": null, "has_valid_ratings": true}, {"id": 169775345, "seo_name": "chateau-la-tour-de-by-heritage-marc-pages-medoc-1979", "name": "Ch\u00e2teau La Tour de By H\u00e9ritage Marc Pag\u00e8s M\u00e9doc 1979", "statistics": {"status": "BelowThreshold", "ratings_count": 0, "ratings_average": 0, "labels_count": 0, "reviews_count": 0}, "year": 1979, "grapes": null, "has_valid_ratings": false}, {"id": 154364504, "seo_name": "chateau-la-tour-de-by-heritage-marc-pages-medoc-1976", "name": "Ch\u00e2teau La Tour de By H\u00e9ritage Marc Pag\u00e8s M\u00e9doc 1976", "statistics": {"status": "BelowThreshold", "ratings_count": 0, "ratings_average": 0, "labels_count": 9, "reviews_count": 0}, "year": 1976, "grapes": null, "has_valid_ratings": false}, {"id": 154444018, "seo_name": "chateau-la-tour-de-by-heritage-marc-pages-medoc-1975", "name": "Ch\u00e2teau La Tour de By H\u00e9ritage Marc Pag\u00e8s M\u00e9doc 1975", "statistics": {"status": "BelowThreshold", "ratings_count": 2, "ratings_average": 0, "labels_count": 24, "reviews_count": 0}, "year": 1975, "grapes": null, "has_valid_ratings": false}, {"id": 165730640, "seo_name": "chateau-la-tour-de-by-heritage-marc-pages-medoc-1974", "name": "Ch\u00e2teau La Tour de By H\u00e9ritage Marc Pag\u00e8s M\u00e9doc 1974", "statistics": {"status": "BelowThreshold", "ratings_count": 0, "ratings_average": 0, "labels_count": 1, "reviews_count": 0}, "year": 1974, "grapes": null, "has_valid_ratings": false}, {"id": 154364509, "seo_name": "chateau-la-tour-de-by-heritage-marc-pages-medoc-1973", "name": "Ch\u00e2teau La Tour de By H\u00e9ritage Marc Pag\u00e8s M\u00e9doc 1973", "statistics": {"status": "BelowThreshold", "ratings_count": 0, "ratings_average": 0, "labels_count": 2, "reviews_count": 0}, "year": 1973, "grapes": null, "has_valid_ratings": false}, {"id": 147485834, "seo_name": "chateau-la-tour-de-by-heritage-marc-pages-medoc-1971", "name": "Ch\u00e2teau La Tour de By H\u00e9ritage Marc Pag\u00e8s M\u00e9doc 1971", "statistics": {"status": "BelowThreshold", "ratings_count": 0, "ratings_average": 0, "labels_count": 4, "reviews_count": 0}, "year": 1971, "grapes": null, "has_valid_ratings": false}, {"id": 146007648, "seo_name": "chateau-la-tour-de-by-heritage-marc-pages-medoc-1970", "name": "Ch\u00e2teau La Tour de By H\u00e9ritage Marc Pag\u00e8s M\u00e9doc 1970", "statistics": {"status": "BelowThreshold", "ratings_count": 0, "ratings_average": 0, "labels_count": 25, "reviews_count": 0}, "year": 1970, "grapes": null, "has_valid_ratings": false}, {"id": 154520201, "seo_name": "chateau-la-tour-de-by-heritage-marc-pages-medoc-1969", "name": "Ch\u00e2teau La Tour de By H\u00e9ritage Marc Pag\u00e8s M\u00e9doc 1969", "statistics": {"status": "BelowThreshold", "ratings_count": 0, "ratings_average": 0, "labels_count": 3, "reviews_count": 0}, "year": 1969, "grapes": null, "has_valid_ratings": false}, {"id": 152580551, "seo_name": "chateau-la-tour-de-by-heritage-marc-pages-medoc-1968", "name": "Ch\u00e2teau La Tour de By H\u00e9ritage Marc Pag\u00e8s M\u00e9doc 1968", "statistics": {"status": "BelowThreshold", "ratings_count": 0, "ratings_average": 0, "labels_count": 0, "reviews_count": 0}, "year": 1968, "grapes": null, "has_valid_ratings": false}, {"id": 159026743, "seo_name": "chateau-la-tour-de-by-heritage-marc-pages-medoc-1967", "name": "Ch\u00e2teau La Tour de By H\u00e9ritage Marc Pag\u00e8s M\u00e9doc 1967", "statistics": {"status": "BelowThreshold", "ratings_count": 1, "ratings_average": 0, "labels_count": 13, "reviews_count": 0}, "year": 1967, "grapes": null, "has_valid_ratings": false}, {"id": 152580571, "seo_name": "chateau-la-tour-de-by-heritage-marc-pages-medoc-1966", "name": "Ch\u00e2teau La Tour de By H\u00e9ritage Marc Pag\u00e8s M\u00e9doc 1966", "statistics": {"status": "BelowThreshold", "ratings_count": 0, "ratings_average": 0, "labels_count": 1, "reviews_count": 0}, "year": 1966, "grapes": null, "has_valid_ratings": false}, {"id": 158814788, "seo_name": "chateau-la-tour-de-by-heritage-marc-pages-medoc-1964", "name": "Ch\u00e2teau La Tour de By H\u00e9ritage Marc Pag\u00e8s M\u00e9doc 1964", "statistics": {"status": "BelowThreshold", "ratings_count": 0, "ratings_average": 0, "labels_count": 11, "reviews_count": 0}, "year": 1964, "grapes": null, "has_valid_ratings": false}, {"id": 154772102, "seo_name": "chateau-la-tour-de-by-heritage-marc-pages-medoc-1900", "name": "Ch\u00e2teau La Tour de By H\u00e9ritage Marc Pag\u00e8s M\u00e9doc 1900", "statistics": {"status": "BelowThreshold", "ratings_count": 0, "ratings_average": 0, "labels_count": 0, "reviews_count": 0}, "year": 1900, "grapes": null, "has_valid_ratings": false}, {"id": 2126887, "seo_name": "chateau-la-tour-de-by-heritage-marc-pages-medoc-uv", "name": "Ch\u00e2teau La Tour de By H\u00e9ritage Marc Pag\u00e8s M\u00e9doc", "statistics": {"status": "Normal", "ratings_count": 788, "ratings_average": 4.1, "labels_count": 7, "reviews_count": 5}, "year": 0, "grapes": null, "has_valid_ratings": true}], "description": "Dress with a deep garnet which hide jammy black fruit aromas are, licorice and very melted woody notes. The palate is fleshy, full and powerful, while presenting a sublime general harmony. The soft, palatable tannins ensure a promising future.", "grapes": [{"id": 2, "name": "Cabernet Sauvignon", "seo_name": "cabernet-sauvignon", "has_detailed_info": true, "wines_count": 801751}, {"id": 10, "name": "Merlot", "seo_name": "merlot", "has_detailed_info": true, "wines_count": 566719}], "foods": [{"id": 4, "name": "Beef", "background_image": {"location": "//images.vivino.com/backgrounds/foods/4_beef.png", "variations": {"small": "//images.vivino.com/backgrounds/foods/thumbs/4_beef_932x810.png"}}, "seo_name": "beef"}, {"id": 8, "name": "Lamb", "background_image": {"location": "//images.vivino.com/backgrounds/foods/8_lamb.png", "variations": {"small": "//images.vivino.com/backgrounds/foods/thumbs/8_lamb_932x810.png"}}, "seo_name": "lamb"}, {"id": 11, "name": "Game (deer, venison)", "background_image": {"location": "//images.vivino.com/backgrounds/foods/11_venison.png", "variations": {"small": "//images.vivino.com/backgrounds/foods/thumbs/11_venison_932x810.png"}}, "seo_name": "game"}, {"id": 20, "name": "Poultry", "background_image": {"location": "//images.vivino.com/backgrounds/foods/20_chicken.png", "variations": {"small": "//images.vivino.com/backgrounds/foods/thumbs/20_chicken_932x810.png"}}, "seo_name": "poultry"}], "non_vintage": false, "alcohol": 0, "sweetness_id": null, "closure": null, "vintage_mask_raw": null, "updated_at": "2019-04-11T08:54:11Z", "created_at": "2012-10-29T12:31:26Z", "is_first_wine": false, "style": {"id": 262, "seo_name": "bordeaux-left-bank-medoc", "regional_name": "Bordeaux Left Bank", "varietal_name": "M\u00e9doc", "name": "Bordeaux M\u00e9doc", "image": null, "background_image": {"location": "//images.vivino.com/backgrounds/styles/utv1g_0gQhaotjJ-cERVXA.jpg", "variations": {"small": "//images.vivino.com/backgrounds/styles/thumbs/utv1g_0gQhaotjJ-cERVXA_932x810.jpg"}}, "description": "M\u00e9doc wines tend to be ruby in color, balanced and well-rounded on the palate with notes of cassis, cherries and earth, with firm tannins.\n\nWhile most Bordeaux wines require aging, those labeled simply 'M\u00e9doc' tend to be lighter in style and more approachable in their youth.\n\nGrown on gravel rich soils in the Left Bank of Bordeaux, wines from the M\u00e9doc are predominantly Cabernet Sauvignon and Merlot blends, but sometimes see the addition of Petit Verdot and Malbec.", "blurb": null, "interesting_facts": ["The M\u00e9doc is the wettest region in Bordeaux\u2014rot is a regular threat and necessitates spraying.", "Out of thousands of wine regions around the globe, Bordeaux's M\u00e9doc region is the most famous, revered for its gravel soils. Gravel provides for excellent drainage while also retaining heat, which aids in the ripening of thick-skinned black grapes like Cabernet Sauvignon.", "Believing there would be increased demand for red Bordeaux, growers planted the whole of the M\u00e9doc aggressively in 1990s and early 2000s. Their prediction was wrong, and many ended up in financial difficulty as a result.", "Only red wines are permitted to be made in the M\u00e9doc."], "body": 4, "body_description": "Full-bodied", "acidity": 3, "acidity_description": "High", "country": {"code": "fr", "name": "France", "native_name": "France", "seo_name": "france", "currency": {"code": "EUR", "name": "Euros", "prefix": "\u20ac", "suffix": null}, "regions_count": 1292, "users_count": 5068363, "wines_count": 542471, "wineries_count": 67002, "most_used_grapes": [{"id": 14, "name": "Pinot Noir", "seo_name": "pinot-noir", "has_detailed_info": true, "wines_count": 572334}, {"id": 10, "name": "Merlot", "seo_name": "merlot", "has_detailed_info": true, "wines_count": 566719}, {"id": 5, "name": "Chardonnay", "seo_name": "chardonnay", "has_detailed_info": true, "wines_count": 604208}]}, "wine_type_id": 1, "food": [{"id": 4, "name": "Beef", "background_image": {"location": "//images.vivino.com/backgrounds/foods/4_beef.png", "variations": {"small": "//images.vivino.com/backgrounds/foods/thumbs/4_beef_932x810.png"}}, "seo_name": "beef"}, {"id": 8, "name": "Lamb", "background_image": {"location": "//images.vivino.com/backgrounds/foods/8_lamb.png", "variations": {"small": "//images.vivino.com/backgrounds/foods/thumbs/8_lamb_932x810.png"}}, "seo_name": "lamb"}, {"id": 11, "name": "Game (deer, venison)", "background_image": {"location": "//images.vivino.com/backgrounds/foods/11_venison.png", "variations": {"small": "//images.vivino.com/backgrounds/foods/thumbs/11_venison_932x810.png"}}, "seo_name": "game"}, {"id": 20, "name": "Poultry", "background_image": {"location": "//images.vivino.com/backgrounds/foods/20_chicken.png", "variations": {"small": "//images.vivino.com/backgrounds/foods/thumbs/20_chicken_932x810.png"}}, "seo_name": "poultry"}], "grapes": [{"id": 2, "name": "Cabernet Sauvignon", "seo_name": "cabernet-sauvignon", "has_detailed_info": true, "wines_count": 801751}, {"id": 3, "name": "Cabernet Franc", "seo_name": "cabernet-franc", "has_detailed_info": true, "wines_count": 269578}, {"id": 9, "name": "Malbec", "seo_name": "malbec", "has_detailed_info": true, "wines_count": 219735}, {"id": 10, "name": "Merlot", "seo_name": "merlot", "has_detailed_info": true, "wines_count": 566719}, {"id": 42, "name": "Petit Verdot", "seo_name": "petit-verdot", "has_detailed_info": true, "wines_count": 82567}, {"id": 51, "name": "Carm\u00e9n\u00e8re", "seo_name": "carmenere", "has_detailed_info": true, "wines_count": 50087}], "region": {"id": 383, "name": "Bordeaux", "name_en": "", "seo_name": "bordeaux", "country": {"code": "fr", "name": "France", "native_name": "France", "seo_name": "france", "currency": {"code": "EUR", "name": "Euros", "prefix": "\u20ac", "suffix": null}, "regions_count": 1292, "users_count": 5068363, "wines_count": 542471, "wineries_count": 67002, "most_used_grapes": [{"id": 14, "name": "Pinot Noir", "seo_name": "pinot-noir", "has_detailed_info": true, "wines_count": 572334}, {"id": 10, "name": "Merlot", "seo_name": "merlot", "has_detailed_info": true, "wines_count": 566719}, {"id": 5, "name": "Chardonnay", "seo_name": "chardonnay", "has_detailed_info": true, "wines_count": 604208}]}, "parent_id": null, "background_image": {"location": "//images.vivino.com/regions/backgrounds/sbzA7h1ITnaHABaVqWJ4CA.jpg", "variations": {"large": "//thumbs.vivino.com/region_backgrounds/sbzA7h1ITnaHABaVqWJ4CA_1280x760.jpg", "medium": "//thumbs.vivino.com/region_backgrounds/sbzA7h1ITnaHABaVqWJ4CA_600x356.jpg"}}, "class": {"typecast_map": {"background_image": {}, "class": {}}}, "statistics": {"wineries_count": 13330, "wines_count": 41775, "sub_regions_count": 12, "parent_regions_count": 0}}}, "has_valid_ratings": true}, "highlights": [{"vintage_id": 5589455, "highlight_type": "best_user_rated", "message": "This vintage rates better than any other year for this wine", "icon": "https://images.vivino.com/highlights/icon/best_user_rated.svg", "metadata": {"price": null, "wine_id": 1313635, "toplist": null, "ws_award": null, "critic_review_id": null, "ratings_average": 4.5, "ratings_count": 18, "vintage_year": "1982", "rank_type": "global", "ranks": {"country": {"description": "Rank within France", "total": 2497563, "rank": 60509}, "region": {"description": "Rank within Wine Region", "total": 72256, "rank": 3428}, "winery": {"description": "Rank within Winery", "total": 259, "rank": 5}, "global": {"description": "Global Rank", "total": 8944549, "rank": 234917}}, "style": {"id": 262, "seo_name": "bordeaux-left-bank-medoc", "regional_name": "Bordeaux Left Bank", "varietal_name": "M\u00e9doc", "name": "Bordeaux M\u00e9doc", "image": null, "background_image": {"location": "//images.vivino.com/backgrounds/styles/utv1g_0gQhaotjJ-cERVXA.jpg", "variations": {"small": "//images.vivino.com/backgrounds/styles/thumbs/utv1g_0gQhaotjJ-cERVXA_932x810.jpg"}}, "description": "M\u00e9doc wines tend to be ruby in color, balanced and well-rounded on the palate with notes of cassis, cherries and earth, with firm tannins.\n\nWhile most Bordeaux wines require aging, those labeled simply 'M\u00e9doc' tend to be lighter in style and more approachable in their youth.\n\nGrown on gravel rich soils in the Left Bank of Bordeaux, wines from the M\u00e9doc are predominantly Cabernet Sauvignon and Merlot blends, but sometimes see the addition of Petit Verdot and Malbec.", "blurb": null, "interesting_facts": ["The M\u00e9doc is the wettest region in Bordeaux\u2014rot is a regular threat and necessitates spraying.", "Out of thousands of wine regions around the globe, Bordeaux's M\u00e9doc region is the most famous, revered for its gravel soils. Gravel provides for excellent drainage while also retaining heat, which aids in the ripening of thick-skinned black grapes like Cabernet Sauvignon.", "Believing there would be increased demand for red Bordeaux, growers planted the whole of the M\u00e9doc aggressively in 1990s and early 2000s. Their prediction was wrong, and many ended up in financial difficulty as a result.", "Only red wines are permitted to be made in the M\u00e9doc."], "body": 4, "body_description": "Full-bodied", "acidity": 3, "acidity_description": "High", "country": {"code": "fr", "name": "France", "native_name": "France", "seo_name": "france", "currency": {"code": "EUR", "name": "Euros", "prefix": "\u20ac", "suffix": null}, "regions_count": 1292, "users_count": 5068363, "wines_count": 542471, "wineries_count": 67002, "most_used_grapes": [{"id": 14, "name": "Pinot Noir", "seo_name": "pinot-noir", "has_detailed_info": true, "wines_count": 572334}, {"id": 10, "name": "Merlot", "seo_name": "merlot", "has_detailed_info": true, "wines_count": 566719}, {"id": 5, "name": "Chardonnay", "seo_name": "chardonnay", "has_detailed_info": true, "wines_count": 604208}]}, "wine_type_id": 1, "food": [{"id": 4, "name": "Beef", "background_image": {"location": "//images.vivino.com/backgrounds/foods/4_beef.png", "variations": {"small": "//images.vivino.com/backgrounds/foods/thumbs/4_beef_932x810.png"}}, "seo_name": "beef"}, {"id": 8, "name": "Lamb", "background_image": {"location": "//images.vivino.com/backgrounds/foods/8_lamb.png", "variations": {"small": "//images.vivino.com/backgrounds/foods/thumbs/8_lamb_932x810.png"}}, "seo_name": "lamb"}, {"id": 11, "name": "Game (deer, venison)", "background_image": {"location": "//images.vivino.com/backgrounds/foods/11_venison.png", "variations": {"small": "//images.vivino.com/backgrounds/foods/thumbs/11_venison_932x810.png"}}, "seo_name": "game"}, {"id": 20, "name": "Poultry", "background_image": {"location": "//images.vivino.com/backgrounds/foods/20_chicken.png", "variations": {"small": "//images.vivino.com/backgrounds/foods/thumbs/20_chicken_932x810.png"}}, "seo_name": "poultry"}], "grapes": [{"id": 2, "name": "Cabernet Sauvignon", "seo_name": "cabernet-sauvignon", "has_detailed_info": true, "wines_count": 801751}, {"id": 3, "name": "Cabernet Franc", "seo_name": "cabernet-franc", "has_detailed_info": true, "wines_count": 269578}, {"id": 9, "name": "Malbec", "seo_name": "malbec", "has_detailed_info": true, "wines_count": 219735}, {"id": 10, "name": "Merlot", "seo_name": "merlot", "has_detailed_info": true, "wines_count": 566719}, {"id": 42, "name": "Petit Verdot", "seo_name": "petit-verdot", "has_detailed_info": true, "wines_count": 82567}, {"id": 51, "name": "Carm\u00e9n\u00e8re", "seo_name": "carmenere", "has_detailed_info": true, "wines_count": 50087}], "region": {"id": 383, "name": "Bordeaux", "name_en": "", "seo_name": "bordeaux", "country": {"code": "fr", "name": "France", "native_name": "France", "seo_name": "france", "currency": {"code": "EUR", "name": "Euros", "prefix": "\u20ac", "suffix": null}, "regions_count": 1292, "users_count": 5068363, "wines_count": 542471, "wineries_count": 67002, "most_used_grapes": [{"id": 14, "name": "Pinot Noir", "seo_name": "pinot-noir", "has_detailed_info": true, "wines_count": 572334}, {"id": 10, "name": "Merlot", "seo_name": "merlot", "has_detailed_info": true, "wines_count": 566719}, {"id": 5, "name": "Chardonnay", "seo_name": "chardonnay", "has_detailed_info": true, "wines_count": 604208}]}, "parent_id": null, "background_image": {"location": "//images.vivino.com/regions/backgrounds/sbzA7h1ITnaHABaVqWJ4CA.jpg", "variations": {"large": "//thumbs.vivino.com/region_backgrounds/sbzA7h1ITnaHABaVqWJ4CA_1280x760.jpg", "medium": "//thumbs.vivino.com/region_backgrounds/sbzA7h1ITnaHABaVqWJ4CA_600x356.jpg"}}, "class": {"typecast_map": {"background_image": {}, "class": {}}}, "statistics": {"wineries_count": 13330, "wines_count": 41775, "sub_regions_count": 12, "parent_regions_count": 0}}}}, "vintage_year": 1982}, {"vintage_id": 11026919, "highlight_type": "most_user_rated", "message": "Popular among Vivino users. More than 100 ratings", "icon": "https://images.vivino.com/highlights/icon/most_user_rated.svg", "metadata": {"price": null, "wine_id": 1313635, "toplist": null, "ws_award": null, "critic_review_id": null, "ratings_average": 4.2, "ratings_count": 105, "vintage_year": "2000", "rank_type": "global", "ranks": {"country": {"description": "Rank within France", "total": 2497563, "rank": 28619}, "region": {"description": "Rank within Wine Region", "total": 72256, "rank": 2002}, "winery": {"description": "Rank within Winery", "total": 259, "rank": 1}, "global": {"description": "Global Rank", "total": 8944549, "rank": 118821}}, "style": {"id": 262, "seo_name": "bordeaux-left-bank-medoc", "regional_name": "Bordeaux Left Bank", "varietal_name": "M\u00e9doc", "name": "Bordeaux M\u00e9doc", "image": null, "background_image": {"location": "//images.vivino.com/backgrounds/styles/utv1g_0gQhaotjJ-cERVXA.jpg", "variations": {"small": "//images.vivino.com/backgrounds/styles/thumbs/utv1g_0gQhaotjJ-cERVXA_932x810.jpg"}}, "description": "M\u00e9doc wines tend to be ruby in color, balanced and well-rounded on the palate with notes of cassis, cherries and earth, with firm tannins.\n\nWhile most Bordeaux wines require aging, those labeled simply 'M\u00e9doc' tend to be lighter in style and more approachable in their youth.\n\nGrown on gravel rich soils in the Left Bank of Bordeaux, wines from the M\u00e9doc are predominantly Cabernet Sauvignon and Merlot blends, but sometimes see the addition of Petit Verdot and Malbec.", "blurb": null, "interesting_facts": ["The M\u00e9doc is the wettest region in Bordeaux\u2014rot is a regular threat and necessitates spraying.", "Out of thousands of wine regions around the globe, Bordeaux's M\u00e9doc region is the most famous, revered for its gravel soils. Gravel provides for excellent drainage while also retaining heat, which aids in the ripening of thick-skinned black grapes like Cabernet Sauvignon.", "Believing there would be increased demand for red Bordeaux, growers planted the whole of the M\u00e9doc aggressively in 1990s and early 2000s. Their prediction was wrong, and many ended up in financial difficulty as a result.", "Only red wines are permitted to be made in the M\u00e9doc."], "body": 4, "body_description": "Full-bodied", "acidity": 3, "acidity_description": "High", "country": {"code": "fr", "name": "France", "native_name": "France", "seo_name": "france", "currency": {"code": "EUR", "name": "Euros", "prefix": "\u20ac", "suffix": null}, "regions_count": 1292, "users_count": 5068363, "wines_count": 542471, "wineries_count": 67002, "most_used_grapes": [{"id": 14, "name": "Pinot Noir", "seo_name": "pinot-noir", "has_detailed_info": true, "wines_count": 572334}, {"id": 10, "name": "Merlot", "seo_name": "merlot", "has_detailed_info": true, "wines_count": 566719}, {"id": 5, "name": "Chardonnay", "seo_name": "chardonnay", "has_detailed_info": true, "wines_count": 604208}]}, "wine_type_id": 1, "food": [{"id": 4, "name": "Beef", "background_image": {"location": "//images.vivino.com/backgrounds/foods/4_beef.png", "variations": {"small": "//images.vivino.com/backgrounds/foods/thumbs/4_beef_932x810.png"}}, "seo_name": "beef"}, {"id": 8, "name": "Lamb", "background_image": {"location": "//images.vivino.com/backgrounds/foods/8_lamb.png", "variations": {"small": "//images.vivino.com/backgrounds/foods/thumbs/8_lamb_932x810.png"}}, "seo_name": "lamb"}, {"id": 11, "name": "Game (deer, venison)", "background_image": {"location": "//images.vivino.com/backgrounds/foods/11_venison.png", "variations": {"small": "//images.vivino.com/backgrounds/foods/thumbs/11_venison_932x810.png"}}, "seo_name": "game"}, {"id": 20, "name": "Poultry", "background_image": {"location": "//images.vivino.com/backgrounds/foods/20_chicken.png", "variations": {"small": "//images.vivino.com/backgrounds/foods/thumbs/20_chicken_932x810.png"}}, "seo_name": "poultry"}], "grapes": [{"id": 2, "name": "Cabernet Sauvignon", "seo_name": "cabernet-sauvignon", "has_detailed_info": true, "wines_count": 801751}, {"id": 3, "name": "Cabernet Franc", "seo_name": "cabernet-franc", "has_detailed_info": true, "wines_count": 269578}, {"id": 9, "name": "Malbec", "seo_name": "malbec", "has_detailed_info": true, "wines_count": 219735}, {"id": 10, "name": "Merlot", "seo_name": "merlot", "has_detailed_info": true, "wines_count": 566719}, {"id": 42, "name": "Petit Verdot", "seo_name": "petit-verdot", "has_detailed_info": true, "wines_count": 82567}, {"id": 51, "name": "Carm\u00e9n\u00e8re", "seo_name": "carmenere", "has_detailed_info": true, "wines_count": 50087}], "region": {"id": 383, "name": "Bordeaux", "name_en": "", "seo_name": "bordeaux", "country": {"code": "fr", "name": "France", "native_name": "France", "seo_name": "france", "currency": {"code": "EUR", "name": "Euros", "prefix": "\u20ac", "suffix": null}, "regions_count": 1292, "users_count": 5068363, "wines_count": 542471, "wineries_count": 67002, "most_used_grapes": [{"id": 14, "name": "Pinot Noir", "seo_name": "pinot-noir", "has_detailed_info": true, "wines_count": 572334}, {"id": 10, "name": "Merlot", "seo_name": "merlot", "has_detailed_info": true, "wines_count": 566719}, {"id": 5, "name": "Chardonnay", "seo_name": "chardonnay", "has_detailed_info": true, "wines_count": 604208}]}, "parent_id": null, "background_image": {"location": "//images.vivino.com/regions/backgrounds/sbzA7h1ITnaHABaVqWJ4CA.jpg", "variations": {"large": "//thumbs.vivino.com/region_backgrounds/sbzA7h1ITnaHABaVqWJ4CA_1280x760.jpg", "medium": "//thumbs.vivino.com/region_backgrounds/sbzA7h1ITnaHABaVqWJ4CA_600x356.jpg"}}, "class": {"typecast_map": {"background_image": {}, "class": {}}}, "statistics": {"wineries_count": 13330, "wines_count": 41775, "sub_regions_count": 12, "parent_regions_count": 0}}}}, "vintage_year": 2000}, {"vintage_id": 1608910, "highlight_type": "top_ranked", "message": "Among top 2% of all wines in the world", "icon": "https://images.vivino.com/highlights/icon/top_ranked.svg", "metadata": {"price": null, "wine_id": 1313635, "toplist": null, "ws_award": null, "critic_review_id": null, "ratings_average": 4.2, "ratings_count": 93, "vintage_year": "2001", "rank_type": "global", "ranks": {"country": {"description": "Rank within France", "total": 2497563, "rank": 31929}, "region": {"description": "Rank within Wine Region", "total": 72256, "rank": 2117}, "winery": {"description": "Rank within Winery", "total": 259, "rank": 2}, "global": {"description": "Global Rank", "total": 8944549, "rank": 131189}}, "style": {"id": 262, "seo_name": "bordeaux-left-bank-medoc", "regional_name": "Bordeaux Left Bank", "varietal_name": "M\u00e9doc", "name": "Bordeaux M\u00e9doc", "image": null, "background_image": {"location": "//images.vivino.com/backgrounds/styles/utv1g_0gQhaotjJ-cERVXA.jpg", "variations": {"small": "//images.vivino.com/backgrounds/styles/thumbs/utv1g_0gQhaotjJ-cERVXA_932x810.jpg"}}, "description": "M\u00e9doc wines tend to be ruby in color, balanced and well-rounded on the palate with notes of cassis, cherries and earth, with firm tannins.\n\nWhile most Bordeaux wines require aging, those labeled simply 'M\u00e9doc' tend to be lighter in style and more approachable in their youth.\n\nGrown on gravel rich soils in the Left Bank of Bordeaux, wines from the M\u00e9doc are predominantly Cabernet Sauvignon and Merlot blends, but sometimes see the addition of Petit Verdot and Malbec.", "blurb": null, "interesting_facts": ["The M\u00e9doc is the wettest region in Bordeaux\u2014rot is a regular threat and necessitates spraying.", "Out of thousands of wine regions around the globe, Bordeaux's M\u00e9doc region is the most famous, revered for its gravel soils. Gravel provides for excellent drainage while also retaining heat, which aids in the ripening of thick-skinned black grapes like Cabernet Sauvignon.", "Believing there would be increased demand for red Bordeaux, growers planted the whole of the M\u00e9doc aggressively in 1990s and early 2000s. Their prediction was wrong, and many ended up in financial difficulty as a result.", "Only red wines are permitted to be made in the M\u00e9doc."], "body": 4, "body_description": "Full-bodied", "acidity": 3, "acidity_description": "High", "country": {"code": "fr", "name": "France", "native_name": "France", "seo_name": "france", "currency": {"code": "EUR", "name": "Euros", "prefix": "\u20ac", "suffix": null}, "regions_count": 1292, "users_count": 5068363, "wines_count": 542471, "wineries_count": 67002, "most_used_grapes": [{"id": 14, "name": "Pinot Noir", "seo_name": "pinot-noir", "has_detailed_info": true, "wines_count": 572334}, {"id": 10, "name": "Merlot", "seo_name": "merlot", "has_detailed_info": true, "wines_count": 566719}, {"id": 5, "name": "Chardonnay", "seo_name": "chardonnay", "has_detailed_info": true, "wines_count": 604208}]}, "wine_type_id": 1, "food": [{"id": 4, "name": "Beef", "background_image": {"location": "//images.vivino.com/backgrounds/foods/4_beef.png", "variations": {"small": "//images.vivino.com/backgrounds/foods/thumbs/4_beef_932x810.png"}}, "seo_name": "beef"}, {"id": 8, "name": "Lamb", "background_image": {"location": "//images.vivino.com/backgrounds/foods/8_lamb.png", "variations": {"small": "//images.vivino.com/backgrounds/foods/thumbs/8_lamb_932x810.png"}}, "seo_name": "lamb"}, {"id": 11, "name": "Game (deer, venison)", "background_image": {"location": "//images.vivino.com/backgrounds/foods/11_venison.png", "variations": {"small": "//images.vivino.com/backgrounds/foods/thumbs/11_venison_932x810.png"}}, "seo_name": "game"}, {"id": 20, "name": "Poultry", "background_image": {"location": "//images.vivino.com/backgrounds/foods/20_chicken.png", "variations": {"small": "//images.vivino.com/backgrounds/foods/thumbs/20_chicken_932x810.png"}}, "seo_name": "poultry"}], "grapes": [{"id": 2, "name": "Cabernet Sauvignon", "seo_name": "cabernet-sauvignon", "has_detailed_info": true, "wines_count": 801751}, {"id": 3, "name": "Cabernet Franc", "seo_name": "cabernet-franc", "has_detailed_info": true, "wines_count": 269578}, {"id": 9, "name": "Malbec", "seo_name": "malbec", "has_detailed_info": true, "wines_count": 219735}, {"id": 10, "name": "Merlot", "seo_name": "merlot", "has_detailed_info": true, "wines_count": 566719}, {"id": 42, "name": "Petit Verdot", "seo_name": "petit-verdot", "has_detailed_info": true, "wines_count": 82567}, {"id": 51, "name": "Carm\u00e9n\u00e8re", "seo_name": "carmenere", "has_detailed_info": true, "wines_count": 50087}], "region": {"id": 383, "name": "Bordeaux", "name_en": "", "seo_name": "bordeaux", "country": {"code": "fr", "name": "France", "native_name": "France", "seo_name": "france", "currency": {"code": "EUR", "name": "Euros", "prefix": "\u20ac", "suffix": null}, "regions_count": 1292, "users_count": 5068363, "wines_count": 542471, "wineries_count": 67002, "most_used_grapes": [{"id": 14, "name": "Pinot Noir", "seo_name": "pinot-noir", "has_detailed_info": true, "wines_count": 572334}, {"id": 10, "name": "Merlot", "seo_name": "merlot", "has_detailed_info": true, "wines_count": 566719}, {"id": 5, "name": "Chardonnay", "seo_name": "chardonnay", "has_detailed_info": true, "wines_count": 604208}]}, "parent_id": null, "background_image": {"location": "//images.vivino.com/regions/backgrounds/sbzA7h1ITnaHABaVqWJ4CA.jpg", "variations": {"large": "//thumbs.vivino.com/region_backgrounds/sbzA7h1ITnaHABaVqWJ4CA_1280x760.jpg", "medium": "//thumbs.vivino.com/region_backgrounds/sbzA7h1ITnaHABaVqWJ4CA_600x356.jpg"}}, "class": {"typecast_map": {"background_image": {}, "class": {}}}, "statistics": {"wineries_count": 13330, "wines_count": 41775, "sub_regions_count": 12, "parent_regions_count": 0}}}}, "vintage_year": 2001}], "recommended_vintages": [{"vintage": {"id": 5589455, "seo_name": "chateau-la-tour-de-by-heritage-marc-pages-medoc-1982", "name": "Ch\u00e2teau La Tour de By H\u00e9ritage Marc Pag\u00e8s M\u00e9doc 1982", "statistics": {"status": "Normal", "ratings_count": 18, "ratings_average": 4.5, "labels_count": 55, "reviews_count": 7}, "year": 1982, "grapes": null, "has_valid_ratings": true}, "type": "best_user_rated", "highlight_icon": "https://images.vivino.com/highlights/icon/best_user_rated.svg", "price": null}, {"vintage": {"id": 11026919, "seo_name": "chateau-la-tour-de-by-heritage-marc-pages-medoc-2000", "name": "Ch\u00e2teau La Tour de By H\u00e9ritage Marc Pag\u00e8s M\u00e9doc 2000", "statistics": {"status": "Normal", "ratings_count": 105, "ratings_average": 4.2, "labels_count": 1071, "reviews_count": 31}, "year": 2000, "grapes": null, "has_valid_ratings": true}, "type": "most_user_rated", "highlight_icon": "https://images.vivino.com/highlights/icon/most_user_rated.svg", "price": null}, {"vintage": {"id": 1608910, "seo_name": "chateau-la-tour-de-by-heritage-marc-pages-medoc-2001", "name": "Ch\u00e2teau La Tour de By H\u00e9ritage Marc Pag\u00e8s M\u00e9doc 2001", "statistics": {"status": "Normal", "ratings_count": 93, "ratings_average": 4.2, "labels_count": 884, "reviews_count": 29}, "year": 2001, "grapes": null, "has_valid_ratings": true}, "type": "top_ranked", "highlight_icon": "https://images.vivino.com/highlights/icon/top_ranked.svg", "price": null}], "prices_and_availabilities": [], "price_range": {"currency": {"code": "EUR", "name": "Euros", "prefix": "\u20ac", "suffix": null}, "price_range": {"minimum": 0, "maximum": 500, "currency_code": "EUR"}, "defaults": {"minimum": 7, "maximum": 30, "currency_code": "EUR"}}, "subtotal_price": null}