{"tastes": {"structure": {"acidity": 3.9835646, "fizziness": null, "intensity": 2.6033657, "sweetness": 1.4002061, "tannin": null, "user_structure_count": 114, "calculated_structure_count": 214}, "flavor": [{"group": "citrus_fruit", "stats": {"count": 131, "score": 16200, "mentions_count": 162}, "primary_keywords": [{"id": 106, "name": "Zitrone", "count": 65}, {"id": 190, "name": "Grapefruit", "count": 58}, {"id": 252, "name": "Limette", "count": 25}, {"id": 243, "name": "Zitrone", "count": 9}, {"id": 330, "name": "Rosa Grapefruit", "count": 2}, {"id": 248, "name": "Zitronenw\u00fcrze", "count": 1}, {"id": 254, "name": "Limettenmark", "count": 1}, {"id": 54, "name": "Blutorange", "count": 1}]}, {"group": "vegetal", "stats": {"count": 110, "score": 14100, "mentions_count": 141}, "primary_keywords": [{"id": 185, "name": "Stachelbeere", "count": 62}, {"id": 193, "name": "Gras", "count": 42}, {"id": 16, "name": "Spargel", "count": 21}, {"id": 399, "name": "Stroh", "count": 5}, {"id": 172, "name": "Frisch geschnittenes Gras", "count": 5}, {"id": 197, "name": "Gr\u00fcne Paprika", "count": 2}, {"id": 468, "name": "Katzenurin", "count": 2}, {"id": 212, "name": "Heu", "count": 1}, {"id": 84, "name": "Sellerie", "count": 1}]}, {"group": "tree_fruit", "stats": {"count": 81, "score": 9100, "mentions_count": 91}, "primary_keywords": [{"id": 271, "name": "Melone", "count": 51}, {"id": 199, "name": "Gr\u00fcne Feige", "count": 10}, {"id": 315, "name": "Birne", "count": 6}, {"id": 310, "name": "Pfirsich", "count": 5}, {"id": 195, "name": "Gr\u00fcner Apfel", "count": 4}, {"id": 469, "name": "Steinfrucht", "count": 4}, {"id": 11, "name": "Aprikose", "count": 4}, {"id": 9, "name": "Apfel", "count": 3}, {"id": 202, "name": "Gr\u00fcne Melone", "count": 2}, {"id": 220, "name": "Honigmelone", "count": 1}, {"id": 448, "name": "Wei\u00dfer Pfirsich", "count": 1}]}, {"group": "tropical_fruit", "stats": {"count": 66, "score": 8133, "mentions_count": 81}, "primary_keywords": [{"id": 428, "name": "Tropisch", "count": 34}, {"id": 210, "name": "Guave", "count": 21}, {"id": 306, "name": "Passionsfrucht", "count": 11}, {"id": 329, "name": "Ananas", "count": 6}, {"id": 237, "name": "Kiwi", "count": 5}, {"id": 261, "name": "Mango", "count": 2}, {"id": 256, "name": "Litschi", "count": 1}, {"id": 304, "name": "Papaya", "count": 1}], "secondary_keywords": [{"id": 23, "name": "Banane", "count": 1}]}, {"group": "earth", "stats": {"count": 43, "score": 4598, "mentions_count": 46}, "primary_keywords": [{"id": 276, "name": "Mineralien", "count": 29}, {"id": 164, "name": "Feuerstein", "count": 6}, {"id": 398, "name": "Stein", "count": 5}, {"id": 384, "name": "Rauch", "count": 1}, {"id": 156, "name": "Erdig", "count": 1}, {"id": 383, "name": "Schiefer", "count": 1}, {"id": 242, "name": "Leder", "count": 1}, {"id": 377, "name": "Salz", "count": 1}, {"id": 218, "name": "Honig", "count": 1}], "secondary_keywords": [{"id": 280, "name": "Mokka", "count": 2}, {"id": 134, "name": "Dunkle Schokolade", "count": 1}]}, {"group": "spices", "stats": {"count": 22, "score": 1924, "mentions_count": 19}, "primary_keywords": [{"id": 320, "name": "Pfeffer", "count": 7}, {"id": 277, "name": "Minze", "count": 5}, {"id": 449, "name": "Weiter Pfeffer", "count": 3}, {"id": 228, "name": "Jalapeno", "count": 1}, {"id": 159, "name": "Eukalyptus", "count": 1}, {"id": 245, "name": "Zitronengras", "count": 1}, {"id": 205, "name": "Gr\u00fcnes Pfefferkorn", "count": 1}], "secondary_keywords": [{"id": 434, "name": "Vanille", "count": 4}]}, {"group": "oak", "stats": {"count": 13, "score": 1020, "mentions_count": 12}, "primary_keywords": [{"id": 434, "name": "Vanille", "count": 4}, {"id": 280, "name": "Mokka", "count": 2}, {"id": 70, "name": "Butter", "count": 2}, {"id": 101, "name": "Schokolade", "count": 1}, {"id": 117, "name": "Kaffee", "count": 1}, {"id": 134, "name": "Dunkle Schokolade", "count": 1}, {"id": 292, "name": "Eiche", "count": 1}], "secondary_keywords": [{"id": 384, "name": "Rauch", "count": 1}, {"id": 242, "name": "Leder", "count": 1}]}, {"group": "microbio", "stats": {"count": 9, "score": 733, "mentions_count": 7}, "primary_keywords": [{"id": 123, "name": "Creme", "count": 4}, {"id": 91, "name": "K\u00e4se", "count": 2}, {"id": 23, "name": "Banane", "count": 1}], "secondary_keywords": [{"id": 70, "name": "Butter", "count": 2}]}, {"group": "non_oak", "stats": {"count": 10, "score": 292, "mentions_count": 2}, "primary_keywords": [{"id": 414, "name": "Teriyaki", "count": 1}, {"id": 316, "name": "Pekannuss", "count": 1}], "secondary_keywords": [{"id": 434, "name": "Vanille", "count": 4}, {"id": 280, "name": "Mokka", "count": 2}, {"id": 384, "name": "Rauch", "count": 1}, {"id": 117, "name": "Kaffee", "count": 1}]}, {"group": "floral", "stats": {"count": 1, "score": 100, "mentions_count": 1}, "primary_keywords": [{"id": 180, "name": "Geranie", "count": 1}]}, {"group": "black_fruit", "stats": {"count": 1, "score": 100, "mentions_count": 1}, "primary_keywords": [{"id": 52, "name": "Schwarze Johannisbeere", "count": 1}]}]}, "vivino_id": "76159"}