{"tastes": {"structure": {"acidity": 3.0481544, "fizziness": null, "intensity": 3.9204643, "sweetness": 1.8128612, "tannin": 2.9466648, "user_structure_count": 437, "calculated_structure_count": 338}, "flavor": [{"group": "oak", "stats": {"count": 269, "score": 38201, "mentions_count": 398}, "primary_keywords": [{"id": 292, "name": "oak", "count": 142}, {"id": 434, "name": "vanilla", "count": 96}, {"id": 101, "name": "chocolate", "count": 68}, {"id": 422, "name": "tobacco", "count": 27}, {"id": 117, "name": "coffee", "count": 13}, {"id": 134, "name": "dark chocolate", "count": 9}, {"id": 112, "name": "clove", "count": 8}, {"id": 83, "name": "cedar", "count": 6}, {"id": 280, "name": "mocha", "count": 4}, {"id": 275, "name": "milk chocolate", "count": 4}, {"id": 79, "name": "caramel", "count": 4}, {"id": 21, "name": "baking spice", "count": 4}, {"id": 70, "name": "butter", "count": 3}, {"id": 290, "name": "nutmeg", "count": 2}, {"id": 103, "name": "cigar", "count": 2}, {"id": 115, "name": "coconut", "count": 2}, {"id": 5, "name": "allspice", "count": 1}, {"id": 118, "name": "cola", "count": 1}, {"id": 424, "name": "toffee", "count": 1}, {"id": 158, "name": "espresso", "count": 1}], "secondary_keywords": [{"id": 242, "name": "leather", "count": 60}, {"id": 384, "name": "smoke", "count": 38}, {"id": 113, "name": "cocoa", "count": 4}, {"id": 105, "name": "cinnamon", "count": 4}]}, {"group": "black_fruit", "stats": {"count": 204, "score": 29581, "mentions_count": 301}, "primary_keywords": [{"id": 49, "name": "blackberry", "count": 83}, {"id": 334, "name": "plum", "count": 50}, {"id": 52, "name": "blackcurrant", "count": 42}, {"id": 39, "name": "black fruit", "count": 28}, {"id": 55, "name": "blueberry", "count": 27}, {"id": 38, "name": "black cherry", "count": 22}, {"id": 135, "name": "dark fruit", "count": 16}, {"id": 470, "name": "cassis", "count": 15}, {"id": 229, "name": "jam", "count": 9}, {"id": 43, "name": "black plum", "count": 2}, {"id": 50, "name": "blackberry jam", "count": 2}, {"id": 360, "name": "ripe blackberry", "count": 2}, {"id": 31, "name": "berry jam", "count": 1}, {"id": 33, "name": "bilberry", "count": 1}, {"id": 56, "name": "boysenberry", "count": 1}], "secondary_keywords": [{"id": 341, "name": "prune", "count": 5}]}, {"group": "earth", "stats": {"count": 143, "score": 13555, "mentions_count": 151}, "primary_keywords": [{"id": 242, "name": "leather", "count": 60}, {"id": 384, "name": "smoke", "count": 38}, {"id": 156, "name": "earthy", "count": 16}, {"id": 22, "name": "balsamic", "count": 5}, {"id": 284, "name": "mushroom", "count": 4}, {"id": 113, "name": "cocoa", "count": 4}, {"id": 276, "name": "minerals", "count": 3}, {"id": 192, "name": "graphite", "count": 3}, {"id": 412, "name": "tar", "count": 3}, {"id": 130, "name": "cured meat", "count": 2}, {"id": 398, "name": "stone", "count": 2}, {"id": 207, "name": "grilled meat", "count": 2}, {"id": 178, "name": "game", "count": 2}, {"id": 165, "name": "forest floor", "count": 1}, {"id": 383, "name": "slate", "count": 1}, {"id": 318, "name": "pencil shavings", "count": 1}, {"id": 235, "name": "kerosene", "count": 1}, {"id": 430, "name": "truffle", "count": 1}, {"id": 181, "name": "ginger", "count": 1}, {"id": 218, "name": "honey", "count": 1}], "secondary_keywords": [{"id": 422, "name": "tobacco", "count": 27}, {"id": 134, "name": "dark chocolate", "count": 9}, {"id": 280, "name": "mocha", "count": 4}, {"id": 381, "name": "savory", "count": 1}, {"id": 5, "name": "allspice", "count": 1}]}, {"group": "red_fruit", "stats": {"count": 115, "score": 11230, "mentions_count": 108}, "primary_keywords": [{"id": 93, "name": "cherry", "count": 46}, {"id": 348, "name": "raspberry", "count": 21}, {"id": 354, "name": "red fruit", "count": 17}, {"id": 400, "name": "strawberry", "count": 10}, {"id": 352, "name": "red cherry", "count": 4}, {"id": 122, "name": "cranberry", "count": 3}, {"id": 357, "name": "red plum", "count": 3}, {"id": 336, "name": "pomegranate", "count": 2}, {"id": 387, "name": "sour cherry", "count": 1}, {"id": 361, "name": "ripe strawberry", "count": 1}], "secondary_keywords": [{"id": 38, "name": "black cherry", "count": 22}, {"id": 229, "name": "jam", "count": 9}]}, {"group": "spices", "stats": {"count": 147, "score": 7811, "mentions_count": 73}, "primary_keywords": [{"id": 320, "name": "pepper", "count": 33}, {"id": 249, "name": "licorice", "count": 16}, {"id": 105, "name": "cinnamon", "count": 4}, {"id": 277, "name": "mint", "count": 4}, {"id": 449, "name": "white pepper", "count": 3}, {"id": 7, "name": "anise", "count": 3}, {"id": 416, "name": "thyme", "count": 2}, {"id": 159, "name": "eucalyptus", "count": 2}, {"id": 381, "name": "savory", "count": 1}, {"id": 273, "name": "menthol", "count": 1}, {"id": 373, "name": "rosemary", "count": 1}, {"id": 161, "name": "fennel", "count": 1}, {"id": 375, "name": "sage", "count": 1}, {"id": 8, "name": "aniseed", "count": 1}], "secondary_keywords": [{"id": 434, "name": "vanilla", "count": 96}, {"id": 112, "name": "clove", "count": 8}, {"id": 290, "name": "nutmeg", "count": 2}, {"id": 181, "name": "ginger", "count": 1}]}, {"group": "dried_fruit", "stats": {"count": 23, "score": 1944, "mentions_count": 19}, "primary_keywords": [{"id": 347, "name": "raisin", "count": 7}, {"id": 341, "name": "prune", "count": 5}, {"id": 163, "name": "fig", "count": 5}, {"id": 147, "name": "dried fruit", "count": 2}], "secondary_keywords": [{"id": 229, "name": "jam", "count": 9}]}, {"group": "microbio", "stats": {"count": 31, "score": 2227, "mentions_count": 17}, "primary_keywords": [{"id": 91, "name": "cheese", "count": 13}, {"id": 123, "name": "cream", "count": 3}, {"id": 295, "name": "oil", "count": 1}], "secondary_keywords": [{"id": 417, "name": "toast", "count": 5}, {"id": 284, "name": "mushroom", "count": 4}, {"id": 70, "name": "butter", "count": 3}, {"id": 130, "name": "cured meat", "count": 2}, {"id": 424, "name": "toffee", "count": 1}, {"id": 430, "name": "truffle", "count": 1}]}, {"group": "non_oak", "stats": {"count": 164, "score": 3201, "mentions_count": 11}, "primary_keywords": [{"id": 417, "name": "toast", "count": 5}, {"id": 145, "name": "dried fig", "count": 3}, {"id": 281, "name": "molasses", "count": 1}, {"id": 438, "name": "walnut", "count": 1}, {"id": 291, "name": "nutty", "count": 1}], "secondary_keywords": [{"id": 434, "name": "vanilla", "count": 96}, {"id": 384, "name": "smoke", "count": 38}, {"id": 422, "name": "tobacco", "count": 27}, {"id": 117, "name": "coffee", "count": 13}, {"id": 112, "name": "clove", "count": 8}, {"id": 83, "name": "cedar", "count": 6}, {"id": 163, "name": "fig", "count": 5}, {"id": 280, "name": "mocha", "count": 4}, {"id": 79, "name": "caramel", "count": 4}, {"id": 105, "name": "cinnamon", "count": 4}, {"id": 290, "name": "nutmeg", "count": 2}, {"id": 158, "name": "espresso", "count": 1}, {"id": 118, "name": "cola", "count": 1}, {"id": 5, "name": "allspice", "count": 1}]}, {"group": "floral", "stats": {"count": 12, "score": 1125, "mentions_count": 11}, "primary_keywords": [{"id": 436, "name": "violet", "count": 9}, {"id": 241, "name": "lavender", "count": 1}, {"id": 322, "name": "perfume", "count": 1}], "secondary_keywords": [{"id": 381, "name": "savory", "count": 1}]}, {"group": "vegetal", "stats": {"count": 4, "score": 325, "mentions_count": 3}, "primary_keywords": [{"id": 399, "name": "straw", "count": 1}, {"id": 185, "name": "gooseberry", "count": 1}, {"id": 212, "name": "hay", "count": 1}], "secondary_keywords": [{"id": 381, "name": "savory", "count": 1}]}, {"group": "tree_fruit", "stats": {"count": 3, "score": 300, "mentions_count": 3}, "primary_keywords": [{"id": 310, "name": "peach", "count": 2}, {"id": 9, "name": "apple", "count": 1}]}, {"group": "citrus_fruit", "stats": {"count": 2, "score": 200, "mentions_count": 2}, "primary_keywords": [{"id": 300, "name": "orange peel", "count": 2}]}, {"group": "tropical_fruit", "stats": {"count": 1, "score": 100, "mentions_count": 1}, "primary_keywords": [{"id": 409, "name": "tamarind", "count": 1}]}]}, "vivino_id": "3933104"}