{"tastes": {"structure": {"acidity": 4.3674717, "fizziness": null, "intensity": 2.1478393, "sweetness": 1.3035408, "tannin": null, "user_structure_count": 36, "calculated_structure_count": 420}, "flavor": [{"group": "tree_fruit", "stats": {"count": 215, "score": 32700, "mentions_count": 327}, "primary_keywords": [{"id": 9, "name": "Apfel", "count": 84}, {"id": 315, "name": "Birne", "count": 73}, {"id": 310, "name": "Pfirsich", "count": 61}, {"id": 271, "name": "Melone", "count": 29}, {"id": 195, "name": "Gr\u00fcner Apfel", "count": 27}, {"id": 11, "name": "Aprikose", "count": 20}, {"id": 469, "name": "Steinfrucht", "count": 7}, {"id": 458, "name": "Gelber Apfel", "count": 6}, {"id": 448, "name": "Wei\u00dfer Pfirsich", "count": 6}, {"id": 343, "name": "Quitte", "count": 4}, {"id": 220, "name": "Honigmelone", "count": 3}, {"id": 288, "name": "Nektarine", "count": 2}, {"id": 170, "name": "Frische Weintrauben", "count": 2}, {"id": 66, "name": "Angeschlagener Apfel", "count": 1}, {"id": 461, "name": "Gelbe Pflaume", "count": 1}, {"id": 202, "name": "Gr\u00fcne Melone", "count": 1}]}, {"group": "citrus_fruit", "stats": {"count": 190, "score": 24200, "mentions_count": 242}, "primary_keywords": [{"id": 106, "name": "Zitrone", "count": 111}, {"id": 243, "name": "Zitrone", "count": 61}, {"id": 190, "name": "Grapefruit", "count": 26}, {"id": 252, "name": "Limette", "count": 19}, {"id": 248, "name": "Zitronenw\u00fcrze", "count": 6}, {"id": 330, "name": "Rosa Grapefruit", "count": 4}, {"id": 298, "name": "Orange", "count": 4}, {"id": 246, "name": "Zitronenschale", "count": 3}, {"id": 411, "name": "Mandarine", "count": 2}, {"id": 254, "name": "Limettenmark", "count": 1}, {"id": 300, "name": "Orangenschale", "count": 1}, {"id": 301, "name": "Orangenrinde", "count": 1}, {"id": 266, "name": "Marmelade", "count": 1}, {"id": 274, "name": "Meyerlimette", "count": 1}, {"id": 253, "name": "Limettenschale", "count": 1}]}, {"group": "earth", "stats": {"count": 132, "score": 14163, "mentions_count": 137}, "primary_keywords": [{"id": 276, "name": "Mineralien", "count": 52}, {"id": 218, "name": "Honig", "count": 45}, {"id": 398, "name": "Stein", "count": 19}, {"id": 156, "name": "Erdig", "count": 4}, {"id": 164, "name": "Feuerstein", "count": 3}, {"id": 85, "name": "Kreide", "count": 3}, {"id": 377, "name": "Salz", "count": 2}, {"id": 382, "name": "Seemuschel", "count": 1}, {"id": 192, "name": "Graphit", "count": 1}, {"id": 345, "name": "Chinin", "count": 1}, {"id": 22, "name": "Balsamico", "count": 1}, {"id": 384, "name": "Rauch", "count": 1}, {"id": 325, "name": "Petroleum", "count": 1}, {"id": 181, "name": "Ingwer", "count": 1}, {"id": 376, "name": "Saline", "count": 1}, {"id": 284, "name": "Champignon", "count": 1}], "secondary_keywords": [{"id": 6, "name": "Mandel", "count": 28}, {"id": 381, "name": "Bohnenkraut", "count": 1}]}, {"group": "vegetal", "stats": {"count": 71, "score": 4855, "mentions_count": 46}, "primary_keywords": [{"id": 399, "name": "Stroh", "count": 23}, {"id": 193, "name": "Gras", "count": 10}, {"id": 212, "name": "Heu", "count": 7}, {"id": 185, "name": "Stachelbeere", "count": 2}, {"id": 89, "name": "Mangold", "count": 1}, {"id": 16, "name": "Spargel", "count": 1}, {"id": 84, "name": "Sellerie", "count": 1}, {"id": 36, "name": "Bittermandel", "count": 1}], "secondary_keywords": [{"id": 6, "name": "Mandel", "count": 28}, {"id": 381, "name": "Bohnenkraut", "count": 1}]}, {"group": "tropical_fruit", "stats": {"count": 34, "score": 4400, "mentions_count": 44}, "primary_keywords": [{"id": 329, "name": "Ananas", "count": 19}, {"id": 428, "name": "Tropisch", "count": 17}, {"id": 261, "name": "Mango", "count": 4}, {"id": 256, "name": "Litschi", "count": 2}, {"id": 210, "name": "Guave", "count": 1}, {"id": 173, "name": "Fruchtschale", "count": 1}]}, {"group": "non_oak", "stats": {"count": 44, "score": 2010, "mentions_count": 34}, "primary_keywords": [{"id": 6, "name": "Mandel", "count": 28}, {"id": 291, "name": "Nussig", "count": 3}, {"id": 62, "name": "Brioche", "count": 2}, {"id": 417, "name": "Toast", "count": 1}], "secondary_keywords": [{"id": 434, "name": "Vanille", "count": 5}, {"id": 105, "name": "Zimt", "count": 2}, {"id": 384, "name": "Rauch", "count": 1}, {"id": 290, "name": "Muskat", "count": 1}, {"id": 163, "name": "Feige", "count": 1}, {"id": 36, "name": "Bittermandel", "count": 1}]}, {"group": "microbio", "stats": {"count": 69, "score": 3993, "mentions_count": 33}, "primary_keywords": [{"id": 123, "name": "Creme", "count": 18}, {"id": 295, "name": "\u00d6l", "count": 8}, {"id": 91, "name": "K\u00e4se", "count": 4}, {"id": 457, "name": "Hefe", "count": 3}], "secondary_keywords": [{"id": 6, "name": "Mandel", "count": 28}, {"id": 70, "name": "Butter", "count": 10}, {"id": 284, "name": "Champignon", "count": 1}, {"id": 417, "name": "Toast", "count": 1}]}, {"group": "oak", "stats": {"count": 61, "score": 3410, "mentions_count": 33}, "primary_keywords": [{"id": 292, "name": "Eiche", "count": 13}, {"id": 70, "name": "Butter", "count": 10}, {"id": 434, "name": "Vanille", "count": 5}, {"id": 101, "name": "Schokolade", "count": 2}, {"id": 290, "name": "Muskat", "count": 1}, {"id": 72, "name": "Karamellbonbon", "count": 1}, {"id": 103, "name": "Zigarre", "count": 1}], "secondary_keywords": [{"id": 6, "name": "Mandel", "count": 28}, {"id": 62, "name": "Brioche", "count": 2}, {"id": 105, "name": "Zimt", "count": 2}, {"id": 384, "name": "Rauch", "count": 1}, {"id": 435, "name": "Vanilleschote", "count": 1}]}, {"group": "floral", "stats": {"count": 32, "score": 3225, "mentions_count": 32}, "primary_keywords": [{"id": 221, "name": "Gei\u00dfblatt", "count": 6}, {"id": 87, "name": "Kamille", "count": 6}, {"id": 299, "name": "Orangenbl\u00fcte", "count": 5}, {"id": 157, "name": "Holunderbl\u00fcte", "count": 4}, {"id": 2, "name": "Akazie", "count": 3}, {"id": 230, "name": "Jasmin", "count": 3}, {"id": 250, "name": "Flieder", "count": 1}, {"id": 133, "name": "L\u00f6wenzahn", "count": 1}, {"id": 371, "name": "Rosenblatt", "count": 1}, {"id": 251, "name": "Lilie", "count": 1}, {"id": 436, "name": "Veilchen", "count": 1}], "secondary_keywords": [{"id": 381, "name": "Bohnenkraut", "count": 1}]}, {"group": "spices", "stats": {"count": 25, "score": 1953, "mentions_count": 21}, "primary_keywords": [{"id": 7, "name": "Anis", "count": 6}, {"id": 449, "name": "Weiter Pfeffer", "count": 4}, {"id": 245, "name": "Zitronengras", "count": 3}, {"id": 105, "name": "Zimt", "count": 2}, {"id": 381, "name": "Bohnenkraut", "count": 1}, {"id": 200, "name": "Gr\u00fcne Gew\u00fcrze", "count": 1}, {"id": 320, "name": "Pfeffer", "count": 1}, {"id": 416, "name": "Thymian", "count": 1}, {"id": 375, "name": "Salbei", "count": 1}, {"id": 435, "name": "Vanilleschote", "count": 1}], "secondary_keywords": [{"id": 434, "name": "Vanille", "count": 5}, {"id": 290, "name": "Muskat", "count": 1}, {"id": 181, "name": "Ingwer", "count": 1}]}, {"group": "red_fruit", "stats": {"count": 6, "score": 600, "mentions_count": 6}, "primary_keywords": [{"id": 400, "name": "Erdbeere", "count": 2}, {"id": 440, "name": "Wassermelone", "count": 2}, {"id": 357, "name": "Rote Pflaume", "count": 1}, {"id": 93, "name": "Kirsche", "count": 1}]}, {"group": "dried_fruit", "stats": {"count": 3, "score": 291, "mentions_count": 3}, "primary_keywords": [{"id": 140, "name": "Getrocknete Aprikose", "count": 2}, {"id": 163, "name": "Feige", "count": 1}]}, {"group": "black_fruit", "stats": {"count": 1, "score": 100, "mentions_count": 1}, "primary_keywords": [{"id": 470, "name": "Cassis", "count": 1}]}]}, "vivino_id": "1115809"}