{"vintage": {"id": 164063959, "seo_name": "franz-koandfrac14nstler-riesling-trocken-2020", "name": "K\u00fcnstler Riesling Trocken 2020", "statistics": {"status": "Normal", "ratings_count": 93, "ratings_average": 3.8, "labels_count": 446, "reviews_count": 37}, "organic_certification_id": null, "certified_biodynamic": null, "image": {"location": "//images.vivino.com/thumbs/nEIozlg8RSe8J8BEh3_19A_pl_480x640.png", "variations": {"bottle_large": "//images.vivino.com/thumbs/nEIozlg8RSe8J8BEh3_19A_pb_x960.png", "bottle_medium": "//images.vivino.com/thumbs/nEIozlg8RSe8J8BEh3_19A_pb_x600.png", "bottle_medium_square": "//images.vivino.com/thumbs/nEIozlg8RSe8J8BEh3_19A_pb_600x600.png", "bottle_small": "//images.vivino.com/thumbs/nEIozlg8RSe8J8BEh3_19A_pb_x300.png", "bottle_small_square": "//images.vivino.com/thumbs/nEIozlg8RSe8J8BEh3_19A_pb_300x300.png", "label": "//images.vivino.com/thumbs/nEIozlg8RSe8J8BEh3_19A_pl_480x640.png", "label_large": "//images.vivino.com/thumbs/nEIozlg8RSe8J8BEh3_19A_pl_375x500.png", "label_medium": "//images.vivino.com/thumbs/nEIozlg8RSe8J8BEh3_19A_pl_150x200.png", "label_medium_square": "//images.vivino.com/thumbs/nEIozlg8RSe8J8BEh3_19A_pl_150x150.png", "label_small_square": "//images.vivino.com/thumbs/nEIozlg8RSe8J8BEh3_19A_pl_80x80.png", "large": "//images.vivino.com/thumbs/nEIozlg8RSe8J8BEh3_19A_pl_375x500.png", "medium": "//images.vivino.com/thumbs/nEIozlg8RSe8J8BEh3_19A_pl_150x200.png", "medium_square": "//images.vivino.com/thumbs/nEIozlg8RSe8J8BEh3_19A_pl_150x150.png", "small_square": "//images.vivino.com/thumbs/nEIozlg8RSe8J8BEh3_19A_pl_80x80.png"}}, "wine": {"id": 1244997, "name": "Riesling Trocken", "seo_name": "riesling-trocken", "type_id": 2, "vintage_type": 0, "is_natural": false, "region": {"id": 479, "name": "Rheingau", "name_en": "", "seo_name": "rheingau", "country": {"code": "de", "name": "Deutschland", "native_name": "Deutschland", "seo_name": "germany", "currency": {"code": "EUR", "name": "Euros", "prefix": "\u20ac", "suffix": null}, "regions_count": 210, "users_count": 2117308, "wines_count": 197796, "wineries_count": 13493, "most_used_grapes": [{"id": 15, "name": "Riesling", "seo_name": "riesling", "has_detailed_info": true, "wines_count": 259925}, {"id": 299, "name": "Sp\u00e4tburgunder", "seo_name": "spatburgunder", "has_detailed_info": false, "wines_count": 49659}, {"id": 355, "name": "Weissburgunder", "seo_name": "weissburgunder", "has_detailed_info": false, "wines_count": 33123}]}, "parent_id": null, "background_image": {"location": "//images.vivino.com/regions/backgrounds/2W6syZygQH-VRyXDOFe9Pw.jpg", "variations": {"large": "//thumbs.vivino.com/region_backgrounds/2W6syZygQH-VRyXDOFe9Pw_1280x760.jpg", "medium": "//thumbs.vivino.com/region_backgrounds/2W6syZygQH-VRyXDOFe9Pw_600x356.jpg"}}, "class": {"typecast_map": {"background_image": {}, "class": {}}}, "statistics": {"wineries_count": 792, "wines_count": 8521, "sub_regions_count": 18, "parent_regions_count": 0}}, "review_status": 2, "winery": {"id": 2222, "name": "K\u00fcnstler", "seo_name": "franz-koandfrac14nstler", "status": 0, "review_status": "Completed", "background_image": null, "statistics": {"ratings_count": 21077, "ratings_average": 3.9, "labels_count": 81899, "wines_count": 140}, "region": {"id": 479, "name": "Rheingau", "name_en": "", "seo_name": "rheingau", "country": {"code": "de", "name": "Deutschland", "native_name": "Deutschland", "seo_name": "germany", "currency": {"code": "EUR", "name": "Euros", "prefix": "\u20ac", "suffix": null}, "regions_count": 210, "users_count": 2117308, "wines_count": 197796, "wineries_count": 13493, "most_used_grapes": [{"id": 15, "name": "Riesling", "seo_name": "riesling", "has_detailed_info": true, "wines_count": 259925}, {"id": 299, "name": "Sp\u00e4tburgunder", "seo_name": "spatburgunder", "has_detailed_info": false, "wines_count": 49659}, {"id": 355, "name": "Weissburgunder", "seo_name": "weissburgunder", "has_detailed_info": false, "wines_count": 33123}]}, "parent_id": null, "background_image": {"location": "//images.vivino.com/regions/backgrounds/2W6syZygQH-VRyXDOFe9Pw.jpg", "variations": {"large": "//thumbs.vivino.com/region_backgrounds/2W6syZygQH-VRyXDOFe9Pw_1280x760.jpg", "medium": "//thumbs.vivino.com/region_backgrounds/2W6syZygQH-VRyXDOFe9Pw_600x356.jpg"}}, "class": {"typecast_map": {"background_image": {}, "class": {}}}, "statistics": {"wineries_count": 792, "wines_count": 8521, "sub_regions_count": 18, "parent_regions_count": 0}}, "business_name": "Weingut K\u00fcnstler", "description": "", "specialists_notes": "", "phone": "+49 (0) 6146 - 83860", "email": "info@weingut-kuenstler.de", "facebook": "", "instagram": "", "is_claimed": false, "twitter": "", "website": "http://www.weingut-kuenstler.de", "winemaker": null, "wine_maker": null, "address": {"title": null, "name": null, "street": "Geheimrat-Hummel-Platz 1a", "street2": null, "neighborhood": null, "city": "Hochheim am Main", "zip": "65239", "state": null, "country": {"code": "de", "name": "Deutschland", "native_name": "Deutschland", "seo_name": "germany", "currency": {"code": "EUR", "name": "Euros", "prefix": "\u20ac", "suffix": null}, "regions_count": 210, "users_count": 2117308, "wines_count": 197796, "wineries_count": 13493, "most_used_grapes": [{"id": 15, "name": "Riesling", "seo_name": "riesling", "has_detailed_info": true, "wines_count": 259925}, {"id": 299, "name": "Sp\u00e4tburgunder", "seo_name": "spatburgunder", "has_detailed_info": false, "wines_count": 49659}, {"id": 355, "name": "Weissburgunder", "seo_name": "weissburgunder", "has_detailed_info": false, "wines_count": 33123}]}, "company": null, "phone": null, "external_id": null, "residential": null, "vat_number": null, "vat_code": null, "addition": null}, "image": null, "location": {"latitude": 50.0112, "longitude": 8.34747}, "winery_group": null, "first_wines": [], "sponsored_entity_type": null, "sponsored_entity": null}, "statistics": {"status": "Normal", "ratings_count": 2402, "ratings_average": 3.8, "labels_count": 10270, "vintages_count": 29}, "rank": {"country": {"description": "Rang von Deutschland", "total": 115919, "rank": 2176}, "region": {"description": "Rang von Weinregion", "total": 7545, "rank": 237}, "winery": {"description": "Rang vom Weingut", "total": 135, "rank": 22}, "wine_type": {"description": "Rang in allen Wei\u00dfwein", "total": 394072, "rank": 17816}, "global": {"description": "Weltweiter Rang", "total": 1287383, "rank": 75094}}, "hidden": false, "vintages": [{"id": 164063959, "seo_name": "franz-koandfrac14nstler-riesling-trocken-2020", "name": "K\u00fcnstler Riesling Trocken 2020", "statistics": {"status": "Normal", "ratings_count": 93, "ratings_average": 3.8, "labels_count": 446, "reviews_count": 37}, "year": 2020, "grapes": null, "has_valid_ratings": true}, {"id": 160749613, "seo_name": "franz-koandfrac14nstler-riesling-trocken-2019", "name": "K\u00fcnstler Riesling Trocken 2019", "statistics": {"status": "Normal", "ratings_count": 233, "ratings_average": 3.9, "labels_count": 1102, "reviews_count": 98}, "year": 2019, "grapes": null, "has_valid_ratings": true}, {"id": 159525517, "seo_name": "franz-koandfrac14nstler-riesling-trocken-2018", "name": "K\u00fcnstler Riesling Trocken 2018", "statistics": {"status": "Normal", "ratings_count": 662, "ratings_average": 3.9, "labels_count": 3452, "reviews_count": 252}, "year": 2018, "grapes": null, "has_valid_ratings": true}, {"id": 156621600, "seo_name": "franz-koandfrac14nstler-riesling-trocken-2017", "name": "K\u00fcnstler Riesling Trocken 2017", "statistics": {"status": "Normal", "ratings_count": 248, "ratings_average": 3.7, "labels_count": 1144, "reviews_count": 103}, "year": 2017, "grapes": null, "has_valid_ratings": true}, {"id": 151736116, "seo_name": "franz-koandfrac14nstler-riesling-trocken-2016", "name": "K\u00fcnstler Riesling Trocken 2016", "statistics": {"status": "Normal", "ratings_count": 354, "ratings_average": 3.7, "labels_count": 1800, "reviews_count": 139}, "year": 2016, "grapes": null, "has_valid_ratings": true}, {"id": 20921886, "seo_name": "franz-koandfrac14nstler-riesling-trocken-2015", "name": "K\u00fcnstler Riesling Trocken 2015", "statistics": {"status": "Normal", "ratings_count": 218, "ratings_average": 3.7, "labels_count": 728, "reviews_count": 77}, "year": 2015, "grapes": null, "has_valid_ratings": true}, {"id": 7129453, "seo_name": "franz-koandfrac14nstler-riesling-trocken-2014", "name": "K\u00fcnstler Riesling Trocken 2014", "statistics": {"status": "Normal", "ratings_count": 134, "ratings_average": 3.8, "labels_count": 415, "reviews_count": 52}, "year": 2014, "grapes": null, "has_valid_ratings": true}, {"id": 4607058, "seo_name": "franz-koandfrac14nstler-riesling-trocken-2013", "name": "K\u00fcnstler Riesling Trocken 2013", "statistics": {"status": "Normal", "ratings_count": 121, "ratings_average": 3.7, "labels_count": 306, "reviews_count": 54}, "year": 2013, "grapes": null, "has_valid_ratings": true}, {"id": 2136200, "seo_name": "franz-koandfrac14nstler-riesling-trocken-2012", "name": "K\u00fcnstler Riesling Trocken 2012", "statistics": {"status": "Normal", "ratings_count": 155, "ratings_average": 3.8, "labels_count": 562, "reviews_count": 52}, "year": 2012, "grapes": null, "has_valid_ratings": true}, {"id": 1379506, "seo_name": "franz-koandfrac14nstler-riesling-trocken-2011", "name": "K\u00fcnstler Riesling Trocken 2011", "statistics": {"status": "Normal", "ratings_count": 35, "ratings_average": 3.8, "labels_count": 136, "reviews_count": 9}, "year": 2011, "grapes": null, "has_valid_ratings": true}, {"id": 1927338, "seo_name": "franz-koandfrac14nstler-riesling-trocken-2010", "name": "K\u00fcnstler Riesling Trocken 2010", "statistics": {"status": "BelowThreshold", "ratings_count": 9, "ratings_average": 0, "labels_count": 28, "reviews_count": 2}, "year": 2010, "grapes": null, "has_valid_ratings": false}, {"id": 1910528, "seo_name": "franz-koandfrac14nstler-riesling-trocken-2009", "name": "K\u00fcnstler Riesling Trocken 2009", "statistics": {"status": "BelowThreshold", "ratings_count": 9, "ratings_average": 0, "labels_count": 21, "reviews_count": 3}, "year": 2009, "grapes": null, "has_valid_ratings": false}, {"id": 2638500, "seo_name": "franz-koandfrac14nstler-riesling-trocken-2008", "name": "K\u00fcnstler Riesling Trocken 2008", "statistics": {"status": "BelowThreshold", "ratings_count": 4, "ratings_average": 0, "labels_count": 10, "reviews_count": 1}, "year": 2008, "grapes": null, "has_valid_ratings": false}, {"id": 2576873, "seo_name": "franz-koandfrac14nstler-riesling-trocken-2007", "name": "K\u00fcnstler Riesling Trocken 2007", "statistics": {"status": "BelowThreshold", "ratings_count": 6, "ratings_average": 0, "labels_count": 21, "reviews_count": 2}, "year": 2007, "grapes": null, "has_valid_ratings": false}, {"id": 2169918, "seo_name": "franz-koandfrac14nstler-riesling-trocken-2006", "name": "K\u00fcnstler Riesling Trocken 2006", "statistics": {"status": "BelowThreshold", "ratings_count": 2, "ratings_average": 0, "labels_count": 7, "reviews_count": 1}, "year": 2006, "grapes": null, "has_valid_ratings": false}, {"id": 13598966, "seo_name": "franz-koandfrac14nstler-riesling-trocken-2005", "name": "K\u00fcnstler Riesling Trocken 2005", "statistics": {"status": "BelowThreshold", "ratings_count": 3, "ratings_average": 0, "labels_count": 5, "reviews_count": 1}, "year": 2005, "grapes": null, "has_valid_ratings": false}, {"id": 3202085, "seo_name": "franz-koandfrac14nstler-riesling-trocken-2004", "name": "K\u00fcnstler Riesling Trocken 2004", "statistics": {"status": "BelowThreshold", "ratings_count": 2, "ratings_average": 0, "labels_count": 6, "reviews_count": 0}, "year": 2004, "grapes": null, "has_valid_ratings": false}, {"id": 3824203, "seo_name": "franz-koandfrac14nstler-riesling-trocken-2003", "name": "K\u00fcnstler Riesling Trocken 2003", "statistics": {"status": "BelowThreshold", "ratings_count": 3, "ratings_average": 0, "labels_count": 11, "reviews_count": 1}, "year": 2003, "grapes": null, "has_valid_ratings": false}, {"id": 2215748, "seo_name": "franz-koandfrac14nstler-riesling-trocken-2002", "name": "K\u00fcnstler Riesling Trocken 2002", "statistics": {"status": "BelowThreshold", "ratings_count": 5, "ratings_average": 0, "labels_count": 10, "reviews_count": 1}, "year": 2002, "grapes": null, "has_valid_ratings": false}, {"id": 17019738, "seo_name": "franz-koandfrac14nstler-riesling-trocken-2001", "name": "K\u00fcnstler Riesling Trocken 2001", "statistics": {"status": "BelowThreshold", "ratings_count": 3, "ratings_average": 0, "labels_count": 9, "reviews_count": 1}, "year": 2001, "grapes": null, "has_valid_ratings": false}, {"id": 4081501, "seo_name": "franz-koandfrac14nstler-riesling-trocken-1999", "name": "K\u00fcnstler Riesling Trocken 1999", "statistics": {"status": "BelowThreshold", "ratings_count": 8, "ratings_average": 0, "labels_count": 10, "reviews_count": 2}, "year": 1999, "grapes": null, "has_valid_ratings": false}, {"id": 2359701, "seo_name": "franz-koandfrac14nstler-riesling-trocken-1996", "name": "K\u00fcnstler Riesling Trocken 1996", "statistics": {"status": "BelowThreshold", "ratings_count": 3, "ratings_average": 0, "labels_count": 8, "reviews_count": 2}, "year": 1996, "grapes": null, "has_valid_ratings": false}, {"id": 1645350, "seo_name": "franz-koandfrac14nstler-riesling-trocken-uv", "name": "K\u00fcnstler Riesling Trocken", "statistics": {"status": "Normal", "ratings_count": 2402, "ratings_average": 3.8, "labels_count": 23, "reviews_count": 26}, "year": 0, "grapes": null, "has_valid_ratings": true}], "description": "The best grapes from the Rheingau winegrowers of our trust united in Cuv\u00e9e. A typical, classic Riesling with complex fruit flavors, paired with the elegant acidity of the Riesling grape.", "grapes": [{"id": 15, "name": "Riesling", "seo_name": "riesling", "has_detailed_info": true, "wines_count": 259925}], "foods": [{"id": 10, "name": "Schweinefleisch", "background_image": {"location": "//images.vivino.com/backgrounds/foods/10_pork.png", "variations": {"small": "//images.vivino.com/backgrounds/foods/thumbs/10_pork_932x810.png"}}, "seo_name": "pork"}, {"id": 13, "name": "Schalentiere", "background_image": {"location": "//images.vivino.com/backgrounds/foods/13_shellfish.png", "variations": {"small": "//images.vivino.com/backgrounds/foods/thumbs/13_shellfish_932x810.png"}}, "seo_name": "shellfish"}, {"id": 15, "name": "Scharfe Gerichte", "background_image": {"location": "//images.vivino.com/backgrounds/foods/15_spicyfood.png", "variations": {"small": "//images.vivino.com/backgrounds/foods/thumbs/15_spicyfood_932x810.png"}}, "seo_name": "spicy-food"}, {"id": 20, "name": "Gefl\u00fcgel", "background_image": {"location": "//images.vivino.com/backgrounds/foods/20_chicken.png", "variations": {"small": "//images.vivino.com/backgrounds/foods/thumbs/20_chicken_932x810.png"}}, "seo_name": "poultry"}, {"id": 41, "name": "Ger\u00e4ucherte Fleischprodukte", "background_image": {"location": "//images.vivino.com/backgrounds/foods/41_curedmeat.png", "variations": {"small": "//images.vivino.com/backgrounds/foods/thumbs/41_curedmeat_932x810.png"}}, "seo_name": null}], "non_vintage": false, "alcohol": 12, "sweetness_id": null, "closure": null, "vintage_mask_raw": null, "updated_at": "2021-12-03T17:58:52Z", "created_at": "2012-06-30T12:17:26Z", "is_first_wine": false, "style": {"id": 186, "seo_name": "german-riesling", "regional_name": "German", "varietal_name": "Riesling", "name": "Riesling Deutschland", "image": null, "background_image": {"location": "//images.vivino.com/backgrounds/styles/sUyLeO_TQuaROKfLr65xsg.jpg", "variations": {"small": "//images.vivino.com/backgrounds/styles/thumbs/sUyLeO_TQuaROKfLr65xsg_932x810.jpg"}}, "description": "Riesling is without question Germany's favorite grape. Widely planted, though once derided, Riesling is the superstar of the white wine world at the moment.\n\nThere is a lot of scope for versatility with this sweet, viscous wine, though you can expect to get hints of tropical fruit, nectarine, melon and pineapple from a solid Riesling.\n\nThe grape originated in the Rhine region of Germany, and the best of them are said to grow along the banks of the Mosel River on the beautiful steep, south facing hills.\n\nThere are six categories of Riesling which indicate the ripeness of the grapes. Kabinett is considered \u201coff-dry\u201d and is a typically ripe grape. Sp\u00e4tlese is riper and therefor sweeter, and Auslese is even riper still. Beyond on that you have Beerenauslese, Trockenbeerenauslese and Eiswein (or ice wine), all getting sweeter, more viscous and more expensive.\n\nIt's a favorite in the food and beverage industry because of its willingness to play with a wide variety of foods, particular spicy dishes. The current Asian fusion boom is thought to have had a tremendous effect on Riesling's popularity.", "blurb": null, "interesting_facts": ["Riesling is grown all over the world and thrives in cool to warm climates.", "Riesling is one of the few white wines that develops and improves with age.", "There are an unusually high number of German Riesling producers that carry the prefix \u201cDr.\u201d"], "body": 2, "body_description": "Leichter K\u00f6rper", "acidity": 3, "acidity_description": "Hoch", "country": {"code": "de", "name": "Deutschland", "native_name": "Deutschland", "seo_name": "germany", "currency": {"code": "EUR", "name": "Euros", "prefix": "\u20ac", "suffix": null}, "regions_count": 210, "users_count": 2117308, "wines_count": 197796, "wineries_count": 13493, "most_used_grapes": [{"id": 15, "name": "Riesling", "seo_name": "riesling", "has_detailed_info": true, "wines_count": 259925}, {"id": 299, "name": "Sp\u00e4tburgunder", "seo_name": "spatburgunder", "has_detailed_info": false, "wines_count": 49659}, {"id": 355, "name": "Weissburgunder", "seo_name": "weissburgunder", "has_detailed_info": false, "wines_count": 33123}]}, "wine_type_id": 2, "food": [{"id": 10, "name": "Pork", "background_image": {"location": "//images.vivino.com/backgrounds/foods/10_pork.png", "variations": {"small": "//images.vivino.com/backgrounds/foods/thumbs/10_pork_932x810.png"}}, "seo_name": "pork"}, {"id": 13, "name": "Shellfish", "background_image": {"location": "//images.vivino.com/backgrounds/foods/13_shellfish.png", "variations": {"small": "//images.vivino.com/backgrounds/foods/thumbs/13_shellfish_932x810.png"}}, "seo_name": "shellfish"}, {"id": 15, "name": "Spicy food", "background_image": {"location": "//images.vivino.com/backgrounds/foods/15_spicyfood.png", "variations": {"small": "//images.vivino.com/backgrounds/foods/thumbs/15_spicyfood_932x810.png"}}, "seo_name": "spicy-food"}, {"id": 20, "name": "Poultry", "background_image": {"location": "//images.vivino.com/backgrounds/foods/20_chicken.png", "variations": {"small": "//images.vivino.com/backgrounds/foods/thumbs/20_chicken_932x810.png"}}, "seo_name": "poultry"}, {"id": 41, "name": "Cured Meat", "background_image": {"location": "//images.vivino.com/backgrounds/foods/41_curedmeat.png", "variations": {"small": "//images.vivino.com/backgrounds/foods/thumbs/41_curedmeat_932x810.png"}}, "seo_name": null}], "grapes": [{"id": 15, "name": "Riesling", "seo_name": "riesling", "has_detailed_info": true, "wines_count": 259925}], "region": null}, "has_valid_ratings": true}, "description": "", "expert_reviews": null, "wine_critic_reviews": [], "awards": [], "ratings_distribution": {"1": 0, "2": 4, "3": 34, "4": 49, "5": 6}, "ranking": {"country": {"description": "Rang von Deutschland", "total": 604728, "rank": 23553}, "region": {"description": "Rang von Weinregion", "total": 46341, "rank": 2686}, "winery": {"description": "Rang vom Weingut", "total": 1383, "rank": 199}, "global": {"description": "Weltweiter Rang", "total": 8825173, "rank": 741860}}, "wine_facts": {"alcohol": 12.5, "residual_sugar_grams_per_liter": 6, "acidity_grams_per_liter": 5, "contains_milk_allergens": false, "contains_egg_allergens": false}, "winemaker": null, "wine_maker": null, "grape_composition": {"15": 100}, "year": 2020, "grapes": [{"id": 15, "name": "Riesling", "seo_name": "riesling", "has_detailed_info": true, "wines_count": 259925}], "has_valid_ratings": true}, "carts": null, "price_range": {"currency": {"code": "EUR", "name": "Euros", "prefix": "\u20ac", "suffix": null}, "price_range": {"minimum": 0, "maximum": 500, "currency_code": "EUR"}, "defaults": {"minimum": 7, "maximum": 30, "currency_code": "EUR"}}, "subtotal_price": null, "full_region": null, "tastes": null, "wine": {"id": 1244997, "name": "Riesling Trocken", "seo_name": "riesling-trocken", "type_id": 2, "vintage_type": 0, "is_natural": false, "region": {"id": 479, "name": "Rheingau", "name_en": "", "seo_name": "rheingau", "country": {"code": "de", "name": "Deutschland", "native_name": "Deutschland", "seo_name": "germany", "currency": {"code": "EUR", "name": "Euros", "prefix": "\u20ac", "suffix": null}, "regions_count": 210, "users_count": 2117308, "wines_count": 197796, "wineries_count": 13493, "most_used_grapes": [{"id": 15, "name": "Riesling", "seo_name": "riesling", "has_detailed_info": true, "wines_count": 259925}, {"id": 299, "name": "Sp\u00e4tburgunder", "seo_name": "spatburgunder", "has_detailed_info": false, "wines_count": 49659}, {"id": 355, "name": "Weissburgunder", "seo_name": "weissburgunder", "has_detailed_info": false, "wines_count": 33123}]}, "parent_id": null, "background_image": {"location": "//images.vivino.com/regions/backgrounds/2W6syZygQH-VRyXDOFe9Pw.jpg", "variations": {"large": "//thumbs.vivino.com/region_backgrounds/2W6syZygQH-VRyXDOFe9Pw_1280x760.jpg", "medium": "//thumbs.vivino.com/region_backgrounds/2W6syZygQH-VRyXDOFe9Pw_600x356.jpg"}}, "class": {"typecast_map": {"background_image": {}, "class": {}}}, "statistics": {"wineries_count": 792, "wines_count": 8521, "sub_regions_count": 18, "parent_regions_count": 0}}, "review_status": 2, "winery": {"id": 2222, "name": "K\u00fcnstler", "seo_name": "franz-koandfrac14nstler", "status": 0, "review_status": "Completed", "background_image": null, "statistics": {"ratings_count": 21077, "ratings_average": 3.9, "labels_count": 81899, "wines_count": 140}, "region": {"id": 479, "name": "Rheingau", "name_en": "", "seo_name": "rheingau", "country": {"code": "de", "name": "Deutschland", "native_name": "Deutschland", "seo_name": "germany", "currency": {"code": "EUR", "name": "Euros", "prefix": "\u20ac", "suffix": null}, "regions_count": 210, "users_count": 2117308, "wines_count": 197796, "wineries_count": 13493, "most_used_grapes": [{"id": 15, "name": "Riesling", "seo_name": "riesling", "has_detailed_info": true, "wines_count": 259925}, {"id": 299, "name": "Sp\u00e4tburgunder", "seo_name": "spatburgunder", "has_detailed_info": false, "wines_count": 49659}, {"id": 355, "name": "Weissburgunder", "seo_name": "weissburgunder", "has_detailed_info": false, "wines_count": 33123}]}, "parent_id": null, "background_image": {"location": "//images.vivino.com/regions/backgrounds/2W6syZygQH-VRyXDOFe9Pw.jpg", "variations": {"large": "//thumbs.vivino.com/region_backgrounds/2W6syZygQH-VRyXDOFe9Pw_1280x760.jpg", "medium": "//thumbs.vivino.com/region_backgrounds/2W6syZygQH-VRyXDOFe9Pw_600x356.jpg"}}, "class": {"typecast_map": {"background_image": {}, "class": {}}}, "statistics": {"wineries_count": 792, "wines_count": 8521, "sub_regions_count": 18, "parent_regions_count": 0}}, "business_name": "Weingut K\u00fcnstler", "description": "", "specialists_notes": "", "phone": "+49 (0) 6146 - 83860", "email": "info@weingut-kuenstler.de", "facebook": "", "instagram": "", "is_claimed": false, "twitter": "", "website": "http://www.weingut-kuenstler.de", "winemaker": null, "wine_maker": null, "address": {"title": null, "name": null, "street": "Geheimrat-Hummel-Platz 1a", "street2": null, "neighborhood": null, "city": "Hochheim am Main", "zip": "65239", "state": null, "country": {"code": "de", "name": "Deutschland", "native_name": "Deutschland", "seo_name": "germany", "currency": {"code": "EUR", "name": "Euros", "prefix": "\u20ac", "suffix": null}, "regions_count": 210, "users_count": 2117308, "wines_count": 197796, "wineries_count": 13493, "most_used_grapes": [{"id": 15, "name": "Riesling", "seo_name": "riesling", "has_detailed_info": true, "wines_count": 259925}, {"id": 299, "name": "Sp\u00e4tburgunder", "seo_name": "spatburgunder", "has_detailed_info": false, "wines_count": 49659}, {"id": 355, "name": "Weissburgunder", "seo_name": "weissburgunder", "has_detailed_info": false, "wines_count": 33123}]}, "company": null, "phone": null, "external_id": null, "residential": null, "vat_number": null, "vat_code": null, "addition": null}, "image": null, "location": {"latitude": 50.0112, "longitude": 8.34747}, "winery_group": null, "first_wines": [], "sponsored_entity_type": null, "sponsored_entity": null}, "statistics": {"status": "Normal", "ratings_count": 2402, "ratings_average": 3.8, "labels_count": 10270, "vintages_count": 29}, "rank": {"country": {"description": "Rang von Deutschland", "total": 115919, "rank": 2176}, "region": {"description": "Rang von Weinregion", "total": 7545, "rank": 237}, "winery": {"description": "Rang vom Weingut", "total": 135, "rank": 22}, "wine_type": {"description": "Rang in allen Wei\u00dfwein", "total": 394072, "rank": 17816}, "global": {"description": "Weltweiter Rang", "total": 1287383, "rank": 75094}}, "hidden": false, "vintages": [{"id": 164063959, "seo_name": "franz-koandfrac14nstler-riesling-trocken-2020", "name": "K\u00fcnstler Riesling Trocken 2020", "statistics": {"status": "Normal", "ratings_count": 93, "ratings_average": 3.8, "labels_count": 446, "reviews_count": 37}, "year": 2020, "grapes": null, "has_valid_ratings": true}, {"id": 160749613, "seo_name": "franz-koandfrac14nstler-riesling-trocken-2019", "name": "K\u00fcnstler Riesling Trocken 2019", "statistics": {"status": "Normal", "ratings_count": 233, "ratings_average": 3.9, "labels_count": 1102, "reviews_count": 98}, "year": 2019, "grapes": null, "has_valid_ratings": true}, {"id": 159525517, "seo_name": "franz-koandfrac14nstler-riesling-trocken-2018", "name": "K\u00fcnstler Riesling Trocken 2018", "statistics": {"status": "Normal", "ratings_count": 662, "ratings_average": 3.9, "labels_count": 3452, "reviews_count": 252}, "year": 2018, "grapes": null, "has_valid_ratings": true}, {"id": 156621600, "seo_name": "franz-koandfrac14nstler-riesling-trocken-2017", "name": "K\u00fcnstler Riesling Trocken 2017", "statistics": {"status": "Normal", "ratings_count": 248, "ratings_average": 3.7, "labels_count": 1144, "reviews_count": 103}, "year": 2017, "grapes": null, "has_valid_ratings": true}, {"id": 151736116, "seo_name": "franz-koandfrac14nstler-riesling-trocken-2016", "name": "K\u00fcnstler Riesling Trocken 2016", "statistics": {"status": "Normal", "ratings_count": 354, "ratings_average": 3.7, "labels_count": 1800, "reviews_count": 139}, "year": 2016, "grapes": null, "has_valid_ratings": true}, {"id": 20921886, "seo_name": "franz-koandfrac14nstler-riesling-trocken-2015", "name": "K\u00fcnstler Riesling Trocken 2015", "statistics": {"status": "Normal", "ratings_count": 218, "ratings_average": 3.7, "labels_count": 728, "reviews_count": 77}, "year": 2015, "grapes": null, "has_valid_ratings": true}, {"id": 7129453, "seo_name": "franz-koandfrac14nstler-riesling-trocken-2014", "name": "K\u00fcnstler Riesling Trocken 2014", "statistics": {"status": "Normal", "ratings_count": 134, "ratings_average": 3.8, "labels_count": 415, "reviews_count": 52}, "year": 2014, "grapes": null, "has_valid_ratings": true}, {"id": 4607058, "seo_name": "franz-koandfrac14nstler-riesling-trocken-2013", "name": "K\u00fcnstler Riesling Trocken 2013", "statistics": {"status": "Normal", "ratings_count": 121, "ratings_average": 3.7, "labels_count": 306, "reviews_count": 54}, "year": 2013, "grapes": null, "has_valid_ratings": true}, {"id": 2136200, "seo_name": "franz-koandfrac14nstler-riesling-trocken-2012", "name": "K\u00fcnstler Riesling Trocken 2012", "statistics": {"status": "Normal", "ratings_count": 155, "ratings_average": 3.8, "labels_count": 562, "reviews_count": 52}, "year": 2012, "grapes": null, "has_valid_ratings": true}, {"id": 1379506, "seo_name": "franz-koandfrac14nstler-riesling-trocken-2011", "name": "K\u00fcnstler Riesling Trocken 2011", "statistics": {"status": "Normal", "ratings_count": 35, "ratings_average": 3.8, "labels_count": 136, "reviews_count": 9}, "year": 2011, "grapes": null, "has_valid_ratings": true}, {"id": 1927338, "seo_name": "franz-koandfrac14nstler-riesling-trocken-2010", "name": "K\u00fcnstler Riesling Trocken 2010", "statistics": {"status": "BelowThreshold", "ratings_count": 9, "ratings_average": 0, "labels_count": 28, "reviews_count": 2}, "year": 2010, "grapes": null, "has_valid_ratings": false}, {"id": 1910528, "seo_name": "franz-koandfrac14nstler-riesling-trocken-2009", "name": "K\u00fcnstler Riesling Trocken 2009", "statistics": {"status": "BelowThreshold", "ratings_count": 9, "ratings_average": 0, "labels_count": 21, "reviews_count": 3}, "year": 2009, "grapes": null, "has_valid_ratings": false}, {"id": 2638500, "seo_name": "franz-koandfrac14nstler-riesling-trocken-2008", "name": "K\u00fcnstler Riesling Trocken 2008", "statistics": {"status": "BelowThreshold", "ratings_count": 4, "ratings_average": 0, "labels_count": 10, "reviews_count": 1}, "year": 2008, "grapes": null, "has_valid_ratings": false}, {"id": 2576873, "seo_name": "franz-koandfrac14nstler-riesling-trocken-2007", "name": "K\u00fcnstler Riesling Trocken 2007", "statistics": {"status": "BelowThreshold", "ratings_count": 6, "ratings_average": 0, "labels_count": 21, "reviews_count": 2}, "year": 2007, "grapes": null, "has_valid_ratings": false}, {"id": 2169918, "seo_name": "franz-koandfrac14nstler-riesling-trocken-2006", "name": "K\u00fcnstler Riesling Trocken 2006", "statistics": {"status": "BelowThreshold", "ratings_count": 2, "ratings_average": 0, "labels_count": 7, "reviews_count": 1}, "year": 2006, "grapes": null, "has_valid_ratings": false}, {"id": 13598966, "seo_name": "franz-koandfrac14nstler-riesling-trocken-2005", "name": "K\u00fcnstler Riesling Trocken 2005", "statistics": {"status": "BelowThreshold", "ratings_count": 3, "ratings_average": 0, "labels_count": 5, "reviews_count": 1}, "year": 2005, "grapes": null, "has_valid_ratings": false}, {"id": 3202085, "seo_name": "franz-koandfrac14nstler-riesling-trocken-2004", "name": "K\u00fcnstler Riesling Trocken 2004", "statistics": {"status": "BelowThreshold", "ratings_count": 2, "ratings_average": 0, "labels_count": 6, "reviews_count": 0}, "year": 2004, "grapes": null, "has_valid_ratings": false}, {"id": 3824203, "seo_name": "franz-koandfrac14nstler-riesling-trocken-2003", "name": "K\u00fcnstler Riesling Trocken 2003", "statistics": {"status": "BelowThreshold", "ratings_count": 3, "ratings_average": 0, "labels_count": 11, "reviews_count": 1}, "year": 2003, "grapes": null, "has_valid_ratings": false}, {"id": 2215748, "seo_name": "franz-koandfrac14nstler-riesling-trocken-2002", "name": "K\u00fcnstler Riesling Trocken 2002", "statistics": {"status": "BelowThreshold", "ratings_count": 5, "ratings_average": 0, "labels_count": 10, "reviews_count": 1}, "year": 2002, "grapes": null, "has_valid_ratings": false}, {"id": 17019738, "seo_name": "franz-koandfrac14nstler-riesling-trocken-2001", "name": "K\u00fcnstler Riesling Trocken 2001", "statistics": {"status": "BelowThreshold", "ratings_count": 3, "ratings_average": 0, "labels_count": 9, "reviews_count": 1}, "year": 2001, "grapes": null, "has_valid_ratings": false}, {"id": 4081501, "seo_name": "franz-koandfrac14nstler-riesling-trocken-1999", "name": "K\u00fcnstler Riesling Trocken 1999", "statistics": {"status": "BelowThreshold", "ratings_count": 8, "ratings_average": 0, "labels_count": 10, "reviews_count": 2}, "year": 1999, "grapes": null, "has_valid_ratings": false}, {"id": 2359701, "seo_name": "franz-koandfrac14nstler-riesling-trocken-1996", "name": "K\u00fcnstler Riesling Trocken 1996", "statistics": {"status": "BelowThreshold", "ratings_count": 3, "ratings_average": 0, "labels_count": 8, "reviews_count": 2}, "year": 1996, "grapes": null, "has_valid_ratings": false}, {"id": 1645350, "seo_name": "franz-koandfrac14nstler-riesling-trocken-uv", "name": "K\u00fcnstler Riesling Trocken", "statistics": {"status": "Normal", "ratings_count": 2402, "ratings_average": 3.8, "labels_count": 23, "reviews_count": 26}, "year": 0, "grapes": null, "has_valid_ratings": true}], "description": "The best grapes from the Rheingau winegrowers of our trust united in Cuv\u00e9e. A typical, classic Riesling with complex fruit flavors, paired with the elegant acidity of the Riesling grape.", "grapes": [{"id": 15, "name": "Riesling", "seo_name": "riesling", "has_detailed_info": true, "wines_count": 259925}], "foods": [{"id": 10, "name": "Schweinefleisch", "background_image": {"location": "//images.vivino.com/backgrounds/foods/10_pork.png", "variations": {"small": "//images.vivino.com/backgrounds/foods/thumbs/10_pork_932x810.png"}}, "seo_name": "pork"}, {"id": 13, "name": "Schalentiere", "background_image": {"location": "//images.vivino.com/backgrounds/foods/13_shellfish.png", "variations": {"small": "//images.vivino.com/backgrounds/foods/thumbs/13_shellfish_932x810.png"}}, "seo_name": "shellfish"}, {"id": 15, "name": "Scharfe Gerichte", "background_image": {"location": "//images.vivino.com/backgrounds/foods/15_spicyfood.png", "variations": {"small": "//images.vivino.com/backgrounds/foods/thumbs/15_spicyfood_932x810.png"}}, "seo_name": "spicy-food"}, {"id": 20, "name": "Gefl\u00fcgel", "background_image": {"location": "//images.vivino.com/backgrounds/foods/20_chicken.png", "variations": {"small": "//images.vivino.com/backgrounds/foods/thumbs/20_chicken_932x810.png"}}, "seo_name": "poultry"}, {"id": 41, "name": "Ger\u00e4ucherte Fleischprodukte", "background_image": {"location": "//images.vivino.com/backgrounds/foods/41_curedmeat.png", "variations": {"small": "//images.vivino.com/backgrounds/foods/thumbs/41_curedmeat_932x810.png"}}, "seo_name": null}], "non_vintage": false, "alcohol": 12, "sweetness_id": null, "closure": null, "vintage_mask_raw": null, "updated_at": "2021-12-03T17:58:52Z", "created_at": "2012-06-30T12:17:26Z", "is_first_wine": false, "style": {"id": 186, "seo_name": "german-riesling", "regional_name": "German", "varietal_name": "Riesling", "name": "Riesling Deutschland", "image": null, "background_image": {"location": "//images.vivino.com/backgrounds/styles/sUyLeO_TQuaROKfLr65xsg.jpg", "variations": {"small": "//images.vivino.com/backgrounds/styles/thumbs/sUyLeO_TQuaROKfLr65xsg_932x810.jpg"}}, "description": "Riesling is without question Germany's favorite grape. Widely planted, though once derided, Riesling is the superstar of the white wine world at the moment.\n\nThere is a lot of scope for versatility with this sweet, viscous wine, though you can expect to get hints of tropical fruit, nectarine, melon and pineapple from a solid Riesling.\n\nThe grape originated in the Rhine region of Germany, and the best of them are said to grow along the banks of the Mosel River on the beautiful steep, south facing hills.\n\nThere are six categories of Riesling which indicate the ripeness of the grapes. Kabinett is considered \u201coff-dry\u201d and is a typically ripe grape. Sp\u00e4tlese is riper and therefor sweeter, and Auslese is even riper still. Beyond on that you have Beerenauslese, Trockenbeerenauslese and Eiswein (or ice wine), all getting sweeter, more viscous and more expensive.\n\nIt's a favorite in the food and beverage industry because of its willingness to play with a wide variety of foods, particular spicy dishes. The current Asian fusion boom is thought to have had a tremendous effect on Riesling's popularity.", "blurb": null, "interesting_facts": ["Riesling is grown all over the world and thrives in cool to warm climates.", "Riesling is one of the few white wines that develops and improves with age.", "There are an unusually high number of German Riesling producers that carry the prefix \u201cDr.\u201d"], "body": 2, "body_description": "Leichter K\u00f6rper", "acidity": 3, "acidity_description": "Hoch", "country": {"code": "de", "name": "Deutschland", "native_name": "Deutschland", "seo_name": "germany", "currency": {"code": "EUR", "name": "Euros", "prefix": "\u20ac", "suffix": null}, "regions_count": 210, "users_count": 2117308, "wines_count": 197796, "wineries_count": 13493, "most_used_grapes": [{"id": 15, "name": "Riesling", "seo_name": "riesling", "has_detailed_info": true, "wines_count": 259925}, {"id": 299, "name": "Sp\u00e4tburgunder", "seo_name": "spatburgunder", "has_detailed_info": false, "wines_count": 49659}, {"id": 355, "name": "Weissburgunder", "seo_name": "weissburgunder", "has_detailed_info": false, "wines_count": 33123}]}, "wine_type_id": 2, "food": [{"id": 10, "name": "Pork", "background_image": {"location": "//images.vivino.com/backgrounds/foods/10_pork.png", "variations": {"small": "//images.vivino.com/backgrounds/foods/thumbs/10_pork_932x810.png"}}, "seo_name": "pork"}, {"id": 13, "name": "Shellfish", "background_image": {"location": "//images.vivino.com/backgrounds/foods/13_shellfish.png", "variations": {"small": "//images.vivino.com/backgrounds/foods/thumbs/13_shellfish_932x810.png"}}, "seo_name": "shellfish"}, {"id": 15, "name": "Spicy food", "background_image": {"location": "//images.vivino.com/backgrounds/foods/15_spicyfood.png", "variations": {"small": "//images.vivino.com/backgrounds/foods/thumbs/15_spicyfood_932x810.png"}}, "seo_name": "spicy-food"}, {"id": 20, "name": "Poultry", "background_image": {"location": "//images.vivino.com/backgrounds/foods/20_chicken.png", "variations": {"small": "//images.vivino.com/backgrounds/foods/thumbs/20_chicken_932x810.png"}}, "seo_name": "poultry"}, {"id": 41, "name": "Cured Meat", "background_image": {"location": "//images.vivino.com/backgrounds/foods/41_curedmeat.png", "variations": {"small": "//images.vivino.com/backgrounds/foods/thumbs/41_curedmeat_932x810.png"}}, "seo_name": null}], "grapes": [{"id": 15, "name": "Riesling", "seo_name": "riesling", "has_detailed_info": true, "wines_count": 259925}], "region": null}, "has_valid_ratings": true}, "price": {"id": 26183783, "vintage_id": 164063959, "amount": 10.9, "type": "vc", "currency": {"code": "EUR", "name": "Euros", "prefix": "\u20ac", "suffix": null}, "bottle_type_id": 1, "inventory_bottles_count": 1350, "bottles_sold_count": 6, "url": "https://www.vineshop24.de/weine-aus-aller-welt/deutschland/rheingau/kuenstler-gutsriesling-qba-trocken.html?utm_medium=pref-cpc&utm_source=vivino-ppc", "message": "Preis f\u00fcr 6 oder mehr Flaschen. (Preis \u20ac10.90 einzelne Flasche)", "producer_address": "Weingut K\u00fcnstler, Geheimrat-Hummel-Platz 1a, 65239 Hochheim/Main", "importer_address": "", "discounted_from": null, "bottle_type": {"id": 1, "name": "Flasche (0,75\u00a0l)", "short_name": "Flasche", "short_name_plural": "Flaschen", "volume_ml": 750}}, "highlights": [{"vintage_id": 164063959, "highlight_type": "latest_available", "message": "J\u00fcngster Jahrgang", "icon": "https://images.vivino.com/highlights/icon/latest_available.svg", "metadata": {"price": {"id": 26183782, "type": "vc", "amount": 10.9, "currency": {"code": "EUR", "name": "Euros", "prefix": "\u20ac", "suffix": null}, "discounted_from": null}, "wine_id": 1244997, "toplist": null, "ws_award": null, "critic_review_id": null, "ratings_average": 3.8, "ratings_count": 93, "vintage_year": "2020", "rank_type": "global", "ranks": {"country": {"description": "Rang von Deutschland", "total": 604728, "rank": 23553}, "region": {"description": "Rang von Weinregion", "total": 46341, "rank": 2686}, "winery": {"description": "Rang vom Weingut", "total": 1383, "rank": 199}, "global": {"description": "Weltweiter Rang", "total": 8825173, "rank": 741860}}, "style": {"id": 186, "seo_name": "german-riesling", "regional_name": "German", "varietal_name": "Riesling", "name": "Riesling Deutschland", "image": null, "background_image": {"location": "//images.vivino.com/backgrounds/styles/sUyLeO_TQuaROKfLr65xsg.jpg", "variations": {"small": "//images.vivino.com/backgrounds/styles/thumbs/sUyLeO_TQuaROKfLr65xsg_932x810.jpg"}}, "description": "Riesling is without question Germany's favorite grape. Widely planted, though once derided, Riesling is the superstar of the white wine world at the moment.\n\nThere is a lot of scope for versatility with this sweet, viscous wine, though you can expect to get hints of tropical fruit, nectarine, melon and pineapple from a solid Riesling.\n\nThe grape originated in the Rhine region of Germany, and the best of them are said to grow along the banks of the Mosel River on the beautiful steep, south facing hills.\n\nThere are six categories of Riesling which indicate the ripeness of the grapes. Kabinett is considered \u201coff-dry\u201d and is a typically ripe grape. Sp\u00e4tlese is riper and therefor sweeter, and Auslese is even riper still. Beyond on that you have Beerenauslese, Trockenbeerenauslese and Eiswein (or ice wine), all getting sweeter, more viscous and more expensive.\n\nIt's a favorite in the food and beverage industry because of its willingness to play with a wide variety of foods, particular spicy dishes. The current Asian fusion boom is thought to have had a tremendous effect on Riesling's popularity.", "blurb": null, "interesting_facts": ["Riesling is grown all over the world and thrives in cool to warm climates.", "Riesling is one of the few white wines that develops and improves with age.", "There are an unusually high number of German Riesling producers that carry the prefix \u201cDr.\u201d"], "body": 2, "body_description": "Leichter K\u00f6rper", "acidity": 3, "acidity_description": "Hoch", "country": {"code": "de", "name": "Deutschland", "native_name": "Deutschland", "seo_name": "germany", "currency": {"code": "EUR", "name": "Euros", "prefix": "\u20ac", "suffix": null}, "regions_count": 210, "users_count": 2117308, "wines_count": 197796, "wineries_count": 13493, "most_used_grapes": [{"id": 15, "name": "Riesling", "seo_name": "riesling", "has_detailed_info": true, "wines_count": 259925}, {"id": 299, "name": "Sp\u00e4tburgunder", "seo_name": "spatburgunder", "has_detailed_info": false, "wines_count": 49659}, {"id": 355, "name": "Weissburgunder", "seo_name": "weissburgunder", "has_detailed_info": false, "wines_count": 33123}]}, "wine_type_id": 2, "food": [{"id": 10, "name": "Pork", "background_image": {"location": "//images.vivino.com/backgrounds/foods/10_pork.png", "variations": {"small": "//images.vivino.com/backgrounds/foods/thumbs/10_pork_932x810.png"}}, "seo_name": "pork"}, {"id": 13, "name": "Shellfish", "background_image": {"location": "//images.vivino.com/backgrounds/foods/13_shellfish.png", "variations": {"small": "//images.vivino.com/backgrounds/foods/thumbs/13_shellfish_932x810.png"}}, "seo_name": "shellfish"}, {"id": 15, "name": "Spicy food", "background_image": {"location": "//images.vivino.com/backgrounds/foods/15_spicyfood.png", "variations": {"small": "//images.vivino.com/backgrounds/foods/thumbs/15_spicyfood_932x810.png"}}, "seo_name": "spicy-food"}, {"id": 20, "name": "Poultry", "background_image": {"location": "//images.vivino.com/backgrounds/foods/20_chicken.png", "variations": {"small": "//images.vivino.com/backgrounds/foods/thumbs/20_chicken_932x810.png"}}, "seo_name": "poultry"}, {"id": 41, "name": "Cured Meat", "background_image": {"location": "//images.vivino.com/backgrounds/foods/41_curedmeat.png", "variations": {"small": "//images.vivino.com/backgrounds/foods/thumbs/41_curedmeat_932x810.png"}}, "seo_name": null}], "grapes": [{"id": 15, "name": "Riesling", "seo_name": "riesling", "has_detailed_info": true, "wines_count": 259925}], "region": null}}}, {"vintage_id": 164063959, "highlight_type": "cheapest_available", "message": "G\u00fcnstigster verf\u00fcgbarer Jahrgang", "icon": "https://images.vivino.com/highlights/icon/cheapest_available.svg", "metadata": {"price": {"id": 26183782, "type": "vc", "amount": 10.9, "currency": {"code": "EUR", "name": "Euros", "prefix": "\u20ac", "suffix": null}, "discounted_from": null}, "wine_id": 1244997, "toplist": null, "ws_award": null, "critic_review_id": null, "ratings_average": 3.8, "ratings_count": 93, "vintage_year": "2020", "rank_type": "global", "ranks": {"country": {"description": "Rang von Deutschland", "total": 604728, "rank": 23553}, "region": {"description": "Rang von Weinregion", "total": 46341, "rank": 2686}, "winery": {"description": "Rang vom Weingut", "total": 1383, "rank": 199}, "global": {"description": "Weltweiter Rang", "total": 8825173, "rank": 741860}}, "style": {"id": 186, "seo_name": "german-riesling", "regional_name": "German", "varietal_name": "Riesling", "name": "Riesling Deutschland", "image": null, "background_image": {"location": "//images.vivino.com/backgrounds/styles/sUyLeO_TQuaROKfLr65xsg.jpg", "variations": {"small": "//images.vivino.com/backgrounds/styles/thumbs/sUyLeO_TQuaROKfLr65xsg_932x810.jpg"}}, "description": "Riesling is without question Germany's favorite grape. Widely planted, though once derided, Riesling is the superstar of the white wine world at the moment.\n\nThere is a lot of scope for versatility with this sweet, viscous wine, though you can expect to get hints of tropical fruit, nectarine, melon and pineapple from a solid Riesling.\n\nThe grape originated in the Rhine region of Germany, and the best of them are said to grow along the banks of the Mosel River on the beautiful steep, south facing hills.\n\nThere are six categories of Riesling which indicate the ripeness of the grapes. Kabinett is considered \u201coff-dry\u201d and is a typically ripe grape. Sp\u00e4tlese is riper and therefor sweeter, and Auslese is even riper still. Beyond on that you have Beerenauslese, Trockenbeerenauslese and Eiswein (or ice wine), all getting sweeter, more viscous and more expensive.\n\nIt's a favorite in the food and beverage industry because of its willingness to play with a wide variety of foods, particular spicy dishes. The current Asian fusion boom is thought to have had a tremendous effect on Riesling's popularity.", "blurb": null, "interesting_facts": ["Riesling is grown all over the world and thrives in cool to warm climates.", "Riesling is one of the few white wines that develops and improves with age.", "There are an unusually high number of German Riesling producers that carry the prefix \u201cDr.\u201d"], "body": 2, "body_description": "Leichter K\u00f6rper", "acidity": 3, "acidity_description": "Hoch", "country": {"code": "de", "name": "Deutschland", "native_name": "Deutschland", "seo_name": "germany", "currency": {"code": "EUR", "name": "Euros", "prefix": "\u20ac", "suffix": null}, "regions_count": 210, "users_count": 2117308, "wines_count": 197796, "wineries_count": 13493, "most_used_grapes": [{"id": 15, "name": "Riesling", "seo_name": "riesling", "has_detailed_info": true, "wines_count": 259925}, {"id": 299, "name": "Sp\u00e4tburgunder", "seo_name": "spatburgunder", "has_detailed_info": false, "wines_count": 49659}, {"id": 355, "name": "Weissburgunder", "seo_name": "weissburgunder", "has_detailed_info": false, "wines_count": 33123}]}, "wine_type_id": 2, "food": [{"id": 10, "name": "Pork", "background_image": {"location": "//images.vivino.com/backgrounds/foods/10_pork.png", "variations": {"small": "//images.vivino.com/backgrounds/foods/thumbs/10_pork_932x810.png"}}, "seo_name": "pork"}, {"id": 13, "name": "Shellfish", "background_image": {"location": "//images.vivino.com/backgrounds/foods/13_shellfish.png", "variations": {"small": "//images.vivino.com/backgrounds/foods/thumbs/13_shellfish_932x810.png"}}, "seo_name": "shellfish"}, {"id": 15, "name": "Spicy food", "background_image": {"location": "//images.vivino.com/backgrounds/foods/15_spicyfood.png", "variations": {"small": "//images.vivino.com/backgrounds/foods/thumbs/15_spicyfood_932x810.png"}}, "seo_name": "spicy-food"}, {"id": 20, "name": "Poultry", "background_image": {"location": "//images.vivino.com/backgrounds/foods/20_chicken.png", "variations": {"small": "//images.vivino.com/backgrounds/foods/thumbs/20_chicken_932x810.png"}}, "seo_name": "poultry"}, {"id": 41, "name": "Cured Meat", "background_image": {"location": "//images.vivino.com/backgrounds/foods/41_curedmeat.png", "variations": {"small": "//images.vivino.com/backgrounds/foods/thumbs/41_curedmeat_932x810.png"}}, "seo_name": null}], "grapes": [{"id": 15, "name": "Riesling", "seo_name": "riesling", "has_detailed_info": true, "wines_count": 259925}], "region": null}}}], "merchant": {"id": 17581, "name": "Vineshop24", "seo_name": "vineshop24", "legal_name": "Vineshop24 GmbH & Co. KG", "description": "Versandkostenfrei f\u00fcr Bestellungen ab 80 EUR", "country": {"code": "de", "name": "Deutschland", "native_name": "Deutschland", "seo_name": "germany", "currency": {"code": "EUR", "name": "Euros", "prefix": "\u20ac", "suffix": null}, "regions_count": 210, "users_count": 2117308, "wines_count": 197796, "wineries_count": 13493, "most_used_grapes": [{"id": 15, "name": "Riesling", "seo_name": "riesling", "has_detailed_info": true, "wines_count": 259925}, {"id": 299, "name": "Sp\u00e4tburgunder", "seo_name": "spatburgunder", "has_detailed_info": false, "wines_count": 49659}, {"id": 355, "name": "Weissburgunder", "seo_name": "weissburgunder", "has_detailed_info": false, "wines_count": 33123}]}, "state": null, "status": 3, "image": {"location": "//images.vivino.com/merchants/originals/p1ei8m730000h5d.png", "variations": {"large_square": "//images.vivino.com/merchants/thumbs/p1ei8m730000h5d_400x400.jpg", "medium_square": "//images.vivino.com/merchants/thumbs/p1ei8m730000h5d_320x320.jpg", "small_square": "//images.vivino.com/merchants/thumbs/p1ei8m730000h5d_160x160.jpg"}}, "shipping_estimate": "Lieferung voraussichtlich zwischen Di, 21.\u00a0Dez und Do, 23.\u00a0Dez", "impressum_url": "https://www.vineshop24.de/info/impressum.html", "tos_url": "https://www.vineshop24.de/info/allgemeine-geschaeftsbedingungen.html", "vc_clearing_system": 0, "hidden": false}, "sold_out": true, "prices_and_availability": {"market": {"country": "de", "currency": {"code": "EUR", "name": "Euros", "prefix": "\u20ac", "suffix": null}}, "availability": {"vintage": {"id": 164063959, "year": 2020, "grapes": null, "has_valid_ratings": false}, "median": {"amount": 10.9, "type": "market", "discounted_from": null}, "price": {"id": 26183782, "amount": 10.9, "discounted_from": 0.0, "type": "vc"}}, "merchants_with_prices": [{"merchant": {"id": 17581, "name": "Vineshop24", "seo_name": "vineshop24", "legal_name": "Vineshop24 GmbH & Co. KG", "description": "Versandkostenfrei f\u00fcr Bestellungen ab 80 EUR", "country": {"code": "de", "name": "Deutschland", "native_name": "Deutschland", "seo_name": "germany", "currency": {"code": "EUR", "name": "Euros", "prefix": "\u20ac", "suffix": null}, "regions_count": 210, "users_count": 2117308, "wines_count": 197796, "wineries_count": 13493, "most_used_grapes": [{"id": 15, "name": "Riesling", "seo_name": "riesling", "has_detailed_info": true, "wines_count": 259925}, {"id": 299, "name": "Sp\u00e4tburgunder", "seo_name": "spatburgunder", "has_detailed_info": false, "wines_count": 49659}, {"id": 355, "name": "Weissburgunder", "seo_name": "weissburgunder", "has_detailed_info": false, "wines_count": 33123}]}, "state": null, "status": 3, "image": {"location": "//images.vivino.com/merchants/originals/p1ei8m730000h5d.png", "variations": {"large_square": "//images.vivino.com/merchants/thumbs/p1ei8m730000h5d_400x400.jpg", "medium_square": "//images.vivino.com/merchants/thumbs/p1ei8m730000h5d_320x320.jpg", "small_square": "//images.vivino.com/merchants/thumbs/p1ei8m730000h5d_160x160.jpg"}}, "shipping_estimate": "Lieferung voraussichtlich zwischen Di, 21.\u00a0Dez und Do, 23.\u00a0Dez", "impressum_url": "https://www.vineshop24.de/info/impressum.html", "tos_url": "https://www.vineshop24.de/info/allgemeine-geschaeftsbedingungen.html", "vc_clearing_system": 0, "hidden": false}, "prices": [{"id": 26183783, "vintage_id": 164063959, "amount": 10.9, "type": "vc", "currency": {"code": "EUR", "name": "Euros", "prefix": "\u20ac", "suffix": null}, "bottle_type_id": 1, "inventory_bottles_count": 1350, "bottles_sold_count": 6, "url": "https://www.vineshop24.de/weine-aus-aller-welt/deutschland/rheingau/kuenstler-gutsriesling-qba-trocken.html?utm_medium=pref-cpc&utm_source=vivino-ppc", "message": "Preis f\u00fcr 6 oder mehr Flaschen. (Preis \u20ac10.90 einzelne Flasche)", "producer_address": "Weingut K\u00fcnstler, Geheimrat-Hummel-Platz 1a, 65239 Hochheim/Main", "importer_address": "", "discounted_from": null, "bottle_type": {"id": 1, "name": "Flasche (0,75\u00a0l)", "short_name": "Flasche", "short_name_plural": "Flaschen", "volume_ml": 750}}]}, {"merchant": {"id": 2008, "name": "Weinhandelshaus H. F. von Melle", "seo_name": "weinhandelshaus-h-f-von-melle", "legal_name": null, "description": "Versandkostenfrei f\u00fcr Bestellungen ab 80 EUR", "country": {"code": "de", "name": "Deutschland", "native_name": "Deutschland", "seo_name": "germany", "currency": {"code": "EUR", "name": "Euros", "prefix": "\u20ac", "suffix": null}, "regions_count": 210, "users_count": 2117308, "wines_count": 197796, "wineries_count": 13493, "most_used_grapes": [{"id": 15, "name": "Riesling", "seo_name": "riesling", "has_detailed_info": true, "wines_count": 259925}, {"id": 299, "name": "Sp\u00e4tburgunder", "seo_name": "spatburgunder", "has_detailed_info": false, "wines_count": 49659}, {"id": 355, "name": "Weissburgunder", "seo_name": "weissburgunder", "has_detailed_info": false, "wines_count": 33123}]}, "state": null, "status": 3, "image": {"location": "//images.vivino.com/merchants/originals/p1dal8s200001uo.png", "variations": {"large_square": "//images.vivino.com/merchants/thumbs/p1dal8s200001uo_400x400.jpg", "medium_square": "//images.vivino.com/merchants/thumbs/p1dal8s200001uo_320x320.jpg", "small_square": "//images.vivino.com/merchants/thumbs/p1dal8s200001uo_160x160.jpg"}}, "shipping_estimate": "Lieferung voraussichtlich zwischen Di, 21.\u00a0Dez und Fr, 31.\u00a0Dez", "impressum_url": "https://www.von-melle.de/impressum-kontakt.html", "tos_url": "https://www.von-melle.de/AGB-Lieferbedingungen.html", "vc_clearing_system": 0, "hidden": false}, "prices": [{"id": 26861803, "vintage_id": 164063959, "amount": 11.5, "type": "vc", "currency": {"code": "EUR", "name": "Euros", "prefix": "\u20ac", "suffix": null}, "bottle_type_id": 1, "inventory_bottles_count": null, "url": "https://www.von-melle.de/alle-weine/weissweine/deutschland/rheingau/1053/riesling-trocken-kuenstler-rheingau?c=124&utm_medium=pref-cpc&utm_source=vivino-ppc", "message": "", "producer_address": "", "importer_address": "", "discounted_from": null, "bottle_type": {"id": 1, "name": "Flasche (0,75\u00a0l)", "short_name": "Flasche", "short_name_plural": "Flaschen", "volume_ml": 750}}]}, {"merchant": {"id": 31949, "name": "Vino.com - Germany", "seo_name": "vino75-germany", "legal_name": "3nd srl", "description": "Versandkostenfrei f\u00fcr Bestellungen ab \u20ac80", "country": {"code": "de", "name": "Deutschland", "native_name": "Deutschland", "seo_name": "germany", "currency": {"code": "EUR", "name": "Euros", "prefix": "\u20ac", "suffix": null}, "regions_count": 210, "users_count": 2117308, "wines_count": 197796, "wineries_count": 13493, "most_used_grapes": [{"id": 15, "name": "Riesling", "seo_name": "riesling", "has_detailed_info": true, "wines_count": 259925}, {"id": 299, "name": "Sp\u00e4tburgunder", "seo_name": "spatburgunder", "has_detailed_info": false, "wines_count": 49659}, {"id": 355, "name": "Weissburgunder", "seo_name": "weissburgunder", "has_detailed_info": false, "wines_count": 33123}]}, "state": null, "status": 3, "image": {"location": "//images.vivino.com/merchants/originals/p1gd0mgb0000v6d.png", "variations": {"large_square": "//images.vivino.com/merchants/thumbs/p1gd0mgb0000v6d_400x400.jpg", "medium_square": "//images.vivino.com/merchants/thumbs/p1gd0mgb0000v6d_320x320.jpg", "small_square": "//images.vivino.com/merchants/thumbs/p1gd0mgb0000v6d_160x160.jpg"}}, "shipping_estimate": "Lieferung voraussichtlich zwischen Di, 21.\u00a0Dez und Mo, 27.\u00a0Dez", "impressum_url": "https://www.vino.com/de/content/condizioni-uso", "tos_url": "https://www.vino.com/de/content/condizioni-uso", "vc_clearing_system": 0, "hidden": false}, "prices": [{"id": 25746812, "vintage_id": 164063959, "amount": 18.5, "type": "vc", "currency": {"code": "EUR", "name": "Euros", "prefix": "\u20ac", "suffix": null}, "bottle_type_id": 1, "inventory_bottles_count": 7, "bottles_sold_count": 1, "url": "https://www.vino.com/de/dettaglio/rheingau-qba-riesling-trocken-kunstler-2020.html?st=de&utm_country=de&utm_medium=pref-cpc&utm_source=vivino-ppc&utm_term=kunstlerrieslingtrocken2020", "message": "", "producer_address": "", "importer_address": "", "discounted_from": null, "bottle_type": {"id": 1, "name": "Flasche (0,75\u00a0l)", "short_name": "Flasche", "short_name_plural": "Flaschen", "volume_ml": 750}}]}, {"merchant": {"id": 22141, "name": "Wein und Getr\u00e4nke-Welt Weiser oHG", "seo_name": "wein-und-getranke-welt-weiser-ohg", "legal_name": null, "description": "Mobile-friendly checkout. No minimum order.", "country": {"code": "de", "name": "Deutschland", "native_name": "Deutschland", "seo_name": "germany", "currency": {"code": "EUR", "name": "Euros", "prefix": "\u20ac", "suffix": null}, "regions_count": 210, "users_count": 2117308, "wines_count": 197796, "wineries_count": 13493, "most_used_grapes": [{"id": 15, "name": "Riesling", "seo_name": "riesling", "has_detailed_info": true, "wines_count": 259925}, {"id": 299, "name": "Sp\u00e4tburgunder", "seo_name": "spatburgunder", "has_detailed_info": false, "wines_count": 49659}, {"id": 355, "name": "Weissburgunder", "seo_name": "weissburgunder", "has_detailed_info": false, "wines_count": 33123}]}, "state": null, "status": 0, "image": null, "shipping_estimate": "Lieferung bis Mi, 22.\u00a0Dez", "impressum_url": null, "tos_url": null, "vc_clearing_system": 0, "hidden": false}, "prices": [{"id": 26902039, "vintage_id": 164063959, "amount": 9.9, "type": "ppc", "currency": {"code": "EUR", "name": "Euros", "prefix": "\u20ac", "suffix": null}, "bottle_type_id": 1, "inventory_bottles_count": null, "url": "https://www.getraenkewelt-weiser.de/category.php/wein/deutschland/rheingau/kuenstler-riesling-trocken-2020-0-75-ltr-8578.html?utm_medium=pref-cpc&utm_source=vivino-ppc", "message": "", "producer_address": "Geheimrat-Hummel-Platz 1a Inhaber: Gunter K\u00fcnstler 65239 Hochheim am Main Deutschland", "importer_address": "", "discounted_from": null, "bottle_type": {"id": 1, "name": "Flasche (0,75\u00a0l)", "short_name": "Flasche", "short_name_plural": "Flaschen", "volume_ml": 750}}]}, {"merchant": {"id": 30928, "name": "Wein & Genuss Langenau", "seo_name": "wein-genuss-langenau", "legal_name": null, "description": "Mobile-friendly checkout. No minimum order.", "country": {"code": "de", "name": "Deutschland", "native_name": "Deutschland", "seo_name": "germany", "currency": {"code": "EUR", "name": "Euros", "prefix": "\u20ac", "suffix": null}, "regions_count": 210, "users_count": 2117308, "wines_count": 197796, "wineries_count": 13493, "most_used_grapes": [{"id": 15, "name": "Riesling", "seo_name": "riesling", "has_detailed_info": true, "wines_count": 259925}, {"id": 299, "name": "Sp\u00e4tburgunder", "seo_name": "spatburgunder", "has_detailed_info": false, "wines_count": 49659}, {"id": 355, "name": "Weissburgunder", "seo_name": "weissburgunder", "has_detailed_info": false, "wines_count": 33123}]}, "state": null, "status": 0, "image": null, "shipping_estimate": "Lieferung bis Mi, 22.\u00a0Dez", "impressum_url": null, "tos_url": null, "vc_clearing_system": 0, "hidden": false}, "prices": [{"id": 26405751, "vintage_id": 164063959, "amount": 10.2, "type": "ppc", "currency": {"code": "EUR", "name": "Euros", "prefix": "\u20ac", "suffix": null}, "bottle_type_id": 1, "inventory_bottles_count": null, "url": "https://www.wein-genuss.de/wein/deutschland/kuenstler-riesling-trocken?utm_medium=pref-cpc&utm_source=vivino-ppc", "message": "", "producer_address": "", "importer_address": "", "discounted_from": null, "bottle_type": {"id": 1, "name": "Flasche (0,75\u00a0l)", "short_name": "Flasche", "short_name_plural": "Flaschen", "volume_ml": 750}}]}, {"merchant": {"id": 2396, "name": "Apropos Wein", "seo_name": "apropos-wein", "legal_name": null, "description": "Mobile-friendly checkout. No minimum order.", "country": {"code": "de", "name": "Deutschland", "native_name": "Deutschland", "seo_name": "germany", "currency": {"code": "EUR", "name": "Euros", "prefix": "\u20ac", "suffix": null}, "regions_count": 210, "users_count": 2117308, "wines_count": 197796, "wineries_count": 13493, "most_used_grapes": [{"id": 15, "name": "Riesling", "seo_name": "riesling", "has_detailed_info": true, "wines_count": 259925}, {"id": 299, "name": "Sp\u00e4tburgunder", "seo_name": "spatburgunder", "has_detailed_info": false, "wines_count": 49659}, {"id": 355, "name": "Weissburgunder", "seo_name": "weissburgunder", "has_detailed_info": false, "wines_count": 33123}]}, "state": null, "status": 0, "image": null, "shipping_estimate": "Lieferung bis Mi, 22.\u00a0Dez", "impressum_url": null, "tos_url": null, "vc_clearing_system": 0, "hidden": false}, "prices": [{"id": 25714359, "vintage_id": 164063959, "amount": 10.4, "type": "ppc", "currency": {"code": "EUR", "name": "Euros", "prefix": "\u20ac", "suffix": null}, "bottle_type_id": 1, "inventory_bottles_count": null, "url": "https://aproposwein.com/produkt/riesling-rheingau-qualitaetswein-trocken-weingut-kuenstler-2020-075l/?utm_medium=pref-cpc&utm_source=vivino-ppc", "message": "", "producer_address": "", "importer_address": "", "discounted_from": null, "bottle_type": {"id": 1, "name": "Flasche (0,75\u00a0l)", "short_name": "Flasche", "short_name_plural": "Flaschen", "volume_ml": 750}}]}, {"merchant": {"id": 1632, "name": "Bauer GmbH & Co. KG", "seo_name": "bauer-gmbh-co-kg", "legal_name": null, "description": "Mobile-friendly checkout. No minimum order.", "country": {"code": "de", "name": "Deutschland", "native_name": "Deutschland", "seo_name": "germany", "currency": {"code": "EUR", "name": "Euros", "prefix": "\u20ac", "suffix": null}, "regions_count": 210, "users_count": 2117308, "wines_count": 197796, "wineries_count": 13493, "most_used_grapes": [{"id": 15, "name": "Riesling", "seo_name": "riesling", "has_detailed_info": true, "wines_count": 259925}, {"id": 299, "name": "Sp\u00e4tburgunder", "seo_name": "spatburgunder", "has_detailed_info": false, "wines_count": 49659}, {"id": 355, "name": "Weissburgunder", "seo_name": "weissburgunder", "has_detailed_info": false, "wines_count": 33123}]}, "state": null, "status": 0, "image": null, "shipping_estimate": "Lieferung bis Mi, 22.\u00a0Dez", "impressum_url": null, "tos_url": null, "vc_clearing_system": 0, "hidden": false}, "prices": [{"id": 25382807, "vintage_id": 164063959, "amount": 10.4, "type": "ppc", "currency": {"code": "EUR", "name": "Euros", "prefix": "\u20ac", "suffix": null}, "bottle_type_id": 1, "inventory_bottles_count": null, "url": "https://www.bauer-vinothek.de/wein/weingut-kuenstler-riesling-trocken-vdp-gutswein.html?utm_medium=pref-cpc&utm_source=vivino-ppc", "message": "", "producer_address": "", "importer_address": "", "discounted_from": null, "bottle_type": {"id": 1, "name": "Flasche (0,75\u00a0l)", "short_name": "Flasche", "short_name_plural": "Flaschen", "volume_ml": 750}}]}, {"merchant": {"id": 17534, "name": "Weinfreunde", "seo_name": "weinfreunde", "legal_name": null, "description": "No minimum order.", "country": {"code": "de", "name": "Deutschland", "native_name": "Deutschland", "seo_name": "germany", "currency": {"code": "EUR", "name": "Euros", "prefix": "\u20ac", "suffix": null}, "regions_count": 210, "users_count": 2117308, "wines_count": 197796, "wineries_count": 13493, "most_used_grapes": [{"id": 15, "name": "Riesling", "seo_name": "riesling", "has_detailed_info": true, "wines_count": 259925}, {"id": 299, "name": "Sp\u00e4tburgunder", "seo_name": "spatburgunder", "has_detailed_info": false, "wines_count": 49659}, {"id": 355, "name": "Weissburgunder", "seo_name": "weissburgunder", "has_detailed_info": false, "wines_count": 33123}]}, "state": null, "status": 0, "image": {"location": "//images.vivino.com/merchants/originals/p1dc9rk70000h3u.jpg", "variations": {"large_square": "//images.vivino.com/merchants/thumbs/p1dc9rk70000h3u_400x400.jpg", "medium_square": "//images.vivino.com/merchants/thumbs/p1dc9rk70000h3u_320x320.jpg", "small_square": "//images.vivino.com/merchants/thumbs/p1dc9rk70000h3u_160x160.jpg"}}, "shipping_estimate": "Lieferung bis Mi, 22.\u00a0Dez", "impressum_url": null, "tos_url": null, "vc_clearing_system": 0, "hidden": false}, "prices": [{"id": 24940779, "vintage_id": 164063959, "amount": 10.5, "type": "ppc", "currency": {"code": "EUR", "name": "Euros", "prefix": "\u20ac", "suffix": null}, "bottle_type_id": 1, "inventory_bottles_count": null, "url": "https://www.weinfreunde.de/riesling-trocken-kuenstler.html?c=327&utm_medium=pref-cpc&utm_source=vivino-ppc", "message": "", "producer_address": "", "importer_address": "", "discounted_from": null, "bottle_type": {"id": 1, "name": "Flasche (0,75\u00a0l)", "short_name": "Flasche", "short_name_plural": "Flaschen", "volume_ml": 750}}]}, {"merchant": {"id": 26040, "name": "Weinwelt Scheucher", "seo_name": "weinwelt-scheucher", "legal_name": null, "description": "Mobile-friendly checkout. No minimum order.", "country": {"code": "de", "name": "Deutschland", "native_name": "Deutschland", "seo_name": "germany", "currency": {"code": "EUR", "name": "Euros", "prefix": "\u20ac", "suffix": null}, "regions_count": 210, "users_count": 2117308, "wines_count": 197796, "wineries_count": 13493, "most_used_grapes": [{"id": 15, "name": "Riesling", "seo_name": "riesling", "has_detailed_info": true, "wines_count": 259925}, {"id": 299, "name": "Sp\u00e4tburgunder", "seo_name": "spatburgunder", "has_detailed_info": false, "wines_count": 49659}, {"id": 355, "name": "Weissburgunder", "seo_name": "weissburgunder", "has_detailed_info": false, "wines_count": 33123}]}, "state": null, "status": 0, "image": null, "shipping_estimate": "Lieferung bis Mi, 22.\u00a0Dez", "impressum_url": null, "tos_url": null, "vc_clearing_system": 0, "hidden": false}, "prices": [{"id": 25562923, "vintage_id": 164063959, "amount": 11.25, "type": "ppc", "currency": {"code": "EUR", "name": "Euros", "prefix": "\u20ac", "suffix": null}, "bottle_type_id": 1, "inventory_bottles_count": null, "url": "https://www.weinwelt-scheucher.de/kunstler-gutsriesling-tr-2017-gunter-kunstler.html?utm_medium=pref-cpc&utm_source=vivino-ppc", "message": "", "producer_address": "", "importer_address": "", "discounted_from": null, "bottle_type": {"id": 1, "name": "Flasche (0,75\u00a0l)", "short_name": "Flasche", "short_name_plural": "Flaschen", "volume_ml": 750}}, {"id": 25562919, "vintage_id": 164063959, "amount": 10.25, "type": "ppc", "currency": {"code": "EUR", "name": "Euros", "prefix": "\u20ac", "suffix": null}, "bottle_type_id": 2, "inventory_bottles_count": null, "url": "https://www.weinwelt-scheucher.de/riesling-1l-tr-2018-gunter-kuenstler.html?utm_medium=pref-cpc&utm_source=vivino-ppc", "message": "Preis pro Gro\u00dfe Flasche (1,0\u00a0l)", "producer_address": "", "importer_address": "", "discounted_from": null, "bottle_type": {"id": 2, "name": "Gro\u00dfe Flasche (1,0\u00a0l)", "short_name": "Literflasche", "short_name_plural": "Literflaschen", "volume_ml": 1000}}]}, {"merchant": {"id": 1777, "name": "Weinhaus C. Fehser OHG", "seo_name": "weinhaus-c-fehser-ohg", "legal_name": null, "description": "No minimum order.", "country": {"code": "de", "name": "Deutschland", "native_name": "Deutschland", "seo_name": "germany", "currency": {"code": "EUR", "name": "Euros", "prefix": "\u20ac", "suffix": null}, "regions_count": 210, "users_count": 2117308, "wines_count": 197796, "wineries_count": 13493, "most_used_grapes": [{"id": 15, "name": "Riesling", "seo_name": "riesling", "has_detailed_info": true, "wines_count": 259925}, {"id": 299, "name": "Sp\u00e4tburgunder", "seo_name": "spatburgunder", "has_detailed_info": false, "wines_count": 49659}, {"id": 355, "name": "Weissburgunder", "seo_name": "weissburgunder", "has_detailed_info": false, "wines_count": 33123}]}, "state": null, "status": 0, "image": null, "shipping_estimate": "Lieferung bis Mi, 22.\u00a0Dez", "impressum_url": null, "tos_url": null, "vc_clearing_system": 0, "hidden": false}, "prices": [{"id": 25566556, "vintage_id": 164063959, "amount": 11.9, "type": "ppc", "currency": {"code": "EUR", "name": "Euros", "prefix": "\u20ac", "suffix": null}, "bottle_type_id": 1, "inventory_bottles_count": null, "url": "https://www.weinversand-fehser.de/kuenstler-riesling-trocken-gutswein.html?utm_medium=pref-cpc&utm_source=vivino-ppc", "message": "", "producer_address": "", "importer_address": "", "discounted_from": null, "bottle_type": {"id": 1, "name": "Flasche (0,75\u00a0l)", "short_name": "Flasche", "short_name_plural": "Flaschen", "volume_ml": 750}}]}, {"merchant": {"id": 2914, "name": "Schlossbergkellerei Peters", "seo_name": "schlossbergkellerei-peters", "legal_name": null, "description": "Mobile-friendly checkout. No minimum order.", "country": {"code": "de", "name": "Deutschland", "native_name": "Deutschland", "seo_name": "germany", "currency": {"code": "EUR", "name": "Euros", "prefix": "\u20ac", "suffix": null}, "regions_count": 210, "users_count": 2117308, "wines_count": 197796, "wineries_count": 13493, "most_used_grapes": [{"id": 15, "name": "Riesling", "seo_name": "riesling", "has_detailed_info": true, "wines_count": 259925}, {"id": 299, "name": "Sp\u00e4tburgunder", "seo_name": "spatburgunder", "has_detailed_info": false, "wines_count": 49659}, {"id": 355, "name": "Weissburgunder", "seo_name": "weissburgunder", "has_detailed_info": false, "wines_count": 33123}]}, "state": null, "status": 0, "image": null, "shipping_estimate": "Lieferung bis Mi, 22.\u00a0Dez", "impressum_url": null, "tos_url": null, "vc_clearing_system": 0, "hidden": false}, "prices": [{"id": 25520447, "vintage_id": 164063959, "amount": 12.95, "type": "ppc", "currency": {"code": "EUR", "name": "Euros", "prefix": "\u20ac", "suffix": null}, "bottle_type_id": 1, "inventory_bottles_count": null, "url": "https://www.wein-peters.de/Deutschland/Rheingau/Weingut-Kuenstler/Weisswein/2020er-Kuenstler-Riesling-Gutswein-QbA-trocken::1743.html?utm_medium=pref-cpc&utm_source=vivino-ppc", "message": "", "producer_address": "", "importer_address": "", "discounted_from": null, "bottle_type": {"id": 1, "name": "Flasche (0,75\u00a0l)", "short_name": "Flasche", "short_name_plural": "Flaschen", "volume_ml": 750}}]}, {"merchant": {"id": 546, "name": "Buhrmann Weine", "seo_name": "buhrmann-weine", "legal_name": null, "description": "Mobile Friendly check-out. No minimum order.", "country": {"code": "de", "name": "Deutschland", "native_name": "Deutschland", "seo_name": "germany", "currency": {"code": "EUR", "name": "Euros", "prefix": "\u20ac", "suffix": null}, "regions_count": 210, "users_count": 2117308, "wines_count": 197796, "wineries_count": 13493, "most_used_grapes": [{"id": 15, "name": "Riesling", "seo_name": "riesling", "has_detailed_info": true, "wines_count": 259925}, {"id": 299, "name": "Sp\u00e4tburgunder", "seo_name": "spatburgunder", "has_detailed_info": false, "wines_count": 49659}, {"id": 355, "name": "Weissburgunder", "seo_name": "weissburgunder", "has_detailed_info": false, "wines_count": 33123}]}, "state": null, "status": 0, "image": null, "shipping_estimate": "Lieferung bis Mi, 22.\u00a0Dez", "impressum_url": null, "tos_url": null, "vc_clearing_system": 0, "hidden": false}, "prices": [{"id": 25795727, "vintage_id": 164063959, "amount": 13.09, "type": "ppc", "currency": {"code": "EUR", "name": "Euros", "prefix": "\u20ac", "suffix": null}, "bottle_type_id": 1, "inventory_bottles_count": null, "url": "https://www.buehrmann-weine.de/2020-kuenstler-gutsriesling-trocken-6666?c=5&utm_medium=pref-cpc&utm_source=vivino-ppc", "message": "", "producer_address": "", "importer_address": "", "discounted_from": null, "bottle_type": {"id": 1, "name": "Flasche (0,75\u00a0l)", "short_name": "Flasche", "short_name_plural": "Flaschen", "volume_ml": 750}}]}, {"merchant": {"id": 28930, "name": "Vinitus", "seo_name": "vinitus", "legal_name": null, "description": "Mobile-friendly checkout. No minimum order.", "country": {"code": "es", "name": "Spanien", "native_name": "Espa\u00f1a", "seo_name": "spain", "currency": {"code": "EUR", "name": "Euros", "prefix": "\u20ac", "suffix": null}, "regions_count": 152, "users_count": 2007042, "wines_count": 130133, "wineries_count": 17560, "most_used_grapes": [{"id": 19, "name": "Tempranillo", "seo_name": "tempranillo", "has_detailed_info": true, "wines_count": 171275}, {"id": 142, "name": "Garnacha", "seo_name": "garnacha", "has_detailed_info": true, "wines_count": 57586}, {"id": 2, "name": "Cabernet Sauvignon", "seo_name": "cabernet-sauvignon", "has_detailed_info": true, "wines_count": 794022}]}, "state": null, "status": 0, "image": null, "shipping_estimate": "Lieferung bis Mi, 22.\u00a0Dez", "impressum_url": null, "tos_url": null, "vc_clearing_system": 0, "hidden": false}, "prices": [{"id": 25835589, "vintage_id": 164063959, "amount": 14.95, "type": "ppc", "currency": {"code": "EUR", "name": "Euros", "prefix": "\u20ac", "suffix": null}, "bottle_type_id": 1, "inventory_bottles_count": null, "url": "http://vinitus.es/ca/catalogo/producte/kunstler-riesling-trocken-2020-vge20200001?utm_medium=pref-cpc&utm_source=vivino-ppc", "message": "", "producer_address": "", "importer_address": "", "discounted_from": null, "bottle_type": {"id": 1, "name": "Flasche (0,75\u00a0l)", "short_name": "Flasche", "short_name_plural": "Flaschen", "volume_ml": 750}}]}]}, "found_by_merchant_and_sku": null, "is_deal_page": false}