{"vintage": {"id": 161266054, "seo_name": "paladin-salbanello-doppio-rosso-della-venezie-red-wine-uv", "name": "Paladin Salbanello Doppio Rosso", "statistics": {"status": "Normal", "ratings_count": 115, "ratings_average": 4.1, "labels_count": 275, "reviews_count": 24}, "organic_certification_id": null, "certified_biodynamic": null, "image": {"location": "//images.vivino.com/labels/aB0ZfmJIRDu5ibokRhd0fg.jpg", "variations": {"large": "//images.vivino.com/thumbs/aB0ZfmJIRDu5ibokRhd0fg_375x500.jpg", "medium": "//images.vivino.com/thumbs/aB0ZfmJIRDu5ibokRhd0fg_150x200.jpg", "medium_square": "//images.vivino.com/thumbs/aB0ZfmJIRDu5ibokRhd0fg_150x150.jpg", "small_square": "//images.vivino.com/thumbs/aB0ZfmJIRDu5ibokRhd0fg_80x80.jpg"}}, "wine": {"id": 7467509, "name": "Salbanello Doppio Rosso", "seo_name": "salbanello-doppio-rosso-della-venezie-red-wine", "type_id": 1, "vintage_type": 0, "is_natural": false, "region": {"id": 983, "name": "delle Venezie", "name_en": "", "seo_name": "della-venezie", "country": {"code": "it", "name": "Italy", "native_name": "Italia", "seo_name": "italy", "currency": {"code": "EUR", "name": "Euros", "prefix": "\u20ac", "suffix": null}, "regions_count": 557, "users_count": 3875564, "wines_count": 355339, "wineries_count": 41362, "most_used_grapes": [{"id": 16, "name": "Sangiovese", "seo_name": "sangiovese", "has_detailed_info": true, "wines_count": 125094}, {"id": 10, "name": "Merlot", "seo_name": "merlot", "has_detailed_info": true, "wines_count": 566719}, {"id": 5, "name": "Chardonnay", "seo_name": "chardonnay", "has_detailed_info": true, "wines_count": 604208}]}, "parent_id": 460, "background_image": {"location": "//images.vivino.com/regions/backgrounds/IuzNdQ2NR7O-GIfh9qg9Yg.jpg", "variations": {"large": "//thumbs.vivino.com/region_backgrounds/IuzNdQ2NR7O-GIfh9qg9Yg_1280x760.jpg", "medium": "//thumbs.vivino.com/region_backgrounds/IuzNdQ2NR7O-GIfh9qg9Yg_600x356.jpg"}}, "class": {"typecast_map": {"background_image": {}, "class": {}}}, "statistics": {"wineries_count": 275, "wines_count": 3562, "sub_regions_count": 0, "parent_regions_count": 1}}, "review_status": 2, "winery": {"id": 14948, "name": "Paladin", "seo_name": "paladin", "status": 0, "review_status": "Completed", "background_image": null, "statistics": {"ratings_count": 14225, "ratings_average": 3.8, "labels_count": 101439, "wines_count": 88}, "region": {"id": 983, "name": "delle Venezie", "name_en": "", "seo_name": "della-venezie", "country": {"code": "it", "name": "Italy", "native_name": "Italia", "seo_name": "italy", "currency": {"code": "EUR", "name": "Euros", "prefix": "\u20ac", "suffix": null}, "regions_count": 557, "users_count": 3875564, "wines_count": 355339, "wineries_count": 41362, "most_used_grapes": [{"id": 16, "name": "Sangiovese", "seo_name": "sangiovese", "has_detailed_info": true, "wines_count": 125094}, {"id": 10, "name": "Merlot", "seo_name": "merlot", "has_detailed_info": true, "wines_count": 566719}, {"id": 5, "name": "Chardonnay", "seo_name": "chardonnay", "has_detailed_info": true, "wines_count": 604208}]}, "parent_id": 460, "background_image": {"location": "//images.vivino.com/regions/backgrounds/IuzNdQ2NR7O-GIfh9qg9Yg.jpg", "variations": {"large": "//thumbs.vivino.com/region_backgrounds/IuzNdQ2NR7O-GIfh9qg9Yg_1280x760.jpg", "medium": "//thumbs.vivino.com/region_backgrounds/IuzNdQ2NR7O-GIfh9qg9Yg_600x356.jpg"}}, "class": {"typecast_map": {"background_image": {}, "class": {}}}, "statistics": {"wineries_count": 275, "wines_count": 3562, "sub_regions_count": 0, "parent_regions_count": 1}}, "business_name": "Paladin", "description": "", "specialists_notes": "", "phone": "390422768167", "email": "vinoteca@paladin.it", "facebook": "https://www.facebook.com/paladinvini/", "instagram": "", "is_claimed": false, "twitter": "", "website": "http://www.paladin.it/", "winemaker": null, "wine_maker": null, "address": {"title": null, "name": null, "street": "Via Postumia-12,", "street2": null, "neighborhood": null, "city": "Annone Veneto (VE)", "zip": "30020 ", "state": null, "country": {"code": "it", "name": "Italy", "native_name": "Italia", "seo_name": "italy", "currency": {"code": "EUR", "name": "Euros", "prefix": "\u20ac", "suffix": null}, "regions_count": 557, "users_count": 3875564, "wines_count": 355339, "wineries_count": 41362, "most_used_grapes": [{"id": 16, "name": "Sangiovese", "seo_name": "sangiovese", "has_detailed_info": true, "wines_count": 125094}, {"id": 10, "name": "Merlot", "seo_name": "merlot", "has_detailed_info": true, "wines_count": 566719}, {"id": 5, "name": "Chardonnay", "seo_name": "chardonnay", "has_detailed_info": true, "wines_count": 604208}]}, "company": null, "phone": null, "external_id": null, "residential": null, "vat_number": null, "vat_code": null, "addition": null}, "image": null, "location": {"latitude": 45.7172, "longitude": 12.466887}, "winery_group": {"id": 1073, "name": "Paladin", "website": "http://www.paladin.it/"}, "first_wines": [], "sponsored_entity_type": null, "sponsored_entity": null}, "statistics": {"status": "Normal", "ratings_count": 115, "ratings_average": 4.1, "labels_count": 503, "vintages_count": 8}, "rank": {"country": {"description": "Rank within Italy", "total": 212330, "rank": 26969}, "region": {"description": "Rank within Wine Region", "total": 902, "rank": 51}, "winery": {"description": "Rank within Winery", "total": 84, "rank": 15}, "wine_type": {"description": "Rank within all Red Wine", "total": 659135, "rank": 81855}, "global": {"description": "Global Rank", "total": 1302072, "rank": 135058}}, "hidden": false, "vintages": [{"id": 167790082, "seo_name": "paladin-salbanello-doppio-rosso-della-venezie-red-wine-2020", "name": "Paladin Salbanello Doppio Rosso 2020", "statistics": {"status": "BelowThreshold", "ratings_count": 1, "ratings_average": 0, "labels_count": 3, "reviews_count": 1}, "year": 2020, "grapes": null, "has_valid_ratings": false}, {"id": 165377814, "seo_name": "paladin-salbanello-doppio-rosso-della-venezie-red-wine-2019", "name": "Paladin Salbanello Doppio Rosso 2019", "statistics": {"status": "Normal", "ratings_count": 16, "ratings_average": 3.7, "labels_count": 131, "reviews_count": 6}, "year": 2019, "grapes": null, "has_valid_ratings": true}, {"id": 161314240, "seo_name": "paladin-salbanello-doppio-rosso-della-venezie-red-wine-2018", "name": "Paladin Salbanello Doppio Rosso 2018", "statistics": {"status": "BelowThreshold", "ratings_count": 4, "ratings_average": 0, "labels_count": 14, "reviews_count": 3}, "year": 2018, "grapes": null, "has_valid_ratings": false}, {"id": 165362708, "seo_name": "paladin-salbanello-doppio-rosso-della-venezie-red-wine-2017", "name": "Paladin Salbanello Doppio Rosso 2017", "statistics": {"status": "Normal", "ratings_count": 15, "ratings_average": 3.8, "labels_count": 41, "reviews_count": 6}, "year": 2017, "grapes": null, "has_valid_ratings": true}, {"id": 161266015, "seo_name": "paladin-salbanello-doppio-rosso-della-venezie-red-wine-2016", "name": "Paladin Salbanello Doppio Rosso 2016", "statistics": {"status": "Normal", "ratings_count": 16, "ratings_average": 4.4, "labels_count": 34, "reviews_count": 6}, "year": 2016, "grapes": null, "has_valid_ratings": true}, {"id": 161266054, "seo_name": "paladin-salbanello-doppio-rosso-della-venezie-red-wine-uv", "name": "Paladin Salbanello Doppio Rosso", "statistics": {"status": "Normal", "ratings_count": 115, "ratings_average": 4.1, "labels_count": 275, "reviews_count": 24}, "year": 0, "grapes": null, "has_valid_ratings": true}], "description": "", "grapes": [{"id": 1, "name": "Shiraz/Syrah", "seo_name": "shiraz-syrah", "has_detailed_info": true, "wines_count": 551112}], "foods": [{"id": 4, "name": "Beef", "background_image": {"location": "//images.vivino.com/backgrounds/foods/4_beef.png", "variations": {"small": "//images.vivino.com/backgrounds/foods/thumbs/4_beef_932x810.png"}}, "seo_name": "beef"}, {"id": 5, "name": "Pasta", "background_image": {"location": "//images.vivino.com/backgrounds/foods/5_pasta.png", "variations": {"small": "//images.vivino.com/backgrounds/foods/thumbs/5_pasta_932x810.png"}}, "seo_name": null}, {"id": 8, "name": "Lamb", "background_image": {"location": "//images.vivino.com/backgrounds/foods/8_lamb.png", "variations": {"small": "//images.vivino.com/backgrounds/foods/thumbs/8_lamb_932x810.png"}}, "seo_name": "lamb"}, {"id": 11, "name": "Game (deer, venison)", "background_image": {"location": "//images.vivino.com/backgrounds/foods/11_venison.png", "variations": {"small": "//images.vivino.com/backgrounds/foods/thumbs/11_venison_932x810.png"}}, "seo_name": "game"}], "non_vintage": false, "alcohol": 13.5, "sweetness_id": null, "closure": null, "vintage_mask_raw": null, "updated_at": "2019-08-07T01:49:07Z", "created_at": "2019-08-03T06:47:43Z", "is_first_wine": false, "style": {"id": 130, "seo_name": "northern-italy-red", "regional_name": "Northern Italy", "varietal_name": "Red", "name": "Northern Italy Red", "image": null, "background_image": {"location": "//images.vivino.com/backgrounds/styles/KhR_c_ZwS7uL-COwrSLXjA.jpg", "variations": {"small": "//images.vivino.com/backgrounds/styles/thumbs/KhR_c_ZwS7uL-COwrSLXjA_932x810.jpg"}}, "description": "The wines of Northern Italy include some of the most well known red wines in the country including Nebbiolo, Barbera, Dolcetto, Amarone and Valpolicella.\n\nArguably, the two most important regions in Northern Italy are Piedmont in the northwest, and Veneto in the northeast. Red wines from these regions range from some of the most expensive and sought after in all of Italy to great value red wines.\n\nNebbiolo produces some of the most exclusive and expensive red wines in Italy, including Barolo and Barbaresco. However, these sought after wines come with a hefty price tag.\n\nDolcetto and Barbera from Piedmont offer relative value. Dolcetto is planted on less desirable vineyard sites, and produces fruit-forward, great value wines that are meant to be consumed within 1-2 years of bottling. Barbera is a high yield variety with low tannins and high acidity.\n\nIn Veneto, Valpolicella reigns supreme as its own distinct viticultural zone. There are five different tiers within this wine category ranging from inexpensive and light-bodied Valpolicella Classico, to pricey Amarone.\n\nRed wines from Valpolicella are typically based on Corvina, with Rondinella, and Molinara rounding out these blended wines.", "blurb": null, "interesting_facts": ["Until the last 20 years, Barbera was the most widely planted red variety in all of Italy.", "Many varieties of wine from Northern Italy are now being planted in California.", "Italy produces more wine than any country in the world accounting for nearly 1/3 of global production."], "body": 4, "body_description": "Full-bodied", "acidity": 3, "acidity_description": "High", "country": {"code": "it", "name": "Italy", "native_name": "Italia", "seo_name": "italy", "currency": {"code": "EUR", "name": "Euros", "prefix": "\u20ac", "suffix": null}, "regions_count": 557, "users_count": 3875564, "wines_count": 355339, "wineries_count": 41362, "most_used_grapes": [{"id": 16, "name": "Sangiovese", "seo_name": "sangiovese", "has_detailed_info": true, "wines_count": 125094}, {"id": 10, "name": "Merlot", "seo_name": "merlot", "has_detailed_info": true, "wines_count": 566719}, {"id": 5, "name": "Chardonnay", "seo_name": "chardonnay", "has_detailed_info": true, "wines_count": 604208}]}, "wine_type_id": 1, "food": [{"id": 4, "name": "Beef", "background_image": {"location": "//images.vivino.com/backgrounds/foods/4_beef.png", "variations": {"small": "//images.vivino.com/backgrounds/foods/thumbs/4_beef_932x810.png"}}, "seo_name": "beef"}, {"id": 5, "name": "Pasta", "background_image": {"location": "//images.vivino.com/backgrounds/foods/5_pasta.png", "variations": {"small": "//images.vivino.com/backgrounds/foods/thumbs/5_pasta_932x810.png"}}, "seo_name": null}, {"id": 8, "name": "Lamb", "background_image": {"location": "//images.vivino.com/backgrounds/foods/8_lamb.png", "variations": {"small": "//images.vivino.com/backgrounds/foods/thumbs/8_lamb_932x810.png"}}, "seo_name": "lamb"}, {"id": 11, "name": "Game (deer, venison)", "background_image": {"location": "//images.vivino.com/backgrounds/foods/11_venison.png", "variations": {"small": "//images.vivino.com/backgrounds/foods/thumbs/11_venison_932x810.png"}}, "seo_name": "game"}], "grapes": [{"id": 12, "name": "Nebbiolo", "seo_name": "nebbiolo", "has_detailed_info": true, "wines_count": 55983}, {"id": 31, "name": "Barbera", "seo_name": "barbera", "has_detailed_info": true, "wines_count": 49745}, {"id": 37, "name": "Dolcetto", "seo_name": "dolcetto", "has_detailed_info": false, "wines_count": 11300}], "region": null}, "has_valid_ratings": true}, "description": "", "wine_critic_reviews": [], "awards": [], "ratings_distribution": {"1": 2, "2": 6, "3": 19, "4": 59, "5": 29}, "ranking": {"country": {"description": "Rank within Italy", "total": 1562242, "rank": 97802}, "region": {"description": "Rank within Wine Region", "total": 4993, "rank": 103}, "winery": {"description": "Rank within Winery", "total": 645, "rank": 35}, "global": {"description": "Global Rank", "total": 8944689, "rank": 499010}}, "wine_facts": {}, "winemaker": null, "wine_maker": null, "grape_composition": {}, "year": "", "grapes": null, "has_valid_ratings": true}, "carts": null, "full_region": null, "tastes": null, "wine": {"id": 7467509, "name": "Salbanello Doppio Rosso", "seo_name": "salbanello-doppio-rosso-della-venezie-red-wine", "type_id": 1, "vintage_type": 0, "is_natural": false, "region": {"id": 983, "name": "delle Venezie", "name_en": "", "seo_name": "della-venezie", "country": {"code": "it", "name": "Italy", "native_name": "Italia", "seo_name": "italy", "currency": {"code": "EUR", "name": "Euros", "prefix": "\u20ac", "suffix": null}, "regions_count": 557, "users_count": 3875564, "wines_count": 355339, "wineries_count": 41362, "most_used_grapes": [{"id": 16, "name": "Sangiovese", "seo_name": "sangiovese", "has_detailed_info": true, "wines_count": 125094}, {"id": 10, "name": "Merlot", "seo_name": "merlot", "has_detailed_info": true, "wines_count": 566719}, {"id": 5, "name": "Chardonnay", "seo_name": "chardonnay", "has_detailed_info": true, "wines_count": 604208}]}, "parent_id": 460, "background_image": {"location": "//images.vivino.com/regions/backgrounds/IuzNdQ2NR7O-GIfh9qg9Yg.jpg", "variations": {"large": "//thumbs.vivino.com/region_backgrounds/IuzNdQ2NR7O-GIfh9qg9Yg_1280x760.jpg", "medium": "//thumbs.vivino.com/region_backgrounds/IuzNdQ2NR7O-GIfh9qg9Yg_600x356.jpg"}}, "class": {"typecast_map": {"background_image": {}, "class": {}}}, "statistics": {"wineries_count": 275, "wines_count": 3562, "sub_regions_count": 0, "parent_regions_count": 1}}, "review_status": 2, "winery": {"id": 14948, "name": "Paladin", "seo_name": "paladin", "status": 0, "review_status": "Completed", "background_image": null, "statistics": {"ratings_count": 14225, "ratings_average": 3.8, "labels_count": 101439, "wines_count": 88}, "region": {"id": 983, "name": "delle Venezie", "name_en": "", "seo_name": "della-venezie", "country": {"code": "it", "name": "Italy", "native_name": "Italia", "seo_name": "italy", "currency": {"code": "EUR", "name": "Euros", "prefix": "\u20ac", "suffix": null}, "regions_count": 557, "users_count": 3875564, "wines_count": 355339, "wineries_count": 41362, "most_used_grapes": [{"id": 16, "name": "Sangiovese", "seo_name": "sangiovese", "has_detailed_info": true, "wines_count": 125094}, {"id": 10, "name": "Merlot", "seo_name": "merlot", "has_detailed_info": true, "wines_count": 566719}, {"id": 5, "name": "Chardonnay", "seo_name": "chardonnay", "has_detailed_info": true, "wines_count": 604208}]}, "parent_id": 460, "background_image": {"location": "//images.vivino.com/regions/backgrounds/IuzNdQ2NR7O-GIfh9qg9Yg.jpg", "variations": {"large": "//thumbs.vivino.com/region_backgrounds/IuzNdQ2NR7O-GIfh9qg9Yg_1280x760.jpg", "medium": "//thumbs.vivino.com/region_backgrounds/IuzNdQ2NR7O-GIfh9qg9Yg_600x356.jpg"}}, "class": {"typecast_map": {"background_image": {}, "class": {}}}, "statistics": {"wineries_count": 275, "wines_count": 3562, "sub_regions_count": 0, "parent_regions_count": 1}}}, "image": {"location": "//images.vivino.com/labels/aB0ZfmJIRDu5ibokRhd0fg.jpg", "variations": {"large": "//images.vivino.com/thumbs/aB0ZfmJIRDu5ibokRhd0fg_375x500.jpg", "medium": "//images.vivino.com/thumbs/aB0ZfmJIRDu5ibokRhd0fg_150x200.jpg", "medium_square": "//images.vivino.com/thumbs/aB0ZfmJIRDu5ibokRhd0fg_150x150.jpg", "small_square": "//images.vivino.com/thumbs/aB0ZfmJIRDu5ibokRhd0fg_80x80.jpg"}}, "statistics": {"status": "Normal", "ratings_count": 115, "ratings_average": 4.1, "labels_count": 503, "vintages_count": 8}, "rank": null, "hidden": false, "vintages": [{"id": 167790082, "seo_name": "paladin-salbanello-doppio-rosso-della-venezie-red-wine-2020", "name": "Paladin Salbanello Doppio Rosso 2020", "statistics": {"status": "BelowThreshold", "ratings_count": 1, "ratings_average": 0, "labels_count": 3, "reviews_count": 1}, "year": 2020, "grapes": null, "has_valid_ratings": false}, {"id": 165377814, "seo_name": "paladin-salbanello-doppio-rosso-della-venezie-red-wine-2019", "name": "Paladin Salbanello Doppio Rosso 2019", "statistics": {"status": "Normal", "ratings_count": 16, "ratings_average": 3.7, "labels_count": 131, "reviews_count": 6}, "year": 2019, "grapes": null, "has_valid_ratings": true}, {"id": 161314240, "seo_name": "paladin-salbanello-doppio-rosso-della-venezie-red-wine-2018", "name": "Paladin Salbanello Doppio Rosso 2018", "statistics": {"status": "BelowThreshold", "ratings_count": 4, "ratings_average": 0, "labels_count": 14, "reviews_count": 3}, "year": 2018, "grapes": null, "has_valid_ratings": false}, {"id": 165362708, "seo_name": "paladin-salbanello-doppio-rosso-della-venezie-red-wine-2017", "name": "Paladin Salbanello Doppio Rosso 2017", "statistics": {"status": "Normal", "ratings_count": 15, "ratings_average": 3.8, "labels_count": 41, "reviews_count": 6}, "year": 2017, "grapes": null, "has_valid_ratings": true}, {"id": 161266015, "seo_name": "paladin-salbanello-doppio-rosso-della-venezie-red-wine-2016", "name": "Paladin Salbanello Doppio Rosso 2016", "statistics": {"status": "Normal", "ratings_count": 16, "ratings_average": 4.4, "labels_count": 34, "reviews_count": 6}, "year": 2016, "grapes": null, "has_valid_ratings": true}, {"id": 161351622, "seo_name": "paladin-salbanello-doppio-rosso-della-venezie-red-wine-2015", "name": "Paladin Salbanello Doppio Rosso 2015", "statistics": {"status": "BelowThreshold", "ratings_count": 0, "ratings_average": 0, "labels_count": 0, "reviews_count": 0}, "year": 2015, "grapes": null, "has_valid_ratings": false}, {"id": 169580651, "seo_name": "paladin-salbanello-doppio-rosso-della-venezie-red-wine-2014", "name": "Paladin Salbanello Doppio Rosso 2014", "statistics": {"status": "BelowThreshold", "ratings_count": 0, "ratings_average": 0, "labels_count": 1, "reviews_count": 0}, "year": 2014, "grapes": null, "has_valid_ratings": false}, {"id": 161266054, "seo_name": "paladin-salbanello-doppio-rosso-della-venezie-red-wine-uv", "name": "Paladin Salbanello Doppio Rosso", "statistics": {"status": "Normal", "ratings_count": 115, "ratings_average": 4.1, "labels_count": 275, "reviews_count": 24}, "year": 0, "grapes": null, "has_valid_ratings": true}], "description": "", "grapes": [{"id": 1, "name": "Shiraz/Syrah", "seo_name": "shiraz-syrah", "has_detailed_info": true, "wines_count": 551112}], "foods": [{"id": 4, "name": "Beef", "background_image": {"location": "//images.vivino.com/backgrounds/foods/4_beef.png", "variations": {"small": "//images.vivino.com/backgrounds/foods/thumbs/4_beef_932x810.png"}}, "seo_name": "beef"}, {"id": 5, "name": "Pasta", "background_image": {"location": "//images.vivino.com/backgrounds/foods/5_pasta.png", "variations": {"small": "//images.vivino.com/backgrounds/foods/thumbs/5_pasta_932x810.png"}}, "seo_name": null}, {"id": 8, "name": "Lamb", "background_image": {"location": "//images.vivino.com/backgrounds/foods/8_lamb.png", "variations": {"small": "//images.vivino.com/backgrounds/foods/thumbs/8_lamb_932x810.png"}}, "seo_name": "lamb"}, {"id": 11, "name": "Game (deer, venison)", "background_image": {"location": "//images.vivino.com/backgrounds/foods/11_venison.png", "variations": {"small": "//images.vivino.com/backgrounds/foods/thumbs/11_venison_932x810.png"}}, "seo_name": "game"}], "non_vintage": false, "alcohol": 13.5, "sweetness_id": null, "closure": null, "vintage_mask_raw": null, "updated_at": "2019-08-07T01:49:07Z", "created_at": "2019-08-03T06:47:43Z", "is_first_wine": false, "style": {"id": 130, "seo_name": "northern-italy-red", "regional_name": "Northern Italy", "varietal_name": "Red", "name": "Northern Italy Red", "image": null, "background_image": {"location": "//images.vivino.com/backgrounds/styles/KhR_c_ZwS7uL-COwrSLXjA.jpg", "variations": {"small": "//images.vivino.com/backgrounds/styles/thumbs/KhR_c_ZwS7uL-COwrSLXjA_932x810.jpg"}}, "description": "The wines of Northern Italy include some of the most well known red wines in the country including Nebbiolo, Barbera, Dolcetto, Amarone and Valpolicella.\n\nArguably, the two most important regions in Northern Italy are Piedmont in the northwest, and Veneto in the northeast. Red wines from these regions range from some of the most expensive and sought after in all of Italy to great value red wines.\n\nNebbiolo produces some of the most exclusive and expensive red wines in Italy, including Barolo and Barbaresco. However, these sought after wines come with a hefty price tag.\n\nDolcetto and Barbera from Piedmont offer relative value. Dolcetto is planted on less desirable vineyard sites, and produces fruit-forward, great value wines that are meant to be consumed within 1-2 years of bottling. Barbera is a high yield variety with low tannins and high acidity.\n\nIn Veneto, Valpolicella reigns supreme as its own distinct viticultural zone. There are five different tiers within this wine category ranging from inexpensive and light-bodied Valpolicella Classico, to pricey Amarone.\n\nRed wines from Valpolicella are typically based on Corvina, with Rondinella, and Molinara rounding out these blended wines.", "blurb": null, "interesting_facts": ["Until the last 20 years, Barbera was the most widely planted red variety in all of Italy.", "Many varieties of wine from Northern Italy are now being planted in California.", "Italy produces more wine than any country in the world accounting for nearly 1/3 of global production."], "body": 4, "body_description": "Full-bodied", "acidity": 3, "acidity_description": "High", "country": {"code": "it", "name": "Italy", "native_name": "Italia", "seo_name": "italy", "currency": {"code": "EUR", "name": "Euros", "prefix": "\u20ac", "suffix": null}, "regions_count": 557, "users_count": 3875564, "wines_count": 355339, "wineries_count": 41362, "most_used_grapes": [{"id": 16, "name": "Sangiovese", "seo_name": "sangiovese", "has_detailed_info": true, "wines_count": 125094}, {"id": 10, "name": "Merlot", "seo_name": "merlot", "has_detailed_info": true, "wines_count": 566719}, {"id": 5, "name": "Chardonnay", "seo_name": "chardonnay", "has_detailed_info": true, "wines_count": 604208}]}, "wine_type_id": 1, "food": [{"id": 4, "name": "Beef", "background_image": {"location": "//images.vivino.com/backgrounds/foods/4_beef.png", "variations": {"small": "//images.vivino.com/backgrounds/foods/thumbs/4_beef_932x810.png"}}, "seo_name": "beef"}, {"id": 5, "name": "Pasta", "background_image": {"location": "//images.vivino.com/backgrounds/foods/5_pasta.png", "variations": {"small": "//images.vivino.com/backgrounds/foods/thumbs/5_pasta_932x810.png"}}, "seo_name": null}, {"id": 8, "name": "Lamb", "background_image": {"location": "//images.vivino.com/backgrounds/foods/8_lamb.png", "variations": {"small": "//images.vivino.com/backgrounds/foods/thumbs/8_lamb_932x810.png"}}, "seo_name": "lamb"}, {"id": 11, "name": "Game (deer, venison)", "background_image": {"location": "//images.vivino.com/backgrounds/foods/11_venison.png", "variations": {"small": "//images.vivino.com/backgrounds/foods/thumbs/11_venison_932x810.png"}}, "seo_name": "game"}], "grapes": [{"id": 12, "name": "Nebbiolo", "seo_name": "nebbiolo", "has_detailed_info": true, "wines_count": 55983}, {"id": 31, "name": "Barbera", "seo_name": "barbera", "has_detailed_info": true, "wines_count": 49745}, {"id": 37, "name": "Dolcetto", "seo_name": "dolcetto", "has_detailed_info": false, "wines_count": 11300}], "region": null}, "has_valid_ratings": true}, "highlights": [{"vintage_id": 161266015, "highlight_type": "best_user_rated", "message": "This vintage rates better than any other year for this wine", "icon": "https://images.vivino.com/highlights/icon/best_user_rated.svg", "metadata": {"price": null, "wine_id": 7467509, "toplist": null, "ws_award": null, "critic_review_id": null, "ratings_average": 4.4, "ratings_count": 16, "vintage_year": "2016", "rank_type": "global", "ranks": {"country": {"description": "Rank within Italy", "total": 1562242, "rank": 74221}, "region": {"description": "Rank within Wine Region", "total": 4993, "rank": 61}, "winery": {"description": "Rank within Winery", "total": 645, "rank": 25}, "global": {"description": "Global Rank", "total": 8944689, "rank": 381684}}, "style": {"id": 130, "seo_name": "northern-italy-red", "regional_name": "Northern Italy", "varietal_name": "Red", "name": "Northern Italy Red", "image": null, "background_image": {"location": "//images.vivino.com/backgrounds/styles/KhR_c_ZwS7uL-COwrSLXjA.jpg", "variations": {"small": "//images.vivino.com/backgrounds/styles/thumbs/KhR_c_ZwS7uL-COwrSLXjA_932x810.jpg"}}, "description": "The wines of Northern Italy include some of the most well known red wines in the country including Nebbiolo, Barbera, Dolcetto, Amarone and Valpolicella.\n\nArguably, the two most important regions in Northern Italy are Piedmont in the northwest, and Veneto in the northeast. Red wines from these regions range from some of the most expensive and sought after in all of Italy to great value red wines.\n\nNebbiolo produces some of the most exclusive and expensive red wines in Italy, including Barolo and Barbaresco. However, these sought after wines come with a hefty price tag.\n\nDolcetto and Barbera from Piedmont offer relative value. Dolcetto is planted on less desirable vineyard sites, and produces fruit-forward, great value wines that are meant to be consumed within 1-2 years of bottling. Barbera is a high yield variety with low tannins and high acidity.\n\nIn Veneto, Valpolicella reigns supreme as its own distinct viticultural zone. There are five different tiers within this wine category ranging from inexpensive and light-bodied Valpolicella Classico, to pricey Amarone.\n\nRed wines from Valpolicella are typically based on Corvina, with Rondinella, and Molinara rounding out these blended wines.", "blurb": null, "interesting_facts": ["Until the last 20 years, Barbera was the most widely planted red variety in all of Italy.", "Many varieties of wine from Northern Italy are now being planted in California.", "Italy produces more wine than any country in the world accounting for nearly 1/3 of global production."], "body": 4, "body_description": "Full-bodied", "acidity": 3, "acidity_description": "High", "country": {"code": "it", "name": "Italy", "native_name": "Italia", "seo_name": "italy", "currency": {"code": "EUR", "name": "Euros", "prefix": "\u20ac", "suffix": null}, "regions_count": 557, "users_count": 3875564, "wines_count": 355339, "wineries_count": 41362, "most_used_grapes": [{"id": 16, "name": "Sangiovese", "seo_name": "sangiovese", "has_detailed_info": true, "wines_count": 125094}, {"id": 10, "name": "Merlot", "seo_name": "merlot", "has_detailed_info": true, "wines_count": 566719}, {"id": 5, "name": "Chardonnay", "seo_name": "chardonnay", "has_detailed_info": true, "wines_count": 604208}]}, "wine_type_id": 1, "food": [{"id": 4, "name": "Beef", "background_image": {"location": "//images.vivino.com/backgrounds/foods/4_beef.png", "variations": {"small": "//images.vivino.com/backgrounds/foods/thumbs/4_beef_932x810.png"}}, "seo_name": "beef"}, {"id": 5, "name": "Pasta", "background_image": {"location": "//images.vivino.com/backgrounds/foods/5_pasta.png", "variations": {"small": "//images.vivino.com/backgrounds/foods/thumbs/5_pasta_932x810.png"}}, "seo_name": null}, {"id": 8, "name": "Lamb", "background_image": {"location": "//images.vivino.com/backgrounds/foods/8_lamb.png", "variations": {"small": "//images.vivino.com/backgrounds/foods/thumbs/8_lamb_932x810.png"}}, "seo_name": "lamb"}, {"id": 11, "name": "Game (deer, venison)", "background_image": {"location": "//images.vivino.com/backgrounds/foods/11_venison.png", "variations": {"small": "//images.vivino.com/backgrounds/foods/thumbs/11_venison_932x810.png"}}, "seo_name": "game"}], "grapes": [{"id": 12, "name": "Nebbiolo", "seo_name": "nebbiolo", "has_detailed_info": true, "wines_count": 55983}, {"id": 31, "name": "Barbera", "seo_name": "barbera", "has_detailed_info": true, "wines_count": 49745}, {"id": 37, "name": "Dolcetto", "seo_name": "dolcetto", "has_detailed_info": false, "wines_count": 11300}], "region": null}}, "vintage_year": 2016}], "recommended_vintages": [{"vintage": {"id": 161266015, "seo_name": "paladin-salbanello-doppio-rosso-della-venezie-red-wine-2016", "name": "Paladin Salbanello Doppio Rosso 2016", "statistics": {"status": "Normal", "ratings_count": 16, "ratings_average": 4.4, "labels_count": 34, "reviews_count": 6}, "year": 2016, "grapes": null, "has_valid_ratings": true}, "type": "best_user_rated", "highlight_icon": "https://images.vivino.com/highlights/icon/best_user_rated.svg", "price": null}], "prices_and_availabilities": [], "price_range": {"currency": {"code": "EUR", "name": "Euros", "prefix": "\u20ac", "suffix": null}, "price_range": {"minimum": 0, "maximum": 500, "currency_code": "EUR"}, "defaults": {"minimum": 7, "maximum": 30, "currency_code": "EUR"}}, "subtotal_price": null}