{"tastes": {"structure": {"acidity": 3.1194742, "fizziness": null, "intensity": 3.5612218, "sweetness": 2.1904547, "tannin": null, "user_structure_count": 34, "calculated_structure_count": 18}, "flavor": [{"group": "tree_fruit", "stats": {"count": 11, "score": 1500, "mentions_count": 15}, "primary_keywords": [{"id": 9, "name": "Apfel", "count": 7}, {"id": 458, "name": "Gelber Apfel", "count": 3}, {"id": 315, "name": "Birne", "count": 3}, {"id": 310, "name": "Pfirsich", "count": 1}, {"id": 469, "name": "Steinfrucht", "count": 1}]}, {"group": "earth", "stats": {"count": 8, "score": 1000, "mentions_count": 10}, "primary_keywords": [{"id": 276, "name": "Mineralien", "count": 4}, {"id": 398, "name": "Stein", "count": 3}, {"id": 218, "name": "Honig", "count": 3}]}, {"group": "microbio", "stats": {"count": 8, "score": 768, "mentions_count": 9}, "primary_keywords": [{"id": 23, "name": "Banane", "count": 4}, {"id": 123, "name": "Creme", "count": 4}, {"id": 91, "name": "K\u00e4se", "count": 1}]}, {"group": "citrus_fruit", "stats": {"count": 6, "score": 600, "mentions_count": 6}, "primary_keywords": [{"id": 243, "name": "Zitrone", "count": 4}, {"id": 106, "name": "Zitrone", "count": 1}, {"id": 253, "name": "Limettenschale", "count": 1}]}, {"group": "tropical_fruit", "stats": {"count": 6, "score": 632, "mentions_count": 5}, "primary_keywords": [{"id": 261, "name": "Mango", "count": 2}, {"id": 428, "name": "Tropisch", "count": 2}, {"id": 329, "name": "Ananas", "count": 1}], "secondary_keywords": [{"id": 23, "name": "Banane", "count": 4}]}, {"group": "vegetal", "stats": {"count": 4, "score": 400, "mentions_count": 4}, "primary_keywords": [{"id": 89, "name": "Mangold", "count": 2}, {"id": 399, "name": "Stroh", "count": 2}]}, {"group": "oak", "stats": {"count": 4, "score": 400, "mentions_count": 4}, "primary_keywords": [{"id": 292, "name": "Eiche", "count": 4}]}, {"group": "floral", "stats": {"count": 2, "score": 200, "mentions_count": 2}, "primary_keywords": [{"id": 251, "name": "Lilie", "count": 1}, {"id": 299, "name": "Orangenbl\u00fcte", "count": 1}]}]}, "vivino_id": "1197725"}