{"vintage": {"id": 166513117, "seo_name": "franz-koandfrac14nstler-pfandloch-riesling-trocken-uv", "name": "K\u00fcnstler Pfandloch Riesling Trocken", "statistics": {"status": "Normal", "ratings_count": 16, "ratings_average": 3.3, "labels_count": 0, "reviews_count": 0}, "organic_certification_id": null, "certified_biodynamic": null, "image": {"location": "//images.vivino.com/labels/NP8pE4SzSrWOX9c2BqJzOg.jpg", "variations": {"large": "//images.vivino.com/thumbs/NP8pE4SzSrWOX9c2BqJzOg_375x500.jpg", "medium": "//images.vivino.com/thumbs/NP8pE4SzSrWOX9c2BqJzOg_150x200.jpg", "medium_square": "//images.vivino.com/thumbs/NP8pE4SzSrWOX9c2BqJzOg_150x150.jpg", "small_square": "//images.vivino.com/thumbs/NP8pE4SzSrWOX9c2BqJzOg_80x80.jpg"}}, "wine": {"id": 9020789, "name": "Pfandloch Riesling Trocken", "seo_name": "pfandloch-riesling-trocken", "type_id": 2, "vintage_type": 0, "is_natural": false, "region": {"id": 479, "name": "Rheingau", "name_en": "", "seo_name": "rheingau", "country": {"code": "de", "name": "Germany", "native_name": "Deutschland", "seo_name": "germany", "currency": {"code": "EUR", "name": "Euros", "prefix": "\u20ac", "suffix": null}, "regions_count": 210, "users_count": 2175366, "wines_count": 199914, "wineries_count": 13512, "most_used_grapes": [{"id": 15, "name": "Riesling", "seo_name": "riesling", "has_detailed_info": true, "wines_count": 262136}, {"id": 299, "name": "Sp\u00e4tburgunder", "seo_name": "spatburgunder", "has_detailed_info": false, "wines_count": 50164}, {"id": 355, "name": "Weissburgunder", "seo_name": "weissburgunder", "has_detailed_info": false, "wines_count": 33464}]}, "parent_id": null, "background_image": {"location": "//images.vivino.com/regions/backgrounds/2W6syZygQH-VRyXDOFe9Pw.jpg", "variations": {"large": "//thumbs.vivino.com/region_backgrounds/2W6syZygQH-VRyXDOFe9Pw_1280x760.jpg", "medium": "//thumbs.vivino.com/region_backgrounds/2W6syZygQH-VRyXDOFe9Pw_600x356.jpg"}}, "class": {"typecast_map": {"background_image": {}, "class": {}}}, "statistics": {"wineries_count": 791, "wines_count": 8576, "sub_regions_count": 18, "parent_regions_count": 0}}, "review_status": 2, "winery": {"id": 2222, "name": "K\u00fcnstler", "seo_name": "franz-koandfrac14nstler", "status": 0, "review_status": "Completed", "background_image": null, "statistics": {"ratings_count": 21523, "ratings_average": 3.9, "labels_count": 84734, "wines_count": 141}, "region": {"id": 479, "name": "Rheingau", "name_en": "", "seo_name": "rheingau", "country": {"code": "de", "name": "Germany", "native_name": "Deutschland", "seo_name": "germany", "currency": {"code": "EUR", "name": "Euros", "prefix": "\u20ac", "suffix": null}, "regions_count": 210, "users_count": 2175366, "wines_count": 199914, "wineries_count": 13512, "most_used_grapes": [{"id": 15, "name": "Riesling", "seo_name": "riesling", "has_detailed_info": true, "wines_count": 262136}, {"id": 299, "name": "Sp\u00e4tburgunder", "seo_name": "spatburgunder", "has_detailed_info": false, "wines_count": 50164}, {"id": 355, "name": "Weissburgunder", "seo_name": "weissburgunder", "has_detailed_info": false, "wines_count": 33464}]}, "parent_id": null, "background_image": {"location": "//images.vivino.com/regions/backgrounds/2W6syZygQH-VRyXDOFe9Pw.jpg", "variations": {"large": "//thumbs.vivino.com/region_backgrounds/2W6syZygQH-VRyXDOFe9Pw_1280x760.jpg", "medium": "//thumbs.vivino.com/region_backgrounds/2W6syZygQH-VRyXDOFe9Pw_600x356.jpg"}}, "class": {"typecast_map": {"background_image": {}, "class": {}}}, "statistics": {"wineries_count": 791, "wines_count": 8576, "sub_regions_count": 18, "parent_regions_count": 0}}, "business_name": "Weingut K\u00fcnstler", "description": "", "specialists_notes": "", "phone": "+49 (0) 6146 - 83860", "email": "info@weingut-kuenstler.de", "facebook": "", "instagram": "", "is_claimed": false, "twitter": "", "website": "http://www.weingut-kuenstler.de", "winemaker": null, "wine_maker": null, "address": {"title": null, "name": null, "street": "Geheimrat-Hummel-Platz 1a", "street2": null, "neighborhood": null, "city": "Hochheim am Main", "zip": "65239", "state": null, "country": {"code": "de", "name": "Germany", "native_name": "Deutschland", "seo_name": "germany", "currency": {"code": "EUR", "name": "Euros", "prefix": "\u20ac", "suffix": null}, "regions_count": 210, "users_count": 2175366, "wines_count": 199914, "wineries_count": 13512, "most_used_grapes": [{"id": 15, "name": "Riesling", "seo_name": "riesling", "has_detailed_info": true, "wines_count": 262136}, {"id": 299, "name": "Sp\u00e4tburgunder", "seo_name": "spatburgunder", "has_detailed_info": false, "wines_count": 50164}, {"id": 355, "name": "Weissburgunder", "seo_name": "weissburgunder", "has_detailed_info": false, "wines_count": 33464}]}, "company": null, "phone": null, "external_id": null, "residential": null, "vat_number": null, "vat_code": null, "addition": null}, "image": null, "location": {"latitude": 50.0112, "longitude": 8.34747}, "winery_group": null, "first_wines": [], "sponsored_entity_type": null, "sponsored_entity": null}, "statistics": {"status": "Normal", "ratings_count": 16, "ratings_average": 3.3, "labels_count": 93, "vintages_count": 2}, "rank": {"country": {"description": "Rank within Germany", "total": 117619, "rank": 99688}, "region": {"description": "Rank within Wine Region", "total": 7625, "rank": 6735}, "winery": {"description": "Rank within Winery", "total": 136, "rank": 135}, "wine_type": {"description": "Rank within all White Wine", "total": 398747, "rank": 334693}, "global": {"description": "Global Rank", "total": 1302038, "rank": 1089821}}, "hidden": false, "vintages": [{"id": 166513118, "seo_name": "franz-koandfrac14nstler-pfandloch-riesling-trocken-2018", "name": "K\u00fcnstler Pfandloch Riesling Trocken 2018", "statistics": {"status": "Normal", "ratings_count": 15, "ratings_average": 3.3, "labels_count": 93, "reviews_count": 7}, "year": 2018, "grapes": null, "has_valid_ratings": true}, {"id": 166513117, "seo_name": "franz-koandfrac14nstler-pfandloch-riesling-trocken-uv", "name": "K\u00fcnstler Pfandloch Riesling Trocken", "statistics": {"status": "Normal", "ratings_count": 16, "ratings_average": 3.3, "labels_count": 0, "reviews_count": 0}, "year": 0, "grapes": null, "has_valid_ratings": true}], "description": "", "grapes": [{"id": 15, "name": "Riesling", "seo_name": "riesling", "has_detailed_info": true, "wines_count": 262136}], "foods": [{"id": 10, "name": "Pork", "background_image": {"location": "//images.vivino.com/backgrounds/foods/10_pork.png", "variations": {"small": "//images.vivino.com/backgrounds/foods/thumbs/10_pork_932x810.png"}}, "seo_name": "pork"}, {"id": 13, "name": "Shellfish", "background_image": {"location": "//images.vivino.com/backgrounds/foods/13_shellfish.png", "variations": {"small": "//images.vivino.com/backgrounds/foods/thumbs/13_shellfish_932x810.png"}}, "seo_name": "shellfish"}, {"id": 15, "name": "Spicy food", "background_image": {"location": "//images.vivino.com/backgrounds/foods/15_spicyfood.png", "variations": {"small": "//images.vivino.com/backgrounds/foods/thumbs/15_spicyfood_932x810.png"}}, "seo_name": "spicy-food"}, {"id": 20, "name": "Poultry", "background_image": {"location": "//images.vivino.com/backgrounds/foods/20_chicken.png", "variations": {"small": "//images.vivino.com/backgrounds/foods/thumbs/20_chicken_932x810.png"}}, "seo_name": "poultry"}, {"id": 41, "name": "Cured Meat", "background_image": {"location": "//images.vivino.com/backgrounds/foods/41_curedmeat.png", "variations": {"small": "//images.vivino.com/backgrounds/foods/thumbs/41_curedmeat_932x810.png"}}, "seo_name": null}], "non_vintage": false, "alcohol": 12, "sweetness_id": null, "closure": null, "vintage_mask_raw": null, "updated_at": "2020-11-25T08:01:52Z", "created_at": "2020-11-23T09:58:31Z", "is_first_wine": false, "style": {"id": 186, "seo_name": "german-riesling", "regional_name": "German", "varietal_name": "Riesling", "name": "German Riesling", "image": null, "background_image": {"location": "//images.vivino.com/backgrounds/styles/sUyLeO_TQuaROKfLr65xsg.jpg", "variations": {"small": "//images.vivino.com/backgrounds/styles/thumbs/sUyLeO_TQuaROKfLr65xsg_932x810.jpg"}}, "description": "Riesling is without question Germany's favorite grape. Widely planted, though once derided, Riesling is the superstar of the white wine world at the moment.\n\nThere is a lot of scope for versatility with this sweet, viscous wine, though you can expect to get hints of tropical fruit, nectarine, melon and pineapple from a solid Riesling.\n\nThe grape originated in the Rhine region of Germany, and the best of them are said to grow along the banks of the Mosel River on the beautiful steep, south facing hills.\n\nThere are six categories of Riesling which indicate the ripeness of the grapes. Kabinett is considered \u201coff-dry\u201d and is a typically ripe grape. Sp\u00e4tlese is riper and therefor sweeter, and Auslese is even riper still. Beyond on that you have Beerenauslese, Trockenbeerenauslese and Eiswein (or ice wine), all getting sweeter, more viscous and more expensive.\n\nIt's a favorite in the food and beverage industry because of its willingness to play with a wide variety of foods, particular spicy dishes. The current Asian fusion boom is thought to have had a tremendous effect on Riesling's popularity.", "blurb": null, "interesting_facts": ["Riesling is grown all over the world and thrives in cool to warm climates.", "Riesling is one of the few white wines that develops and improves with age.", "There are an unusually high number of German Riesling producers that carry the prefix \u201cDr.\u201d"], "body": 2, "body_description": "Light-bodied", "acidity": 3, "acidity_description": "High", "country": {"code": "de", "name": "Germany", "native_name": "Deutschland", "seo_name": "germany", "currency": {"code": "EUR", "name": "Euros", "prefix": "\u20ac", "suffix": null}, "regions_count": 210, "users_count": 2175366, "wines_count": 199914, "wineries_count": 13512, "most_used_grapes": [{"id": 15, "name": "Riesling", "seo_name": "riesling", "has_detailed_info": true, "wines_count": 262136}, {"id": 299, "name": "Sp\u00e4tburgunder", "seo_name": "spatburgunder", "has_detailed_info": false, "wines_count": 50164}, {"id": 355, "name": "Weissburgunder", "seo_name": "weissburgunder", "has_detailed_info": false, "wines_count": 33464}]}, "wine_type_id": 2, "food": [{"id": 10, "name": "Pork", "background_image": {"location": "//images.vivino.com/backgrounds/foods/10_pork.png", "variations": {"small": "//images.vivino.com/backgrounds/foods/thumbs/10_pork_932x810.png"}}, "seo_name": "pork"}, {"id": 13, "name": "Shellfish", "background_image": {"location": "//images.vivino.com/backgrounds/foods/13_shellfish.png", "variations": {"small": "//images.vivino.com/backgrounds/foods/thumbs/13_shellfish_932x810.png"}}, "seo_name": "shellfish"}, {"id": 15, "name": "Spicy food", "background_image": {"location": "//images.vivino.com/backgrounds/foods/15_spicyfood.png", "variations": {"small": "//images.vivino.com/backgrounds/foods/thumbs/15_spicyfood_932x810.png"}}, "seo_name": "spicy-food"}, {"id": 20, "name": "Poultry", "background_image": {"location": "//images.vivino.com/backgrounds/foods/20_chicken.png", "variations": {"small": "//images.vivino.com/backgrounds/foods/thumbs/20_chicken_932x810.png"}}, "seo_name": "poultry"}, {"id": 41, "name": "Cured Meat", "background_image": {"location": "//images.vivino.com/backgrounds/foods/41_curedmeat.png", "variations": {"small": "//images.vivino.com/backgrounds/foods/thumbs/41_curedmeat_932x810.png"}}, "seo_name": null}], "grapes": [{"id": 15, "name": "Riesling", "seo_name": "riesling", "has_detailed_info": true, "wines_count": 262136}], "region": null}, "has_valid_ratings": true}, "description": "", "wine_critic_reviews": [], "awards": [], "ratings_distribution": {"1": 2, "2": 2, "3": 6, "4": 4, "5": 2}, "ranking": {"country": {"description": "Rank within Germany", "total": 614815, "rank": 149362}, "region": {"description": "Rank within Wine Region", "total": 46930, "rank": 12749}, "winery": {"description": "Rank within Winery", "total": 1400, "rank": 525}, "global": {"description": "Global Rank", "total": 8944637, "rank": 3336973}}, "wine_facts": {}, "winemaker": null, "wine_maker": null, "grape_composition": {}, "year": "", "grapes": null, "has_valid_ratings": true}, "carts": null, "full_region": null, "tastes": null, "wine": {"id": 9020789, "name": "Pfandloch Riesling Trocken", "seo_name": "pfandloch-riesling-trocken", "type_id": 2, "vintage_type": 0, "is_natural": false, "region": {"id": 479, "name": "Rheingau", "name_en": "", "seo_name": "rheingau", "country": {"code": "de", "name": "Germany", "native_name": "Deutschland", "seo_name": "germany", "currency": {"code": "EUR", "name": "Euros", "prefix": "\u20ac", "suffix": null}, "regions_count": 210, "users_count": 2175366, "wines_count": 199914, "wineries_count": 13512, "most_used_grapes": [{"id": 15, "name": "Riesling", "seo_name": "riesling", "has_detailed_info": true, "wines_count": 262136}, {"id": 299, "name": "Sp\u00e4tburgunder", "seo_name": "spatburgunder", "has_detailed_info": false, "wines_count": 50164}, {"id": 355, "name": "Weissburgunder", "seo_name": "weissburgunder", "has_detailed_info": false, "wines_count": 33464}]}, "parent_id": null, "background_image": {"location": "//images.vivino.com/regions/backgrounds/2W6syZygQH-VRyXDOFe9Pw.jpg", "variations": {"large": "//thumbs.vivino.com/region_backgrounds/2W6syZygQH-VRyXDOFe9Pw_1280x760.jpg", "medium": "//thumbs.vivino.com/region_backgrounds/2W6syZygQH-VRyXDOFe9Pw_600x356.jpg"}}, "class": {"typecast_map": {"background_image": {}, "class": {}}}, "statistics": {"wineries_count": 791, "wines_count": 8576, "sub_regions_count": 18, "parent_regions_count": 0}}, "review_status": 2, "winery": {"id": 2222, "name": "K\u00fcnstler", "seo_name": "franz-koandfrac14nstler", "status": 0, "review_status": "Completed", "background_image": null, "statistics": {"ratings_count": 21523, "ratings_average": 3.9, "labels_count": 84734, "wines_count": 141}, "region": {"id": 479, "name": "Rheingau", "name_en": "", "seo_name": "rheingau", "country": {"code": "de", "name": "Germany", "native_name": "Deutschland", "seo_name": "germany", "currency": {"code": "EUR", "name": "Euros", "prefix": "\u20ac", "suffix": null}, "regions_count": 210, "users_count": 2175366, "wines_count": 199914, "wineries_count": 13512, "most_used_grapes": [{"id": 15, "name": "Riesling", "seo_name": "riesling", "has_detailed_info": true, "wines_count": 262136}, {"id": 299, "name": "Sp\u00e4tburgunder", "seo_name": "spatburgunder", "has_detailed_info": false, "wines_count": 50164}, {"id": 355, "name": "Weissburgunder", "seo_name": "weissburgunder", "has_detailed_info": false, "wines_count": 33464}]}, "parent_id": null, "background_image": {"location": "//images.vivino.com/regions/backgrounds/2W6syZygQH-VRyXDOFe9Pw.jpg", "variations": {"large": "//thumbs.vivino.com/region_backgrounds/2W6syZygQH-VRyXDOFe9Pw_1280x760.jpg", "medium": "//thumbs.vivino.com/region_backgrounds/2W6syZygQH-VRyXDOFe9Pw_600x356.jpg"}}, "class": {"typecast_map": {"background_image": {}, "class": {}}}, "statistics": {"wineries_count": 791, "wines_count": 8576, "sub_regions_count": 18, "parent_regions_count": 0}}}, "image": {"location": "//images.vivino.com/labels/NP8pE4SzSrWOX9c2BqJzOg.jpg", "variations": {"large": "//images.vivino.com/thumbs/NP8pE4SzSrWOX9c2BqJzOg_375x500.jpg", "medium": "//images.vivino.com/thumbs/NP8pE4SzSrWOX9c2BqJzOg_150x200.jpg", "medium_square": "//images.vivino.com/thumbs/NP8pE4SzSrWOX9c2BqJzOg_150x150.jpg", "small_square": "//images.vivino.com/thumbs/NP8pE4SzSrWOX9c2BqJzOg_80x80.jpg"}}, "statistics": {"status": "Normal", "ratings_count": 16, "ratings_average": 3.3, "labels_count": 93, "vintages_count": 2}, "rank": null, "hidden": false, "vintages": [{"id": 166513118, "seo_name": "franz-koandfrac14nstler-pfandloch-riesling-trocken-2018", "name": "K\u00fcnstler Pfandloch Riesling Trocken 2018", "statistics": {"status": "Normal", "ratings_count": 15, "ratings_average": 3.3, "labels_count": 93, "reviews_count": 7}, "year": 2018, "grapes": null, "has_valid_ratings": true}, {"id": 166513117, "seo_name": "franz-koandfrac14nstler-pfandloch-riesling-trocken-uv", "name": "K\u00fcnstler Pfandloch Riesling Trocken", "statistics": {"status": "Normal", "ratings_count": 16, "ratings_average": 3.3, "labels_count": 0, "reviews_count": 0}, "year": 0, "grapes": null, "has_valid_ratings": true}], "description": "", "grapes": [{"id": 15, "name": "Riesling", "seo_name": "riesling", "has_detailed_info": true, "wines_count": 262136}], "foods": [{"id": 10, "name": "Pork", "background_image": {"location": "//images.vivino.com/backgrounds/foods/10_pork.png", "variations": {"small": "//images.vivino.com/backgrounds/foods/thumbs/10_pork_932x810.png"}}, "seo_name": "pork"}, {"id": 13, "name": "Shellfish", "background_image": {"location": "//images.vivino.com/backgrounds/foods/13_shellfish.png", "variations": {"small": "//images.vivino.com/backgrounds/foods/thumbs/13_shellfish_932x810.png"}}, "seo_name": "shellfish"}, {"id": 15, "name": "Spicy food", "background_image": {"location": "//images.vivino.com/backgrounds/foods/15_spicyfood.png", "variations": {"small": "//images.vivino.com/backgrounds/foods/thumbs/15_spicyfood_932x810.png"}}, "seo_name": "spicy-food"}, {"id": 20, "name": "Poultry", "background_image": {"location": "//images.vivino.com/backgrounds/foods/20_chicken.png", "variations": {"small": "//images.vivino.com/backgrounds/foods/thumbs/20_chicken_932x810.png"}}, "seo_name": "poultry"}, {"id": 41, "name": "Cured Meat", "background_image": {"location": "//images.vivino.com/backgrounds/foods/41_curedmeat.png", "variations": {"small": "//images.vivino.com/backgrounds/foods/thumbs/41_curedmeat_932x810.png"}}, "seo_name": null}], "non_vintage": false, "alcohol": 12, "sweetness_id": null, "closure": null, "vintage_mask_raw": null, "updated_at": "2020-11-25T08:01:52Z", "created_at": "2020-11-23T09:58:31Z", "is_first_wine": false, "style": {"id": 186, "seo_name": "german-riesling", "regional_name": "German", "varietal_name": "Riesling", "name": "German Riesling", "image": null, "background_image": {"location": "//images.vivino.com/backgrounds/styles/sUyLeO_TQuaROKfLr65xsg.jpg", "variations": {"small": "//images.vivino.com/backgrounds/styles/thumbs/sUyLeO_TQuaROKfLr65xsg_932x810.jpg"}}, "description": "Riesling is without question Germany's favorite grape. Widely planted, though once derided, Riesling is the superstar of the white wine world at the moment.\n\nThere is a lot of scope for versatility with this sweet, viscous wine, though you can expect to get hints of tropical fruit, nectarine, melon and pineapple from a solid Riesling.\n\nThe grape originated in the Rhine region of Germany, and the best of them are said to grow along the banks of the Mosel River on the beautiful steep, south facing hills.\n\nThere are six categories of Riesling which indicate the ripeness of the grapes. Kabinett is considered \u201coff-dry\u201d and is a typically ripe grape. Sp\u00e4tlese is riper and therefor sweeter, and Auslese is even riper still. Beyond on that you have Beerenauslese, Trockenbeerenauslese and Eiswein (or ice wine), all getting sweeter, more viscous and more expensive.\n\nIt's a favorite in the food and beverage industry because of its willingness to play with a wide variety of foods, particular spicy dishes. The current Asian fusion boom is thought to have had a tremendous effect on Riesling's popularity.", "blurb": null, "interesting_facts": ["Riesling is grown all over the world and thrives in cool to warm climates.", "Riesling is one of the few white wines that develops and improves with age.", "There are an unusually high number of German Riesling producers that carry the prefix \u201cDr.\u201d"], "body": 2, "body_description": "Light-bodied", "acidity": 3, "acidity_description": "High", "country": {"code": "de", "name": "Germany", "native_name": "Deutschland", "seo_name": "germany", "currency": {"code": "EUR", "name": "Euros", "prefix": "\u20ac", "suffix": null}, "regions_count": 210, "users_count": 2175366, "wines_count": 199914, "wineries_count": 13512, "most_used_grapes": [{"id": 15, "name": "Riesling", "seo_name": "riesling", "has_detailed_info": true, "wines_count": 262136}, {"id": 299, "name": "Sp\u00e4tburgunder", "seo_name": "spatburgunder", "has_detailed_info": false, "wines_count": 50164}, {"id": 355, "name": "Weissburgunder", "seo_name": "weissburgunder", "has_detailed_info": false, "wines_count": 33464}]}, "wine_type_id": 2, "food": [{"id": 10, "name": "Pork", "background_image": {"location": "//images.vivino.com/backgrounds/foods/10_pork.png", "variations": {"small": "//images.vivino.com/backgrounds/foods/thumbs/10_pork_932x810.png"}}, "seo_name": "pork"}, {"id": 13, "name": "Shellfish", "background_image": {"location": "//images.vivino.com/backgrounds/foods/13_shellfish.png", "variations": {"small": "//images.vivino.com/backgrounds/foods/thumbs/13_shellfish_932x810.png"}}, "seo_name": "shellfish"}, {"id": 15, "name": "Spicy food", "background_image": {"location": "//images.vivino.com/backgrounds/foods/15_spicyfood.png", "variations": {"small": "//images.vivino.com/backgrounds/foods/thumbs/15_spicyfood_932x810.png"}}, "seo_name": "spicy-food"}, {"id": 20, "name": "Poultry", "background_image": {"location": "//images.vivino.com/backgrounds/foods/20_chicken.png", "variations": {"small": "//images.vivino.com/backgrounds/foods/thumbs/20_chicken_932x810.png"}}, "seo_name": "poultry"}, {"id": 41, "name": "Cured Meat", "background_image": {"location": "//images.vivino.com/backgrounds/foods/41_curedmeat.png", "variations": {"small": "//images.vivino.com/backgrounds/foods/thumbs/41_curedmeat_932x810.png"}}, "seo_name": null}], "grapes": [{"id": 15, "name": "Riesling", "seo_name": "riesling", "has_detailed_info": true, "wines_count": 262136}], "region": null}, "has_valid_ratings": true}, "highlights": [{"vintage_id": 166513118, "highlight_type": "best_user_rated", "message": "This vintage rates better than any other year for this wine", "icon": "https://images.vivino.com/highlights/icon/best_user_rated.svg", "metadata": {"price": null, "wine_id": 9020789, "toplist": null, "ws_award": null, "critic_review_id": null, "ratings_average": 3.3, "ratings_count": 15, "vintage_year": "2018", "rank_type": null, "ranks": {"country": {"description": "Rank within Germany", "total": 614815, "rank": 149436}, "region": {"description": "Rank within Wine Region", "total": 46930, "rank": 12754}, "winery": {"description": "Rank within Winery", "total": 1400, "rank": 526}, "global": {"description": "Global Rank", "total": 8944637, "rank": 3340452}}, "style": {"id": 186, "seo_name": "german-riesling", "regional_name": "German", "varietal_name": "Riesling", "name": "German Riesling", "image": null, "background_image": {"location": "//images.vivino.com/backgrounds/styles/sUyLeO_TQuaROKfLr65xsg.jpg", "variations": {"small": "//images.vivino.com/backgrounds/styles/thumbs/sUyLeO_TQuaROKfLr65xsg_932x810.jpg"}}, "description": "Riesling is without question Germany's favorite grape. Widely planted, though once derided, Riesling is the superstar of the white wine world at the moment.\n\nThere is a lot of scope for versatility with this sweet, viscous wine, though you can expect to get hints of tropical fruit, nectarine, melon and pineapple from a solid Riesling.\n\nThe grape originated in the Rhine region of Germany, and the best of them are said to grow along the banks of the Mosel River on the beautiful steep, south facing hills.\n\nThere are six categories of Riesling which indicate the ripeness of the grapes. Kabinett is considered \u201coff-dry\u201d and is a typically ripe grape. Sp\u00e4tlese is riper and therefor sweeter, and Auslese is even riper still. Beyond on that you have Beerenauslese, Trockenbeerenauslese and Eiswein (or ice wine), all getting sweeter, more viscous and more expensive.\n\nIt's a favorite in the food and beverage industry because of its willingness to play with a wide variety of foods, particular spicy dishes. The current Asian fusion boom is thought to have had a tremendous effect on Riesling's popularity.", "blurb": null, "interesting_facts": ["Riesling is grown all over the world and thrives in cool to warm climates.", "Riesling is one of the few white wines that develops and improves with age.", "There are an unusually high number of German Riesling producers that carry the prefix \u201cDr.\u201d"], "body": 2, "body_description": "Light-bodied", "acidity": 3, "acidity_description": "High", "country": {"code": "de", "name": "Germany", "native_name": "Deutschland", "seo_name": "germany", "currency": {"code": "EUR", "name": "Euros", "prefix": "\u20ac", "suffix": null}, "regions_count": 210, "users_count": 2175366, "wines_count": 199914, "wineries_count": 13512, "most_used_grapes": [{"id": 15, "name": "Riesling", "seo_name": "riesling", "has_detailed_info": true, "wines_count": 262136}, {"id": 299, "name": "Sp\u00e4tburgunder", "seo_name": "spatburgunder", "has_detailed_info": false, "wines_count": 50164}, {"id": 355, "name": "Weissburgunder", "seo_name": "weissburgunder", "has_detailed_info": false, "wines_count": 33464}]}, "wine_type_id": 2, "food": [{"id": 10, "name": "Pork", "background_image": {"location": "//images.vivino.com/backgrounds/foods/10_pork.png", "variations": {"small": "//images.vivino.com/backgrounds/foods/thumbs/10_pork_932x810.png"}}, "seo_name": "pork"}, {"id": 13, "name": "Shellfish", "background_image": {"location": "//images.vivino.com/backgrounds/foods/13_shellfish.png", "variations": {"small": "//images.vivino.com/backgrounds/foods/thumbs/13_shellfish_932x810.png"}}, "seo_name": "shellfish"}, {"id": 15, "name": "Spicy food", "background_image": {"location": "//images.vivino.com/backgrounds/foods/15_spicyfood.png", "variations": {"small": "//images.vivino.com/backgrounds/foods/thumbs/15_spicyfood_932x810.png"}}, "seo_name": "spicy-food"}, {"id": 20, "name": "Poultry", "background_image": {"location": "//images.vivino.com/backgrounds/foods/20_chicken.png", "variations": {"small": "//images.vivino.com/backgrounds/foods/thumbs/20_chicken_932x810.png"}}, "seo_name": "poultry"}, {"id": 41, "name": "Cured Meat", "background_image": {"location": "//images.vivino.com/backgrounds/foods/41_curedmeat.png", "variations": {"small": "//images.vivino.com/backgrounds/foods/thumbs/41_curedmeat_932x810.png"}}, "seo_name": null}], "grapes": [{"id": 15, "name": "Riesling", "seo_name": "riesling", "has_detailed_info": true, "wines_count": 262136}], "region": null}}, "vintage_year": 2018}], "recommended_vintages": [{"vintage": {"id": 166513118, "seo_name": "franz-koandfrac14nstler-pfandloch-riesling-trocken-2018", "name": "K\u00fcnstler Pfandloch Riesling Trocken 2018", "statistics": {"status": "Normal", "ratings_count": 15, "ratings_average": 3.3, "labels_count": 93, "reviews_count": 7}, "year": 2018, "grapes": null, "has_valid_ratings": true}, "type": "best_user_rated", "highlight_icon": "https://images.vivino.com/highlights/icon/best_user_rated.svg", "price": null}], "prices_and_availabilities": [], "price_range": {"currency": {"code": "EUR", "name": "Euros", "prefix": "\u20ac", "suffix": null}, "price_range": {"minimum": 0, "maximum": 500, "currency_code": "EUR"}, "defaults": {"minimum": 7, "maximum": 30, "currency_code": "EUR"}}, "subtotal_price": null}