{"vintage": {"id": 154448201, "seo_name": "karl-may-blutsbruder-fur-immer-vereint-weiss-2017", "name": "Karl May Blutsbruder f\u00fcr Immer Vereint Weiss 2017", "statistics": {"status": "Normal", "ratings_count": 75, "ratings_average": 3.7, "labels_count": 387, "reviews_count": 27}, "organic_certification_id": null, "certified_biodynamic": null, "image": {"location": "//images.vivino.com/thumbs/y8TnAwHgS9ibTlbXK5-MNg_pl_480x640.png", "variations": {"bottle_large": "//images.vivino.com/thumbs/y8TnAwHgS9ibTlbXK5-MNg_pb_x960.png", "bottle_medium": "//images.vivino.com/thumbs/y8TnAwHgS9ibTlbXK5-MNg_pb_x600.png", "bottle_medium_square": "//images.vivino.com/thumbs/y8TnAwHgS9ibTlbXK5-MNg_pb_600x600.png", "bottle_small": "//images.vivino.com/thumbs/y8TnAwHgS9ibTlbXK5-MNg_pb_x300.png", "bottle_small_square": "//images.vivino.com/thumbs/y8TnAwHgS9ibTlbXK5-MNg_pb_300x300.png", "label": "//images.vivino.com/thumbs/y8TnAwHgS9ibTlbXK5-MNg_pl_480x640.png", "label_large": "//images.vivino.com/thumbs/y8TnAwHgS9ibTlbXK5-MNg_pl_375x500.png", "label_medium": "//images.vivino.com/thumbs/y8TnAwHgS9ibTlbXK5-MNg_pl_150x200.png", "label_medium_square": "//images.vivino.com/thumbs/y8TnAwHgS9ibTlbXK5-MNg_pl_150x150.png", "label_small_square": "//images.vivino.com/thumbs/y8TnAwHgS9ibTlbXK5-MNg_pl_80x80.png", "large": "//images.vivino.com/thumbs/y8TnAwHgS9ibTlbXK5-MNg_pl_375x500.png", "medium": "//images.vivino.com/thumbs/y8TnAwHgS9ibTlbXK5-MNg_pl_150x200.png", "medium_square": "//images.vivino.com/thumbs/y8TnAwHgS9ibTlbXK5-MNg_pl_150x150.png", "small_square": "//images.vivino.com/thumbs/y8TnAwHgS9ibTlbXK5-MNg_pl_80x80.png"}}, "wine": {"id": 4544220, "name": "Blutsbruder f\u00fcr Immer Vereint Weiss", "seo_name": "blutsbruder-fur-immer-vereint-weiss", "type_id": 2, "vintage_type": 0, "is_natural": false, "region": {"id": 480, "name": "Rheinhessen", "name_en": "", "seo_name": "rheinhessen", "country": {"code": "de", "name": "Deutschland", "native_name": "Deutschland", "seo_name": "germany", "currency": {"code": "EUR", "name": "Euros", "prefix": "\u20ac", "suffix": null}, "regions_count": 210, "users_count": 2117308, "wines_count": 197796, "wineries_count": 13493, "most_used_grapes": [{"id": 15, "name": "Riesling", "seo_name": "riesling", "has_detailed_info": true, "wines_count": 259925}, {"id": 299, "name": "Sp\u00e4tburgunder", "seo_name": "spatburgunder", "has_detailed_info": false, "wines_count": 49659}, {"id": 355, "name": "Weissburgunder", "seo_name": "weissburgunder", "has_detailed_info": false, "wines_count": 33123}]}, "parent_id": null, "background_image": {"location": "//images.vivino.com/regions/backgrounds/ogLP94yMTDe3X6tkcQR9Kg.jpg", "variations": {"large": "//thumbs.vivino.com/region_backgrounds/ogLP94yMTDe3X6tkcQR9Kg_1280x760.jpg", "medium": "//thumbs.vivino.com/region_backgrounds/ogLP94yMTDe3X6tkcQR9Kg_600x356.jpg"}}, "class": {"typecast_map": {"background_image": {}, "class": {}}}, "statistics": {"wineries_count": 2659, "wines_count": 29574, "sub_regions_count": 19, "parent_regions_count": 0}}, "review_status": 2, "winery": {"id": 48236, "name": "Karl May", "seo_name": "karl-may", "status": 0, "review_status": "Completed", "background_image": null, "statistics": {"ratings_count": 5651, "ratings_average": 3.7, "labels_count": 23197, "wines_count": 75}, "region": {"id": 480, "name": "Rheinhessen", "name_en": "", "seo_name": "rheinhessen", "country": {"code": "de", "name": "Deutschland", "native_name": "Deutschland", "seo_name": "germany", "currency": {"code": "EUR", "name": "Euros", "prefix": "\u20ac", "suffix": null}, "regions_count": 210, "users_count": 2117308, "wines_count": 197796, "wineries_count": 13493, "most_used_grapes": [{"id": 15, "name": "Riesling", "seo_name": "riesling", "has_detailed_info": true, "wines_count": 259925}, {"id": 299, "name": "Sp\u00e4tburgunder", "seo_name": "spatburgunder", "has_detailed_info": false, "wines_count": 49659}, {"id": 355, "name": "Weissburgunder", "seo_name": "weissburgunder", "has_detailed_info": false, "wines_count": 33123}]}, "parent_id": null, "background_image": {"location": "//images.vivino.com/regions/backgrounds/ogLP94yMTDe3X6tkcQR9Kg.jpg", "variations": {"large": "//thumbs.vivino.com/region_backgrounds/ogLP94yMTDe3X6tkcQR9Kg_1280x760.jpg", "medium": "//thumbs.vivino.com/region_backgrounds/ogLP94yMTDe3X6tkcQR9Kg_600x356.jpg"}}, "class": {"typecast_map": {"background_image": {}, "class": {}}}, "statistics": {"wineries_count": 2659, "wines_count": 29574, "sub_regions_count": 19, "parent_regions_count": 0}}, "business_name": "Weingut Karl May", "description": "", "specialists_notes": "", "phone": "4962422356", "email": "", "facebook": "https://www.facebook.com/weingut-karl-may-148126358593621/", "instagram": "", "is_claimed": false, "twitter": "", "website": "http://www.weingut-karl-may.de", "winemaker": "Karl May", "wine_maker": {"id": 8811, "name": "Karl May"}, "address": {"title": null, "name": null, "street": "Ludwig Schwamb Street 22 ", "street2": null, "neighborhood": null, "city": "Osthofen", "zip": "67574", "state": null, "country": {"code": "de", "name": "Deutschland", "native_name": "Deutschland", "seo_name": "germany", "currency": {"code": "EUR", "name": "Euros", "prefix": "\u20ac", "suffix": null}, "regions_count": 210, "users_count": 2117308, "wines_count": 197796, "wineries_count": 13493, "most_used_grapes": [{"id": 15, "name": "Riesling", "seo_name": "riesling", "has_detailed_info": true, "wines_count": 259925}, {"id": 299, "name": "Sp\u00e4tburgunder", "seo_name": "spatburgunder", "has_detailed_info": false, "wines_count": 49659}, {"id": 355, "name": "Weissburgunder", "seo_name": "weissburgunder", "has_detailed_info": false, "wines_count": 33123}]}, "company": null, "phone": null, "external_id": null, "residential": null, "vat_number": null, "vat_code": null, "addition": null}, "image": null, "location": null, "winery_group": null, "first_wines": [], "sponsored_entity_type": null, "sponsored_entity": null}, "statistics": {"status": "Normal", "ratings_count": 185, "ratings_average": 3.7, "labels_count": 873, "vintages_count": 12}, "rank": {"country": {"description": "Rang von Deutschland", "total": 115919, "rank": 5715}, "region": {"description": "Rang von Weinregion", "total": 21880, "rank": 832}, "winery": {"description": "Rang vom Weingut", "total": 69, "rank": 10}, "wine_type": {"description": "Rang in allen Wei\u00dfwein", "total": 394072, "rank": 47369}, "global": {"description": "Weltweiter Rang", "total": 1287383, "rank": 183307}}, "hidden": false, "vintages": [{"id": 167793307, "seo_name": "karl-may-blutsbruder-fur-immer-vereint-weiss-2020", "name": "Karl May Blutsbruder f\u00fcr Immer Vereint Weiss 2020", "statistics": {"status": "BelowThreshold", "ratings_count": 4, "ratings_average": 0, "labels_count": 16, "reviews_count": 2}, "year": 2020, "grapes": null, "has_valid_ratings": false}, {"id": 163847339, "seo_name": "karl-may-blutsbruder-fur-immer-vereint-weiss-2019", "name": "Karl May Blutsbruder f\u00fcr Immer Vereint Weiss 2019", "statistics": {"status": "Normal", "ratings_count": 33, "ratings_average": 3.6, "labels_count": 185, "reviews_count": 11}, "year": 2019, "grapes": null, "has_valid_ratings": true}, {"id": 160062892, "seo_name": "karl-may-blutsbruder-fur-immer-vereint-weiss-2018", "name": "Karl May Blutsbruder f\u00fcr Immer Vereint Weiss 2018", "statistics": {"status": "BelowThreshold", "ratings_count": 8, "ratings_average": 0, "labels_count": 41, "reviews_count": 3}, "year": 2018, "grapes": null, "has_valid_ratings": false}, {"id": 154448201, "seo_name": "karl-may-blutsbruder-fur-immer-vereint-weiss-2017", "name": "Karl May Blutsbruder f\u00fcr Immer Vereint Weiss 2017", "statistics": {"status": "Normal", "ratings_count": 75, "ratings_average": 3.7, "labels_count": 387, "reviews_count": 27}, "year": 2017, "grapes": null, "has_valid_ratings": true}, {"id": 145600846, "seo_name": "karl-may-blutsbruder-fur-immer-vereint-weiss-2016", "name": "Karl May Blutsbruder f\u00fcr Immer Vereint Weiss 2016", "statistics": {"status": "Normal", "ratings_count": 13, "ratings_average": 3.9, "labels_count": 43, "reviews_count": 2}, "year": 2016, "grapes": null, "has_valid_ratings": true}, {"id": 145403516, "seo_name": "karl-may-blutsbruder-fur-immer-vereint-weiss-2015", "name": "Karl May Blutsbruder f\u00fcr Immer Vereint Weiss 2015", "statistics": {"status": "Normal", "ratings_count": 27, "ratings_average": 3.8, "labels_count": 157, "reviews_count": 9}, "year": 2015, "grapes": null, "has_valid_ratings": true}, {"id": 145960656, "seo_name": "karl-may-blutsbruder-fur-immer-vereint-weiss-2014", "name": "Karl May Blutsbruder f\u00fcr Immer Vereint Weiss 2014", "statistics": {"status": "BelowThreshold", "ratings_count": 1, "ratings_average": 0, "labels_count": 6, "reviews_count": 0}, "year": 2014, "grapes": null, "has_valid_ratings": false}, {"id": 146785581, "seo_name": "karl-may-blutsbruder-fur-immer-vereint-weiss-2013", "name": "Karl May Blutsbruder f\u00fcr Immer Vereint Weiss 2013", "statistics": {"status": "BelowThreshold", "ratings_count": 4, "ratings_average": 0, "labels_count": 4, "reviews_count": 2}, "year": 2013, "grapes": null, "has_valid_ratings": false}, {"id": 145900453, "seo_name": "karl-may-blutsbruder-fur-immer-vereint-weiss-2011", "name": "Karl May Blutsbruder f\u00fcr Immer Vereint Weiss 2011", "statistics": {"status": "BelowThreshold", "ratings_count": 2, "ratings_average": 0, "labels_count": 2, "reviews_count": 0}, "year": 2011, "grapes": null, "has_valid_ratings": false}, {"id": 144000279, "seo_name": "karl-may-blutsbruder-fur-immer-vereint-weiss-uv", "name": "Karl May Blutsbruder f\u00fcr Immer Vereint Weiss", "statistics": {"status": "Normal", "ratings_count": 185, "ratings_average": 3.7, "labels_count": 28, "reviews_count": 4}, "year": 0, "grapes": null, "has_valid_ratings": true}], "description": "", "grapes": [{"id": 15, "name": "Riesling", "seo_name": "riesling", "has_detailed_info": true, "wines_count": 259925}, {"id": 17, "name": "Sauvignon Blanc", "seo_name": "sauvignon-blanc", "has_detailed_info": true, "wines_count": 289542}, {"id": 114, "name": "Sylvaner", "seo_name": "sylvaner", "has_detailed_info": false, "wines_count": 7964}], "foods": [{"id": 10, "name": "Schweinefleisch", "background_image": {"location": "//images.vivino.com/backgrounds/foods/10_pork.png", "variations": {"small": "//images.vivino.com/backgrounds/foods/thumbs/10_pork_932x810.png"}}, "seo_name": "pork"}, {"id": 12, "name": "Fetthaltiger Fisch (Lachs, Thunfisch etc.)", "background_image": {"location": "//images.vivino.com/backgrounds/foods/12_richfish.png", "variations": {"small": "//images.vivino.com/backgrounds/foods/thumbs/12_richfish_932x810.png"}}, "seo_name": null}, {"id": 13, "name": "Schalentiere", "background_image": {"location": "//images.vivino.com/backgrounds/foods/13_shellfish.png", "variations": {"small": "//images.vivino.com/backgrounds/foods/thumbs/13_shellfish_932x810.png"}}, "seo_name": "shellfish"}, {"id": 15, "name": "Scharfe Gerichte", "background_image": {"location": "//images.vivino.com/backgrounds/foods/15_spicyfood.png", "variations": {"small": "//images.vivino.com/backgrounds/foods/thumbs/15_spicyfood_932x810.png"}}, "seo_name": "spicy-food"}, {"id": 16, "name": "S\u00fc\u00dfe Desserts", "background_image": {"location": "//images.vivino.com/backgrounds/foods/16_sweetdessert.png", "variations": {"small": "//images.vivino.com/backgrounds/foods/thumbs/16_sweetdessert_932x810.png"}}, "seo_name": null}, {"id": 19, "name": "Vegetarische Gerichte", "background_image": {"location": "//images.vivino.com/backgrounds/foods/19_vegetarian.png", "variations": {"small": "//images.vivino.com/backgrounds/foods/thumbs/19_vegetarian_932x810.png"}}, "seo_name": "vegetarian"}, {"id": 20, "name": "Gefl\u00fcgel", "background_image": {"location": "//images.vivino.com/backgrounds/foods/20_chicken.png", "variations": {"small": "//images.vivino.com/backgrounds/foods/thumbs/20_chicken_932x810.png"}}, "seo_name": "poultry"}], "non_vintage": false, "alcohol": 13.5, "sweetness_id": 5, "closure": "screw", "vintage_mask_raw": null, "updated_at": "2021-01-13T01:32:00Z", "created_at": "2016-06-09T05:37:25Z", "is_first_wine": false, "style": null, "has_valid_ratings": true}, "description": "", "expert_reviews": null, "wine_critic_reviews": [], "awards": [], "ratings_distribution": {"1": 0, "2": 6, "3": 31, "4": 30, "5": 8}, "ranking": {"country": {"description": "Rang von Deutschland", "total": 604729, "rank": 45925}, "region": {"description": "Rang von Weinregion", "total": 101712, "rank": 6577}, "winery": {"description": "Rang vom Weingut", "total": 509, "rank": 67}, "global": {"description": "Weltweiter Rang", "total": 8825179, "rank": 1277187}}, "wine_facts": {}, "winemaker": null, "wine_maker": null, "grape_composition": {}, "year": 2017, "grapes": null, "has_valid_ratings": true}, "carts": null, "price_range": {"currency": {"code": "EUR", "name": "Euros", "prefix": "\u20ac", "suffix": null}, "price_range": {"minimum": 0, "maximum": 500, "currency_code": "EUR"}, "defaults": {"minimum": 7, "maximum": 30, "currency_code": "EUR"}}, "subtotal_price": null, "full_region": null, "tastes": null, "wine": {"id": 4544220, "name": "Blutsbruder f\u00fcr Immer Vereint Weiss", "seo_name": "blutsbruder-fur-immer-vereint-weiss", "type_id": 2, "vintage_type": 0, "is_natural": false, "region": {"id": 480, "name": "Rheinhessen", "name_en": "", "seo_name": "rheinhessen", "country": {"code": "de", "name": "Deutschland", "native_name": "Deutschland", "seo_name": "germany", "currency": {"code": "EUR", "name": "Euros", "prefix": "\u20ac", "suffix": null}, "regions_count": 210, "users_count": 2117308, "wines_count": 197796, "wineries_count": 13493, "most_used_grapes": [{"id": 15, "name": "Riesling", "seo_name": "riesling", "has_detailed_info": true, "wines_count": 259925}, {"id": 299, "name": "Sp\u00e4tburgunder", "seo_name": "spatburgunder", "has_detailed_info": false, "wines_count": 49659}, {"id": 355, "name": "Weissburgunder", "seo_name": "weissburgunder", "has_detailed_info": false, "wines_count": 33123}]}, "parent_id": null, "background_image": {"location": "//images.vivino.com/regions/backgrounds/ogLP94yMTDe3X6tkcQR9Kg.jpg", "variations": {"large": "//thumbs.vivino.com/region_backgrounds/ogLP94yMTDe3X6tkcQR9Kg_1280x760.jpg", "medium": "//thumbs.vivino.com/region_backgrounds/ogLP94yMTDe3X6tkcQR9Kg_600x356.jpg"}}, "class": {"typecast_map": {"background_image": {}, "class": {}}}, "statistics": {"wineries_count": 2659, "wines_count": 29574, "sub_regions_count": 19, "parent_regions_count": 0}}, "review_status": 2, "winery": {"id": 48236, "name": "Karl May", "seo_name": "karl-may", "status": 0, "review_status": "Completed", "background_image": null, "statistics": {"ratings_count": 5651, "ratings_average": 3.7, "labels_count": 23197, "wines_count": 75}, "region": {"id": 480, "name": "Rheinhessen", "name_en": "", "seo_name": "rheinhessen", "country": {"code": "de", "name": "Deutschland", "native_name": "Deutschland", "seo_name": "germany", "currency": {"code": "EUR", "name": "Euros", "prefix": "\u20ac", "suffix": null}, "regions_count": 210, "users_count": 2117308, "wines_count": 197796, "wineries_count": 13493, "most_used_grapes": [{"id": 15, "name": "Riesling", "seo_name": "riesling", "has_detailed_info": true, "wines_count": 259925}, {"id": 299, "name": "Sp\u00e4tburgunder", "seo_name": "spatburgunder", "has_detailed_info": false, "wines_count": 49659}, {"id": 355, "name": "Weissburgunder", "seo_name": "weissburgunder", "has_detailed_info": false, "wines_count": 33123}]}, "parent_id": null, "background_image": {"location": "//images.vivino.com/regions/backgrounds/ogLP94yMTDe3X6tkcQR9Kg.jpg", "variations": {"large": "//thumbs.vivino.com/region_backgrounds/ogLP94yMTDe3X6tkcQR9Kg_1280x760.jpg", "medium": "//thumbs.vivino.com/region_backgrounds/ogLP94yMTDe3X6tkcQR9Kg_600x356.jpg"}}, "class": {"typecast_map": {"background_image": {}, "class": {}}}, "statistics": {"wineries_count": 2659, "wines_count": 29574, "sub_regions_count": 19, "parent_regions_count": 0}}, "business_name": "Weingut Karl May", "description": "", "specialists_notes": "", "phone": "4962422356", "email": "", "facebook": "https://www.facebook.com/weingut-karl-may-148126358593621/", "instagram": "", "is_claimed": false, "twitter": "", "website": "http://www.weingut-karl-may.de", "winemaker": "Karl May", "wine_maker": {"id": 8811, "name": "Karl May"}, "address": {"title": null, "name": null, "street": "Ludwig Schwamb Street 22 ", "street2": null, "neighborhood": null, "city": "Osthofen", "zip": "67574", "state": null, "country": {"code": "de", "name": "Deutschland", "native_name": "Deutschland", "seo_name": "germany", "currency": {"code": "EUR", "name": "Euros", "prefix": "\u20ac", "suffix": null}, "regions_count": 210, "users_count": 2117308, "wines_count": 197796, "wineries_count": 13493, "most_used_grapes": [{"id": 15, "name": "Riesling", "seo_name": "riesling", "has_detailed_info": true, "wines_count": 259925}, {"id": 299, "name": "Sp\u00e4tburgunder", "seo_name": "spatburgunder", "has_detailed_info": false, "wines_count": 49659}, {"id": 355, "name": "Weissburgunder", "seo_name": "weissburgunder", "has_detailed_info": false, "wines_count": 33123}]}, "company": null, "phone": null, "external_id": null, "residential": null, "vat_number": null, "vat_code": null, "addition": null}, "image": null, "location": null, "winery_group": null, "first_wines": [], "sponsored_entity_type": null, "sponsored_entity": null}, "statistics": {"status": "Normal", "ratings_count": 185, "ratings_average": 3.7, "labels_count": 873, "vintages_count": 12}, "rank": {"country": {"description": "Rang von Deutschland", "total": 115919, "rank": 5715}, "region": {"description": "Rang von Weinregion", "total": 21880, "rank": 832}, "winery": {"description": "Rang vom Weingut", "total": 69, "rank": 10}, "wine_type": {"description": "Rang in allen Wei\u00dfwein", "total": 394072, "rank": 47369}, "global": {"description": "Weltweiter Rang", "total": 1287383, "rank": 183307}}, "hidden": false, "vintages": [{"id": 167793307, "seo_name": "karl-may-blutsbruder-fur-immer-vereint-weiss-2020", "name": "Karl May Blutsbruder f\u00fcr Immer Vereint Weiss 2020", "statistics": {"status": "BelowThreshold", "ratings_count": 4, "ratings_average": 0, "labels_count": 16, "reviews_count": 2}, "year": 2020, "grapes": null, "has_valid_ratings": false}, {"id": 163847339, "seo_name": "karl-may-blutsbruder-fur-immer-vereint-weiss-2019", "name": "Karl May Blutsbruder f\u00fcr Immer Vereint Weiss 2019", "statistics": {"status": "Normal", "ratings_count": 33, "ratings_average": 3.6, "labels_count": 185, "reviews_count": 11}, "year": 2019, "grapes": null, "has_valid_ratings": true}, {"id": 160062892, "seo_name": "karl-may-blutsbruder-fur-immer-vereint-weiss-2018", "name": "Karl May Blutsbruder f\u00fcr Immer Vereint Weiss 2018", "statistics": {"status": "BelowThreshold", "ratings_count": 8, "ratings_average": 0, "labels_count": 41, "reviews_count": 3}, "year": 2018, "grapes": null, "has_valid_ratings": false}, {"id": 154448201, "seo_name": "karl-may-blutsbruder-fur-immer-vereint-weiss-2017", "name": "Karl May Blutsbruder f\u00fcr Immer Vereint Weiss 2017", "statistics": {"status": "Normal", "ratings_count": 75, "ratings_average": 3.7, "labels_count": 387, "reviews_count": 27}, "year": 2017, "grapes": null, "has_valid_ratings": true}, {"id": 145600846, "seo_name": "karl-may-blutsbruder-fur-immer-vereint-weiss-2016", "name": "Karl May Blutsbruder f\u00fcr Immer Vereint Weiss 2016", "statistics": {"status": "Normal", "ratings_count": 13, "ratings_average": 3.9, "labels_count": 43, "reviews_count": 2}, "year": 2016, "grapes": null, "has_valid_ratings": true}, {"id": 145403516, "seo_name": "karl-may-blutsbruder-fur-immer-vereint-weiss-2015", "name": "Karl May Blutsbruder f\u00fcr Immer Vereint Weiss 2015", "statistics": {"status": "Normal", "ratings_count": 27, "ratings_average": 3.8, "labels_count": 157, "reviews_count": 9}, "year": 2015, "grapes": null, "has_valid_ratings": true}, {"id": 145960656, "seo_name": "karl-may-blutsbruder-fur-immer-vereint-weiss-2014", "name": "Karl May Blutsbruder f\u00fcr Immer Vereint Weiss 2014", "statistics": {"status": "BelowThreshold", "ratings_count": 1, "ratings_average": 0, "labels_count": 6, "reviews_count": 0}, "year": 2014, "grapes": null, "has_valid_ratings": false}, {"id": 146785581, "seo_name": "karl-may-blutsbruder-fur-immer-vereint-weiss-2013", "name": "Karl May Blutsbruder f\u00fcr Immer Vereint Weiss 2013", "statistics": {"status": "BelowThreshold", "ratings_count": 4, "ratings_average": 0, "labels_count": 4, "reviews_count": 2}, "year": 2013, "grapes": null, "has_valid_ratings": false}, {"id": 145900453, "seo_name": "karl-may-blutsbruder-fur-immer-vereint-weiss-2011", "name": "Karl May Blutsbruder f\u00fcr Immer Vereint Weiss 2011", "statistics": {"status": "BelowThreshold", "ratings_count": 2, "ratings_average": 0, "labels_count": 2, "reviews_count": 0}, "year": 2011, "grapes": null, "has_valid_ratings": false}, {"id": 144000279, "seo_name": "karl-may-blutsbruder-fur-immer-vereint-weiss-uv", "name": "Karl May Blutsbruder f\u00fcr Immer Vereint Weiss", "statistics": {"status": "Normal", "ratings_count": 185, "ratings_average": 3.7, "labels_count": 28, "reviews_count": 4}, "year": 0, "grapes": null, "has_valid_ratings": true}], "description": "", "grapes": [{"id": 15, "name": "Riesling", "seo_name": "riesling", "has_detailed_info": true, "wines_count": 259925}, {"id": 17, "name": "Sauvignon Blanc", "seo_name": "sauvignon-blanc", "has_detailed_info": true, "wines_count": 289542}, {"id": 114, "name": "Sylvaner", "seo_name": "sylvaner", "has_detailed_info": false, "wines_count": 7964}], "foods": [{"id": 10, "name": "Schweinefleisch", "background_image": {"location": "//images.vivino.com/backgrounds/foods/10_pork.png", "variations": {"small": "//images.vivino.com/backgrounds/foods/thumbs/10_pork_932x810.png"}}, "seo_name": "pork"}, {"id": 12, "name": "Fetthaltiger Fisch (Lachs, Thunfisch etc.)", "background_image": {"location": "//images.vivino.com/backgrounds/foods/12_richfish.png", "variations": {"small": "//images.vivino.com/backgrounds/foods/thumbs/12_richfish_932x810.png"}}, "seo_name": null}, {"id": 13, "name": "Schalentiere", "background_image": {"location": "//images.vivino.com/backgrounds/foods/13_shellfish.png", "variations": {"small": "//images.vivino.com/backgrounds/foods/thumbs/13_shellfish_932x810.png"}}, "seo_name": "shellfish"}, {"id": 15, "name": "Scharfe Gerichte", "background_image": {"location": "//images.vivino.com/backgrounds/foods/15_spicyfood.png", "variations": {"small": "//images.vivino.com/backgrounds/foods/thumbs/15_spicyfood_932x810.png"}}, "seo_name": "spicy-food"}, {"id": 16, "name": "S\u00fc\u00dfe Desserts", "background_image": {"location": "//images.vivino.com/backgrounds/foods/16_sweetdessert.png", "variations": {"small": "//images.vivino.com/backgrounds/foods/thumbs/16_sweetdessert_932x810.png"}}, "seo_name": null}, {"id": 19, "name": "Vegetarische Gerichte", "background_image": {"location": "//images.vivino.com/backgrounds/foods/19_vegetarian.png", "variations": {"small": "//images.vivino.com/backgrounds/foods/thumbs/19_vegetarian_932x810.png"}}, "seo_name": "vegetarian"}, {"id": 20, "name": "Gefl\u00fcgel", "background_image": {"location": "//images.vivino.com/backgrounds/foods/20_chicken.png", "variations": {"small": "//images.vivino.com/backgrounds/foods/thumbs/20_chicken_932x810.png"}}, "seo_name": "poultry"}], "non_vintage": false, "alcohol": 13.5, "sweetness_id": 5, "closure": "screw", "vintage_mask_raw": null, "updated_at": "2021-01-13T01:32:00Z", "created_at": "2016-06-09T05:37:25Z", "is_first_wine": false, "style": null, "has_valid_ratings": true}, "price": {"id": 20504573, "vintage_id": 154448201, "amount": 10.95, "type": "vc", "currency": {"code": "EUR", "name": "Euros", "prefix": "\u20ac", "suffix": null}, "bottle_type_id": 1, "inventory_bottles_count": null, "bottles_sold_count": 6, "url": "https://walterdeitermann.de/de/weine/deutschland/rheinhessen/blutsbruder-cuvee-weiss-trocken-weingut-karl-may?utm_medium=pref-cpc&utm_source=vivino-ppc", "message": "", "producer_address": "", "importer_address": "", "discounted_from": null, "bottle_type": {"id": 1, "name": "Flasche (0,75\u00a0l)", "short_name": "Flasche", "short_name_plural": "Flaschen", "volume_ml": 750}}, "highlights": [{"vintage_id": 154448201, "highlight_type": "most_user_rated", "message": "Beliebt bei Vivino-Nutzern. Mehr als 70 Bewertungen", "icon": "https://images.vivino.com/highlights/icon/most_user_rated.svg", "metadata": {"price": {"id": 20504573, "type": "vc", "amount": 10.95, "currency": {"code": "EUR", "name": "Euros", "prefix": "\u20ac", "suffix": null}, "discounted_from": null}, "wine_id": 4544220, "toplist": null, "ws_award": null, "critic_review_id": null, "ratings_average": 3.7, "ratings_count": 75, "vintage_year": "2017", "rank_type": "country", "ranks": {"country": {"description": "Rang von Deutschland", "total": 604729, "rank": 45925}, "region": {"description": "Rang von Weinregion", "total": 101712, "rank": 6577}, "winery": {"description": "Rang vom Weingut", "total": 509, "rank": 67}, "global": {"description": "Weltweiter Rang", "total": 8825179, "rank": 1277187}}, "style": null}}, {"vintage_id": 154448201, "highlight_type": "oldest_available", "message": "\u00c4ltester Jahrgang", "icon": "https://images.vivino.com/highlights/icon/oldest_available.svg", "metadata": {"price": {"id": 20504573, "type": "vc", "amount": 10.95, "currency": {"code": "EUR", "name": "Euros", "prefix": "\u20ac", "suffix": null}, "discounted_from": null}, "wine_id": 4544220, "toplist": null, "ws_award": null, "critic_review_id": null, "ratings_average": 3.7, "ratings_count": 75, "vintage_year": "2017", "rank_type": "country", "ranks": {"country": {"description": "Rang von Deutschland", "total": 604729, "rank": 45925}, "region": {"description": "Rang von Weinregion", "total": 101712, "rank": 6577}, "winery": {"description": "Rang vom Weingut", "total": 509, "rank": 67}, "global": {"description": "Weltweiter Rang", "total": 8825179, "rank": 1277187}}, "style": null}}], "merchant": {"id": 16872, "name": "Walter Deitermann", "seo_name": "walter-deitermann", "legal_name": "Walter Deitermann GmbH", "description": "Versandkostenfrei f\u00fcr Bestellungen ab 80 EUR", "country": {"code": "de", "name": "Deutschland", "native_name": "Deutschland", "seo_name": "germany", "currency": {"code": "EUR", "name": "Euros", "prefix": "\u20ac", "suffix": null}, "regions_count": 210, "users_count": 2117308, "wines_count": 197796, "wineries_count": 13493, "most_used_grapes": [{"id": 15, "name": "Riesling", "seo_name": "riesling", "has_detailed_info": true, "wines_count": 259925}, {"id": 299, "name": "Sp\u00e4tburgunder", "seo_name": "spatburgunder", "has_detailed_info": false, "wines_count": 49659}, {"id": 355, "name": "Weissburgunder", "seo_name": "weissburgunder", "has_detailed_info": false, "wines_count": 33123}]}, "state": null, "status": 3, "image": {"location": "//images.vivino.com/merchants/originals/p1d0r7as0000gf8.jpg", "variations": {"large_square": "//images.vivino.com/merchants/thumbs/p1d0r7as0000gf8_400x400.jpg", "medium_square": "//images.vivino.com/merchants/thumbs/p1d0r7as0000gf8_320x320.jpg", "small_square": "//images.vivino.com/merchants/thumbs/p1d0r7as0000gf8_160x160.jpg"}}, "shipping_estimate": "Lieferung voraussichtlich zwischen Di, 21.\u00a0Dez und Mi, 22.\u00a0Dez", "impressum_url": "https://walterdeitermann.de/de/Impressum", "tos_url": "https://walterdeitermann.de/de/AGB", "shipping_options": {"instructions": {"support": 3, "options": [{"id": 1, "name": "Behind the house without acknowledgement"}, {"id": 5, "name": "By the apartment door without acknowledgement"}, {"id": 2, "name": "In the garage without acknowledgement"}, {"id": 7, "name": "Leave with doorman/receptionist/building management"}]}, "gift_message": false, "ice_packs": {"support": 0, "prices": null}, "preferred_delivery_date_options": {"support": 0, "lead_time": 0, "window": 0, "cut_off_time": ""}}, "vc_clearing_system": 0, "hidden": false}, "sold_out": false, "prices_and_availability": {"market": {"country": "de", "currency": {"code": "EUR", "name": "Euros", "prefix": "\u20ac", "suffix": null}}, "availability": {"vintage": {"id": 154448201, "year": 2017, "grapes": null, "has_valid_ratings": false}, "median": {"amount": 10.95, "type": "market", "discounted_from": null}, "price": {"id": 20504573, "amount": 10.95, "discounted_from": 0.0, "type": "vc"}}, "merchants_with_prices": [{"merchant": {"id": 16872, "name": "Walter Deitermann", "seo_name": "walter-deitermann", "legal_name": "Walter Deitermann GmbH", "description": "Versandkostenfrei f\u00fcr Bestellungen ab 80 EUR", "country": {"code": "de", "name": "Deutschland", "native_name": "Deutschland", "seo_name": "germany", "currency": {"code": "EUR", "name": "Euros", "prefix": "\u20ac", "suffix": null}, "regions_count": 210, "users_count": 2117308, "wines_count": 197796, "wineries_count": 13493, "most_used_grapes": [{"id": 15, "name": "Riesling", "seo_name": "riesling", "has_detailed_info": true, "wines_count": 259925}, {"id": 299, "name": "Sp\u00e4tburgunder", "seo_name": "spatburgunder", "has_detailed_info": false, "wines_count": 49659}, {"id": 355, "name": "Weissburgunder", "seo_name": "weissburgunder", "has_detailed_info": false, "wines_count": 33123}]}, "state": null, "status": 3, "image": {"location": "//images.vivino.com/merchants/originals/p1d0r7as0000gf8.jpg", "variations": {"large_square": "//images.vivino.com/merchants/thumbs/p1d0r7as0000gf8_400x400.jpg", "medium_square": "//images.vivino.com/merchants/thumbs/p1d0r7as0000gf8_320x320.jpg", "small_square": "//images.vivino.com/merchants/thumbs/p1d0r7as0000gf8_160x160.jpg"}}, "shipping_estimate": "Lieferung voraussichtlich zwischen Di, 21.\u00a0Dez und Mi, 22.\u00a0Dez", "impressum_url": "https://walterdeitermann.de/de/Impressum", "tos_url": "https://walterdeitermann.de/de/AGB", "shipping_options": {"instructions": {"support": 3, "options": [{"id": 1, "name": "Behind the house without acknowledgement"}, {"id": 5, "name": "By the apartment door without acknowledgement"}, {"id": 2, "name": "In the garage without acknowledgement"}, {"id": 7, "name": "Leave with doorman/receptionist/building management"}]}, "gift_message": false, "ice_packs": {"support": 0, "prices": null}, "preferred_delivery_date_options": {"support": 0, "lead_time": 0, "window": 0, "cut_off_time": ""}}, "vc_clearing_system": 0, "hidden": false}, "prices": [{"id": 20504573, "vintage_id": 154448201, "amount": 10.95, "type": "vc", "currency": {"code": "EUR", "name": "Euros", "prefix": "\u20ac", "suffix": null}, "bottle_type_id": 1, "inventory_bottles_count": null, "bottles_sold_count": 6, "url": "https://walterdeitermann.de/de/weine/deutschland/rheinhessen/blutsbruder-cuvee-weiss-trocken-weingut-karl-may?utm_medium=pref-cpc&utm_source=vivino-ppc", "message": "", "producer_address": "", "importer_address": "", "discounted_from": null, "bottle_type": {"id": 1, "name": "Flasche (0,75\u00a0l)", "short_name": "Flasche", "short_name_plural": "Flaschen", "volume_ml": 750}}]}]}, "found_by_merchant_and_sku": null, "is_deal_page": false}