{"vintage": {"id": 144826664, "seo_name": "millebuis-montagny-1er-cru-montcuchot-uv", "name": "Millebuis Montagny 1er Cru 'Montcuchot'", "statistics": {"status": "Normal", "ratings_count": 53, "ratings_average": 3.5, "labels_count": 13, "reviews_count": 3}, "organic_certification_id": null, "certified_biodynamic": null, "image": {"location": "//images.vivino.com/labels/1bAPmwe7Ta-jsqgMPp3WSw.jpg", "variations": {"large": "//images.vivino.com/thumbs/1bAPmwe7Ta-jsqgMPp3WSw_375x500.jpg", "medium": "//images.vivino.com/thumbs/1bAPmwe7Ta-jsqgMPp3WSw_150x200.jpg", "medium_square": "//images.vivino.com/thumbs/1bAPmwe7Ta-jsqgMPp3WSw_150x150.jpg", "small_square": "//images.vivino.com/thumbs/1bAPmwe7Ta-jsqgMPp3WSw_80x80.jpg"}}, "wine": {"id": 4633526, "name": "Montagny 1er Cru 'Montcuchot'", "seo_name": "montagny-1er-cru-montcuchot", "type_id": 2, "vintage_type": 0, "is_natural": false, "region": {"id": 3921, "name": "Montagny 1er Cru 'Montcuchot'", "name_en": "Montagny Montcuchot", "seo_name": "montagny-montcuchot", "country": {"code": "fr", "name": "France", "native_name": "France", "seo_name": "france", "currency": {"code": "EUR", "name": "Euros", "prefix": "\u20ac", "suffix": null}, "regions_count": 1292, "users_count": 5068363, "wines_count": 542471, "wineries_count": 67002, "most_used_grapes": [{"id": 14, "name": "Pinot Noir", "seo_name": "pinot-noir", "has_detailed_info": true, "wines_count": 572334}, {"id": 10, "name": "Merlot", "seo_name": "merlot", "has_detailed_info": true, "wines_count": 566719}, {"id": 5, "name": "Chardonnay", "seo_name": "chardonnay", "has_detailed_info": true, "wines_count": 604208}]}, "parent_id": 3085, "background_image": null, "class": {"typecast_map": {"background_image": {}, "class": {}}}, "statistics": {"wineries_count": 0, "wines_count": 7, "sub_regions_count": 0, "parent_regions_count": 4}}, "review_status": 2, "winery": {"id": 204658, "name": "Millebuis", "seo_name": "millebuis", "status": 0, "review_status": "Completed", "background_image": null, "statistics": {"ratings_count": 2126, "ratings_average": 3.8, "labels_count": 15431, "wines_count": 26}, "region": {"id": 385, "name": "Bourgogne", "name_en": "Burgundy", "seo_name": "bourgogne", "country": {"code": "fr", "name": "France", "native_name": "France", "seo_name": "france", "currency": {"code": "EUR", "name": "Euros", "prefix": "\u20ac", "suffix": null}, "regions_count": 1292, "users_count": 5068363, "wines_count": 542471, "wineries_count": 67002, "most_used_grapes": [{"id": 14, "name": "Pinot Noir", "seo_name": "pinot-noir", "has_detailed_info": true, "wines_count": 572334}, {"id": 10, "name": "Merlot", "seo_name": "merlot", "has_detailed_info": true, "wines_count": 566719}, {"id": 5, "name": "Chardonnay", "seo_name": "chardonnay", "has_detailed_info": true, "wines_count": 604208}]}, "parent_id": null, "background_image": {"location": "//images.vivino.com/regions/backgrounds/B_R9c4eLQCuo7Nqjbii6WQ.jpg", "variations": {"large": "//thumbs.vivino.com/region_backgrounds/B_R9c4eLQCuo7Nqjbii6WQ_1280x760.jpg", "medium": "//thumbs.vivino.com/region_backgrounds/B_R9c4eLQCuo7Nqjbii6WQ_600x356.jpg"}}, "class": {"typecast_map": {"background_image": {}, "class": {}}}, "statistics": {"wineries_count": 5436, "wines_count": 20982, "sub_regions_count": 26, "parent_regions_count": 0}}, "business_name": "Millebuis", "description": "", "specialists_notes": "", "phone": "", "email": "", "facebook": "", "instagram": "", "is_claimed": false, "twitter": "", "website": "http://www.millebuis.fr/", "winemaker": null, "wine_maker": null, "address": {"title": null, "name": null, "street": null, "street2": null, "neighborhood": null, "city": null, "zip": null, "state": null, "country": {"code": "fr", "name": "France", "native_name": "France", "seo_name": "france", "currency": {"code": "EUR", "name": "Euros", "prefix": "\u20ac", "suffix": null}, "regions_count": 1292, "users_count": 5068363, "wines_count": 542471, "wineries_count": 67002, "most_used_grapes": [{"id": 14, "name": "Pinot Noir", "seo_name": "pinot-noir", "has_detailed_info": true, "wines_count": 572334}, {"id": 10, "name": "Merlot", "seo_name": "merlot", "has_detailed_info": true, "wines_count": 566719}, {"id": 5, "name": "Chardonnay", "seo_name": "chardonnay", "has_detailed_info": true, "wines_count": 604208}]}, "company": null, "phone": null, "external_id": null, "residential": null, "vat_number": null, "vat_code": null, "addition": null}, "image": null, "location": null, "winery_group": null, "first_wines": [], "sponsored_entity_type": null, "sponsored_entity": null}, "statistics": {"status": "Normal", "ratings_count": 53, "ratings_average": 3.5, "labels_count": 247, "vintages_count": 13}, "rank": {"country": {"description": "Rank within France", "total": 317720, "rank": 128442}, "region": {"description": "Rank within Wine Region", "total": 62956, "rank": 27946}, "winery": {"description": "Rank within Winery", "total": 26, "rank": 15}, "wine_type": {"description": "Rank within all White Wine", "total": 398755, "rank": 139344}, "global": {"description": "Global Rank", "total": 1302067, "rank": 486117}}, "hidden": false, "vintages": [{"id": 164797014, "seo_name": "millebuis-montagny-1er-cru-montcuchot-2019", "name": "Millebuis Montagny 1er Cru 'Montcuchot' 2019", "statistics": {"status": "BelowThreshold", "ratings_count": 1, "ratings_average": 0, "labels_count": 0, "reviews_count": 1}, "year": 2019, "grapes": null, "has_valid_ratings": false}, {"id": 165392410, "seo_name": "millebuis-montagny-1er-cru-montcuchot-2018", "name": "Millebuis Montagny 1er Cru 'Montcuchot' 2018", "statistics": {"status": "BelowThreshold", "ratings_count": 2, "ratings_average": 0, "labels_count": 7, "reviews_count": 1}, "year": 2018, "grapes": null, "has_valid_ratings": false}, {"id": 160688944, "seo_name": "millebuis-montagny-1er-cru-montcuchot-2017", "name": "Millebuis Montagny 1er Cru 'Montcuchot' 2017", "statistics": {"status": "BelowThreshold", "ratings_count": 7, "ratings_average": 0, "labels_count": 5, "reviews_count": 3}, "year": 2017, "grapes": null, "has_valid_ratings": false}, {"id": 145819359, "seo_name": "millebuis-montagny-1er-cru-montcuchot-2015", "name": "Millebuis Montagny 1er Cru 'Montcuchot' 2015", "statistics": {"status": "Normal", "ratings_count": 12, "ratings_average": 3.5, "labels_count": 41, "reviews_count": 7}, "year": 2015, "grapes": null, "has_valid_ratings": true}, {"id": 145602153, "seo_name": "millebuis-montagny-1er-cru-montcuchot-2014", "name": "Millebuis Montagny 1er Cru 'Montcuchot' 2014", "statistics": {"status": "BelowThreshold", "ratings_count": 7, "ratings_average": 0, "labels_count": 50, "reviews_count": 3}, "year": 2014, "grapes": null, "has_valid_ratings": false}, {"id": 144826663, "seo_name": "millebuis-montagny-1er-cru-montcuchot-2013", "name": "Millebuis Montagny 1er Cru 'Montcuchot' 2013", "statistics": {"status": "Normal", "ratings_count": 11, "ratings_average": 3.8, "labels_count": 72, "reviews_count": 1}, "year": 2013, "grapes": null, "has_valid_ratings": true}, {"id": 145214455, "seo_name": "millebuis-montagny-1er-cru-montcuchot-2012", "name": "Millebuis Montagny 1er Cru 'Montcuchot' 2012", "statistics": {"status": "BelowThreshold", "ratings_count": 8, "ratings_average": 0, "labels_count": 50, "reviews_count": 3}, "year": 2012, "grapes": null, "has_valid_ratings": false}, {"id": 144826664, "seo_name": "millebuis-montagny-1er-cru-montcuchot-uv", "name": "Millebuis Montagny 1er Cru 'Montcuchot'", "statistics": {"status": "Normal", "ratings_count": 53, "ratings_average": 3.5, "labels_count": 13, "reviews_count": 3}, "year": 0, "grapes": null, "has_valid_ratings": true}], "description": "", "grapes": [{"id": 5, "name": "Chardonnay", "seo_name": "chardonnay", "has_detailed_info": true, "wines_count": 604208}], "foods": [{"id": 5, "name": "Pasta", "background_image": {"location": "//images.vivino.com/backgrounds/foods/5_pasta.png", "variations": {"small": "//images.vivino.com/backgrounds/foods/thumbs/5_pasta_932x810.png"}}, "seo_name": null}, {"id": 12, "name": "Rich fish (salmon, tuna etc)", "background_image": {"location": "//images.vivino.com/backgrounds/foods/12_richfish.png", "variations": {"small": "//images.vivino.com/backgrounds/foods/thumbs/12_richfish_932x810.png"}}, "seo_name": null}, {"id": 13, "name": "Shellfish", "background_image": {"location": "//images.vivino.com/backgrounds/foods/13_shellfish.png", "variations": {"small": "//images.vivino.com/backgrounds/foods/thumbs/13_shellfish_932x810.png"}}, "seo_name": "shellfish"}, {"id": 35, "name": "Mild and soft cheese", "background_image": {"location": "//images.vivino.com/backgrounds/foods/35_softcheese.png", "variations": {"small": "//images.vivino.com/backgrounds/foods/thumbs/35_softcheese_932x810.png"}}, "seo_name": null}, {"id": 41, "name": "Cured Meat", "background_image": {"location": "//images.vivino.com/backgrounds/foods/41_curedmeat.png", "variations": {"small": "//images.vivino.com/backgrounds/foods/thumbs/41_curedmeat_932x810.png"}}, "seo_name": null}], "non_vintage": false, "alcohol": 0, "sweetness_id": null, "closure": null, "vintage_mask_raw": null, "updated_at": "2018-12-12T03:52:04Z", "created_at": "2016-07-09T09:40:53Z", "is_first_wine": false, "style": {"id": 287, "seo_name": "burgundy-cote-chalonnaise-white", "regional_name": "Burgundy", "varietal_name": "C\u00f4te Chalonnaise White", "name": "Burgundy C\u00f4te Chalonnaise White", "image": null, "background_image": null, "description": null, "blurb": null, "interesting_facts": null, "body": 3, "body_description": "Medium-bodied", "acidity": 2, "acidity_description": "Medium", "country": {"code": "fr", "name": "France", "native_name": "France", "seo_name": "france", "currency": {"code": "EUR", "name": "Euros", "prefix": "\u20ac", "suffix": null}, "regions_count": 1292, "users_count": 5068363, "wines_count": 542471, "wineries_count": 67002, "most_used_grapes": [{"id": 14, "name": "Pinot Noir", "seo_name": "pinot-noir", "has_detailed_info": true, "wines_count": 572334}, {"id": 10, "name": "Merlot", "seo_name": "merlot", "has_detailed_info": true, "wines_count": 566719}, {"id": 5, "name": "Chardonnay", "seo_name": "chardonnay", "has_detailed_info": true, "wines_count": 604208}]}, "wine_type_id": 2, "food": [{"id": 5, "name": "Pasta", "background_image": {"location": "//images.vivino.com/backgrounds/foods/5_pasta.png", "variations": {"small": "//images.vivino.com/backgrounds/foods/thumbs/5_pasta_932x810.png"}}, "seo_name": null}, {"id": 12, "name": "Rich fish (salmon, tuna etc)", "background_image": {"location": "//images.vivino.com/backgrounds/foods/12_richfish.png", "variations": {"small": "//images.vivino.com/backgrounds/foods/thumbs/12_richfish_932x810.png"}}, "seo_name": null}, {"id": 13, "name": "Shellfish", "background_image": {"location": "//images.vivino.com/backgrounds/foods/13_shellfish.png", "variations": {"small": "//images.vivino.com/backgrounds/foods/thumbs/13_shellfish_932x810.png"}}, "seo_name": "shellfish"}, {"id": 35, "name": "Mild and soft cheese", "background_image": {"location": "//images.vivino.com/backgrounds/foods/35_softcheese.png", "variations": {"small": "//images.vivino.com/backgrounds/foods/thumbs/35_softcheese_932x810.png"}}, "seo_name": null}, {"id": 41, "name": "Cured Meat", "background_image": {"location": "//images.vivino.com/backgrounds/foods/41_curedmeat.png", "variations": {"small": "//images.vivino.com/backgrounds/foods/thumbs/41_curedmeat_932x810.png"}}, "seo_name": null}], "grapes": [{"id": 5, "name": "Chardonnay", "seo_name": "chardonnay", "has_detailed_info": true, "wines_count": 604208}, {"id": 50, "name": "Aligot\u00e9", "seo_name": "aligote", "has_detailed_info": false, "wines_count": 10092}], "region": {"id": 566, "name": "C\u00f4te Chalonnaise", "name_en": "", "seo_name": "cote-chalonnaise", "country": {"code": "fr", "name": "France", "native_name": "France", "seo_name": "france", "currency": {"code": "EUR", "name": "Euros", "prefix": "\u20ac", "suffix": null}, "regions_count": 1292, "users_count": 5068363, "wines_count": 542471, "wineries_count": 67002, "most_used_grapes": [{"id": 14, "name": "Pinot Noir", "seo_name": "pinot-noir", "has_detailed_info": true, "wines_count": 572334}, {"id": 10, "name": "Merlot", "seo_name": "merlot", "has_detailed_info": true, "wines_count": 566719}, {"id": 5, "name": "Chardonnay", "seo_name": "chardonnay", "has_detailed_info": true, "wines_count": 604208}]}, "parent_id": 385, "background_image": null, "class": {"typecast_map": {"background_image": {}, "class": {}}}, "statistics": {"wineries_count": 300, "wines_count": 2704, "sub_regions_count": 5, "parent_regions_count": 1}}}, "has_valid_ratings": true}, "description": "", "wine_critic_reviews": [], "awards": [], "ratings_distribution": {"1": 1, "2": 4, "3": 25, "4": 21, "5": 2}, "ranking": {"country": {"description": "Rank within France", "total": 2497598, "rank": 842856}, "region": {"description": "Rank within Wine Region", "total": 556227, "rank": 188902}, "winery": {"description": "Rank within Winery", "total": 169, "rank": 78}, "global": {"description": "Global Rank", "total": 8944648, "rank": 3069615}}, "wine_facts": {}, "winemaker": null, "wine_maker": null, "grape_composition": {}, "year": "", "grapes": null, "has_valid_ratings": true}, "carts": null, "full_region": null, "tastes": null, "wine": {"id": 4633526, "name": "Montagny 1er Cru 'Montcuchot'", "seo_name": "montagny-1er-cru-montcuchot", "type_id": 2, "vintage_type": 0, "is_natural": false, "region": {"id": 3921, "name": "Montagny 1er Cru 'Montcuchot'", "name_en": "Montagny Montcuchot", "seo_name": "montagny-montcuchot", "country": {"code": "fr", "name": "France", "native_name": "France", "seo_name": "france", "currency": {"code": "EUR", "name": "Euros", "prefix": "\u20ac", "suffix": null}, "regions_count": 1292, "users_count": 5068363, "wines_count": 542471, "wineries_count": 67002, "most_used_grapes": [{"id": 14, "name": "Pinot Noir", "seo_name": "pinot-noir", "has_detailed_info": true, "wines_count": 572334}, {"id": 10, "name": "Merlot", "seo_name": "merlot", "has_detailed_info": true, "wines_count": 566719}, {"id": 5, "name": "Chardonnay", "seo_name": "chardonnay", "has_detailed_info": true, "wines_count": 604208}]}, "parent_id": 3085, "background_image": null, "class": {"typecast_map": {"background_image": {}, "class": {}}}, "statistics": {"wineries_count": 0, "wines_count": 7, "sub_regions_count": 0, "parent_regions_count": 4}}, "review_status": 2, "winery": {"id": 204658, "name": "Millebuis", "seo_name": "millebuis", "status": 0, "review_status": "Completed", "background_image": null, "statistics": {"ratings_count": 2126, "ratings_average": 3.8, "labels_count": 15431, "wines_count": 26}, "region": {"id": 385, "name": "Bourgogne", "name_en": "Burgundy", "seo_name": "bourgogne", "country": {"code": "fr", "name": "France", "native_name": "France", "seo_name": "france", "currency": {"code": "EUR", "name": "Euros", "prefix": "\u20ac", "suffix": null}, "regions_count": 1292, "users_count": 5068363, "wines_count": 542471, "wineries_count": 67002, "most_used_grapes": [{"id": 14, "name": "Pinot Noir", "seo_name": "pinot-noir", "has_detailed_info": true, "wines_count": 572334}, {"id": 10, "name": "Merlot", "seo_name": "merlot", "has_detailed_info": true, "wines_count": 566719}, {"id": 5, "name": "Chardonnay", "seo_name": "chardonnay", "has_detailed_info": true, "wines_count": 604208}]}, "parent_id": null, "background_image": {"location": "//images.vivino.com/regions/backgrounds/B_R9c4eLQCuo7Nqjbii6WQ.jpg", "variations": {"large": "//thumbs.vivino.com/region_backgrounds/B_R9c4eLQCuo7Nqjbii6WQ_1280x760.jpg", "medium": "//thumbs.vivino.com/region_backgrounds/B_R9c4eLQCuo7Nqjbii6WQ_600x356.jpg"}}, "class": {"typecast_map": {"background_image": {}, "class": {}}}, "statistics": {"wineries_count": 5436, "wines_count": 20982, "sub_regions_count": 26, "parent_regions_count": 0}}}, "image": {"location": "//images.vivino.com/labels/1bAPmwe7Ta-jsqgMPp3WSw.jpg", "variations": {"large": "//images.vivino.com/thumbs/1bAPmwe7Ta-jsqgMPp3WSw_375x500.jpg", "medium": "//images.vivino.com/thumbs/1bAPmwe7Ta-jsqgMPp3WSw_150x200.jpg", "medium_square": "//images.vivino.com/thumbs/1bAPmwe7Ta-jsqgMPp3WSw_150x150.jpg", "small_square": "//images.vivino.com/thumbs/1bAPmwe7Ta-jsqgMPp3WSw_80x80.jpg"}}, "statistics": {"status": "Normal", "ratings_count": 53, "ratings_average": 3.5, "labels_count": 247, "vintages_count": 13}, "rank": null, "hidden": false, "vintages": [{"id": 164797014, "seo_name": "millebuis-montagny-1er-cru-montcuchot-2019", "name": "Millebuis Montagny 1er Cru 'Montcuchot' 2019", "statistics": {"status": "BelowThreshold", "ratings_count": 1, "ratings_average": 0, "labels_count": 0, "reviews_count": 1}, "year": 2019, "grapes": null, "has_valid_ratings": false}, {"id": 165392410, "seo_name": "millebuis-montagny-1er-cru-montcuchot-2018", "name": "Millebuis Montagny 1er Cru 'Montcuchot' 2018", "statistics": {"status": "BelowThreshold", "ratings_count": 2, "ratings_average": 0, "labels_count": 7, "reviews_count": 1}, "year": 2018, "grapes": null, "has_valid_ratings": false}, {"id": 160688944, "seo_name": "millebuis-montagny-1er-cru-montcuchot-2017", "name": "Millebuis Montagny 1er Cru 'Montcuchot' 2017", "statistics": {"status": "BelowThreshold", "ratings_count": 7, "ratings_average": 0, "labels_count": 5, "reviews_count": 3}, "year": 2017, "grapes": null, "has_valid_ratings": false}, {"id": 157909576, "seo_name": "millebuis-montagny-1er-cru-montcuchot-2016", "name": "Millebuis Montagny 1er Cru 'Montcuchot' 2016", "statistics": {"status": "BelowThreshold", "ratings_count": 0, "ratings_average": 0, "labels_count": 3, "reviews_count": 0}, "year": 2016, "grapes": null, "has_valid_ratings": false}, {"id": 145819359, "seo_name": "millebuis-montagny-1er-cru-montcuchot-2015", "name": "Millebuis Montagny 1er Cru 'Montcuchot' 2015", "statistics": {"status": "Normal", "ratings_count": 12, "ratings_average": 3.5, "labels_count": 41, "reviews_count": 7}, "year": 2015, "grapes": null, "has_valid_ratings": true}, {"id": 145602153, "seo_name": "millebuis-montagny-1er-cru-montcuchot-2014", "name": "Millebuis Montagny 1er Cru 'Montcuchot' 2014", "statistics": {"status": "BelowThreshold", "ratings_count": 7, "ratings_average": 0, "labels_count": 50, "reviews_count": 3}, "year": 2014, "grapes": null, "has_valid_ratings": false}, {"id": 144826663, "seo_name": "millebuis-montagny-1er-cru-montcuchot-2013", "name": "Millebuis Montagny 1er Cru 'Montcuchot' 2013", "statistics": {"status": "Normal", "ratings_count": 11, "ratings_average": 3.8, "labels_count": 72, "reviews_count": 1}, "year": 2013, "grapes": null, "has_valid_ratings": true}, {"id": 145214455, "seo_name": "millebuis-montagny-1er-cru-montcuchot-2012", "name": "Millebuis Montagny 1er Cru 'Montcuchot' 2012", "statistics": {"status": "BelowThreshold", "ratings_count": 8, "ratings_average": 0, "labels_count": 50, "reviews_count": 3}, "year": 2012, "grapes": null, "has_valid_ratings": false}, {"id": 155325757, "seo_name": "millebuis-montagny-1er-cru-montcuchot-2011", "name": "Millebuis Montagny 1er Cru 'Montcuchot' 2011", "statistics": {"status": "BelowThreshold", "ratings_count": 0, "ratings_average": 0, "labels_count": 3, "reviews_count": 0}, "year": 2011, "grapes": null, "has_valid_ratings": false}, {"id": 154842174, "seo_name": "millebuis-montagny-1er-cru-montcuchot-2010", "name": "Millebuis Montagny 1er Cru 'Montcuchot' 2010", "statistics": {"status": "BelowThreshold", "ratings_count": 0, "ratings_average": 0, "labels_count": 0, "reviews_count": 0}, "year": 2010, "grapes": null, "has_valid_ratings": false}, {"id": 154842176, "seo_name": "millebuis-montagny-1er-cru-montcuchot-2009", "name": "Millebuis Montagny 1er Cru 'Montcuchot' 2009", "statistics": {"status": "BelowThreshold", "ratings_count": 0, "ratings_average": 0, "labels_count": 1, "reviews_count": 0}, "year": 2009, "grapes": null, "has_valid_ratings": false}, {"id": 152742183, "seo_name": "millebuis-montagny-1er-cru-montcuchot-2008", "name": "Millebuis Montagny 1er Cru 'Montcuchot' 2008", "statistics": {"status": "BelowThreshold", "ratings_count": 0, "ratings_average": 0, "labels_count": 1, "reviews_count": 0}, "year": 2008, "grapes": null, "has_valid_ratings": false}, {"id": 144826664, "seo_name": "millebuis-montagny-1er-cru-montcuchot-uv", "name": "Millebuis Montagny 1er Cru 'Montcuchot'", "statistics": {"status": "Normal", "ratings_count": 53, "ratings_average": 3.5, "labels_count": 13, "reviews_count": 3}, "year": 0, "grapes": null, "has_valid_ratings": true}], "description": "", "grapes": [{"id": 5, "name": "Chardonnay", "seo_name": "chardonnay", "has_detailed_info": true, "wines_count": 604208}], "foods": [{"id": 5, "name": "Pasta", "background_image": {"location": "//images.vivino.com/backgrounds/foods/5_pasta.png", "variations": {"small": "//images.vivino.com/backgrounds/foods/thumbs/5_pasta_932x810.png"}}, "seo_name": null}, {"id": 12, "name": "Rich fish (salmon, tuna etc)", "background_image": {"location": "//images.vivino.com/backgrounds/foods/12_richfish.png", "variations": {"small": "//images.vivino.com/backgrounds/foods/thumbs/12_richfish_932x810.png"}}, "seo_name": null}, {"id": 13, "name": "Shellfish", "background_image": {"location": "//images.vivino.com/backgrounds/foods/13_shellfish.png", "variations": {"small": "//images.vivino.com/backgrounds/foods/thumbs/13_shellfish_932x810.png"}}, "seo_name": "shellfish"}, {"id": 35, "name": "Mild and soft cheese", "background_image": {"location": "//images.vivino.com/backgrounds/foods/35_softcheese.png", "variations": {"small": "//images.vivino.com/backgrounds/foods/thumbs/35_softcheese_932x810.png"}}, "seo_name": null}, {"id": 41, "name": "Cured Meat", "background_image": {"location": "//images.vivino.com/backgrounds/foods/41_curedmeat.png", "variations": {"small": "//images.vivino.com/backgrounds/foods/thumbs/41_curedmeat_932x810.png"}}, "seo_name": null}], "non_vintage": false, "alcohol": 0, "sweetness_id": null, "closure": null, "vintage_mask_raw": null, "updated_at": "2018-12-12T03:52:04Z", "created_at": "2016-07-09T09:40:53Z", "is_first_wine": false, "style": {"id": 287, "seo_name": "burgundy-cote-chalonnaise-white", "regional_name": "Burgundy", "varietal_name": "C\u00f4te Chalonnaise White", "name": "Burgundy C\u00f4te Chalonnaise White", "image": null, "background_image": null, "description": null, "blurb": null, "interesting_facts": null, "body": 3, "body_description": "Medium-bodied", "acidity": 2, "acidity_description": "Medium", "country": {"code": "fr", "name": "France", "native_name": "France", "seo_name": "france", "currency": {"code": "EUR", "name": "Euros", "prefix": "\u20ac", "suffix": null}, "regions_count": 1292, "users_count": 5068363, "wines_count": 542471, "wineries_count": 67002, "most_used_grapes": [{"id": 14, "name": "Pinot Noir", "seo_name": "pinot-noir", "has_detailed_info": true, "wines_count": 572334}, {"id": 10, "name": "Merlot", "seo_name": "merlot", "has_detailed_info": true, "wines_count": 566719}, {"id": 5, "name": "Chardonnay", "seo_name": "chardonnay", "has_detailed_info": true, "wines_count": 604208}]}, "wine_type_id": 2, "food": [{"id": 5, "name": "Pasta", "background_image": {"location": "//images.vivino.com/backgrounds/foods/5_pasta.png", "variations": {"small": "//images.vivino.com/backgrounds/foods/thumbs/5_pasta_932x810.png"}}, "seo_name": null}, {"id": 12, "name": "Rich fish (salmon, tuna etc)", "background_image": {"location": "//images.vivino.com/backgrounds/foods/12_richfish.png", "variations": {"small": "//images.vivino.com/backgrounds/foods/thumbs/12_richfish_932x810.png"}}, "seo_name": null}, {"id": 13, "name": "Shellfish", "background_image": {"location": "//images.vivino.com/backgrounds/foods/13_shellfish.png", "variations": {"small": "//images.vivino.com/backgrounds/foods/thumbs/13_shellfish_932x810.png"}}, "seo_name": "shellfish"}, {"id": 35, "name": "Mild and soft cheese", "background_image": {"location": "//images.vivino.com/backgrounds/foods/35_softcheese.png", "variations": {"small": "//images.vivino.com/backgrounds/foods/thumbs/35_softcheese_932x810.png"}}, "seo_name": null}, {"id": 41, "name": "Cured Meat", "background_image": {"location": "//images.vivino.com/backgrounds/foods/41_curedmeat.png", "variations": {"small": "//images.vivino.com/backgrounds/foods/thumbs/41_curedmeat_932x810.png"}}, "seo_name": null}], "grapes": [{"id": 5, "name": "Chardonnay", "seo_name": "chardonnay", "has_detailed_info": true, "wines_count": 604208}, {"id": 50, "name": "Aligot\u00e9", "seo_name": "aligote", "has_detailed_info": false, "wines_count": 10092}], "region": {"id": 566, "name": "C\u00f4te Chalonnaise", "name_en": "", "seo_name": "cote-chalonnaise", "country": {"code": "fr", "name": "France", "native_name": "France", "seo_name": "france", "currency": {"code": "EUR", "name": "Euros", "prefix": "\u20ac", "suffix": null}, "regions_count": 1292, "users_count": 5068363, "wines_count": 542471, "wineries_count": 67002, "most_used_grapes": [{"id": 14, "name": "Pinot Noir", "seo_name": "pinot-noir", "has_detailed_info": true, "wines_count": 572334}, {"id": 10, "name": "Merlot", "seo_name": "merlot", "has_detailed_info": true, "wines_count": 566719}, {"id": 5, "name": "Chardonnay", "seo_name": "chardonnay", "has_detailed_info": true, "wines_count": 604208}]}, "parent_id": 385, "background_image": null, "class": {"typecast_map": {"background_image": {}, "class": {}}}, "statistics": {"wineries_count": 300, "wines_count": 2704, "sub_regions_count": 5, "parent_regions_count": 1}}}, "has_valid_ratings": true}, "highlights": [{"vintage_id": 144826663, "highlight_type": "best_user_rated", "message": "This vintage rates better than any other year for this wine", "icon": "https://images.vivino.com/highlights/icon/best_user_rated.svg", "metadata": {"price": null, "wine_id": 4633526, "toplist": null, "ws_award": null, "critic_review_id": null, "ratings_average": 3.8, "ratings_count": 11, "vintage_year": "2013", "rank_type": null, "ranks": {"country": {"description": "Rank within France", "total": 2497598, "rank": 569164}, "region": {"description": "Rank within Wine Region", "total": 556227, "rank": 143160}, "winery": {"description": "Rank within Winery", "total": 169, "rank": 55}, "global": {"description": "Global Rank", "total": 8944648, "rank": 2049763}}, "style": {"id": 287, "seo_name": "burgundy-cote-chalonnaise-white", "regional_name": "Burgundy", "varietal_name": "C\u00f4te Chalonnaise White", "name": "Burgundy C\u00f4te Chalonnaise White", "image": null, "background_image": null, "description": null, "blurb": null, "interesting_facts": null, "body": 3, "body_description": "Medium-bodied", "acidity": 2, "acidity_description": "Medium", "country": {"code": "fr", "name": "France", "native_name": "France", "seo_name": "france", "currency": {"code": "EUR", "name": "Euros", "prefix": "\u20ac", "suffix": null}, "regions_count": 1292, "users_count": 5068363, "wines_count": 542471, "wineries_count": 67002, "most_used_grapes": [{"id": 14, "name": "Pinot Noir", "seo_name": "pinot-noir", "has_detailed_info": true, "wines_count": 572334}, {"id": 10, "name": "Merlot", "seo_name": "merlot", "has_detailed_info": true, "wines_count": 566719}, {"id": 5, "name": "Chardonnay", "seo_name": "chardonnay", "has_detailed_info": true, "wines_count": 604208}]}, "wine_type_id": 2, "food": [{"id": 5, "name": "Pasta", "background_image": {"location": "//images.vivino.com/backgrounds/foods/5_pasta.png", "variations": {"small": "//images.vivino.com/backgrounds/foods/thumbs/5_pasta_932x810.png"}}, "seo_name": null}, {"id": 12, "name": "Rich fish (salmon, tuna etc)", "background_image": {"location": "//images.vivino.com/backgrounds/foods/12_richfish.png", "variations": {"small": "//images.vivino.com/backgrounds/foods/thumbs/12_richfish_932x810.png"}}, "seo_name": null}, {"id": 13, "name": "Shellfish", "background_image": {"location": "//images.vivino.com/backgrounds/foods/13_shellfish.png", "variations": {"small": "//images.vivino.com/backgrounds/foods/thumbs/13_shellfish_932x810.png"}}, "seo_name": "shellfish"}, {"id": 35, "name": "Mild and soft cheese", "background_image": {"location": "//images.vivino.com/backgrounds/foods/35_softcheese.png", "variations": {"small": "//images.vivino.com/backgrounds/foods/thumbs/35_softcheese_932x810.png"}}, "seo_name": null}, {"id": 41, "name": "Cured Meat", "background_image": {"location": "//images.vivino.com/backgrounds/foods/41_curedmeat.png", "variations": {"small": "//images.vivino.com/backgrounds/foods/thumbs/41_curedmeat_932x810.png"}}, "seo_name": null}], "grapes": [{"id": 5, "name": "Chardonnay", "seo_name": "chardonnay", "has_detailed_info": true, "wines_count": 604208}, {"id": 50, "name": "Aligot\u00e9", "seo_name": "aligote", "has_detailed_info": false, "wines_count": 10092}], "region": {"id": 566, "name": "C\u00f4te Chalonnaise", "name_en": "", "seo_name": "cote-chalonnaise", "country": {"code": "fr", "name": "France", "native_name": "France", "seo_name": "france", "currency": {"code": "EUR", "name": "Euros", "prefix": "\u20ac", "suffix": null}, "regions_count": 1292, "users_count": 5068363, "wines_count": 542471, "wineries_count": 67002, "most_used_grapes": [{"id": 14, "name": "Pinot Noir", "seo_name": "pinot-noir", "has_detailed_info": true, "wines_count": 572334}, {"id": 10, "name": "Merlot", "seo_name": "merlot", "has_detailed_info": true, "wines_count": 566719}, {"id": 5, "name": "Chardonnay", "seo_name": "chardonnay", "has_detailed_info": true, "wines_count": 604208}]}, "parent_id": 385, "background_image": null, "class": {"typecast_map": {"background_image": {}, "class": {}}}, "statistics": {"wineries_count": 300, "wines_count": 2704, "sub_regions_count": 5, "parent_regions_count": 1}}}}, "vintage_year": 2013}], "recommended_vintages": [{"vintage": {"id": 144826663, "seo_name": "millebuis-montagny-1er-cru-montcuchot-2013", "name": "Millebuis Montagny 1er Cru 'Montcuchot' 2013", "statistics": {"status": "Normal", "ratings_count": 11, "ratings_average": 3.8, "labels_count": 72, "reviews_count": 1}, "year": 2013, "grapes": null, "has_valid_ratings": true}, "type": "best_user_rated", "highlight_icon": "https://images.vivino.com/highlights/icon/best_user_rated.svg", "price": null}], "prices_and_availabilities": [], "price_range": {"currency": {"code": "EUR", "name": "Euros", "prefix": "\u20ac", "suffix": null}, "price_range": {"minimum": 0, "maximum": 500, "currency_code": "EUR"}, "defaults": {"minimum": 7, "maximum": 30, "currency_code": "EUR"}}, "subtotal_price": null}