{"vintage": {"id": 1653754, "seo_name": "baron-de-ley-club-privado-tinto-uv", "name": "Baron de Ley Club Privado Tinto", "statistics": {"status": "Normal", "ratings_count": 8246, "ratings_average": 3.6, "labels_count": 332, "reviews_count": 75}, "organic_certification_id": null, "certified_biodynamic": null, "image": {"location": "//images.vivino.com/thumbs/wWoGnRUZTdefN3qbGI6tjg_pl_480x640.png", "variations": {"bottle_large": "//images.vivino.com/thumbs/wWoGnRUZTdefN3qbGI6tjg_pb_x960.png", "bottle_medium": "//images.vivino.com/thumbs/wWoGnRUZTdefN3qbGI6tjg_pb_x600.png", "bottle_medium_square": "//images.vivino.com/thumbs/wWoGnRUZTdefN3qbGI6tjg_pb_600x600.png", "bottle_small": "//images.vivino.com/thumbs/wWoGnRUZTdefN3qbGI6tjg_pb_x300.png", "bottle_small_square": "//images.vivino.com/thumbs/wWoGnRUZTdefN3qbGI6tjg_pb_300x300.png", "label": "//images.vivino.com/thumbs/wWoGnRUZTdefN3qbGI6tjg_pl_480x640.png", "label_large": "//images.vivino.com/thumbs/wWoGnRUZTdefN3qbGI6tjg_pl_375x500.png", "label_medium": "//images.vivino.com/thumbs/wWoGnRUZTdefN3qbGI6tjg_pl_150x200.png", "label_medium_square": "//images.vivino.com/thumbs/wWoGnRUZTdefN3qbGI6tjg_pl_150x150.png", "label_small_square": "//images.vivino.com/thumbs/wWoGnRUZTdefN3qbGI6tjg_pl_80x80.png", "large": "//images.vivino.com/thumbs/wWoGnRUZTdefN3qbGI6tjg_pl_375x500.png", "medium": "//images.vivino.com/thumbs/wWoGnRUZTdefN3qbGI6tjg_pl_150x200.png", "medium_square": "//images.vivino.com/thumbs/wWoGnRUZTdefN3qbGI6tjg_pl_150x150.png", "small_square": "//images.vivino.com/thumbs/wWoGnRUZTdefN3qbGI6tjg_pl_80x80.png"}}, "wine": {"id": 1152010, "name": "Club Privado Tinto", "seo_name": "club-privado-tinto", "type_id": 1, "vintage_type": 0, "is_natural": false, "region": {"id": 492, "name": "Rioja", "name_en": "", "seo_name": "rioja", "country": {"code": "es", "name": "Spain", "native_name": "Espa\u00f1a", "seo_name": "spain", "currency": {"code": "EUR", "name": "Euros", "prefix": "\u20ac", "suffix": null}, "regions_count": 152, "users_count": 2042968, "wines_count": 131377, "wineries_count": 17630, "most_used_grapes": [{"id": 19, "name": "Tempranillo", "seo_name": "tempranillo", "has_detailed_info": true, "wines_count": 172842}, {"id": 142, "name": "Garnacha", "seo_name": "garnacha", "has_detailed_info": true, "wines_count": 58111}, {"id": 2, "name": "Cabernet Sauvignon", "seo_name": "cabernet-sauvignon", "has_detailed_info": true, "wines_count": 801751}]}, "parent_id": null, "background_image": {"location": "//images.vivino.com/regions/backgrounds/pZ5cnZN_R9qvOgU3qYJ5gA.jpg", "variations": {"large": "//thumbs.vivino.com/region_backgrounds/pZ5cnZN_R9qvOgU3qYJ5gA_1280x760.jpg", "medium": "//thumbs.vivino.com/region_backgrounds/pZ5cnZN_R9qvOgU3qYJ5gA_600x356.jpg"}}, "class": {"typecast_map": {"background_image": {}, "class": {}}}, "statistics": {"wineries_count": 2366, "wines_count": 12483, "sub_regions_count": 3, "parent_regions_count": 0}}, "review_status": 2, "winery": {"id": 2876, "name": "Baron de Ley", "seo_name": "baron-de-ley", "status": 0, "review_status": "Completed", "background_image": null, "statistics": {"ratings_count": 167738, "ratings_average": 4, "labels_count": 1247334, "wines_count": 42}, "region": {"id": 492, "name": "Rioja", "name_en": "", "seo_name": "rioja", "country": {"code": "es", "name": "Spain", "native_name": "Espa\u00f1a", "seo_name": "spain", "currency": {"code": "EUR", "name": "Euros", "prefix": "\u20ac", "suffix": null}, "regions_count": 152, "users_count": 2042968, "wines_count": 131377, "wineries_count": 17630, "most_used_grapes": [{"id": 19, "name": "Tempranillo", "seo_name": "tempranillo", "has_detailed_info": true, "wines_count": 172842}, {"id": 142, "name": "Garnacha", "seo_name": "garnacha", "has_detailed_info": true, "wines_count": 58111}, {"id": 2, "name": "Cabernet Sauvignon", "seo_name": "cabernet-sauvignon", "has_detailed_info": true, "wines_count": 801751}]}, "parent_id": null, "background_image": {"location": "//images.vivino.com/regions/backgrounds/pZ5cnZN_R9qvOgU3qYJ5gA.jpg", "variations": {"large": "//thumbs.vivino.com/region_backgrounds/pZ5cnZN_R9qvOgU3qYJ5gA_1280x760.jpg", "medium": "//thumbs.vivino.com/region_backgrounds/pZ5cnZN_R9qvOgU3qYJ5gA_600x356.jpg"}}, "class": {"typecast_map": {"background_image": {}, "class": {}}}, "statistics": {"wineries_count": 2366, "wines_count": 12483, "sub_regions_count": 3, "parent_regions_count": 0}}, "business_name": "Bodegas Baron de Ley", "description": "", "specialists_notes": "", "phone": "34 948 69 43 03", "email": "info@barondeley.com", "facebook": "", "instagram": "", "is_claimed": false, "twitter": "", "website": "http://www.barondeley.com", "winemaker": "Baron de Ley", "wine_maker": {"id": 8327, "name": "Baron de Ley"}, "address": {"title": null, "name": null, "street": "Carretera Mendavia a Lodosa km 5,5", "street2": null, "neighborhood": null, "city": "Mendavia Espa\u00f1a", "zip": "31897", "state": null, "country": {"code": "es", "name": "Spain", "native_name": "Espa\u00f1a", "seo_name": "spain", "currency": {"code": "EUR", "name": "Euros", "prefix": "\u20ac", "suffix": null}, "regions_count": 152, "users_count": 2042968, "wines_count": 131377, "wineries_count": 17630, "most_used_grapes": [{"id": 19, "name": "Tempranillo", "seo_name": "tempranillo", "has_detailed_info": true, "wines_count": 172842}, {"id": 142, "name": "Garnacha", "seo_name": "garnacha", "has_detailed_info": true, "wines_count": 58111}, {"id": 2, "name": "Cabernet Sauvignon", "seo_name": "cabernet-sauvignon", "has_detailed_info": true, "wines_count": 801751}]}, "company": null, "phone": null, "external_id": null, "residential": null, "vat_number": null, "vat_code": null, "addition": null}, "image": {"location": "//images.vivino.com/wineries/2876/logos/MBx-IjJyRI6ZJs3Tz_aJEw.jpeg", "variations": {"large": "//thumbs.vivino.com/wineries/2876/logos/MBx-IjJyRI6ZJs3Tz_aJEw_500x500.jpeg", "medium": "//thumbs.vivino.com/wineries/2876/logos/MBx-IjJyRI6ZJs3Tz_aJEw_200x200.jpeg", "small_square": "//thumbs.vivino.com/wineries/2876/logos/MBx-IjJyRI6ZJs3Tz_aJEw_80x80.jpeg"}}, "location": {"latitude": 42.44454, "longitude": -2.2009}, "winery_group": {"id": 324, "name": "Baron de Ley Group", "website": "http://www.barondeleygrupo.com/"}, "first_wines": [], "sponsored_entity_type": null, "sponsored_entity": null}, "statistics": {"status": "Normal", "ratings_count": 8246, "ratings_average": 3.6, "labels_count": 68746, "vintages_count": 47}, "rank": {"country": {"description": "Rank within Spain", "total": 80034, "rank": 9075}, "region": {"description": "Rank within Wine Region", "total": 11097, "rank": 1675}, "winery": {"description": "Rank within Winery", "total": 42, "rank": 16}, "wine_type": {"description": "Rank within all Red Wine", "total": 659126, "rank": 73496}, "global": {"description": "Global Rank", "total": 1302037, "rank": 120807}}, "hidden": false, "vintages": [{"id": 167113421, "seo_name": "baron-de-ley-club-privado-tinto-2021", "name": "Baron de Ley Club Privado Tinto 2021", "statistics": {"status": "BelowThreshold", "ratings_count": 1, "ratings_average": 0, "labels_count": 11, "reviews_count": 0}, "year": 2021, "grapes": null, "has_valid_ratings": false}, {"id": 162982228, "seo_name": "baron-de-ley-club-privado-tinto-2020", "name": "Baron de Ley Club Privado Tinto 2020", "statistics": {"status": "BelowThreshold", "ratings_count": 1, "ratings_average": 0, "labels_count": 52, "reviews_count": 1}, "year": 2020, "grapes": null, "has_valid_ratings": false}, {"id": 161112303, "seo_name": "baron-de-ley-club-privado-tinto-2019", "name": "Baron de Ley Club Privado Tinto 2019", "statistics": {"status": "Normal", "ratings_count": 267, "ratings_average": 3.5, "labels_count": 3494, "reviews_count": 102}, "year": 2019, "grapes": null, "has_valid_ratings": true}, {"id": 156400692, "seo_name": "baron-de-ley-club-privado-tinto-2018", "name": "Baron de Ley Club Privado Tinto 2018", "statistics": {"status": "Normal", "ratings_count": 1520, "ratings_average": 3.7, "labels_count": 16032, "reviews_count": 619}, "year": 2018, "grapes": null, "has_valid_ratings": true}, {"id": 151207593, "seo_name": "baron-de-ley-club-privado-tinto-2017", "name": "Baron de Ley Club Privado Tinto 2017", "statistics": {"status": "Normal", "ratings_count": 1110, "ratings_average": 3.7, "labels_count": 10752, "reviews_count": 407}, "year": 2017, "grapes": null, "has_valid_ratings": true}, {"id": 138265690, "seo_name": "baron-de-ley-club-privado-tinto-2016", "name": "Baron de Ley Club Privado Tinto 2016", "statistics": {"status": "Normal", "ratings_count": 866, "ratings_average": 3.8, "labels_count": 7838, "reviews_count": 276}, "year": 2016, "grapes": null, "has_valid_ratings": true}, {"id": 18426598, "seo_name": "baron-de-ley-club-privado-tinto-2015", "name": "Baron de Ley Club Privado Tinto 2015", "statistics": {"status": "Normal", "ratings_count": 539, "ratings_average": 3.6, "labels_count": 4692, "reviews_count": 185}, "year": 2015, "grapes": null, "has_valid_ratings": true}, {"id": 4703661, "seo_name": "baron-de-ley-club-privado-tinto-2014", "name": "Baron de Ley Club Privado Tinto 2014", "statistics": {"status": "Normal", "ratings_count": 663, "ratings_average": 3.6, "labels_count": 4421, "reviews_count": 229}, "year": 2014, "grapes": null, "has_valid_ratings": true}, {"id": 2759248, "seo_name": "baron-de-ley-club-privado-tinto-2013", "name": "Baron de Ley Club Privado Tinto 2013", "statistics": {"status": "Normal", "ratings_count": 825, "ratings_average": 3.7, "labels_count": 5066, "reviews_count": 275}, "year": 2013, "grapes": null, "has_valid_ratings": true}, {"id": 2711453, "seo_name": "baron-de-ley-club-privado-tinto-2012", "name": "Baron de Ley Club Privado Tinto 2012", "statistics": {"status": "Normal", "ratings_count": 721, "ratings_average": 3.6, "labels_count": 4222, "reviews_count": 243}, "year": 2012, "grapes": null, "has_valid_ratings": true}, {"id": 2128866, "seo_name": "baron-de-ley-club-privado-tinto-2011", "name": "Baron de Ley Club Privado Tinto 2011", "statistics": {"status": "Normal", "ratings_count": 570, "ratings_average": 3.4, "labels_count": 3660, "reviews_count": 184}, "year": 2011, "grapes": null, "has_valid_ratings": true}, {"id": 1338423, "seo_name": "baron-de-ley-club-privado-tinto-2010", "name": "Baron de Ley Club Privado Tinto 2010", "statistics": {"status": "Normal", "ratings_count": 514, "ratings_average": 3.6, "labels_count": 5263, "reviews_count": 149}, "year": 2010, "grapes": null, "has_valid_ratings": true}, {"id": 1747776, "seo_name": "baron-de-ley-club-privado-tinto-2009", "name": "Baron de Ley Club Privado Tinto 2009", "statistics": {"status": "Normal", "ratings_count": 25, "ratings_average": 3.5, "labels_count": 160, "reviews_count": 3}, "year": 2009, "grapes": null, "has_valid_ratings": true}, {"id": 1191757, "seo_name": "baron-de-ley-club-privado-tinto-2008", "name": "Baron de Ley Club Privado Tinto 2008", "statistics": {"status": "Normal", "ratings_count": 219, "ratings_average": 3.7, "labels_count": 1179, "reviews_count": 42}, "year": 2008, "grapes": null, "has_valid_ratings": true}, {"id": 1191759, "seo_name": "baron-de-ley-club-privado-tinto-2007", "name": "Baron de Ley Club Privado Tinto 2007", "statistics": {"status": "Normal", "ratings_count": 65, "ratings_average": 3.8, "labels_count": 509, "reviews_count": 15}, "year": 2007, "grapes": null, "has_valid_ratings": true}, {"id": 1679466, "seo_name": "baron-de-ley-club-privado-tinto-2006", "name": "Baron de Ley Club Privado Tinto 2006", "statistics": {"status": "Normal", "ratings_count": 29, "ratings_average": 3.6, "labels_count": 236, "reviews_count": 10}, "year": 2006, "grapes": null, "has_valid_ratings": true}, {"id": 1361598, "seo_name": "baron-de-ley-club-privado-tinto-2005", "name": "Baron de Ley Club Privado Tinto 2005", "statistics": {"status": "Normal", "ratings_count": 24, "ratings_average": 4, "labels_count": 192, "reviews_count": 3}, "year": 2005, "grapes": null, "has_valid_ratings": true}, {"id": 3335331, "seo_name": "baron-de-ley-club-privado-tinto-2004", "name": "Baron de Ley Club Privado Tinto 2004", "statistics": {"status": "BelowThreshold", "ratings_count": 7, "ratings_average": 0, "labels_count": 64, "reviews_count": 4}, "year": 2004, "grapes": null, "has_valid_ratings": false}, {"id": 2929881, "seo_name": "baron-de-ley-club-privado-tinto-2003", "name": "Baron de Ley Club Privado Tinto 2003", "statistics": {"status": "Normal", "ratings_count": 10, "ratings_average": 3.8, "labels_count": 91, "reviews_count": 2}, "year": 2003, "grapes": null, "has_valid_ratings": true}, {"id": 1963123, "seo_name": "baron-de-ley-club-privado-tinto-2002", "name": "Baron de Ley Club Privado Tinto 2002", "statistics": {"status": "BelowThreshold", "ratings_count": 7, "ratings_average": 0, "labels_count": 81, "reviews_count": 3}, "year": 2002, "grapes": null, "has_valid_ratings": false}, {"id": 2808828, "seo_name": "baron-de-ley-club-privado-tinto-2001", "name": "Baron de Ley Club Privado Tinto 2001", "statistics": {"status": "BelowThreshold", "ratings_count": 4, "ratings_average": 0, "labels_count": 61, "reviews_count": 1}, "year": 2001, "grapes": null, "has_valid_ratings": false}, {"id": 3434496, "seo_name": "baron-de-ley-club-privado-tinto-2000", "name": "Baron de Ley Club Privado Tinto 2000", "statistics": {"status": "BelowThreshold", "ratings_count": 9, "ratings_average": 0, "labels_count": 56, "reviews_count": 3}, "year": 2000, "grapes": null, "has_valid_ratings": false}, {"id": 3739954, "seo_name": "baron-de-ley-club-privado-tinto-1998", "name": "Baron de Ley Club Privado Tinto 1998", "statistics": {"status": "BelowThreshold", "ratings_count": 1, "ratings_average": 0, "labels_count": 19, "reviews_count": 0}, "year": 1998, "grapes": null, "has_valid_ratings": false}, {"id": 2050371, "seo_name": "baron-de-ley-club-privado-tinto-1996", "name": "Baron de Ley Club Privado Tinto 1996", "statistics": {"status": "BelowThreshold", "ratings_count": 2, "ratings_average": 0, "labels_count": 22, "reviews_count": 2}, "year": 1996, "grapes": null, "has_valid_ratings": false}, {"id": 46105657, "seo_name": "baron-de-ley-club-privado-tinto-1992", "name": "Baron de Ley Club Privado Tinto 1992", "statistics": {"status": "BelowThreshold", "ratings_count": 1, "ratings_average": 0, "labels_count": 12, "reviews_count": 0}, "year": 1992, "grapes": null, "has_valid_ratings": false}, {"id": 4169302, "seo_name": "baron-de-ley-club-privado-tinto-1990", "name": "Baron de Ley Club Privado Tinto 1990", "statistics": {"status": "BelowThreshold", "ratings_count": 7, "ratings_average": 0, "labels_count": 33, "reviews_count": 4}, "year": 1990, "grapes": null, "has_valid_ratings": false}, {"id": 3990429, "seo_name": "baron-de-ley-club-privado-tinto-1989", "name": "Baron de Ley Club Privado Tinto 1989", "statistics": {"status": "BelowThreshold", "ratings_count": 3, "ratings_average": 0, "labels_count": 14, "reviews_count": 1}, "year": 1989, "grapes": null, "has_valid_ratings": false}, {"id": 33803196, "seo_name": "baron-de-ley-club-privado-tinto-1988", "name": "Baron de Ley Club Privado Tinto 1988", "statistics": {"status": "BelowThreshold", "ratings_count": 2, "ratings_average": 0, "labels_count": 6, "reviews_count": 0}, "year": 1988, "grapes": null, "has_valid_ratings": false}, {"id": 77253650, "seo_name": "baron-de-ley-club-privado-tinto-1986", "name": "Baron de Ley Club Privado Tinto 1986", "statistics": {"status": "BelowThreshold", "ratings_count": 1, "ratings_average": 0, "labels_count": 9, "reviews_count": 0}, "year": 1986, "grapes": null, "has_valid_ratings": false}, {"id": 3766313, "seo_name": "baron-de-ley-club-privado-tinto-1969", "name": "Baron de Ley Club Privado Tinto 1969", "statistics": {"status": "BelowThreshold", "ratings_count": 1, "ratings_average": 0, "labels_count": 7, "reviews_count": 0}, "year": 1969, "grapes": null, "has_valid_ratings": false}, {"id": 1653754, "seo_name": "baron-de-ley-club-privado-tinto-uv", "name": "Baron de Ley Club Privado Tinto", "statistics": {"status": "Normal", "ratings_count": 8246, "ratings_average": 3.6, "labels_count": 332, "reviews_count": 75}, "year": 0, "grapes": null, "has_valid_ratings": true}], "description": "", "grapes": [{"id": 19, "name": "Tempranillo", "seo_name": "tempranillo", "has_detailed_info": true, "wines_count": 172842}], "foods": [{"id": 4, "name": "Beef", "background_image": {"location": "//images.vivino.com/backgrounds/foods/4_beef.png", "variations": {"small": "//images.vivino.com/backgrounds/foods/thumbs/4_beef_932x810.png"}}, "seo_name": "beef"}, {"id": 8, "name": "Lamb", "background_image": {"location": "//images.vivino.com/backgrounds/foods/8_lamb.png", "variations": {"small": "//images.vivino.com/backgrounds/foods/thumbs/8_lamb_932x810.png"}}, "seo_name": "lamb"}, {"id": 9, "name": "Veal", "background_image": {"location": "//images.vivino.com/backgrounds/foods/9_veal.png", "variations": {"small": "//images.vivino.com/backgrounds/foods/thumbs/9_veal_932x810.png"}}, "seo_name": "veal"}, {"id": 20, "name": "Poultry", "background_image": {"location": "//images.vivino.com/backgrounds/foods/20_chicken.png", "variations": {"small": "//images.vivino.com/backgrounds/foods/thumbs/20_chicken_932x810.png"}}, "seo_name": "poultry"}], "non_vintage": false, "alcohol": 0, "sweetness_id": null, "closure": null, "vintage_mask_raw": null, "updated_at": "2022-01-05T22:27:12Z", "created_at": "2011-05-12T06:48:05Z", "is_first_wine": false, "style": {"id": 190, "seo_name": "spanish-rioja-red", "regional_name": "Spanish", "varietal_name": "Rioja Red", "name": "Spanish Rioja Red", "image": null, "background_image": {"location": "//images.vivino.com/backgrounds/styles/PY0b_uIwShWLzBjZx3AuJw.jpg", "variations": {"small": "//images.vivino.com/backgrounds/styles/thumbs/PY0b_uIwShWLzBjZx3AuJw_932x810.jpg"}}}, "has_valid_ratings": true}, "description": "", "wine_critic_reviews": [], "awards": [], "ratings_distribution": {"1": 79, "2": 484, "3": 3553, "4": 3547, "5": 583}, "ranking": {"country": {"description": "Rank within Spain", "total": 608777, "rank": 77741}, "region": {"description": "Rank within Wine Region", "total": 106259, "rank": 16198}, "winery": {"description": "Rank within Winery", "total": 653, "rank": 236}, "global": {"description": "Global Rank", "total": 8944634, "rank": 1145931}}, "wine_facts": {"closure": ""}, "winemaker": null, "wine_maker": null, "grape_composition": {"19": 100}, "year": "", "grapes": [{"id": 19, "name": "Tempranillo", "seo_name": "tempranillo", "has_detailed_info": true, "wines_count": 172842}], "has_valid_ratings": true}, "carts": null, "full_region": null, "tastes": null, "wine": {"id": 1152010, "name": "Club Privado Tinto", "seo_name": "club-privado-tinto", "type_id": 1, "vintage_type": 0, "is_natural": false, "region": {"id": 492, "name": "Rioja", "name_en": "", "seo_name": "rioja", "country": {"code": "es", "name": "Spain", "native_name": "Espa\u00f1a", "seo_name": "spain", "currency": {"code": "EUR", "name": "Euros", "prefix": "\u20ac", "suffix": null}, "regions_count": 152, "users_count": 2042968, "wines_count": 131377, "wineries_count": 17630, "most_used_grapes": [{"id": 19, "name": "Tempranillo", "seo_name": "tempranillo", "has_detailed_info": true, "wines_count": 172842}, {"id": 142, "name": "Garnacha", "seo_name": "garnacha", "has_detailed_info": true, "wines_count": 58111}, {"id": 2, "name": "Cabernet Sauvignon", "seo_name": "cabernet-sauvignon", "has_detailed_info": true, "wines_count": 801751}]}, "parent_id": null, "background_image": {"location": "//images.vivino.com/regions/backgrounds/pZ5cnZN_R9qvOgU3qYJ5gA.jpg", "variations": {"large": "//thumbs.vivino.com/region_backgrounds/pZ5cnZN_R9qvOgU3qYJ5gA_1280x760.jpg", "medium": "//thumbs.vivino.com/region_backgrounds/pZ5cnZN_R9qvOgU3qYJ5gA_600x356.jpg"}}, "class": {"typecast_map": {"background_image": {}, "class": {}}}, "statistics": {"wineries_count": 2366, "wines_count": 12483, "sub_regions_count": 3, "parent_regions_count": 0}}, "review_status": 2, "winery": {"id": 2876, "name": "Baron de Ley", "seo_name": "baron-de-ley", "status": 0, "review_status": "Completed", "background_image": null, "statistics": {"ratings_count": 167738, "ratings_average": 4, "labels_count": 1247334, "wines_count": 42}, "region": {"id": 492, "name": "Rioja", "name_en": "", "seo_name": "rioja", "country": {"code": "es", "name": "Spain", "native_name": "Espa\u00f1a", "seo_name": "spain", "currency": {"code": "EUR", "name": "Euros", "prefix": "\u20ac", "suffix": null}, "regions_count": 152, "users_count": 2042968, "wines_count": 131377, "wineries_count": 17630, "most_used_grapes": [{"id": 19, "name": "Tempranillo", "seo_name": "tempranillo", "has_detailed_info": true, "wines_count": 172842}, {"id": 142, "name": "Garnacha", "seo_name": "garnacha", "has_detailed_info": true, "wines_count": 58111}, {"id": 2, "name": "Cabernet Sauvignon", "seo_name": "cabernet-sauvignon", "has_detailed_info": true, "wines_count": 801751}]}, "parent_id": null, "background_image": {"location": "//images.vivino.com/regions/backgrounds/pZ5cnZN_R9qvOgU3qYJ5gA.jpg", "variations": {"large": "//thumbs.vivino.com/region_backgrounds/pZ5cnZN_R9qvOgU3qYJ5gA_1280x760.jpg", "medium": "//thumbs.vivino.com/region_backgrounds/pZ5cnZN_R9qvOgU3qYJ5gA_600x356.jpg"}}, "class": {"typecast_map": {"background_image": {}, "class": {}}}, "statistics": {"wineries_count": 2366, "wines_count": 12483, "sub_regions_count": 3, "parent_regions_count": 0}}}, "image": {"location": "//images.vivino.com/thumbs/wWoGnRUZTdefN3qbGI6tjg_pl_480x640.png", "variations": {"bottle_large": "//images.vivino.com/thumbs/wWoGnRUZTdefN3qbGI6tjg_pb_x960.png", "bottle_medium": "//images.vivino.com/thumbs/wWoGnRUZTdefN3qbGI6tjg_pb_x600.png", "bottle_medium_square": "//images.vivino.com/thumbs/wWoGnRUZTdefN3qbGI6tjg_pb_600x600.png", "bottle_small": "//images.vivino.com/thumbs/wWoGnRUZTdefN3qbGI6tjg_pb_x300.png", "bottle_small_square": "//images.vivino.com/thumbs/wWoGnRUZTdefN3qbGI6tjg_pb_300x300.png", "label": "//images.vivino.com/thumbs/wWoGnRUZTdefN3qbGI6tjg_pl_480x640.png", "label_large": "//images.vivino.com/thumbs/wWoGnRUZTdefN3qbGI6tjg_pl_375x500.png", "label_medium": "//images.vivino.com/thumbs/wWoGnRUZTdefN3qbGI6tjg_pl_150x200.png", "label_medium_square": "//images.vivino.com/thumbs/wWoGnRUZTdefN3qbGI6tjg_pl_150x150.png", "label_small_square": "//images.vivino.com/thumbs/wWoGnRUZTdefN3qbGI6tjg_pl_80x80.png", "large": "//images.vivino.com/thumbs/wWoGnRUZTdefN3qbGI6tjg_pl_375x500.png", "medium": "//images.vivino.com/thumbs/wWoGnRUZTdefN3qbGI6tjg_pl_150x200.png", "medium_square": "//images.vivino.com/thumbs/wWoGnRUZTdefN3qbGI6tjg_pl_150x150.png", "small_square": "//images.vivino.com/thumbs/wWoGnRUZTdefN3qbGI6tjg_pl_80x80.png"}}, "statistics": {"status": "Normal", "ratings_count": 8246, "ratings_average": 3.6, "labels_count": 68746, "vintages_count": 47}, "rank": null, "hidden": false, "vintages": [{"id": 167113421, "seo_name": "baron-de-ley-club-privado-tinto-2021", "name": "Baron de Ley Club Privado Tinto 2021", "statistics": {"status": "BelowThreshold", "ratings_count": 1, "ratings_average": 0, "labels_count": 11, "reviews_count": 0}, "year": 2021, "grapes": null, "has_valid_ratings": false}, {"id": 162982228, "seo_name": "baron-de-ley-club-privado-tinto-2020", "name": "Baron de Ley Club Privado Tinto 2020", "statistics": {"status": "BelowThreshold", "ratings_count": 1, "ratings_average": 0, "labels_count": 52, "reviews_count": 1}, "year": 2020, "grapes": null, "has_valid_ratings": false}, {"id": 161112303, "seo_name": "baron-de-ley-club-privado-tinto-2019", "name": "Baron de Ley Club Privado Tinto 2019", "statistics": {"status": "Normal", "ratings_count": 267, "ratings_average": 3.5, "labels_count": 3494, "reviews_count": 102}, "year": 2019, "grapes": null, "has_valid_ratings": true}, {"id": 156400692, "seo_name": "baron-de-ley-club-privado-tinto-2018", "name": "Baron de Ley Club Privado Tinto 2018", "statistics": {"status": "Normal", "ratings_count": 1520, "ratings_average": 3.7, "labels_count": 16032, "reviews_count": 619}, "year": 2018, "grapes": null, "has_valid_ratings": true}, {"id": 151207593, "seo_name": "baron-de-ley-club-privado-tinto-2017", "name": "Baron de Ley Club Privado Tinto 2017", "statistics": {"status": "Normal", "ratings_count": 1110, "ratings_average": 3.7, "labels_count": 10752, "reviews_count": 407}, "year": 2017, "grapes": null, "has_valid_ratings": true}, {"id": 138265690, "seo_name": "baron-de-ley-club-privado-tinto-2016", "name": "Baron de Ley Club Privado Tinto 2016", "statistics": {"status": "Normal", "ratings_count": 866, "ratings_average": 3.8, "labels_count": 7838, "reviews_count": 276}, "year": 2016, "grapes": null, "has_valid_ratings": true}, {"id": 18426598, "seo_name": "baron-de-ley-club-privado-tinto-2015", "name": "Baron de Ley Club Privado Tinto 2015", "statistics": {"status": "Normal", "ratings_count": 539, "ratings_average": 3.6, "labels_count": 4692, "reviews_count": 185}, "year": 2015, "grapes": null, "has_valid_ratings": true}, {"id": 4703661, "seo_name": "baron-de-ley-club-privado-tinto-2014", "name": "Baron de Ley Club Privado Tinto 2014", "statistics": {"status": "Normal", "ratings_count": 663, "ratings_average": 3.6, "labels_count": 4421, "reviews_count": 229}, "year": 2014, "grapes": null, "has_valid_ratings": true}, {"id": 2759248, "seo_name": "baron-de-ley-club-privado-tinto-2013", "name": "Baron de Ley Club Privado Tinto 2013", "statistics": {"status": "Normal", "ratings_count": 825, "ratings_average": 3.7, "labels_count": 5066, "reviews_count": 275}, "year": 2013, "grapes": null, "has_valid_ratings": true}, {"id": 2711453, "seo_name": "baron-de-ley-club-privado-tinto-2012", "name": "Baron de Ley Club Privado Tinto 2012", "statistics": {"status": "Normal", "ratings_count": 721, "ratings_average": 3.6, "labels_count": 4222, "reviews_count": 243}, "year": 2012, "grapes": null, "has_valid_ratings": true}, {"id": 2128866, "seo_name": "baron-de-ley-club-privado-tinto-2011", "name": "Baron de Ley Club Privado Tinto 2011", "statistics": {"status": "Normal", "ratings_count": 570, "ratings_average": 3.4, "labels_count": 3660, "reviews_count": 184}, "year": 2011, "grapes": null, "has_valid_ratings": true}, {"id": 1338423, "seo_name": "baron-de-ley-club-privado-tinto-2010", "name": "Baron de Ley Club Privado Tinto 2010", "statistics": {"status": "Normal", "ratings_count": 514, "ratings_average": 3.6, "labels_count": 5263, "reviews_count": 149}, "year": 2010, "grapes": null, "has_valid_ratings": true}, {"id": 1747776, "seo_name": "baron-de-ley-club-privado-tinto-2009", "name": "Baron de Ley Club Privado Tinto 2009", "statistics": {"status": "Normal", "ratings_count": 25, "ratings_average": 3.5, "labels_count": 160, "reviews_count": 3}, "year": 2009, "grapes": null, "has_valid_ratings": true}, {"id": 1191757, "seo_name": "baron-de-ley-club-privado-tinto-2008", "name": "Baron de Ley Club Privado Tinto 2008", "statistics": {"status": "Normal", "ratings_count": 219, "ratings_average": 3.7, "labels_count": 1179, "reviews_count": 42}, "year": 2008, "grapes": null, "has_valid_ratings": true}, {"id": 1191759, "seo_name": "baron-de-ley-club-privado-tinto-2007", "name": "Baron de Ley Club Privado Tinto 2007", "statistics": {"status": "Normal", "ratings_count": 65, "ratings_average": 3.8, "labels_count": 509, "reviews_count": 15}, "year": 2007, "grapes": null, "has_valid_ratings": true}, {"id": 1679466, "seo_name": "baron-de-ley-club-privado-tinto-2006", "name": "Baron de Ley Club Privado Tinto 2006", "statistics": {"status": "Normal", "ratings_count": 29, "ratings_average": 3.6, "labels_count": 236, "reviews_count": 10}, "year": 2006, "grapes": null, "has_valid_ratings": true}, {"id": 1361598, "seo_name": "baron-de-ley-club-privado-tinto-2005", "name": "Baron de Ley Club Privado Tinto 2005", "statistics": {"status": "Normal", "ratings_count": 24, "ratings_average": 4, "labels_count": 192, "reviews_count": 3}, "year": 2005, "grapes": null, "has_valid_ratings": true}, {"id": 3335331, "seo_name": "baron-de-ley-club-privado-tinto-2004", "name": "Baron de Ley Club Privado Tinto 2004", "statistics": {"status": "BelowThreshold", "ratings_count": 7, "ratings_average": 0, "labels_count": 64, "reviews_count": 4}, "year": 2004, "grapes": null, "has_valid_ratings": false}, {"id": 2929881, "seo_name": "baron-de-ley-club-privado-tinto-2003", "name": "Baron de Ley Club Privado Tinto 2003", "statistics": {"status": "Normal", "ratings_count": 10, "ratings_average": 3.8, "labels_count": 91, "reviews_count": 2}, "year": 2003, "grapes": null, "has_valid_ratings": true}, {"id": 1963123, "seo_name": "baron-de-ley-club-privado-tinto-2002", "name": "Baron de Ley Club Privado Tinto 2002", "statistics": {"status": "BelowThreshold", "ratings_count": 7, "ratings_average": 0, "labels_count": 81, "reviews_count": 3}, "year": 2002, "grapes": null, "has_valid_ratings": false}, {"id": 2808828, "seo_name": "baron-de-ley-club-privado-tinto-2001", "name": "Baron de Ley Club Privado Tinto 2001", "statistics": {"status": "BelowThreshold", "ratings_count": 4, "ratings_average": 0, "labels_count": 61, "reviews_count": 1}, "year": 2001, "grapes": null, "has_valid_ratings": false}, {"id": 3434496, "seo_name": "baron-de-ley-club-privado-tinto-2000", "name": "Baron de Ley Club Privado Tinto 2000", "statistics": {"status": "BelowThreshold", "ratings_count": 9, "ratings_average": 0, "labels_count": 56, "reviews_count": 3}, "year": 2000, "grapes": null, "has_valid_ratings": false}, {"id": 78133166, "seo_name": "baron-de-ley-club-privado-tinto-1999", "name": "Baron de Ley Club Privado Tinto 1999", "statistics": {"status": "BelowThreshold", "ratings_count": 0, "ratings_average": 0, "labels_count": 14, "reviews_count": 0}, "year": 1999, "grapes": null, "has_valid_ratings": false}, {"id": 3739954, "seo_name": "baron-de-ley-club-privado-tinto-1998", "name": "Baron de Ley Club Privado Tinto 1998", "statistics": {"status": "BelowThreshold", "ratings_count": 1, "ratings_average": 0, "labels_count": 19, "reviews_count": 0}, "year": 1998, "grapes": null, "has_valid_ratings": false}, {"id": 4489761, "seo_name": "baron-de-ley-club-privado-tinto-1997", "name": "Baron de Ley Club Privado Tinto 1997", "statistics": {"status": "BelowThreshold", "ratings_count": 0, "ratings_average": 0, "labels_count": 11, "reviews_count": 0}, "year": 1997, "grapes": null, "has_valid_ratings": false}, {"id": 2050371, "seo_name": "baron-de-ley-club-privado-tinto-1996", "name": "Baron de Ley Club Privado Tinto 1996", "statistics": {"status": "BelowThreshold", "ratings_count": 2, "ratings_average": 0, "labels_count": 22, "reviews_count": 2}, "year": 1996, "grapes": null, "has_valid_ratings": false}, {"id": 146096166, "seo_name": "baron-de-ley-club-privado-tinto-1995", "name": "Baron de Ley Club Privado Tinto 1995", "statistics": {"status": "BelowThreshold", "ratings_count": 0, "ratings_average": 0, "labels_count": 8, "reviews_count": 0}, "year": 1995, "grapes": null, "has_valid_ratings": false}, {"id": 3555798, "seo_name": "baron-de-ley-club-privado-tinto-1994", "name": "Baron de Ley Club Privado Tinto 1994", "statistics": {"status": "BelowThreshold", "ratings_count": 0, "ratings_average": 0, "labels_count": 8, "reviews_count": 0}, "year": 1994, "grapes": null, "has_valid_ratings": false}, {"id": 63567723, "seo_name": "baron-de-ley-club-privado-tinto-1993", "name": "Baron de Ley Club Privado Tinto 1993", "statistics": {"status": "BelowThreshold", "ratings_count": 0, "ratings_average": 0, "labels_count": 1, "reviews_count": 0}, "year": 1993, "grapes": null, "has_valid_ratings": false}, {"id": 46105657, "seo_name": "baron-de-ley-club-privado-tinto-1992", "name": "Baron de Ley Club Privado Tinto 1992", "statistics": {"status": "BelowThreshold", "ratings_count": 1, "ratings_average": 0, "labels_count": 12, "reviews_count": 0}, "year": 1992, "grapes": null, "has_valid_ratings": false}, {"id": 81699319, "seo_name": "baron-de-ley-club-privado-tinto-1991", "name": "Baron de Ley Club Privado Tinto 1991", "statistics": {"status": "BelowThreshold", "ratings_count": 0, "ratings_average": 0, "labels_count": 1, "reviews_count": 0}, "year": 1991, "grapes": null, "has_valid_ratings": false}, {"id": 4169302, "seo_name": "baron-de-ley-club-privado-tinto-1990", "name": "Baron de Ley Club Privado Tinto 1990", "statistics": {"status": "BelowThreshold", "ratings_count": 7, "ratings_average": 0, "labels_count": 33, "reviews_count": 4}, "year": 1990, "grapes": null, "has_valid_ratings": false}, {"id": 3990429, "seo_name": "baron-de-ley-club-privado-tinto-1989", "name": "Baron de Ley Club Privado Tinto 1989", "statistics": {"status": "BelowThreshold", "ratings_count": 3, "ratings_average": 0, "labels_count": 14, "reviews_count": 1}, "year": 1989, "grapes": null, "has_valid_ratings": false}, {"id": 33803196, "seo_name": "baron-de-ley-club-privado-tinto-1988", "name": "Baron de Ley Club Privado Tinto 1988", "statistics": {"status": "BelowThreshold", "ratings_count": 2, "ratings_average": 0, "labels_count": 6, "reviews_count": 0}, "year": 1988, "grapes": null, "has_valid_ratings": false}, {"id": 87893100, "seo_name": "baron-de-ley-club-privado-tinto-1987", "name": "Baron de Ley Club Privado Tinto 1987", "statistics": {"status": "BelowThreshold", "ratings_count": 0, "ratings_average": 0, "labels_count": 0, "reviews_count": 0}, "year": 1987, "grapes": null, "has_valid_ratings": false}, {"id": 77253650, "seo_name": "baron-de-ley-club-privado-tinto-1986", "name": "Baron de Ley Club Privado Tinto 1986", "statistics": {"status": "BelowThreshold", "ratings_count": 1, "ratings_average": 0, "labels_count": 9, "reviews_count": 0}, "year": 1986, "grapes": null, "has_valid_ratings": false}, {"id": 15682258, "seo_name": "baron-de-ley-club-privado-tinto-1985", "name": "Baron de Ley Club Privado Tinto 1985", "statistics": {"status": "BelowThreshold", "ratings_count": 0, "ratings_average": 0, "labels_count": 1, "reviews_count": 0}, "year": 1985, "grapes": null, "has_valid_ratings": false}, {"id": 142773002, "seo_name": "baron-de-ley-club-privado-tinto-1982", "name": "Baron de Ley Club Privado Tinto 1982", "statistics": {"status": "BelowThreshold", "ratings_count": 0, "ratings_average": 0, "labels_count": 0, "reviews_count": 0}, "year": 1982, "grapes": null, "has_valid_ratings": false}, {"id": 160309733, "seo_name": "baron-de-ley-club-privado-tinto-1979", "name": "Baron de Ley Club Privado Tinto 1979", "statistics": {"status": "BelowThreshold", "ratings_count": 0, "ratings_average": 0, "labels_count": 0, "reviews_count": 0}, "year": 1979, "grapes": null, "has_valid_ratings": false}, {"id": 141166783, "seo_name": "baron-de-ley-club-privado-tinto-1977", "name": "Baron de Ley Club Privado Tinto 1977", "statistics": {"status": "BelowThreshold", "ratings_count": 0, "ratings_average": 0, "labels_count": 1, "reviews_count": 0}, "year": 1977, "grapes": null, "has_valid_ratings": false}, {"id": 55614708, "seo_name": "baron-de-ley-club-privado-tinto-1973", "name": "Baron de Ley Club Privado Tinto 1973", "statistics": {"status": "BelowThreshold", "ratings_count": 0, "ratings_average": 0, "labels_count": 0, "reviews_count": 0}, "year": 1973, "grapes": null, "has_valid_ratings": false}, {"id": 3766313, "seo_name": "baron-de-ley-club-privado-tinto-1969", "name": "Baron de Ley Club Privado Tinto 1969", "statistics": {"status": "BelowThreshold", "ratings_count": 1, "ratings_average": 0, "labels_count": 7, "reviews_count": 0}, "year": 1969, "grapes": null, "has_valid_ratings": false}, {"id": 152206816, "seo_name": "baron-de-ley-club-privado-tinto-1964", "name": "Baron de Ley Club Privado Tinto 1964", "statistics": {"status": "BelowThreshold", "ratings_count": 0, "ratings_average": 0, "labels_count": 0, "reviews_count": 0}, "year": 1964, "grapes": null, "has_valid_ratings": false}, {"id": 142037450, "seo_name": "baron-de-ley-club-privado-tinto-1959", "name": "Baron de Ley Club Privado Tinto 1959", "statistics": {"status": "BelowThreshold", "ratings_count": 0, "ratings_average": 0, "labels_count": 0, "reviews_count": 0}, "year": 1959, "grapes": null, "has_valid_ratings": false}, {"id": 139759283, "seo_name": "baron-de-ley-club-privado-tinto-1951", "name": "Baron de Ley Club Privado Tinto 1951", "statistics": {"status": "BelowThreshold", "ratings_count": 0, "ratings_average": 0, "labels_count": 0, "reviews_count": 0}, "year": 1951, "grapes": null, "has_valid_ratings": false}, {"id": 150701835, "seo_name": "baron-de-ley-club-privado-tinto-1900", "name": "Baron de Ley Club Privado Tinto 1900", "statistics": {"status": "BelowThreshold", "ratings_count": 0, "ratings_average": 0, "labels_count": 0, "reviews_count": 0}, "year": 1900, "grapes": null, "has_valid_ratings": false}, {"id": 1653754, "seo_name": "baron-de-ley-club-privado-tinto-uv", "name": "Baron de Ley Club Privado Tinto", "statistics": {"status": "Normal", "ratings_count": 8246, "ratings_average": 3.6, "labels_count": 332, "reviews_count": 75}, "year": 0, "grapes": null, "has_valid_ratings": true}], "description": "", "grapes": [{"id": 19, "name": "Tempranillo", "seo_name": "tempranillo", "has_detailed_info": true, "wines_count": 172842}], "foods": [{"id": 4, "name": "Beef", "background_image": {"location": "//images.vivino.com/backgrounds/foods/4_beef.png", "variations": {"small": "//images.vivino.com/backgrounds/foods/thumbs/4_beef_932x810.png"}}, "seo_name": "beef"}, {"id": 8, "name": "Lamb", "background_image": {"location": "//images.vivino.com/backgrounds/foods/8_lamb.png", "variations": {"small": "//images.vivino.com/backgrounds/foods/thumbs/8_lamb_932x810.png"}}, "seo_name": "lamb"}, {"id": 9, "name": "Veal", "background_image": {"location": "//images.vivino.com/backgrounds/foods/9_veal.png", "variations": {"small": "//images.vivino.com/backgrounds/foods/thumbs/9_veal_932x810.png"}}, "seo_name": "veal"}, {"id": 20, "name": "Poultry", "background_image": {"location": "//images.vivino.com/backgrounds/foods/20_chicken.png", "variations": {"small": "//images.vivino.com/backgrounds/foods/thumbs/20_chicken_932x810.png"}}, "seo_name": "poultry"}], "non_vintage": false, "alcohol": 0, "sweetness_id": null, "closure": null, "vintage_mask_raw": null, "updated_at": "2022-01-05T22:27:12Z", "created_at": "2011-05-12T06:48:05Z", "is_first_wine": false, "style": {"id": 190, "seo_name": "spanish-rioja-red", "regional_name": "Spanish", "varietal_name": "Rioja Red", "name": "Spanish Rioja Red", "image": null, "background_image": {"location": "//images.vivino.com/backgrounds/styles/PY0b_uIwShWLzBjZx3AuJw.jpg", "variations": {"small": "//images.vivino.com/backgrounds/styles/thumbs/PY0b_uIwShWLzBjZx3AuJw_932x810.jpg"}}}, "has_valid_ratings": true}, "highlights": [{"vintage_id": 1361598, "highlight_type": "best_user_rated", "message": "This vintage rates better than any other year for this wine", "icon": "https://images.vivino.com/highlights/icon/best_user_rated.svg", "metadata": {"price": null, "wine_id": 1152010, "toplist": null, "ws_award": null, "critic_review_id": null, "ratings_average": 4, "ratings_count": 24, "vintage_year": "2005", "rank_type": null, "ranks": {"country": {"description": "Rank within Spain", "total": 608777, "rank": 90184}, "region": {"description": "Rank within Wine Region", "total": 106259, "rank": 18795}, "winery": {"description": "Rank within Winery", "total": 653, "rank": 260}, "global": {"description": "Global Rank", "total": 8944634, "rank": 1273366}}, "style": {"id": 190, "seo_name": "spanish-rioja-red", "regional_name": "Spanish", "varietal_name": "Rioja Red", "name": "Spanish Rioja Red", "image": null, "background_image": {"location": "//images.vivino.com/backgrounds/styles/PY0b_uIwShWLzBjZx3AuJw.jpg", "variations": {"small": "//images.vivino.com/backgrounds/styles/thumbs/PY0b_uIwShWLzBjZx3AuJw_932x810.jpg"}}}}, "vintage_year": 2005}, {"vintage_id": 156400692, "highlight_type": "most_user_rated", "message": "Popular among Vivino users. More than 1500 ratings", "icon": "https://images.vivino.com/highlights/icon/most_user_rated.svg", "metadata": {"price": null, "wine_id": 1152010, "toplist": null, "ws_award": null, "critic_review_id": null, "ratings_average": 3.7, "ratings_count": 1520, "vintage_year": "2018", "rank_type": "global", "ranks": {"country": {"description": "Rank within Spain", "total": 608777, "rank": 57445}, "region": {"description": "Rank within Wine Region", "total": 106259, "rank": 12237}, "winery": {"description": "Rank within Winery", "total": 653, "rank": 191}, "global": {"description": "Global Rank", "total": 8944634, "rank": 869256}}, "style": {"id": 190, "seo_name": "spanish-rioja-red", "regional_name": "Spanish", "varietal_name": "Rioja Red", "name": "Spanish Rioja Red", "image": null, "background_image": {"location": "//images.vivino.com/backgrounds/styles/PY0b_uIwShWLzBjZx3AuJw.jpg", "variations": {"small": "//images.vivino.com/backgrounds/styles/thumbs/PY0b_uIwShWLzBjZx3AuJw_932x810.jpg"}}}}, "vintage_year": 2018}, {"vintage_id": 138265690, "highlight_type": "top_ranked", "message": "Among top 8% of all wines in the world", "icon": "https://images.vivino.com/highlights/icon/top_ranked.svg", "metadata": {"price": null, "wine_id": 1152010, "toplist": null, "ws_award": null, "critic_review_id": null, "ratings_average": 3.8, "ratings_count": 866, "vintage_year": "2016", "rank_type": "global", "ranks": {"country": {"description": "Rank within Spain", "total": 608777, "rank": 40339}, "region": {"description": "Rank within Wine Region", "total": 106259, "rank": 8876}, "winery": {"description": "Rank within Winery", "total": 653, "rank": 154}, "global": {"description": "Global Rank", "total": 8944634, "rank": 626915}}, "style": {"id": 190, "seo_name": "spanish-rioja-red", "regional_name": "Spanish", "varietal_name": "Rioja Red", "name": "Spanish Rioja Red", "image": null, "background_image": {"location": "//images.vivino.com/backgrounds/styles/PY0b_uIwShWLzBjZx3AuJw.jpg", "variations": {"small": "//images.vivino.com/backgrounds/styles/thumbs/PY0b_uIwShWLzBjZx3AuJw_932x810.jpg"}}}}, "vintage_year": 2016}], "recommended_vintages": [{"vintage": {"id": 1361598, "seo_name": "baron-de-ley-club-privado-tinto-2005", "name": "Baron de Ley Club Privado Tinto 2005", "statistics": {"status": "Normal", "ratings_count": 24, "ratings_average": 4, "labels_count": 192, "reviews_count": 3}, "year": 2005, "grapes": null, "has_valid_ratings": true}, "type": "best_user_rated", "highlight_icon": "https://images.vivino.com/highlights/icon/best_user_rated.svg", "price": null}, {"vintage": {"id": 156400692, "seo_name": "baron-de-ley-club-privado-tinto-2018", "name": "Baron de Ley Club Privado Tinto 2018", "statistics": {"status": "Normal", "ratings_count": 1520, "ratings_average": 3.7, "labels_count": 16032, "reviews_count": 619}, "year": 2018, "grapes": null, "has_valid_ratings": true}, "type": "most_user_rated", "highlight_icon": "https://images.vivino.com/highlights/icon/most_user_rated.svg", "price": null}, {"vintage": {"id": 138265690, "seo_name": "baron-de-ley-club-privado-tinto-2016", "name": "Baron de Ley Club Privado Tinto 2016", "statistics": {"status": "Normal", "ratings_count": 866, "ratings_average": 3.8, "labels_count": 7838, "reviews_count": 276}, "year": 2016, "grapes": null, "has_valid_ratings": true}, "type": "top_ranked", "highlight_icon": "https://images.vivino.com/highlights/icon/top_ranked.svg", "price": null}], "prices_and_availabilities": [], "price_range": {"currency": {"code": "EUR", "name": "Euros", "prefix": "\u20ac", "suffix": null}, "price_range": {"minimum": 0, "maximum": 500, "currency_code": "EUR"}, "defaults": {"minimum": 7, "maximum": 30, "currency_code": "EUR"}}, "subtotal_price": null}