{"tastes": {"structure": {"acidity": 3.0909503, "fizziness": null, "intensity": 2.9845002, "sweetness": 1.8694999, "tannin": null, "user_structure_count": 5, "calculated_structure_count": 6}, "flavor": [{"group": "tree_fruit", "stats": {"count": 5, "score": 1100, "mentions_count": 11}, "primary_keywords": [{"id": 9, "name": "Apfel", "count": 4}, {"id": 310, "name": "Pfirsich", "count": 2}, {"id": 458, "name": "Gelber Apfel", "count": 1}, {"id": 315, "name": "Birne", "count": 1}, {"id": 271, "name": "Melone", "count": 1}, {"id": 448, "name": "Wei\u00dfer Pfirsich", "count": 1}, {"id": 11, "name": "Aprikose", "count": 1}]}, {"group": "earth", "stats": {"count": 4, "score": 572, "mentions_count": 6}, "primary_keywords": [{"id": 276, "name": "Mineralien", "count": 2}, {"id": 164, "name": "Feuerstein", "count": 2}, {"id": 218, "name": "Honig", "count": 1}, {"id": 384, "name": "Rauch", "count": 1}], "secondary_keywords": [{"id": 5, "name": "Piment", "count": 1}]}, {"group": "citrus_fruit", "stats": {"count": 4, "score": 600, "mentions_count": 6}, "primary_keywords": [{"id": 243, "name": "Zitrone", "count": 3}, {"id": 411, "name": "Mandarine", "count": 1}, {"id": 190, "name": "Grapefruit", "count": 1}, {"id": 248, "name": "Zitronenw\u00fcrze", "count": 1}]}, {"group": "microbio", "stats": {"count": 4, "score": 500, "mentions_count": 5}, "primary_keywords": [{"id": 123, "name": "Creme", "count": 4}, {"id": 60, "name": "Brothefe", "count": 1}]}, {"group": "oak", "stats": {"count": 5, "score": 317, "mentions_count": 3}, "primary_keywords": [{"id": 5, "name": "Piment", "count": 1}, {"id": 138, "name": "Dill", "count": 1}, {"id": 434, "name": "Vanille", "count": 1}], "secondary_keywords": [{"id": 62, "name": "Brioche", "count": 1}, {"id": 384, "name": "Rauch", "count": 1}]}, {"group": "spices", "stats": {"count": 2, "score": 331, "mentions_count": 3}, "primary_keywords": [{"id": 161, "name": "Fenchel", "count": 1}, {"id": 449, "name": "Weiter Pfeffer", "count": 1}, {"id": 200, "name": "Gr\u00fcne Gew\u00fcrze", "count": 1}], "secondary_keywords": [{"id": 138, "name": "Dill", "count": 1}, {"id": 434, "name": "Vanille", "count": 1}]}, {"group": "floral", "stats": {"count": 2, "score": 200, "mentions_count": 2}, "primary_keywords": [{"id": 157, "name": "Holunderbl\u00fcte", "count": 1}, {"id": 87, "name": "Kamille", "count": 1}]}, {"group": "non_oak", "stats": {"count": 4, "score": 80, "mentions_count": 1}, "primary_keywords": [{"id": 62, "name": "Brioche", "count": 1}], "secondary_keywords": [{"id": 5, "name": "Piment", "count": 1}, {"id": 384, "name": "Rauch", "count": 1}, {"id": 434, "name": "Vanille", "count": 1}]}, {"group": "vegetal", "stats": {"count": 1, "score": 100, "mentions_count": 1}, "primary_keywords": [{"id": 185, "name": "Stachelbeere", "count": 1}]}, {"group": "tropical_fruit", "stats": {"count": 1, "score": 100, "mentions_count": 1}, "primary_keywords": [{"id": 428, "name": "Tropisch", "count": 1}]}]}, "vivino_id": "7676550"}