{"vintage": {"id": 162514729, "seo_name": "weingut-van-volxem-vv-riesling-mosel-saar-ruwer-2019", "name": "Van Volxem VV Riesling 2019", "statistics": {"status": "Normal", "ratings_count": 90, "ratings_average": 3.9, "labels_count": 538, "reviews_count": 41}, "organic_certification_id": null, "certified_biodynamic": null, "image": {"location": "//images.vivino.com/thumbs/yt4GkKz9R4m7PDrS2ew-pg_pl_480x640.png", "variations": {"bottle_large": "//images.vivino.com/thumbs/yt4GkKz9R4m7PDrS2ew-pg_pb_x960.png", "bottle_medium": "//images.vivino.com/thumbs/yt4GkKz9R4m7PDrS2ew-pg_pb_x600.png", "bottle_medium_square": "//images.vivino.com/thumbs/yt4GkKz9R4m7PDrS2ew-pg_pb_600x600.png", "bottle_small": "//images.vivino.com/thumbs/yt4GkKz9R4m7PDrS2ew-pg_pb_x300.png", "bottle_small_square": "//images.vivino.com/thumbs/yt4GkKz9R4m7PDrS2ew-pg_pb_300x300.png", "label": "//images.vivino.com/thumbs/yt4GkKz9R4m7PDrS2ew-pg_pl_480x640.png", "label_large": "//images.vivino.com/thumbs/yt4GkKz9R4m7PDrS2ew-pg_pl_375x500.png", "label_medium": "//images.vivino.com/thumbs/yt4GkKz9R4m7PDrS2ew-pg_pl_150x200.png", "label_medium_square": "//images.vivino.com/thumbs/yt4GkKz9R4m7PDrS2ew-pg_pl_150x150.png", "label_small_square": "//images.vivino.com/thumbs/yt4GkKz9R4m7PDrS2ew-pg_pl_80x80.png", "large": "//images.vivino.com/thumbs/yt4GkKz9R4m7PDrS2ew-pg_pl_375x500.png", "medium": "//images.vivino.com/thumbs/yt4GkKz9R4m7PDrS2ew-pg_pl_150x200.png", "medium_square": "//images.vivino.com/thumbs/yt4GkKz9R4m7PDrS2ew-pg_pl_150x150.png", "small_square": "//images.vivino.com/thumbs/yt4GkKz9R4m7PDrS2ew-pg_pl_80x80.png"}}, "wine": {"id": 6411113, "name": "VV Riesling", "seo_name": "vv-riesling-mosel-saar-ruwer", "type_id": 2, "vintage_type": 0, "is_natural": false, "region": {"id": 545, "name": "Mosel", "name_en": "Mosel-Saar-Ruwer", "seo_name": "mosel-saar-ruwer", "country": {"code": "de", "name": "Deutschland", "native_name": "Deutschland", "seo_name": "germany", "currency": {"code": "EUR", "name": "Euros", "prefix": "\u20ac", "suffix": null}, "regions_count": 210, "users_count": 2117308, "wines_count": 197796, "wineries_count": 13493, "most_used_grapes": [{"id": 15, "name": "Riesling", "seo_name": "riesling", "has_detailed_info": true, "wines_count": 259925}, {"id": 299, "name": "Sp\u00e4tburgunder", "seo_name": "spatburgunder", "has_detailed_info": false, "wines_count": 49659}, {"id": 355, "name": "Weissburgunder", "seo_name": "weissburgunder", "has_detailed_info": false, "wines_count": 33123}]}, "parent_id": null, "background_image": {"location": "//images.vivino.com/regions/backgrounds/opJWUh7pR8u3jKqcy3D13g.jpg", "variations": {"large": "//thumbs.vivino.com/region_backgrounds/opJWUh7pR8u3jKqcy3D13g_1280x760.jpg", "medium": "//thumbs.vivino.com/region_backgrounds/opJWUh7pR8u3jKqcy3D13g_600x356.jpg"}}, "class": {"typecast_map": {"background_image": {}, "class": {}}}, "statistics": {"wineries_count": 3461, "wines_count": 26873, "sub_regions_count": 32, "parent_regions_count": 0}}, "review_status": 2, "winery": {"id": 2922, "name": "Van Volxem", "seo_name": "weingut-van-volxem", "status": 0, "review_status": "Completed", "background_image": null, "statistics": {"ratings_count": 24598, "ratings_average": 4, "labels_count": 89483, "wines_count": 71}, "region": {"id": 545, "name": "Mosel", "name_en": "Mosel-Saar-Ruwer", "seo_name": "mosel-saar-ruwer", "country": {"code": "de", "name": "Deutschland", "native_name": "Deutschland", "seo_name": "germany", "currency": {"code": "EUR", "name": "Euros", "prefix": "\u20ac", "suffix": null}, "regions_count": 210, "users_count": 2117308, "wines_count": 197796, "wineries_count": 13493, "most_used_grapes": [{"id": 15, "name": "Riesling", "seo_name": "riesling", "has_detailed_info": true, "wines_count": 259925}, {"id": 299, "name": "Sp\u00e4tburgunder", "seo_name": "spatburgunder", "has_detailed_info": false, "wines_count": 49659}, {"id": 355, "name": "Weissburgunder", "seo_name": "weissburgunder", "has_detailed_info": false, "wines_count": 33123}]}, "parent_id": null, "background_image": {"location": "//images.vivino.com/regions/backgrounds/opJWUh7pR8u3jKqcy3D13g.jpg", "variations": {"large": "//thumbs.vivino.com/region_backgrounds/opJWUh7pR8u3jKqcy3D13g_1280x760.jpg", "medium": "//thumbs.vivino.com/region_backgrounds/opJWUh7pR8u3jKqcy3D13g_600x356.jpg"}}, "class": {"typecast_map": {"background_image": {}, "class": {}}}, "statistics": {"wineries_count": 3461, "wines_count": 26873, "sub_regions_count": 32, "parent_regions_count": 0}}, "business_name": "Weingut Van Volxem", "description": "", "specialists_notes": "", "phone": "49 650 116 510", "email": "vanvolxem@t-online.de", "facebook": "https://www.facebook.com/pg/vanvolxemwines/about/?ref=page_internal", "instagram": "", "is_claimed": false, "twitter": "", "website": "http://vanvolxem.com", "winemaker": null, "wine_maker": null, "address": {"title": null, "name": null, "street": "Dehenstra\u00dfe 2", "street2": null, "neighborhood": null, "city": "Wiltingen", "zip": "54459", "state": null, "country": {"code": "de", "name": "Deutschland", "native_name": "Deutschland", "seo_name": "germany", "currency": {"code": "EUR", "name": "Euros", "prefix": "\u20ac", "suffix": null}, "regions_count": 210, "users_count": 2117308, "wines_count": 197796, "wineries_count": 13493, "most_used_grapes": [{"id": 15, "name": "Riesling", "seo_name": "riesling", "has_detailed_info": true, "wines_count": 259925}, {"id": 299, "name": "Sp\u00e4tburgunder", "seo_name": "spatburgunder", "has_detailed_info": false, "wines_count": 49659}, {"id": 355, "name": "Weissburgunder", "seo_name": "weissburgunder", "has_detailed_info": false, "wines_count": 33123}]}, "company": null, "phone": null, "external_id": null, "residential": null, "vat_number": null, "vat_code": null, "addition": null}, "image": null, "location": {"latitude": 49.65875, "longitude": 6.588647}, "winery_group": null, "first_wines": [], "sponsored_entity_type": null, "sponsored_entity": null}, "statistics": {"status": "Normal", "ratings_count": 435, "ratings_average": 3.9, "labels_count": 1941, "vintages_count": 14}, "rank": {"country": {"description": "Rang von Deutschland", "total": 115919, "rank": 1246}, "region": {"description": "Rang von Weinregion", "total": 21673, "rank": 437}, "winery": {"description": "Rang vom Weingut", "total": 66, "rank": 15}, "wine_type": {"description": "Rang in allen Wei\u00dfwein", "total": 394072, "rank": 10051}, "global": {"description": "Weltweiter Rang", "total": 1287381, "rank": 46645}}, "hidden": false, "vintages": [{"id": 168988892, "seo_name": "weingut-van-volxem-vv-riesling-mosel-saar-ruwer-2021", "name": "Van Volxem VV Riesling 2021", "statistics": {"status": "BelowThreshold", "ratings_count": 1, "ratings_average": 0, "labels_count": 1, "reviews_count": 1}, "year": 2021, "grapes": null, "has_valid_ratings": false}, {"id": 165896812, "seo_name": "weingut-van-volxem-vv-riesling-mosel-saar-ruwer-2020", "name": "Van Volxem VV Riesling 2020", "statistics": {"status": "Normal", "ratings_count": 63, "ratings_average": 4, "labels_count": 298, "reviews_count": 31}, "year": 2020, "grapes": null, "has_valid_ratings": true}, {"id": 162514729, "seo_name": "weingut-van-volxem-vv-riesling-mosel-saar-ruwer-2019", "name": "Van Volxem VV Riesling 2019", "statistics": {"status": "Normal", "ratings_count": 90, "ratings_average": 3.9, "labels_count": 538, "reviews_count": 41}, "year": 2019, "grapes": null, "has_valid_ratings": true}, {"id": 160565638, "seo_name": "weingut-van-volxem-vv-riesling-mosel-saar-ruwer-2018", "name": "Van Volxem VV Riesling 2018", "statistics": {"status": "Normal", "ratings_count": 118, "ratings_average": 4, "labels_count": 667, "reviews_count": 47}, "year": 2018, "grapes": null, "has_valid_ratings": true}, {"id": 157469885, "seo_name": "weingut-van-volxem-vv-riesling-mosel-saar-ruwer-2017", "name": "Van Volxem VV Riesling 2017", "statistics": {"status": "Normal", "ratings_count": 76, "ratings_average": 3.7, "labels_count": 262, "reviews_count": 41}, "year": 2017, "grapes": null, "has_valid_ratings": true}, {"id": 157394650, "seo_name": "weingut-van-volxem-vv-riesling-mosel-saar-ruwer-2016", "name": "Van Volxem VV Riesling 2016", "statistics": {"status": "Normal", "ratings_count": 37, "ratings_average": 4.1, "labels_count": 140, "reviews_count": 19}, "year": 2016, "grapes": null, "has_valid_ratings": true}, {"id": 160935336, "seo_name": "weingut-van-volxem-vv-riesling-mosel-saar-ruwer-2015", "name": "Van Volxem VV Riesling 2015", "statistics": {"status": "BelowThreshold", "ratings_count": 2, "ratings_average": 0, "labels_count": 9, "reviews_count": 2}, "year": 2015, "grapes": null, "has_valid_ratings": false}, {"id": 159962097, "seo_name": "weingut-van-volxem-vv-riesling-mosel-saar-ruwer-2010", "name": "Van Volxem VV Riesling 2010", "statistics": {"status": "BelowThreshold", "ratings_count": 2, "ratings_average": 0, "labels_count": 7, "reviews_count": 0}, "year": 2010, "grapes": null, "has_valid_ratings": false}, {"id": 157375133, "seo_name": "weingut-van-volxem-vv-riesling-mosel-saar-ruwer-uv", "name": "Van Volxem VV Riesling", "statistics": {"status": "Normal", "ratings_count": 435, "ratings_average": 3.9, "labels_count": 7, "reviews_count": 19}, "year": 0, "grapes": null, "has_valid_ratings": true}], "description": "", "grapes": [{"id": 15, "name": "Riesling", "seo_name": "riesling", "has_detailed_info": true, "wines_count": 259925}], "foods": [{"id": 10, "name": "Schweinefleisch", "background_image": {"location": "//images.vivino.com/backgrounds/foods/10_pork.png", "variations": {"small": "//images.vivino.com/backgrounds/foods/thumbs/10_pork_932x810.png"}}, "seo_name": "pork"}, {"id": 13, "name": "Schalentiere", "background_image": {"location": "//images.vivino.com/backgrounds/foods/13_shellfish.png", "variations": {"small": "//images.vivino.com/backgrounds/foods/thumbs/13_shellfish_932x810.png"}}, "seo_name": "shellfish"}, {"id": 15, "name": "Scharfe Gerichte", "background_image": {"location": "//images.vivino.com/backgrounds/foods/15_spicyfood.png", "variations": {"small": "//images.vivino.com/backgrounds/foods/thumbs/15_spicyfood_932x810.png"}}, "seo_name": "spicy-food"}, {"id": 20, "name": "Gefl\u00fcgel", "background_image": {"location": "//images.vivino.com/backgrounds/foods/20_chicken.png", "variations": {"small": "//images.vivino.com/backgrounds/foods/thumbs/20_chicken_932x810.png"}}, "seo_name": "poultry"}, {"id": 41, "name": "Ger\u00e4ucherte Fleischprodukte", "background_image": {"location": "//images.vivino.com/backgrounds/foods/41_curedmeat.png", "variations": {"small": "//images.vivino.com/backgrounds/foods/thumbs/41_curedmeat_932x810.png"}}, "seo_name": null}], "non_vintage": false, "alcohol": 12, "sweetness_id": null, "closure": null, "vintage_mask_raw": null, "updated_at": "2021-07-27T08:35:13Z", "created_at": "2018-05-21T09:01:46Z", "is_first_wine": false, "style": {"id": 186, "seo_name": "german-riesling", "regional_name": "German", "varietal_name": "Riesling", "name": "Riesling Deutschland", "image": null, "background_image": {"location": "//images.vivino.com/backgrounds/styles/sUyLeO_TQuaROKfLr65xsg.jpg", "variations": {"small": "//images.vivino.com/backgrounds/styles/thumbs/sUyLeO_TQuaROKfLr65xsg_932x810.jpg"}}, "description": "Riesling is without question Germany's favorite grape. Widely planted, though once derided, Riesling is the superstar of the white wine world at the moment.\n\nThere is a lot of scope for versatility with this sweet, viscous wine, though you can expect to get hints of tropical fruit, nectarine, melon and pineapple from a solid Riesling.\n\nThe grape originated in the Rhine region of Germany, and the best of them are said to grow along the banks of the Mosel River on the beautiful steep, south facing hills.\n\nThere are six categories of Riesling which indicate the ripeness of the grapes. Kabinett is considered \u201coff-dry\u201d and is a typically ripe grape. Sp\u00e4tlese is riper and therefor sweeter, and Auslese is even riper still. Beyond on that you have Beerenauslese, Trockenbeerenauslese and Eiswein (or ice wine), all getting sweeter, more viscous and more expensive.\n\nIt's a favorite in the food and beverage industry because of its willingness to play with a wide variety of foods, particular spicy dishes. The current Asian fusion boom is thought to have had a tremendous effect on Riesling's popularity.", "blurb": null, "interesting_facts": ["Riesling is grown all over the world and thrives in cool to warm climates.", "Riesling is one of the few white wines that develops and improves with age.", "There are an unusually high number of German Riesling producers that carry the prefix \u201cDr.\u201d"], "body": 2, "body_description": "Leichter K\u00f6rper", "acidity": 3, "acidity_description": "Hoch", "country": {"code": "de", "name": "Deutschland", "native_name": "Deutschland", "seo_name": "germany", "currency": {"code": "EUR", "name": "Euros", "prefix": "\u20ac", "suffix": null}, "regions_count": 210, "users_count": 2117308, "wines_count": 197796, "wineries_count": 13493, "most_used_grapes": [{"id": 15, "name": "Riesling", "seo_name": "riesling", "has_detailed_info": true, "wines_count": 259925}, {"id": 299, "name": "Sp\u00e4tburgunder", "seo_name": "spatburgunder", "has_detailed_info": false, "wines_count": 49659}, {"id": 355, "name": "Weissburgunder", "seo_name": "weissburgunder", "has_detailed_info": false, "wines_count": 33123}]}, "wine_type_id": 2, "food": [{"id": 10, "name": "Pork", "background_image": {"location": "//images.vivino.com/backgrounds/foods/10_pork.png", "variations": {"small": "//images.vivino.com/backgrounds/foods/thumbs/10_pork_932x810.png"}}, "seo_name": "pork"}, {"id": 13, "name": "Shellfish", "background_image": {"location": "//images.vivino.com/backgrounds/foods/13_shellfish.png", "variations": {"small": "//images.vivino.com/backgrounds/foods/thumbs/13_shellfish_932x810.png"}}, "seo_name": "shellfish"}, {"id": 15, "name": "Spicy food", "background_image": {"location": "//images.vivino.com/backgrounds/foods/15_spicyfood.png", "variations": {"small": "//images.vivino.com/backgrounds/foods/thumbs/15_spicyfood_932x810.png"}}, "seo_name": "spicy-food"}, {"id": 20, "name": "Poultry", "background_image": {"location": "//images.vivino.com/backgrounds/foods/20_chicken.png", "variations": {"small": "//images.vivino.com/backgrounds/foods/thumbs/20_chicken_932x810.png"}}, "seo_name": "poultry"}, {"id": 41, "name": "Cured Meat", "background_image": {"location": "//images.vivino.com/backgrounds/foods/41_curedmeat.png", "variations": {"small": "//images.vivino.com/backgrounds/foods/thumbs/41_curedmeat_932x810.png"}}, "seo_name": null}], "grapes": [{"id": 15, "name": "Riesling", "seo_name": "riesling", "has_detailed_info": true, "wines_count": 259925}], "region": null}, "has_valid_ratings": true}, "description": "", "expert_reviews": null, "wine_critic_reviews": [], "awards": [], "ratings_distribution": {"1": 0, "2": 2, "3": 26, "4": 51, "5": 11}, "ranking": {"country": {"description": "Rang von Deutschland", "total": 604730, "rank": 15491}, "region": {"description": "Rang von Weinregion", "total": 120406, "rank": 4956}, "winery": {"description": "Rang vom Weingut", "total": 621, "rank": 146}, "global": {"description": "Weltweiter Rang", "total": 8825186, "rank": 535800}}, "wine_facts": {"alcohol": 12}, "winemaker": null, "wine_maker": null, "grape_composition": {"15": 100}, "year": 2019, "grapes": [{"id": 15, "name": "Riesling", "seo_name": "riesling", "has_detailed_info": true, "wines_count": 259925}], "has_valid_ratings": true}, "carts": null, "price_range": {"currency": {"code": "EUR", "name": "Euros", "prefix": "\u20ac", "suffix": null}, "price_range": {"minimum": 0, "maximum": 500, "currency_code": "EUR"}, "defaults": {"minimum": 7, "maximum": 30, "currency_code": "EUR"}}, "subtotal_price": null, "full_region": null, "tastes": null, "wine": {"id": 6411113, "name": "VV Riesling", "seo_name": "vv-riesling-mosel-saar-ruwer", "type_id": 2, "vintage_type": 0, "is_natural": false, "region": {"id": 545, "name": "Mosel", "name_en": "Mosel-Saar-Ruwer", "seo_name": "mosel-saar-ruwer", "country": {"code": "de", "name": "Deutschland", "native_name": "Deutschland", "seo_name": "germany", "currency": {"code": "EUR", "name": "Euros", "prefix": "\u20ac", "suffix": null}, "regions_count": 210, "users_count": 2117308, "wines_count": 197796, "wineries_count": 13493, "most_used_grapes": [{"id": 15, "name": "Riesling", "seo_name": "riesling", "has_detailed_info": true, "wines_count": 259925}, {"id": 299, "name": "Sp\u00e4tburgunder", "seo_name": "spatburgunder", "has_detailed_info": false, "wines_count": 49659}, {"id": 355, "name": "Weissburgunder", "seo_name": "weissburgunder", "has_detailed_info": false, "wines_count": 33123}]}, "parent_id": null, "background_image": {"location": "//images.vivino.com/regions/backgrounds/opJWUh7pR8u3jKqcy3D13g.jpg", "variations": {"large": "//thumbs.vivino.com/region_backgrounds/opJWUh7pR8u3jKqcy3D13g_1280x760.jpg", "medium": "//thumbs.vivino.com/region_backgrounds/opJWUh7pR8u3jKqcy3D13g_600x356.jpg"}}, "class": {"typecast_map": {"background_image": {}, "class": {}}}, "statistics": {"wineries_count": 3461, "wines_count": 26873, "sub_regions_count": 32, "parent_regions_count": 0}}, "review_status": 2, "winery": {"id": 2922, "name": "Van Volxem", "seo_name": "weingut-van-volxem", "status": 0, "review_status": "Completed", "background_image": null, "statistics": {"ratings_count": 24598, "ratings_average": 4, "labels_count": 89483, "wines_count": 71}, "region": {"id": 545, "name": "Mosel", "name_en": "Mosel-Saar-Ruwer", "seo_name": "mosel-saar-ruwer", "country": {"code": "de", "name": "Deutschland", "native_name": "Deutschland", "seo_name": "germany", "currency": {"code": "EUR", "name": "Euros", "prefix": "\u20ac", "suffix": null}, "regions_count": 210, "users_count": 2117308, "wines_count": 197796, "wineries_count": 13493, "most_used_grapes": [{"id": 15, "name": "Riesling", "seo_name": "riesling", "has_detailed_info": true, "wines_count": 259925}, {"id": 299, "name": "Sp\u00e4tburgunder", "seo_name": "spatburgunder", "has_detailed_info": false, "wines_count": 49659}, {"id": 355, "name": "Weissburgunder", "seo_name": "weissburgunder", "has_detailed_info": false, "wines_count": 33123}]}, "parent_id": null, "background_image": {"location": "//images.vivino.com/regions/backgrounds/opJWUh7pR8u3jKqcy3D13g.jpg", "variations": {"large": "//thumbs.vivino.com/region_backgrounds/opJWUh7pR8u3jKqcy3D13g_1280x760.jpg", "medium": "//thumbs.vivino.com/region_backgrounds/opJWUh7pR8u3jKqcy3D13g_600x356.jpg"}}, "class": {"typecast_map": {"background_image": {}, "class": {}}}, "statistics": {"wineries_count": 3461, "wines_count": 26873, "sub_regions_count": 32, "parent_regions_count": 0}}, "business_name": "Weingut Van Volxem", "description": "", "specialists_notes": "", "phone": "49 650 116 510", "email": "vanvolxem@t-online.de", "facebook": "https://www.facebook.com/pg/vanvolxemwines/about/?ref=page_internal", "instagram": "", "is_claimed": false, "twitter": "", "website": "http://vanvolxem.com", "winemaker": null, "wine_maker": null, "address": {"title": null, "name": null, "street": "Dehenstra\u00dfe 2", "street2": null, "neighborhood": null, "city": "Wiltingen", "zip": "54459", "state": null, "country": {"code": "de", "name": "Deutschland", "native_name": "Deutschland", "seo_name": "germany", "currency": {"code": "EUR", "name": "Euros", "prefix": "\u20ac", "suffix": null}, "regions_count": 210, "users_count": 2117308, "wines_count": 197796, "wineries_count": 13493, "most_used_grapes": [{"id": 15, "name": "Riesling", "seo_name": "riesling", "has_detailed_info": true, "wines_count": 259925}, {"id": 299, "name": "Sp\u00e4tburgunder", "seo_name": "spatburgunder", "has_detailed_info": false, "wines_count": 49659}, {"id": 355, "name": "Weissburgunder", "seo_name": "weissburgunder", "has_detailed_info": false, "wines_count": 33123}]}, "company": null, "phone": null, "external_id": null, "residential": null, "vat_number": null, "vat_code": null, "addition": null}, "image": null, "location": {"latitude": 49.65875, "longitude": 6.588647}, "winery_group": null, "first_wines": [], "sponsored_entity_type": null, "sponsored_entity": null}, "statistics": {"status": "Normal", "ratings_count": 435, "ratings_average": 3.9, "labels_count": 1941, "vintages_count": 14}, "rank": {"country": {"description": "Rang von Deutschland", "total": 115919, "rank": 1246}, "region": {"description": "Rang von Weinregion", "total": 21673, "rank": 437}, "winery": {"description": "Rang vom Weingut", "total": 66, "rank": 15}, "wine_type": {"description": "Rang in allen Wei\u00dfwein", "total": 394072, "rank": 10051}, "global": {"description": "Weltweiter Rang", "total": 1287381, "rank": 46645}}, "hidden": false, "vintages": [{"id": 168988892, "seo_name": "weingut-van-volxem-vv-riesling-mosel-saar-ruwer-2021", "name": "Van Volxem VV Riesling 2021", "statistics": {"status": "BelowThreshold", "ratings_count": 1, "ratings_average": 0, "labels_count": 1, "reviews_count": 1}, "year": 2021, "grapes": null, "has_valid_ratings": false}, {"id": 165896812, "seo_name": "weingut-van-volxem-vv-riesling-mosel-saar-ruwer-2020", "name": "Van Volxem VV Riesling 2020", "statistics": {"status": "Normal", "ratings_count": 63, "ratings_average": 4, "labels_count": 298, "reviews_count": 31}, "year": 2020, "grapes": null, "has_valid_ratings": true}, {"id": 162514729, "seo_name": "weingut-van-volxem-vv-riesling-mosel-saar-ruwer-2019", "name": "Van Volxem VV Riesling 2019", "statistics": {"status": "Normal", "ratings_count": 90, "ratings_average": 3.9, "labels_count": 538, "reviews_count": 41}, "year": 2019, "grapes": null, "has_valid_ratings": true}, {"id": 160565638, "seo_name": "weingut-van-volxem-vv-riesling-mosel-saar-ruwer-2018", "name": "Van Volxem VV Riesling 2018", "statistics": {"status": "Normal", "ratings_count": 118, "ratings_average": 4, "labels_count": 667, "reviews_count": 47}, "year": 2018, "grapes": null, "has_valid_ratings": true}, {"id": 157469885, "seo_name": "weingut-van-volxem-vv-riesling-mosel-saar-ruwer-2017", "name": "Van Volxem VV Riesling 2017", "statistics": {"status": "Normal", "ratings_count": 76, "ratings_average": 3.7, "labels_count": 262, "reviews_count": 41}, "year": 2017, "grapes": null, "has_valid_ratings": true}, {"id": 157394650, "seo_name": "weingut-van-volxem-vv-riesling-mosel-saar-ruwer-2016", "name": "Van Volxem VV Riesling 2016", "statistics": {"status": "Normal", "ratings_count": 37, "ratings_average": 4.1, "labels_count": 140, "reviews_count": 19}, "year": 2016, "grapes": null, "has_valid_ratings": true}, {"id": 160935336, "seo_name": "weingut-van-volxem-vv-riesling-mosel-saar-ruwer-2015", "name": "Van Volxem VV Riesling 2015", "statistics": {"status": "BelowThreshold", "ratings_count": 2, "ratings_average": 0, "labels_count": 9, "reviews_count": 2}, "year": 2015, "grapes": null, "has_valid_ratings": false}, {"id": 159962097, "seo_name": "weingut-van-volxem-vv-riesling-mosel-saar-ruwer-2010", "name": "Van Volxem VV Riesling 2010", "statistics": {"status": "BelowThreshold", "ratings_count": 2, "ratings_average": 0, "labels_count": 7, "reviews_count": 0}, "year": 2010, "grapes": null, "has_valid_ratings": false}, {"id": 157375133, "seo_name": "weingut-van-volxem-vv-riesling-mosel-saar-ruwer-uv", "name": "Van Volxem VV Riesling", "statistics": {"status": "Normal", "ratings_count": 435, "ratings_average": 3.9, "labels_count": 7, "reviews_count": 19}, "year": 0, "grapes": null, "has_valid_ratings": true}], "description": "", "grapes": [{"id": 15, "name": "Riesling", "seo_name": "riesling", "has_detailed_info": true, "wines_count": 259925}], "foods": [{"id": 10, "name": "Schweinefleisch", "background_image": {"location": "//images.vivino.com/backgrounds/foods/10_pork.png", "variations": {"small": "//images.vivino.com/backgrounds/foods/thumbs/10_pork_932x810.png"}}, "seo_name": "pork"}, {"id": 13, "name": "Schalentiere", "background_image": {"location": "//images.vivino.com/backgrounds/foods/13_shellfish.png", "variations": {"small": "//images.vivino.com/backgrounds/foods/thumbs/13_shellfish_932x810.png"}}, "seo_name": "shellfish"}, {"id": 15, "name": "Scharfe Gerichte", "background_image": {"location": "//images.vivino.com/backgrounds/foods/15_spicyfood.png", "variations": {"small": "//images.vivino.com/backgrounds/foods/thumbs/15_spicyfood_932x810.png"}}, "seo_name": "spicy-food"}, {"id": 20, "name": "Gefl\u00fcgel", "background_image": {"location": "//images.vivino.com/backgrounds/foods/20_chicken.png", "variations": {"small": "//images.vivino.com/backgrounds/foods/thumbs/20_chicken_932x810.png"}}, "seo_name": "poultry"}, {"id": 41, "name": "Ger\u00e4ucherte Fleischprodukte", "background_image": {"location": "//images.vivino.com/backgrounds/foods/41_curedmeat.png", "variations": {"small": "//images.vivino.com/backgrounds/foods/thumbs/41_curedmeat_932x810.png"}}, "seo_name": null}], "non_vintage": false, "alcohol": 12, "sweetness_id": null, "closure": null, "vintage_mask_raw": null, "updated_at": "2021-07-27T08:35:13Z", "created_at": "2018-05-21T09:01:46Z", "is_first_wine": false, "style": {"id": 186, "seo_name": "german-riesling", "regional_name": "German", "varietal_name": "Riesling", "name": "Riesling Deutschland", "image": null, "background_image": {"location": "//images.vivino.com/backgrounds/styles/sUyLeO_TQuaROKfLr65xsg.jpg", "variations": {"small": "//images.vivino.com/backgrounds/styles/thumbs/sUyLeO_TQuaROKfLr65xsg_932x810.jpg"}}, "description": "Riesling is without question Germany's favorite grape. Widely planted, though once derided, Riesling is the superstar of the white wine world at the moment.\n\nThere is a lot of scope for versatility with this sweet, viscous wine, though you can expect to get hints of tropical fruit, nectarine, melon and pineapple from a solid Riesling.\n\nThe grape originated in the Rhine region of Germany, and the best of them are said to grow along the banks of the Mosel River on the beautiful steep, south facing hills.\n\nThere are six categories of Riesling which indicate the ripeness of the grapes. Kabinett is considered \u201coff-dry\u201d and is a typically ripe grape. Sp\u00e4tlese is riper and therefor sweeter, and Auslese is even riper still. Beyond on that you have Beerenauslese, Trockenbeerenauslese and Eiswein (or ice wine), all getting sweeter, more viscous and more expensive.\n\nIt's a favorite in the food and beverage industry because of its willingness to play with a wide variety of foods, particular spicy dishes. The current Asian fusion boom is thought to have had a tremendous effect on Riesling's popularity.", "blurb": null, "interesting_facts": ["Riesling is grown all over the world and thrives in cool to warm climates.", "Riesling is one of the few white wines that develops and improves with age.", "There are an unusually high number of German Riesling producers that carry the prefix \u201cDr.\u201d"], "body": 2, "body_description": "Leichter K\u00f6rper", "acidity": 3, "acidity_description": "Hoch", "country": {"code": "de", "name": "Deutschland", "native_name": "Deutschland", "seo_name": "germany", "currency": {"code": "EUR", "name": "Euros", "prefix": "\u20ac", "suffix": null}, "regions_count": 210, "users_count": 2117308, "wines_count": 197796, "wineries_count": 13493, "most_used_grapes": [{"id": 15, "name": "Riesling", "seo_name": "riesling", "has_detailed_info": true, "wines_count": 259925}, {"id": 299, "name": "Sp\u00e4tburgunder", "seo_name": "spatburgunder", "has_detailed_info": false, "wines_count": 49659}, {"id": 355, "name": "Weissburgunder", "seo_name": "weissburgunder", "has_detailed_info": false, "wines_count": 33123}]}, "wine_type_id": 2, "food": [{"id": 10, "name": "Pork", "background_image": {"location": "//images.vivino.com/backgrounds/foods/10_pork.png", "variations": {"small": "//images.vivino.com/backgrounds/foods/thumbs/10_pork_932x810.png"}}, "seo_name": "pork"}, {"id": 13, "name": "Shellfish", "background_image": {"location": "//images.vivino.com/backgrounds/foods/13_shellfish.png", "variations": {"small": "//images.vivino.com/backgrounds/foods/thumbs/13_shellfish_932x810.png"}}, "seo_name": "shellfish"}, {"id": 15, "name": "Spicy food", "background_image": {"location": "//images.vivino.com/backgrounds/foods/15_spicyfood.png", "variations": {"small": "//images.vivino.com/backgrounds/foods/thumbs/15_spicyfood_932x810.png"}}, "seo_name": "spicy-food"}, {"id": 20, "name": "Poultry", "background_image": {"location": "//images.vivino.com/backgrounds/foods/20_chicken.png", "variations": {"small": "//images.vivino.com/backgrounds/foods/thumbs/20_chicken_932x810.png"}}, "seo_name": "poultry"}, {"id": 41, "name": "Cured Meat", "background_image": {"location": "//images.vivino.com/backgrounds/foods/41_curedmeat.png", "variations": {"small": "//images.vivino.com/backgrounds/foods/thumbs/41_curedmeat_932x810.png"}}, "seo_name": null}], "grapes": [{"id": 15, "name": "Riesling", "seo_name": "riesling", "has_detailed_info": true, "wines_count": 259925}], "region": null}, "has_valid_ratings": true}, "price": {"id": 23038758, "vintage_id": 162514729, "amount": 10.99, "type": "vc", "currency": {"code": "EUR", "name": "Euros", "prefix": "\u20ac", "suffix": null}, "bottle_type_id": 1, "inventory_bottles_count": 23, "bottles_sold_count": 20, "url": "https://www.weinzeche.de/18427-van-volxem-vv-riesling.html?tracid=vivino&utm_medium=pref-cpc&utm_source=vivino-ppc", "message": "", "producer_address": "", "importer_address": "", "discounted_from": null, "bottle_type": {"id": 1, "name": "Flasche (0,75\u00a0l)", "short_name": "Flasche", "short_name_plural": "Flaschen", "volume_ml": 750}}, "highlights": [{"vintage_id": 162514729, "highlight_type": "price_qpr", "message": "Gutes Preis-Leistungsverh\u00e4ltnis. \u00c4hnliche Weine kosten normalerweise 36% mehr.", "icon": "https://images.vivino.com/highlights/icon/price_qpr.svg", "metadata": {"price": {"id": 23038758, "type": "vc", "amount": 10.99, "currency": {"code": "EUR", "name": "Euros", "prefix": "\u20ac", "suffix": null}, "discounted_from": null}, "wine_id": 6411113, "toplist": null, "ws_award": null, "critic_review_id": null, "ratings_average": 3.9, "ratings_count": 90, "vintage_year": "2019", "rank_type": "global", "ranks": {"country": {"description": "Rang von Deutschland", "total": 604730, "rank": 15491}, "region": {"description": "Rang von Weinregion", "total": 120406, "rank": 4956}, "winery": {"description": "Rang vom Weingut", "total": 621, "rank": 146}, "global": {"description": "Weltweiter Rang", "total": 8825186, "rank": 535800}}, "style": {"id": 186, "seo_name": "german-riesling", "regional_name": "German", "varietal_name": "Riesling", "name": "Riesling Deutschland", "image": null, "background_image": {"location": "//images.vivino.com/backgrounds/styles/sUyLeO_TQuaROKfLr65xsg.jpg", "variations": {"small": "//images.vivino.com/backgrounds/styles/thumbs/sUyLeO_TQuaROKfLr65xsg_932x810.jpg"}}, "description": "Riesling is without question Germany's favorite grape. Widely planted, though once derided, Riesling is the superstar of the white wine world at the moment.\n\nThere is a lot of scope for versatility with this sweet, viscous wine, though you can expect to get hints of tropical fruit, nectarine, melon and pineapple from a solid Riesling.\n\nThe grape originated in the Rhine region of Germany, and the best of them are said to grow along the banks of the Mosel River on the beautiful steep, south facing hills.\n\nThere are six categories of Riesling which indicate the ripeness of the grapes. Kabinett is considered \u201coff-dry\u201d and is a typically ripe grape. Sp\u00e4tlese is riper and therefor sweeter, and Auslese is even riper still. Beyond on that you have Beerenauslese, Trockenbeerenauslese and Eiswein (or ice wine), all getting sweeter, more viscous and more expensive.\n\nIt's a favorite in the food and beverage industry because of its willingness to play with a wide variety of foods, particular spicy dishes. The current Asian fusion boom is thought to have had a tremendous effect on Riesling's popularity.", "blurb": null, "interesting_facts": ["Riesling is grown all over the world and thrives in cool to warm climates.", "Riesling is one of the few white wines that develops and improves with age.", "There are an unusually high number of German Riesling producers that carry the prefix \u201cDr.\u201d"], "body": 2, "body_description": "Leichter K\u00f6rper", "acidity": 3, "acidity_description": "Hoch", "country": {"code": "de", "name": "Deutschland", "native_name": "Deutschland", "seo_name": "germany", "currency": {"code": "EUR", "name": "Euros", "prefix": "\u20ac", "suffix": null}, "regions_count": 210, "users_count": 2117308, "wines_count": 197796, "wineries_count": 13493, "most_used_grapes": [{"id": 15, "name": "Riesling", "seo_name": "riesling", "has_detailed_info": true, "wines_count": 259925}, {"id": 299, "name": "Sp\u00e4tburgunder", "seo_name": "spatburgunder", "has_detailed_info": false, "wines_count": 49659}, {"id": 355, "name": "Weissburgunder", "seo_name": "weissburgunder", "has_detailed_info": false, "wines_count": 33123}]}, "wine_type_id": 2, "food": [{"id": 10, "name": "Pork", "background_image": {"location": "//images.vivino.com/backgrounds/foods/10_pork.png", "variations": {"small": "//images.vivino.com/backgrounds/foods/thumbs/10_pork_932x810.png"}}, "seo_name": "pork"}, {"id": 13, "name": "Shellfish", "background_image": {"location": "//images.vivino.com/backgrounds/foods/13_shellfish.png", "variations": {"small": "//images.vivino.com/backgrounds/foods/thumbs/13_shellfish_932x810.png"}}, "seo_name": "shellfish"}, {"id": 15, "name": "Spicy food", "background_image": {"location": "//images.vivino.com/backgrounds/foods/15_spicyfood.png", "variations": {"small": "//images.vivino.com/backgrounds/foods/thumbs/15_spicyfood_932x810.png"}}, "seo_name": "spicy-food"}, {"id": 20, "name": "Poultry", "background_image": {"location": "//images.vivino.com/backgrounds/foods/20_chicken.png", "variations": {"small": "//images.vivino.com/backgrounds/foods/thumbs/20_chicken_932x810.png"}}, "seo_name": "poultry"}, {"id": 41, "name": "Cured Meat", "background_image": {"location": "//images.vivino.com/backgrounds/foods/41_curedmeat.png", "variations": {"small": "//images.vivino.com/backgrounds/foods/thumbs/41_curedmeat_932x810.png"}}, "seo_name": null}], "grapes": [{"id": 15, "name": "Riesling", "seo_name": "riesling", "has_detailed_info": true, "wines_count": 259925}], "region": null}}}, {"vintage_id": 162514729, "highlight_type": "oldest_available", "message": "\u00c4ltester Jahrgang", "icon": "https://images.vivino.com/highlights/icon/oldest_available.svg", "metadata": {"price": {"id": 23038758, "type": "vc", "amount": 10.99, "currency": {"code": "EUR", "name": "Euros", "prefix": "\u20ac", "suffix": null}, "discounted_from": null}, "wine_id": 6411113, "toplist": null, "ws_award": null, "critic_review_id": null, "ratings_average": 3.9, "ratings_count": 90, "vintage_year": "2019", "rank_type": "global", "ranks": {"country": {"description": "Rang von Deutschland", "total": 604730, "rank": 15491}, "region": {"description": "Rang von Weinregion", "total": 120406, "rank": 4956}, "winery": {"description": "Rang vom Weingut", "total": 621, "rank": 146}, "global": {"description": "Weltweiter Rang", "total": 8825186, "rank": 535800}}, "style": {"id": 186, "seo_name": "german-riesling", "regional_name": "German", "varietal_name": "Riesling", "name": "Riesling Deutschland", "image": null, "background_image": {"location": "//images.vivino.com/backgrounds/styles/sUyLeO_TQuaROKfLr65xsg.jpg", "variations": {"small": "//images.vivino.com/backgrounds/styles/thumbs/sUyLeO_TQuaROKfLr65xsg_932x810.jpg"}}, "description": "Riesling is without question Germany's favorite grape. Widely planted, though once derided, Riesling is the superstar of the white wine world at the moment.\n\nThere is a lot of scope for versatility with this sweet, viscous wine, though you can expect to get hints of tropical fruit, nectarine, melon and pineapple from a solid Riesling.\n\nThe grape originated in the Rhine region of Germany, and the best of them are said to grow along the banks of the Mosel River on the beautiful steep, south facing hills.\n\nThere are six categories of Riesling which indicate the ripeness of the grapes. Kabinett is considered \u201coff-dry\u201d and is a typically ripe grape. Sp\u00e4tlese is riper and therefor sweeter, and Auslese is even riper still. Beyond on that you have Beerenauslese, Trockenbeerenauslese and Eiswein (or ice wine), all getting sweeter, more viscous and more expensive.\n\nIt's a favorite in the food and beverage industry because of its willingness to play with a wide variety of foods, particular spicy dishes. The current Asian fusion boom is thought to have had a tremendous effect on Riesling's popularity.", "blurb": null, "interesting_facts": ["Riesling is grown all over the world and thrives in cool to warm climates.", "Riesling is one of the few white wines that develops and improves with age.", "There are an unusually high number of German Riesling producers that carry the prefix \u201cDr.\u201d"], "body": 2, "body_description": "Leichter K\u00f6rper", "acidity": 3, "acidity_description": "Hoch", "country": {"code": "de", "name": "Deutschland", "native_name": "Deutschland", "seo_name": "germany", "currency": {"code": "EUR", "name": "Euros", "prefix": "\u20ac", "suffix": null}, "regions_count": 210, "users_count": 2117308, "wines_count": 197796, "wineries_count": 13493, "most_used_grapes": [{"id": 15, "name": "Riesling", "seo_name": "riesling", "has_detailed_info": true, "wines_count": 259925}, {"id": 299, "name": "Sp\u00e4tburgunder", "seo_name": "spatburgunder", "has_detailed_info": false, "wines_count": 49659}, {"id": 355, "name": "Weissburgunder", "seo_name": "weissburgunder", "has_detailed_info": false, "wines_count": 33123}]}, "wine_type_id": 2, "food": [{"id": 10, "name": "Pork", "background_image": {"location": "//images.vivino.com/backgrounds/foods/10_pork.png", "variations": {"small": "//images.vivino.com/backgrounds/foods/thumbs/10_pork_932x810.png"}}, "seo_name": "pork"}, {"id": 13, "name": "Shellfish", "background_image": {"location": "//images.vivino.com/backgrounds/foods/13_shellfish.png", "variations": {"small": "//images.vivino.com/backgrounds/foods/thumbs/13_shellfish_932x810.png"}}, "seo_name": "shellfish"}, {"id": 15, "name": "Spicy food", "background_image": {"location": "//images.vivino.com/backgrounds/foods/15_spicyfood.png", "variations": {"small": "//images.vivino.com/backgrounds/foods/thumbs/15_spicyfood_932x810.png"}}, "seo_name": "spicy-food"}, {"id": 20, "name": "Poultry", "background_image": {"location": "//images.vivino.com/backgrounds/foods/20_chicken.png", "variations": {"small": "//images.vivino.com/backgrounds/foods/thumbs/20_chicken_932x810.png"}}, "seo_name": "poultry"}, {"id": 41, "name": "Cured Meat", "background_image": {"location": "//images.vivino.com/backgrounds/foods/41_curedmeat.png", "variations": {"small": "//images.vivino.com/backgrounds/foods/thumbs/41_curedmeat_932x810.png"}}, "seo_name": null}], "grapes": [{"id": 15, "name": "Riesling", "seo_name": "riesling", "has_detailed_info": true, "wines_count": 259925}], "region": null}}}, {"vintage_id": 162514729, "highlight_type": "cheapest_available", "message": "G\u00fcnstigster verf\u00fcgbarer Jahrgang", "icon": "https://images.vivino.com/highlights/icon/cheapest_available.svg", "metadata": {"price": {"id": 23038758, "type": "vc", "amount": 10.99, "currency": {"code": "EUR", "name": "Euros", "prefix": "\u20ac", "suffix": null}, "discounted_from": null}, "wine_id": 6411113, "toplist": null, "ws_award": null, "critic_review_id": null, "ratings_average": 3.9, "ratings_count": 90, "vintage_year": "2019", "rank_type": "global", "ranks": {"country": {"description": "Rang von Deutschland", "total": 604730, "rank": 15491}, "region": {"description": "Rang von Weinregion", "total": 120406, "rank": 4956}, "winery": {"description": "Rang vom Weingut", "total": 621, "rank": 146}, "global": {"description": "Weltweiter Rang", "total": 8825186, "rank": 535800}}, "style": {"id": 186, "seo_name": "german-riesling", "regional_name": "German", "varietal_name": "Riesling", "name": "Riesling Deutschland", "image": null, "background_image": {"location": "//images.vivino.com/backgrounds/styles/sUyLeO_TQuaROKfLr65xsg.jpg", "variations": {"small": "//images.vivino.com/backgrounds/styles/thumbs/sUyLeO_TQuaROKfLr65xsg_932x810.jpg"}}, "description": "Riesling is without question Germany's favorite grape. Widely planted, though once derided, Riesling is the superstar of the white wine world at the moment.\n\nThere is a lot of scope for versatility with this sweet, viscous wine, though you can expect to get hints of tropical fruit, nectarine, melon and pineapple from a solid Riesling.\n\nThe grape originated in the Rhine region of Germany, and the best of them are said to grow along the banks of the Mosel River on the beautiful steep, south facing hills.\n\nThere are six categories of Riesling which indicate the ripeness of the grapes. Kabinett is considered \u201coff-dry\u201d and is a typically ripe grape. Sp\u00e4tlese is riper and therefor sweeter, and Auslese is even riper still. Beyond on that you have Beerenauslese, Trockenbeerenauslese and Eiswein (or ice wine), all getting sweeter, more viscous and more expensive.\n\nIt's a favorite in the food and beverage industry because of its willingness to play with a wide variety of foods, particular spicy dishes. The current Asian fusion boom is thought to have had a tremendous effect on Riesling's popularity.", "blurb": null, "interesting_facts": ["Riesling is grown all over the world and thrives in cool to warm climates.", "Riesling is one of the few white wines that develops and improves with age.", "There are an unusually high number of German Riesling producers that carry the prefix \u201cDr.\u201d"], "body": 2, "body_description": "Leichter K\u00f6rper", "acidity": 3, "acidity_description": "Hoch", "country": {"code": "de", "name": "Deutschland", "native_name": "Deutschland", "seo_name": "germany", "currency": {"code": "EUR", "name": "Euros", "prefix": "\u20ac", "suffix": null}, "regions_count": 210, "users_count": 2117308, "wines_count": 197796, "wineries_count": 13493, "most_used_grapes": [{"id": 15, "name": "Riesling", "seo_name": "riesling", "has_detailed_info": true, "wines_count": 259925}, {"id": 299, "name": "Sp\u00e4tburgunder", "seo_name": "spatburgunder", "has_detailed_info": false, "wines_count": 49659}, {"id": 355, "name": "Weissburgunder", "seo_name": "weissburgunder", "has_detailed_info": false, "wines_count": 33123}]}, "wine_type_id": 2, "food": [{"id": 10, "name": "Pork", "background_image": {"location": "//images.vivino.com/backgrounds/foods/10_pork.png", "variations": {"small": "//images.vivino.com/backgrounds/foods/thumbs/10_pork_932x810.png"}}, "seo_name": "pork"}, {"id": 13, "name": "Shellfish", "background_image": {"location": "//images.vivino.com/backgrounds/foods/13_shellfish.png", "variations": {"small": "//images.vivino.com/backgrounds/foods/thumbs/13_shellfish_932x810.png"}}, "seo_name": "shellfish"}, {"id": 15, "name": "Spicy food", "background_image": {"location": "//images.vivino.com/backgrounds/foods/15_spicyfood.png", "variations": {"small": "//images.vivino.com/backgrounds/foods/thumbs/15_spicyfood_932x810.png"}}, "seo_name": "spicy-food"}, {"id": 20, "name": "Poultry", "background_image": {"location": "//images.vivino.com/backgrounds/foods/20_chicken.png", "variations": {"small": "//images.vivino.com/backgrounds/foods/thumbs/20_chicken_932x810.png"}}, "seo_name": "poultry"}, {"id": 41, "name": "Cured Meat", "background_image": {"location": "//images.vivino.com/backgrounds/foods/41_curedmeat.png", "variations": {"small": "//images.vivino.com/backgrounds/foods/thumbs/41_curedmeat_932x810.png"}}, "seo_name": null}], "grapes": [{"id": 15, "name": "Riesling", "seo_name": "riesling", "has_detailed_info": true, "wines_count": 259925}], "region": null}}}], "merchant": {"id": 1491, "name": "Weinzeche Onlinehandel GmbH", "seo_name": "weinzeche-handelsgesellschaft", "legal_name": "Weinzeche Onlinehandel GmbH", "description": "Versandkostenfrei f\u00fcr Bestellungen ab \u20ac80", "country": {"code": "de", "name": "Deutschland", "native_name": "Deutschland", "seo_name": "germany", "currency": {"code": "EUR", "name": "Euros", "prefix": "\u20ac", "suffix": null}, "regions_count": 210, "users_count": 2117308, "wines_count": 197796, "wineries_count": 13493, "most_used_grapes": [{"id": 15, "name": "Riesling", "seo_name": "riesling", "has_detailed_info": true, "wines_count": 259925}, {"id": 299, "name": "Sp\u00e4tburgunder", "seo_name": "spatburgunder", "has_detailed_info": false, "wines_count": 49659}, {"id": 355, "name": "Weissburgunder", "seo_name": "weissburgunder", "has_detailed_info": false, "wines_count": 33123}]}, "state": null, "status": 3, "image": {"location": "//images.vivino.com/merchants/originals/p1fq048400001ej.jpg", "variations": {"large_square": "//images.vivino.com/merchants/thumbs/p1fq048400001ej_400x400.jpg", "medium_square": "//images.vivino.com/merchants/thumbs/p1fq048400001ej_320x320.jpg", "small_square": "//images.vivino.com/merchants/thumbs/p1fq048400001ej_160x160.jpg"}}, "shipping_estimate": "Lieferung voraussichtlich zwischen Di, 21.\u00a0Dez und Fr, 24.\u00a0Dez", "impressum_url": "https://www.weinzeche.de/impressum", "tos_url": "https://www.weinzeche.de/agb", "vc_clearing_system": 0, "hidden": false}, "sold_out": false, "prices_and_availability": {"market": {"country": "de", "currency": {"code": "EUR", "name": "Euros", "prefix": "\u20ac", "suffix": null}}, "availability": {"vintage": {"id": 162514729, "year": 2019, "grapes": null, "has_valid_ratings": false}, "median": {"amount": 10.45, "type": "market", "discounted_from": null}, "price": {"id": 23038758, "amount": 10.99, "discounted_from": 0.0, "type": "vc"}}, "merchants_with_prices": [{"merchant": {"id": 1491, "name": "Weinzeche Onlinehandel GmbH", "seo_name": "weinzeche-handelsgesellschaft", "legal_name": "Weinzeche Onlinehandel GmbH", "description": "Versandkostenfrei f\u00fcr Bestellungen ab \u20ac80", "country": {"code": "de", "name": "Deutschland", "native_name": "Deutschland", "seo_name": "germany", "currency": {"code": "EUR", "name": "Euros", "prefix": "\u20ac", "suffix": null}, "regions_count": 210, "users_count": 2117308, "wines_count": 197796, "wineries_count": 13493, "most_used_grapes": [{"id": 15, "name": "Riesling", "seo_name": "riesling", "has_detailed_info": true, "wines_count": 259925}, {"id": 299, "name": "Sp\u00e4tburgunder", "seo_name": "spatburgunder", "has_detailed_info": false, "wines_count": 49659}, {"id": 355, "name": "Weissburgunder", "seo_name": "weissburgunder", "has_detailed_info": false, "wines_count": 33123}]}, "state": null, "status": 3, "image": {"location": "//images.vivino.com/merchants/originals/p1fq048400001ej.jpg", "variations": {"large_square": "//images.vivino.com/merchants/thumbs/p1fq048400001ej_400x400.jpg", "medium_square": "//images.vivino.com/merchants/thumbs/p1fq048400001ej_320x320.jpg", "small_square": "//images.vivino.com/merchants/thumbs/p1fq048400001ej_160x160.jpg"}}, "shipping_estimate": "Lieferung voraussichtlich zwischen Di, 21.\u00a0Dez und Fr, 24.\u00a0Dez", "impressum_url": "https://www.weinzeche.de/impressum", "tos_url": "https://www.weinzeche.de/agb", "vc_clearing_system": 0, "hidden": false}, "prices": [{"id": 23038758, "vintage_id": 162514729, "amount": 10.99, "type": "vc", "currency": {"code": "EUR", "name": "Euros", "prefix": "\u20ac", "suffix": null}, "bottle_type_id": 1, "inventory_bottles_count": 23, "bottles_sold_count": 20, "url": "https://www.weinzeche.de/18427-van-volxem-vv-riesling.html?tracid=vivino&utm_medium=pref-cpc&utm_source=vivino-ppc", "message": "", "producer_address": "", "importer_address": "", "discounted_from": null, "bottle_type": {"id": 1, "name": "Flasche (0,75\u00a0l)", "short_name": "Flasche", "short_name_plural": "Flaschen", "volume_ml": 750}}]}, {"merchant": {"id": 29339, "name": "Castello del Gusto", "seo_name": "castello-del-gusto", "legal_name": null, "description": "No minimum order.", "country": {"code": "de", "name": "Deutschland", "native_name": "Deutschland", "seo_name": "germany", "currency": {"code": "EUR", "name": "Euros", "prefix": "\u20ac", "suffix": null}, "regions_count": 210, "users_count": 2117308, "wines_count": 197796, "wineries_count": 13493, "most_used_grapes": [{"id": 15, "name": "Riesling", "seo_name": "riesling", "has_detailed_info": true, "wines_count": 259925}, {"id": 299, "name": "Sp\u00e4tburgunder", "seo_name": "spatburgunder", "has_detailed_info": false, "wines_count": 49659}, {"id": 355, "name": "Weissburgunder", "seo_name": "weissburgunder", "has_detailed_info": false, "wines_count": 33123}]}, "state": null, "status": 0, "image": null, "shipping_estimate": "Lieferung bis Mi, 22.\u00a0Dez", "impressum_url": null, "tos_url": null, "vc_clearing_system": 0, "hidden": false}, "prices": [{"id": 22947711, "vintage_id": 162514729, "amount": 9.9, "type": "ppc", "currency": {"code": "EUR", "name": "Euros", "prefix": "\u20ac", "suffix": null}, "bottle_type_id": 1, "inventory_bottles_count": null, "url": "https://www.castellodelgusto.de/produkt/van-volxem-riesling-vv/?utm_medium=pref-cpc&utm_source=vivino-ppc", "message": "", "producer_address": "", "importer_address": "", "discounted_from": null, "bottle_type": {"id": 1, "name": "Flasche (0,75\u00a0l)", "short_name": "Flasche", "short_name_plural": "Flaschen", "volume_ml": 750}}]}]}, "found_by_merchant_and_sku": null, "is_deal_page": false}