{"vintage": {"id": 4759181, "seo_name": "chateau-de-rochemorin-pessac-leognan-blanc-uv", "name": "Ch\u00e2teau de Rochemorin Pessac-L\u00e9ognan Blanc", "statistics": {"status": "Normal", "ratings_count": 1018, "ratings_average": 3.7, "labels_count": 38, "reviews_count": 40}, "organic_certification_id": null, "certified_biodynamic": null, "image": {"location": "//images.vivino.com/thumbs/yn36fRUqTgO1VcrHm5IHFw_pl_480x640.png", "variations": {"bottle_large": "//images.vivino.com/thumbs/yn36fRUqTgO1VcrHm5IHFw_pb_x960.png", "bottle_medium": "//images.vivino.com/thumbs/yn36fRUqTgO1VcrHm5IHFw_pb_x600.png", "bottle_medium_square": "//images.vivino.com/thumbs/yn36fRUqTgO1VcrHm5IHFw_pb_600x600.png", "bottle_small": "//images.vivino.com/thumbs/yn36fRUqTgO1VcrHm5IHFw_pb_x300.png", "bottle_small_square": "//images.vivino.com/thumbs/yn36fRUqTgO1VcrHm5IHFw_pb_300x300.png", "label": "//images.vivino.com/thumbs/yn36fRUqTgO1VcrHm5IHFw_pl_480x640.png", "label_large": "//images.vivino.com/thumbs/yn36fRUqTgO1VcrHm5IHFw_pl_375x500.png", "label_medium": "//images.vivino.com/thumbs/yn36fRUqTgO1VcrHm5IHFw_pl_150x200.png", "label_medium_square": "//images.vivino.com/thumbs/yn36fRUqTgO1VcrHm5IHFw_pl_150x150.png", "label_small_square": "//images.vivino.com/thumbs/yn36fRUqTgO1VcrHm5IHFw_pl_80x80.png", "large": "//images.vivino.com/thumbs/yn36fRUqTgO1VcrHm5IHFw_pl_375x500.png", "medium": "//images.vivino.com/thumbs/yn36fRUqTgO1VcrHm5IHFw_pl_150x200.png", "medium_square": "//images.vivino.com/thumbs/yn36fRUqTgO1VcrHm5IHFw_pl_150x150.png", "small_square": "//images.vivino.com/thumbs/yn36fRUqTgO1VcrHm5IHFw_pl_80x80.png"}}, "wine": {"id": 73561, "name": "Pessac-L\u00e9ognan Blanc", "seo_name": "pessac-leognan-blanc", "type_id": 2, "vintage_type": 0, "is_natural": false, "region": {"id": 471, "name": "Pessac-L\u00e9ognan", "name_en": "", "seo_name": "pessac-leognan", "country": {"code": "fr", "name": "France", "native_name": "France", "seo_name": "france", "currency": {"code": "EUR", "name": "Euros", "prefix": "\u20ac", "suffix": null}, "regions_count": 1292, "users_count": 5068363, "wines_count": 542471, "wineries_count": 67002, "most_used_grapes": [{"id": 14, "name": "Pinot Noir", "seo_name": "pinot-noir", "has_detailed_info": true, "wines_count": 572334}, {"id": 10, "name": "Merlot", "seo_name": "merlot", "has_detailed_info": true, "wines_count": 566719}, {"id": 5, "name": "Chardonnay", "seo_name": "chardonnay", "has_detailed_info": true, "wines_count": 604208}]}, "parent_id": 451, "background_image": {"location": "//images.vivino.com/regions/backgrounds/yXeD5eTJT4uruJ9EMbWOKg.jpg", "variations": {"large": "//thumbs.vivino.com/region_backgrounds/yXeD5eTJT4uruJ9EMbWOKg_1280x760.jpg", "medium": "//thumbs.vivino.com/region_backgrounds/yXeD5eTJT4uruJ9EMbWOKg_600x356.jpg"}}, "class": {"typecast_map": {"background_image": {}, "class": {}}}, "statistics": {"wineries_count": 114, "wines_count": 538, "sub_regions_count": 0, "parent_regions_count": 2}}, "review_status": 2, "winery": {"id": 3708, "name": "Ch\u00e2teau de Rochemorin", "seo_name": "chateau-de-rochemorin", "status": 0, "review_status": "Completed", "background_image": null, "statistics": {"ratings_count": 9374, "ratings_average": 3.9, "labels_count": 89779, "wines_count": 3}, "region": {"id": 471, "name": "Pessac-L\u00e9ognan", "name_en": "", "seo_name": "pessac-leognan", "country": {"code": "fr", "name": "France", "native_name": "France", "seo_name": "france", "currency": {"code": "EUR", "name": "Euros", "prefix": "\u20ac", "suffix": null}, "regions_count": 1292, "users_count": 5068363, "wines_count": 542471, "wineries_count": 67002, "most_used_grapes": [{"id": 14, "name": "Pinot Noir", "seo_name": "pinot-noir", "has_detailed_info": true, "wines_count": 572334}, {"id": 10, "name": "Merlot", "seo_name": "merlot", "has_detailed_info": true, "wines_count": 566719}, {"id": 5, "name": "Chardonnay", "seo_name": "chardonnay", "has_detailed_info": true, "wines_count": 604208}]}, "parent_id": 451, "background_image": {"location": "//images.vivino.com/regions/backgrounds/yXeD5eTJT4uruJ9EMbWOKg.jpg", "variations": {"large": "//thumbs.vivino.com/region_backgrounds/yXeD5eTJT4uruJ9EMbWOKg_1280x760.jpg", "medium": "//thumbs.vivino.com/region_backgrounds/yXeD5eTJT4uruJ9EMbWOKg_600x356.jpg"}}, "class": {"typecast_map": {"background_image": {}, "class": {}}}, "statistics": {"wineries_count": 114, "wines_count": 538, "sub_regions_count": 0, "parent_regions_count": 2}}, "business_name": "Ch\u00e2teau de Rochemorin", "description": "", "specialists_notes": "", "phone": "33 05 57 25 58 58", "email": "andrelurton@andrelurton.com", "facebook": "https://www.facebook.com/andrelurton/", "instagram": "", "is_claimed": false, "twitter": "@AndreLurton", "website": "http://www.andrelurton.com", "winemaker": null, "wine_maker": null, "address": {"title": null, "name": null, "street": "Chemin du Carrosse", "street2": null, "neighborhood": null, "city": "Martillac", "zip": "33650", "state": null, "country": {"code": "fr", "name": "France", "native_name": "France", "seo_name": "france", "currency": {"code": "EUR", "name": "Euros", "prefix": "\u20ac", "suffix": null}, "regions_count": 1292, "users_count": 5068363, "wines_count": 542471, "wineries_count": 67002, "most_used_grapes": [{"id": 14, "name": "Pinot Noir", "seo_name": "pinot-noir", "has_detailed_info": true, "wines_count": 572334}, {"id": 10, "name": "Merlot", "seo_name": "merlot", "has_detailed_info": true, "wines_count": 566719}, {"id": 5, "name": "Chardonnay", "seo_name": "chardonnay", "has_detailed_info": true, "wines_count": 604208}]}, "company": null, "phone": null, "external_id": null, "residential": null, "vat_number": null, "vat_code": null, "addition": null}, "image": null, "location": {"latitude": 44.64101, "longitude": 0.69669}, "winery_group": {"id": 100, "name": "Lurton, Andr\u00e9", "website": "http://www.andrelurton.com/"}, "first_wines": [{"id": 73560, "name": "Pessac-L\u00e9ognan Rouge", "seo_name": "pessac-leognan-rouge", "type_id": 1, "vintage_type": 0, "is_natural": false, "region": {"id": 471, "name": "Pessac-L\u00e9ognan", "name_en": "", "seo_name": "pessac-leognan", "country": "fr", "parent_id": 451, "background_image": {"location": "//images.vivino.com/regions/backgrounds/yXeD5eTJT4uruJ9EMbWOKg.jpg", "variations": {"large": "//thumbs.vivino.com/region_backgrounds/yXeD5eTJT4uruJ9EMbWOKg_1280x760.jpg", "medium": "//thumbs.vivino.com/region_backgrounds/yXeD5eTJT4uruJ9EMbWOKg_600x356.jpg"}}, "class": {"id": 5, "country_code": "fr", "abbreviation": "AOP", "description": "Appellation d'Origine Protegee (formerly AOC)"}, "statistics": {"wineries_count": 114, "wines_count": 538, "sub_regions_count": 0, "parent_regions_count": 2}}, "review_status": 2}, {"id": 73561, "name": "Pessac-L\u00e9ognan Blanc", "seo_name": "pessac-leognan-blanc", "type_id": 2, "vintage_type": 0, "is_natural": false, "region": {"id": 471, "name": "Pessac-L\u00e9ognan", "name_en": "", "seo_name": "pessac-leognan", "country": "fr", "parent_id": 451, "background_image": {"location": "//images.vivino.com/regions/backgrounds/yXeD5eTJT4uruJ9EMbWOKg.jpg", "variations": {"large": "//thumbs.vivino.com/region_backgrounds/yXeD5eTJT4uruJ9EMbWOKg_1280x760.jpg", "medium": "//thumbs.vivino.com/region_backgrounds/yXeD5eTJT4uruJ9EMbWOKg_600x356.jpg"}}, "class": {"id": 5, "country_code": "fr", "abbreviation": "AOP", "description": "Appellation d'Origine Protegee (formerly AOC)"}, "statistics": {"wineries_count": 114, "wines_count": 538, "sub_regions_count": 0, "parent_regions_count": 2}}, "review_status": 2}], "sponsored_entity_type": null, "sponsored_entity": null}, "statistics": {"status": "Normal", "ratings_count": 1018, "ratings_average": 3.7, "labels_count": 2344, "vintages_count": 37}, "rank": {"country": {"description": "Rank within France", "total": 317717, "rank": 24494}, "region": {"description": "Rank within Wine Region", "total": 452, "rank": 153}, "winery": {"description": "Rank within Winery", "total": 3, "rank": 2}, "wine_type": {"description": "Rank within all White Wine", "total": 398745, "rank": 21992}, "global": {"description": "Global Rank", "total": 1302037, "rank": 90186}}, "hidden": false, "vintages": [{"id": 167740036, "seo_name": "chateau-de-rochemorin-pessac-leognan-blanc-2019", "name": "Ch\u00e2teau de Rochemorin Pessac-L\u00e9ognan Blanc 2019", "statistics": {"status": "BelowThreshold", "ratings_count": 2, "ratings_average": 0, "labels_count": 9, "reviews_count": 2}, "year": 2019, "grapes": null, "has_valid_ratings": false}, {"id": 161660027, "seo_name": "chateau-de-rochemorin-pessac-leognan-blanc-2018", "name": "Ch\u00e2teau de Rochemorin Pessac-L\u00e9ognan Blanc 2018", "statistics": {"status": "Normal", "ratings_count": 27, "ratings_average": 3.8, "labels_count": 69, "reviews_count": 16}, "year": 2018, "grapes": null, "has_valid_ratings": true}, {"id": 155667854, "seo_name": "chateau-de-rochemorin-pessac-leognan-blanc-2017", "name": "Ch\u00e2teau de Rochemorin Pessac-L\u00e9ognan Blanc 2017", "statistics": {"status": "Normal", "ratings_count": 19, "ratings_average": 3.9, "labels_count": 46, "reviews_count": 9}, "year": 2017, "grapes": null, "has_valid_ratings": true}, {"id": 145571593, "seo_name": "chateau-de-rochemorin-pessac-leognan-blanc-2016", "name": "Ch\u00e2teau de Rochemorin Pessac-L\u00e9ognan Blanc 2016", "statistics": {"status": "Normal", "ratings_count": 122, "ratings_average": 3.7, "labels_count": 202, "reviews_count": 83}, "year": 2016, "grapes": null, "has_valid_ratings": true}, {"id": 62806675, "seo_name": "chateau-de-rochemorin-pessac-leognan-blanc-2015", "name": "Ch\u00e2teau de Rochemorin Pessac-L\u00e9ognan Blanc 2015", "statistics": {"status": "Normal", "ratings_count": 109, "ratings_average": 3.9, "labels_count": 227, "reviews_count": 58}, "year": 2015, "grapes": null, "has_valid_ratings": true}, {"id": 93149398, "seo_name": "chateau-de-rochemorin-pessac-leognan-blanc-2014", "name": "Ch\u00e2teau de Rochemorin Pessac-L\u00e9ognan Blanc 2014", "statistics": {"status": "Normal", "ratings_count": 128, "ratings_average": 3.8, "labels_count": 269, "reviews_count": 75}, "year": 2014, "grapes": null, "has_valid_ratings": true}, {"id": 35124468, "seo_name": "chateau-de-rochemorin-pessac-leognan-blanc-2013", "name": "Ch\u00e2teau de Rochemorin Pessac-L\u00e9ognan Blanc 2013", "statistics": {"status": "Normal", "ratings_count": 75, "ratings_average": 3.8, "labels_count": 141, "reviews_count": 37}, "year": 2013, "grapes": null, "has_valid_ratings": true}, {"id": 4348865, "seo_name": "chateau-de-rochemorin-pessac-leognan-blanc-2012", "name": "Ch\u00e2teau de Rochemorin Pessac-L\u00e9ognan Blanc 2012", "statistics": {"status": "Normal", "ratings_count": 73, "ratings_average": 3.7, "labels_count": 184, "reviews_count": 40}, "year": 2012, "grapes": null, "has_valid_ratings": true}, {"id": 4105205, "seo_name": "chateau-de-rochemorin-pessac-leognan-blanc-2011", "name": "Ch\u00e2teau de Rochemorin Pessac-L\u00e9ognan Blanc 2011", "statistics": {"status": "Normal", "ratings_count": 70, "ratings_average": 3.6, "labels_count": 179, "reviews_count": 31}, "year": 2011, "grapes": null, "has_valid_ratings": true}, {"id": 2063179, "seo_name": "chateau-de-rochemorin-pessac-leognan-blanc-2010", "name": "Ch\u00e2teau de Rochemorin Pessac-L\u00e9ognan Blanc 2010", "statistics": {"status": "Normal", "ratings_count": 101, "ratings_average": 3.7, "labels_count": 433, "reviews_count": 44}, "year": 2010, "grapes": null, "has_valid_ratings": true}, {"id": 2154284, "seo_name": "chateau-de-rochemorin-pessac-leognan-blanc-2009", "name": "Ch\u00e2teau de Rochemorin Pessac-L\u00e9ognan Blanc 2009", "statistics": {"status": "Normal", "ratings_count": 93, "ratings_average": 3.6, "labels_count": 180, "reviews_count": 45}, "year": 2009, "grapes": null, "has_valid_ratings": true}, {"id": 1362545, "seo_name": "chateau-de-rochemorin-pessac-leognan-blanc-2008", "name": "Ch\u00e2teau de Rochemorin Pessac-L\u00e9ognan Blanc 2008", "statistics": {"status": "Normal", "ratings_count": 30, "ratings_average": 3.3, "labels_count": 83, "reviews_count": 12}, "year": 2008, "grapes": null, "has_valid_ratings": true}, {"id": 2078081, "seo_name": "chateau-de-rochemorin-pessac-leognan-blanc-2007", "name": "Ch\u00e2teau de Rochemorin Pessac-L\u00e9ognan Blanc 2007", "statistics": {"status": "Normal", "ratings_count": 20, "ratings_average": 3.4, "labels_count": 81, "reviews_count": 10}, "year": 2007, "grapes": null, "has_valid_ratings": true}, {"id": 80638, "seo_name": "chateau-de-rochemorin-pessac-leognan-blanc-2006", "name": "Ch\u00e2teau de Rochemorin Pessac-L\u00e9ognan Blanc 2006", "statistics": {"status": "Normal", "ratings_count": 25, "ratings_average": 3.9, "labels_count": 60, "reviews_count": 11}, "year": 2006, "grapes": null, "has_valid_ratings": true}, {"id": 13392276, "seo_name": "chateau-de-rochemorin-pessac-leognan-blanc-2005", "name": "Ch\u00e2teau de Rochemorin Pessac-L\u00e9ognan Blanc 2005", "statistics": {"status": "Normal", "ratings_count": 13, "ratings_average": 4, "labels_count": 53, "reviews_count": 8}, "year": 2005, "grapes": null, "has_valid_ratings": true}, {"id": 6642439, "seo_name": "chateau-de-rochemorin-pessac-leognan-blanc-2004", "name": "Ch\u00e2teau de Rochemorin Pessac-L\u00e9ognan Blanc 2004", "statistics": {"status": "BelowThreshold", "ratings_count": 2, "ratings_average": 0, "labels_count": 15, "reviews_count": 2}, "year": 2004, "grapes": null, "has_valid_ratings": false}, {"id": 1695584, "seo_name": "chateau-de-rochemorin-pessac-leognan-blanc-2003", "name": "Ch\u00e2teau de Rochemorin Pessac-L\u00e9ognan Blanc 2003", "statistics": {"status": "BelowThreshold", "ratings_count": 2, "ratings_average": 0, "labels_count": 12, "reviews_count": 2}, "year": 2003, "grapes": null, "has_valid_ratings": false}, {"id": 24295254, "seo_name": "chateau-de-rochemorin-pessac-leognan-blanc-2002", "name": "Ch\u00e2teau de Rochemorin Pessac-L\u00e9ognan Blanc 2002", "statistics": {"status": "BelowThreshold", "ratings_count": 1, "ratings_average": 0, "labels_count": 2, "reviews_count": 1}, "year": 2002, "grapes": null, "has_valid_ratings": false}, {"id": 6617841, "seo_name": "chateau-de-rochemorin-pessac-leognan-blanc-2001", "name": "Ch\u00e2teau de Rochemorin Pessac-L\u00e9ognan Blanc 2001", "statistics": {"status": "BelowThreshold", "ratings_count": 1, "ratings_average": 0, "labels_count": 4, "reviews_count": 0}, "year": 2001, "grapes": null, "has_valid_ratings": false}, {"id": 7447339, "seo_name": "chateau-de-rochemorin-pessac-leognan-blanc-1998", "name": "Ch\u00e2teau de Rochemorin Pessac-L\u00e9ognan Blanc 1998", "statistics": {"status": "BelowThreshold", "ratings_count": 1, "ratings_average": 0, "labels_count": 1, "reviews_count": 1}, "year": 1998, "grapes": null, "has_valid_ratings": false}, {"id": 79143277, "seo_name": "chateau-de-rochemorin-pessac-leognan-blanc-1993", "name": "Ch\u00e2teau de Rochemorin Pessac-L\u00e9ognan Blanc 1993", "statistics": {"status": "BelowThreshold", "ratings_count": 2, "ratings_average": 0, "labels_count": 2, "reviews_count": 0}, "year": 1993, "grapes": null, "has_valid_ratings": false}, {"id": 15957860, "seo_name": "chateau-de-rochemorin-pessac-leognan-blanc-1992", "name": "Ch\u00e2teau de Rochemorin Pessac-L\u00e9ognan Blanc 1992", "statistics": {"status": "BelowThreshold", "ratings_count": 1, "ratings_average": 0, "labels_count": 1, "reviews_count": 0}, "year": 1992, "grapes": null, "has_valid_ratings": false}, {"id": 15851521, "seo_name": "chateau-de-rochemorin-pessac-leognan-blanc-1989", "name": "Ch\u00e2teau de Rochemorin Pessac-L\u00e9ognan Blanc 1989", "statistics": {"status": "BelowThreshold", "ratings_count": 2, "ratings_average": 0, "labels_count": 1, "reviews_count": 2}, "year": 1989, "grapes": null, "has_valid_ratings": false}, {"id": 1926211, "seo_name": "chateau-de-rochemorin-pessac-leognan-blanc-1986", "name": "Ch\u00e2teau de Rochemorin Pessac-L\u00e9ognan Blanc 1986", "statistics": {"status": "BelowThreshold", "ratings_count": 3, "ratings_average": 0, "labels_count": 5, "reviews_count": 2}, "year": 1986, "grapes": null, "has_valid_ratings": false}, {"id": 160073367, "seo_name": "chateau-de-rochemorin-pessac-leognan-blanc-1984", "name": "Ch\u00e2teau de Rochemorin Pessac-L\u00e9ognan Blanc 1984", "statistics": {"status": "BelowThreshold", "ratings_count": 1, "ratings_average": 0, "labels_count": 1, "reviews_count": 0}, "year": 1984, "grapes": null, "has_valid_ratings": false}, {"id": 4759181, "seo_name": "chateau-de-rochemorin-pessac-leognan-blanc-uv", "name": "Ch\u00e2teau de Rochemorin Pessac-L\u00e9ognan Blanc", "statistics": {"status": "Normal", "ratings_count": 1018, "ratings_average": 3.7, "labels_count": 38, "reviews_count": 40}, "year": 0, "grapes": null, "has_valid_ratings": true}], "description": "On the palate, this wine is soft, harmonious and offers us a beautiful aromatic expression (apricot, peach, lemon which slip some iodine notes in the final). Of great freshness, this 2013 is definitely a \"fun wine\" we gladly will taste a seafood platter, a swordfish carpaccio or just a nice cheese plate.", "grapes": [{"id": 18, "name": "S\u00e9millon", "seo_name": "semillion", "has_detailed_info": true, "wines_count": 65710}, {"id": 300, "name": "Sauvignon Gris", "seo_name": "sauvignon-gris", "has_detailed_info": false, "wines_count": 4781}, {"id": 17, "name": "Sauvignon Blanc", "seo_name": "sauvignon-blanc", "has_detailed_info": true, "wines_count": 292440}], "foods": [{"id": 10, "name": "Pork", "background_image": {"location": "//images.vivino.com/backgrounds/foods/10_pork.png", "variations": {"small": "//images.vivino.com/backgrounds/foods/thumbs/10_pork_932x810.png"}}, "seo_name": "pork"}, {"id": 19, "name": "Vegetarian", "background_image": {"location": "//images.vivino.com/backgrounds/foods/19_vegetarian.png", "variations": {"small": "//images.vivino.com/backgrounds/foods/thumbs/19_vegetarian_932x810.png"}}, "seo_name": "vegetarian"}, {"id": 20, "name": "Poultry", "background_image": {"location": "//images.vivino.com/backgrounds/foods/20_chicken.png", "variations": {"small": "//images.vivino.com/backgrounds/foods/thumbs/20_chicken_932x810.png"}}, "seo_name": "poultry"}, {"id": 27, "name": "Appetizers and snacks", "background_image": {"location": "//images.vivino.com/backgrounds/foods/27_appetizers-snacks.png", "variations": {"small": "//images.vivino.com/backgrounds/foods/thumbs/27_appetizers-snacks_932x810.png"}}, "seo_name": null}, {"id": 28, "name": "Lean fish", "background_image": {"location": "//images.vivino.com/backgrounds/foods/28_leanfish.png", "variations": {"small": "//images.vivino.com/backgrounds/foods/thumbs/28_leanfish_932x810.png"}}, "seo_name": null}], "non_vintage": false, "alcohol": 0, "sweetness_id": null, "closure": null, "vintage_mask_raw": null, "updated_at": "2019-04-11T22:21:10Z", "created_at": "2009-08-24T09:26:53Z", "is_first_wine": true, "style": {"id": 21, "seo_name": "bordeaux-white", "regional_name": "Bordeaux", "varietal_name": "White", "name": "Bordeaux White", "image": null, "background_image": null, "description": "Bordeaux is the largest wine producing region in France and is home to some seriously fabulous wines. While Bordeaux is better-known for its reds, or as the British affectionately call them, clarets, its whites are world class too.\n\nWhite wine production in Bordeaux is rather sparse, as compared with reds, and comprises roughly 11% of overall volume. But don't worry, that's still over 7 million cases of white wine!\n\nAs with the reds, Bordeaux Blanc are mostly blends. The most common variety is S\u00e9millon, followed by Sauvignon Blanc and Muscadelle. Bordeaux is also home to some of the most famous dessert wines in the world, from the renowned Sauternes sub-appellation and Barsac.\n\nThe best dry white wines are from the Graves region, and are usually lightly oak aged. White Bordeaux often possess vibrant acidity and elegant citrus notes that lean toward white grapefruit. These brilliant, charming whites are exquisite when paired with scallops, roast chicken with tarragon, asparagus quiche or salads with shaved fennel.\n\nSauternes owe their characteristic depth and concentration to Botrytis cinerea (or Noble Rot, an infection which causes the grapes to shrivel). The quintessential French pairing with Sauternes is foie gras, or duck pat\u00e9. Soft-ripened cheeses and desserts like cr\u00e8me br\u00fbl\u00e9e are excellent matches. The sweet wines from Barsac are worth exploring, and tend to be less expensive.", "blurb": null, "interesting_facts": ["The most prized dry white Bordeaux is from Ch\u00e2teau Haut-Brion and will fetch more than $1000 per bottle in a good vintage year.", "Ch\u00e2teau d'Yquem is the only Sauternes classified as a First Growth (or Premier Cru Sup\u00e9rieur).", "Thomas Jefferson was fond of Ch\u00e2teau d'Yquem, he personally ordered 250 bottles of the 1784 vintage, as well as additional bottles for George Washington.", "In 2011 a single bottle of 1811 Ch\u00e2teau d'Yquem was auctioned for $117,000, making it the most expensive white wine ever sold!"], "body": 3, "body_description": "Medium-bodied", "acidity": 3, "acidity_description": "High", "country": {"code": "fr", "name": "France", "native_name": "France", "seo_name": "france", "currency": {"code": "EUR", "name": "Euros", "prefix": "\u20ac", "suffix": null}, "regions_count": 1292, "users_count": 5068363, "wines_count": 542471, "wineries_count": 67002, "most_used_grapes": [{"id": 14, "name": "Pinot Noir", "seo_name": "pinot-noir", "has_detailed_info": true, "wines_count": 572334}, {"id": 10, "name": "Merlot", "seo_name": "merlot", "has_detailed_info": true, "wines_count": 566719}, {"id": 5, "name": "Chardonnay", "seo_name": "chardonnay", "has_detailed_info": true, "wines_count": 604208}]}, "wine_type_id": 2, "food": [{"id": 10, "name": "Pork", "background_image": {"location": "//images.vivino.com/backgrounds/foods/10_pork.png", "variations": {"small": "//images.vivino.com/backgrounds/foods/thumbs/10_pork_932x810.png"}}, "seo_name": "pork"}, {"id": 19, "name": "Vegetarian", "background_image": {"location": "//images.vivino.com/backgrounds/foods/19_vegetarian.png", "variations": {"small": "//images.vivino.com/backgrounds/foods/thumbs/19_vegetarian_932x810.png"}}, "seo_name": "vegetarian"}, {"id": 20, "name": "Poultry", "background_image": {"location": "//images.vivino.com/backgrounds/foods/20_chicken.png", "variations": {"small": "//images.vivino.com/backgrounds/foods/thumbs/20_chicken_932x810.png"}}, "seo_name": "poultry"}, {"id": 27, "name": "Appetizers and snacks", "background_image": {"location": "//images.vivino.com/backgrounds/foods/27_appetizers-snacks.png", "variations": {"small": "//images.vivino.com/backgrounds/foods/thumbs/27_appetizers-snacks_932x810.png"}}, "seo_name": null}, {"id": 28, "name": "Lean fish", "background_image": {"location": "//images.vivino.com/backgrounds/foods/28_leanfish.png", "variations": {"small": "//images.vivino.com/backgrounds/foods/thumbs/28_leanfish_932x810.png"}}, "seo_name": null}], "grapes": [{"id": 17, "name": "Sauvignon Blanc", "seo_name": "sauvignon-blanc", "has_detailed_info": true, "wines_count": 292440}, {"id": 18, "name": "S\u00e9millon", "seo_name": "semillion", "has_detailed_info": true, "wines_count": 65710}, {"id": 89, "name": "Muscadelle", "seo_name": "muscadelle", "has_detailed_info": false, "wines_count": 10051}], "region": {"id": 383, "name": "Bordeaux", "name_en": "", "seo_name": "bordeaux", "country": {"code": "fr", "name": "France", "native_name": "France", "seo_name": "france", "currency": {"code": "EUR", "name": "Euros", "prefix": "\u20ac", "suffix": null}, "regions_count": 1292, "users_count": 5068363, "wines_count": 542471, "wineries_count": 67002, "most_used_grapes": [{"id": 14, "name": "Pinot Noir", "seo_name": "pinot-noir", "has_detailed_info": true, "wines_count": 572334}, {"id": 10, "name": "Merlot", "seo_name": "merlot", "has_detailed_info": true, "wines_count": 566719}, {"id": 5, "name": "Chardonnay", "seo_name": "chardonnay", "has_detailed_info": true, "wines_count": 604208}]}, "parent_id": null, "background_image": {"location": "//images.vivino.com/regions/backgrounds/sbzA7h1ITnaHABaVqWJ4CA.jpg", "variations": {"large": "//thumbs.vivino.com/region_backgrounds/sbzA7h1ITnaHABaVqWJ4CA_1280x760.jpg", "medium": "//thumbs.vivino.com/region_backgrounds/sbzA7h1ITnaHABaVqWJ4CA_600x356.jpg"}}, "class": {"typecast_map": {"background_image": {}, "class": {}}}, "statistics": {"wineries_count": 13330, "wines_count": 41775, "sub_regions_count": 12, "parent_regions_count": 0}}}, "has_valid_ratings": true}, "description": "", "wine_critic_reviews": [], "awards": [], "ratings_distribution": {"1": 7, "2": 46, "3": 382, "4": 529, "5": 54}, "ranking": {"country": {"description": "Rank within France", "total": 2497588, "rank": 241505}, "region": {"description": "Rank within Wine Region", "total": 8379, "rank": 2073}, "winery": {"description": "Rank within Winery", "total": 96, "rank": 28}, "global": {"description": "Global Rank", "total": 8944614, "rank": 872779}}, "wine_facts": {}, "winemaker": null, "wine_maker": null, "grape_composition": {"17": 100}, "year": "", "grapes": [{"id": 17, "name": "Sauvignon Blanc", "seo_name": "sauvignon-blanc", "has_detailed_info": true, "wines_count": 292440}], "has_valid_ratings": true}, "carts": null, "full_region": null, "tastes": null, "wine": {"id": 73561, "name": "Pessac-L\u00e9ognan Blanc", "seo_name": "pessac-leognan-blanc", "type_id": 2, "vintage_type": 0, "is_natural": false, "region": {"id": 471, "name": "Pessac-L\u00e9ognan", "name_en": "", "seo_name": "pessac-leognan", "country": {"code": "fr", "name": "France", "native_name": "France", "seo_name": "france", "currency": {"code": "EUR", "name": "Euros", "prefix": "\u20ac", "suffix": null}, "regions_count": 1292, "users_count": 5068363, "wines_count": 542471, "wineries_count": 67002, "most_used_grapes": [{"id": 14, "name": "Pinot Noir", "seo_name": "pinot-noir", "has_detailed_info": true, "wines_count": 572334}, {"id": 10, "name": "Merlot", "seo_name": "merlot", "has_detailed_info": true, "wines_count": 566719}, {"id": 5, "name": "Chardonnay", "seo_name": "chardonnay", "has_detailed_info": true, "wines_count": 604208}]}, "parent_id": 451, "background_image": {"location": "//images.vivino.com/regions/backgrounds/yXeD5eTJT4uruJ9EMbWOKg.jpg", "variations": {"large": "//thumbs.vivino.com/region_backgrounds/yXeD5eTJT4uruJ9EMbWOKg_1280x760.jpg", "medium": "//thumbs.vivino.com/region_backgrounds/yXeD5eTJT4uruJ9EMbWOKg_600x356.jpg"}}, "class": {"typecast_map": {"background_image": {}, "class": {}}}, "statistics": {"wineries_count": 114, "wines_count": 538, "sub_regions_count": 0, "parent_regions_count": 2}}, "review_status": 2, "winery": {"id": 3708, "name": "Ch\u00e2teau de Rochemorin", "seo_name": "chateau-de-rochemorin", "status": 0, "review_status": "Completed", "background_image": null, "statistics": {"ratings_count": 9374, "ratings_average": 3.9, "labels_count": 89779, "wines_count": 3}, "region": {"id": 471, "name": "Pessac-L\u00e9ognan", "name_en": "", "seo_name": "pessac-leognan", "country": {"code": "fr", "name": "France", "native_name": "France", "seo_name": "france", "currency": {"code": "EUR", "name": "Euros", "prefix": "\u20ac", "suffix": null}, "regions_count": 1292, "users_count": 5068363, "wines_count": 542471, "wineries_count": 67002, "most_used_grapes": [{"id": 14, "name": "Pinot Noir", "seo_name": "pinot-noir", "has_detailed_info": true, "wines_count": 572334}, {"id": 10, "name": "Merlot", "seo_name": "merlot", "has_detailed_info": true, "wines_count": 566719}, {"id": 5, "name": "Chardonnay", "seo_name": "chardonnay", "has_detailed_info": true, "wines_count": 604208}]}, "parent_id": 451, "background_image": {"location": "//images.vivino.com/regions/backgrounds/yXeD5eTJT4uruJ9EMbWOKg.jpg", "variations": {"large": "//thumbs.vivino.com/region_backgrounds/yXeD5eTJT4uruJ9EMbWOKg_1280x760.jpg", "medium": "//thumbs.vivino.com/region_backgrounds/yXeD5eTJT4uruJ9EMbWOKg_600x356.jpg"}}, "class": {"typecast_map": {"background_image": {}, "class": {}}}, "statistics": {"wineries_count": 114, "wines_count": 538, "sub_regions_count": 0, "parent_regions_count": 2}}}, "image": {"location": "//images.vivino.com/thumbs/yn36fRUqTgO1VcrHm5IHFw_pl_480x640.png", "variations": {"bottle_large": "//images.vivino.com/thumbs/yn36fRUqTgO1VcrHm5IHFw_pb_x960.png", "bottle_medium": "//images.vivino.com/thumbs/yn36fRUqTgO1VcrHm5IHFw_pb_x600.png", "bottle_medium_square": "//images.vivino.com/thumbs/yn36fRUqTgO1VcrHm5IHFw_pb_600x600.png", "bottle_small": "//images.vivino.com/thumbs/yn36fRUqTgO1VcrHm5IHFw_pb_x300.png", "bottle_small_square": "//images.vivino.com/thumbs/yn36fRUqTgO1VcrHm5IHFw_pb_300x300.png", "label": "//images.vivino.com/thumbs/yn36fRUqTgO1VcrHm5IHFw_pl_480x640.png", "label_large": "//images.vivino.com/thumbs/yn36fRUqTgO1VcrHm5IHFw_pl_375x500.png", "label_medium": "//images.vivino.com/thumbs/yn36fRUqTgO1VcrHm5IHFw_pl_150x200.png", "label_medium_square": "//images.vivino.com/thumbs/yn36fRUqTgO1VcrHm5IHFw_pl_150x150.png", "label_small_square": "//images.vivino.com/thumbs/yn36fRUqTgO1VcrHm5IHFw_pl_80x80.png", "large": "//images.vivino.com/thumbs/yn36fRUqTgO1VcrHm5IHFw_pl_375x500.png", "medium": "//images.vivino.com/thumbs/yn36fRUqTgO1VcrHm5IHFw_pl_150x200.png", "medium_square": "//images.vivino.com/thumbs/yn36fRUqTgO1VcrHm5IHFw_pl_150x150.png", "small_square": "//images.vivino.com/thumbs/yn36fRUqTgO1VcrHm5IHFw_pl_80x80.png"}}, "statistics": {"status": "Normal", "ratings_count": 1018, "ratings_average": 3.7, "labels_count": 2344, "vintages_count": 37}, "rank": null, "hidden": false, "vintages": [{"id": 167740036, "seo_name": "chateau-de-rochemorin-pessac-leognan-blanc-2019", "name": "Ch\u00e2teau de Rochemorin Pessac-L\u00e9ognan Blanc 2019", "statistics": {"status": "BelowThreshold", "ratings_count": 2, "ratings_average": 0, "labels_count": 9, "reviews_count": 2}, "year": 2019, "grapes": null, "has_valid_ratings": false}, {"id": 161660027, "seo_name": "chateau-de-rochemorin-pessac-leognan-blanc-2018", "name": "Ch\u00e2teau de Rochemorin Pessac-L\u00e9ognan Blanc 2018", "statistics": {"status": "Normal", "ratings_count": 27, "ratings_average": 3.8, "labels_count": 69, "reviews_count": 16}, "year": 2018, "grapes": null, "has_valid_ratings": true}, {"id": 155667854, "seo_name": "chateau-de-rochemorin-pessac-leognan-blanc-2017", "name": "Ch\u00e2teau de Rochemorin Pessac-L\u00e9ognan Blanc 2017", "statistics": {"status": "Normal", "ratings_count": 19, "ratings_average": 3.9, "labels_count": 46, "reviews_count": 9}, "year": 2017, "grapes": null, "has_valid_ratings": true}, {"id": 145571593, "seo_name": "chateau-de-rochemorin-pessac-leognan-blanc-2016", "name": "Ch\u00e2teau de Rochemorin Pessac-L\u00e9ognan Blanc 2016", "statistics": {"status": "Normal", "ratings_count": 122, "ratings_average": 3.7, "labels_count": 202, "reviews_count": 83}, "year": 2016, "grapes": null, "has_valid_ratings": true}, {"id": 62806675, "seo_name": "chateau-de-rochemorin-pessac-leognan-blanc-2015", "name": "Ch\u00e2teau de Rochemorin Pessac-L\u00e9ognan Blanc 2015", "statistics": {"status": "Normal", "ratings_count": 109, "ratings_average": 3.9, "labels_count": 227, "reviews_count": 58}, "year": 2015, "grapes": null, "has_valid_ratings": true}, {"id": 93149398, "seo_name": "chateau-de-rochemorin-pessac-leognan-blanc-2014", "name": "Ch\u00e2teau de Rochemorin Pessac-L\u00e9ognan Blanc 2014", "statistics": {"status": "Normal", "ratings_count": 128, "ratings_average": 3.8, "labels_count": 269, "reviews_count": 75}, "year": 2014, "grapes": null, "has_valid_ratings": true}, {"id": 35124468, "seo_name": "chateau-de-rochemorin-pessac-leognan-blanc-2013", "name": "Ch\u00e2teau de Rochemorin Pessac-L\u00e9ognan Blanc 2013", "statistics": {"status": "Normal", "ratings_count": 75, "ratings_average": 3.8, "labels_count": 141, "reviews_count": 37}, "year": 2013, "grapes": null, "has_valid_ratings": true}, {"id": 4348865, "seo_name": "chateau-de-rochemorin-pessac-leognan-blanc-2012", "name": "Ch\u00e2teau de Rochemorin Pessac-L\u00e9ognan Blanc 2012", "statistics": {"status": "Normal", "ratings_count": 73, "ratings_average": 3.7, "labels_count": 184, "reviews_count": 40}, "year": 2012, "grapes": null, "has_valid_ratings": true}, {"id": 4105205, "seo_name": "chateau-de-rochemorin-pessac-leognan-blanc-2011", "name": "Ch\u00e2teau de Rochemorin Pessac-L\u00e9ognan Blanc 2011", "statistics": {"status": "Normal", "ratings_count": 70, "ratings_average": 3.6, "labels_count": 179, "reviews_count": 31}, "year": 2011, "grapes": null, "has_valid_ratings": true}, {"id": 2063179, "seo_name": "chateau-de-rochemorin-pessac-leognan-blanc-2010", "name": "Ch\u00e2teau de Rochemorin Pessac-L\u00e9ognan Blanc 2010", "statistics": {"status": "Normal", "ratings_count": 101, "ratings_average": 3.7, "labels_count": 433, "reviews_count": 44}, "year": 2010, "grapes": null, "has_valid_ratings": true}, {"id": 2154284, "seo_name": "chateau-de-rochemorin-pessac-leognan-blanc-2009", "name": "Ch\u00e2teau de Rochemorin Pessac-L\u00e9ognan Blanc 2009", "statistics": {"status": "Normal", "ratings_count": 93, "ratings_average": 3.6, "labels_count": 180, "reviews_count": 45}, "year": 2009, "grapes": null, "has_valid_ratings": true}, {"id": 1362545, "seo_name": "chateau-de-rochemorin-pessac-leognan-blanc-2008", "name": "Ch\u00e2teau de Rochemorin Pessac-L\u00e9ognan Blanc 2008", "statistics": {"status": "Normal", "ratings_count": 30, "ratings_average": 3.3, "labels_count": 83, "reviews_count": 12}, "year": 2008, "grapes": null, "has_valid_ratings": true}, {"id": 2078081, "seo_name": "chateau-de-rochemorin-pessac-leognan-blanc-2007", "name": "Ch\u00e2teau de Rochemorin Pessac-L\u00e9ognan Blanc 2007", "statistics": {"status": "Normal", "ratings_count": 20, "ratings_average": 3.4, "labels_count": 81, "reviews_count": 10}, "year": 2007, "grapes": null, "has_valid_ratings": true}, {"id": 80638, "seo_name": "chateau-de-rochemorin-pessac-leognan-blanc-2006", "name": "Ch\u00e2teau de Rochemorin Pessac-L\u00e9ognan Blanc 2006", "statistics": {"status": "Normal", "ratings_count": 25, "ratings_average": 3.9, "labels_count": 60, "reviews_count": 11}, "year": 2006, "grapes": null, "has_valid_ratings": true}, {"id": 13392276, "seo_name": "chateau-de-rochemorin-pessac-leognan-blanc-2005", "name": "Ch\u00e2teau de Rochemorin Pessac-L\u00e9ognan Blanc 2005", "statistics": {"status": "Normal", "ratings_count": 13, "ratings_average": 4, "labels_count": 53, "reviews_count": 8}, "year": 2005, "grapes": null, "has_valid_ratings": true}, {"id": 6642439, "seo_name": "chateau-de-rochemorin-pessac-leognan-blanc-2004", "name": "Ch\u00e2teau de Rochemorin Pessac-L\u00e9ognan Blanc 2004", "statistics": {"status": "BelowThreshold", "ratings_count": 2, "ratings_average": 0, "labels_count": 15, "reviews_count": 2}, "year": 2004, "grapes": null, "has_valid_ratings": false}, {"id": 1695584, "seo_name": "chateau-de-rochemorin-pessac-leognan-blanc-2003", "name": "Ch\u00e2teau de Rochemorin Pessac-L\u00e9ognan Blanc 2003", "statistics": {"status": "BelowThreshold", "ratings_count": 2, "ratings_average": 0, "labels_count": 12, "reviews_count": 2}, "year": 2003, "grapes": null, "has_valid_ratings": false}, {"id": 24295254, "seo_name": "chateau-de-rochemorin-pessac-leognan-blanc-2002", "name": "Ch\u00e2teau de Rochemorin Pessac-L\u00e9ognan Blanc 2002", "statistics": {"status": "BelowThreshold", "ratings_count": 1, "ratings_average": 0, "labels_count": 2, "reviews_count": 1}, "year": 2002, "grapes": null, "has_valid_ratings": false}, {"id": 6617841, "seo_name": "chateau-de-rochemorin-pessac-leognan-blanc-2001", "name": "Ch\u00e2teau de Rochemorin Pessac-L\u00e9ognan Blanc 2001", "statistics": {"status": "BelowThreshold", "ratings_count": 1, "ratings_average": 0, "labels_count": 4, "reviews_count": 0}, "year": 2001, "grapes": null, "has_valid_ratings": false}, {"id": 3859884, "seo_name": "chateau-de-rochemorin-pessac-leognan-blanc-2000", "name": "Ch\u00e2teau de Rochemorin Pessac-L\u00e9ognan Blanc 2000", "statistics": {"status": "BelowThreshold", "ratings_count": 0, "ratings_average": 0, "labels_count": 1, "reviews_count": 0}, "year": 2000, "grapes": null, "has_valid_ratings": false}, {"id": 7447339, "seo_name": "chateau-de-rochemorin-pessac-leognan-blanc-1998", "name": "Ch\u00e2teau de Rochemorin Pessac-L\u00e9ognan Blanc 1998", "statistics": {"status": "BelowThreshold", "ratings_count": 1, "ratings_average": 0, "labels_count": 1, "reviews_count": 1}, "year": 1998, "grapes": null, "has_valid_ratings": false}, {"id": 17224912, "seo_name": "chateau-de-rochemorin-pessac-leognan-blanc-1997", "name": "Ch\u00e2teau de Rochemorin Pessac-L\u00e9ognan Blanc 1997", "statistics": {"status": "BelowThreshold", "ratings_count": 0, "ratings_average": 0, "labels_count": 1, "reviews_count": 0}, "year": 1997, "grapes": null, "has_valid_ratings": false}, {"id": 16359635, "seo_name": "chateau-de-rochemorin-pessac-leognan-blanc-1996", "name": "Ch\u00e2teau de Rochemorin Pessac-L\u00e9ognan Blanc 1996", "statistics": {"status": "BelowThreshold", "ratings_count": 0, "ratings_average": 0, "labels_count": 0, "reviews_count": 0}, "year": 1996, "grapes": null, "has_valid_ratings": false}, {"id": 6997932, "seo_name": "chateau-de-rochemorin-pessac-leognan-blanc-1995", "name": "Ch\u00e2teau de Rochemorin Pessac-L\u00e9ognan Blanc 1995", "statistics": {"status": "BelowThreshold", "ratings_count": 0, "ratings_average": 0, "labels_count": 1, "reviews_count": 0}, "year": 1995, "grapes": null, "has_valid_ratings": false}, {"id": 2157946, "seo_name": "chateau-de-rochemorin-pessac-leognan-blanc-1994", "name": "Ch\u00e2teau de Rochemorin Pessac-L\u00e9ognan Blanc 1994", "statistics": {"status": "BelowThreshold", "ratings_count": 0, "ratings_average": 0, "labels_count": 4, "reviews_count": 0}, "year": 1994, "grapes": null, "has_valid_ratings": false}, {"id": 79143277, "seo_name": "chateau-de-rochemorin-pessac-leognan-blanc-1993", "name": "Ch\u00e2teau de Rochemorin Pessac-L\u00e9ognan Blanc 1993", "statistics": {"status": "BelowThreshold", "ratings_count": 2, "ratings_average": 0, "labels_count": 2, "reviews_count": 0}, "year": 1993, "grapes": null, "has_valid_ratings": false}, {"id": 15957860, "seo_name": "chateau-de-rochemorin-pessac-leognan-blanc-1992", "name": "Ch\u00e2teau de Rochemorin Pessac-L\u00e9ognan Blanc 1992", "statistics": {"status": "BelowThreshold", "ratings_count": 1, "ratings_average": 0, "labels_count": 1, "reviews_count": 0}, "year": 1992, "grapes": null, "has_valid_ratings": false}, {"id": 16359646, "seo_name": "chateau-de-rochemorin-pessac-leognan-blanc-1991", "name": "Ch\u00e2teau de Rochemorin Pessac-L\u00e9ognan Blanc 1991", "statistics": {"status": "BelowThreshold", "ratings_count": 0, "ratings_average": 0, "labels_count": 0, "reviews_count": 0}, "year": 1991, "grapes": null, "has_valid_ratings": false}, {"id": 16359638, "seo_name": "chateau-de-rochemorin-pessac-leognan-blanc-1990", "name": "Ch\u00e2teau de Rochemorin Pessac-L\u00e9ognan Blanc 1990", "statistics": {"status": "BelowThreshold", "ratings_count": 0, "ratings_average": 0, "labels_count": 0, "reviews_count": 0}, "year": 1990, "grapes": null, "has_valid_ratings": false}, {"id": 15851521, "seo_name": "chateau-de-rochemorin-pessac-leognan-blanc-1989", "name": "Ch\u00e2teau de Rochemorin Pessac-L\u00e9ognan Blanc 1989", "statistics": {"status": "BelowThreshold", "ratings_count": 2, "ratings_average": 0, "labels_count": 1, "reviews_count": 2}, "year": 1989, "grapes": null, "has_valid_ratings": false}, {"id": 16359645, "seo_name": "chateau-de-rochemorin-pessac-leognan-blanc-1988", "name": "Ch\u00e2teau de Rochemorin Pessac-L\u00e9ognan Blanc 1988", "statistics": {"status": "BelowThreshold", "ratings_count": 0, "ratings_average": 0, "labels_count": 0, "reviews_count": 0}, "year": 1988, "grapes": null, "has_valid_ratings": false}, {"id": 16359642, "seo_name": "chateau-de-rochemorin-pessac-leognan-blanc-1987", "name": "Ch\u00e2teau de Rochemorin Pessac-L\u00e9ognan Blanc 1987", "statistics": {"status": "BelowThreshold", "ratings_count": 0, "ratings_average": 0, "labels_count": 0, "reviews_count": 0}, "year": 1987, "grapes": null, "has_valid_ratings": false}, {"id": 1926211, "seo_name": "chateau-de-rochemorin-pessac-leognan-blanc-1986", "name": "Ch\u00e2teau de Rochemorin Pessac-L\u00e9ognan Blanc 1986", "statistics": {"status": "BelowThreshold", "ratings_count": 3, "ratings_average": 0, "labels_count": 5, "reviews_count": 2}, "year": 1986, "grapes": null, "has_valid_ratings": false}, {"id": 163605439, "seo_name": "chateau-de-rochemorin-pessac-leognan-blanc-1985", "name": "Ch\u00e2teau de Rochemorin Pessac-L\u00e9ognan Blanc 1985", "statistics": {"status": "BelowThreshold", "ratings_count": 0, "ratings_average": 0, "labels_count": 0, "reviews_count": 0}, "year": 1985, "grapes": null, "has_valid_ratings": false}, {"id": 160073367, "seo_name": "chateau-de-rochemorin-pessac-leognan-blanc-1984", "name": "Ch\u00e2teau de Rochemorin Pessac-L\u00e9ognan Blanc 1984", "statistics": {"status": "BelowThreshold", "ratings_count": 1, "ratings_average": 0, "labels_count": 1, "reviews_count": 0}, "year": 1984, "grapes": null, "has_valid_ratings": false}, {"id": 19331977, "seo_name": "chateau-de-rochemorin-pessac-leognan-blanc-1982", "name": "Ch\u00e2teau de Rochemorin Pessac-L\u00e9ognan Blanc 1982", "statistics": {"status": "BelowThreshold", "ratings_count": 0, "ratings_average": 0, "labels_count": 0, "reviews_count": 0}, "year": 1982, "grapes": null, "has_valid_ratings": false}, {"id": 4759181, "seo_name": "chateau-de-rochemorin-pessac-leognan-blanc-uv", "name": "Ch\u00e2teau de Rochemorin Pessac-L\u00e9ognan Blanc", "statistics": {"status": "Normal", "ratings_count": 1018, "ratings_average": 3.7, "labels_count": 38, "reviews_count": 40}, "year": 0, "grapes": null, "has_valid_ratings": true}], "description": "On the palate, this wine is soft, harmonious and offers us a beautiful aromatic expression (apricot, peach, lemon which slip some iodine notes in the final). Of great freshness, this 2013 is definitely a \"fun wine\" we gladly will taste a seafood platter, a swordfish carpaccio or just a nice cheese plate.", "grapes": [{"id": 18, "name": "S\u00e9millon", "seo_name": "semillion", "has_detailed_info": true, "wines_count": 65710}, {"id": 300, "name": "Sauvignon Gris", "seo_name": "sauvignon-gris", "has_detailed_info": false, "wines_count": 4781}, {"id": 17, "name": "Sauvignon Blanc", "seo_name": "sauvignon-blanc", "has_detailed_info": true, "wines_count": 292440}], "foods": [{"id": 10, "name": "Pork", "background_image": {"location": "//images.vivino.com/backgrounds/foods/10_pork.png", "variations": {"small": "//images.vivino.com/backgrounds/foods/thumbs/10_pork_932x810.png"}}, "seo_name": "pork"}, {"id": 19, "name": "Vegetarian", "background_image": {"location": "//images.vivino.com/backgrounds/foods/19_vegetarian.png", "variations": {"small": "//images.vivino.com/backgrounds/foods/thumbs/19_vegetarian_932x810.png"}}, "seo_name": "vegetarian"}, {"id": 20, "name": "Poultry", "background_image": {"location": "//images.vivino.com/backgrounds/foods/20_chicken.png", "variations": {"small": "//images.vivino.com/backgrounds/foods/thumbs/20_chicken_932x810.png"}}, "seo_name": "poultry"}, {"id": 27, "name": "Appetizers and snacks", "background_image": {"location": "//images.vivino.com/backgrounds/foods/27_appetizers-snacks.png", "variations": {"small": "//images.vivino.com/backgrounds/foods/thumbs/27_appetizers-snacks_932x810.png"}}, "seo_name": null}, {"id": 28, "name": "Lean fish", "background_image": {"location": "//images.vivino.com/backgrounds/foods/28_leanfish.png", "variations": {"small": "//images.vivino.com/backgrounds/foods/thumbs/28_leanfish_932x810.png"}}, "seo_name": null}], "non_vintage": false, "alcohol": 0, "sweetness_id": null, "closure": null, "vintage_mask_raw": null, "updated_at": "2019-04-11T22:21:10Z", "created_at": "2009-08-24T09:26:53Z", "is_first_wine": true, "style": {"id": 21, "seo_name": "bordeaux-white", "regional_name": "Bordeaux", "varietal_name": "White", "name": "Bordeaux White", "image": null, "background_image": null, "description": "Bordeaux is the largest wine producing region in France and is home to some seriously fabulous wines. While Bordeaux is better-known for its reds, or as the British affectionately call them, clarets, its whites are world class too.\n\nWhite wine production in Bordeaux is rather sparse, as compared with reds, and comprises roughly 11% of overall volume. But don't worry, that's still over 7 million cases of white wine!\n\nAs with the reds, Bordeaux Blanc are mostly blends. The most common variety is S\u00e9millon, followed by Sauvignon Blanc and Muscadelle. Bordeaux is also home to some of the most famous dessert wines in the world, from the renowned Sauternes sub-appellation and Barsac.\n\nThe best dry white wines are from the Graves region, and are usually lightly oak aged. White Bordeaux often possess vibrant acidity and elegant citrus notes that lean toward white grapefruit. These brilliant, charming whites are exquisite when paired with scallops, roast chicken with tarragon, asparagus quiche or salads with shaved fennel.\n\nSauternes owe their characteristic depth and concentration to Botrytis cinerea (or Noble Rot, an infection which causes the grapes to shrivel). The quintessential French pairing with Sauternes is foie gras, or duck pat\u00e9. Soft-ripened cheeses and desserts like cr\u00e8me br\u00fbl\u00e9e are excellent matches. The sweet wines from Barsac are worth exploring, and tend to be less expensive.", "blurb": null, "interesting_facts": ["The most prized dry white Bordeaux is from Ch\u00e2teau Haut-Brion and will fetch more than $1000 per bottle in a good vintage year.", "Ch\u00e2teau d'Yquem is the only Sauternes classified as a First Growth (or Premier Cru Sup\u00e9rieur).", "Thomas Jefferson was fond of Ch\u00e2teau d'Yquem, he personally ordered 250 bottles of the 1784 vintage, as well as additional bottles for George Washington.", "In 2011 a single bottle of 1811 Ch\u00e2teau d'Yquem was auctioned for $117,000, making it the most expensive white wine ever sold!"], "body": 3, "body_description": "Medium-bodied", "acidity": 3, "acidity_description": "High", "country": {"code": "fr", "name": "France", "native_name": "France", "seo_name": "france", "currency": {"code": "EUR", "name": "Euros", "prefix": "\u20ac", "suffix": null}, "regions_count": 1292, "users_count": 5068363, "wines_count": 542471, "wineries_count": 67002, "most_used_grapes": [{"id": 14, "name": "Pinot Noir", "seo_name": "pinot-noir", "has_detailed_info": true, "wines_count": 572334}, {"id": 10, "name": "Merlot", "seo_name": "merlot", "has_detailed_info": true, "wines_count": 566719}, {"id": 5, "name": "Chardonnay", "seo_name": "chardonnay", "has_detailed_info": true, "wines_count": 604208}]}, "wine_type_id": 2, "food": [{"id": 10, "name": "Pork", "background_image": {"location": "//images.vivino.com/backgrounds/foods/10_pork.png", "variations": {"small": "//images.vivino.com/backgrounds/foods/thumbs/10_pork_932x810.png"}}, "seo_name": "pork"}, {"id": 19, "name": "Vegetarian", "background_image": {"location": "//images.vivino.com/backgrounds/foods/19_vegetarian.png", "variations": {"small": "//images.vivino.com/backgrounds/foods/thumbs/19_vegetarian_932x810.png"}}, "seo_name": "vegetarian"}, {"id": 20, "name": "Poultry", "background_image": {"location": "//images.vivino.com/backgrounds/foods/20_chicken.png", "variations": {"small": "//images.vivino.com/backgrounds/foods/thumbs/20_chicken_932x810.png"}}, "seo_name": "poultry"}, {"id": 27, "name": "Appetizers and snacks", "background_image": {"location": "//images.vivino.com/backgrounds/foods/27_appetizers-snacks.png", "variations": {"small": "//images.vivino.com/backgrounds/foods/thumbs/27_appetizers-snacks_932x810.png"}}, "seo_name": null}, {"id": 28, "name": "Lean fish", "background_image": {"location": "//images.vivino.com/backgrounds/foods/28_leanfish.png", "variations": {"small": "//images.vivino.com/backgrounds/foods/thumbs/28_leanfish_932x810.png"}}, "seo_name": null}], "grapes": [{"id": 17, "name": "Sauvignon Blanc", "seo_name": "sauvignon-blanc", "has_detailed_info": true, "wines_count": 292440}, {"id": 18, "name": "S\u00e9millon", "seo_name": "semillion", "has_detailed_info": true, "wines_count": 65710}, {"id": 89, "name": "Muscadelle", "seo_name": "muscadelle", "has_detailed_info": false, "wines_count": 10051}], "region": {"id": 383, "name": "Bordeaux", "name_en": "", "seo_name": "bordeaux", "country": {"code": "fr", "name": "France", "native_name": "France", "seo_name": "france", "currency": {"code": "EUR", "name": "Euros", "prefix": "\u20ac", "suffix": null}, "regions_count": 1292, "users_count": 5068363, "wines_count": 542471, "wineries_count": 67002, "most_used_grapes": [{"id": 14, "name": "Pinot Noir", "seo_name": "pinot-noir", "has_detailed_info": true, "wines_count": 572334}, {"id": 10, "name": "Merlot", "seo_name": "merlot", "has_detailed_info": true, "wines_count": 566719}, {"id": 5, "name": "Chardonnay", "seo_name": "chardonnay", "has_detailed_info": true, "wines_count": 604208}]}, "parent_id": null, "background_image": {"location": "//images.vivino.com/regions/backgrounds/sbzA7h1ITnaHABaVqWJ4CA.jpg", "variations": {"large": "//thumbs.vivino.com/region_backgrounds/sbzA7h1ITnaHABaVqWJ4CA_1280x760.jpg", "medium": "//thumbs.vivino.com/region_backgrounds/sbzA7h1ITnaHABaVqWJ4CA_600x356.jpg"}}, "class": {"typecast_map": {"background_image": {}, "class": {}}}, "statistics": {"wineries_count": 13330, "wines_count": 41775, "sub_regions_count": 12, "parent_regions_count": 0}}}, "has_valid_ratings": true}, "highlights": [{"vintage_id": 13392276, "highlight_type": "best_user_rated", "message": "This vintage rates better than any other year for this wine", "icon": "https://images.vivino.com/highlights/icon/best_user_rated.svg", "metadata": {"price": null, "wine_id": 73561, "toplist": null, "ws_award": null, "critic_review_id": null, "ratings_average": 4, "ratings_count": 13, "vintage_year": "2005", "rank_type": null, "ranks": {"country": {"description": "Rank within France", "total": 2497588, "rank": 391508}, "region": {"description": "Rank within Wine Region", "total": 8379, "rank": 2826}, "winery": {"description": "Rank within Winery", "total": 96, "rank": 43}, "global": {"description": "Global Rank", "total": 8944614, "rank": 1407480}}, "style": {"id": 21, "seo_name": "bordeaux-white", "regional_name": "Bordeaux", "varietal_name": "White", "name": "Bordeaux White", "image": null, "background_image": null, "description": "Bordeaux is the largest wine producing region in France and is home to some seriously fabulous wines. While Bordeaux is better-known for its reds, or as the British affectionately call them, clarets, its whites are world class too.\n\nWhite wine production in Bordeaux is rather sparse, as compared with reds, and comprises roughly 11% of overall volume. But don't worry, that's still over 7 million cases of white wine!\n\nAs with the reds, Bordeaux Blanc are mostly blends. The most common variety is S\u00e9millon, followed by Sauvignon Blanc and Muscadelle. Bordeaux is also home to some of the most famous dessert wines in the world, from the renowned Sauternes sub-appellation and Barsac.\n\nThe best dry white wines are from the Graves region, and are usually lightly oak aged. White Bordeaux often possess vibrant acidity and elegant citrus notes that lean toward white grapefruit. These brilliant, charming whites are exquisite when paired with scallops, roast chicken with tarragon, asparagus quiche or salads with shaved fennel.\n\nSauternes owe their characteristic depth and concentration to Botrytis cinerea (or Noble Rot, an infection which causes the grapes to shrivel). The quintessential French pairing with Sauternes is foie gras, or duck pat\u00e9. Soft-ripened cheeses and desserts like cr\u00e8me br\u00fbl\u00e9e are excellent matches. The sweet wines from Barsac are worth exploring, and tend to be less expensive.", "blurb": null, "interesting_facts": ["The most prized dry white Bordeaux is from Ch\u00e2teau Haut-Brion and will fetch more than $1000 per bottle in a good vintage year.", "Ch\u00e2teau d'Yquem is the only Sauternes classified as a First Growth (or Premier Cru Sup\u00e9rieur).", "Thomas Jefferson was fond of Ch\u00e2teau d'Yquem, he personally ordered 250 bottles of the 1784 vintage, as well as additional bottles for George Washington.", "In 2011 a single bottle of 1811 Ch\u00e2teau d'Yquem was auctioned for $117,000, making it the most expensive white wine ever sold!"], "body": 3, "body_description": "Medium-bodied", "acidity": 3, "acidity_description": "High", "country": {"code": "fr", "name": "France", "native_name": "France", "seo_name": "france", "currency": {"code": "EUR", "name": "Euros", "prefix": "\u20ac", "suffix": null}, "regions_count": 1292, "users_count": 5068363, "wines_count": 542471, "wineries_count": 67002, "most_used_grapes": [{"id": 14, "name": "Pinot Noir", "seo_name": "pinot-noir", "has_detailed_info": true, "wines_count": 572334}, {"id": 10, "name": "Merlot", "seo_name": "merlot", "has_detailed_info": true, "wines_count": 566719}, {"id": 5, "name": "Chardonnay", "seo_name": "chardonnay", "has_detailed_info": true, "wines_count": 604208}]}, "wine_type_id": 2, "food": [{"id": 10, "name": "Pork", "background_image": {"location": "//images.vivino.com/backgrounds/foods/10_pork.png", "variations": {"small": "//images.vivino.com/backgrounds/foods/thumbs/10_pork_932x810.png"}}, "seo_name": "pork"}, {"id": 19, "name": "Vegetarian", "background_image": {"location": "//images.vivino.com/backgrounds/foods/19_vegetarian.png", "variations": {"small": "//images.vivino.com/backgrounds/foods/thumbs/19_vegetarian_932x810.png"}}, "seo_name": "vegetarian"}, {"id": 20, "name": "Poultry", "background_image": {"location": "//images.vivino.com/backgrounds/foods/20_chicken.png", "variations": {"small": "//images.vivino.com/backgrounds/foods/thumbs/20_chicken_932x810.png"}}, "seo_name": "poultry"}, {"id": 27, "name": "Appetizers and snacks", "background_image": {"location": "//images.vivino.com/backgrounds/foods/27_appetizers-snacks.png", "variations": {"small": "//images.vivino.com/backgrounds/foods/thumbs/27_appetizers-snacks_932x810.png"}}, "seo_name": null}, {"id": 28, "name": "Lean fish", "background_image": {"location": "//images.vivino.com/backgrounds/foods/28_leanfish.png", "variations": {"small": "//images.vivino.com/backgrounds/foods/thumbs/28_leanfish_932x810.png"}}, "seo_name": null}], "grapes": [{"id": 17, "name": "Sauvignon Blanc", "seo_name": "sauvignon-blanc", "has_detailed_info": true, "wines_count": 292440}, {"id": 18, "name": "S\u00e9millon", "seo_name": "semillion", "has_detailed_info": true, "wines_count": 65710}, {"id": 89, "name": "Muscadelle", "seo_name": "muscadelle", "has_detailed_info": false, "wines_count": 10051}], "region": {"id": 383, "name": "Bordeaux", "name_en": "", "seo_name": "bordeaux", "country": {"code": "fr", "name": "France", "native_name": "France", "seo_name": "france", "currency": {"code": "EUR", "name": "Euros", "prefix": "\u20ac", "suffix": null}, "regions_count": 1292, "users_count": 5068363, "wines_count": 542471, "wineries_count": 67002, "most_used_grapes": [{"id": 14, "name": "Pinot Noir", "seo_name": "pinot-noir", "has_detailed_info": true, "wines_count": 572334}, {"id": 10, "name": "Merlot", "seo_name": "merlot", "has_detailed_info": true, "wines_count": 566719}, {"id": 5, "name": "Chardonnay", "seo_name": "chardonnay", "has_detailed_info": true, "wines_count": 604208}]}, "parent_id": null, "background_image": {"location": "//images.vivino.com/regions/backgrounds/sbzA7h1ITnaHABaVqWJ4CA.jpg", "variations": {"large": "//thumbs.vivino.com/region_backgrounds/sbzA7h1ITnaHABaVqWJ4CA_1280x760.jpg", "medium": "//thumbs.vivino.com/region_backgrounds/sbzA7h1ITnaHABaVqWJ4CA_600x356.jpg"}}, "class": {"typecast_map": {"background_image": {}, "class": {}}}, "statistics": {"wineries_count": 13330, "wines_count": 41775, "sub_regions_count": 12, "parent_regions_count": 0}}}}, "vintage_year": 2005}, {"vintage_id": 93149398, "highlight_type": "most_user_rated", "message": "Popular among Vivino users. More than 100 ratings", "icon": "https://images.vivino.com/highlights/icon/most_user_rated.svg", "metadata": {"price": null, "wine_id": 73561, "toplist": null, "ws_award": null, "critic_review_id": null, "ratings_average": 3.8, "ratings_count": 128, "vintage_year": "2014", "rank_type": "global", "ranks": {"country": {"description": "Rank within France", "total": 2497588, "rank": 187817}, "region": {"description": "Rank within Wine Region", "total": 8379, "rank": 1789}, "winery": {"description": "Rank within Winery", "total": 96, "rank": 23}, "global": {"description": "Global Rank", "total": 8944614, "rank": 689420}}, "style": {"id": 21, "seo_name": "bordeaux-white", "regional_name": "Bordeaux", "varietal_name": "White", "name": "Bordeaux White", "image": null, "background_image": null, "description": "Bordeaux is the largest wine producing region in France and is home to some seriously fabulous wines. While Bordeaux is better-known for its reds, or as the British affectionately call them, clarets, its whites are world class too.\n\nWhite wine production in Bordeaux is rather sparse, as compared with reds, and comprises roughly 11% of overall volume. But don't worry, that's still over 7 million cases of white wine!\n\nAs with the reds, Bordeaux Blanc are mostly blends. The most common variety is S\u00e9millon, followed by Sauvignon Blanc and Muscadelle. Bordeaux is also home to some of the most famous dessert wines in the world, from the renowned Sauternes sub-appellation and Barsac.\n\nThe best dry white wines are from the Graves region, and are usually lightly oak aged. White Bordeaux often possess vibrant acidity and elegant citrus notes that lean toward white grapefruit. These brilliant, charming whites are exquisite when paired with scallops, roast chicken with tarragon, asparagus quiche or salads with shaved fennel.\n\nSauternes owe their characteristic depth and concentration to Botrytis cinerea (or Noble Rot, an infection which causes the grapes to shrivel). The quintessential French pairing with Sauternes is foie gras, or duck pat\u00e9. Soft-ripened cheeses and desserts like cr\u00e8me br\u00fbl\u00e9e are excellent matches. The sweet wines from Barsac are worth exploring, and tend to be less expensive.", "blurb": null, "interesting_facts": ["The most prized dry white Bordeaux is from Ch\u00e2teau Haut-Brion and will fetch more than $1000 per bottle in a good vintage year.", "Ch\u00e2teau d'Yquem is the only Sauternes classified as a First Growth (or Premier Cru Sup\u00e9rieur).", "Thomas Jefferson was fond of Ch\u00e2teau d'Yquem, he personally ordered 250 bottles of the 1784 vintage, as well as additional bottles for George Washington.", "In 2011 a single bottle of 1811 Ch\u00e2teau d'Yquem was auctioned for $117,000, making it the most expensive white wine ever sold!"], "body": 3, "body_description": "Medium-bodied", "acidity": 3, "acidity_description": "High", "country": {"code": "fr", "name": "France", "native_name": "France", "seo_name": "france", "currency": {"code": "EUR", "name": "Euros", "prefix": "\u20ac", "suffix": null}, "regions_count": 1292, "users_count": 5068363, "wines_count": 542471, "wineries_count": 67002, "most_used_grapes": [{"id": 14, "name": "Pinot Noir", "seo_name": "pinot-noir", "has_detailed_info": true, "wines_count": 572334}, {"id": 10, "name": "Merlot", "seo_name": "merlot", "has_detailed_info": true, "wines_count": 566719}, {"id": 5, "name": "Chardonnay", "seo_name": "chardonnay", "has_detailed_info": true, "wines_count": 604208}]}, "wine_type_id": 2, "food": [{"id": 10, "name": "Pork", "background_image": {"location": "//images.vivino.com/backgrounds/foods/10_pork.png", "variations": {"small": "//images.vivino.com/backgrounds/foods/thumbs/10_pork_932x810.png"}}, "seo_name": "pork"}, {"id": 19, "name": "Vegetarian", "background_image": {"location": "//images.vivino.com/backgrounds/foods/19_vegetarian.png", "variations": {"small": "//images.vivino.com/backgrounds/foods/thumbs/19_vegetarian_932x810.png"}}, "seo_name": "vegetarian"}, {"id": 20, "name": "Poultry", "background_image": {"location": "//images.vivino.com/backgrounds/foods/20_chicken.png", "variations": {"small": "//images.vivino.com/backgrounds/foods/thumbs/20_chicken_932x810.png"}}, "seo_name": "poultry"}, {"id": 27, "name": "Appetizers and snacks", "background_image": {"location": "//images.vivino.com/backgrounds/foods/27_appetizers-snacks.png", "variations": {"small": "//images.vivino.com/backgrounds/foods/thumbs/27_appetizers-snacks_932x810.png"}}, "seo_name": null}, {"id": 28, "name": "Lean fish", "background_image": {"location": "//images.vivino.com/backgrounds/foods/28_leanfish.png", "variations": {"small": "//images.vivino.com/backgrounds/foods/thumbs/28_leanfish_932x810.png"}}, "seo_name": null}], "grapes": [{"id": 17, "name": "Sauvignon Blanc", "seo_name": "sauvignon-blanc", "has_detailed_info": true, "wines_count": 292440}, {"id": 18, "name": "S\u00e9millon", "seo_name": "semillion", "has_detailed_info": true, "wines_count": 65710}, {"id": 89, "name": "Muscadelle", "seo_name": "muscadelle", "has_detailed_info": false, "wines_count": 10051}], "region": {"id": 383, "name": "Bordeaux", "name_en": "", "seo_name": "bordeaux", "country": {"code": "fr", "name": "France", "native_name": "France", "seo_name": "france", "currency": {"code": "EUR", "name": "Euros", "prefix": "\u20ac", "suffix": null}, "regions_count": 1292, "users_count": 5068363, "wines_count": 542471, "wineries_count": 67002, "most_used_grapes": [{"id": 14, "name": "Pinot Noir", "seo_name": "pinot-noir", "has_detailed_info": true, "wines_count": 572334}, {"id": 10, "name": "Merlot", "seo_name": "merlot", "has_detailed_info": true, "wines_count": 566719}, {"id": 5, "name": "Chardonnay", "seo_name": "chardonnay", "has_detailed_info": true, "wines_count": 604208}]}, "parent_id": null, "background_image": {"location": "//images.vivino.com/regions/backgrounds/sbzA7h1ITnaHABaVqWJ4CA.jpg", "variations": {"large": "//thumbs.vivino.com/region_backgrounds/sbzA7h1ITnaHABaVqWJ4CA_1280x760.jpg", "medium": "//thumbs.vivino.com/region_backgrounds/sbzA7h1ITnaHABaVqWJ4CA_600x356.jpg"}}, "class": {"typecast_map": {"background_image": {}, "class": {}}}, "statistics": {"wineries_count": 13330, "wines_count": 41775, "sub_regions_count": 12, "parent_regions_count": 0}}}}, "vintage_year": 2014}, {"vintage_id": 62806675, "highlight_type": "top_ranked", "message": "Among top 6% of all wines in the world", "icon": "https://images.vivino.com/highlights/icon/top_ranked.svg", "metadata": {"price": null, "wine_id": 73561, "toplist": null, "ws_award": null, "critic_review_id": 1834889, "ratings_average": 3.9, "ratings_count": 109, "vintage_year": "2015", "rank_type": "global", "ranks": {"country": {"description": "Rank within France", "total": 2497588, "rank": 129972}, "region": {"description": "Rank within Wine Region", "total": 8379, "rank": 1386}, "winery": {"description": "Rank within Winery", "total": 96, "rank": 13}, "global": {"description": "Global Rank", "total": 8944614, "rank": 483755}}, "style": {"id": 21, "seo_name": "bordeaux-white", "regional_name": "Bordeaux", "varietal_name": "White", "name": "Bordeaux White", "image": null, "background_image": null, "description": "Bordeaux is the largest wine producing region in France and is home to some seriously fabulous wines. While Bordeaux is better-known for its reds, or as the British affectionately call them, clarets, its whites are world class too.\n\nWhite wine production in Bordeaux is rather sparse, as compared with reds, and comprises roughly 11% of overall volume. But don't worry, that's still over 7 million cases of white wine!\n\nAs with the reds, Bordeaux Blanc are mostly blends. The most common variety is S\u00e9millon, followed by Sauvignon Blanc and Muscadelle. Bordeaux is also home to some of the most famous dessert wines in the world, from the renowned Sauternes sub-appellation and Barsac.\n\nThe best dry white wines are from the Graves region, and are usually lightly oak aged. White Bordeaux often possess vibrant acidity and elegant citrus notes that lean toward white grapefruit. These brilliant, charming whites are exquisite when paired with scallops, roast chicken with tarragon, asparagus quiche or salads with shaved fennel.\n\nSauternes owe their characteristic depth and concentration to Botrytis cinerea (or Noble Rot, an infection which causes the grapes to shrivel). The quintessential French pairing with Sauternes is foie gras, or duck pat\u00e9. Soft-ripened cheeses and desserts like cr\u00e8me br\u00fbl\u00e9e are excellent matches. The sweet wines from Barsac are worth exploring, and tend to be less expensive.", "blurb": null, "interesting_facts": ["The most prized dry white Bordeaux is from Ch\u00e2teau Haut-Brion and will fetch more than $1000 per bottle in a good vintage year.", "Ch\u00e2teau d'Yquem is the only Sauternes classified as a First Growth (or Premier Cru Sup\u00e9rieur).", "Thomas Jefferson was fond of Ch\u00e2teau d'Yquem, he personally ordered 250 bottles of the 1784 vintage, as well as additional bottles for George Washington.", "In 2011 a single bottle of 1811 Ch\u00e2teau d'Yquem was auctioned for $117,000, making it the most expensive white wine ever sold!"], "body": 3, "body_description": "Medium-bodied", "acidity": 3, "acidity_description": "High", "country": {"code": "fr", "name": "France", "native_name": "France", "seo_name": "france", "currency": {"code": "EUR", "name": "Euros", "prefix": "\u20ac", "suffix": null}, "regions_count": 1292, "users_count": 5068363, "wines_count": 542471, "wineries_count": 67002, "most_used_grapes": [{"id": 14, "name": "Pinot Noir", "seo_name": "pinot-noir", "has_detailed_info": true, "wines_count": 572334}, {"id": 10, "name": "Merlot", "seo_name": "merlot", "has_detailed_info": true, "wines_count": 566719}, {"id": 5, "name": "Chardonnay", "seo_name": "chardonnay", "has_detailed_info": true, "wines_count": 604208}]}, "wine_type_id": 2, "food": [{"id": 10, "name": "Pork", "background_image": {"location": "//images.vivino.com/backgrounds/foods/10_pork.png", "variations": {"small": "//images.vivino.com/backgrounds/foods/thumbs/10_pork_932x810.png"}}, "seo_name": "pork"}, {"id": 19, "name": "Vegetarian", "background_image": {"location": "//images.vivino.com/backgrounds/foods/19_vegetarian.png", "variations": {"small": "//images.vivino.com/backgrounds/foods/thumbs/19_vegetarian_932x810.png"}}, "seo_name": "vegetarian"}, {"id": 20, "name": "Poultry", "background_image": {"location": "//images.vivino.com/backgrounds/foods/20_chicken.png", "variations": {"small": "//images.vivino.com/backgrounds/foods/thumbs/20_chicken_932x810.png"}}, "seo_name": "poultry"}, {"id": 27, "name": "Appetizers and snacks", "background_image": {"location": "//images.vivino.com/backgrounds/foods/27_appetizers-snacks.png", "variations": {"small": "//images.vivino.com/backgrounds/foods/thumbs/27_appetizers-snacks_932x810.png"}}, "seo_name": null}, {"id": 28, "name": "Lean fish", "background_image": {"location": "//images.vivino.com/backgrounds/foods/28_leanfish.png", "variations": {"small": "//images.vivino.com/backgrounds/foods/thumbs/28_leanfish_932x810.png"}}, "seo_name": null}], "grapes": [{"id": 17, "name": "Sauvignon Blanc", "seo_name": "sauvignon-blanc", "has_detailed_info": true, "wines_count": 292440}, {"id": 18, "name": "S\u00e9millon", "seo_name": "semillion", "has_detailed_info": true, "wines_count": 65710}, {"id": 89, "name": "Muscadelle", "seo_name": "muscadelle", "has_detailed_info": false, "wines_count": 10051}], "region": {"id": 383, "name": "Bordeaux", "name_en": "", "seo_name": "bordeaux", "country": {"code": "fr", "name": "France", "native_name": "France", "seo_name": "france", "currency": {"code": "EUR", "name": "Euros", "prefix": "\u20ac", "suffix": null}, "regions_count": 1292, "users_count": 5068363, "wines_count": 542471, "wineries_count": 67002, "most_used_grapes": [{"id": 14, "name": "Pinot Noir", "seo_name": "pinot-noir", "has_detailed_info": true, "wines_count": 572334}, {"id": 10, "name": "Merlot", "seo_name": "merlot", "has_detailed_info": true, "wines_count": 566719}, {"id": 5, "name": "Chardonnay", "seo_name": "chardonnay", "has_detailed_info": true, "wines_count": 604208}]}, "parent_id": null, "background_image": {"location": "//images.vivino.com/regions/backgrounds/sbzA7h1ITnaHABaVqWJ4CA.jpg", "variations": {"large": "//thumbs.vivino.com/region_backgrounds/sbzA7h1ITnaHABaVqWJ4CA_1280x760.jpg", "medium": "//thumbs.vivino.com/region_backgrounds/sbzA7h1ITnaHABaVqWJ4CA_600x356.jpg"}}, "class": {"typecast_map": {"background_image": {}, "class": {}}}, "statistics": {"wineries_count": 13330, "wines_count": 41775, "sub_regions_count": 12, "parent_regions_count": 0}}}}, "vintage_year": 2015}], "recommended_vintages": [{"vintage": {"id": 13392276, "seo_name": "chateau-de-rochemorin-pessac-leognan-blanc-2005", "name": "Ch\u00e2teau de Rochemorin Pessac-L\u00e9ognan Blanc 2005", "statistics": {"status": "Normal", "ratings_count": 13, "ratings_average": 4, "labels_count": 53, "reviews_count": 8}, "year": 2005, "grapes": null, "has_valid_ratings": true}, "type": "best_user_rated", "highlight_icon": "https://images.vivino.com/highlights/icon/best_user_rated.svg", "price": null}, {"vintage": {"id": 93149398, "seo_name": "chateau-de-rochemorin-pessac-leognan-blanc-2014", "name": "Ch\u00e2teau de Rochemorin Pessac-L\u00e9ognan Blanc 2014", "statistics": {"status": "Normal", "ratings_count": 128, "ratings_average": 3.8, "labels_count": 269, "reviews_count": 75}, "year": 2014, "grapes": null, "has_valid_ratings": true}, "type": "most_user_rated", "highlight_icon": "https://images.vivino.com/highlights/icon/most_user_rated.svg", "price": null}, {"vintage": {"id": 62806675, "seo_name": "chateau-de-rochemorin-pessac-leognan-blanc-2015", "name": "Ch\u00e2teau de Rochemorin Pessac-L\u00e9ognan Blanc 2015", "statistics": {"status": "Normal", "ratings_count": 109, "ratings_average": 3.9, "labels_count": 227, "reviews_count": 58}, "year": 2015, "grapes": null, "has_valid_ratings": true}, "type": "top_ranked", "highlight_icon": "https://images.vivino.com/highlights/icon/top_ranked.svg", "price": null}], "prices_and_availabilities": [], "price_range": {"currency": {"code": "EUR", "name": "Euros", "prefix": "\u20ac", "suffix": null}, "price_range": {"minimum": 0, "maximum": 500, "currency_code": "EUR"}, "defaults": {"minimum": 7, "maximum": 30, "currency_code": "EUR"}}, "subtotal_price": null}