{"tastes": {"structure": {"acidity": 2.8609362, "fizziness": null, "intensity": 3.6538508, "sweetness": 1.4276141, "tannin": null, "user_structure_count": 420, "calculated_structure_count": 417}, "flavor": [{"group": "tree_fruit", "stats": {"count": 235, "score": 32800, "mentions_count": 328}, "primary_keywords": [{"id": 310, "name": "Pfirsich", "count": 103}, {"id": 9, "name": "Apfel", "count": 64}, {"id": 315, "name": "Birne", "count": 56}, {"id": 11, "name": "Aprikose", "count": 23}, {"id": 271, "name": "Melone", "count": 22}, {"id": 195, "name": "Gr\u00fcner Apfel", "count": 22}, {"id": 448, "name": "Wei\u00dfer Pfirsich", "count": 12}, {"id": 469, "name": "Steinfrucht", "count": 8}, {"id": 458, "name": "Gelber Apfel", "count": 6}, {"id": 220, "name": "Honigmelone", "count": 3}, {"id": 204, "name": "Gr\u00fcne Birne", "count": 2}, {"id": 288, "name": "Nektarine", "count": 2}, {"id": 202, "name": "Gr\u00fcne Melone", "count": 1}, {"id": 78, "name": "Cantaloupe-Melone", "count": 1}, {"id": 343, "name": "Quitte", "count": 1}, {"id": 272, "name": "Melonenrinde", "count": 1}, {"id": 15, "name": "nashi-birne", "count": 1}]}, {"group": "citrus_fruit", "stats": {"count": 229, "score": 26725, "mentions_count": 267}, "primary_keywords": [{"id": 106, "name": "Zitrone", "count": 162}, {"id": 243, "name": "Zitrone", "count": 41}, {"id": 190, "name": "Grapefruit", "count": 28}, {"id": 252, "name": "Limette", "count": 18}, {"id": 248, "name": "Zitronenw\u00fcrze", "count": 6}, {"id": 253, "name": "Limettenschale", "count": 3}, {"id": 246, "name": "Zitronenschale", "count": 2}, {"id": 300, "name": "Orangenschale", "count": 2}, {"id": 302, "name": "Orangenmark", "count": 1}, {"id": 260, "name": "Mandarine", "count": 1}, {"id": 191, "name": "Grapefruitmark", "count": 1}, {"id": 298, "name": "Orange", "count": 1}, {"id": 54, "name": "Blutorange", "count": 1}], "secondary_keywords": [{"id": 244, "name": "Zitronencreme", "count": 1}]}, {"group": "earth", "stats": {"count": 137, "score": 14138, "mentions_count": 142}, "primary_keywords": [{"id": 276, "name": "Mineralien", "count": 72}, {"id": 398, "name": "Stein", "count": 22}, {"id": 218, "name": "Honig", "count": 21}, {"id": 156, "name": "Erdig", "count": 8}, {"id": 377, "name": "Salz", "count": 4}, {"id": 284, "name": "Champignon", "count": 3}, {"id": 383, "name": "Schiefer", "count": 3}, {"id": 85, "name": "Kreide", "count": 2}, {"id": 384, "name": "Rauch", "count": 2}, {"id": 242, "name": "Leder", "count": 2}, {"id": 444, "name": "Nasser Schiefer", "count": 1}, {"id": 108, "name": "Zitronen\u00f6l", "count": 1}, {"id": 376, "name": "Saline", "count": 1}], "secondary_keywords": [{"id": 6, "name": "Mandel", "count": 7}, {"id": 381, "name": "Bohnenkraut", "count": 2}]}, {"group": "tropical_fruit", "stats": {"count": 75, "score": 8932, "mentions_count": 88}, "primary_keywords": [{"id": 428, "name": "Tropisch", "count": 33}, {"id": 329, "name": "Ananas", "count": 32}, {"id": 210, "name": "Guave", "count": 6}, {"id": 304, "name": "Papaya", "count": 5}, {"id": 237, "name": "Kiwi", "count": 4}, {"id": 306, "name": "Passionsfrucht", "count": 3}, {"id": 261, "name": "Mango", "count": 3}, {"id": 256, "name": "Litschi", "count": 2}], "secondary_keywords": [{"id": 23, "name": "Banane", "count": 4}]}, {"group": "vegetal", "stats": {"count": 52, "score": 5020, "mentions_count": 49}, "primary_keywords": [{"id": 399, "name": "Stroh", "count": 15}, {"id": 193, "name": "Gras", "count": 14}, {"id": 185, "name": "Stachelbeere", "count": 8}, {"id": 89, "name": "Mangold", "count": 5}, {"id": 212, "name": "Heu", "count": 3}, {"id": 16, "name": "Spargel", "count": 2}, {"id": 425, "name": "Tomate", "count": 1}, {"id": 29, "name": "Paprika", "count": 1}], "secondary_keywords": [{"id": 6, "name": "Mandel", "count": 7}, {"id": 381, "name": "Bohnenkraut", "count": 2}]}, {"group": "oak", "stats": {"count": 54, "score": 4233, "mentions_count": 47}, "primary_keywords": [{"id": 292, "name": "Eiche", "count": 15}, {"id": 434, "name": "Vanille", "count": 14}, {"id": 70, "name": "Butter", "count": 14}, {"id": 79, "name": "Karamell", "count": 1}, {"id": 326, "name": "Tortenkruste", "count": 1}, {"id": 72, "name": "Karamellbonbon", "count": 1}, {"id": 83, "name": "Zeder", "count": 1}], "secondary_keywords": [{"id": 6, "name": "Mandel", "count": 7}, {"id": 384, "name": "Rauch", "count": 2}, {"id": 242, "name": "Leder", "count": 2}, {"id": 62, "name": "Brioche", "count": 1}, {"id": 244, "name": "Zitronencreme", "count": 1}]}, {"group": "microbio", "stats": {"count": 60, "score": 4532, "mentions_count": 39}, "primary_keywords": [{"id": 295, "name": "\u00d6l", "count": 12}, {"id": 123, "name": "Creme", "count": 12}, {"id": 91, "name": "K\u00e4se", "count": 9}, {"id": 23, "name": "Banane", "count": 4}, {"id": 457, "name": "Hefe", "count": 1}, {"id": 244, "name": "Zitronencreme", "count": 1}], "secondary_keywords": [{"id": 70, "name": "Butter", "count": 14}, {"id": 6, "name": "Mandel", "count": 7}, {"id": 417, "name": "Toast", "count": 4}, {"id": 284, "name": "Champignon", "count": 3}]}, {"group": "floral", "stats": {"count": 24, "score": 2850, "mentions_count": 28}, "primary_keywords": [{"id": 221, "name": "Gei\u00dfblatt", "count": 7}, {"id": 87, "name": "Kamille", "count": 4}, {"id": 230, "name": "Jasmin", "count": 4}, {"id": 251, "name": "Lilie", "count": 3}, {"id": 322, "name": "Parf\u00fcm", "count": 2}, {"id": 2, "name": "Akazie", "count": 2}, {"id": 10, "name": "Apfelbl\u00fcte", "count": 2}, {"id": 299, "name": "Orangenbl\u00fcte", "count": 2}, {"id": 107, "name": "Zitronenbl\u00fcte", "count": 1}, {"id": 241, "name": "Lavendel", "count": 1}], "secondary_keywords": [{"id": 381, "name": "Bohnenkraut", "count": 2}]}, {"group": "non_oak", "stats": {"count": 33, "score": 1436, "mentions_count": 18}, "primary_keywords": [{"id": 6, "name": "Mandel", "count": 7}, {"id": 291, "name": "Nussig", "count": 5}, {"id": 417, "name": "Toast", "count": 4}, {"id": 69, "name": "Verbrannter Zucker", "count": 1}, {"id": 62, "name": "Brioche", "count": 1}], "secondary_keywords": [{"id": 434, "name": "Vanille", "count": 14}, {"id": 384, "name": "Rauch", "count": 2}, {"id": 79, "name": "Karamell", "count": 1}, {"id": 83, "name": "Zeder", "count": 1}]}, {"group": "spices", "stats": {"count": 29, "score": 1534, "mentions_count": 16}, "primary_keywords": [{"id": 249, "name": "Lakritze", "count": 4}, {"id": 320, "name": "Pfeffer", "count": 3}, {"id": 277, "name": "Minze", "count": 2}, {"id": 381, "name": "Bohnenkraut", "count": 2}, {"id": 413, "name": "Estragon", "count": 1}, {"id": 200, "name": "Gr\u00fcne Gew\u00fcrze", "count": 1}, {"id": 245, "name": "Zitronengras", "count": 1}, {"id": 303, "name": "Oregano", "count": 1}, {"id": 415, "name": "Thai-Basilikum", "count": 1}], "secondary_keywords": [{"id": 434, "name": "Vanille", "count": 14}]}, {"group": "red_fruit", "stats": {"count": 6, "score": 600, "mentions_count": 6}, "primary_keywords": [{"id": 93, "name": "Kirsche", "count": 3}, {"id": 354, "name": "Rote Frucht", "count": 1}, {"id": 387, "name": "Sauerkirsche", "count": 1}, {"id": 120, "name": "Zuckerwatte", "count": 1}]}, {"group": "black_fruit", "stats": {"count": 5, "score": 500, "mentions_count": 5}, "primary_keywords": [{"id": 334, "name": "Pflaume", "count": 2}, {"id": 39, "name": "Schwarze Frucht", "count": 2}, {"id": 135, "name": "Dunkle Frucht", "count": 1}]}, {"group": "dried_fruit", "stats": {"count": 1, "score": 100, "mentions_count": 1}, "primary_keywords": [{"id": 139, "name": "Drachenfrucht", "count": 1}]}]}, "vivino_id": "4991"}