{"vintage": {"id": 2313214, "seo_name": "don-diego-sed-de-tramoya-uv", "name": "Bodegas Don Diego Sed de Tramoya Verdejo -  Viura", "statistics": {"status": "Normal", "ratings_count": 766, "ratings_average": 3.9, "labels_count": 74, "reviews_count": 7}, "organic_certification_id": null, "certified_biodynamic": null, "image": {"location": "//images.vivino.com/thumbs/sYdTefHBSqWkFdXVOSdT8A_pl_480x640.png", "variations": {"bottle_large": "//images.vivino.com/thumbs/sYdTefHBSqWkFdXVOSdT8A_pb_x960.png", "bottle_medium": "//images.vivino.com/thumbs/sYdTefHBSqWkFdXVOSdT8A_pb_x600.png", "bottle_medium_square": "//images.vivino.com/thumbs/sYdTefHBSqWkFdXVOSdT8A_pb_600x600.png", "bottle_small": "//images.vivino.com/thumbs/sYdTefHBSqWkFdXVOSdT8A_pb_x300.png", "bottle_small_square": "//images.vivino.com/thumbs/sYdTefHBSqWkFdXVOSdT8A_pb_300x300.png", "label": "//images.vivino.com/thumbs/sYdTefHBSqWkFdXVOSdT8A_pl_480x640.png", "label_large": "//images.vivino.com/thumbs/sYdTefHBSqWkFdXVOSdT8A_pl_375x500.png", "label_medium": "//images.vivino.com/thumbs/sYdTefHBSqWkFdXVOSdT8A_pl_150x200.png", "label_medium_square": "//images.vivino.com/thumbs/sYdTefHBSqWkFdXVOSdT8A_pl_150x150.png", "label_small_square": "//images.vivino.com/thumbs/sYdTefHBSqWkFdXVOSdT8A_pl_80x80.png", "large": "//images.vivino.com/thumbs/sYdTefHBSqWkFdXVOSdT8A_pl_375x500.png", "medium": "//images.vivino.com/thumbs/sYdTefHBSqWkFdXVOSdT8A_pl_150x200.png", "medium_square": "//images.vivino.com/thumbs/sYdTefHBSqWkFdXVOSdT8A_pl_150x150.png", "small_square": "//images.vivino.com/thumbs/sYdTefHBSqWkFdXVOSdT8A_pl_80x80.png"}}, "wine": {"id": 1239163, "name": "Sed de Tramoya Verdejo -  Viura", "seo_name": "sed-de-tramoya", "type_id": 2, "vintage_type": 0, "is_natural": false, "region": {"id": 404, "name": "Castilla y Le\u00f3n", "name_en": "Castilla and Leon", "seo_name": "castilla-and-leon", "country": {"code": "es", "name": "Spain", "native_name": "Espa\u00f1a", "seo_name": "spain", "currency": {"code": "EUR", "name": "Euros", "prefix": "\u20ac", "suffix": null}, "regions_count": 152, "users_count": 2042968, "wines_count": 131377, "wineries_count": 17630, "most_used_grapes": [{"id": 19, "name": "Tempranillo", "seo_name": "tempranillo", "has_detailed_info": true, "wines_count": 172842}, {"id": 142, "name": "Garnacha", "seo_name": "garnacha", "has_detailed_info": true, "wines_count": 58111}, {"id": 2, "name": "Cabernet Sauvignon", "seo_name": "cabernet-sauvignon", "has_detailed_info": true, "wines_count": 801751}]}, "parent_id": null, "background_image": {"location": "//images.vivino.com/regions/backgrounds/pkKajAn9Qn-TunEfXJX0yw.jpg", "variations": {"large": "//thumbs.vivino.com/region_backgrounds/pkKajAn9Qn-TunEfXJX0yw_1280x760.jpg", "medium": "//thumbs.vivino.com/region_backgrounds/pkKajAn9Qn-TunEfXJX0yw_600x356.jpg"}}, "class": {"typecast_map": {"background_image": {}, "class": {}}}, "statistics": {"wineries_count": 2762, "wines_count": 13141, "sub_regions_count": 13, "parent_regions_count": 0}}, "review_status": 2, "winery": {"id": 34991, "name": "Bodegas Don Diego", "seo_name": "don-diego", "status": 0, "review_status": "Completed", "background_image": null, "statistics": {"ratings_count": 1677, "ratings_average": 3.8, "labels_count": 8338, "wines_count": 7}, "region": {"id": 1729, "name": "Rueda", "name_en": "", "seo_name": "rueda", "country": {"code": "es", "name": "Spain", "native_name": "Espa\u00f1a", "seo_name": "spain", "currency": {"code": "EUR", "name": "Euros", "prefix": "\u20ac", "suffix": null}, "regions_count": 152, "users_count": 2042968, "wines_count": 131377, "wineries_count": 17630, "most_used_grapes": [{"id": 19, "name": "Tempranillo", "seo_name": "tempranillo", "has_detailed_info": true, "wines_count": 172842}, {"id": 142, "name": "Garnacha", "seo_name": "garnacha", "has_detailed_info": true, "wines_count": 58111}, {"id": 2, "name": "Cabernet Sauvignon", "seo_name": "cabernet-sauvignon", "has_detailed_info": true, "wines_count": 801751}]}, "parent_id": 404, "background_image": {"location": "//images.vivino.com/regions/backgrounds/zH1ygLD6R0iuQUwt_T8pqA.jpg", "variations": {"large": "//thumbs.vivino.com/region_backgrounds/zH1ygLD6R0iuQUwt_T8pqA_1280x760.jpg", "medium": "//thumbs.vivino.com/region_backgrounds/zH1ygLD6R0iuQUwt_T8pqA_600x356.jpg"}}, "class": {"typecast_map": {"background_image": {}, "class": {}}}, "statistics": {"wineries_count": 228, "wines_count": 1723, "sub_regions_count": 0, "parent_regions_count": 1}}, "business_name": "Bodegas Don Diego", "description": "", "specialists_notes": "", "phone": "34983816616", "email": "", "facebook": "", "instagram": "", "is_claimed": false, "twitter": "", "website": "http://www.bodegasdondiego.es/", "winemaker": null, "wine_maker": null, "address": {"title": null, "name": null, "street": "Ctra. Pozaldez,s/n", "street2": null, "neighborhood": null, "city": "La Seca", "zip": "47491", "state": null, "country": {"code": "es", "name": "Spain", "native_name": "Espa\u00f1a", "seo_name": "spain", "currency": {"code": "EUR", "name": "Euros", "prefix": "\u20ac", "suffix": null}, "regions_count": 152, "users_count": 2042968, "wines_count": 131377, "wineries_count": 17630, "most_used_grapes": [{"id": 19, "name": "Tempranillo", "seo_name": "tempranillo", "has_detailed_info": true, "wines_count": 172842}, {"id": 142, "name": "Garnacha", "seo_name": "garnacha", "has_detailed_info": true, "wines_count": 58111}, {"id": 2, "name": "Cabernet Sauvignon", "seo_name": "cabernet-sauvignon", "has_detailed_info": true, "wines_count": 801751}]}, "company": null, "phone": null, "external_id": null, "residential": null, "vat_number": null, "vat_code": null, "addition": null}, "image": null, "location": null, "winery_group": null, "first_wines": [], "sponsored_entity_type": null, "sponsored_entity": null}, "statistics": {"status": "Normal", "ratings_count": 766, "ratings_average": 3.9, "labels_count": 4372, "vintages_count": 23}, "rank": {"country": {"description": "Rank within Spain", "total": 80036, "rank": 4216}, "region": {"description": "Rank within Wine Region", "total": 869, "rank": 43}, "winery": {"description": "Rank within Winery", "total": 7, "rank": 1}, "wine_type": {"description": "Rank within all White Wine", "total": 398758, "rank": 14436}, "global": {"description": "Global Rank", "total": 1302081, "rank": 62737}}, "hidden": false, "vintages": [{"id": 170582155, "seo_name": "don-diego-sed-de-tramoya-2021", "name": "Bodegas Don Diego Sed de Tramoya Verdejo -  Viura 2021", "statistics": {"status": "BelowThreshold", "ratings_count": 1, "ratings_average": 0, "labels_count": 1, "reviews_count": 0}, "year": 2021, "grapes": null, "has_valid_ratings": false}, {"id": 163777339, "seo_name": "don-diego-sed-de-tramoya-2020", "name": "Bodegas Don Diego Sed de Tramoya Verdejo -  Viura 2020", "statistics": {"status": "Normal", "ratings_count": 134, "ratings_average": 3.8, "labels_count": 934, "reviews_count": 65}, "year": 2020, "grapes": null, "has_valid_ratings": true}, {"id": 160571472, "seo_name": "don-diego-sed-de-tramoya-2019", "name": "Bodegas Don Diego Sed de Tramoya Verdejo -  Viura 2019", "statistics": {"status": "Normal", "ratings_count": 295, "ratings_average": 3.9, "labels_count": 1711, "reviews_count": 116}, "year": 2019, "grapes": null, "has_valid_ratings": true}, {"id": 159628604, "seo_name": "don-diego-sed-de-tramoya-2018", "name": "Bodegas Don Diego Sed de Tramoya Verdejo -  Viura 2018", "statistics": {"status": "Normal", "ratings_count": 121, "ratings_average": 4, "labels_count": 552, "reviews_count": 60}, "year": 2018, "grapes": null, "has_valid_ratings": true}, {"id": 151438560, "seo_name": "don-diego-sed-de-tramoya-2017", "name": "Bodegas Don Diego Sed de Tramoya Verdejo -  Viura 2017", "statistics": {"status": "Normal", "ratings_count": 16, "ratings_average": 4.1, "labels_count": 122, "reviews_count": 7}, "year": 2017, "grapes": null, "has_valid_ratings": true}, {"id": 146233374, "seo_name": "don-diego-sed-de-tramoya-2016", "name": "Bodegas Don Diego Sed de Tramoya Verdejo -  Viura 2016", "statistics": {"status": "Normal", "ratings_count": 46, "ratings_average": 3.7, "labels_count": 213, "reviews_count": 20}, "year": 2016, "grapes": null, "has_valid_ratings": true}, {"id": 15215459, "seo_name": "don-diego-sed-de-tramoya-2015", "name": "Bodegas Don Diego Sed de Tramoya Verdejo -  Viura 2015", "statistics": {"status": "Normal", "ratings_count": 43, "ratings_average": 3.9, "labels_count": 247, "reviews_count": 15}, "year": 2015, "grapes": null, "has_valid_ratings": true}, {"id": 9634935, "seo_name": "don-diego-sed-de-tramoya-2014", "name": "Bodegas Don Diego Sed de Tramoya Verdejo -  Viura 2014", "statistics": {"status": "Normal", "ratings_count": 30, "ratings_average": 3.8, "labels_count": 140, "reviews_count": 14}, "year": 2014, "grapes": null, "has_valid_ratings": true}, {"id": 3788327, "seo_name": "don-diego-sed-de-tramoya-2013", "name": "Bodegas Don Diego Sed de Tramoya Verdejo -  Viura 2013", "statistics": {"status": "Normal", "ratings_count": 21, "ratings_average": 3.6, "labels_count": 146, "reviews_count": 9}, "year": 2013, "grapes": null, "has_valid_ratings": true}, {"id": 2239082, "seo_name": "don-diego-sed-de-tramoya-2012", "name": "Bodegas Don Diego Sed de Tramoya Verdejo -  Viura 2012", "statistics": {"status": "Normal", "ratings_count": 14, "ratings_average": 3.3, "labels_count": 49, "reviews_count": 5}, "year": 2012, "grapes": null, "has_valid_ratings": true}, {"id": 1367060, "seo_name": "don-diego-sed-de-tramoya-2011", "name": "Bodegas Don Diego Sed de Tramoya Verdejo -  Viura 2011", "statistics": {"status": "Normal", "ratings_count": 23, "ratings_average": 3.8, "labels_count": 139, "reviews_count": 9}, "year": 2011, "grapes": null, "has_valid_ratings": true}, {"id": 3842759, "seo_name": "don-diego-sed-de-tramoya-2010", "name": "Bodegas Don Diego Sed de Tramoya Verdejo -  Viura 2010", "statistics": {"status": "BelowThreshold", "ratings_count": 1, "ratings_average": 0, "labels_count": 3, "reviews_count": 1}, "year": 2010, "grapes": null, "has_valid_ratings": false}, {"id": 4668416, "seo_name": "don-diego-sed-de-tramoya-1990", "name": "Bodegas Don Diego Sed de Tramoya Verdejo -  Viura 1990", "statistics": {"status": "BelowThreshold", "ratings_count": 1, "ratings_average": 0, "labels_count": 8, "reviews_count": 1}, "year": 1990, "grapes": null, "has_valid_ratings": false}, {"id": 2313214, "seo_name": "don-diego-sed-de-tramoya-uv", "name": "Bodegas Don Diego Sed de Tramoya Verdejo -  Viura", "statistics": {"status": "Normal", "ratings_count": 766, "ratings_average": 3.9, "labels_count": 74, "reviews_count": 7}, "year": 0, "grapes": null, "has_valid_ratings": true}], "description": "", "grapes": [{"id": 96, "name": "Viura", "seo_name": "viura", "has_detailed_info": false, "wines_count": 13590}, {"id": 118, "name": "Verdejo", "seo_name": "verdejo", "has_detailed_info": false, "wines_count": 17143}], "foods": [{"id": 10, "name": "Pork", "background_image": {"location": "//images.vivino.com/backgrounds/foods/10_pork.png", "variations": {"small": "//images.vivino.com/backgrounds/foods/thumbs/10_pork_932x810.png"}}, "seo_name": "pork"}, {"id": 13, "name": "Shellfish", "background_image": {"location": "//images.vivino.com/backgrounds/foods/13_shellfish.png", "variations": {"small": "//images.vivino.com/backgrounds/foods/thumbs/13_shellfish_932x810.png"}}, "seo_name": "shellfish"}, {"id": 19, "name": "Vegetarian", "background_image": {"location": "//images.vivino.com/backgrounds/foods/19_vegetarian.png", "variations": {"small": "//images.vivino.com/backgrounds/foods/thumbs/19_vegetarian_932x810.png"}}, "seo_name": "vegetarian"}, {"id": 39, "name": "Goat cheese", "background_image": {"location": "//images.vivino.com/backgrounds/foods/39_goatcheese.png", "variations": {"small": "//images.vivino.com/backgrounds/foods/thumbs/39_goatcheese_932x810.png"}}, "seo_name": null}], "non_vintage": false, "alcohol": 13, "sweetness_id": null, "closure": null, "vintage_mask_raw": null, "updated_at": "2018-03-19T15:22:34Z", "created_at": "2012-06-17T07:00:41Z", "is_first_wine": false, "style": null, "has_valid_ratings": true}, "description": "", "wine_critic_reviews": [], "awards": [], "ratings_distribution": {"1": 8, "2": 27, "3": 224, "4": 413, "5": 94}, "ranking": {"country": {"description": "Rank within Spain", "total": 608784, "rank": 26777}, "region": {"description": "Rank within Wine Region", "total": 7047, "rank": 224}, "winery": {"description": "Rank within Winery", "total": 74, "rank": 4}, "global": {"description": "Global Rank", "total": 8944741, "rank": 424955}}, "wine_facts": {}, "winemaker": null, "wine_maker": null, "grape_composition": {}, "year": "", "grapes": null, "has_valid_ratings": true}, "carts": null, "full_region": null, "tastes": null, "wine": {"id": 1239163, "name": "Sed de Tramoya Verdejo -  Viura", "seo_name": "sed-de-tramoya", "type_id": 2, "vintage_type": 0, "is_natural": false, "region": {"id": 404, "name": "Castilla y Le\u00f3n", "name_en": "Castilla and Leon", "seo_name": "castilla-and-leon", "country": {"code": "es", "name": "Spain", "native_name": "Espa\u00f1a", "seo_name": "spain", "currency": {"code": "EUR", "name": "Euros", "prefix": "\u20ac", "suffix": null}, "regions_count": 152, "users_count": 2042968, "wines_count": 131377, "wineries_count": 17630, "most_used_grapes": [{"id": 19, "name": "Tempranillo", "seo_name": "tempranillo", "has_detailed_info": true, "wines_count": 172842}, {"id": 142, "name": "Garnacha", "seo_name": "garnacha", "has_detailed_info": true, "wines_count": 58111}, {"id": 2, "name": "Cabernet Sauvignon", "seo_name": "cabernet-sauvignon", "has_detailed_info": true, "wines_count": 801751}]}, "parent_id": null, "background_image": {"location": "//images.vivino.com/regions/backgrounds/pkKajAn9Qn-TunEfXJX0yw.jpg", "variations": {"large": "//thumbs.vivino.com/region_backgrounds/pkKajAn9Qn-TunEfXJX0yw_1280x760.jpg", "medium": "//thumbs.vivino.com/region_backgrounds/pkKajAn9Qn-TunEfXJX0yw_600x356.jpg"}}, "class": {"typecast_map": {"background_image": {}, "class": {}}}, "statistics": {"wineries_count": 2762, "wines_count": 13141, "sub_regions_count": 13, "parent_regions_count": 0}}, "review_status": 2, "winery": {"id": 34991, "name": "Bodegas Don Diego", "seo_name": "don-diego", "status": 0, "review_status": "Completed", "background_image": null, "statistics": {"ratings_count": 1677, "ratings_average": 3.8, "labels_count": 8338, "wines_count": 7}, "region": {"id": 1729, "name": "Rueda", "name_en": "", "seo_name": "rueda", "country": {"code": "es", "name": "Spain", "native_name": "Espa\u00f1a", "seo_name": "spain", "currency": {"code": "EUR", "name": "Euros", "prefix": "\u20ac", "suffix": null}, "regions_count": 152, "users_count": 2042968, "wines_count": 131377, "wineries_count": 17630, "most_used_grapes": [{"id": 19, "name": "Tempranillo", "seo_name": "tempranillo", "has_detailed_info": true, "wines_count": 172842}, {"id": 142, "name": "Garnacha", "seo_name": "garnacha", "has_detailed_info": true, "wines_count": 58111}, {"id": 2, "name": "Cabernet Sauvignon", "seo_name": "cabernet-sauvignon", "has_detailed_info": true, "wines_count": 801751}]}, "parent_id": 404, "background_image": {"location": "//images.vivino.com/regions/backgrounds/zH1ygLD6R0iuQUwt_T8pqA.jpg", "variations": {"large": "//thumbs.vivino.com/region_backgrounds/zH1ygLD6R0iuQUwt_T8pqA_1280x760.jpg", "medium": "//thumbs.vivino.com/region_backgrounds/zH1ygLD6R0iuQUwt_T8pqA_600x356.jpg"}}, "class": {"typecast_map": {"background_image": {}, "class": {}}}, "statistics": {"wineries_count": 228, "wines_count": 1723, "sub_regions_count": 0, "parent_regions_count": 1}}}, "image": {"location": "//images.vivino.com/thumbs/sYdTefHBSqWkFdXVOSdT8A_pl_480x640.png", "variations": {"bottle_large": "//images.vivino.com/thumbs/sYdTefHBSqWkFdXVOSdT8A_pb_x960.png", "bottle_medium": "//images.vivino.com/thumbs/sYdTefHBSqWkFdXVOSdT8A_pb_x600.png", "bottle_medium_square": "//images.vivino.com/thumbs/sYdTefHBSqWkFdXVOSdT8A_pb_600x600.png", "bottle_small": "//images.vivino.com/thumbs/sYdTefHBSqWkFdXVOSdT8A_pb_x300.png", "bottle_small_square": "//images.vivino.com/thumbs/sYdTefHBSqWkFdXVOSdT8A_pb_300x300.png", "label": "//images.vivino.com/thumbs/sYdTefHBSqWkFdXVOSdT8A_pl_480x640.png", "label_large": "//images.vivino.com/thumbs/sYdTefHBSqWkFdXVOSdT8A_pl_375x500.png", "label_medium": "//images.vivino.com/thumbs/sYdTefHBSqWkFdXVOSdT8A_pl_150x200.png", "label_medium_square": "//images.vivino.com/thumbs/sYdTefHBSqWkFdXVOSdT8A_pl_150x150.png", "label_small_square": "//images.vivino.com/thumbs/sYdTefHBSqWkFdXVOSdT8A_pl_80x80.png", "large": "//images.vivino.com/thumbs/sYdTefHBSqWkFdXVOSdT8A_pl_375x500.png", "medium": "//images.vivino.com/thumbs/sYdTefHBSqWkFdXVOSdT8A_pl_150x200.png", "medium_square": "//images.vivino.com/thumbs/sYdTefHBSqWkFdXVOSdT8A_pl_150x150.png", "small_square": "//images.vivino.com/thumbs/sYdTefHBSqWkFdXVOSdT8A_pl_80x80.png"}}, "statistics": {"status": "Normal", "ratings_count": 766, "ratings_average": 3.9, "labels_count": 4372, "vintages_count": 23}, "rank": null, "hidden": false, "vintages": [{"id": 170582155, "seo_name": "don-diego-sed-de-tramoya-2021", "name": "Bodegas Don Diego Sed de Tramoya Verdejo -  Viura 2021", "statistics": {"status": "BelowThreshold", "ratings_count": 1, "ratings_average": 0, "labels_count": 1, "reviews_count": 0}, "year": 2021, "grapes": null, "has_valid_ratings": false}, {"id": 163777339, "seo_name": "don-diego-sed-de-tramoya-2020", "name": "Bodegas Don Diego Sed de Tramoya Verdejo -  Viura 2020", "statistics": {"status": "Normal", "ratings_count": 134, "ratings_average": 3.8, "labels_count": 934, "reviews_count": 65}, "year": 2020, "grapes": null, "has_valid_ratings": true}, {"id": 160571472, "seo_name": "don-diego-sed-de-tramoya-2019", "name": "Bodegas Don Diego Sed de Tramoya Verdejo -  Viura 2019", "statistics": {"status": "Normal", "ratings_count": 295, "ratings_average": 3.9, "labels_count": 1711, "reviews_count": 116}, "year": 2019, "grapes": null, "has_valid_ratings": true}, {"id": 159628604, "seo_name": "don-diego-sed-de-tramoya-2018", "name": "Bodegas Don Diego Sed de Tramoya Verdejo -  Viura 2018", "statistics": {"status": "Normal", "ratings_count": 121, "ratings_average": 4, "labels_count": 552, "reviews_count": 60}, "year": 2018, "grapes": null, "has_valid_ratings": true}, {"id": 151438560, "seo_name": "don-diego-sed-de-tramoya-2017", "name": "Bodegas Don Diego Sed de Tramoya Verdejo -  Viura 2017", "statistics": {"status": "Normal", "ratings_count": 16, "ratings_average": 4.1, "labels_count": 122, "reviews_count": 7}, "year": 2017, "grapes": null, "has_valid_ratings": true}, {"id": 146233374, "seo_name": "don-diego-sed-de-tramoya-2016", "name": "Bodegas Don Diego Sed de Tramoya Verdejo -  Viura 2016", "statistics": {"status": "Normal", "ratings_count": 46, "ratings_average": 3.7, "labels_count": 213, "reviews_count": 20}, "year": 2016, "grapes": null, "has_valid_ratings": true}, {"id": 15215459, "seo_name": "don-diego-sed-de-tramoya-2015", "name": "Bodegas Don Diego Sed de Tramoya Verdejo -  Viura 2015", "statistics": {"status": "Normal", "ratings_count": 43, "ratings_average": 3.9, "labels_count": 247, "reviews_count": 15}, "year": 2015, "grapes": null, "has_valid_ratings": true}, {"id": 9634935, "seo_name": "don-diego-sed-de-tramoya-2014", "name": "Bodegas Don Diego Sed de Tramoya Verdejo -  Viura 2014", "statistics": {"status": "Normal", "ratings_count": 30, "ratings_average": 3.8, "labels_count": 140, "reviews_count": 14}, "year": 2014, "grapes": null, "has_valid_ratings": true}, {"id": 3788327, "seo_name": "don-diego-sed-de-tramoya-2013", "name": "Bodegas Don Diego Sed de Tramoya Verdejo -  Viura 2013", "statistics": {"status": "Normal", "ratings_count": 21, "ratings_average": 3.6, "labels_count": 146, "reviews_count": 9}, "year": 2013, "grapes": null, "has_valid_ratings": true}, {"id": 2239082, "seo_name": "don-diego-sed-de-tramoya-2012", "name": "Bodegas Don Diego Sed de Tramoya Verdejo -  Viura 2012", "statistics": {"status": "Normal", "ratings_count": 14, "ratings_average": 3.3, "labels_count": 49, "reviews_count": 5}, "year": 2012, "grapes": null, "has_valid_ratings": true}, {"id": 1367060, "seo_name": "don-diego-sed-de-tramoya-2011", "name": "Bodegas Don Diego Sed de Tramoya Verdejo -  Viura 2011", "statistics": {"status": "Normal", "ratings_count": 23, "ratings_average": 3.8, "labels_count": 139, "reviews_count": 9}, "year": 2011, "grapes": null, "has_valid_ratings": true}, {"id": 3842759, "seo_name": "don-diego-sed-de-tramoya-2010", "name": "Bodegas Don Diego Sed de Tramoya Verdejo -  Viura 2010", "statistics": {"status": "BelowThreshold", "ratings_count": 1, "ratings_average": 0, "labels_count": 3, "reviews_count": 1}, "year": 2010, "grapes": null, "has_valid_ratings": false}, {"id": 11553358, "seo_name": "don-diego-sed-de-tramoya-2009", "name": "Bodegas Don Diego Sed de Tramoya Verdejo -  Viura 2009", "statistics": {"status": "BelowThreshold", "ratings_count": 0, "ratings_average": 0, "labels_count": 0, "reviews_count": 0}, "year": 2009, "grapes": null, "has_valid_ratings": false}, {"id": 1383880, "seo_name": "don-diego-sed-de-tramoya-2008", "name": "Bodegas Don Diego Sed de Tramoya Verdejo -  Viura 2008", "statistics": {"status": "BelowThreshold", "ratings_count": 0, "ratings_average": 0, "labels_count": 1, "reviews_count": 0}, "year": 2008, "grapes": null, "has_valid_ratings": false}, {"id": 159134738, "seo_name": "don-diego-sed-de-tramoya-2007", "name": "Bodegas Don Diego Sed de Tramoya Verdejo -  Viura 2007", "statistics": {"status": "BelowThreshold", "ratings_count": 0, "ratings_average": 0, "labels_count": 0, "reviews_count": 0}, "year": 2007, "grapes": null, "has_valid_ratings": false}, {"id": 161152680, "seo_name": "don-diego-sed-de-tramoya-2005", "name": "Bodegas Don Diego Sed de Tramoya Verdejo -  Viura 2005", "statistics": {"status": "BelowThreshold", "ratings_count": 0, "ratings_average": 0, "labels_count": 0, "reviews_count": 0}, "year": 2005, "grapes": null, "has_valid_ratings": false}, {"id": 168731434, "seo_name": "don-diego-sed-de-tramoya-2002", "name": "Bodegas Don Diego Sed de Tramoya Verdejo -  Viura 2002", "statistics": {"status": "BelowThreshold", "ratings_count": 0, "ratings_average": 0, "labels_count": 0, "reviews_count": 0}, "year": 2002, "grapes": null, "has_valid_ratings": false}, {"id": 27344277, "seo_name": "don-diego-sed-de-tramoya-1999", "name": "Bodegas Don Diego Sed de Tramoya Verdejo -  Viura 1999", "statistics": {"status": "BelowThreshold", "ratings_count": 0, "ratings_average": 0, "labels_count": 2, "reviews_count": 0}, "year": 1999, "grapes": null, "has_valid_ratings": false}, {"id": 5092480, "seo_name": "don-diego-sed-de-tramoya-1995", "name": "Bodegas Don Diego Sed de Tramoya Verdejo -  Viura 1995", "statistics": {"status": "BelowThreshold", "ratings_count": 0, "ratings_average": 0, "labels_count": 0, "reviews_count": 0}, "year": 1995, "grapes": null, "has_valid_ratings": false}, {"id": 12205989, "seo_name": "don-diego-sed-de-tramoya-1993", "name": "Bodegas Don Diego Sed de Tramoya Verdejo -  Viura 1993", "statistics": {"status": "BelowThreshold", "ratings_count": 0, "ratings_average": 0, "labels_count": 2, "reviews_count": 0}, "year": 1993, "grapes": null, "has_valid_ratings": false}, {"id": 3187998, "seo_name": "don-diego-sed-de-tramoya-1991", "name": "Bodegas Don Diego Sed de Tramoya Verdejo -  Viura 1991", "statistics": {"status": "BelowThreshold", "ratings_count": 0, "ratings_average": 0, "labels_count": 2, "reviews_count": 0}, "year": 1991, "grapes": null, "has_valid_ratings": false}, {"id": 4668416, "seo_name": "don-diego-sed-de-tramoya-1990", "name": "Bodegas Don Diego Sed de Tramoya Verdejo -  Viura 1990", "statistics": {"status": "BelowThreshold", "ratings_count": 1, "ratings_average": 0, "labels_count": 8, "reviews_count": 1}, "year": 1990, "grapes": null, "has_valid_ratings": false}, {"id": 2313214, "seo_name": "don-diego-sed-de-tramoya-uv", "name": "Bodegas Don Diego Sed de Tramoya Verdejo -  Viura", "statistics": {"status": "Normal", "ratings_count": 766, "ratings_average": 3.9, "labels_count": 74, "reviews_count": 7}, "year": 0, "grapes": null, "has_valid_ratings": true}], "description": "", "grapes": [{"id": 96, "name": "Viura", "seo_name": "viura", "has_detailed_info": false, "wines_count": 13590}, {"id": 118, "name": "Verdejo", "seo_name": "verdejo", "has_detailed_info": false, "wines_count": 17143}], "foods": [{"id": 10, "name": "Pork", "background_image": {"location": "//images.vivino.com/backgrounds/foods/10_pork.png", "variations": {"small": "//images.vivino.com/backgrounds/foods/thumbs/10_pork_932x810.png"}}, "seo_name": "pork"}, {"id": 13, "name": "Shellfish", "background_image": {"location": "//images.vivino.com/backgrounds/foods/13_shellfish.png", "variations": {"small": "//images.vivino.com/backgrounds/foods/thumbs/13_shellfish_932x810.png"}}, "seo_name": "shellfish"}, {"id": 19, "name": "Vegetarian", "background_image": {"location": "//images.vivino.com/backgrounds/foods/19_vegetarian.png", "variations": {"small": "//images.vivino.com/backgrounds/foods/thumbs/19_vegetarian_932x810.png"}}, "seo_name": "vegetarian"}, {"id": 39, "name": "Goat cheese", "background_image": {"location": "//images.vivino.com/backgrounds/foods/39_goatcheese.png", "variations": {"small": "//images.vivino.com/backgrounds/foods/thumbs/39_goatcheese_932x810.png"}}, "seo_name": null}], "non_vintage": false, "alcohol": 13, "sweetness_id": null, "closure": null, "vintage_mask_raw": null, "updated_at": "2018-03-19T15:22:34Z", "created_at": "2012-06-17T07:00:41Z", "is_first_wine": false, "style": null, "has_valid_ratings": true}, "highlights": [{"vintage_id": 151438560, "highlight_type": "best_user_rated", "message": "This vintage rates better than any other year for this wine", "icon": "https://images.vivino.com/highlights/icon/best_user_rated.svg", "metadata": {"price": null, "wine_id": 1239163, "toplist": null, "ws_award": null, "critic_review_id": null, "ratings_average": 4.1, "ratings_count": 16, "vintage_year": "2017", "rank_type": null, "ranks": {"country": {"description": "Rank within Spain", "total": 608784, "rank": 73525}, "region": {"description": "Rank within Wine Region", "total": 7047, "rank": 936}, "winery": {"description": "Rank within Winery", "total": 74, "rank": 13}, "global": {"description": "Global Rank", "total": 8944741, "rank": 1074891}}, "style": null}, "vintage_year": 2017}, {"vintage_id": 160571472, "highlight_type": "most_user_rated", "message": "Popular among Vivino users. More than 200 ratings", "icon": "https://images.vivino.com/highlights/icon/most_user_rated.svg", "metadata": {"price": null, "wine_id": 1239163, "toplist": null, "ws_award": null, "critic_review_id": null, "ratings_average": 3.9, "ratings_count": 295, "vintage_year": "2019", "rank_type": "global", "ranks": {"country": {"description": "Rank within Spain", "total": 608784, "rank": 28439}, "region": {"description": "Rank within Wine Region", "total": 7047, "rank": 257}, "winery": {"description": "Rank within Winery", "total": 74, "rank": 6}, "global": {"description": "Global Rank", "total": 8944741, "rank": 443424}}, "style": null}, "vintage_year": 2019}, {"vintage_id": 159628604, "highlight_type": "top_ranked", "message": "Among top 4% of all wines in the world", "icon": "https://images.vivino.com/highlights/icon/top_ranked.svg", "metadata": {"price": null, "wine_id": 1239163, "toplist": null, "ws_award": null, "critic_review_id": null, "ratings_average": 4, "ratings_count": 121, "vintage_year": "2018", "rank_type": "global", "ranks": {"country": {"description": "Rank within Spain", "total": 608784, "rank": 20324}, "region": {"description": "Rank within Wine Region", "total": 7047, "rank": 166}, "winery": {"description": "Rank within Winery", "total": 74, "rank": 2}, "global": {"description": "Global Rank", "total": 8944741, "rank": 316447}}, "style": null}, "vintage_year": 2018}], "recommended_vintages": [{"vintage": {"id": 151438560, "seo_name": "don-diego-sed-de-tramoya-2017", "name": "Bodegas Don Diego Sed de Tramoya Verdejo -  Viura 2017", "statistics": {"status": "Normal", "ratings_count": 16, "ratings_average": 4.1, "labels_count": 122, "reviews_count": 7}, "year": 2017, "grapes": null, "has_valid_ratings": true}, "type": "best_user_rated", "highlight_icon": "https://images.vivino.com/highlights/icon/best_user_rated.svg", "price": null}, {"vintage": {"id": 160571472, "seo_name": "don-diego-sed-de-tramoya-2019", "name": "Bodegas Don Diego Sed de Tramoya Verdejo -  Viura 2019", "statistics": {"status": "Normal", "ratings_count": 295, "ratings_average": 3.9, "labels_count": 1711, "reviews_count": 116}, "year": 2019, "grapes": null, "has_valid_ratings": true}, "type": "most_user_rated", "highlight_icon": "https://images.vivino.com/highlights/icon/most_user_rated.svg", "price": null}, {"vintage": {"id": 159628604, "seo_name": "don-diego-sed-de-tramoya-2018", "name": "Bodegas Don Diego Sed de Tramoya Verdejo -  Viura 2018", "statistics": {"status": "Normal", "ratings_count": 121, "ratings_average": 4, "labels_count": 552, "reviews_count": 60}, "year": 2018, "grapes": null, "has_valid_ratings": true}, "type": "top_ranked", "highlight_icon": "https://images.vivino.com/highlights/icon/top_ranked.svg", "price": null}], "prices_and_availabilities": [], "price_range": {"currency": {"code": "EUR", "name": "Euros", "prefix": "\u20ac", "suffix": null}, "price_range": {"minimum": 0, "maximum": 500, "currency_code": "EUR"}, "defaults": {"minimum": 7, "maximum": 30, "currency_code": "EUR"}}, "subtotal_price": null}