{"tastes": {"structure": {"acidity": 2.9137695, "fizziness": null, "intensity": 2.9379895, "sweetness": 1.8690681, "tannin": null, "user_structure_count": 26, "calculated_structure_count": 75}, "flavor": [{"group": "tree_fruit", "stats": {"count": 59, "score": 9500, "mentions_count": 95}, "primary_keywords": [{"id": 315, "name": "Birne", "count": 28}, {"id": 195, "name": "Gr\u00fcner Apfel", "count": 22}, {"id": 271, "name": "Melone", "count": 19}, {"id": 9, "name": "Apfel", "count": 9}, {"id": 310, "name": "Pfirsich", "count": 9}, {"id": 11, "name": "Aprikose", "count": 6}, {"id": 204, "name": "Gr\u00fcne Birne", "count": 1}, {"id": 458, "name": "Gelber Apfel", "count": 1}]}, {"group": "citrus_fruit", "stats": {"count": 45, "score": 5625, "mentions_count": 56}, "primary_keywords": [{"id": 106, "name": "Zitrone", "count": 22}, {"id": 243, "name": "Zitrone", "count": 16}, {"id": 190, "name": "Grapefruit", "count": 9}, {"id": 302, "name": "Orangenmark", "count": 3}, {"id": 252, "name": "Limette", "count": 2}, {"id": 109, "name": "Zitrusw\u00fcrze", "count": 1}, {"id": 236, "name": "Echte Limette", "count": 1}, {"id": 248, "name": "Zitronenw\u00fcrze", "count": 1}, {"id": 298, "name": "Orange", "count": 1}], "secondary_keywords": [{"id": 244, "name": "Zitronencreme", "count": 1}]}, {"group": "earth", "stats": {"count": 20, "score": 2003, "mentions_count": 20}, "primary_keywords": [{"id": 276, "name": "Mineralien", "count": 10}, {"id": 398, "name": "Stein", "count": 2}, {"id": 377, "name": "Salz", "count": 2}, {"id": 384, "name": "Rauch", "count": 1}, {"id": 156, "name": "Erdig", "count": 1}, {"id": 376, "name": "Saline", "count": 1}, {"id": 28, "name": "Bienenwachs", "count": 1}, {"id": 218, "name": "Honig", "count": 1}, {"id": 465, "name": "Gummi", "count": 1}], "secondary_keywords": [{"id": 267, "name": "Marzipan", "count": 1}, {"id": 6, "name": "Mandel", "count": 1}]}, {"group": "tropical_fruit", "stats": {"count": 14, "score": 1600, "mentions_count": 16}, "primary_keywords": [{"id": 329, "name": "Ananas", "count": 6}, {"id": 261, "name": "Mango", "count": 3}, {"id": 256, "name": "Litschi", "count": 3}, {"id": 428, "name": "Tropisch", "count": 2}, {"id": 210, "name": "Guave", "count": 1}, {"id": 237, "name": "Kiwi", "count": 1}]}, {"group": "vegetal", "stats": {"count": 12, "score": 1310, "mentions_count": 13}, "primary_keywords": [{"id": 399, "name": "Stroh", "count": 7}, {"id": 193, "name": "Gras", "count": 4}, {"id": 185, "name": "Stachelbeere", "count": 1}, {"id": 16, "name": "Spargel", "count": 1}], "secondary_keywords": [{"id": 6, "name": "Mandel", "count": 1}]}, {"group": "microbio", "stats": {"count": 8, "score": 593, "mentions_count": 6}, "primary_keywords": [{"id": 123, "name": "Creme", "count": 4}, {"id": 244, "name": "Zitronencreme", "count": 1}, {"id": 295, "name": "\u00d6l", "count": 1}], "secondary_keywords": [{"id": 70, "name": "Butter", "count": 1}, {"id": 6, "name": "Mandel", "count": 1}]}, {"group": "oak", "stats": {"count": 7, "score": 447, "mentions_count": 4}, "primary_keywords": [{"id": 292, "name": "Eiche", "count": 1}, {"id": 70, "name": "Butter", "count": 1}, {"id": 72, "name": "Karamellbonbon", "count": 1}, {"id": 434, "name": "Vanille", "count": 1}], "secondary_keywords": [{"id": 384, "name": "Rauch", "count": 1}, {"id": 244, "name": "Zitronencreme", "count": 1}, {"id": 267, "name": "Marzipan", "count": 1}, {"id": 6, "name": "Mandel", "count": 1}]}, {"group": "non_oak", "stats": {"count": 4, "score": 216, "mentions_count": 3}, "primary_keywords": [{"id": 267, "name": "Marzipan", "count": 1}, {"id": 6, "name": "Mandel", "count": 1}, {"id": 291, "name": "Nussig", "count": 1}], "secondary_keywords": [{"id": 384, "name": "Rauch", "count": 1}, {"id": 434, "name": "Vanille", "count": 1}]}, {"group": "floral", "stats": {"count": 3, "score": 300, "mentions_count": 3}, "primary_keywords": [{"id": 221, "name": "Gei\u00dfblatt", "count": 1}, {"id": 2, "name": "Akazie", "count": 1}, {"id": 322, "name": "Parf\u00fcm", "count": 1}]}, {"group": "spices", "stats": {"count": 3, "score": 206, "mentions_count": 2}, "primary_keywords": [{"id": 320, "name": "Pfeffer", "count": 2}], "secondary_keywords": [{"id": 434, "name": "Vanille", "count": 1}]}, {"group": "red_fruit", "stats": {"count": 1, "score": 100, "mentions_count": 1}, "primary_keywords": [{"id": 336, "name": "Granatapfel", "count": 1}]}]}, "vivino_id": "1679044"}