{"vintage": {"id": 161081413, "seo_name": "andre-lurton-diane-sauvignon-blanc-uv", "name": "Andr\u00e9 Lurton Diane Sauvignon Blanc", "statistics": {"status": "Normal", "ratings_count": 193, "ratings_average": 3.8, "labels_count": 143, "reviews_count": 4}, "organic_certification_id": null, "certified_biodynamic": null, "image": {"location": "//images.vivino.com/labels/cquOtQ2cSoexAh8NgbahwA.jpg", "variations": {"large": "//images.vivino.com/thumbs/cquOtQ2cSoexAh8NgbahwA_375x500.jpg", "medium": "//images.vivino.com/thumbs/cquOtQ2cSoexAh8NgbahwA_150x200.jpg", "medium_square": "//images.vivino.com/thumbs/cquOtQ2cSoexAh8NgbahwA_150x150.jpg", "small_square": "//images.vivino.com/thumbs/cquOtQ2cSoexAh8NgbahwA_80x80.jpg"}}, "wine": {"id": 7420634, "name": "Diane Sauvignon Blanc", "seo_name": "diane-sauvignon-blanc", "type_id": 2, "vintage_type": 0, "is_natural": false, "region": {"id": 440, "name": "Entre-deux-Mers", "name_en": "", "seo_name": "entre-deux-mers", "country": {"code": "fr", "name": "France", "native_name": "France", "seo_name": "france", "currency": {"code": "EUR", "name": "Euros", "prefix": "\u20ac", "suffix": null}, "regions_count": 1292, "users_count": 5068363, "wines_count": 542471, "wineries_count": 67002, "most_used_grapes": [{"id": 14, "name": "Pinot Noir", "seo_name": "pinot-noir", "has_detailed_info": true, "wines_count": 572334}, {"id": 10, "name": "Merlot", "seo_name": "merlot", "has_detailed_info": true, "wines_count": 566719}, {"id": 5, "name": "Chardonnay", "seo_name": "chardonnay", "has_detailed_info": true, "wines_count": 604208}]}, "parent_id": 383, "background_image": null, "class": {"typecast_map": {"background_image": {}, "class": {}}}, "statistics": {"wineries_count": 368, "wines_count": 1999, "sub_regions_count": 7, "parent_regions_count": 1}}, "review_status": 2, "winery": {"id": 10834, "name": "Andr\u00e9 Lurton", "seo_name": "andre-lurton", "status": 0, "review_status": "Completed", "background_image": null, "statistics": {"ratings_count": 4940, "ratings_average": 3.5, "labels_count": 71691, "wines_count": 41}, "region": {"id": 471, "name": "Pessac-L\u00e9ognan", "name_en": "", "seo_name": "pessac-leognan", "country": {"code": "fr", "name": "France", "native_name": "France", "seo_name": "france", "currency": {"code": "EUR", "name": "Euros", "prefix": "\u20ac", "suffix": null}, "regions_count": 1292, "users_count": 5068363, "wines_count": 542471, "wineries_count": 67002, "most_used_grapes": [{"id": 14, "name": "Pinot Noir", "seo_name": "pinot-noir", "has_detailed_info": true, "wines_count": 572334}, {"id": 10, "name": "Merlot", "seo_name": "merlot", "has_detailed_info": true, "wines_count": 566719}, {"id": 5, "name": "Chardonnay", "seo_name": "chardonnay", "has_detailed_info": true, "wines_count": 604208}]}, "parent_id": 451, "background_image": {"location": "//images.vivino.com/regions/backgrounds/yXeD5eTJT4uruJ9EMbWOKg.jpg", "variations": {"large": "//thumbs.vivino.com/region_backgrounds/yXeD5eTJT4uruJ9EMbWOKg_1280x760.jpg", "medium": "//thumbs.vivino.com/region_backgrounds/yXeD5eTJT4uruJ9EMbWOKg_600x356.jpg"}}, "class": {"typecast_map": {"background_image": {}, "class": {}}}, "statistics": {"wineries_count": 113, "wines_count": 533, "sub_regions_count": 0, "parent_regions_count": 2}}, "business_name": "Vignobles Andr\u00e9 Lurton", "description": "", "specialists_notes": "", "phone": "+33 5 57 25 58 58", "email": "v.bouffard@andrelurton.com", "facebook": "https://www.facebook.com/andrelurton", "instagram": "", "is_claimed": false, "twitter": "@AndreLurton", "website": "http://www.andrelurton.com", "winemaker": null, "wine_maker": null, "address": {"title": null, "name": null, "street": "Ch\u00e2teau Bonnet", "street2": null, "neighborhood": null, "city": "Gr\u00e9zillac", "zip": "33420", "state": null, "country": {"code": "fr", "name": "France", "native_name": "France", "seo_name": "france", "currency": {"code": "EUR", "name": "Euros", "prefix": "\u20ac", "suffix": null}, "regions_count": 1292, "users_count": 5068363, "wines_count": 542471, "wineries_count": 67002, "most_used_grapes": [{"id": 14, "name": "Pinot Noir", "seo_name": "pinot-noir", "has_detailed_info": true, "wines_count": 572334}, {"id": 10, "name": "Merlot", "seo_name": "merlot", "has_detailed_info": true, "wines_count": 566719}, {"id": 5, "name": "Chardonnay", "seo_name": "chardonnay", "has_detailed_info": true, "wines_count": 604208}]}, "company": null, "phone": null, "external_id": null, "residential": null, "vat_number": null, "vat_code": null, "addition": null}, "image": null, "location": {"latitude": 44.757343, "longitude": -0.583687}, "winery_group": {"id": 100, "name": "Lurton, Andr\u00e9", "website": "http://www.andrelurton.com/"}, "first_wines": [], "sponsored_entity_type": null, "sponsored_entity": null}, "statistics": {"status": "Normal", "ratings_count": 193, "ratings_average": 3.8, "labels_count": 1799, "vintages_count": 15}, "rank": {"country": {"description": "Rank within France", "total": 317720, "rank": 40439}, "region": {"description": "Rank within Wine Region", "total": 452, "rank": 187}, "winery": {"description": "Rank within Winery", "total": 40, "rank": 3}, "wine_type": {"description": "Rank within all White Wine", "total": 398755, "rank": 38116}, "global": {"description": "Global Rank", "total": 1302067, "rank": 149323}}, "hidden": false, "vintages": [{"id": 165785423, "seo_name": "andre-lurton-diane-sauvignon-blanc-2020", "name": "Andr\u00e9 Lurton Diane Sauvignon Blanc 2020", "statistics": {"status": "Normal", "ratings_count": 12, "ratings_average": 3.8, "labels_count": 46, "reviews_count": 7}, "year": 2020, "grapes": null, "has_valid_ratings": true}, {"id": 161858054, "seo_name": "andre-lurton-diane-sauvignon-blanc-2019", "name": "Andr\u00e9 Lurton Diane Sauvignon Blanc 2019", "statistics": {"status": "Normal", "ratings_count": 137, "ratings_average": 3.8, "labels_count": 1386, "reviews_count": 56}, "year": 2019, "grapes": null, "has_valid_ratings": true}, {"id": 161081414, "seo_name": "andre-lurton-diane-sauvignon-blanc-2018", "name": "Andr\u00e9 Lurton Diane Sauvignon Blanc 2018", "statistics": {"status": "Normal", "ratings_count": 22, "ratings_average": 3.7, "labels_count": 165, "reviews_count": 12}, "year": 2018, "grapes": null, "has_valid_ratings": true}, {"id": 162426378, "seo_name": "andre-lurton-diane-sauvignon-blanc-2017", "name": "Andr\u00e9 Lurton Diane Sauvignon Blanc 2017", "statistics": {"status": "BelowThreshold", "ratings_count": 1, "ratings_average": 0, "labels_count": 15, "reviews_count": 0}, "year": 2017, "grapes": null, "has_valid_ratings": false}, {"id": 161771071, "seo_name": "andre-lurton-diane-sauvignon-blanc-2013", "name": "Andr\u00e9 Lurton Diane Sauvignon Blanc 2013", "statistics": {"status": "BelowThreshold", "ratings_count": 1, "ratings_average": 0, "labels_count": 11, "reviews_count": 1}, "year": 2013, "grapes": null, "has_valid_ratings": false}, {"id": 161081413, "seo_name": "andre-lurton-diane-sauvignon-blanc-uv", "name": "Andr\u00e9 Lurton Diane Sauvignon Blanc", "statistics": {"status": "Normal", "ratings_count": 193, "ratings_average": 3.8, "labels_count": 143, "reviews_count": 4}, "year": 0, "grapes": null, "has_valid_ratings": true}], "description": "", "grapes": [{"id": 17, "name": "Sauvignon Blanc", "seo_name": "sauvignon-blanc", "has_detailed_info": true, "wines_count": 292440}], "foods": [{"id": 10, "name": "Pork", "background_image": {"location": "//images.vivino.com/backgrounds/foods/10_pork.png", "variations": {"small": "//images.vivino.com/backgrounds/foods/thumbs/10_pork_932x810.png"}}, "seo_name": "pork"}, {"id": 19, "name": "Vegetarian", "background_image": {"location": "//images.vivino.com/backgrounds/foods/19_vegetarian.png", "variations": {"small": "//images.vivino.com/backgrounds/foods/thumbs/19_vegetarian_932x810.png"}}, "seo_name": "vegetarian"}, {"id": 20, "name": "Poultry", "background_image": {"location": "//images.vivino.com/backgrounds/foods/20_chicken.png", "variations": {"small": "//images.vivino.com/backgrounds/foods/thumbs/20_chicken_932x810.png"}}, "seo_name": "poultry"}, {"id": 27, "name": "Appetizers and snacks", "background_image": {"location": "//images.vivino.com/backgrounds/foods/27_appetizers-snacks.png", "variations": {"small": "//images.vivino.com/backgrounds/foods/thumbs/27_appetizers-snacks_932x810.png"}}, "seo_name": null}, {"id": 28, "name": "Lean fish", "background_image": {"location": "//images.vivino.com/backgrounds/foods/28_leanfish.png", "variations": {"small": "//images.vivino.com/backgrounds/foods/thumbs/28_leanfish_932x810.png"}}, "seo_name": null}], "non_vintage": false, "alcohol": 13, "sweetness_id": null, "closure": null, "vintage_mask_raw": null, "updated_at": "2019-07-14T04:43:20Z", "created_at": "2019-07-13T05:26:38Z", "is_first_wine": false, "style": {"id": 21, "seo_name": "bordeaux-white", "regional_name": "Bordeaux", "varietal_name": "White", "name": "Bordeaux White", "image": null, "background_image": null, "description": "Bordeaux is the largest wine producing region in France and is home to some seriously fabulous wines. While Bordeaux is better-known for its reds, or as the British affectionately call them, clarets, its whites are world class too.\n\nWhite wine production in Bordeaux is rather sparse, as compared with reds, and comprises roughly 11% of overall volume. But don't worry, that's still over 7 million cases of white wine!\n\nAs with the reds, Bordeaux Blanc are mostly blends. The most common variety is S\u00e9millon, followed by Sauvignon Blanc and Muscadelle. Bordeaux is also home to some of the most famous dessert wines in the world, from the renowned Sauternes sub-appellation and Barsac.\n\nThe best dry white wines are from the Graves region, and are usually lightly oak aged. White Bordeaux often possess vibrant acidity and elegant citrus notes that lean toward white grapefruit. These brilliant, charming whites are exquisite when paired with scallops, roast chicken with tarragon, asparagus quiche or salads with shaved fennel.\n\nSauternes owe their characteristic depth and concentration to Botrytis cinerea (or Noble Rot, an infection which causes the grapes to shrivel). The quintessential French pairing with Sauternes is foie gras, or duck pat\u00e9. Soft-ripened cheeses and desserts like cr\u00e8me br\u00fbl\u00e9e are excellent matches. The sweet wines from Barsac are worth exploring, and tend to be less expensive.", "blurb": null, "interesting_facts": ["The most prized dry white Bordeaux is from Ch\u00e2teau Haut-Brion and will fetch more than $1000 per bottle in a good vintage year.", "Ch\u00e2teau d'Yquem is the only Sauternes classified as a First Growth (or Premier Cru Sup\u00e9rieur).", "Thomas Jefferson was fond of Ch\u00e2teau d'Yquem, he personally ordered 250 bottles of the 1784 vintage, as well as additional bottles for George Washington.", "In 2011 a single bottle of 1811 Ch\u00e2teau d'Yquem was auctioned for $117,000, making it the most expensive white wine ever sold!"], "body": 3, "body_description": "Medium-bodied", "acidity": 3, "acidity_description": "High", "country": {"code": "fr", "name": "France", "native_name": "France", "seo_name": "france", "currency": {"code": "EUR", "name": "Euros", "prefix": "\u20ac", "suffix": null}, "regions_count": 1292, "users_count": 5068363, "wines_count": 542471, "wineries_count": 67002, "most_used_grapes": [{"id": 14, "name": "Pinot Noir", "seo_name": "pinot-noir", "has_detailed_info": true, "wines_count": 572334}, {"id": 10, "name": "Merlot", "seo_name": "merlot", "has_detailed_info": true, "wines_count": 566719}, {"id": 5, "name": "Chardonnay", "seo_name": "chardonnay", "has_detailed_info": true, "wines_count": 604208}]}, "wine_type_id": 2, "food": [{"id": 10, "name": "Pork", "background_image": {"location": "//images.vivino.com/backgrounds/foods/10_pork.png", "variations": {"small": "//images.vivino.com/backgrounds/foods/thumbs/10_pork_932x810.png"}}, "seo_name": "pork"}, {"id": 19, "name": "Vegetarian", "background_image": {"location": "//images.vivino.com/backgrounds/foods/19_vegetarian.png", "variations": {"small": "//images.vivino.com/backgrounds/foods/thumbs/19_vegetarian_932x810.png"}}, "seo_name": "vegetarian"}, {"id": 20, "name": "Poultry", "background_image": {"location": "//images.vivino.com/backgrounds/foods/20_chicken.png", "variations": {"small": "//images.vivino.com/backgrounds/foods/thumbs/20_chicken_932x810.png"}}, "seo_name": "poultry"}, {"id": 27, "name": "Appetizers and snacks", "background_image": {"location": "//images.vivino.com/backgrounds/foods/27_appetizers-snacks.png", "variations": {"small": "//images.vivino.com/backgrounds/foods/thumbs/27_appetizers-snacks_932x810.png"}}, "seo_name": null}, {"id": 28, "name": "Lean fish", "background_image": {"location": "//images.vivino.com/backgrounds/foods/28_leanfish.png", "variations": {"small": "//images.vivino.com/backgrounds/foods/thumbs/28_leanfish_932x810.png"}}, "seo_name": null}], "grapes": [{"id": 17, "name": "Sauvignon Blanc", "seo_name": "sauvignon-blanc", "has_detailed_info": true, "wines_count": 292440}, {"id": 18, "name": "S\u00e9millon", "seo_name": "semillion", "has_detailed_info": true, "wines_count": 65710}, {"id": 89, "name": "Muscadelle", "seo_name": "muscadelle", "has_detailed_info": false, "wines_count": 10051}], "region": {"id": 383, "name": "Bordeaux", "name_en": "", "seo_name": "bordeaux", "country": {"code": "fr", "name": "France", "native_name": "France", "seo_name": "france", "currency": {"code": "EUR", "name": "Euros", "prefix": "\u20ac", "suffix": null}, "regions_count": 1292, "users_count": 5068363, "wines_count": 542471, "wineries_count": 67002, "most_used_grapes": [{"id": 14, "name": "Pinot Noir", "seo_name": "pinot-noir", "has_detailed_info": true, "wines_count": 572334}, {"id": 10, "name": "Merlot", "seo_name": "merlot", "has_detailed_info": true, "wines_count": 566719}, {"id": 5, "name": "Chardonnay", "seo_name": "chardonnay", "has_detailed_info": true, "wines_count": 604208}]}, "parent_id": null, "background_image": {"location": "//images.vivino.com/regions/backgrounds/sbzA7h1ITnaHABaVqWJ4CA.jpg", "variations": {"large": "//thumbs.vivino.com/region_backgrounds/sbzA7h1ITnaHABaVqWJ4CA_1280x760.jpg", "medium": "//thumbs.vivino.com/region_backgrounds/sbzA7h1ITnaHABaVqWJ4CA_600x356.jpg"}}, "class": {"typecast_map": {"background_image": {}, "class": {}}}, "statistics": {"wineries_count": 13330, "wines_count": 41775, "sub_regions_count": 12, "parent_regions_count": 0}}}, "has_valid_ratings": true}, "description": "", "wine_critic_reviews": [], "awards": [], "ratings_distribution": {"1": 2, "2": 10, "3": 67, "4": 96, "5": 18}, "ranking": {"country": {"description": "Rank within France", "total": 2497598, "rank": 365143}, "region": {"description": "Rank within Wine Region", "total": 8379, "rank": 2686}, "winery": {"description": "Rank within Winery", "total": 359, "rank": 20}, "global": {"description": "Global Rank", "total": 8944648, "rank": 1317442}}, "wine_facts": {}, "winemaker": null, "wine_maker": null, "grape_composition": {}, "year": "", "grapes": null, "has_valid_ratings": true}, "carts": null, "full_region": null, "tastes": null, "wine": {"id": 7420634, "name": "Diane Sauvignon Blanc", "seo_name": "diane-sauvignon-blanc", "type_id": 2, "vintage_type": 0, "is_natural": false, "region": {"id": 440, "name": "Entre-deux-Mers", "name_en": "", "seo_name": "entre-deux-mers", "country": {"code": "fr", "name": "France", "native_name": "France", "seo_name": "france", "currency": {"code": "EUR", "name": "Euros", "prefix": "\u20ac", "suffix": null}, "regions_count": 1292, "users_count": 5068363, "wines_count": 542471, "wineries_count": 67002, "most_used_grapes": [{"id": 14, "name": "Pinot Noir", "seo_name": "pinot-noir", "has_detailed_info": true, "wines_count": 572334}, {"id": 10, "name": "Merlot", "seo_name": "merlot", "has_detailed_info": true, "wines_count": 566719}, {"id": 5, "name": "Chardonnay", "seo_name": "chardonnay", "has_detailed_info": true, "wines_count": 604208}]}, "parent_id": 383, "background_image": null, "class": {"typecast_map": {"background_image": {}, "class": {}}}, "statistics": {"wineries_count": 368, "wines_count": 1999, "sub_regions_count": 7, "parent_regions_count": 1}}, "review_status": 2, "winery": {"id": 10834, "name": "Andr\u00e9 Lurton", "seo_name": "andre-lurton", "status": 0, "review_status": "Completed", "background_image": null, "statistics": {"ratings_count": 4940, "ratings_average": 3.5, "labels_count": 71691, "wines_count": 41}, "region": {"id": 471, "name": "Pessac-L\u00e9ognan", "name_en": "", "seo_name": "pessac-leognan", "country": {"code": "fr", "name": "France", "native_name": "France", "seo_name": "france", "currency": {"code": "EUR", "name": "Euros", "prefix": "\u20ac", "suffix": null}, "regions_count": 1292, "users_count": 5068363, "wines_count": 542471, "wineries_count": 67002, "most_used_grapes": [{"id": 14, "name": "Pinot Noir", "seo_name": "pinot-noir", "has_detailed_info": true, "wines_count": 572334}, {"id": 10, "name": "Merlot", "seo_name": "merlot", "has_detailed_info": true, "wines_count": 566719}, {"id": 5, "name": "Chardonnay", "seo_name": "chardonnay", "has_detailed_info": true, "wines_count": 604208}]}, "parent_id": 451, "background_image": {"location": "//images.vivino.com/regions/backgrounds/yXeD5eTJT4uruJ9EMbWOKg.jpg", "variations": {"large": "//thumbs.vivino.com/region_backgrounds/yXeD5eTJT4uruJ9EMbWOKg_1280x760.jpg", "medium": "//thumbs.vivino.com/region_backgrounds/yXeD5eTJT4uruJ9EMbWOKg_600x356.jpg"}}, "class": {"typecast_map": {"background_image": {}, "class": {}}}, "statistics": {"wineries_count": 113, "wines_count": 533, "sub_regions_count": 0, "parent_regions_count": 2}}}, "image": {"location": "//images.vivino.com/labels/cquOtQ2cSoexAh8NgbahwA.jpg", "variations": {"large": "//images.vivino.com/thumbs/cquOtQ2cSoexAh8NgbahwA_375x500.jpg", "medium": "//images.vivino.com/thumbs/cquOtQ2cSoexAh8NgbahwA_150x200.jpg", "medium_square": "//images.vivino.com/thumbs/cquOtQ2cSoexAh8NgbahwA_150x150.jpg", "small_square": "//images.vivino.com/thumbs/cquOtQ2cSoexAh8NgbahwA_80x80.jpg"}}, "statistics": {"status": "Normal", "ratings_count": 193, "ratings_average": 3.8, "labels_count": 1799, "vintages_count": 15}, "rank": null, "hidden": false, "vintages": [{"id": 165785423, "seo_name": "andre-lurton-diane-sauvignon-blanc-2020", "name": "Andr\u00e9 Lurton Diane Sauvignon Blanc 2020", "statistics": {"status": "Normal", "ratings_count": 12, "ratings_average": 3.8, "labels_count": 46, "reviews_count": 7}, "year": 2020, "grapes": null, "has_valid_ratings": true}, {"id": 161858054, "seo_name": "andre-lurton-diane-sauvignon-blanc-2019", "name": "Andr\u00e9 Lurton Diane Sauvignon Blanc 2019", "statistics": {"status": "Normal", "ratings_count": 137, "ratings_average": 3.8, "labels_count": 1386, "reviews_count": 56}, "year": 2019, "grapes": null, "has_valid_ratings": true}, {"id": 161081414, "seo_name": "andre-lurton-diane-sauvignon-blanc-2018", "name": "Andr\u00e9 Lurton Diane Sauvignon Blanc 2018", "statistics": {"status": "Normal", "ratings_count": 22, "ratings_average": 3.7, "labels_count": 165, "reviews_count": 12}, "year": 2018, "grapes": null, "has_valid_ratings": true}, {"id": 162426378, "seo_name": "andre-lurton-diane-sauvignon-blanc-2017", "name": "Andr\u00e9 Lurton Diane Sauvignon Blanc 2017", "statistics": {"status": "BelowThreshold", "ratings_count": 1, "ratings_average": 0, "labels_count": 15, "reviews_count": 0}, "year": 2017, "grapes": null, "has_valid_ratings": false}, {"id": 161312911, "seo_name": "andre-lurton-diane-sauvignon-blanc-2016", "name": "Andr\u00e9 Lurton Diane Sauvignon Blanc 2016", "statistics": {"status": "BelowThreshold", "ratings_count": 0, "ratings_average": 0, "labels_count": 7, "reviews_count": 0}, "year": 2016, "grapes": null, "has_valid_ratings": false}, {"id": 164614129, "seo_name": "andre-lurton-diane-sauvignon-blanc-2015", "name": "Andr\u00e9 Lurton Diane Sauvignon Blanc 2015", "statistics": {"status": "BelowThreshold", "ratings_count": 0, "ratings_average": 0, "labels_count": 1, "reviews_count": 0}, "year": 2015, "grapes": null, "has_valid_ratings": false}, {"id": 162816362, "seo_name": "andre-lurton-diane-sauvignon-blanc-2014", "name": "Andr\u00e9 Lurton Diane Sauvignon Blanc 2014", "statistics": {"status": "BelowThreshold", "ratings_count": 0, "ratings_average": 0, "labels_count": 1, "reviews_count": 0}, "year": 2014, "grapes": null, "has_valid_ratings": false}, {"id": 161771071, "seo_name": "andre-lurton-diane-sauvignon-blanc-2013", "name": "Andr\u00e9 Lurton Diane Sauvignon Blanc 2013", "statistics": {"status": "BelowThreshold", "ratings_count": 1, "ratings_average": 0, "labels_count": 11, "reviews_count": 1}, "year": 2013, "grapes": null, "has_valid_ratings": false}, {"id": 162936789, "seo_name": "andre-lurton-diane-sauvignon-blanc-2012", "name": "Andr\u00e9 Lurton Diane Sauvignon Blanc 2012", "statistics": {"status": "BelowThreshold", "ratings_count": 0, "ratings_average": 0, "labels_count": 3, "reviews_count": 0}, "year": 2012, "grapes": null, "has_valid_ratings": false}, {"id": 163555636, "seo_name": "andre-lurton-diane-sauvignon-blanc-2010", "name": "Andr\u00e9 Lurton Diane Sauvignon Blanc 2010", "statistics": {"status": "BelowThreshold", "ratings_count": 0, "ratings_average": 0, "labels_count": 3, "reviews_count": 0}, "year": 2010, "grapes": null, "has_valid_ratings": false}, {"id": 161946604, "seo_name": "andre-lurton-diane-sauvignon-blanc-2009", "name": "Andr\u00e9 Lurton Diane Sauvignon Blanc 2009", "statistics": {"status": "BelowThreshold", "ratings_count": 0, "ratings_average": 0, "labels_count": 1, "reviews_count": 0}, "year": 2009, "grapes": null, "has_valid_ratings": false}, {"id": 167527242, "seo_name": "andre-lurton-diane-sauvignon-blanc-2006", "name": "Andr\u00e9 Lurton Diane Sauvignon Blanc 2006", "statistics": {"status": "BelowThreshold", "ratings_count": 0, "ratings_average": 0, "labels_count": 3, "reviews_count": 0}, "year": 2006, "grapes": null, "has_valid_ratings": false}, {"id": 164085900, "seo_name": "andre-lurton-diane-sauvignon-blanc-2005", "name": "Andr\u00e9 Lurton Diane Sauvignon Blanc 2005", "statistics": {"status": "BelowThreshold", "ratings_count": 0, "ratings_average": 0, "labels_count": 3, "reviews_count": 0}, "year": 2005, "grapes": null, "has_valid_ratings": false}, {"id": 162845914, "seo_name": "andre-lurton-diane-sauvignon-blanc-2000", "name": "Andr\u00e9 Lurton Diane Sauvignon Blanc 2000", "statistics": {"status": "BelowThreshold", "ratings_count": 0, "ratings_average": 0, "labels_count": 1, "reviews_count": 0}, "year": 2000, "grapes": null, "has_valid_ratings": false}, {"id": 161081413, "seo_name": "andre-lurton-diane-sauvignon-blanc-uv", "name": "Andr\u00e9 Lurton Diane Sauvignon Blanc", "statistics": {"status": "Normal", "ratings_count": 193, "ratings_average": 3.8, "labels_count": 143, "reviews_count": 4}, "year": 0, "grapes": null, "has_valid_ratings": true}], "description": "", "grapes": [{"id": 17, "name": "Sauvignon Blanc", "seo_name": "sauvignon-blanc", "has_detailed_info": true, "wines_count": 292440}], "foods": [{"id": 10, "name": "Pork", "background_image": {"location": "//images.vivino.com/backgrounds/foods/10_pork.png", "variations": {"small": "//images.vivino.com/backgrounds/foods/thumbs/10_pork_932x810.png"}}, "seo_name": "pork"}, {"id": 19, "name": "Vegetarian", "background_image": {"location": "//images.vivino.com/backgrounds/foods/19_vegetarian.png", "variations": {"small": "//images.vivino.com/backgrounds/foods/thumbs/19_vegetarian_932x810.png"}}, "seo_name": "vegetarian"}, {"id": 20, "name": "Poultry", "background_image": {"location": "//images.vivino.com/backgrounds/foods/20_chicken.png", "variations": {"small": "//images.vivino.com/backgrounds/foods/thumbs/20_chicken_932x810.png"}}, "seo_name": "poultry"}, {"id": 27, "name": "Appetizers and snacks", "background_image": {"location": "//images.vivino.com/backgrounds/foods/27_appetizers-snacks.png", "variations": {"small": "//images.vivino.com/backgrounds/foods/thumbs/27_appetizers-snacks_932x810.png"}}, "seo_name": null}, {"id": 28, "name": "Lean fish", "background_image": {"location": "//images.vivino.com/backgrounds/foods/28_leanfish.png", "variations": {"small": "//images.vivino.com/backgrounds/foods/thumbs/28_leanfish_932x810.png"}}, "seo_name": null}], "non_vintage": false, "alcohol": 13, "sweetness_id": null, "closure": null, "vintage_mask_raw": null, "updated_at": "2019-07-14T04:43:20Z", "created_at": "2019-07-13T05:26:38Z", "is_first_wine": false, "style": {"id": 21, "seo_name": "bordeaux-white", "regional_name": "Bordeaux", "varietal_name": "White", "name": "Bordeaux White", "image": null, "background_image": null, "description": "Bordeaux is the largest wine producing region in France and is home to some seriously fabulous wines. While Bordeaux is better-known for its reds, or as the British affectionately call them, clarets, its whites are world class too.\n\nWhite wine production in Bordeaux is rather sparse, as compared with reds, and comprises roughly 11% of overall volume. But don't worry, that's still over 7 million cases of white wine!\n\nAs with the reds, Bordeaux Blanc are mostly blends. The most common variety is S\u00e9millon, followed by Sauvignon Blanc and Muscadelle. Bordeaux is also home to some of the most famous dessert wines in the world, from the renowned Sauternes sub-appellation and Barsac.\n\nThe best dry white wines are from the Graves region, and are usually lightly oak aged. White Bordeaux often possess vibrant acidity and elegant citrus notes that lean toward white grapefruit. These brilliant, charming whites are exquisite when paired with scallops, roast chicken with tarragon, asparagus quiche or salads with shaved fennel.\n\nSauternes owe their characteristic depth and concentration to Botrytis cinerea (or Noble Rot, an infection which causes the grapes to shrivel). The quintessential French pairing with Sauternes is foie gras, or duck pat\u00e9. Soft-ripened cheeses and desserts like cr\u00e8me br\u00fbl\u00e9e are excellent matches. The sweet wines from Barsac are worth exploring, and tend to be less expensive.", "blurb": null, "interesting_facts": ["The most prized dry white Bordeaux is from Ch\u00e2teau Haut-Brion and will fetch more than $1000 per bottle in a good vintage year.", "Ch\u00e2teau d'Yquem is the only Sauternes classified as a First Growth (or Premier Cru Sup\u00e9rieur).", "Thomas Jefferson was fond of Ch\u00e2teau d'Yquem, he personally ordered 250 bottles of the 1784 vintage, as well as additional bottles for George Washington.", "In 2011 a single bottle of 1811 Ch\u00e2teau d'Yquem was auctioned for $117,000, making it the most expensive white wine ever sold!"], "body": 3, "body_description": "Medium-bodied", "acidity": 3, "acidity_description": "High", "country": {"code": "fr", "name": "France", "native_name": "France", "seo_name": "france", "currency": {"code": "EUR", "name": "Euros", "prefix": "\u20ac", "suffix": null}, "regions_count": 1292, "users_count": 5068363, "wines_count": 542471, "wineries_count": 67002, "most_used_grapes": [{"id": 14, "name": "Pinot Noir", "seo_name": "pinot-noir", "has_detailed_info": true, "wines_count": 572334}, {"id": 10, "name": "Merlot", "seo_name": "merlot", "has_detailed_info": true, "wines_count": 566719}, {"id": 5, "name": "Chardonnay", "seo_name": "chardonnay", "has_detailed_info": true, "wines_count": 604208}]}, "wine_type_id": 2, "food": [{"id": 10, "name": "Pork", "background_image": {"location": "//images.vivino.com/backgrounds/foods/10_pork.png", "variations": {"small": "//images.vivino.com/backgrounds/foods/thumbs/10_pork_932x810.png"}}, "seo_name": "pork"}, {"id": 19, "name": "Vegetarian", "background_image": {"location": "//images.vivino.com/backgrounds/foods/19_vegetarian.png", "variations": {"small": "//images.vivino.com/backgrounds/foods/thumbs/19_vegetarian_932x810.png"}}, "seo_name": "vegetarian"}, {"id": 20, "name": "Poultry", "background_image": {"location": "//images.vivino.com/backgrounds/foods/20_chicken.png", "variations": {"small": "//images.vivino.com/backgrounds/foods/thumbs/20_chicken_932x810.png"}}, "seo_name": "poultry"}, {"id": 27, "name": "Appetizers and snacks", "background_image": {"location": "//images.vivino.com/backgrounds/foods/27_appetizers-snacks.png", "variations": {"small": "//images.vivino.com/backgrounds/foods/thumbs/27_appetizers-snacks_932x810.png"}}, "seo_name": null}, {"id": 28, "name": "Lean fish", "background_image": {"location": "//images.vivino.com/backgrounds/foods/28_leanfish.png", "variations": {"small": "//images.vivino.com/backgrounds/foods/thumbs/28_leanfish_932x810.png"}}, "seo_name": null}], "grapes": [{"id": 17, "name": "Sauvignon Blanc", "seo_name": "sauvignon-blanc", "has_detailed_info": true, "wines_count": 292440}, {"id": 18, "name": "S\u00e9millon", "seo_name": "semillion", "has_detailed_info": true, "wines_count": 65710}, {"id": 89, "name": "Muscadelle", "seo_name": "muscadelle", "has_detailed_info": false, "wines_count": 10051}], "region": {"id": 383, "name": "Bordeaux", "name_en": "", "seo_name": "bordeaux", "country": {"code": "fr", "name": "France", "native_name": "France", "seo_name": "france", "currency": {"code": "EUR", "name": "Euros", "prefix": "\u20ac", "suffix": null}, "regions_count": 1292, "users_count": 5068363, "wines_count": 542471, "wineries_count": 67002, "most_used_grapes": [{"id": 14, "name": "Pinot Noir", "seo_name": "pinot-noir", "has_detailed_info": true, "wines_count": 572334}, {"id": 10, "name": "Merlot", "seo_name": "merlot", "has_detailed_info": true, "wines_count": 566719}, {"id": 5, "name": "Chardonnay", "seo_name": "chardonnay", "has_detailed_info": true, "wines_count": 604208}]}, "parent_id": null, "background_image": {"location": "//images.vivino.com/regions/backgrounds/sbzA7h1ITnaHABaVqWJ4CA.jpg", "variations": {"large": "//thumbs.vivino.com/region_backgrounds/sbzA7h1ITnaHABaVqWJ4CA_1280x760.jpg", "medium": "//thumbs.vivino.com/region_backgrounds/sbzA7h1ITnaHABaVqWJ4CA_600x356.jpg"}}, "class": {"typecast_map": {"background_image": {}, "class": {}}}, "statistics": {"wineries_count": 13330, "wines_count": 41775, "sub_regions_count": 12, "parent_regions_count": 0}}}, "has_valid_ratings": true}, "highlights": [{"vintage_id": 165785423, "highlight_type": "best_user_rated", "message": "This vintage rates better than any other year for this wine", "icon": "https://images.vivino.com/highlights/icon/best_user_rated.svg", "metadata": {"price": null, "wine_id": 7420634, "toplist": null, "ws_award": null, "critic_review_id": null, "ratings_average": 3.8, "ratings_count": 12, "vintage_year": "2020", "rank_type": null, "ranks": {"country": {"description": "Rank within France", "total": 2497598, "rank": 564491}, "region": {"description": "Rank within Wine Region", "total": 8379, "rank": 3482}, "winery": {"description": "Rank within Winery", "total": 359, "rank": 60}, "global": {"description": "Global Rank", "total": 8944648, "rank": 2033166}}, "style": {"id": 21, "seo_name": "bordeaux-white", "regional_name": "Bordeaux", "varietal_name": "White", "name": "Bordeaux White", "image": null, "background_image": null, "description": "Bordeaux is the largest wine producing region in France and is home to some seriously fabulous wines. While Bordeaux is better-known for its reds, or as the British affectionately call them, clarets, its whites are world class too.\n\nWhite wine production in Bordeaux is rather sparse, as compared with reds, and comprises roughly 11% of overall volume. But don't worry, that's still over 7 million cases of white wine!\n\nAs with the reds, Bordeaux Blanc are mostly blends. The most common variety is S\u00e9millon, followed by Sauvignon Blanc and Muscadelle. Bordeaux is also home to some of the most famous dessert wines in the world, from the renowned Sauternes sub-appellation and Barsac.\n\nThe best dry white wines are from the Graves region, and are usually lightly oak aged. White Bordeaux often possess vibrant acidity and elegant citrus notes that lean toward white grapefruit. These brilliant, charming whites are exquisite when paired with scallops, roast chicken with tarragon, asparagus quiche or salads with shaved fennel.\n\nSauternes owe their characteristic depth and concentration to Botrytis cinerea (or Noble Rot, an infection which causes the grapes to shrivel). The quintessential French pairing with Sauternes is foie gras, or duck pat\u00e9. Soft-ripened cheeses and desserts like cr\u00e8me br\u00fbl\u00e9e are excellent matches. The sweet wines from Barsac are worth exploring, and tend to be less expensive.", "blurb": null, "interesting_facts": ["The most prized dry white Bordeaux is from Ch\u00e2teau Haut-Brion and will fetch more than $1000 per bottle in a good vintage year.", "Ch\u00e2teau d'Yquem is the only Sauternes classified as a First Growth (or Premier Cru Sup\u00e9rieur).", "Thomas Jefferson was fond of Ch\u00e2teau d'Yquem, he personally ordered 250 bottles of the 1784 vintage, as well as additional bottles for George Washington.", "In 2011 a single bottle of 1811 Ch\u00e2teau d'Yquem was auctioned for $117,000, making it the most expensive white wine ever sold!"], "body": 3, "body_description": "Medium-bodied", "acidity": 3, "acidity_description": "High", "country": {"code": "fr", "name": "France", "native_name": "France", "seo_name": "france", "currency": {"code": "EUR", "name": "Euros", "prefix": "\u20ac", "suffix": null}, "regions_count": 1292, "users_count": 5068363, "wines_count": 542471, "wineries_count": 67002, "most_used_grapes": [{"id": 14, "name": "Pinot Noir", "seo_name": "pinot-noir", "has_detailed_info": true, "wines_count": 572334}, {"id": 10, "name": "Merlot", "seo_name": "merlot", "has_detailed_info": true, "wines_count": 566719}, {"id": 5, "name": "Chardonnay", "seo_name": "chardonnay", "has_detailed_info": true, "wines_count": 604208}]}, "wine_type_id": 2, "food": [{"id": 10, "name": "Pork", "background_image": {"location": "//images.vivino.com/backgrounds/foods/10_pork.png", "variations": {"small": "//images.vivino.com/backgrounds/foods/thumbs/10_pork_932x810.png"}}, "seo_name": "pork"}, {"id": 19, "name": "Vegetarian", "background_image": {"location": "//images.vivino.com/backgrounds/foods/19_vegetarian.png", "variations": {"small": "//images.vivino.com/backgrounds/foods/thumbs/19_vegetarian_932x810.png"}}, "seo_name": "vegetarian"}, {"id": 20, "name": "Poultry", "background_image": {"location": "//images.vivino.com/backgrounds/foods/20_chicken.png", "variations": {"small": "//images.vivino.com/backgrounds/foods/thumbs/20_chicken_932x810.png"}}, "seo_name": "poultry"}, {"id": 27, "name": "Appetizers and snacks", "background_image": {"location": "//images.vivino.com/backgrounds/foods/27_appetizers-snacks.png", "variations": {"small": "//images.vivino.com/backgrounds/foods/thumbs/27_appetizers-snacks_932x810.png"}}, "seo_name": null}, {"id": 28, "name": "Lean fish", "background_image": {"location": "//images.vivino.com/backgrounds/foods/28_leanfish.png", "variations": {"small": "//images.vivino.com/backgrounds/foods/thumbs/28_leanfish_932x810.png"}}, "seo_name": null}], "grapes": [{"id": 17, "name": "Sauvignon Blanc", "seo_name": "sauvignon-blanc", "has_detailed_info": true, "wines_count": 292440}, {"id": 18, "name": "S\u00e9millon", "seo_name": "semillion", "has_detailed_info": true, "wines_count": 65710}, {"id": 89, "name": "Muscadelle", "seo_name": "muscadelle", "has_detailed_info": false, "wines_count": 10051}], "region": {"id": 383, "name": "Bordeaux", "name_en": "", "seo_name": "bordeaux", "country": {"code": "fr", "name": "France", "native_name": "France", "seo_name": "france", "currency": {"code": "EUR", "name": "Euros", "prefix": "\u20ac", "suffix": null}, "regions_count": 1292, "users_count": 5068363, "wines_count": 542471, "wineries_count": 67002, "most_used_grapes": [{"id": 14, "name": "Pinot Noir", "seo_name": "pinot-noir", "has_detailed_info": true, "wines_count": 572334}, {"id": 10, "name": "Merlot", "seo_name": "merlot", "has_detailed_info": true, "wines_count": 566719}, {"id": 5, "name": "Chardonnay", "seo_name": "chardonnay", "has_detailed_info": true, "wines_count": 604208}]}, "parent_id": null, "background_image": {"location": "//images.vivino.com/regions/backgrounds/sbzA7h1ITnaHABaVqWJ4CA.jpg", "variations": {"large": "//thumbs.vivino.com/region_backgrounds/sbzA7h1ITnaHABaVqWJ4CA_1280x760.jpg", "medium": "//thumbs.vivino.com/region_backgrounds/sbzA7h1ITnaHABaVqWJ4CA_600x356.jpg"}}, "class": {"typecast_map": {"background_image": {}, "class": {}}}, "statistics": {"wineries_count": 13330, "wines_count": 41775, "sub_regions_count": 12, "parent_regions_count": 0}}}}, "vintage_year": 2020}, {"vintage_id": 161858054, "highlight_type": "most_user_rated", "message": "Popular among Vivino users. More than 100 ratings", "icon": "https://images.vivino.com/highlights/icon/most_user_rated.svg", "metadata": {"price": null, "wine_id": 7420634, "toplist": null, "ws_award": null, "critic_review_id": null, "ratings_average": 3.8, "ratings_count": 137, "vintage_year": "2019", "rank_type": "global", "ranks": {"country": {"description": "Rank within France", "total": 2497598, "rank": 186639}, "region": {"description": "Rank within Wine Region", "total": 8379, "rank": 1778}, "winery": {"description": "Rank within Winery", "total": 359, "rank": 3}, "global": {"description": "Global Rank", "total": 8944648, "rank": 685157}}, "style": {"id": 21, "seo_name": "bordeaux-white", "regional_name": "Bordeaux", "varietal_name": "White", "name": "Bordeaux White", "image": null, "background_image": null, "description": "Bordeaux is the largest wine producing region in France and is home to some seriously fabulous wines. While Bordeaux is better-known for its reds, or as the British affectionately call them, clarets, its whites are world class too.\n\nWhite wine production in Bordeaux is rather sparse, as compared with reds, and comprises roughly 11% of overall volume. But don't worry, that's still over 7 million cases of white wine!\n\nAs with the reds, Bordeaux Blanc are mostly blends. The most common variety is S\u00e9millon, followed by Sauvignon Blanc and Muscadelle. Bordeaux is also home to some of the most famous dessert wines in the world, from the renowned Sauternes sub-appellation and Barsac.\n\nThe best dry white wines are from the Graves region, and are usually lightly oak aged. White Bordeaux often possess vibrant acidity and elegant citrus notes that lean toward white grapefruit. These brilliant, charming whites are exquisite when paired with scallops, roast chicken with tarragon, asparagus quiche or salads with shaved fennel.\n\nSauternes owe their characteristic depth and concentration to Botrytis cinerea (or Noble Rot, an infection which causes the grapes to shrivel). The quintessential French pairing with Sauternes is foie gras, or duck pat\u00e9. Soft-ripened cheeses and desserts like cr\u00e8me br\u00fbl\u00e9e are excellent matches. The sweet wines from Barsac are worth exploring, and tend to be less expensive.", "blurb": null, "interesting_facts": ["The most prized dry white Bordeaux is from Ch\u00e2teau Haut-Brion and will fetch more than $1000 per bottle in a good vintage year.", "Ch\u00e2teau d'Yquem is the only Sauternes classified as a First Growth (or Premier Cru Sup\u00e9rieur).", "Thomas Jefferson was fond of Ch\u00e2teau d'Yquem, he personally ordered 250 bottles of the 1784 vintage, as well as additional bottles for George Washington.", "In 2011 a single bottle of 1811 Ch\u00e2teau d'Yquem was auctioned for $117,000, making it the most expensive white wine ever sold!"], "body": 3, "body_description": "Medium-bodied", "acidity": 3, "acidity_description": "High", "country": {"code": "fr", "name": "France", "native_name": "France", "seo_name": "france", "currency": {"code": "EUR", "name": "Euros", "prefix": "\u20ac", "suffix": null}, "regions_count": 1292, "users_count": 5068363, "wines_count": 542471, "wineries_count": 67002, "most_used_grapes": [{"id": 14, "name": "Pinot Noir", "seo_name": "pinot-noir", "has_detailed_info": true, "wines_count": 572334}, {"id": 10, "name": "Merlot", "seo_name": "merlot", "has_detailed_info": true, "wines_count": 566719}, {"id": 5, "name": "Chardonnay", "seo_name": "chardonnay", "has_detailed_info": true, "wines_count": 604208}]}, "wine_type_id": 2, "food": [{"id": 10, "name": "Pork", "background_image": {"location": "//images.vivino.com/backgrounds/foods/10_pork.png", "variations": {"small": "//images.vivino.com/backgrounds/foods/thumbs/10_pork_932x810.png"}}, "seo_name": "pork"}, {"id": 19, "name": "Vegetarian", "background_image": {"location": "//images.vivino.com/backgrounds/foods/19_vegetarian.png", "variations": {"small": "//images.vivino.com/backgrounds/foods/thumbs/19_vegetarian_932x810.png"}}, "seo_name": "vegetarian"}, {"id": 20, "name": "Poultry", "background_image": {"location": "//images.vivino.com/backgrounds/foods/20_chicken.png", "variations": {"small": "//images.vivino.com/backgrounds/foods/thumbs/20_chicken_932x810.png"}}, "seo_name": "poultry"}, {"id": 27, "name": "Appetizers and snacks", "background_image": {"location": "//images.vivino.com/backgrounds/foods/27_appetizers-snacks.png", "variations": {"small": "//images.vivino.com/backgrounds/foods/thumbs/27_appetizers-snacks_932x810.png"}}, "seo_name": null}, {"id": 28, "name": "Lean fish", "background_image": {"location": "//images.vivino.com/backgrounds/foods/28_leanfish.png", "variations": {"small": "//images.vivino.com/backgrounds/foods/thumbs/28_leanfish_932x810.png"}}, "seo_name": null}], "grapes": [{"id": 17, "name": "Sauvignon Blanc", "seo_name": "sauvignon-blanc", "has_detailed_info": true, "wines_count": 292440}, {"id": 18, "name": "S\u00e9millon", "seo_name": "semillion", "has_detailed_info": true, "wines_count": 65710}, {"id": 89, "name": "Muscadelle", "seo_name": "muscadelle", "has_detailed_info": false, "wines_count": 10051}], "region": {"id": 383, "name": "Bordeaux", "name_en": "", "seo_name": "bordeaux", "country": {"code": "fr", "name": "France", "native_name": "France", "seo_name": "france", "currency": {"code": "EUR", "name": "Euros", "prefix": "\u20ac", "suffix": null}, "regions_count": 1292, "users_count": 5068363, "wines_count": 542471, "wineries_count": 67002, "most_used_grapes": [{"id": 14, "name": "Pinot Noir", "seo_name": "pinot-noir", "has_detailed_info": true, "wines_count": 572334}, {"id": 10, "name": "Merlot", "seo_name": "merlot", "has_detailed_info": true, "wines_count": 566719}, {"id": 5, "name": "Chardonnay", "seo_name": "chardonnay", "has_detailed_info": true, "wines_count": 604208}]}, "parent_id": null, "background_image": {"location": "//images.vivino.com/regions/backgrounds/sbzA7h1ITnaHABaVqWJ4CA.jpg", "variations": {"large": "//thumbs.vivino.com/region_backgrounds/sbzA7h1ITnaHABaVqWJ4CA_1280x760.jpg", "medium": "//thumbs.vivino.com/region_backgrounds/sbzA7h1ITnaHABaVqWJ4CA_600x356.jpg"}}, "class": {"typecast_map": {"background_image": {}, "class": {}}}, "statistics": {"wineries_count": 13330, "wines_count": 41775, "sub_regions_count": 12, "parent_regions_count": 0}}}}, "vintage_year": 2019}], "recommended_vintages": [{"vintage": {"id": 165785423, "seo_name": "andre-lurton-diane-sauvignon-blanc-2020", "name": "Andr\u00e9 Lurton Diane Sauvignon Blanc 2020", "statistics": {"status": "Normal", "ratings_count": 12, "ratings_average": 3.8, "labels_count": 46, "reviews_count": 7}, "year": 2020, "grapes": null, "has_valid_ratings": true}, "type": "best_user_rated", "highlight_icon": "https://images.vivino.com/highlights/icon/best_user_rated.svg", "price": null}, {"vintage": {"id": 161858054, "seo_name": "andre-lurton-diane-sauvignon-blanc-2019", "name": "Andr\u00e9 Lurton Diane Sauvignon Blanc 2019", "statistics": {"status": "Normal", "ratings_count": 137, "ratings_average": 3.8, "labels_count": 1386, "reviews_count": 56}, "year": 2019, "grapes": null, "has_valid_ratings": true}, "type": "most_user_rated", "highlight_icon": "https://images.vivino.com/highlights/icon/most_user_rated.svg", "price": null}], "prices_and_availabilities": [], "price_range": {"currency": {"code": "EUR", "name": "Euros", "prefix": "\u20ac", "suffix": null}, "price_range": {"minimum": 0, "maximum": 500, "currency_code": "EUR"}, "defaults": {"minimum": 7, "maximum": 30, "currency_code": "EUR"}}, "subtotal_price": null}