{"vintage": {"id": 163392579, "seo_name": "duca-di-salaparuta-colomba-platino-2020", "name": "Duca di Salaparuta Colomba Platino 2020", "statistics": {"status": "Normal", "ratings_count": 60, "ratings_average": 3.6, "labels_count": 775, "reviews_count": 22}, "organic_certification_id": null, "certified_biodynamic": null, "image": {"location": "//images.vivino.com/thumbs/pJzxPLCESN-Q2mdM9-7ofQ_pl_480x640.png", "variations": {"bottle_large": "//images.vivino.com/thumbs/pJzxPLCESN-Q2mdM9-7ofQ_pb_x960.png", "bottle_medium": "//images.vivino.com/thumbs/pJzxPLCESN-Q2mdM9-7ofQ_pb_x600.png", "bottle_medium_square": "//images.vivino.com/thumbs/pJzxPLCESN-Q2mdM9-7ofQ_pb_600x600.png", "bottle_small": "//images.vivino.com/thumbs/pJzxPLCESN-Q2mdM9-7ofQ_pb_x300.png", "bottle_small_square": "//images.vivino.com/thumbs/pJzxPLCESN-Q2mdM9-7ofQ_pb_300x300.png", "label": "//images.vivino.com/thumbs/pJzxPLCESN-Q2mdM9-7ofQ_pl_480x640.png", "label_large": "//images.vivino.com/thumbs/pJzxPLCESN-Q2mdM9-7ofQ_pl_375x500.png", "label_medium": "//images.vivino.com/thumbs/pJzxPLCESN-Q2mdM9-7ofQ_pl_150x200.png", "label_medium_square": "//images.vivino.com/thumbs/pJzxPLCESN-Q2mdM9-7ofQ_pl_150x150.png", "label_small_square": "//images.vivino.com/thumbs/pJzxPLCESN-Q2mdM9-7ofQ_pl_80x80.png", "large": "//images.vivino.com/thumbs/pJzxPLCESN-Q2mdM9-7ofQ_pl_375x500.png", "medium": "//images.vivino.com/thumbs/pJzxPLCESN-Q2mdM9-7ofQ_pl_150x200.png", "medium_square": "//images.vivino.com/thumbs/pJzxPLCESN-Q2mdM9-7ofQ_pl_150x150.png", "small_square": "//images.vivino.com/thumbs/pJzxPLCESN-Q2mdM9-7ofQ_pl_80x80.png"}}, "wine": {"id": 9602, "name": "Colomba Platino", "seo_name": "colomba-platino", "type_id": 2, "vintage_type": 0, "is_natural": false, "region": {"id": 579, "name": "Terre Siciliane", "name_en": "Sicilia IGT", "seo_name": "sicily", "country": {"code": "it", "name": "Italien", "native_name": "Italia", "seo_name": "italy", "currency": {"code": "EUR", "name": "Euros", "prefix": "\u20ac", "suffix": null}, "regions_count": 555, "users_count": 3800165, "wines_count": 351993, "wineries_count": 41153, "most_used_grapes": [{"id": 16, "name": "Sangiovese", "seo_name": "sangiovese", "has_detailed_info": true, "wines_count": 123993}, {"id": 10, "name": "Merlot", "seo_name": "merlot", "has_detailed_info": true, "wines_count": 560926}, {"id": 5, "name": "Chardonnay", "seo_name": "chardonnay", "has_detailed_info": true, "wines_count": 597329}]}, "parent_id": null, "background_image": {"location": "//images.vivino.com/regions/backgrounds/RxxS1jkqQ-iGTD_KZLLgzQ.jpg", "variations": {"large": "//thumbs.vivino.com/region_backgrounds/RxxS1jkqQ-iGTD_KZLLgzQ_1280x760.jpg", "medium": "//thumbs.vivino.com/region_backgrounds/RxxS1jkqQ-iGTD_KZLLgzQ_600x356.jpg"}}, "class": {"typecast_map": {"background_image": {}, "class": {}}}, "statistics": {"wineries_count": 2831, "wines_count": 16481, "sub_regions_count": 31, "parent_regions_count": 0}}, "review_status": 2, "winery": {"id": 5514, "name": "Duca di Salaparuta", "seo_name": "duca-di-salaparuta", "status": 0, "review_status": "Completed", "background_image": null, "statistics": {"ratings_count": 23508, "ratings_average": 3.8, "labels_count": 151415, "wines_count": 42}, "region": {"id": 579, "name": "Terre Siciliane", "name_en": "Sicilia IGT", "seo_name": "sicily", "country": {"code": "it", "name": "Italien", "native_name": "Italia", "seo_name": "italy", "currency": {"code": "EUR", "name": "Euros", "prefix": "\u20ac", "suffix": null}, "regions_count": 555, "users_count": 3800165, "wines_count": 351993, "wineries_count": 41153, "most_used_grapes": [{"id": 16, "name": "Sangiovese", "seo_name": "sangiovese", "has_detailed_info": true, "wines_count": 123993}, {"id": 10, "name": "Merlot", "seo_name": "merlot", "has_detailed_info": true, "wines_count": 560926}, {"id": 5, "name": "Chardonnay", "seo_name": "chardonnay", "has_detailed_info": true, "wines_count": 597329}]}, "parent_id": null, "background_image": {"location": "//images.vivino.com/regions/backgrounds/RxxS1jkqQ-iGTD_KZLLgzQ.jpg", "variations": {"large": "//thumbs.vivino.com/region_backgrounds/RxxS1jkqQ-iGTD_KZLLgzQ_1280x760.jpg", "medium": "//thumbs.vivino.com/region_backgrounds/RxxS1jkqQ-iGTD_KZLLgzQ_600x356.jpg"}}, "class": {"typecast_map": {"background_image": {}, "class": {}}}, "statistics": {"wineries_count": 2831, "wines_count": 16481, "sub_regions_count": 31, "parent_regions_count": 0}}, "business_name": "Duca di Salaparuta", "description": "", "specialists_notes": "", "phone": "39 091 945 201", "email": "info@duca.it", "facebook": "https://www.facebook.com/gruppoducasalaparuta", "instagram": "", "is_claimed": false, "twitter": "", "website": "http://www.duca.it", "winemaker": null, "wine_maker": null, "address": {"title": null, "name": null, "street": "Via Nazionale s.s.. 113 \t", "street2": null, "neighborhood": null, "city": "Casteldaccia (PA)", "zip": "90014", "state": null, "country": {"code": "it", "name": "Italien", "native_name": "Italia", "seo_name": "italy", "currency": {"code": "EUR", "name": "Euros", "prefix": "\u20ac", "suffix": null}, "regions_count": 555, "users_count": 3800165, "wines_count": 351993, "wineries_count": 41153, "most_used_grapes": [{"id": 16, "name": "Sangiovese", "seo_name": "sangiovese", "has_detailed_info": true, "wines_count": 123993}, {"id": 10, "name": "Merlot", "seo_name": "merlot", "has_detailed_info": true, "wines_count": 560926}, {"id": 5, "name": "Chardonnay", "seo_name": "chardonnay", "has_detailed_info": true, "wines_count": 597329}]}, "company": null, "phone": null, "external_id": null, "residential": null, "vat_number": null, "vat_code": null, "addition": null}, "image": null, "location": {"latitude": 38.01058, "longitude": 13.543288}, "winery_group": {"id": 40, "name": "Duca di Salaparuta Group", "website": "http://www.duca.it/"}, "first_wines": [], "sponsored_entity_type": null, "sponsored_entity": null}, "statistics": {"status": "Normal", "ratings_count": 2643, "ratings_average": 3.6, "labels_count": 20933, "vintages_count": 52}, "rank": {"country": {"description": "Rang von Italien", "total": 210247, "rank": 27133}, "region": {"description": "Rang von Weinregion", "total": 13868, "rank": 1673}, "winery": {"description": "Rang vom Weingut", "total": 41, "rank": 14}, "wine_type": {"description": "Rang in allen Wei\u00dfwein", "total": 394072, "rank": 34419}, "global": {"description": "Weltweiter Rang", "total": 1287380, "rank": 135869}}, "hidden": false, "vintages": [{"id": 163392579, "seo_name": "duca-di-salaparuta-colomba-platino-2020", "name": "Duca di Salaparuta Colomba Platino 2020", "statistics": {"status": "Normal", "ratings_count": 60, "ratings_average": 3.6, "labels_count": 775, "reviews_count": 22}, "year": 2020, "grapes": null, "has_valid_ratings": true}, {"id": 160164817, "seo_name": "duca-di-salaparuta-colomba-platino-2019", "name": "Duca di Salaparuta Colomba Platino 2019", "statistics": {"status": "Normal", "ratings_count": 206, "ratings_average": 3.6, "labels_count": 2388, "reviews_count": 51}, "year": 2019, "grapes": null, "has_valid_ratings": true}, {"id": 156685073, "seo_name": "duca-di-salaparuta-colomba-platino-2018", "name": "Duca di Salaparuta Colomba Platino 2018", "statistics": {"status": "Normal", "ratings_count": 228, "ratings_average": 3.5, "labels_count": 3265, "reviews_count": 54}, "year": 2018, "grapes": null, "has_valid_ratings": true}, {"id": 151091126, "seo_name": "duca-di-salaparuta-colomba-platino-2017", "name": "Duca di Salaparuta Colomba Platino 2017", "statistics": {"status": "Normal", "ratings_count": 352, "ratings_average": 3.6, "labels_count": 3726, "reviews_count": 113}, "year": 2017, "grapes": null, "has_valid_ratings": true}, {"id": 95036376, "seo_name": "duca-di-salaparuta-colomba-platino-2016", "name": "Duca di Salaparuta Colomba Platino 2016", "statistics": {"status": "Normal", "ratings_count": 359, "ratings_average": 3.6, "labels_count": 2898, "reviews_count": 107}, "year": 2016, "grapes": null, "has_valid_ratings": true}, {"id": 14754874, "seo_name": "duca-di-salaparuta-colomba-platino-2015", "name": "Duca di Salaparuta Colomba Platino 2015", "statistics": {"status": "Normal", "ratings_count": 462, "ratings_average": 3.6, "labels_count": 3134, "reviews_count": 113}, "year": 2015, "grapes": null, "has_valid_ratings": true}, {"id": 5368635, "seo_name": "duca-di-salaparuta-colomba-platino-2014", "name": "Duca di Salaparuta Colomba Platino 2014", "statistics": {"status": "Normal", "ratings_count": 222, "ratings_average": 3.6, "labels_count": 1451, "reviews_count": 68}, "year": 2014, "grapes": null, "has_valid_ratings": true}, {"id": 3231149, "seo_name": "duca-di-salaparuta-colomba-platino-2013", "name": "Duca di Salaparuta Colomba Platino 2013", "statistics": {"status": "Normal", "ratings_count": 252, "ratings_average": 3.6, "labels_count": 1072, "reviews_count": 79}, "year": 2013, "grapes": null, "has_valid_ratings": true}, {"id": 2570226, "seo_name": "duca-di-salaparuta-colomba-platino-2012", "name": "Duca di Salaparuta Colomba Platino 2012", "statistics": {"status": "Normal", "ratings_count": 153, "ratings_average": 3.5, "labels_count": 537, "reviews_count": 48}, "year": 2012, "grapes": null, "has_valid_ratings": true}, {"id": 1384441, "seo_name": "duca-di-salaparuta-colomba-platino-2011", "name": "Duca di Salaparuta Colomba Platino 2011", "statistics": {"status": "Normal", "ratings_count": 109, "ratings_average": 3.5, "labels_count": 362, "reviews_count": 27}, "year": 2011, "grapes": null, "has_valid_ratings": true}, {"id": 1320981, "seo_name": "duca-di-salaparuta-colomba-platino-2010", "name": "Duca di Salaparuta Colomba Platino 2010", "statistics": {"status": "Normal", "ratings_count": 41, "ratings_average": 3.4, "labels_count": 191, "reviews_count": 9}, "year": 2010, "grapes": null, "has_valid_ratings": true}, {"id": 1296147, "seo_name": "duca-di-salaparuta-colomba-platino-2009", "name": "Duca di Salaparuta Colomba Platino 2009", "statistics": {"status": "Normal", "ratings_count": 20, "ratings_average": 3.4, "labels_count": 124, "reviews_count": 5}, "year": 2009, "grapes": null, "has_valid_ratings": true}, {"id": 95385, "seo_name": "duca-di-salaparuta-colomba-platino-2008", "name": "Duca di Salaparuta Colomba Platino 2008", "statistics": {"status": "Normal", "ratings_count": 17, "ratings_average": 3.6, "labels_count": 117, "reviews_count": 8}, "year": 2008, "grapes": null, "has_valid_ratings": true}, {"id": 1189281, "seo_name": "duca-di-salaparuta-colomba-platino-2007", "name": "Duca di Salaparuta Colomba Platino 2007", "statistics": {"status": "BelowThreshold", "ratings_count": 9, "ratings_average": 0, "labels_count": 59, "reviews_count": 1}, "year": 2007, "grapes": null, "has_valid_ratings": false}, {"id": 81222, "seo_name": "duca-di-salaparuta-colomba-platino-2006", "name": "Duca di Salaparuta Colomba Platino 2006", "statistics": {"status": "BelowThreshold", "ratings_count": 3, "ratings_average": 0, "labels_count": 34, "reviews_count": 2}, "year": 2006, "grapes": null, "has_valid_ratings": false}, {"id": 2088110, "seo_name": "duca-di-salaparuta-colomba-platino-2005", "name": "Duca di Salaparuta Colomba Platino 2005", "statistics": {"status": "BelowThreshold", "ratings_count": 3, "ratings_average": 0, "labels_count": 35, "reviews_count": 1}, "year": 2005, "grapes": null, "has_valid_ratings": false}, {"id": 9614143, "seo_name": "duca-di-salaparuta-colomba-platino-2004", "name": "Duca di Salaparuta Colomba Platino 2004", "statistics": {"status": "BelowThreshold", "ratings_count": 2, "ratings_average": 0, "labels_count": 26, "reviews_count": 0}, "year": 2004, "grapes": null, "has_valid_ratings": false}, {"id": 4299117, "seo_name": "duca-di-salaparuta-colomba-platino-2003", "name": "Duca di Salaparuta Colomba Platino 2003", "statistics": {"status": "BelowThreshold", "ratings_count": 2, "ratings_average": 0, "labels_count": 35, "reviews_count": 1}, "year": 2003, "grapes": null, "has_valid_ratings": false}, {"id": 3216436, "seo_name": "duca-di-salaparuta-colomba-platino-2002", "name": "Duca di Salaparuta Colomba Platino 2002", "statistics": {"status": "BelowThreshold", "ratings_count": 3, "ratings_average": 0, "labels_count": 42, "reviews_count": 0}, "year": 2002, "grapes": null, "has_valid_ratings": false}, {"id": 8251991, "seo_name": "duca-di-salaparuta-colomba-platino-2001", "name": "Duca di Salaparuta Colomba Platino 2001", "statistics": {"status": "BelowThreshold", "ratings_count": 1, "ratings_average": 0, "labels_count": 54, "reviews_count": 0}, "year": 2001, "grapes": null, "has_valid_ratings": false}, {"id": 8620122, "seo_name": "duca-di-salaparuta-colomba-platino-2000", "name": "Duca di Salaparuta Colomba Platino 2000", "statistics": {"status": "BelowThreshold", "ratings_count": 2, "ratings_average": 0, "labels_count": 41, "reviews_count": 2}, "year": 2000, "grapes": null, "has_valid_ratings": false}, {"id": 2458055, "seo_name": "duca-di-salaparuta-colomba-platino-1996", "name": "Duca di Salaparuta Colomba Platino 1996", "statistics": {"status": "BelowThreshold", "ratings_count": 3, "ratings_average": 0, "labels_count": 33, "reviews_count": 1}, "year": 1996, "grapes": null, "has_valid_ratings": false}, {"id": 150949832, "seo_name": "duca-di-salaparuta-colomba-platino-1991", "name": "Duca di Salaparuta Colomba Platino 1991", "statistics": {"status": "BelowThreshold", "ratings_count": 1, "ratings_average": 0, "labels_count": 5, "reviews_count": 0}, "year": 1991, "grapes": null, "has_valid_ratings": false}, {"id": 146199806, "seo_name": "duca-di-salaparuta-colomba-platino-1990", "name": "Duca di Salaparuta Colomba Platino 1990", "statistics": {"status": "BelowThreshold", "ratings_count": 2, "ratings_average": 0, "labels_count": 8, "reviews_count": 0}, "year": 1990, "grapes": null, "has_valid_ratings": false}, {"id": 97886970, "seo_name": "duca-di-salaparuta-colomba-platino-1824", "name": "Duca di Salaparuta Colomba Platino 1824", "statistics": {"status": "BelowThreshold", "ratings_count": 1, "ratings_average": 0, "labels_count": 3, "reviews_count": 0}, "year": 1824, "grapes": null, "has_valid_ratings": false}, {"id": 1887746, "seo_name": "duca-di-salaparuta-colomba-platino-uv", "name": "Duca di Salaparuta Colomba Platino", "statistics": {"status": "Normal", "ratings_count": 2643, "ratings_average": 3.6, "labels_count": 369, "reviews_count": 34}, "year": 0, "grapes": null, "has_valid_ratings": true}], "description": "It has Colour - bright straw yellow with greenish highlights. Bouquet - intense, delightfully fruity, with character. Flavour fresh, balanced and persistent. Same scents perceived by the nose.", "grapes": [{"id": 235, "name": "Inzolia", "seo_name": "inzolia", "has_detailed_info": false, "wines_count": 3140}], "foods": [{"id": 13, "name": "Schalentiere", "background_image": {"location": "//images.vivino.com/backgrounds/foods/13_shellfish.png", "variations": {"small": "//images.vivino.com/backgrounds/foods/thumbs/13_shellfish_932x810.png"}}, "seo_name": "shellfish"}, {"id": 19, "name": "Vegetarische Gerichte", "background_image": {"location": "//images.vivino.com/backgrounds/foods/19_vegetarian.png", "variations": {"small": "//images.vivino.com/backgrounds/foods/thumbs/19_vegetarian_932x810.png"}}, "seo_name": "vegetarian"}, {"id": 27, "name": "Vorspeisen und Snacks", "background_image": {"location": "//images.vivino.com/backgrounds/foods/27_appetizers-snacks.png", "variations": {"small": "//images.vivino.com/backgrounds/foods/thumbs/27_appetizers-snacks_932x810.png"}}, "seo_name": null}], "non_vintage": false, "alcohol": 12.5, "sweetness_id": 5, "closure": null, "vintage_mask_raw": null, "updated_at": "2019-10-31T15:23:39Z", "created_at": "2009-01-23T08:18:48Z", "is_first_wine": false, "style": {"id": 209, "seo_name": "southern-italy-white", "regional_name": "Southern Italy", "varietal_name": "White", "name": "S\u00fcditalien Wei\u00df", "image": null, "background_image": {"location": "//images.vivino.com/backgrounds/styles/GrrBdaJHRpuDtC5ltll5AQ.jpg", "variations": {"small": "//images.vivino.com/backgrounds/styles/thumbs/GrrBdaJHRpuDtC5ltll5AQ_932x810.jpg"}}, "description": "Italy is responsible for some of the finest wines in the world, and while Northern Italy receives the majority of the plaudits, there is some excellent wine emerging from the sparsely populated southern regions.\n\nFiano and Greco are the two big white varietals in Campania and Basilicata, while Sicily has become known for their Bianco d'Alcamo, a dry wine made from the Marsala grape.\n\nSouthern Italy's reputation has taken a beating in recent years as they have become known for producing bulk wine that they can't sell, and the reputation seems to endure despite some lovely wine coming from Sicily, Campania and Basilicata.\n\nFiano tends to be a wonderfully creamy white wine with lots of green apple skin and pear. Greco, arguably Campania's flagship white grape, is a lot crisper, and typically has an abundance of minerality, lemon notes and pear.\n\nThe white wine of Southern Italy pairs extremely well with the creamy regional cuisine, as well as with some freshly caught fish or shellfish.", "blurb": null, "interesting_facts": ["The Greco grape is thought to have been brought to Italy by the Greeks.", "Italy is currently the largest wine producing country in the world."], "body": 3, "body_description": "Mittlerer K\u00f6rper", "acidity": 3, "acidity_description": "Hoch", "country": {"code": "it", "name": "Italien", "native_name": "Italia", "seo_name": "italy", "currency": {"code": "EUR", "name": "Euros", "prefix": "\u20ac", "suffix": null}, "regions_count": 555, "users_count": 3800165, "wines_count": 351993, "wineries_count": 41153, "most_used_grapes": [{"id": 16, "name": "Sangiovese", "seo_name": "sangiovese", "has_detailed_info": true, "wines_count": 123993}, {"id": 10, "name": "Merlot", "seo_name": "merlot", "has_detailed_info": true, "wines_count": 560926}, {"id": 5, "name": "Chardonnay", "seo_name": "chardonnay", "has_detailed_info": true, "wines_count": 597329}]}, "wine_type_id": 2, "food": [{"id": 13, "name": "Shellfish", "background_image": {"location": "//images.vivino.com/backgrounds/foods/13_shellfish.png", "variations": {"small": "//images.vivino.com/backgrounds/foods/thumbs/13_shellfish_932x810.png"}}, "seo_name": "shellfish"}, {"id": 19, "name": "Vegetarian", "background_image": {"location": "//images.vivino.com/backgrounds/foods/19_vegetarian.png", "variations": {"small": "//images.vivino.com/backgrounds/foods/thumbs/19_vegetarian_932x810.png"}}, "seo_name": "vegetarian"}, {"id": 27, "name": "Appetizers and snacks", "background_image": {"location": "//images.vivino.com/backgrounds/foods/27_appetizers-snacks.png", "variations": {"small": "//images.vivino.com/backgrounds/foods/thumbs/27_appetizers-snacks_932x810.png"}}, "seo_name": null}], "grapes": [{"id": 39, "name": "Malvasia", "seo_name": "malvasia", "has_detailed_info": false, "wines_count": 31054}, {"id": 103, "name": "Fiano", "seo_name": "fiano", "has_detailed_info": false, "wines_count": 7418}, {"id": 184, "name": "Catarratto Bianco", "seo_name": "catarratto-bianco", "has_detailed_info": false, "wines_count": 4564}], "region": null}, "has_valid_ratings": true}, "description": "", "expert_reviews": null, "wine_critic_reviews": [], "awards": [], "ratings_distribution": {"1": 1, "2": 4, "3": 29, "4": 23, "5": 3}, "ranking": {"country": {"description": "Rang von Italien", "total": 1543867, "rank": 346758}, "region": {"description": "Rang von Weinregion", "total": 94534, "rank": 21084}, "winery": {"description": "Rang vom Weingut", "total": 500, "rank": 176}, "global": {"description": "Weltweiter Rang", "total": 8825188, "rank": 1823640}}, "wine_facts": {"alcohol": 12}, "winemaker": null, "wine_maker": null, "grape_composition": {}, "year": 2020, "grapes": null, "has_valid_ratings": true}, "carts": null, "price_range": {"currency": {"code": "EUR", "name": "Euros", "prefix": "\u20ac", "suffix": null}, "price_range": {"minimum": 0, "maximum": 500, "currency_code": "EUR"}, "defaults": {"minimum": 7, "maximum": 30, "currency_code": "EUR"}}, "subtotal_price": null, "full_region": null, "tastes": null, "wine": {"id": 9602, "name": "Colomba Platino", "seo_name": "colomba-platino", "type_id": 2, "vintage_type": 0, "is_natural": false, "region": {"id": 579, "name": "Terre Siciliane", "name_en": "Sicilia IGT", "seo_name": "sicily", "country": {"code": "it", "name": "Italien", "native_name": "Italia", "seo_name": "italy", "currency": {"code": "EUR", "name": "Euros", "prefix": "\u20ac", "suffix": null}, "regions_count": 555, "users_count": 3800165, "wines_count": 351993, "wineries_count": 41153, "most_used_grapes": [{"id": 16, "name": "Sangiovese", "seo_name": "sangiovese", "has_detailed_info": true, "wines_count": 123993}, {"id": 10, "name": "Merlot", "seo_name": "merlot", "has_detailed_info": true, "wines_count": 560926}, {"id": 5, "name": "Chardonnay", "seo_name": "chardonnay", "has_detailed_info": true, "wines_count": 597329}]}, "parent_id": null, "background_image": {"location": "//images.vivino.com/regions/backgrounds/RxxS1jkqQ-iGTD_KZLLgzQ.jpg", "variations": {"large": "//thumbs.vivino.com/region_backgrounds/RxxS1jkqQ-iGTD_KZLLgzQ_1280x760.jpg", "medium": "//thumbs.vivino.com/region_backgrounds/RxxS1jkqQ-iGTD_KZLLgzQ_600x356.jpg"}}, "class": {"typecast_map": {"background_image": {}, "class": {}}}, "statistics": {"wineries_count": 2831, "wines_count": 16481, "sub_regions_count": 31, "parent_regions_count": 0}}, "review_status": 2, "winery": {"id": 5514, "name": "Duca di Salaparuta", "seo_name": "duca-di-salaparuta", "status": 0, "review_status": "Completed", "background_image": null, "statistics": {"ratings_count": 23508, "ratings_average": 3.8, "labels_count": 151415, "wines_count": 42}, "region": {"id": 579, "name": "Terre Siciliane", "name_en": "Sicilia IGT", "seo_name": "sicily", "country": {"code": "it", "name": "Italien", "native_name": "Italia", "seo_name": "italy", "currency": {"code": "EUR", "name": "Euros", "prefix": "\u20ac", "suffix": null}, "regions_count": 555, "users_count": 3800165, "wines_count": 351993, "wineries_count": 41153, "most_used_grapes": [{"id": 16, "name": "Sangiovese", "seo_name": "sangiovese", "has_detailed_info": true, "wines_count": 123993}, {"id": 10, "name": "Merlot", "seo_name": "merlot", "has_detailed_info": true, "wines_count": 560926}, {"id": 5, "name": "Chardonnay", "seo_name": "chardonnay", "has_detailed_info": true, "wines_count": 597329}]}, "parent_id": null, "background_image": {"location": "//images.vivino.com/regions/backgrounds/RxxS1jkqQ-iGTD_KZLLgzQ.jpg", "variations": {"large": "//thumbs.vivino.com/region_backgrounds/RxxS1jkqQ-iGTD_KZLLgzQ_1280x760.jpg", "medium": "//thumbs.vivino.com/region_backgrounds/RxxS1jkqQ-iGTD_KZLLgzQ_600x356.jpg"}}, "class": {"typecast_map": {"background_image": {}, "class": {}}}, "statistics": {"wineries_count": 2831, "wines_count": 16481, "sub_regions_count": 31, "parent_regions_count": 0}}, "business_name": "Duca di Salaparuta", "description": "", "specialists_notes": "", "phone": "39 091 945 201", "email": "info@duca.it", "facebook": "https://www.facebook.com/gruppoducasalaparuta", "instagram": "", "is_claimed": false, "twitter": "", "website": "http://www.duca.it", "winemaker": null, "wine_maker": null, "address": {"title": null, "name": null, "street": "Via Nazionale s.s.. 113 \t", "street2": null, "neighborhood": null, "city": "Casteldaccia (PA)", "zip": "90014", "state": null, "country": {"code": "it", "name": "Italien", "native_name": "Italia", "seo_name": "italy", "currency": {"code": "EUR", "name": "Euros", "prefix": "\u20ac", "suffix": null}, "regions_count": 555, "users_count": 3800165, "wines_count": 351993, "wineries_count": 41153, "most_used_grapes": [{"id": 16, "name": "Sangiovese", "seo_name": "sangiovese", "has_detailed_info": true, "wines_count": 123993}, {"id": 10, "name": "Merlot", "seo_name": "merlot", "has_detailed_info": true, "wines_count": 560926}, {"id": 5, "name": "Chardonnay", "seo_name": "chardonnay", "has_detailed_info": true, "wines_count": 597329}]}, "company": null, "phone": null, "external_id": null, "residential": null, "vat_number": null, "vat_code": null, "addition": null}, "image": null, "location": {"latitude": 38.01058, "longitude": 13.543288}, "winery_group": {"id": 40, "name": "Duca di Salaparuta Group", "website": "http://www.duca.it/"}, "first_wines": [], "sponsored_entity_type": null, "sponsored_entity": null}, "statistics": {"status": "Normal", "ratings_count": 2643, "ratings_average": 3.6, "labels_count": 20933, "vintages_count": 52}, "rank": {"country": {"description": "Rang von Italien", "total": 210247, "rank": 27133}, "region": {"description": "Rang von Weinregion", "total": 13868, "rank": 1673}, "winery": {"description": "Rang vom Weingut", "total": 41, "rank": 14}, "wine_type": {"description": "Rang in allen Wei\u00dfwein", "total": 394072, "rank": 34419}, "global": {"description": "Weltweiter Rang", "total": 1287380, "rank": 135869}}, "hidden": false, "vintages": [{"id": 163392579, "seo_name": "duca-di-salaparuta-colomba-platino-2020", "name": "Duca di Salaparuta Colomba Platino 2020", "statistics": {"status": "Normal", "ratings_count": 60, "ratings_average": 3.6, "labels_count": 775, "reviews_count": 22}, "year": 2020, "grapes": null, "has_valid_ratings": true}, {"id": 160164817, "seo_name": "duca-di-salaparuta-colomba-platino-2019", "name": "Duca di Salaparuta Colomba Platino 2019", "statistics": {"status": "Normal", "ratings_count": 206, "ratings_average": 3.6, "labels_count": 2388, "reviews_count": 51}, "year": 2019, "grapes": null, "has_valid_ratings": true}, {"id": 156685073, "seo_name": "duca-di-salaparuta-colomba-platino-2018", "name": "Duca di Salaparuta Colomba Platino 2018", "statistics": {"status": "Normal", "ratings_count": 228, "ratings_average": 3.5, "labels_count": 3265, "reviews_count": 54}, "year": 2018, "grapes": null, "has_valid_ratings": true}, {"id": 151091126, "seo_name": "duca-di-salaparuta-colomba-platino-2017", "name": "Duca di Salaparuta Colomba Platino 2017", "statistics": {"status": "Normal", "ratings_count": 352, "ratings_average": 3.6, "labels_count": 3726, "reviews_count": 113}, "year": 2017, "grapes": null, "has_valid_ratings": true}, {"id": 95036376, "seo_name": "duca-di-salaparuta-colomba-platino-2016", "name": "Duca di Salaparuta Colomba Platino 2016", "statistics": {"status": "Normal", "ratings_count": 359, "ratings_average": 3.6, "labels_count": 2898, "reviews_count": 107}, "year": 2016, "grapes": null, "has_valid_ratings": true}, {"id": 14754874, "seo_name": "duca-di-salaparuta-colomba-platino-2015", "name": "Duca di Salaparuta Colomba Platino 2015", "statistics": {"status": "Normal", "ratings_count": 462, "ratings_average": 3.6, "labels_count": 3134, "reviews_count": 113}, "year": 2015, "grapes": null, "has_valid_ratings": true}, {"id": 5368635, "seo_name": "duca-di-salaparuta-colomba-platino-2014", "name": "Duca di Salaparuta Colomba Platino 2014", "statistics": {"status": "Normal", "ratings_count": 222, "ratings_average": 3.6, "labels_count": 1451, "reviews_count": 68}, "year": 2014, "grapes": null, "has_valid_ratings": true}, {"id": 3231149, "seo_name": "duca-di-salaparuta-colomba-platino-2013", "name": "Duca di Salaparuta Colomba Platino 2013", "statistics": {"status": "Normal", "ratings_count": 252, "ratings_average": 3.6, "labels_count": 1072, "reviews_count": 79}, "year": 2013, "grapes": null, "has_valid_ratings": true}, {"id": 2570226, "seo_name": "duca-di-salaparuta-colomba-platino-2012", "name": "Duca di Salaparuta Colomba Platino 2012", "statistics": {"status": "Normal", "ratings_count": 153, "ratings_average": 3.5, "labels_count": 537, "reviews_count": 48}, "year": 2012, "grapes": null, "has_valid_ratings": true}, {"id": 1384441, "seo_name": "duca-di-salaparuta-colomba-platino-2011", "name": "Duca di Salaparuta Colomba Platino 2011", "statistics": {"status": "Normal", "ratings_count": 109, "ratings_average": 3.5, "labels_count": 362, "reviews_count": 27}, "year": 2011, "grapes": null, "has_valid_ratings": true}, {"id": 1320981, "seo_name": "duca-di-salaparuta-colomba-platino-2010", "name": "Duca di Salaparuta Colomba Platino 2010", "statistics": {"status": "Normal", "ratings_count": 41, "ratings_average": 3.4, "labels_count": 191, "reviews_count": 9}, "year": 2010, "grapes": null, "has_valid_ratings": true}, {"id": 1296147, "seo_name": "duca-di-salaparuta-colomba-platino-2009", "name": "Duca di Salaparuta Colomba Platino 2009", "statistics": {"status": "Normal", "ratings_count": 20, "ratings_average": 3.4, "labels_count": 124, "reviews_count": 5}, "year": 2009, "grapes": null, "has_valid_ratings": true}, {"id": 95385, "seo_name": "duca-di-salaparuta-colomba-platino-2008", "name": "Duca di Salaparuta Colomba Platino 2008", "statistics": {"status": "Normal", "ratings_count": 17, "ratings_average": 3.6, "labels_count": 117, "reviews_count": 8}, "year": 2008, "grapes": null, "has_valid_ratings": true}, {"id": 1189281, "seo_name": "duca-di-salaparuta-colomba-platino-2007", "name": "Duca di Salaparuta Colomba Platino 2007", "statistics": {"status": "BelowThreshold", "ratings_count": 9, "ratings_average": 0, "labels_count": 59, "reviews_count": 1}, "year": 2007, "grapes": null, "has_valid_ratings": false}, {"id": 81222, "seo_name": "duca-di-salaparuta-colomba-platino-2006", "name": "Duca di Salaparuta Colomba Platino 2006", "statistics": {"status": "BelowThreshold", "ratings_count": 3, "ratings_average": 0, "labels_count": 34, "reviews_count": 2}, "year": 2006, "grapes": null, "has_valid_ratings": false}, {"id": 2088110, "seo_name": "duca-di-salaparuta-colomba-platino-2005", "name": "Duca di Salaparuta Colomba Platino 2005", "statistics": {"status": "BelowThreshold", "ratings_count": 3, "ratings_average": 0, "labels_count": 35, "reviews_count": 1}, "year": 2005, "grapes": null, "has_valid_ratings": false}, {"id": 9614143, "seo_name": "duca-di-salaparuta-colomba-platino-2004", "name": "Duca di Salaparuta Colomba Platino 2004", "statistics": {"status": "BelowThreshold", "ratings_count": 2, "ratings_average": 0, "labels_count": 26, "reviews_count": 0}, "year": 2004, "grapes": null, "has_valid_ratings": false}, {"id": 4299117, "seo_name": "duca-di-salaparuta-colomba-platino-2003", "name": "Duca di Salaparuta Colomba Platino 2003", "statistics": {"status": "BelowThreshold", "ratings_count": 2, "ratings_average": 0, "labels_count": 35, "reviews_count": 1}, "year": 2003, "grapes": null, "has_valid_ratings": false}, {"id": 3216436, "seo_name": "duca-di-salaparuta-colomba-platino-2002", "name": "Duca di Salaparuta Colomba Platino 2002", "statistics": {"status": "BelowThreshold", "ratings_count": 3, "ratings_average": 0, "labels_count": 42, "reviews_count": 0}, "year": 2002, "grapes": null, "has_valid_ratings": false}, {"id": 8251991, "seo_name": "duca-di-salaparuta-colomba-platino-2001", "name": "Duca di Salaparuta Colomba Platino 2001", "statistics": {"status": "BelowThreshold", "ratings_count": 1, "ratings_average": 0, "labels_count": 54, "reviews_count": 0}, "year": 2001, "grapes": null, "has_valid_ratings": false}, {"id": 8620122, "seo_name": "duca-di-salaparuta-colomba-platino-2000", "name": "Duca di Salaparuta Colomba Platino 2000", "statistics": {"status": "BelowThreshold", "ratings_count": 2, "ratings_average": 0, "labels_count": 41, "reviews_count": 2}, "year": 2000, "grapes": null, "has_valid_ratings": false}, {"id": 2458055, "seo_name": "duca-di-salaparuta-colomba-platino-1996", "name": "Duca di Salaparuta Colomba Platino 1996", "statistics": {"status": "BelowThreshold", "ratings_count": 3, "ratings_average": 0, "labels_count": 33, "reviews_count": 1}, "year": 1996, "grapes": null, "has_valid_ratings": false}, {"id": 150949832, "seo_name": "duca-di-salaparuta-colomba-platino-1991", "name": "Duca di Salaparuta Colomba Platino 1991", "statistics": {"status": "BelowThreshold", "ratings_count": 1, "ratings_average": 0, "labels_count": 5, "reviews_count": 0}, "year": 1991, "grapes": null, "has_valid_ratings": false}, {"id": 146199806, "seo_name": "duca-di-salaparuta-colomba-platino-1990", "name": "Duca di Salaparuta Colomba Platino 1990", "statistics": {"status": "BelowThreshold", "ratings_count": 2, "ratings_average": 0, "labels_count": 8, "reviews_count": 0}, "year": 1990, "grapes": null, "has_valid_ratings": false}, {"id": 97886970, "seo_name": "duca-di-salaparuta-colomba-platino-1824", "name": "Duca di Salaparuta Colomba Platino 1824", "statistics": {"status": "BelowThreshold", "ratings_count": 1, "ratings_average": 0, "labels_count": 3, "reviews_count": 0}, "year": 1824, "grapes": null, "has_valid_ratings": false}, {"id": 1887746, "seo_name": "duca-di-salaparuta-colomba-platino-uv", "name": "Duca di Salaparuta Colomba Platino", "statistics": {"status": "Normal", "ratings_count": 2643, "ratings_average": 3.6, "labels_count": 369, "reviews_count": 34}, "year": 0, "grapes": null, "has_valid_ratings": true}], "description": "It has Colour - bright straw yellow with greenish highlights. Bouquet - intense, delightfully fruity, with character. Flavour fresh, balanced and persistent. Same scents perceived by the nose.", "grapes": [{"id": 235, "name": "Inzolia", "seo_name": "inzolia", "has_detailed_info": false, "wines_count": 3140}], "foods": [{"id": 13, "name": "Schalentiere", "background_image": {"location": "//images.vivino.com/backgrounds/foods/13_shellfish.png", "variations": {"small": "//images.vivino.com/backgrounds/foods/thumbs/13_shellfish_932x810.png"}}, "seo_name": "shellfish"}, {"id": 19, "name": "Vegetarische Gerichte", "background_image": {"location": "//images.vivino.com/backgrounds/foods/19_vegetarian.png", "variations": {"small": "//images.vivino.com/backgrounds/foods/thumbs/19_vegetarian_932x810.png"}}, "seo_name": "vegetarian"}, {"id": 27, "name": "Vorspeisen und Snacks", "background_image": {"location": "//images.vivino.com/backgrounds/foods/27_appetizers-snacks.png", "variations": {"small": "//images.vivino.com/backgrounds/foods/thumbs/27_appetizers-snacks_932x810.png"}}, "seo_name": null}], "non_vintage": false, "alcohol": 12.5, "sweetness_id": 5, "closure": null, "vintage_mask_raw": null, "updated_at": "2019-10-31T15:23:39Z", "created_at": "2009-01-23T08:18:48Z", "is_first_wine": false, "style": {"id": 209, "seo_name": "southern-italy-white", "regional_name": "Southern Italy", "varietal_name": "White", "name": "S\u00fcditalien Wei\u00df", "image": null, "background_image": {"location": "//images.vivino.com/backgrounds/styles/GrrBdaJHRpuDtC5ltll5AQ.jpg", "variations": {"small": "//images.vivino.com/backgrounds/styles/thumbs/GrrBdaJHRpuDtC5ltll5AQ_932x810.jpg"}}, "description": "Italy is responsible for some of the finest wines in the world, and while Northern Italy receives the majority of the plaudits, there is some excellent wine emerging from the sparsely populated southern regions.\n\nFiano and Greco are the two big white varietals in Campania and Basilicata, while Sicily has become known for their Bianco d'Alcamo, a dry wine made from the Marsala grape.\n\nSouthern Italy's reputation has taken a beating in recent years as they have become known for producing bulk wine that they can't sell, and the reputation seems to endure despite some lovely wine coming from Sicily, Campania and Basilicata.\n\nFiano tends to be a wonderfully creamy white wine with lots of green apple skin and pear. Greco, arguably Campania's flagship white grape, is a lot crisper, and typically has an abundance of minerality, lemon notes and pear.\n\nThe white wine of Southern Italy pairs extremely well with the creamy regional cuisine, as well as with some freshly caught fish or shellfish.", "blurb": null, "interesting_facts": ["The Greco grape is thought to have been brought to Italy by the Greeks.", "Italy is currently the largest wine producing country in the world."], "body": 3, "body_description": "Mittlerer K\u00f6rper", "acidity": 3, "acidity_description": "Hoch", "country": {"code": "it", "name": "Italien", "native_name": "Italia", "seo_name": "italy", "currency": {"code": "EUR", "name": "Euros", "prefix": "\u20ac", "suffix": null}, "regions_count": 555, "users_count": 3800165, "wines_count": 351993, "wineries_count": 41153, "most_used_grapes": [{"id": 16, "name": "Sangiovese", "seo_name": "sangiovese", "has_detailed_info": true, "wines_count": 123993}, {"id": 10, "name": "Merlot", "seo_name": "merlot", "has_detailed_info": true, "wines_count": 560926}, {"id": 5, "name": "Chardonnay", "seo_name": "chardonnay", "has_detailed_info": true, "wines_count": 597329}]}, "wine_type_id": 2, "food": [{"id": 13, "name": "Shellfish", "background_image": {"location": "//images.vivino.com/backgrounds/foods/13_shellfish.png", "variations": {"small": "//images.vivino.com/backgrounds/foods/thumbs/13_shellfish_932x810.png"}}, "seo_name": "shellfish"}, {"id": 19, "name": "Vegetarian", "background_image": {"location": "//images.vivino.com/backgrounds/foods/19_vegetarian.png", "variations": {"small": "//images.vivino.com/backgrounds/foods/thumbs/19_vegetarian_932x810.png"}}, "seo_name": "vegetarian"}, {"id": 27, "name": "Appetizers and snacks", "background_image": {"location": "//images.vivino.com/backgrounds/foods/27_appetizers-snacks.png", "variations": {"small": "//images.vivino.com/backgrounds/foods/thumbs/27_appetizers-snacks_932x810.png"}}, "seo_name": null}], "grapes": [{"id": 39, "name": "Malvasia", "seo_name": "malvasia", "has_detailed_info": false, "wines_count": 31054}, {"id": 103, "name": "Fiano", "seo_name": "fiano", "has_detailed_info": false, "wines_count": 7418}, {"id": 184, "name": "Catarratto Bianco", "seo_name": "catarratto-bianco", "has_detailed_info": false, "wines_count": 4564}], "region": null}, "has_valid_ratings": true}, "price": {"id": 25876312, "vintage_id": 163392579, "amount": 11, "type": "vc", "currency": {"code": "EUR", "name": "Euros", "prefix": "\u20ac", "suffix": null}, "bottle_type_id": 1, "inventory_bottles_count": 209, "url": "https://www.vino.com/de/dettaglio/terre-siciliane-igt-insolia-colomba-platino-risignolo-duca-di-salaparuta-2020.html?st=de&utm_country=de&utm_medium=pref-cpc&utm_source=vivino-ppc&utm_term=ducadisalaparutacolombaplatino2020", "message": "", "producer_address": "", "importer_address": "", "discounted_from": null, "bottle_type": {"id": 1, "name": "Flasche (0,75\u00a0l)", "short_name": "Flasche", "short_name_plural": "Flaschen", "volume_ml": 750}}, "highlights": [], "merchant": {"id": 31949, "name": "Vino.com - Germany", "seo_name": "vino75-germany", "legal_name": "3nd srl", "description": "Versandkostenfrei f\u00fcr Bestellungen ab \u20ac80", "country": {"code": "de", "name": "Deutschland", "native_name": "Deutschland", "seo_name": "germany", "currency": {"code": "EUR", "name": "Euros", "prefix": "\u20ac", "suffix": null}, "regions_count": 210, "users_count": 2117308, "wines_count": 197796, "wineries_count": 13493, "most_used_grapes": [{"id": 15, "name": "Riesling", "seo_name": "riesling", "has_detailed_info": true, "wines_count": 259925}, {"id": 299, "name": "Sp\u00e4tburgunder", "seo_name": "spatburgunder", "has_detailed_info": false, "wines_count": 49659}, {"id": 355, "name": "Weissburgunder", "seo_name": "weissburgunder", "has_detailed_info": false, "wines_count": 33123}]}, "state": null, "status": 3, "image": {"location": "//images.vivino.com/merchants/originals/p1gd0mgb0000v6d.png", "variations": {"large_square": "//images.vivino.com/merchants/thumbs/p1gd0mgb0000v6d_400x400.jpg", "medium_square": "//images.vivino.com/merchants/thumbs/p1gd0mgb0000v6d_320x320.jpg", "small_square": "//images.vivino.com/merchants/thumbs/p1gd0mgb0000v6d_160x160.jpg"}}, "shipping_estimate": "Lieferung voraussichtlich zwischen Di, 21.\u00a0Dez und Mo, 27.\u00a0Dez", "impressum_url": "https://www.vino.com/de/content/condizioni-uso", "tos_url": "https://www.vino.com/de/content/condizioni-uso", "vc_clearing_system": 0, "hidden": false}, "sold_out": false, "prices_and_availability": {"market": {"country": "de", "currency": {"code": "EUR", "name": "Euros", "prefix": "\u20ac", "suffix": null}}, "availability": {"vintage": {"id": 163392579, "year": 2020, "grapes": null, "has_valid_ratings": false}, "median": {"amount": 11.0, "type": "market", "discounted_from": null}, "price": {"id": 25876312, "amount": 11.0, "discounted_from": 0.0, "type": "vc"}}, "merchants_with_prices": [{"merchant": {"id": 31949, "name": "Vino.com - Germany", "seo_name": "vino75-germany", "legal_name": "3nd srl", "description": "Versandkostenfrei f\u00fcr Bestellungen ab \u20ac80", "country": {"code": "de", "name": "Deutschland", "native_name": "Deutschland", "seo_name": "germany", "currency": {"code": "EUR", "name": "Euros", "prefix": "\u20ac", "suffix": null}, "regions_count": 210, "users_count": 2117308, "wines_count": 197796, "wineries_count": 13493, "most_used_grapes": [{"id": 15, "name": "Riesling", "seo_name": "riesling", "has_detailed_info": true, "wines_count": 259925}, {"id": 299, "name": "Sp\u00e4tburgunder", "seo_name": "spatburgunder", "has_detailed_info": false, "wines_count": 49659}, {"id": 355, "name": "Weissburgunder", "seo_name": "weissburgunder", "has_detailed_info": false, "wines_count": 33123}]}, "state": null, "status": 3, "image": {"location": "//images.vivino.com/merchants/originals/p1gd0mgb0000v6d.png", "variations": {"large_square": "//images.vivino.com/merchants/thumbs/p1gd0mgb0000v6d_400x400.jpg", "medium_square": "//images.vivino.com/merchants/thumbs/p1gd0mgb0000v6d_320x320.jpg", "small_square": "//images.vivino.com/merchants/thumbs/p1gd0mgb0000v6d_160x160.jpg"}}, "shipping_estimate": "Lieferung voraussichtlich zwischen Di, 21.\u00a0Dez und Mo, 27.\u00a0Dez", "impressum_url": "https://www.vino.com/de/content/condizioni-uso", "tos_url": "https://www.vino.com/de/content/condizioni-uso", "vc_clearing_system": 0, "hidden": false}, "prices": [{"id": 25876312, "vintage_id": 163392579, "amount": 11, "type": "vc", "currency": {"code": "EUR", "name": "Euros", "prefix": "\u20ac", "suffix": null}, "bottle_type_id": 1, "inventory_bottles_count": 209, "url": "https://www.vino.com/de/dettaglio/terre-siciliane-igt-insolia-colomba-platino-risignolo-duca-di-salaparuta-2020.html?st=de&utm_country=de&utm_medium=pref-cpc&utm_source=vivino-ppc&utm_term=ducadisalaparutacolombaplatino2020", "message": "", "producer_address": "", "importer_address": "", "discounted_from": null, "bottle_type": {"id": 1, "name": "Flasche (0,75\u00a0l)", "short_name": "Flasche", "short_name_plural": "Flaschen", "volume_ml": 750}}]}]}, "found_by_merchant_and_sku": null, "is_deal_page": false}