{"vintage": {"id": 144982989, "seo_name": "d-arbois-chardonnay-cotes-du-jura-uv", "name": "Ch\u00e2teau B\u00e9thanie Chardonnay C\u00f4tes du Jura", "statistics": {"status": "Normal", "ratings_count": 2658, "ratings_average": 3.5, "labels_count": 24, "reviews_count": 24}, "organic_certification_id": null, "certified_biodynamic": null, "image": {"location": "//images.vivino.com/labels/KiHY-8xvQgaSrMca_xMOKg.jpg", "variations": {"large": "//images.vivino.com/thumbs/KiHY-8xvQgaSrMca_xMOKg_375x500.jpg", "medium": "//images.vivino.com/thumbs/KiHY-8xvQgaSrMca_xMOKg_150x200.jpg", "medium_square": "//images.vivino.com/thumbs/KiHY-8xvQgaSrMca_xMOKg_150x150.jpg", "small_square": "//images.vivino.com/thumbs/KiHY-8xvQgaSrMca_xMOKg_80x80.jpg"}}, "wine": {"id": 4650412, "name": "Chardonnay C\u00f4tes du Jura", "seo_name": "chardonnay-cotes-du-jura", "type_id": 2, "vintage_type": 0, "is_natural": false, "region": {"id": 768, "name": "Arbois", "name_en": "", "seo_name": "arbois", "country": {"code": "fr", "name": "France", "native_name": "France", "seo_name": "france", "currency": {"code": "EUR", "name": "Euros", "prefix": "\u20ac", "suffix": null}, "regions_count": 1292, "users_count": 5068363, "wines_count": 542471, "wineries_count": 67002, "most_used_grapes": [{"id": 14, "name": "Pinot Noir", "seo_name": "pinot-noir", "has_detailed_info": true, "wines_count": 572334}, {"id": 10, "name": "Merlot", "seo_name": "merlot", "has_detailed_info": true, "wines_count": 566719}, {"id": 5, "name": "Chardonnay", "seo_name": "chardonnay", "has_detailed_info": true, "wines_count": 604208}]}, "parent_id": 2410, "background_image": null, "class": {"typecast_map": {"background_image": {}, "class": {}}}, "statistics": {"wineries_count": 46, "wines_count": 1049, "sub_regions_count": 1, "parent_regions_count": 2}}, "review_status": 2, "winery": {"id": 32519, "name": "Ch\u00e2teau B\u00e9thanie", "seo_name": "d-arbois", "status": 1, "review_status": "Completed", "background_image": null, "statistics": {"ratings_count": 12123, "ratings_average": 3.6, "labels_count": 84717, "wines_count": 77}, "region": {"id": 767, "name": "Jura", "name_en": "", "seo_name": "jura", "country": {"code": "fr", "name": "France", "native_name": "France", "seo_name": "france", "currency": {"code": "EUR", "name": "Euros", "prefix": "\u20ac", "suffix": null}, "regions_count": 1292, "users_count": 5068363, "wines_count": 542471, "wineries_count": 67002, "most_used_grapes": [{"id": 14, "name": "Pinot Noir", "seo_name": "pinot-noir", "has_detailed_info": true, "wines_count": 572334}, {"id": 10, "name": "Merlot", "seo_name": "merlot", "has_detailed_info": true, "wines_count": 566719}, {"id": 5, "name": "Chardonnay", "seo_name": "chardonnay", "has_detailed_info": true, "wines_count": 604208}]}, "parent_id": null, "background_image": null, "statistics": {"wineries_count": 319, "wines_count": 2052, "sub_regions_count": 1, "parent_regions_count": 0}}, "business_name": "Ch\u00e2teau B\u00e9thanie - Fruiti\u00e8re Vinicole d'Arbois", "description": "", "specialists_notes": "", "phone": "0384661167", "email": "contact@chateau-bethanie.fr", "facebook": "https://www.facebook.com/fruitiere.vinicole.arbois.bethanie/", "instagram": "", "is_claimed": true, "twitter": "", "website": "http://www.chateau-bethanie.fr/en/chateau-bethanie-wines-jura-ar", "winemaker": null, "wine_maker": null, "address": {"title": null, "name": null, "street": "2 rue de Foss\u00e9s", "street2": null, "neighborhood": null, "city": "Arbois", "zip": "39600", "state": null, "country": {"code": "fr", "name": "France", "native_name": "France", "seo_name": "france", "currency": {"code": "EUR", "name": "Euros", "prefix": "\u20ac", "suffix": null}, "regions_count": 1292, "users_count": 5068363, "wines_count": 542471, "wineries_count": 67002, "most_used_grapes": [{"id": 14, "name": "Pinot Noir", "seo_name": "pinot-noir", "has_detailed_info": true, "wines_count": 572334}, {"id": 10, "name": "Merlot", "seo_name": "merlot", "has_detailed_info": true, "wines_count": 566719}, {"id": 5, "name": "Chardonnay", "seo_name": "chardonnay", "has_detailed_info": true, "wines_count": 604208}]}, "company": null, "phone": null, "external_id": null, "residential": null, "vat_number": null, "vat_code": null, "addition": null}, "image": null, "location": null, "winery_group": null, "first_wines": [], "sponsored_entity_type": null, "sponsored_entity": null}, "statistics": {"status": "Normal", "ratings_count": 2658, "ratings_average": 3.5, "labels_count": 17861, "vintages_count": 42}, "rank": {"country": {"description": "Rank within France", "total": 317721, "rank": 43178}, "region": {"description": "Rank within Wine Region", "total": 3238, "rank": 575}, "winery": {"description": "Rank within Winery", "total": 70, "rank": 10}, "wine_type": {"description": "Rank within all White Wine", "total": 398755, "rank": 40983}, "global": {"description": "Global Rank", "total": 1302068, "rank": 159793}}, "hidden": false, "vintages": [{"id": 163482257, "seo_name": "d-arbois-chardonnay-cotes-du-jura-2020", "name": "Ch\u00e2teau B\u00e9thanie Chardonnay C\u00f4tes du Jura 2020", "statistics": {"status": "Normal", "ratings_count": 22, "ratings_average": 3.5, "labels_count": 192, "reviews_count": 6}, "year": 2020, "grapes": null, "has_valid_ratings": true}, {"id": 161890538, "seo_name": "d-arbois-chardonnay-cotes-du-jura-2019", "name": "Ch\u00e2teau B\u00e9thanie Chardonnay C\u00f4tes du Jura 2019", "statistics": {"status": "Normal", "ratings_count": 588, "ratings_average": 3.6, "labels_count": 3036, "reviews_count": 230}, "year": 2019, "grapes": null, "has_valid_ratings": true}, {"id": 160380172, "seo_name": "d-arbois-chardonnay-cotes-du-jura-2018", "name": "Ch\u00e2teau B\u00e9thanie Chardonnay C\u00f4tes du Jura 2018", "statistics": {"status": "Normal", "ratings_count": 669, "ratings_average": 3.4, "labels_count": 4373, "reviews_count": 235}, "year": 2018, "grapes": null, "has_valid_ratings": true}, {"id": 154481446, "seo_name": "d-arbois-chardonnay-cotes-du-jura-2017", "name": "Ch\u00e2teau B\u00e9thanie Chardonnay C\u00f4tes du Jura 2017", "statistics": {"status": "Normal", "ratings_count": 406, "ratings_average": 3.5, "labels_count": 2514, "reviews_count": 140}, "year": 2017, "grapes": null, "has_valid_ratings": true}, {"id": 151726855, "seo_name": "d-arbois-chardonnay-cotes-du-jura-2016", "name": "Ch\u00e2teau B\u00e9thanie Chardonnay C\u00f4tes du Jura 2016", "statistics": {"status": "Normal", "ratings_count": 505, "ratings_average": 3.5, "labels_count": 3765, "reviews_count": 183}, "year": 2016, "grapes": null, "has_valid_ratings": true}, {"id": 146749894, "seo_name": "d-arbois-chardonnay-cotes-du-jura-2015", "name": "Ch\u00e2teau B\u00e9thanie Chardonnay C\u00f4tes du Jura 2015", "statistics": {"status": "Normal", "ratings_count": 202, "ratings_average": 3.5, "labels_count": 1514, "reviews_count": 88}, "year": 2015, "grapes": null, "has_valid_ratings": true}, {"id": 144982988, "seo_name": "d-arbois-chardonnay-cotes-du-jura-2014", "name": "Ch\u00e2teau B\u00e9thanie Chardonnay C\u00f4tes du Jura 2014", "statistics": {"status": "Normal", "ratings_count": 76, "ratings_average": 3.7, "labels_count": 619, "reviews_count": 35}, "year": 2014, "grapes": null, "has_valid_ratings": true}, {"id": 157318849, "seo_name": "d-arbois-chardonnay-cotes-du-jura-2013", "name": "Ch\u00e2teau B\u00e9thanie Chardonnay C\u00f4tes du Jura 2013", "statistics": {"status": "Normal", "ratings_count": 20, "ratings_average": 4, "labels_count": 162, "reviews_count": 8}, "year": 2013, "grapes": null, "has_valid_ratings": true}, {"id": 147180636, "seo_name": "d-arbois-chardonnay-cotes-du-jura-2012", "name": "Ch\u00e2teau B\u00e9thanie Chardonnay C\u00f4tes du Jura 2012", "statistics": {"status": "Normal", "ratings_count": 27, "ratings_average": 3.8, "labels_count": 240, "reviews_count": 10}, "year": 2012, "grapes": null, "has_valid_ratings": true}, {"id": 146618058, "seo_name": "d-arbois-chardonnay-cotes-du-jura-2011", "name": "Ch\u00e2teau B\u00e9thanie Chardonnay C\u00f4tes du Jura 2011", "statistics": {"status": "Normal", "ratings_count": 15, "ratings_average": 3.3, "labels_count": 183, "reviews_count": 10}, "year": 2011, "grapes": null, "has_valid_ratings": true}, {"id": 152564574, "seo_name": "d-arbois-chardonnay-cotes-du-jura-2010", "name": "Ch\u00e2teau B\u00e9thanie Chardonnay C\u00f4tes du Jura 2010", "statistics": {"status": "BelowThreshold", "ratings_count": 7, "ratings_average": 0, "labels_count": 115, "reviews_count": 4}, "year": 2010, "grapes": null, "has_valid_ratings": false}, {"id": 155455083, "seo_name": "d-arbois-chardonnay-cotes-du-jura-2009", "name": "Ch\u00e2teau B\u00e9thanie Chardonnay C\u00f4tes du Jura 2009", "statistics": {"status": "BelowThreshold", "ratings_count": 9, "ratings_average": 0, "labels_count": 106, "reviews_count": 6}, "year": 2009, "grapes": null, "has_valid_ratings": false}, {"id": 158717737, "seo_name": "d-arbois-chardonnay-cotes-du-jura-2008", "name": "Ch\u00e2teau B\u00e9thanie Chardonnay C\u00f4tes du Jura 2008", "statistics": {"status": "BelowThreshold", "ratings_count": 5, "ratings_average": 0, "labels_count": 104, "reviews_count": 3}, "year": 2008, "grapes": null, "has_valid_ratings": false}, {"id": 155416625, "seo_name": "d-arbois-chardonnay-cotes-du-jura-2007", "name": "Ch\u00e2teau B\u00e9thanie Chardonnay C\u00f4tes du Jura 2007", "statistics": {"status": "BelowThreshold", "ratings_count": 3, "ratings_average": 0, "labels_count": 83, "reviews_count": 0}, "year": 2007, "grapes": null, "has_valid_ratings": false}, {"id": 161237373, "seo_name": "d-arbois-chardonnay-cotes-du-jura-2006", "name": "Ch\u00e2teau B\u00e9thanie Chardonnay C\u00f4tes du Jura 2006", "statistics": {"status": "BelowThreshold", "ratings_count": 1, "ratings_average": 0, "labels_count": 53, "reviews_count": 0}, "year": 2006, "grapes": null, "has_valid_ratings": false}, {"id": 151786438, "seo_name": "d-arbois-chardonnay-cotes-du-jura-2005", "name": "Ch\u00e2teau B\u00e9thanie Chardonnay C\u00f4tes du Jura 2005", "statistics": {"status": "BelowThreshold", "ratings_count": 4, "ratings_average": 0, "labels_count": 73, "reviews_count": 3}, "year": 2005, "grapes": null, "has_valid_ratings": false}, {"id": 152302070, "seo_name": "d-arbois-chardonnay-cotes-du-jura-2004", "name": "Ch\u00e2teau B\u00e9thanie Chardonnay C\u00f4tes du Jura 2004", "statistics": {"status": "BelowThreshold", "ratings_count": 1, "ratings_average": 0, "labels_count": 36, "reviews_count": 1}, "year": 2004, "grapes": null, "has_valid_ratings": false}, {"id": 158624235, "seo_name": "d-arbois-chardonnay-cotes-du-jura-2003", "name": "Ch\u00e2teau B\u00e9thanie Chardonnay C\u00f4tes du Jura 2003", "statistics": {"status": "BelowThreshold", "ratings_count": 2, "ratings_average": 0, "labels_count": 36, "reviews_count": 1}, "year": 2003, "grapes": null, "has_valid_ratings": false}, {"id": 155333963, "seo_name": "d-arbois-chardonnay-cotes-du-jura-2002", "name": "Ch\u00e2teau B\u00e9thanie Chardonnay C\u00f4tes du Jura 2002", "statistics": {"status": "BelowThreshold", "ratings_count": 4, "ratings_average": 0, "labels_count": 28, "reviews_count": 1}, "year": 2002, "grapes": null, "has_valid_ratings": false}, {"id": 158816635, "seo_name": "d-arbois-chardonnay-cotes-du-jura-2000", "name": "Ch\u00e2teau B\u00e9thanie Chardonnay C\u00f4tes du Jura 2000", "statistics": {"status": "BelowThreshold", "ratings_count": 3, "ratings_average": 0, "labels_count": 49, "reviews_count": 2}, "year": 2000, "grapes": null, "has_valid_ratings": false}, {"id": 158408672, "seo_name": "d-arbois-chardonnay-cotes-du-jura-1999", "name": "Ch\u00e2teau B\u00e9thanie Chardonnay C\u00f4tes du Jura 1999", "statistics": {"status": "BelowThreshold", "ratings_count": 2, "ratings_average": 0, "labels_count": 30, "reviews_count": 0}, "year": 1999, "grapes": null, "has_valid_ratings": false}, {"id": 153154888, "seo_name": "d-arbois-chardonnay-cotes-du-jura-1998", "name": "Ch\u00e2teau B\u00e9thanie Chardonnay C\u00f4tes du Jura 1998", "statistics": {"status": "BelowThreshold", "ratings_count": 3, "ratings_average": 0, "labels_count": 34, "reviews_count": 0}, "year": 1998, "grapes": null, "has_valid_ratings": false}, {"id": 159248073, "seo_name": "d-arbois-chardonnay-cotes-du-jura-1997", "name": "Ch\u00e2teau B\u00e9thanie Chardonnay C\u00f4tes du Jura 1997", "statistics": {"status": "BelowThreshold", "ratings_count": 1, "ratings_average": 0, "labels_count": 45, "reviews_count": 0}, "year": 1997, "grapes": null, "has_valid_ratings": false}, {"id": 158097063, "seo_name": "d-arbois-chardonnay-cotes-du-jura-1996", "name": "Ch\u00e2teau B\u00e9thanie Chardonnay C\u00f4tes du Jura 1996", "statistics": {"status": "BelowThreshold", "ratings_count": 1, "ratings_average": 0, "labels_count": 46, "reviews_count": 0}, "year": 1996, "grapes": null, "has_valid_ratings": false}, {"id": 158097062, "seo_name": "d-arbois-chardonnay-cotes-du-jura-1995", "name": "Ch\u00e2teau B\u00e9thanie Chardonnay C\u00f4tes du Jura 1995", "statistics": {"status": "BelowThreshold", "ratings_count": 2, "ratings_average": 0, "labels_count": 21, "reviews_count": 1}, "year": 1995, "grapes": null, "has_valid_ratings": false}, {"id": 158613324, "seo_name": "d-arbois-chardonnay-cotes-du-jura-1994", "name": "Ch\u00e2teau B\u00e9thanie Chardonnay C\u00f4tes du Jura 1994", "statistics": {"status": "BelowThreshold", "ratings_count": 2, "ratings_average": 0, "labels_count": 26, "reviews_count": 2}, "year": 1994, "grapes": null, "has_valid_ratings": false}, {"id": 162700786, "seo_name": "d-arbois-chardonnay-cotes-du-jura-1992", "name": "Ch\u00e2teau B\u00e9thanie Chardonnay C\u00f4tes du Jura 1992", "statistics": {"status": "BelowThreshold", "ratings_count": 1, "ratings_average": 0, "labels_count": 9, "reviews_count": 0}, "year": 1992, "grapes": null, "has_valid_ratings": false}, {"id": 162931947, "seo_name": "d-arbois-chardonnay-cotes-du-jura-1989", "name": "Ch\u00e2teau B\u00e9thanie Chardonnay C\u00f4tes du Jura 1989", "statistics": {"status": "BelowThreshold", "ratings_count": 2, "ratings_average": 0, "labels_count": 12, "reviews_count": 1}, "year": 1989, "grapes": null, "has_valid_ratings": false}, {"id": 168795254, "seo_name": "d-arbois-chardonnay-cotes-du-jura-1979", "name": "Ch\u00e2teau B\u00e9thanie Chardonnay C\u00f4tes du Jura 1979", "statistics": {"status": "BelowThreshold", "ratings_count": 1, "ratings_average": 0, "labels_count": 1, "reviews_count": 0}, "year": 1979, "grapes": null, "has_valid_ratings": false}, {"id": 144982989, "seo_name": "d-arbois-chardonnay-cotes-du-jura-uv", "name": "Ch\u00e2teau B\u00e9thanie Chardonnay C\u00f4tes du Jura", "statistics": {"status": "Normal", "ratings_count": 2658, "ratings_average": 3.5, "labels_count": 24, "reviews_count": 24}, "year": 0, "grapes": null, "has_valid_ratings": true}], "description": "", "grapes": [{"id": 5, "name": "Chardonnay", "seo_name": "chardonnay", "has_detailed_info": true, "wines_count": 604208}], "foods": [{"id": 20, "name": "Poultry", "background_image": {"location": "//images.vivino.com/backgrounds/foods/20_chicken.png", "variations": {"small": "//images.vivino.com/backgrounds/foods/thumbs/20_chicken_932x810.png"}}, "seo_name": "poultry"}, {"id": 34, "name": "Mushrooms", "background_image": {"location": "//images.vivino.com/backgrounds/foods/34_mushrooms.png", "variations": {"small": "//images.vivino.com/backgrounds/foods/thumbs/34_mushrooms_932x810.png"}}, "seo_name": null}, {"id": 35, "name": "Mild and soft cheese", "background_image": {"location": "//images.vivino.com/backgrounds/foods/35_softcheese.png", "variations": {"small": "//images.vivino.com/backgrounds/foods/thumbs/35_softcheese_932x810.png"}}, "seo_name": null}], "non_vintage": false, "alcohol": 0, "sweetness_id": null, "closure": null, "vintage_mask_raw": null, "updated_at": "2018-03-19T20:31:36Z", "created_at": "2016-07-15T04:34:09Z", "is_first_wine": false, "style": {"id": 257, "seo_name": "jura-white", "regional_name": "Jura", "varietal_name": "White", "name": "Jura White", "image": null, "background_image": null, "description": "Made from the region's native grape, Savagnin, Jura whites tend to be low in alcohol with bright acidity, and offer up nutty, savory qualities and can be intensely spicy.\n\nThe typical Jura white is intentionally made in an oxidative style, in barrel under a thin film of yeast, slightly similar to how sherry is produced.\n\nLocated in eastern France, the Jura's climate is relatively cool, with most vines planted on south-facing slopes that benefit from direct sunshine.\n\nThere are also more fruit-forward styles of white produced in the Jura, often from Chardonnay and similar to white Burgundy, but fresher and lighter.", "blurb": null, "interesting_facts": ["The Jura is France's smallest wine-producing region.", "Most Jura producers practice organic or biodynamic winemaking.", "Vin Jaune, the region's ultimate expression of oxidative winemaking, requires six years and three months in barrel.", "Chateau-Chalon is said to make the best Vin Jaune, which is sold in a unique 620 ml bottle called a 'clavelin'."], "body": 3, "body_description": "Medium-bodied", "acidity": 3, "acidity_description": "High", "country": {"code": "fr", "name": "France", "native_name": "France", "seo_name": "france", "currency": {"code": "EUR", "name": "Euros", "prefix": "\u20ac", "suffix": null}, "regions_count": 1292, "users_count": 5068363, "wines_count": 542471, "wineries_count": 67002, "most_used_grapes": [{"id": 14, "name": "Pinot Noir", "seo_name": "pinot-noir", "has_detailed_info": true, "wines_count": 572334}, {"id": 10, "name": "Merlot", "seo_name": "merlot", "has_detailed_info": true, "wines_count": 566719}, {"id": 5, "name": "Chardonnay", "seo_name": "chardonnay", "has_detailed_info": true, "wines_count": 604208}]}, "wine_type_id": 2, "food": [{"id": 20, "name": "Poultry", "background_image": {"location": "//images.vivino.com/backgrounds/foods/20_chicken.png", "variations": {"small": "//images.vivino.com/backgrounds/foods/thumbs/20_chicken_932x810.png"}}, "seo_name": "poultry"}, {"id": 34, "name": "Mushrooms", "background_image": {"location": "//images.vivino.com/backgrounds/foods/34_mushrooms.png", "variations": {"small": "//images.vivino.com/backgrounds/foods/thumbs/34_mushrooms_932x810.png"}}, "seo_name": null}, {"id": 35, "name": "Mild and soft cheese", "background_image": {"location": "//images.vivino.com/backgrounds/foods/35_softcheese.png", "variations": {"small": "//images.vivino.com/backgrounds/foods/thumbs/35_softcheese_932x810.png"}}, "seo_name": null}], "grapes": [{"id": 5, "name": "Chardonnay", "seo_name": "chardonnay", "has_detailed_info": true, "wines_count": 604208}], "region": {"id": 767, "name": "Jura", "name_en": "", "seo_name": "jura", "country": {"code": "fr", "name": "France", "native_name": "France", "seo_name": "france", "currency": {"code": "EUR", "name": "Euros", "prefix": "\u20ac", "suffix": null}, "regions_count": 1292, "users_count": 5068363, "wines_count": 542471, "wineries_count": 67002, "most_used_grapes": [{"id": 14, "name": "Pinot Noir", "seo_name": "pinot-noir", "has_detailed_info": true, "wines_count": 572334}, {"id": 10, "name": "Merlot", "seo_name": "merlot", "has_detailed_info": true, "wines_count": 566719}, {"id": 5, "name": "Chardonnay", "seo_name": "chardonnay", "has_detailed_info": true, "wines_count": 604208}]}, "parent_id": null, "background_image": null, "statistics": {"wineries_count": 319, "wines_count": 2052, "sub_regions_count": 1, "parent_regions_count": 0}}}, "has_valid_ratings": true}, "description": "", "wine_critic_reviews": [], "awards": [], "ratings_distribution": {"1": 39, "2": 205, "3": 1345, "4": 926, "5": 143}, "ranking": {"country": {"description": "Rank within France", "total": 2497604, "rank": 527211}, "region": {"description": "Rank within Wine Region", "total": 26380, "rank": 5819}, "winery": {"description": "Rank within Winery", "total": 786, "rank": 107}, "global": {"description": "Global Rank", "total": 8944670, "rank": 1903929}}, "wine_facts": {}, "winemaker": null, "wine_maker": null, "grape_composition": {}, "year": "", "grapes": null, "has_valid_ratings": true}, "carts": null, "full_region": null, "tastes": null, "wine": {"id": 4650412, "name": "Chardonnay C\u00f4tes du Jura", "seo_name": "chardonnay-cotes-du-jura", "type_id": 2, "vintage_type": 0, "is_natural": false, "region": {"id": 768, "name": "Arbois", "name_en": "", "seo_name": "arbois", "country": {"code": "fr", "name": "France", "native_name": "France", "seo_name": "france", "currency": {"code": "EUR", "name": "Euros", "prefix": "\u20ac", "suffix": null}, "regions_count": 1292, "users_count": 5068363, "wines_count": 542471, "wineries_count": 67002, "most_used_grapes": [{"id": 14, "name": "Pinot Noir", "seo_name": "pinot-noir", "has_detailed_info": true, "wines_count": 572334}, {"id": 10, "name": "Merlot", "seo_name": "merlot", "has_detailed_info": true, "wines_count": 566719}, {"id": 5, "name": "Chardonnay", "seo_name": "chardonnay", "has_detailed_info": true, "wines_count": 604208}]}, "parent_id": 2410, "background_image": null, "class": {"typecast_map": {"background_image": {}, "class": {}}}, "statistics": {"wineries_count": 46, "wines_count": 1049, "sub_regions_count": 1, "parent_regions_count": 2}}, "review_status": 2, "winery": {"id": 32519, "name": "Ch\u00e2teau B\u00e9thanie", "seo_name": "d-arbois", "status": 1, "review_status": "Completed", "background_image": null, "statistics": {"ratings_count": 12123, "ratings_average": 3.6, "labels_count": 84717, "wines_count": 77}, "region": {"id": 767, "name": "Jura", "name_en": "", "seo_name": "jura", "country": {"code": "fr", "name": "France", "native_name": "France", "seo_name": "france", "currency": {"code": "EUR", "name": "Euros", "prefix": "\u20ac", "suffix": null}, "regions_count": 1292, "users_count": 5068363, "wines_count": 542471, "wineries_count": 67002, "most_used_grapes": [{"id": 14, "name": "Pinot Noir", "seo_name": "pinot-noir", "has_detailed_info": true, "wines_count": 572334}, {"id": 10, "name": "Merlot", "seo_name": "merlot", "has_detailed_info": true, "wines_count": 566719}, {"id": 5, "name": "Chardonnay", "seo_name": "chardonnay", "has_detailed_info": true, "wines_count": 604208}]}, "parent_id": null, "background_image": null, "statistics": {"wineries_count": 319, "wines_count": 2052, "sub_regions_count": 1, "parent_regions_count": 0}}}, "image": {"location": "//images.vivino.com/labels/KiHY-8xvQgaSrMca_xMOKg.jpg", "variations": {"large": "//images.vivino.com/thumbs/KiHY-8xvQgaSrMca_xMOKg_375x500.jpg", "medium": "//images.vivino.com/thumbs/KiHY-8xvQgaSrMca_xMOKg_150x200.jpg", "medium_square": "//images.vivino.com/thumbs/KiHY-8xvQgaSrMca_xMOKg_150x150.jpg", "small_square": "//images.vivino.com/thumbs/KiHY-8xvQgaSrMca_xMOKg_80x80.jpg"}}, "statistics": {"status": "Normal", "ratings_count": 2658, "ratings_average": 3.5, "labels_count": 17861, "vintages_count": 42}, "rank": null, "hidden": false, "vintages": [{"id": 167571560, "seo_name": "d-arbois-chardonnay-cotes-du-jura-2021", "name": "Ch\u00e2teau B\u00e9thanie Chardonnay C\u00f4tes du Jura 2021", "statistics": {"status": "BelowThreshold", "ratings_count": 0, "ratings_average": 0, "labels_count": 1, "reviews_count": 0}, "year": 2021, "grapes": null, "has_valid_ratings": false}, {"id": 163482257, "seo_name": "d-arbois-chardonnay-cotes-du-jura-2020", "name": "Ch\u00e2teau B\u00e9thanie Chardonnay C\u00f4tes du Jura 2020", "statistics": {"status": "Normal", "ratings_count": 22, "ratings_average": 3.5, "labels_count": 192, "reviews_count": 6}, "year": 2020, "grapes": null, "has_valid_ratings": true}, {"id": 161890538, "seo_name": "d-arbois-chardonnay-cotes-du-jura-2019", "name": "Ch\u00e2teau B\u00e9thanie Chardonnay C\u00f4tes du Jura 2019", "statistics": {"status": "Normal", "ratings_count": 588, "ratings_average": 3.6, "labels_count": 3036, "reviews_count": 230}, "year": 2019, "grapes": null, "has_valid_ratings": true}, {"id": 160380172, "seo_name": "d-arbois-chardonnay-cotes-du-jura-2018", "name": "Ch\u00e2teau B\u00e9thanie Chardonnay C\u00f4tes du Jura 2018", "statistics": {"status": "Normal", "ratings_count": 669, "ratings_average": 3.4, "labels_count": 4373, "reviews_count": 235}, "year": 2018, "grapes": null, "has_valid_ratings": true}, {"id": 154481446, "seo_name": "d-arbois-chardonnay-cotes-du-jura-2017", "name": "Ch\u00e2teau B\u00e9thanie Chardonnay C\u00f4tes du Jura 2017", "statistics": {"status": "Normal", "ratings_count": 406, "ratings_average": 3.5, "labels_count": 2514, "reviews_count": 140}, "year": 2017, "grapes": null, "has_valid_ratings": true}, {"id": 151726855, "seo_name": "d-arbois-chardonnay-cotes-du-jura-2016", "name": "Ch\u00e2teau B\u00e9thanie Chardonnay C\u00f4tes du Jura 2016", "statistics": {"status": "Normal", "ratings_count": 505, "ratings_average": 3.5, "labels_count": 3765, "reviews_count": 183}, "year": 2016, "grapes": null, "has_valid_ratings": true}, {"id": 146749894, "seo_name": "d-arbois-chardonnay-cotes-du-jura-2015", "name": "Ch\u00e2teau B\u00e9thanie Chardonnay C\u00f4tes du Jura 2015", "statistics": {"status": "Normal", "ratings_count": 202, "ratings_average": 3.5, "labels_count": 1514, "reviews_count": 88}, "year": 2015, "grapes": null, "has_valid_ratings": true}, {"id": 144982988, "seo_name": "d-arbois-chardonnay-cotes-du-jura-2014", "name": "Ch\u00e2teau B\u00e9thanie Chardonnay C\u00f4tes du Jura 2014", "statistics": {"status": "Normal", "ratings_count": 76, "ratings_average": 3.7, "labels_count": 619, "reviews_count": 35}, "year": 2014, "grapes": null, "has_valid_ratings": true}, {"id": 157318849, "seo_name": "d-arbois-chardonnay-cotes-du-jura-2013", "name": "Ch\u00e2teau B\u00e9thanie Chardonnay C\u00f4tes du Jura 2013", "statistics": {"status": "Normal", "ratings_count": 20, "ratings_average": 4, "labels_count": 162, "reviews_count": 8}, "year": 2013, "grapes": null, "has_valid_ratings": true}, {"id": 147180636, "seo_name": "d-arbois-chardonnay-cotes-du-jura-2012", "name": "Ch\u00e2teau B\u00e9thanie Chardonnay C\u00f4tes du Jura 2012", "statistics": {"status": "Normal", "ratings_count": 27, "ratings_average": 3.8, "labels_count": 240, "reviews_count": 10}, "year": 2012, "grapes": null, "has_valid_ratings": true}, {"id": 146618058, "seo_name": "d-arbois-chardonnay-cotes-du-jura-2011", "name": "Ch\u00e2teau B\u00e9thanie Chardonnay C\u00f4tes du Jura 2011", "statistics": {"status": "Normal", "ratings_count": 15, "ratings_average": 3.3, "labels_count": 183, "reviews_count": 10}, "year": 2011, "grapes": null, "has_valid_ratings": true}, {"id": 152564574, "seo_name": "d-arbois-chardonnay-cotes-du-jura-2010", "name": "Ch\u00e2teau B\u00e9thanie Chardonnay C\u00f4tes du Jura 2010", "statistics": {"status": "BelowThreshold", "ratings_count": 7, "ratings_average": 0, "labels_count": 115, "reviews_count": 4}, "year": 2010, "grapes": null, "has_valid_ratings": false}, {"id": 155455083, "seo_name": "d-arbois-chardonnay-cotes-du-jura-2009", "name": "Ch\u00e2teau B\u00e9thanie Chardonnay C\u00f4tes du Jura 2009", "statistics": {"status": "BelowThreshold", "ratings_count": 9, "ratings_average": 0, "labels_count": 106, "reviews_count": 6}, "year": 2009, "grapes": null, "has_valid_ratings": false}, {"id": 158717737, "seo_name": "d-arbois-chardonnay-cotes-du-jura-2008", "name": "Ch\u00e2teau B\u00e9thanie Chardonnay C\u00f4tes du Jura 2008", "statistics": {"status": "BelowThreshold", "ratings_count": 5, "ratings_average": 0, "labels_count": 104, "reviews_count": 3}, "year": 2008, "grapes": null, "has_valid_ratings": false}, {"id": 155416625, "seo_name": "d-arbois-chardonnay-cotes-du-jura-2007", "name": "Ch\u00e2teau B\u00e9thanie Chardonnay C\u00f4tes du Jura 2007", "statistics": {"status": "BelowThreshold", "ratings_count": 3, "ratings_average": 0, "labels_count": 83, "reviews_count": 0}, "year": 2007, "grapes": null, "has_valid_ratings": false}, {"id": 161237373, "seo_name": "d-arbois-chardonnay-cotes-du-jura-2006", "name": "Ch\u00e2teau B\u00e9thanie Chardonnay C\u00f4tes du Jura 2006", "statistics": {"status": "BelowThreshold", "ratings_count": 1, "ratings_average": 0, "labels_count": 53, "reviews_count": 0}, "year": 2006, "grapes": null, "has_valid_ratings": false}, {"id": 151786438, "seo_name": "d-arbois-chardonnay-cotes-du-jura-2005", "name": "Ch\u00e2teau B\u00e9thanie Chardonnay C\u00f4tes du Jura 2005", "statistics": {"status": "BelowThreshold", "ratings_count": 4, "ratings_average": 0, "labels_count": 73, "reviews_count": 3}, "year": 2005, "grapes": null, "has_valid_ratings": false}, {"id": 152302070, "seo_name": "d-arbois-chardonnay-cotes-du-jura-2004", "name": "Ch\u00e2teau B\u00e9thanie Chardonnay C\u00f4tes du Jura 2004", "statistics": {"status": "BelowThreshold", "ratings_count": 1, "ratings_average": 0, "labels_count": 36, "reviews_count": 1}, "year": 2004, "grapes": null, "has_valid_ratings": false}, {"id": 158624235, "seo_name": "d-arbois-chardonnay-cotes-du-jura-2003", "name": "Ch\u00e2teau B\u00e9thanie Chardonnay C\u00f4tes du Jura 2003", "statistics": {"status": "BelowThreshold", "ratings_count": 2, "ratings_average": 0, "labels_count": 36, "reviews_count": 1}, "year": 2003, "grapes": null, "has_valid_ratings": false}, {"id": 155333963, "seo_name": "d-arbois-chardonnay-cotes-du-jura-2002", "name": "Ch\u00e2teau B\u00e9thanie Chardonnay C\u00f4tes du Jura 2002", "statistics": {"status": "BelowThreshold", "ratings_count": 4, "ratings_average": 0, "labels_count": 28, "reviews_count": 1}, "year": 2002, "grapes": null, "has_valid_ratings": false}, {"id": 157306213, "seo_name": "d-arbois-chardonnay-cotes-du-jura-2001", "name": "Ch\u00e2teau B\u00e9thanie Chardonnay C\u00f4tes du Jura 2001", "statistics": {"status": "BelowThreshold", "ratings_count": 0, "ratings_average": 0, "labels_count": 45, "reviews_count": 0}, "year": 2001, "grapes": null, "has_valid_ratings": false}, {"id": 158816635, "seo_name": "d-arbois-chardonnay-cotes-du-jura-2000", "name": "Ch\u00e2teau B\u00e9thanie Chardonnay C\u00f4tes du Jura 2000", "statistics": {"status": "BelowThreshold", "ratings_count": 3, "ratings_average": 0, "labels_count": 49, "reviews_count": 2}, "year": 2000, "grapes": null, "has_valid_ratings": false}, {"id": 158408672, "seo_name": "d-arbois-chardonnay-cotes-du-jura-1999", "name": "Ch\u00e2teau B\u00e9thanie Chardonnay C\u00f4tes du Jura 1999", "statistics": {"status": "BelowThreshold", "ratings_count": 2, "ratings_average": 0, "labels_count": 30, "reviews_count": 0}, "year": 1999, "grapes": null, "has_valid_ratings": false}, {"id": 153154888, "seo_name": "d-arbois-chardonnay-cotes-du-jura-1998", "name": "Ch\u00e2teau B\u00e9thanie Chardonnay C\u00f4tes du Jura 1998", "statistics": {"status": "BelowThreshold", "ratings_count": 3, "ratings_average": 0, "labels_count": 34, "reviews_count": 0}, "year": 1998, "grapes": null, "has_valid_ratings": false}, {"id": 159248073, "seo_name": "d-arbois-chardonnay-cotes-du-jura-1997", "name": "Ch\u00e2teau B\u00e9thanie Chardonnay C\u00f4tes du Jura 1997", "statistics": {"status": "BelowThreshold", "ratings_count": 1, "ratings_average": 0, "labels_count": 45, "reviews_count": 0}, "year": 1997, "grapes": null, "has_valid_ratings": false}, {"id": 158097063, "seo_name": "d-arbois-chardonnay-cotes-du-jura-1996", "name": "Ch\u00e2teau B\u00e9thanie Chardonnay C\u00f4tes du Jura 1996", "statistics": {"status": "BelowThreshold", "ratings_count": 1, "ratings_average": 0, "labels_count": 46, "reviews_count": 0}, "year": 1996, "grapes": null, "has_valid_ratings": false}, {"id": 158097062, "seo_name": "d-arbois-chardonnay-cotes-du-jura-1995", "name": "Ch\u00e2teau B\u00e9thanie Chardonnay C\u00f4tes du Jura 1995", "statistics": {"status": "BelowThreshold", "ratings_count": 2, "ratings_average": 0, "labels_count": 21, "reviews_count": 1}, "year": 1995, "grapes": null, "has_valid_ratings": false}, {"id": 158613324, "seo_name": "d-arbois-chardonnay-cotes-du-jura-1994", "name": "Ch\u00e2teau B\u00e9thanie Chardonnay C\u00f4tes du Jura 1994", "statistics": {"status": "BelowThreshold", "ratings_count": 2, "ratings_average": 0, "labels_count": 26, "reviews_count": 2}, "year": 1994, "grapes": null, "has_valid_ratings": false}, {"id": 157970375, "seo_name": "d-arbois-chardonnay-cotes-du-jura-1993", "name": "Ch\u00e2teau B\u00e9thanie Chardonnay C\u00f4tes du Jura 1993", "statistics": {"status": "BelowThreshold", "ratings_count": 0, "ratings_average": 0, "labels_count": 19, "reviews_count": 0}, "year": 1993, "grapes": null, "has_valid_ratings": false}, {"id": 162700786, "seo_name": "d-arbois-chardonnay-cotes-du-jura-1992", "name": "Ch\u00e2teau B\u00e9thanie Chardonnay C\u00f4tes du Jura 1992", "statistics": {"status": "BelowThreshold", "ratings_count": 1, "ratings_average": 0, "labels_count": 9, "reviews_count": 0}, "year": 1992, "grapes": null, "has_valid_ratings": false}, {"id": 162417751, "seo_name": "d-arbois-chardonnay-cotes-du-jura-1991", "name": "Ch\u00e2teau B\u00e9thanie Chardonnay C\u00f4tes du Jura 1991", "statistics": {"status": "BelowThreshold", "ratings_count": 0, "ratings_average": 0, "labels_count": 0, "reviews_count": 0}, "year": 1991, "grapes": null, "has_valid_ratings": false}, {"id": 161599521, "seo_name": "d-arbois-chardonnay-cotes-du-jura-1990", "name": "Ch\u00e2teau B\u00e9thanie Chardonnay C\u00f4tes du Jura 1990", "statistics": {"status": "BelowThreshold", "ratings_count": 0, "ratings_average": 0, "labels_count": 4, "reviews_count": 0}, "year": 1990, "grapes": null, "has_valid_ratings": false}, {"id": 162931947, "seo_name": "d-arbois-chardonnay-cotes-du-jura-1989", "name": "Ch\u00e2teau B\u00e9thanie Chardonnay C\u00f4tes du Jura 1989", "statistics": {"status": "BelowThreshold", "ratings_count": 2, "ratings_average": 0, "labels_count": 12, "reviews_count": 1}, "year": 1989, "grapes": null, "has_valid_ratings": false}, {"id": 162650259, "seo_name": "d-arbois-chardonnay-cotes-du-jura-1988", "name": "Ch\u00e2teau B\u00e9thanie Chardonnay C\u00f4tes du Jura 1988", "statistics": {"status": "BelowThreshold", "ratings_count": 0, "ratings_average": 0, "labels_count": 4, "reviews_count": 0}, "year": 1988, "grapes": null, "has_valid_ratings": false}, {"id": 164856327, "seo_name": "d-arbois-chardonnay-cotes-du-jura-1987", "name": "Ch\u00e2teau B\u00e9thanie Chardonnay C\u00f4tes du Jura 1987", "statistics": {"status": "BelowThreshold", "ratings_count": 0, "ratings_average": 0, "labels_count": 3, "reviews_count": 0}, "year": 1987, "grapes": null, "has_valid_ratings": false}, {"id": 167143754, "seo_name": "d-arbois-chardonnay-cotes-du-jura-1986", "name": "Ch\u00e2teau B\u00e9thanie Chardonnay C\u00f4tes du Jura 1986", "statistics": {"status": "BelowThreshold", "ratings_count": 0, "ratings_average": 0, "labels_count": 1, "reviews_count": 0}, "year": 1986, "grapes": null, "has_valid_ratings": false}, {"id": 169436859, "seo_name": "d-arbois-chardonnay-cotes-du-jura-1985", "name": "Ch\u00e2teau B\u00e9thanie Chardonnay C\u00f4tes du Jura 1985", "statistics": {"status": "BelowThreshold", "ratings_count": 0, "ratings_average": 0, "labels_count": 0, "reviews_count": 0}, "year": 1985, "grapes": null, "has_valid_ratings": false}, {"id": 162557601, "seo_name": "d-arbois-chardonnay-cotes-du-jura-1982", "name": "Ch\u00e2teau B\u00e9thanie Chardonnay C\u00f4tes du Jura 1982", "statistics": {"status": "BelowThreshold", "ratings_count": 0, "ratings_average": 0, "labels_count": 1, "reviews_count": 0}, "year": 1982, "grapes": null, "has_valid_ratings": false}, {"id": 169436856, "seo_name": "d-arbois-chardonnay-cotes-du-jura-1981", "name": "Ch\u00e2teau B\u00e9thanie Chardonnay C\u00f4tes du Jura 1981", "statistics": {"status": "BelowThreshold", "ratings_count": 0, "ratings_average": 0, "labels_count": 0, "reviews_count": 0}, "year": 1981, "grapes": null, "has_valid_ratings": false}, {"id": 168795254, "seo_name": "d-arbois-chardonnay-cotes-du-jura-1979", "name": "Ch\u00e2teau B\u00e9thanie Chardonnay C\u00f4tes du Jura 1979", "statistics": {"status": "BelowThreshold", "ratings_count": 1, "ratings_average": 0, "labels_count": 1, "reviews_count": 0}, "year": 1979, "grapes": null, "has_valid_ratings": false}, {"id": 161406909, "seo_name": "d-arbois-chardonnay-cotes-du-jura-1978", "name": "Ch\u00e2teau B\u00e9thanie Chardonnay C\u00f4tes du Jura 1978", "statistics": {"status": "BelowThreshold", "ratings_count": 0, "ratings_average": 0, "labels_count": 4, "reviews_count": 0}, "year": 1978, "grapes": null, "has_valid_ratings": false}, {"id": 144982989, "seo_name": "d-arbois-chardonnay-cotes-du-jura-uv", "name": "Ch\u00e2teau B\u00e9thanie Chardonnay C\u00f4tes du Jura", "statistics": {"status": "Normal", "ratings_count": 2658, "ratings_average": 3.5, "labels_count": 24, "reviews_count": 24}, "year": 0, "grapes": null, "has_valid_ratings": true}], "description": "", "grapes": [{"id": 5, "name": "Chardonnay", "seo_name": "chardonnay", "has_detailed_info": true, "wines_count": 604208}], "foods": [{"id": 20, "name": "Poultry", "background_image": {"location": "//images.vivino.com/backgrounds/foods/20_chicken.png", "variations": {"small": "//images.vivino.com/backgrounds/foods/thumbs/20_chicken_932x810.png"}}, "seo_name": "poultry"}, {"id": 34, "name": "Mushrooms", "background_image": {"location": "//images.vivino.com/backgrounds/foods/34_mushrooms.png", "variations": {"small": "//images.vivino.com/backgrounds/foods/thumbs/34_mushrooms_932x810.png"}}, "seo_name": null}, {"id": 35, "name": "Mild and soft cheese", "background_image": {"location": "//images.vivino.com/backgrounds/foods/35_softcheese.png", "variations": {"small": "//images.vivino.com/backgrounds/foods/thumbs/35_softcheese_932x810.png"}}, "seo_name": null}], "non_vintage": false, "alcohol": 0, "sweetness_id": null, "closure": null, "vintage_mask_raw": null, "updated_at": "2018-03-19T20:31:36Z", "created_at": "2016-07-15T04:34:09Z", "is_first_wine": false, "style": {"id": 257, "seo_name": "jura-white", "regional_name": "Jura", "varietal_name": "White", "name": "Jura White", "image": null, "background_image": null, "description": "Made from the region's native grape, Savagnin, Jura whites tend to be low in alcohol with bright acidity, and offer up nutty, savory qualities and can be intensely spicy.\n\nThe typical Jura white is intentionally made in an oxidative style, in barrel under a thin film of yeast, slightly similar to how sherry is produced.\n\nLocated in eastern France, the Jura's climate is relatively cool, with most vines planted on south-facing slopes that benefit from direct sunshine.\n\nThere are also more fruit-forward styles of white produced in the Jura, often from Chardonnay and similar to white Burgundy, but fresher and lighter.", "blurb": null, "interesting_facts": ["The Jura is France's smallest wine-producing region.", "Most Jura producers practice organic or biodynamic winemaking.", "Vin Jaune, the region's ultimate expression of oxidative winemaking, requires six years and three months in barrel.", "Chateau-Chalon is said to make the best Vin Jaune, which is sold in a unique 620 ml bottle called a 'clavelin'."], "body": 3, "body_description": "Medium-bodied", "acidity": 3, "acidity_description": "High", "country": {"code": "fr", "name": "France", "native_name": "France", "seo_name": "france", "currency": {"code": "EUR", "name": "Euros", "prefix": "\u20ac", "suffix": null}, "regions_count": 1292, "users_count": 5068363, "wines_count": 542471, "wineries_count": 67002, "most_used_grapes": [{"id": 14, "name": "Pinot Noir", "seo_name": "pinot-noir", "has_detailed_info": true, "wines_count": 572334}, {"id": 10, "name": "Merlot", "seo_name": "merlot", "has_detailed_info": true, "wines_count": 566719}, {"id": 5, "name": "Chardonnay", "seo_name": "chardonnay", "has_detailed_info": true, "wines_count": 604208}]}, "wine_type_id": 2, "food": [{"id": 20, "name": "Poultry", "background_image": {"location": "//images.vivino.com/backgrounds/foods/20_chicken.png", "variations": {"small": "//images.vivino.com/backgrounds/foods/thumbs/20_chicken_932x810.png"}}, "seo_name": "poultry"}, {"id": 34, "name": "Mushrooms", "background_image": {"location": "//images.vivino.com/backgrounds/foods/34_mushrooms.png", "variations": {"small": "//images.vivino.com/backgrounds/foods/thumbs/34_mushrooms_932x810.png"}}, "seo_name": null}, {"id": 35, "name": "Mild and soft cheese", "background_image": {"location": "//images.vivino.com/backgrounds/foods/35_softcheese.png", "variations": {"small": "//images.vivino.com/backgrounds/foods/thumbs/35_softcheese_932x810.png"}}, "seo_name": null}], "grapes": [{"id": 5, "name": "Chardonnay", "seo_name": "chardonnay", "has_detailed_info": true, "wines_count": 604208}], "region": {"id": 767, "name": "Jura", "name_en": "", "seo_name": "jura", "country": {"code": "fr", "name": "France", "native_name": "France", "seo_name": "france", "currency": {"code": "EUR", "name": "Euros", "prefix": "\u20ac", "suffix": null}, "regions_count": 1292, "users_count": 5068363, "wines_count": 542471, "wineries_count": 67002, "most_used_grapes": [{"id": 14, "name": "Pinot Noir", "seo_name": "pinot-noir", "has_detailed_info": true, "wines_count": 572334}, {"id": 10, "name": "Merlot", "seo_name": "merlot", "has_detailed_info": true, "wines_count": 566719}, {"id": 5, "name": "Chardonnay", "seo_name": "chardonnay", "has_detailed_info": true, "wines_count": 604208}]}, "parent_id": null, "background_image": null, "statistics": {"wineries_count": 319, "wines_count": 2052, "sub_regions_count": 1, "parent_regions_count": 0}}}, "has_valid_ratings": true}, "highlights": [{"vintage_id": 157318849, "highlight_type": "best_user_rated", "message": "This vintage rates better than any other year for this wine", "icon": "https://images.vivino.com/highlights/icon/best_user_rated.svg", "metadata": {"price": null, "wine_id": 4650412, "toplist": null, "ws_award": null, "critic_review_id": null, "ratings_average": 4, "ratings_count": 20, "vintage_year": "2013", "rank_type": "winery", "ranks": {"country": {"description": "Rank within France", "total": 2497604, "rank": 365049}, "region": {"description": "Rank within Wine Region", "total": 26380, "rank": 4067}, "winery": {"description": "Rank within Winery", "total": 786, "rank": 51}, "global": {"description": "Global Rank", "total": 8944670, "rank": 1317218}}, "style": {"id": 257, "seo_name": "jura-white", "regional_name": "Jura", "varietal_name": "White", "name": "Jura White", "image": null, "background_image": null, "description": "Made from the region's native grape, Savagnin, Jura whites tend to be low in alcohol with bright acidity, and offer up nutty, savory qualities and can be intensely spicy.\n\nThe typical Jura white is intentionally made in an oxidative style, in barrel under a thin film of yeast, slightly similar to how sherry is produced.\n\nLocated in eastern France, the Jura's climate is relatively cool, with most vines planted on south-facing slopes that benefit from direct sunshine.\n\nThere are also more fruit-forward styles of white produced in the Jura, often from Chardonnay and similar to white Burgundy, but fresher and lighter.", "blurb": null, "interesting_facts": ["The Jura is France's smallest wine-producing region.", "Most Jura producers practice organic or biodynamic winemaking.", "Vin Jaune, the region's ultimate expression of oxidative winemaking, requires six years and three months in barrel.", "Chateau-Chalon is said to make the best Vin Jaune, which is sold in a unique 620 ml bottle called a 'clavelin'."], "body": 3, "body_description": "Medium-bodied", "acidity": 3, "acidity_description": "High", "country": {"code": "fr", "name": "France", "native_name": "France", "seo_name": "france", "currency": {"code": "EUR", "name": "Euros", "prefix": "\u20ac", "suffix": null}, "regions_count": 1292, "users_count": 5068363, "wines_count": 542471, "wineries_count": 67002, "most_used_grapes": [{"id": 14, "name": "Pinot Noir", "seo_name": "pinot-noir", "has_detailed_info": true, "wines_count": 572334}, {"id": 10, "name": "Merlot", "seo_name": "merlot", "has_detailed_info": true, "wines_count": 566719}, {"id": 5, "name": "Chardonnay", "seo_name": "chardonnay", "has_detailed_info": true, "wines_count": 604208}]}, "wine_type_id": 2, "food": [{"id": 20, "name": "Poultry", "background_image": {"location": "//images.vivino.com/backgrounds/foods/20_chicken.png", "variations": {"small": "//images.vivino.com/backgrounds/foods/thumbs/20_chicken_932x810.png"}}, "seo_name": "poultry"}, {"id": 34, "name": "Mushrooms", "background_image": {"location": "//images.vivino.com/backgrounds/foods/34_mushrooms.png", "variations": {"small": "//images.vivino.com/backgrounds/foods/thumbs/34_mushrooms_932x810.png"}}, "seo_name": null}, {"id": 35, "name": "Mild and soft cheese", "background_image": {"location": "//images.vivino.com/backgrounds/foods/35_softcheese.png", "variations": {"small": "//images.vivino.com/backgrounds/foods/thumbs/35_softcheese_932x810.png"}}, "seo_name": null}], "grapes": [{"id": 5, "name": "Chardonnay", "seo_name": "chardonnay", "has_detailed_info": true, "wines_count": 604208}], "region": {"id": 767, "name": "Jura", "name_en": "", "seo_name": "jura", "country": {"code": "fr", "name": "France", "native_name": "France", "seo_name": "france", "currency": {"code": "EUR", "name": "Euros", "prefix": "\u20ac", "suffix": null}, "regions_count": 1292, "users_count": 5068363, "wines_count": 542471, "wineries_count": 67002, "most_used_grapes": [{"id": 14, "name": "Pinot Noir", "seo_name": "pinot-noir", "has_detailed_info": true, "wines_count": 572334}, {"id": 10, "name": "Merlot", "seo_name": "merlot", "has_detailed_info": true, "wines_count": 566719}, {"id": 5, "name": "Chardonnay", "seo_name": "chardonnay", "has_detailed_info": true, "wines_count": 604208}]}, "parent_id": null, "background_image": null, "statistics": {"wineries_count": 319, "wines_count": 2052, "sub_regions_count": 1, "parent_regions_count": 0}}}}, "vintage_year": 2013}, {"vintage_id": 160380172, "highlight_type": "most_user_rated", "message": "Popular among Vivino users. More than 600 ratings", "icon": "https://images.vivino.com/highlights/icon/most_user_rated.svg", "metadata": {"price": null, "wine_id": 4650412, "toplist": null, "ws_award": null, "critic_review_id": null, "ratings_average": 3.4, "ratings_count": 669, "vintage_year": "2018", "rank_type": null, "ranks": {"country": {"description": "Rank within France", "total": 2497604, "rank": 490419}, "region": {"description": "Rank within Wine Region", "total": 26380, "rank": 5453}, "winery": {"description": "Rank within Winery", "total": 786, "rank": 93}, "global": {"description": "Global Rank", "total": 8944670, "rank": 1766813}}, "style": {"id": 257, "seo_name": "jura-white", "regional_name": "Jura", "varietal_name": "White", "name": "Jura White", "image": null, "background_image": null, "description": "Made from the region's native grape, Savagnin, Jura whites tend to be low in alcohol with bright acidity, and offer up nutty, savory qualities and can be intensely spicy.\n\nThe typical Jura white is intentionally made in an oxidative style, in barrel under a thin film of yeast, slightly similar to how sherry is produced.\n\nLocated in eastern France, the Jura's climate is relatively cool, with most vines planted on south-facing slopes that benefit from direct sunshine.\n\nThere are also more fruit-forward styles of white produced in the Jura, often from Chardonnay and similar to white Burgundy, but fresher and lighter.", "blurb": null, "interesting_facts": ["The Jura is France's smallest wine-producing region.", "Most Jura producers practice organic or biodynamic winemaking.", "Vin Jaune, the region's ultimate expression of oxidative winemaking, requires six years and three months in barrel.", "Chateau-Chalon is said to make the best Vin Jaune, which is sold in a unique 620 ml bottle called a 'clavelin'."], "body": 3, "body_description": "Medium-bodied", "acidity": 3, "acidity_description": "High", "country": {"code": "fr", "name": "France", "native_name": "France", "seo_name": "france", "currency": {"code": "EUR", "name": "Euros", "prefix": "\u20ac", "suffix": null}, "regions_count": 1292, "users_count": 5068363, "wines_count": 542471, "wineries_count": 67002, "most_used_grapes": [{"id": 14, "name": "Pinot Noir", "seo_name": "pinot-noir", "has_detailed_info": true, "wines_count": 572334}, {"id": 10, "name": "Merlot", "seo_name": "merlot", "has_detailed_info": true, "wines_count": 566719}, {"id": 5, "name": "Chardonnay", "seo_name": "chardonnay", "has_detailed_info": true, "wines_count": 604208}]}, "wine_type_id": 2, "food": [{"id": 20, "name": "Poultry", "background_image": {"location": "//images.vivino.com/backgrounds/foods/20_chicken.png", "variations": {"small": "//images.vivino.com/backgrounds/foods/thumbs/20_chicken_932x810.png"}}, "seo_name": "poultry"}, {"id": 34, "name": "Mushrooms", "background_image": {"location": "//images.vivino.com/backgrounds/foods/34_mushrooms.png", "variations": {"small": "//images.vivino.com/backgrounds/foods/thumbs/34_mushrooms_932x810.png"}}, "seo_name": null}, {"id": 35, "name": "Mild and soft cheese", "background_image": {"location": "//images.vivino.com/backgrounds/foods/35_softcheese.png", "variations": {"small": "//images.vivino.com/backgrounds/foods/thumbs/35_softcheese_932x810.png"}}, "seo_name": null}], "grapes": [{"id": 5, "name": "Chardonnay", "seo_name": "chardonnay", "has_detailed_info": true, "wines_count": 604208}], "region": {"id": 767, "name": "Jura", "name_en": "", "seo_name": "jura", "country": {"code": "fr", "name": "France", "native_name": "France", "seo_name": "france", "currency": {"code": "EUR", "name": "Euros", "prefix": "\u20ac", "suffix": null}, "regions_count": 1292, "users_count": 5068363, "wines_count": 542471, "wineries_count": 67002, "most_used_grapes": [{"id": 14, "name": "Pinot Noir", "seo_name": "pinot-noir", "has_detailed_info": true, "wines_count": 572334}, {"id": 10, "name": "Merlot", "seo_name": "merlot", "has_detailed_info": true, "wines_count": 566719}, {"id": 5, "name": "Chardonnay", "seo_name": "chardonnay", "has_detailed_info": true, "wines_count": 604208}]}, "parent_id": null, "background_image": null, "statistics": {"wineries_count": 319, "wines_count": 2052, "sub_regions_count": 1, "parent_regions_count": 0}}}}, "vintage_year": 2018}, {"vintage_id": 161890538, "highlight_type": "top_ranked", "message": "Among top 6% of all wines in region", "icon": "https://images.vivino.com/highlights/icon/top_ranked.svg", "metadata": {"price": null, "wine_id": 4650412, "toplist": null, "ws_award": null, "critic_review_id": null, "ratings_average": 3.6, "ratings_count": 588, "vintage_year": "2019", "rank_type": "winery", "ranks": {"country": {"description": "Rank within France", "total": 2497604, "rank": 322073}, "region": {"description": "Rank within Wine Region", "total": 26380, "rank": 3655}, "winery": {"description": "Rank within Winery", "total": 786, "rank": 42}, "global": {"description": "Global Rank", "total": 8944670, "rank": 1160424}}, "style": {"id": 257, "seo_name": "jura-white", "regional_name": "Jura", "varietal_name": "White", "name": "Jura White", "image": null, "background_image": null, "description": "Made from the region's native grape, Savagnin, Jura whites tend to be low in alcohol with bright acidity, and offer up nutty, savory qualities and can be intensely spicy.\n\nThe typical Jura white is intentionally made in an oxidative style, in barrel under a thin film of yeast, slightly similar to how sherry is produced.\n\nLocated in eastern France, the Jura's climate is relatively cool, with most vines planted on south-facing slopes that benefit from direct sunshine.\n\nThere are also more fruit-forward styles of white produced in the Jura, often from Chardonnay and similar to white Burgundy, but fresher and lighter.", "blurb": null, "interesting_facts": ["The Jura is France's smallest wine-producing region.", "Most Jura producers practice organic or biodynamic winemaking.", "Vin Jaune, the region's ultimate expression of oxidative winemaking, requires six years and three months in barrel.", "Chateau-Chalon is said to make the best Vin Jaune, which is sold in a unique 620 ml bottle called a 'clavelin'."], "body": 3, "body_description": "Medium-bodied", "acidity": 3, "acidity_description": "High", "country": {"code": "fr", "name": "France", "native_name": "France", "seo_name": "france", "currency": {"code": "EUR", "name": "Euros", "prefix": "\u20ac", "suffix": null}, "regions_count": 1292, "users_count": 5068363, "wines_count": 542471, "wineries_count": 67002, "most_used_grapes": [{"id": 14, "name": "Pinot Noir", "seo_name": "pinot-noir", "has_detailed_info": true, "wines_count": 572334}, {"id": 10, "name": "Merlot", "seo_name": "merlot", "has_detailed_info": true, "wines_count": 566719}, {"id": 5, "name": "Chardonnay", "seo_name": "chardonnay", "has_detailed_info": true, "wines_count": 604208}]}, "wine_type_id": 2, "food": [{"id": 20, "name": "Poultry", "background_image": {"location": "//images.vivino.com/backgrounds/foods/20_chicken.png", "variations": {"small": "//images.vivino.com/backgrounds/foods/thumbs/20_chicken_932x810.png"}}, "seo_name": "poultry"}, {"id": 34, "name": "Mushrooms", "background_image": {"location": "//images.vivino.com/backgrounds/foods/34_mushrooms.png", "variations": {"small": "//images.vivino.com/backgrounds/foods/thumbs/34_mushrooms_932x810.png"}}, "seo_name": null}, {"id": 35, "name": "Mild and soft cheese", "background_image": {"location": "//images.vivino.com/backgrounds/foods/35_softcheese.png", "variations": {"small": "//images.vivino.com/backgrounds/foods/thumbs/35_softcheese_932x810.png"}}, "seo_name": null}], "grapes": [{"id": 5, "name": "Chardonnay", "seo_name": "chardonnay", "has_detailed_info": true, "wines_count": 604208}], "region": {"id": 767, "name": "Jura", "name_en": "", "seo_name": "jura", "country": {"code": "fr", "name": "France", "native_name": "France", "seo_name": "france", "currency": {"code": "EUR", "name": "Euros", "prefix": "\u20ac", "suffix": null}, "regions_count": 1292, "users_count": 5068363, "wines_count": 542471, "wineries_count": 67002, "most_used_grapes": [{"id": 14, "name": "Pinot Noir", "seo_name": "pinot-noir", "has_detailed_info": true, "wines_count": 572334}, {"id": 10, "name": "Merlot", "seo_name": "merlot", "has_detailed_info": true, "wines_count": 566719}, {"id": 5, "name": "Chardonnay", "seo_name": "chardonnay", "has_detailed_info": true, "wines_count": 604208}]}, "parent_id": null, "background_image": null, "statistics": {"wineries_count": 319, "wines_count": 2052, "sub_regions_count": 1, "parent_regions_count": 0}}}}, "vintage_year": 2019}], "recommended_vintages": [{"vintage": {"id": 157318849, "seo_name": "d-arbois-chardonnay-cotes-du-jura-2013", "name": "Ch\u00e2teau B\u00e9thanie Chardonnay C\u00f4tes du Jura 2013", "statistics": {"status": "Normal", "ratings_count": 20, "ratings_average": 4, "labels_count": 162, "reviews_count": 8}, "year": 2013, "grapes": null, "has_valid_ratings": true}, "type": "best_user_rated", "highlight_icon": "https://images.vivino.com/highlights/icon/best_user_rated.svg", "price": null}, {"vintage": {"id": 160380172, "seo_name": "d-arbois-chardonnay-cotes-du-jura-2018", "name": "Ch\u00e2teau B\u00e9thanie Chardonnay C\u00f4tes du Jura 2018", "statistics": {"status": "Normal", "ratings_count": 669, "ratings_average": 3.4, "labels_count": 4373, "reviews_count": 235}, "year": 2018, "grapes": null, "has_valid_ratings": true}, "type": "most_user_rated", "highlight_icon": "https://images.vivino.com/highlights/icon/most_user_rated.svg", "price": null}, {"vintage": {"id": 161890538, "seo_name": "d-arbois-chardonnay-cotes-du-jura-2019", "name": "Ch\u00e2teau B\u00e9thanie Chardonnay C\u00f4tes du Jura 2019", "statistics": {"status": "Normal", "ratings_count": 588, "ratings_average": 3.6, "labels_count": 3036, "reviews_count": 230}, "year": 2019, "grapes": null, "has_valid_ratings": true}, "type": "top_ranked", "highlight_icon": "https://images.vivino.com/highlights/icon/top_ranked.svg", "price": null}], "prices_and_availabilities": [], "price_range": {"currency": {"code": "EUR", "name": "Euros", "prefix": "\u20ac", "suffix": null}, "price_range": {"minimum": 0, "maximum": 500, "currency_code": "EUR"}, "defaults": {"minimum": 7, "maximum": 30, "currency_code": "EUR"}}, "subtotal_price": null}